GeoFIPS,GeoName,Region,TableName,LineCode,IndustryClassification,Description,Unit,2001,2002,2003,2004,2005,2006,2007,2008,2009,2010,2011,2012,2013,2014,2015,2016,2017,2018,2019,2020,2021,2022
 "32000","Nevada",8,CAGDP2,1,"...","All industry total ","Thousands of dollars",80968626,85540988,91365029,104132046,117165142,126613448,132045444,130570872,122471236,125149048,128638377,130238235,133592513,136918418,145786826,153317988,163199058,172547939,184343890,175982032,200127299,222938572
 "32000","Nevada",8,CAGDP2,2,"..."," Private industries ","Thousands of dollars",72567401,76652633,81561064,93403897,105854381,114399932,118938199,116759066,108249665,110405729,113954929,115576418,118548358,121360963,129440358,136233473,145653316,154417405,165205618,156356238,179685107,201410048
 "32000","Nevada",8,CAGDP2,3,"11","  Agriculture, forestry, fishing and hunting ","Thousands of dollars",211212,180010,191102,243529,248774,260937,222406,288006,264829,284217,369260,292881,294438,384099,304413,250671,285115,286807,341236,289083,424451,264492
 "32000","Nevada",8,CAGDP2,6,"21","  Mining, quarrying, and oil and gas extraction ","Thousands of dollars",1252793,1325167,1478384,1812451,2128926,3277439,3455420,4077911,3898223,5195284,6440310,5735174,4430037,3415694,2606063,2946388,4027741,3464329,3616393,4674107,5167093,4620146
 "32000","Nevada",8,CAGDP2,10,"22","  Utilities ","Thousands of dollars",1500635,1559358,1626841,1872667,1738896,2052534,2087186,2131439,2387978,2413723,2304448,2286454,2346125,2457718,2502457,2398023,2383429,2329621,2479089,2462807,2671794,3518750
 "32000","Nevada",8,CAGDP2,11,"23","  Construction ","Thousands of dollars",6592871,6648914,7555300,9727967,12479920,13417302,13217284,10729677,9124277,7602115,6797026,5250790,5321693,6130793,7531228,8814378,10717362,11954799,13915310,15044545,16069362,17894902
 "32000","Nevada",8,CAGDP2,12,"31-33","  Manufacturing ","Thousands of dollars",2869659,3156207,3418163,4515020,5035800,5304594,6172858,6167057,5476172,5135982,5300971,6018394,6147579,6072122,5799214,5978108,7080999,7478911,7828748,7865510,8615986,9985044
 "32000","Nevada",8,CAGDP2,13,"321,327-339","   Durable goods manufacturing ","Thousands of dollars",1647086,1991640,2204408,3239410,3749659,3845546,4695207,4757568,4013935,3771403,3966358,4677817,4658165,4406572,4121826,4144693,5087838,5347416,5646728,5743891,6224454,7091170
 "32000","Nevada",8,CAGDP2,25,"311-316,322-326","   Nondurable goods manufacturing ","Thousands of dollars",1222573,1164567,1213755,1275610,1286141,1459048,1477651,1409489,1462238,1364579,1334613,1340577,1489414,1665551,1677387,1833415,1993161,2131494,2182019,2121619,2391533,2893874
 "32000","Nevada",8,CAGDP2,34,"42","  Wholesale trade ","Thousands of dollars",3486679,3554117,3671701,4239042,4804858,5074489,5246476,5348173,4810580,4765757,4932094,5261502,5412584,5733520,6055346,6358670,6999035,7579514,7999330,8060995,8623759,9441439
 "32000","Nevada",8,CAGDP2,35,"44-45","  Retail trade ","Thousands of dollars",6345968,6652639,6736244,7448252,8702673,9016683,8858070,8357401,7646902,7877940,8292713,8630966,9273270,9803659,10384379,11240885,11811519,12537534,13388339,13938065,15626629,16527767
 "32000","Nevada",8,CAGDP2,36,"48-49","  Transportation and warehousing ","Thousands of dollars",2396224,2644149,2754159,3518293,3917065,4236393,4301390,4530782,4631899,5335309,5296245,5611172,5612028,6125353,6779112,7051452,7430445,7580618,8038049,6068483,8717245,10914116
 "32000","Nevada",8,CAGDP2,45,"51","  Information ","Thousands of dollars",2200533,2336739,2326288,2569313,2930033,2805110,2934169,2958193,3194077,3419841,3386211,3280438,3060258,3621055,3762385,4260076,4194334,4528326,5297216,4858554,6169593,6141674
 "32000","Nevada",8,CAGDP2,50,"52,53","  Finance, insurance, real estate, rental, and leasing ","Thousands of dollars",16256285,17708340,18945574,20304618,23012860,25634432,27313950,27406339,25308739,25109345,25904558,26395626,27494595,26933824,29748508,30272393,31854607,34741027,36764472,38907654,42388238,45271798
 "32000","Nevada",8,CAGDP2,51,"52","   Finance and insurance ","Thousands of dollars",5163988,5965083,6067408,6195898,7180706,6737740,6420159,5827736,5497436,5627513,5928991,6710584,6306226,6480283,7487756,8297794,8383854,9353466,10256284,11834164,13078047,13320533
 "32000","Nevada",8,CAGDP2,56,"53","   Real estate and rental and leasing ","Thousands of dollars",11092297,11743258,12878166,14108720,15832154,18896691,20893790,21578602,19811303,19481832,19975567,19685041,21188369,20453542,22260752,21974599,23470753,25387561,26508189,27073490,29310191,31951265
 "32000","Nevada",8,CAGDP2,59,"54,55,56","  Professional and business services ","Thousands of dollars",7274060,7729007,8753081,10349756,11683258,12459718,13423433,13485955,12191858,12601136,12918956,13613471,13891358,14299315,15113620,16420591,17375454,18874882,19470765,18895141,22171971,25299368
 "32000","Nevada",8,CAGDP2,60,"54","   Professional, scientific, and technical services ","Thousands of dollars",3745483,4215968,4703901,5318792,5839416,6264284,6433805,6763262,6164049,6201094,6362968,6545108,6548019,6571980,6928171,7222986,7786152,8143911,8704032,8679647,9989023,11132880
 "32000","Nevada",8,CAGDP2,64,"55","   Management of companies and enterprises ","Thousands of dollars",1071284,1048839,1388726,2022222,2449750,2488125,3273353,2917800,2536517,2740156,2749640,3113983,3325200,3409752,3509439,4205528,4222667,4896738,4635877,4516635,5646879,6311681
 "32000","Nevada",8,CAGDP2,65,"56","   Administrative and support and waste management and remediation services ","Thousands of dollars",2457292,2464200,2660455,3008742,3394092,3707309,3716275,3804894,3491292,3659887,3806348,3954380,4018139,4317584,4676010,4992077,5366635,5834233,6130856,5698859,6536069,7854807
 "32000","Nevada",8,CAGDP2,68,"61,62","  Educational services, health care, and social assistance ","Thousands of dollars",3846005,4196947,4549007,5011711,5409737,5848477,6323246,6994964,7434624,7704833,7826383,8129041,8333814,8808447,9413658,10138507,10773790,11422617,12244991,12292112,13482071,14607136
 "32000","Nevada",8,CAGDP2,69,"61","   Educational services ","Thousands of dollars",173622,196629,223109,272878,320623,363554,425390,504329,594353,699290,718999,735225,751136,776105,747709,788442,806155,929433,1011002,963265,1130163,1261636
 "32000","Nevada",8,CAGDP2,70,"62","   Health care and social assistance ","Thousands of dollars",3672383,4000318,4325898,4738833,5089114,5484923,5897856,6490635,6840271,7005543,7107384,7393816,7582678,8032343,8665949,9350065,9967636,10493184,11233990,11328847,12351908,13345500
 "32000","Nevada",8,CAGDP2,75,"71,72","  Arts, entertainment, recreation, accommodation, and food services ","Thousands of dollars",16718112,17226411,17804849,19834853,21624637,22764312,23142942,22065421,19740552,20801305,21998822,22773118,24555736,25010212,26756218,27259912,27703953,28431092,30451455,19927583,26155540,32803384
 "32000","Nevada",8,CAGDP2,76,"71","   Arts, entertainment, and recreation ","Thousands of dollars",2950503,2980628,3444486,3808585,3694747,4010083,4168904,3818414,3364729,3816711,4269658,4896003,5104558,4306676,4229239,4865544,4513084,4683374,5604102,4165766,4951067,5808869
 "32000","Nevada",8,CAGDP2,79,"72","   Accommodation and food services ","Thousands of dollars",13767609,14245783,14360363,16026268,17929890,18754228,18974038,18247008,16375823,16984594,17729165,17877115,19451178,20703536,22526979,22394368,23190869,23747718,24847353,15761817,21204472,26994515
 "32000","Nevada",8,CAGDP2,82,"81","  Other services (except government and government enterprises) ","Thousands of dollars",1616364,1734626,1750373,1956425,2136943,2247512,2239371,2217747,2138953,2158940,2186931,2297393,2374843,2565152,2683757,2843420,3015533,3207329,3370226,3071600,3401374,4120031
 "32000","Nevada",8,CAGDP2,83,"92","Government and government enterprises ","Thousands of dollars",8401226,8888355,9803964,10728149,11310761,12213516,13107244,13811806,14221571,14743320,14683448,14661817,15044154,15557455,16346468,17084515,17545742,18130534,19138272,19625794,20442192,21528524
 "32000","Nevada",8,CAGDP2,87,"11,21","Natural resources and mining ","Thousands of dollars",1464006,1505177,1669486,2055980,2377701,3538376,3677827,4365917,4163053,5479501,6809570,6028055,4724475,3799792,2910477,3197059,4312856,3751137,3957628,4963190,5591544,4884638
 "32000","Nevada",8,CAGDP2,88,"42,44-45","Trade ","Thousands of dollars",9832647,10206756,10407945,11687294,13507531,14091172,14104546,13705574,12457482,12643697,13224807,13892468,14685855,15537178,16439725,17599555,18810554,20117047,21387669,21999060,24250388,25969206
 "32000","Nevada",8,CAGDP2,89,"22,48-49","Transportation and utilities ","Thousands of dollars",3896859,4203507,4381000,5390960,5655961,6288927,6388576,6662221,7019878,7749032,7600693,7897626,7958153,8583071,9281569,9449475,9813874,9910239,10517138,8531290,11389039,14432866
 "32000","Nevada",8,CAGDP2,90,"31-33,51","Manufacturing and information ","Thousands of dollars",5070192,5492946,5744450,7084333,7965833,8109704,9107026,9125250,8670249,8555823,8687182,9298832,9207837,9693178,9561598,10238184,11275333,12007236,13125964,12724064,14785579,16126718
 "32000","Nevada",8,CAGDP2,91,"...","Private goods-producing industries 2/","Thousands of dollars",10926536,11310298,12642949,16298967,19893420,22260271,23067968,21262651,18763503,18217598,18907568,17297239,16193748,16002708,16240918,17989544,22111217,23184846,25701686,27873245,30276892,32764584
 "32000","Nevada",8,CAGDP2,92,"...","Private services-providing industries 3/","Thousands of dollars",61640865,65342335,68918116,77104930,85960962,92139660,95870231,95496415,89486162,92188130,95047361,98279179,102354610,105358255,113199440,118243929,123542099,131232559,139503932,128482992,149408215,168645464
 "32001","Churchill, NV",8,CAGDP2,1,"...","All industry total ","Thousands of dollars",638002,641415,659200,724081,777622,798252,809810,829257,792148,830458,869539,856686,875988,922109,931247,966960,1071321,1104984,1182961,1218174,1357480,1422197
 "32001","Churchill, NV",8,CAGDP2,2,"..."," Private industries ","Thousands of dollars",458079,454187,457878,506854,564845,580926,588659,599089,562144,589931,625173,618793,644848,692375,696810,703734,783279,826914,889866,891347,988076,1050966
 "32001","Churchill, NV",8,CAGDP2,3,"11","  Agriculture, forestry, fishing and hunting ","Thousands of dollars",9840,5266,3052,17153,18279,5815,9183,26480,7761,11224,23000,5679,(D),46068,30884,(D),(D),(D),(D),67121,74037,35309
 "32001","Churchill, NV",8,CAGDP2,6,"21","  Mining, quarrying, and oil and gas extraction ","Thousands of dollars",1117,1331,1477,1929,1465,1876,2116,1828,1793,2837,15487,2653,3396,3099,2164,3015,3537,3669,3819,2670,6632,5639
 "32001","Churchill, NV",8,CAGDP2,10,"22","  Utilities ","Thousands of dollars",28056,29615,30557,36781,33818,45094,44355,37726,42635,59939,61029,54641,(D),64636,60869,(D),(D),(D),(D),68020,74203,86149
 "32001","Churchill, NV",8,CAGDP2,11,"23","  Construction ","Thousands of dollars",29036,31570,37315,55779,69738,64660,56017,56066,44622,31008,33377,54699,56343,51271,57948,63588,60220,79648,87061,99654,95395,120586
 "32001","Churchill, NV",8,CAGDP2,12,"31-33","  Manufacturing ","Thousands of dollars",36064,34022,31755,36697,43733,49072,50884,42669,30167,25041,30591,44460,45827,53927,53117,57704,65695,76177,91286,92908,113682,121754
 "32001","Churchill, NV",8,CAGDP2,13,"321,327-339","   Durable goods manufacturing ","Thousands of dollars",(D),(D),(D),(D),(D),45543,47457,38761,(D),(D),(D),(D),34489,38000,41291,47228,50909,53594,58548,63014,78471,89305
 "32001","Churchill, NV",8,CAGDP2,25,"311-316,322-326","   Nondurable goods manufacturing ","Thousands of dollars",(D),(D),(D),(D),(D),3529,3427,3907,(D),(D),(D),(D),11337,15927,11827,10476,14787,22583,32737,29893,35212,32449
 "32001","Churchill, NV",8,CAGDP2,34,"42","  Wholesale trade ","Thousands of dollars",15621,16113,21654,14444,16208,17233,16113,15043,13035,12407,12908,13268,16439,18368,21469,22651,25406,26137,25555,26649,22875,24300
 "32001","Churchill, NV",8,CAGDP2,35,"44-45","  Retail trade ","Thousands of dollars",46891,47717,47879,51027,58899,59718,61046,57588,61933,57327,50626,48492,51276,55682,58762,63987,66918,70944,73315,77824,87092,90420
 "32001","Churchill, NV",8,CAGDP2,36,"48-49","  Transportation and warehousing ","Thousands of dollars",18664,20717,26827,40785,49368,49687,61481,66528,67906,79316,87867,87893,90522,76436,76701,79651,86607,86870,83693,86744,98815,112181
 "32001","Churchill, NV",8,CAGDP2,45,"51","  Information ","Thousands of dollars",3852,7240,8625,9178,9537,10016,11483,11177,10969,12906,13701,16520,15408,17774,14577,13368,10660,9937,11498,13109,18374,20068
 "32001","Churchill, NV",8,CAGDP2,50,"52,53","  Finance, insurance, real estate, rental, and leasing ","Thousands of dollars",117967,117569,101866,89743,98427,106757,116345,117747,118404,127889,135504,126130,128845,133915,147094,135263,140066,146168,159553,161333,165584,177174
 "32001","Churchill, NV",8,CAGDP2,51,"52","   Finance and insurance ","Thousands of dollars",56226,53254,37224,19219,24106,18645,17624,15768,16530,20007,17415,16213,13759,15827,19782,21363,22655,22344,33671,29927,36568,39935
 "32001","Churchill, NV",8,CAGDP2,56,"53","   Real estate and rental and leasing ","Thousands of dollars",61741,64314,64642,70524,74321,88112,98721,101980,101874,107882,118089,109917,115087,118089,127311,113900,117412,123824,125882,131406,129016,137239
 "32001","Churchill, NV",8,CAGDP2,59,"54,55,56","  Professional and business services ","Thousands of dollars",72078,64145,67661,64687,65222,62306,45980,51618,47386,46480,47627,49097,(D),46436,47003,(D),(D),(D),(D),57431,68072,82375
 "32001","Churchill, NV",8,CAGDP2,60,"54","   Professional, scientific, and technical services ","Thousands of dollars",(D),13629,14967,(D),(D),(D),17131,17521,19186,16793,17270,16499,17088,(D),(D),20474,22203,24444,22950,26239,32886,40107
 "32001","Churchill, NV",8,CAGDP2,64,"55","   Management of companies and enterprises ","Thousands of dollars",(D),297,215,(D),(D),(D),513,1179,260,318,483,610,(D),(D),(D),(D),(D),(D),(D),762,921,928
 "32001","Churchill, NV",8,CAGDP2,65,"56","   Administrative and support and waste management and remediation services ","Thousands of dollars",58507,50219,52479,47425,45679,43916,28336,32918,27940,29370,29873,31988,28978,28493,27792,27537,29689,32174,30474,30431,34265,41339
 "32001","Churchill, NV",8,CAGDP2,68,"61,62","  Educational services, health care, and social assistance ","Thousands of dollars",33063,32735,35472,40256,48331,50918,54080,60335,61363,57912,54257,54402,55588,58048,60250,64699,66231,69022,72809,75345,78810,84045
 "32001","Churchill, NV",8,CAGDP2,69,"61","   Educational services ","Thousands of dollars",(D),(D),(D),(D),2196,(D),(D),(D),3366,3240,2891,2703,2840,2985,3130,3422,3930,4488,4875,(D),(D),(D)
 "32001","Churchill, NV",8,CAGDP2,70,"62","   Health care and social assistance ","Thousands of dollars",(D),(D),(D),(D),46135,(D),(D),(D),57998,54672,51366,51699,52748,55063,57119,61277,62301,64534,67934,(D),(D),(D)
 "32001","Churchill, NV",8,CAGDP2,75,"71,72","  Arts, entertainment, recreation, accommodation, and food services ","Thousands of dollars",35631,34972,32744,36545,38605,43511,45284,39946,39575,49735,44640,45261,48775,50431,50755,52666,54250,54476,57381,46134,67357,71115
 "32001","Churchill, NV",8,CAGDP2,76,"71","   Arts, entertainment, and recreation ","Thousands of dollars",21805,19386,18506,21786,23887,26377,26816,22640,22512,31224,25987,26051,27535,26716,24659,25215,26243,23999,23526,18474,28014,24030
 "32001","Churchill, NV",8,CAGDP2,79,"72","   Accommodation and food services ","Thousands of dollars",13825,15587,14238,14759,14717,17134,18468,17307,17064,18512,18653,19210,21240,23715,26096,27451,28007,30477,33855,27660,39344,47085
 "32001","Churchill, NV",8,CAGDP2,82,"81","  Other services (except government and government enterprises) ","Thousands of dollars",10200,11177,10996,11848,13215,14261,14292,14338,14593,15910,14558,15598,15356,16286,15218,16753,15665,16546,16904,16404,17147,19851
 "32001","Churchill, NV",8,CAGDP2,83,"92","Government and government enterprises ","Thousands of dollars",179923,187228,201322,217228,212777,217326,221151,230168,230004,240527,244365,237893,231140,229734,234437,263226,288043,278071,293095,326828,369404,371231
 "32001","Churchill, NV",8,CAGDP2,87,"11,21","Natural resources and mining ","Thousands of dollars",10957,6597,4529,19082,19744,7691,11299,28308,9555,14061,38487,8332,(D),49167,33047,(D),(D),(D),(D),69791,80669,40948
 "32001","Churchill, NV",8,CAGDP2,88,"42,44-45","Trade ","Thousands of dollars",62512,63830,69532,65471,75107,76952,77159,72631,74968,69734,63534,61760,67716,74049,80231,86638,92324,97081,98871,104474,109967,114720
 "32001","Churchill, NV",8,CAGDP2,89,"22,48-49","Transportation and utilities ","Thousands of dollars",46721,50332,57384,77566,83187,94781,105836,104254,110541,139255,148896,142535,(D),141072,137570,(D),(D),(D),(D),154764,173018,198330
 "32001","Churchill, NV",8,CAGDP2,90,"31-33,51","Manufacturing and information ","Thousands of dollars",39916,41261,40380,45875,53270,59088,62366,53846,41136,37947,44292,60980,61235,71700,67694,71072,76355,86114,102783,106016,132056,141822
 "32001","Churchill, NV",8,CAGDP2,91,"...","Private goods-producing industries 2/","Thousands of dollars",76056,72188,73598,111557,133215,121423,118200,127043,84344,70110,102456,107490,(D),154364,144113,(D),(D),(D),(D),262353,289746,283288
 "32001","Churchill, NV",8,CAGDP2,92,"...","Private services-providing industries 3/","Thousands of dollars",382023,381999,384280,395296,431630,459503,470459,472046,477800,519821,522717,511302,(D),538011,552697,(D),(D),(D),(D),628994,698329,767678
 "32003","Clark, NV",8,CAGDP2,1,"...","All industry total ","Thousands of dollars",56502133,60274327,64786759,74622635,85105077,92117801,96503061,94768158,87479422,87185993,89714650,90817158,94682035,98126038,105276923,110729420,116332382,125512670,134303884,124127270,141958382,160727901
 "32003","Clark, NV",8,CAGDP2,2,"..."," Private industries ","Thousands of dollars",51292563,54722782,58577006,67811749,77806855,84178701,87875626,85584703,77969288,77290822,79844235,80863470,84524681,87598798,94268217,99182018,104417367,113152159,121198293,110706658,127930964,145816417
 "32003","Clark, NV",8,CAGDP2,3,"11","  Agriculture, forestry, fishing and hunting ","Thousands of dollars",5498,7587,3221,1333,1311,8052,5624,18238,18583,13468,14712,15684,16426,14207,10899,14462,11254,14738,7403,8488,11524,13704
 "32003","Clark, NV",8,CAGDP2,6,"21","  Mining, quarrying, and oil and gas extraction ","Thousands of dollars",46506,35038,39588,52714,56014,79985,93117,87091,65089,68773,65305,64550,54887,55648,41240,44299,90997,78578,88014,105110,99361,105228
 "32003","Clark, NV",8,CAGDP2,10,"22","  Utilities ","Thousands of dollars",1066616,1187855,1209658,1403788,1381971,1569442,1567840,1538099,1704231,1678540,1649006,1635131,1626586,1629881,1790246,1700860,1683706,1579016,1650439,1686373,1788759,2273131
 "32003","Clark, NV",8,CAGDP2,11,"23","  Construction ","Thousands of dollars",4945482,5008277,5735171,7401252,9611412,10487909,10531460,8947292,7384622,5738223,4703210,3631499,3713730,4132279,4724527,5818686,6959647,8294690,10075729,10725902,11449295,12914006
 "32003","Clark, NV",8,CAGDP2,12,"31-33","  Manufacturing ","Thousands of dollars",1346752,1557824,1717128,2394394,2760314,2872325,3279443,3233767,2939514,2753531,2876556,3432001,3337572,3200255,3044042,3113136,3439708,3554972,3567998,3385479,3526570,4255382
 "32003","Clark, NV",8,CAGDP2,13,"321,327-339","   Durable goods manufacturing ","Thousands of dollars",679785,929773,1066914,1701246,2030343,2034848,2444044,2450107,2114261,1975737,2108248,2675634,2505220,2276014,2097664,2107187,2362382,2429203,2436710,2294014,2310725,2761500
 "32003","Clark, NV",8,CAGDP2,25,"311-316,322-326","   Nondurable goods manufacturing ","Thousands of dollars",666968,628051,650214,693148,729971,837477,835399,783660,825253,777793,768308,756367,832352,924240,946378,1005949,1077327,1125770,1131287,1091466,1215844,1493882
 "32003","Clark, NV",8,CAGDP2,34,"42","  Wholesale trade ","Thousands of dollars",2177907,2244584,2346893,2800643,3183322,3398662,3513789,3615817,3253597,3246536,3348411,3579291,3631433,3835305,4014783,4160895,4583739,4977781,5291491,5342185,5750679,6311797
 "32003","Clark, NV",8,CAGDP2,35,"44-45","  Retail trade ","Thousands of dollars",4300841,4541351,4731703,5338429,6284226,6578664,6478491,6077620,5220846,5478604,6076977,6462855,6924499,7309866,7786597,8427406,8816838,9348512,9995401,10337328,11627255,12318994
 "32003","Clark, NV",8,CAGDP2,36,"48-49","  Transportation and warehousing ","Thousands of dollars",1706631,1913984,1953111,2572552,2879435,3086179,3105423,3311341,3459867,4058364,3905162,4212290,4220778,4708388,5190667,5322549,5537713,5617491,5978231,3911472,6201916,8058275
 "32003","Clark, NV",8,CAGDP2,45,"51","  Information ","Thousands of dollars",1747499,1831550,1791888,1943507,2191811,2124013,2149978,2291731,2413877,2395881,2472689,2503923,2350712,2850858,2948850,3369830,3291288,3569876,4205222,3750629,4788481,4684068
 "32003","Clark, NV",8,CAGDP2,50,"52,53","  Finance, insurance, real estate, rental, and leasing ","Thousands of dollars",12013052,13292164,14330021,15376382,17620434,19898245,21430851,21152855,19205121,18530110,19408173,18253532,19506019,19629883,21583051,21822098,23026672,26792908,28062522,29416654,31878852,33922691
 "32003","Clark, NV",8,CAGDP2,51,"52","   Finance and insurance ","Thousands of dollars",4080254,4793253,4845215,4911770,5666706,5558737,5336294,4702591,4288251,4018122,4469720,3472053,3329951,3600555,4311810,4892905,4991859,7497310,8128690,9058363,9901576,10121692
 "32003","Clark, NV",8,CAGDP2,56,"53","   Real estate and rental and leasing ","Thousands of dollars",7932798,8498911,9484806,10464613,11953728,14339508,16094557,16450264,14916870,14511988,14938453,14781479,16176068,16029329,17271241,16929192,18034813,19295598,19933832,20358291,21977276,23800999
 "32003","Clark, NV",8,CAGDP2,59,"54,55,56","  Professional and business services ","Thousands of dollars",5168236,5544266,6334331,7687939,8605334,9274269,10171932,10066343,9004253,9294915,9511965,10060612,10314586,10554260,11243041,12379994,13012684,14139128,14494492,13877399,16413433,18884002
 "32003","Clark, NV",8,CAGDP2,60,"54","   Professional, scientific, and technical services ","Thousands of dollars",2541267,2895862,3228867,3732616,4101518,4428330,4592925,4854089,4422207,4444162,4533535,4615946,4621990,4599014,4841220,5056771,5445247,5651290,6046652,6078623,7085924,7939697
 "32003","Clark, NV",8,CAGDP2,64,"55","   Management of companies and enterprises ","Thousands of dollars",767330,782127,1079451,1651446,1925848,2010421,2735875,2323893,1957002,2130022,2148303,2454417,2655434,2688499,2839482,3525323,3515856,4101989,3816041,3632052,4545011,5121381
 "32003","Clark, NV",8,CAGDP2,65,"56","   Administrative and support and waste management and remediation services ","Thousands of dollars",1859639,1866277,2026014,2303876,2577967,2835518,2843132,2888362,2625044,2720731,2830127,2990250,3037163,3266747,3562339,3797900,4051582,4385848,4631800,4166724,4782498,5822923
 "32003","Clark, NV",8,CAGDP2,68,"61,62","  Educational services, health care, and social assistance ","Thousands of dollars",2495012,2727690,2967113,3322419,3644500,3993744,4320955,4783113,5116987,5295349,5403610,5645284,5832661,6207619,6713502,7254287,7790566,8284987,8956217,8975384,9919305,10787567
 "32003","Clark, NV",8,CAGDP2,69,"61","   Educational services ","Thousands of dollars",118834,137054,158914,204597,237424,264075,295808,344475,406806,465197,460148,464528,482790,516318,531091,581905,616672,719414,789698,751667,881444,993557
 "32003","Clark, NV",8,CAGDP2,70,"62","   Health care and social assistance ","Thousands of dollars",2376178,2590637,2808198,3117823,3407077,3729669,4025147,4438638,4710181,4830152,4943462,5180756,5349871,5691301,6182411,6672383,7173893,7565572,8166519,8223717,9037861,9794011
 "32003","Clark, NV",8,CAGDP2,75,"71,72","  Arts, entertainment, recreation, accommodation, and food services ","Thousands of dollars",13182494,13659343,14207909,16125702,18077781,19233381,19655851,18888705,16686595,17214053,18836367,19707147,21276880,21616093,23220930,23652799,23968371,24573796,26392654,16980116,22005510,28270578
 "32003","Clark, NV",8,CAGDP2,76,"71","   Arts, entertainment, and recreation ","Thousands of dollars",1655916,1705748,2102679,2508037,2633021,3032415,3282717,2987105,2374468,2288747,3200477,3911203,4065777,3283661,3288445,3935960,3548620,3737729,4581009,3385012,3645889,4679937
 "32003","Clark, NV",8,CAGDP2,79,"72","   Accommodation and food services ","Thousands of dollars",11526578,11953595,12105230,13617665,15444760,16200966,16373134,15901600,14312127,14925307,15635890,15795944,17211104,18332432,19932485,19716839,20419751,20836067,21811645,13595103,18359620,23590641
 "32003","Clark, NV",8,CAGDP2,82,"81","  Other services (except government and government enterprises) ","Thousands of dollars",1090036,1171268,1209272,1390695,1508990,1573831,1570871,1572690,1496105,1524476,1572092,1659670,1717912,1854256,1955842,2100717,2204185,2325685,2432480,2204139,2470025,3016992
 "32003","Clark, NV",8,CAGDP2,83,"92","Government and government enterprises ","Thousands of dollars",5209570,5551545,6209753,6810886,7298222,7939100,8627436,9183456,9510134,9895171,9870414,9953688,10157354,10527240,11008706,11547402,11915015,12360511,13105591,13420612,14027418,14911484
 "32003","Clark, NV",8,CAGDP2,87,"11,21","Natural resources and mining ","Thousands of dollars",52005,42626,42809,54047,57326,88037,98741,105330,83671,82241,80017,80234,71313,69855,52139,58760,102251,93316,95417,113597,110885,118932
 "32003","Clark, NV",8,CAGDP2,88,"42,44-45","Trade ","Thousands of dollars",6478748,6785935,7078595,8139072,9467548,9977326,9992280,9693437,8474444,8725140,9425388,10042146,10555932,11145171,11801380,12588301,13400577,14326293,15286892,15679514,17377933,18630791
 "32003","Clark, NV",8,CAGDP2,89,"22,48-49","Transportation and utilities ","Thousands of dollars",2773248,3101839,3162769,3976340,4261406,4655622,4673263,4849440,5164097,5736904,5554168,5847421,5847364,6338269,6980913,7023409,7221419,7196507,7628670,5597845,7990676,10331407
 "32003","Clark, NV",8,CAGDP2,90,"31-33,51","Manufacturing and information ","Thousands of dollars",3094251,3389375,3509016,4337901,4952124,4996337,5429421,5525498,5353392,5149412,5349245,5935924,5688285,6051113,5992892,6482966,6730996,7124849,7773220,7136108,8315050,8939450
 "32003","Clark, NV",8,CAGDP2,91,"...","Private goods-producing industries 2/","Thousands of dollars",6344239,6608727,7495107,9849693,12429052,13448271,13909643,12286388,10407808,8573994,7659783,7143735,7122615,7402388,7820708,8990583,10501605,11942978,13739144,14224979,15086750,17288320
 "32003","Clark, NV",8,CAGDP2,92,"...","Private services-providing industries 3/","Thousands of dollars",44948324,48114056,51081899,57962056,65377804,70730430,73965982,73298314,67561480,68716828,72184452,73719735,77402067,80196410,86447509,90191436,93915762,101209180,107459149,96481679,112844214,128528096
 "32005","Douglas, NV",8,CAGDP2,1,"...","All industry total ","Thousands of dollars",1450169,1543588,1628131,1787072,1930389,1965124,2038099,1968070,1891204,2015493,2006196,2039846,2248268,2351069,2423162,2395367,2558347,2555055,2662040,2638178,3097901,3237013
 "32005","Douglas, NV",8,CAGDP2,2,"..."," Private industries ","Thousands of dollars",1337971,1426415,1499076,1648594,1785475,1812906,1879061,1797413,1715992,1831019,1823767,1861297,2063454,2154996,2220118,2183655,2345185,2332161,2432233,2398352,2851254,2984611
 "32005","Douglas, NV",8,CAGDP2,3,"11","  Agriculture, forestry, fishing and hunting ","Thousands of dollars",2660,7999,6867,4506,4741,5894,14401,5346,8282,4627,2045,10496,8682,2204,1280,2875,1325,2936,(D),1028,1321,1416
 "32005","Douglas, NV",8,CAGDP2,6,"21","  Mining, quarrying, and oil and gas extraction ","Thousands of dollars",8285,9263,10002,10805,13454,17426,14376,11774,8618,7341,8397,5263,5618,4981,4532,5895,8094,6877,(D),8720,(D),(D)
 "32005","Douglas, NV",8,CAGDP2,10,"22","  Utilities ","Thousands of dollars",1643,1928,2211,2005,1844,2346,2131,2438,2152,2237,2114,1948,1656,1950,2065,2559,2337,2386,2585,2683,(D),(D)
 "32005","Douglas, NV",8,CAGDP2,11,"23","  Construction ","Thousands of dollars",136819,154104,177341,183827,195322,185958,166831,117138,104595,80128,87372,94730,102800,147417,209243,233467,249427,229586,176366,261142,304852,205159
 "32005","Douglas, NV",8,CAGDP2,12,"31-33","  Manufacturing ","Thousands of dollars",90598,115523,122447,127324,142565,148341,204328,235856,255910,313959,301554,261454,326577,325699,256846,228869,329259,208006,254704,279534,268173,305565
 "32005","Douglas, NV",8,CAGDP2,13,"321,327-339","   Durable goods manufacturing ","Thousands of dollars",73092,95130,98227,96660,112273,106165,141042,163430,179808,256491,251060,216154,286177,282427,212577,171400,258835,120722,136246,199299,188680,214004
 "32005","Douglas, NV",8,CAGDP2,25,"311-316,322-326","   Nondurable goods manufacturing ","Thousands of dollars",17506,20393,24220,30664,30293,42176,63286,72426,76102,57468,50495,45300,40400,43272,44269,57470,70425,87284,118458,80235,79493,91561
 "32005","Douglas, NV",8,CAGDP2,34,"42","  Wholesale trade ","Thousands of dollars",31723,32994,37940,38809,44824,45031,45424,46062,41389,40448,45964,46773,52831,50551,62888,65209,61075,62397,59738,66610,71078,81584
 "32005","Douglas, NV",8,CAGDP2,35,"44-45","  Retail trade ","Thousands of dollars",76730,79695,90138,103063,124092,122687,121375,120559,118680,120123,118006,116128,124334,129439,132028,140251,145771,157256,161449,173380,193729,207039
 "32005","Douglas, NV",8,CAGDP2,36,"48-49","  Transportation and warehousing ","Thousands of dollars",8595,8906,10263,16014,10520,10922,11851,15389,13246,16196,13364,7752,20302,15072,25905,23563,27648,32066,34913,41929,36877,47869
 "32005","Douglas, NV",8,CAGDP2,45,"51","  Information ","Thousands of dollars",22084,28091,30325,42529,54622,51457,44938,41410,46318,52454,44494,44364,48383,52529,66121,81810,90291,90166,109690,95568,106592,108485
 "32005","Douglas, NV",8,CAGDP2,50,"52,53","  Finance, insurance, real estate, rental, and leasing ","Thousands of dollars",268086,288001,316660,377678,437473,434581,422896,416609,424515,489705,488076,554873,595643,598903,610486,574108,588392,640266,652499,636415,823302,869168
 "32005","Douglas, NV",8,CAGDP2,51,"52","   Finance and insurance ","Thousands of dollars",55394,64085,64773,62932,104175,75296,61172,47670,44471,61952,46333,50659,48138,56632,69765,70000,67862,75021,91042,116326,217794,205778
 "32005","Douglas, NV",8,CAGDP2,56,"53","   Real estate and rental and leasing ","Thousands of dollars",212692,223917,251888,314745,333298,359285,361724,368939,380043,427752,441744,504214,547505,542271,540721,504108,520530,565245,561457,520089,605508,663390
 "32005","Douglas, NV",8,CAGDP2,59,"54,55,56","  Professional and business services ","Thousands of dollars",126421,106311,115707,136511,153547,176899,217329,199565,172565,175658,180199,188481,186146,181245,182655,191345,216823,257844,276264,282089,386244,426238
 "32005","Douglas, NV",8,CAGDP2,60,"54","   Professional, scientific, and technical services ","Thousands of dollars",71127,73947,82522,95870,105469,113557,134324,118044,106520,111127,114085,121101,113474,103736,104868,112847,134890,161676,168858,175545,223040,230384
 "32005","Douglas, NV",8,CAGDP2,64,"55","   Management of companies and enterprises ","Thousands of dollars",32799,5112,4686,10700,16742,28123,45739,42816,30609,28226,30090,28732,30531,30106,26521,24154,23591,29900,34329,30386,68560,65170
 "32005","Douglas, NV",8,CAGDP2,65,"56","   Administrative and support and waste management and remediation services ","Thousands of dollars",22495,27252,28500,29942,31337,35219,37267,38705,35436,36305,36024,38648,42141,47403,51265,54344,58341,66268,73077,76158,94644,130684
 "32005","Douglas, NV",8,CAGDP2,68,"61,62","  Educational services, health care, and social assistance ","Thousands of dollars",50209,52518,55858,62895,69313,77396,82960,85958,90486,95056,100718,104402,107112,113535,120767,130147,134235,136781,156409,162229,187798,190868
 "32005","Douglas, NV",8,CAGDP2,69,"61","   Educational services ","Thousands of dollars",1206,1277,1642,2167,2724,3481,4944,6357,7728,7852,7900,7314,7909,8985,10561,12764,13172,13935,14191,11341,12687,14837
 "32005","Douglas, NV",8,CAGDP2,70,"62","   Health care and social assistance ","Thousands of dollars",49003,51241,54215,60727,66589,73915,78016,79600,82758,87204,92818,97088,99203,104549,110206,117383,121064,122845,142219,150888,175112,176030
 "32005","Douglas, NV",8,CAGDP2,75,"71,72","  Arts, entertainment, recreation, accommodation, and food services ","Thousands of dollars",462497,482943,471325,493456,478021,474300,476620,453292,385516,388406,387059,378027,434388,477471,492608,460547,452293,466537,493925,346138,414530,477586
 "32005","Douglas, NV",8,CAGDP2,76,"71","   Arts, entertainment, and recreation ","Thousands of dollars",40290,43435,48296,62122,67366,67363,62264,48404,44531,64233,61907,70322,94206,107875,92474,81586,87152,97647,106178,86074,99594,109158
 "32005","Douglas, NV",8,CAGDP2,79,"72","   Accommodation and food services ","Thousands of dollars",422207,439508,423030,431334,410655,406937,414356,404887,340985,324173,325151,307705,340182,369596,400134,378962,365140,368890,387747,260064,314935,368428
 "32005","Douglas, NV",8,CAGDP2,82,"81","  Other services (except government and government enterprises) ","Thousands of dollars",51622,58138,51993,49172,55136,59668,53600,46017,43721,44681,44405,46606,48984,54000,52694,43009,38216,39057,45338,40886,45226,55504
 "32005","Douglas, NV",8,CAGDP2,83,"92","Government and government enterprises ","Thousands of dollars",112198,117174,129055,138479,144914,152218,159038,170657,175212,184474,182429,178549,184813,196073,203043,211712,213162,222894,229808,239826,246647,252402
 "32005","Douglas, NV",8,CAGDP2,87,"11,21","Natural resources and mining ","Thousands of dollars",10945,17262,16868,15311,18195,23319,28777,17121,16900,11968,10443,15759,14300,7184,5812,8770,9419,9813,8352,9748,(D),(D)
 "32005","Douglas, NV",8,CAGDP2,88,"42,44-45","Trade ","Thousands of dollars",108452,112688,128078,141872,168916,167718,166799,166621,160069,160571,163971,162902,177166,179991,194916,205459,206847,219653,221187,239990,264807,288623
 "32005","Douglas, NV",8,CAGDP2,89,"22,48-49","Transportation and utilities ","Thousands of dollars",10237,10834,12474,18019,12364,13268,13982,17827,15398,18434,15477,9701,21958,17022,27971,26122,29985,34452,37498,44612,(D),(D)
 "32005","Douglas, NV",8,CAGDP2,90,"31-33,51","Manufacturing and information ","Thousands of dollars",112682,143614,152772,169853,197187,199798,249266,277266,302228,366413,346048,305818,374960,378228,322967,310679,419550,298172,364394,375102,374765,414050
 "32005","Douglas, NV",8,CAGDP2,91,"...","Private goods-producing industries 2/","Thousands of dollars",238362,286889,316657,326462,356082,357619,399936,370114,377405,406054,399370,371942,443676,480300,471901,471107,588105,447405,439422,550424,(D),(D)
 "32005","Douglas, NV",8,CAGDP2,92,"...","Private services-providing industries 3/","Thousands of dollars",1099608,1139525,1182419,1322131,1429393,1455288,1479125,1427299,1338587,1424964,1424398,1489355,1619778,1674696,1748217,1712548,1757081,1884756,1992810,1847928,(D),(D)
 "32007","Elko, NV",8,CAGDP2,1,"...","All industry total ","Thousands of dollars",1242167,1229055,1294759,1503720,1701911,1947657,2001742,2203208,2040752,2459953,2798873,2873670,2679226,2498817,2328622,2387744,2619171,2724274,2846276,2907158,3147555,3240213
 "32007","Elko, NV",8,CAGDP2,2,"..."," Private industries ","Thousands of dollars",1038688,1023611,1076103,1269679,1470587,1699403,1745589,1936540,1766457,2169626,2510155,2589670,2385349,2196496,2009377,2053522,2277621,2376147,2489963,2535055,2776570,2852997
 "32007","Elko, NV",8,CAGDP2,3,"11","  Agriculture, forestry, fishing and hunting ","Thousands of dollars",39029,18765,31423,29244,39132,24780,17682,8445,(D),(D),(D),(D),(D),(D),64856,30179,32279,31666,54660,32408,66589,29923
 "32007","Elko, NV",8,CAGDP2,6,"21","  Mining, quarrying, and oil and gas extraction ","Thousands of dollars",156670,156265,180135,262170,326894,505224,514662,695181,497035,705683,954498,1026738,755259,465343,333179,368903,502334,471913,479037,573599,612826,552130
 "32007","Elko, NV",8,CAGDP2,10,"22","  Utilities ","Thousands of dollars",8581,8869,8689,9638,9830,11713,9808,10481,(D),(D),(D),(D),(D),(D),19889,20430,20986,20876,21673,26236,27560,30757
 "32007","Elko, NV",8,CAGDP2,11,"23","  Construction ","Thousands of dollars",75618,53741,62278,67202,104869,102364,117903,115734,96764,179203,213091,168955,203167,257377,153886,164030,144716,181571,190833,208208,211239,222803
 "32007","Elko, NV",8,CAGDP2,12,"31-33","  Manufacturing ","Thousands of dollars",7096,8895,9927,12096,13271,16337,20389,20723,21620,21836,26142,31462,33203,37181,29364,32051,27951,26006,25897,27089,26829,32269
 "32007","Elko, NV",8,CAGDP2,13,"321,327-339","   Durable goods manufacturing ","Thousands of dollars",5165,6895,7644,9757,10899,13793,17869,17772,17716,16216,20599,25883,(D),26931,20681,22794,16403,15202,16936,16453,16762,19656
 "32007","Elko, NV",8,CAGDP2,25,"311-316,322-326","   Nondurable goods manufacturing ","Thousands of dollars",1931,2000,2283,2338,2372,2544,2521,2951,3904,5619,5543,5578,(D),10250,8683,9257,11548,10804,8961,10636,10067,12613
 "32007","Elko, NV",8,CAGDP2,34,"42","  Wholesale trade ","Thousands of dollars",60556,58254,53453,57529,78313,93169,101072,117809,125419,134610,155874,186574,190875,205416,238397,266938,306462,333029,347051,353319,393919,437237
 "32007","Elko, NV",8,CAGDP2,35,"44-45","  Retail trade ","Thousands of dollars",94543,93408,88508,101303,128845,144593,162240,156515,174368,161236,167740,170233,184233,185904,189318,196716,201403,213331,224045,255818,277376,283670
 "32007","Elko, NV",8,CAGDP2,36,"48-49","  Transportation and warehousing ","Thousands of dollars",35775,36513,39652,45470,49308,49972,56409,56776,55105,63371,68233,68448,66915,69661,73753,67733,66403,64954,67279,71232,84020,99256
 "32007","Elko, NV",8,CAGDP2,45,"51","  Information ","Thousands of dollars",16244,17683,18142,21302,26907,27409,29711,26559,25517,25558,24379,22285,24136,25293,30472,33888,37756,38513,45533,40657,39054,39282
 "32007","Elko, NV",8,CAGDP2,50,"52,53","  Finance, insurance, real estate, rental, and leasing ","Thousands of dollars",168031,174025,172796,172437,177863,195822,216247,228500,231563,248753,270410,254569,260707,264246,280939,258053,265123,288206,290729,325412,335333,338931
 "32007","Elko, NV",8,CAGDP2,51,"52","   Finance and insurance ","Thousands of dollars",50149,52750,50701,41082,40807,28254,27629,28237,25110,25925,24501,31715,29797,32484,35506,36539,32090,34746,38775,59036,68970,68693
 "32007","Elko, NV",8,CAGDP2,56,"53","   Real estate and rental and leasing ","Thousands of dollars",117882,121275,122094,131354,137056,167568,188619,200262,206454,222828,245909,222855,230910,231762,245433,221514,233033,253461,251954,266376,266363,270238
 "32007","Elko, NV",8,CAGDP2,59,"54,55,56","  Professional and business services ","Thousands of dollars",45968,47695,51164,56400,60987,59931,62216,70068,97579,126627,142575,163164,154145,156416,141685,146945,175083,183045,202143,191163,211047,216820
 "32007","Elko, NV",8,CAGDP2,60,"54","   Professional, scientific, and technical services ","Thousands of dollars",22430,25446,26771,29065,31369,34887,35704,41958,46413,47270,53390,59041,52547,48200,47484,48112,52269,58050,66055,68879,76963,76142
 "32007","Elko, NV",8,CAGDP2,64,"55","   Management of companies and enterprises ","Thousands of dollars",2210,1747,2401,3859,3864,3751,6583,6513,29110,52545,59100,71260,72981,81587,68562,69822,91544,91117,96862,80438,90304,100956
 "32007","Elko, NV",8,CAGDP2,65,"56","   Administrative and support and waste management and remediation services ","Thousands of dollars",21329,20501,21992,23476,25755,21292,19929,21598,22056,26812,30084,32863,28617,26629,25638,29011,31270,33878,39226,41846,43780,39721
 "32007","Elko, NV",8,CAGDP2,68,"61,62","  Educational services, health care, and social assistance ","Thousands of dollars",51640,51027,52784,55922,59694,62994,71028,77422,(D),(D),(D),(D),(D),(D),101125,109521,112984,118097,122205,121472,130051,139006
 "32007","Elko, NV",8,CAGDP2,69,"61","   Educational services ","Thousands of dollars",1404,1471,1438,1404,1529,(D),(D),(D),(D),(D),(D),(D),(D),(D),2517,2892,2573,3111,3640,3779,4786,5734
 "32007","Elko, NV",8,CAGDP2,70,"62","   Health care and social assistance ","Thousands of dollars",50236,49556,51346,54518,58165,(D),(D),(D),85195,89697,87000,89875,93401,97698,98608,106629,110411,114986,118565,117693,125265,133271
 "32007","Elko, NV",8,CAGDP2,75,"71,72","  Arts, entertainment, recreation, accommodation, and food services ","Thousands of dollars",253405,272697,282412,351813,362753,367081,322774,305436,287231,321383,299242,297794,305331,298068,305551,308137,328751,349800,359900,251794,305000,363831
 "32007","Elko, NV",8,CAGDP2,76,"71","   Arts, entertainment, and recreation ","Thousands of dollars",17929,24877,39905,93449,105676,104421,45231,38769,46239,80729,49742,42671,39750,34052,30564,30550,33079,32783,33656,24170,32122,35837
 "32007","Elko, NV",8,CAGDP2,79,"72","   Accommodation and food services ","Thousands of dollars",235476,247820,242507,258363,257077,262660,277544,266667,240992,240654,249500,255123,265581,264016,274987,277587,295671,317018,326244,227624,272878,327994
 "32007","Elko, NV",8,CAGDP2,82,"81","  Other services (except government and government enterprises) ","Thousands of dollars",25533,25776,24740,27154,31921,38016,43446,46891,44626,41816,41492,41915,45995,44812,46964,49999,55388,55138,58978,56648,55726,67082
 "32007","Elko, NV",8,CAGDP2,83,"92","Government and government enterprises ","Thousands of dollars",203479,205443,218656,234041,231324,248253,256153,266667,274295,290328,288717,284000,293878,302321,319245,334222,341550,348127,356313,372102,370985,387215
 "32007","Elko, NV",8,CAGDP2,87,"11,21","Natural resources and mining ","Thousands of dollars",195698,175030,211558,291415,366026,530003,532345,703625,(D),(D),(D),(D),(D),(D),398034,399082,534613,503579,533697,606008,679415,582053
 "32007","Elko, NV",8,CAGDP2,88,"42,44-45","Trade ","Thousands of dollars",155099,151662,141961,158832,207158,237762,263312,274324,299786,295847,323614,356807,375108,391319,427715,463654,507866,546360,571096,609137,671295,720907
 "32007","Elko, NV",8,CAGDP2,89,"22,48-49","Transportation and utilities ","Thousands of dollars",44356,45381,48341,55109,59137,61685,66218,67257,(D),(D),(D),(D),(D),(D),93641,88163,87389,85830,88952,97467,111580,130014
 "32007","Elko, NV",8,CAGDP2,90,"31-33,51","Manufacturing and information ","Thousands of dollars",23340,26578,28069,33397,40179,43746,50101,47282,47137,47394,50521,53747,57339,62474,59836,65939,65708,64519,71430,67746,65884,71551
 "32007","Elko, NV",8,CAGDP2,91,"...","Private goods-producing industries 2/","Thousands of dollars",278412,237666,283763,370712,484167,648704,670637,840083,(D),(D),(D),(D),(D),(D),581285,595163,707281,711157,750427,841304,917484,837125
 "32007","Elko, NV",8,CAGDP2,92,"...","Private services-providing industries 3/","Thousands of dollars",760276,785945,792340,898967,986420,1050699,1074952,1096458,(D),(D),(D),(D),(D),(D),1428093,1458359,1570340,1664990,1739537,1693751,1859086,2015873
 "32009","Esmeralda, NV",8,CAGDP2,1,"...","All industry total ","Thousands of dollars",23289,22944,24800,26504,26091,34926,31124,41115,33579,46855,59116,63569,70924,60782,50442,53853,54603,41061,38266,40497,47832,43994
 "32009","Esmeralda, NV",8,CAGDP2,2,"..."," Private industries ","Thousands of dollars",19455,19026,20576,22236,22026,30516,26836,36758,28744,41865,53964,58397,65615,55322,44783,48012,48686,34851,31884,33766,41005,37392
 "32009","Esmeralda, NV",8,CAGDP2,3,"11","  Agriculture, forestry, fishing and hunting ","Thousands of dollars",(D),(D),(D),(D),1152,5173,811,3753,900,619,125,2373,4275,635,2311,6458,4217,3275,125,(D),2410,100
 "32009","Esmeralda, NV",8,CAGDP2,6,"21","  Mining, quarrying, and oil and gas extraction ","Thousands of dollars",9745,8602,10963,11282,11963,15610,16331,21438,14979,25128,39136,42341,48180,41648,28770,29161,32690,18918,16830,19600,(D),22643
 "32009","Esmeralda, NV",8,CAGDP2,10,"22","  Utilities ","Thousands of dollars",(D),0,(D),0,0,(D),0,(D),0,(D),0,(D),0,(D),(D),418,257,500,505,545,376,387
 "32009","Esmeralda, NV",8,CAGDP2,11,"23","  Construction ","Thousands of dollars",(D),(D),(D),(D),(D),(D),(D),(D),(D),(D),(D),(D),(D),(D),(D),(D),(D),(D),(D),(D),(D),(D)
 "32009","Esmeralda, NV",8,CAGDP2,12,"31-33","  Manufacturing ","Thousands of dollars",6,7,370,153,(D),(D),(D),(D),(D),(D),(D),(D),(D),(D),(D),(D),(D),(D),(D),(D),(D),(D)
 "32009","Esmeralda, NV",8,CAGDP2,13,"321,327-339","   Durable goods manufacturing ","Thousands of dollars",0,1,337,116,17,36,26,129,19,10,3,2,119,25,14,17,20,0,40,95,5,17
 "32009","Esmeralda, NV",8,CAGDP2,25,"311-316,322-326","   Nondurable goods manufacturing ","Thousands of dollars",6,6,34,37,(D),(D),(D),(D),(D),(D),(D),(D),(D),(D),(D),(D),(D),(D),(D),(D),(D),(D)
 "32009","Esmeralda, NV",8,CAGDP2,34,"42","  Wholesale trade ","Thousands of dollars",(D),(D),(D),(D),(D),(D),(D),(D),(D),(D),(D),(D),(D),(D),(D),(D),(D),(D),(D),(D),107,115
 "32009","Esmeralda, NV",8,CAGDP2,35,"44-45","  Retail trade ","Thousands of dollars",(D),(D),(D),(D),337,(D),(D),(D),(D),(D),(D),(D),(D),(D),(D),(D),(D),(D),(D),(D),(D),(D)
 "32009","Esmeralda, NV",8,CAGDP2,36,"48-49","  Transportation and warehousing ","Thousands of dollars",105,112,135,(D),(D),(D),(D),(D),(D),(D),569,558,(D),(D),(D),(D),(D),(D),80,68,49,669
 "32009","Esmeralda, NV",8,CAGDP2,45,"51","  Information ","Thousands of dollars",(D),(D),(D),(D),(D),(D),(D),(D),271,(D),(D),57,96,48,25,31,13,41,30,30,0,0
 "32009","Esmeralda, NV",8,CAGDP2,50,"52,53","  Finance, insurance, real estate, rental, and leasing ","Thousands of dollars",4607,4494,4772,5988,5293,6123,6949,7555,7934,8973,9234,7696,7792,8146,9609,8165,7695,8080,7999,8451,8101,7789
 "32009","Esmeralda, NV",8,CAGDP2,51,"52","   Finance and insurance ","Thousands of dollars",8,8,13,20,28,0,0,125,248,(D),116,3,1,28,868,355,30,35,49,13,51,64
 "32009","Esmeralda, NV",8,CAGDP2,56,"53","   Real estate and rental and leasing ","Thousands of dollars",4600,4486,4759,5968,5265,6123,6949,7430,7685,(D),9118,7693,7791,8118,8740,7811,7664,8046,7950,8438,8050,7725
 "32009","Esmeralda, NV",8,CAGDP2,59,"54,55,56","  Professional and business services ","Thousands of dollars",2094,2058,1200,728,1097,1068,254,476,705,968,1157,1233,(D),(D),(D),(D),(D),313,(D),564,(D),(D)
 "32009","Esmeralda, NV",8,CAGDP2,60,"54","   Professional, scientific, and technical services ","Thousands of dollars",(D),(D),(D),(D),(D),(D),(D),(D),622,(D),1042,1078,(D),(D),(D),(D),(D),(D),(D),(D),(D),(D)
 "32009","Esmeralda, NV",8,CAGDP2,64,"55","   Management of companies and enterprises ","Thousands of dollars",0,(D),(D),(D),(D),(D),(D),(D),0,0,0,0,0,0,0,0,0,0,0,0,0,0
 "32009","Esmeralda, NV",8,CAGDP2,65,"56","   Administrative and support and waste management and remediation services ","Thousands of dollars",(D),(D),684,9,29,45,11,58,83,(D),115,155,151,338,254,244,(D),(D),(D),(D),(D),(D)
 "32009","Esmeralda, NV",8,CAGDP2,68,"61,62","  Educational services, health care, and social assistance ","Thousands of dollars",5,5,10,11,6,5,5,39,64,81,64,3,7,13,5,2,1,5,0,5,(D),(D)
 "32009","Esmeralda, NV",8,CAGDP2,69,"61","   Educational services ","Thousands of dollars",0,0,5,6,0,1,3,24,31,51,32,3,7,13,5,2,1,5,0,5,12,23
 "32009","Esmeralda, NV",8,CAGDP2,70,"62","   Health care and social assistance ","Thousands of dollars",5,5,5,5,6,4,2,15,33,30,32,0,0,0,0,0,0,0,0,0,(D),(D)
 "32009","Esmeralda, NV",8,CAGDP2,75,"71,72","  Arts, entertainment, recreation, accommodation, and food services ","Thousands of dollars",(D),(D),(D),(D),(D),(D),(D),(D),(D),(D),(D),(D),(D),(D),(D),(D),(D),(D),(D),(D),(D),(D)
 "32009","Esmeralda, NV",8,CAGDP2,76,"71","   Arts, entertainment, and recreation ","Thousands of dollars",25,23,34,2,90,174,134,429,979,1691,75,13,152,100,80,13,15,57,15,15,22,0
 "32009","Esmeralda, NV",8,CAGDP2,79,"72","   Accommodation and food services ","Thousands of dollars",(D),(D),(D),(D),(D),(D),(D),(D),(D),(D),(D),(D),(D),(D),(D),(D),(D),(D),(D),(D),(D),(D)
 "32009","Esmeralda, NV",8,CAGDP2,82,"81","  Other services (except government and government enterprises) ","Thousands of dollars",(D),(D),(D),(D),(D),(D),(D),(D),(D),(D),(D),(D),(D),(D),(D),(D),(D),(D),289,560,(D),772
 "32009","Esmeralda, NV",8,CAGDP2,83,"92","Government and government enterprises ","Thousands of dollars",3835,3918,4224,4268,4065,4409,4288,4357,4835,4990,5152,5171,5309,5461,5660,5842,5917,6210,6381,6731,6827,6602
 "32009","Esmeralda, NV",8,CAGDP2,87,"11,21","Natural resources and mining ","Thousands of dollars",(D),(D),(D),(D),13115,20783,17142,25190,15879,25747,39261,44713,52455,42283,31081,35619,36907,22192,16955,(D),(D),22743
 "32009","Esmeralda, NV",8,CAGDP2,88,"42,44-45","Trade ","Thousands of dollars",482,489,625,528,(D),475,409,558,984,1888,775,661,535,540,547,364,376,456,(D),(D),(D),(D)
 "32009","Esmeralda, NV",8,CAGDP2,89,"22,48-49","Transportation and utilities ","Thousands of dollars",(D),112,(D),(D),(D),(D),(D),(D),(D),(D),569,(D),(D),(D),(D),(D),(D),(D),585,613,425,1056
 "32009","Esmeralda, NV",8,CAGDP2,90,"31-33,51","Manufacturing and information ","Thousands of dollars",(D),(D),(D),(D),475,(D),574,683,(D),441,403,(D),(D),(D),(D),(D),(D),(D),(D),(D),(D),(D)
 "32009","Esmeralda, NV",8,CAGDP2,91,"...","Private goods-producing industries 2/","Thousands of dollars",(D),10022,(D),(D),(D),(D),(D),(D),(D),(D),(D),(D),(D),(D),(D),(D),(D),(D),(D),(D),(D),(D)
 "32009","Esmeralda, NV",8,CAGDP2,92,"...","Private services-providing industries 3/","Thousands of dollars",(D),9004,(D),(D),(D),(D),(D),(D),(D),(D),(D),(D),(D),(D),(D),(D),(D),(D),(D),(D),(D),(D)
 "32011","Eureka, NV",8,CAGDP2,1,"...","All industry total ","Thousands of dollars",513426,564422,621226,718640,836722,1251995,1333301,1646642,1667667,2032374,2301735,1961910,1556126,1208963,962344,1119676,1464343,1248426,1288228,1589895,1687501,1539368
 "32011","Eureka, NV",8,CAGDP2,2,"..."," Private industries ","Thousands of dollars",502406,554302,611414,708021,826707,1241146,1321708,1633505,1653221,2015953,2284165,1943306,1537079,1190675,943573,1101254,1445917,1229482,1268905,1568990,1666371,1517453
 "32011","Eureka, NV",8,CAGDP2,3,"11","  Agriculture, forestry, fishing and hunting ","Thousands of dollars",11690,4907,3230,5028,5993,5144,9305,(D),(D),(D),(D),895,1321,(D),(D),(D),3319,2409,15895,1079,7447,5406
 "32011","Eureka, NV",8,CAGDP2,6,"21","  Mining, quarrying, and oil and gas extraction ","Thousands of dollars",474936,531052,585956,678815,795525,1180263,1213085,1501910,1534369,1873210,2127715,1801701,1377094,1030716,810975,973117,1294366,1083461,1101358,1415756,1506366,1333282
 "32011","Eureka, NV",8,CAGDP2,10,"22","  Utilities ","Thousands of dollars",237,267,256,1282,1279,(D),5441,51638,67124,85755,83033,66695,78700,85002,53028,51799,56758,56945,60529,58700,68559,94562
 "32011","Eureka, NV",8,CAGDP2,11,"23","  Construction ","Thousands of dollars",565,(D),(D),(D),(D),(D),(D),9390,(D),(D),(D),(D),(D),(D),(D),(D),(D),(D),(D),(D),(D),(D)
 "32011","Eureka, NV",8,CAGDP2,12,"31-33","  Manufacturing ","Thousands of dollars",176,(D),(D),(D),(D),(D),(D),(D),318,144,167,(D),(D),4617,1086,1614,(D),(D),(D),(D),(D),(D)
 "32011","Eureka, NV",8,CAGDP2,13,"321,327-339","   Durable goods manufacturing ","Thousands of dollars",30,27,35,56,315,223,135,279,106,44,108,(D),(D),3866,317,392,435,186,(D),(D),(D),(D)
 "32011","Eureka, NV",8,CAGDP2,25,"311-316,322-326","   Nondurable goods manufacturing ","Thousands of dollars",146,(D),(D),(D),(D),(D),(D),(D),212,99,59,102,610,751,768,1221,(D),(D),(D),(D),(D),(D)
 "32011","Eureka, NV",8,CAGDP2,34,"42","  Wholesale trade ","Thousands of dollars",(D),(D),(D),(D),(D),(D),(D),(D),(D),(D),(D),(D),(D),(D),(D),(D),33,50,63,11,59,(D)
 "32011","Eureka, NV",8,CAGDP2,35,"44-45","  Retail trade ","Thousands of dollars",(D),(D),(D),(D),1522,(D),(D),1778,3355,3222,1703,1468,(D),1542,1621,1663,1837,2059,2097,1815,(D),2044
 "32011","Eureka, NV",8,CAGDP2,36,"48-49","  Transportation and warehousing ","Thousands of dollars",1349,1465,2252,(D),(D),2733,(D),(D),(D),(D),(D),(D),44868,(D),(D),(D),(D),(D),(D),(D),(D),(D)
 "32011","Eureka, NV",8,CAGDP2,45,"51","  Information ","Thousands of dollars",(D),(D),(D),(D),(D),(D),(D),(D),(D),(D),(D),(D),(D),(D),87,47,103,232,530,396,239,501
 "32011","Eureka, NV",8,CAGDP2,50,"52,53","  Finance, insurance, real estate, rental, and leasing ","Thousands of dollars",8540,10573,9618,8868,8267,8474,9304,10072,10777,11248,12558,12357,12817,12528,13005,11396,11058,11167,(D),12719,12437,(D)
 "32011","Eureka, NV",8,CAGDP2,51,"52","   Finance and insurance ","Thousands of dollars",(D),(D),(D),(D),(D),(D),(D),(D),(D),(D),(D),(D),(D),(D),(D),(D),(D),(D),(D),(D),(D),(D)
 "32011","Eureka, NV",8,CAGDP2,56,"53","   Real estate and rental and leasing ","Thousands of dollars",(D),(D),(D),(D),(D),(D),(D),(D),(D),(D),(D),(D),(D),(D),(D),(D),(D),(D),10185,(D),(D),9931
 "32011","Eureka, NV",8,CAGDP2,59,"54,55,56","  Professional and business services ","Thousands of dollars",(D),561,(D),(D),(D),11243,1255,1065,858,702,801,831,(D),(D),1951,1257,1033,1255,1986,1944,1929,(D)
 "32011","Eureka, NV",8,CAGDP2,60,"54","   Professional, scientific, and technical services ","Thousands of dollars",(D),114,163,242,316,(D),(D),(D),489,384,(D),(D),(D),(D),(D),(D),(D),(D),(D),(D),(D),(D)
 "32011","Eureka, NV",8,CAGDP2,64,"55","   Management of companies and enterprises ","Thousands of dollars",0,0,(D),(D),(D),(D),0,0,(D),(D),0,0,0,0,0,0,0,0,0,0,0,0
 "32011","Eureka, NV",8,CAGDP2,65,"56","   Administrative and support and waste management and remediation services ","Thousands of dollars",416,447,305,154,161,255,(D),(D),(D),(D),(D),(D),(D),(D),(D),(D),(D),(D),(D),(D),(D),(D)
 "32011","Eureka, NV",8,CAGDP2,68,"61,62","  Educational services, health care, and social assistance ","Thousands of dollars",(D),444,535,537,593,(D),841,942,1032,791,751,786,973,1116,959,(D),(D),(D),(D),96,143,164
 "32011","Eureka, NV",8,CAGDP2,69,"61","   Educational services ","Thousands of dollars",4,(D),(D),(D),(D),(D),(D),(D),(D),(D),(D),(D),(D),(D),(D),15,47,63,64,39,48,60
 "32011","Eureka, NV",8,CAGDP2,70,"62","   Health care and social assistance ","Thousands of dollars",(D),(D),(D),(D),(D),(D),(D),(D),(D),(D),(D),(D),(D),(D),(D),(D),(D),(D),(D),57,95,104
 "32011","Eureka, NV",8,CAGDP2,75,"71,72","  Arts, entertainment, recreation, accommodation, and food services ","Thousands of dollars",1285,1305,1174,886,1418,1914,2913,2437,3699,2947,1580,1473,2336,2149,1651,1040,1199,1176,1595,1413,1846,2084
 "32011","Eureka, NV",8,CAGDP2,76,"71","   Arts, entertainment, and recreation ","Thousands of dollars",176,164,242,71,425,710,1723,1362,2476,1597,245,57,889,892,694,109,156,72,493,245,345,134
 "32011","Eureka, NV",8,CAGDP2,79,"72","   Accommodation and food services ","Thousands of dollars",1108,1142,932,815,993,1204,1190,1075,1222,1350,1335,1416,1447,1257,957,930,1043,1104,1102,1168,1501,1951
 "32011","Eureka, NV",8,CAGDP2,82,"81","  Other services (except government and government enterprises) ","Thousands of dollars",(D),(D),1050,520,518,502,591,810,732,543,446,612,422,(D),(D),(D),(D),(D),(D),(D),(D),3292
 "32011","Eureka, NV",8,CAGDP2,83,"92","Government and government enterprises ","Thousands of dollars",11019,10120,9813,10619,10015,10850,11593,13137,14446,16421,17570,18604,19047,18287,18770,18423,18426,18944,19323,20905,21129,21915
 "32011","Eureka, NV",8,CAGDP2,87,"11,21","Natural resources and mining ","Thousands of dollars",486625,535959,589186,683843,801519,1185407,1222390,(D),(D),(D),(D),1802596,1378415,(D),(D),(D),1297685,1085870,1117253,1416834,1513813,1338688
 "32011","Eureka, NV",8,CAGDP2,88,"42,44-45","Trade ","Thousands of dollars",1328,1325,2402,1593,(D),1887,1914,(D),(D),(D),(D),(D),1884,(D),(D),(D),1870,2109,2160,1826,(D),(D)
 "32011","Eureka, NV",8,CAGDP2,89,"22,48-49","Transportation and utilities ","Thousands of dollars",1586,1732,2508,(D),(D),(D),(D),(D),(D),(D),(D),(D),123568,(D),(D),(D),(D),(D),(D),(D),(D),(D)
 "32011","Eureka, NV",8,CAGDP2,90,"31-33,51","Manufacturing and information ","Thousands of dollars",(D),459,735,1062,1521,1384,1351,1133,(D),(D),(D),917,7503,(D),1173,1661,(D),(D),(D),(D),(D),(D)
 "32011","Eureka, NV",8,CAGDP2,91,"...","Private goods-producing industries 2/","Thousands of dollars",487366,536714,590990,685220,805741,1211775,1292786,1530666,1546197,1879119,2147849,1816497,1393676,1051728,819993,985772,1305823,1093246,1124878,1423807,(D),1350355
 "32011","Eureka, NV",8,CAGDP2,92,"...","Private services-providing industries 3/","Thousands of dollars",15040,17588,20423,22801,20966,29370,28922,102840,107024,136834,136315,126809,143403,138947,123580,115481,140094,136236,144027,145183,(D),167098
 "32013","Humboldt, NV",8,CAGDP2,1,"...","All industry total ","Thousands of dollars",578284,525334,602392,730816,808831,1070975,1054738,1199148,1303689,1555004,1692904,1511429,1402084,1266232,1076222,1083114,1190055,1142196,1254715,1408173,1562892,1528535
 "32013","Humboldt, NV",8,CAGDP2,2,"..."," Private industries ","Thousands of dollars",499317,447660,523603,645073,716271,976267,956609,1095172,1194719,1439851,1574528,1389620,1276696,1143413,942074,942362,1047886,998177,1103386,1242709,1387879,1349273
 "32013","Humboldt, NV",8,CAGDP2,3,"11","  Agriculture, forestry, fishing and hunting ","Thousands of dollars",12258,8134,9290,21370,18409,31498,(D),49697,72060,51344,75938,8470,17124,20891,9401,34334,24747,18734,12566,5973,5250,5589
 "32013","Humboldt, NV",8,CAGDP2,6,"21","  Mining, quarrying, and oil and gas extraction ","Thousands of dollars",100691,102027,130097,183372,222975,383635,372306,483844,525577,754466,907630,830890,645156,508321,384477,410533,546880,442491,472058,649603,708869,598283
 "32013","Humboldt, NV",8,CAGDP2,10,"22","  Utilities ","Thousands of dollars",134111,83975,128604,156711,143011,186303,181515,176036,183272,184615,137587,112834,153968,175859,103745,78536,62552,93599,109101,72834,112654,133512
 "32013","Humboldt, NV",8,CAGDP2,11,"23","  Construction ","Thousands of dollars",15812,11587,14655,18663,25496,33788,30278,28192,37448,69567,75702,49301,62284,45238,44351,38383,25195,28674,43179,31599,37137,34536
 "32013","Humboldt, NV",8,CAGDP2,12,"31-33","  Manufacturing ","Thousands of dollars",28430,25531,25753,25861,27539,30363,30583,27559,31838,32967,33149,25518,26385,24282,23370,28686,31463,38473,58545,79126,88340,107843
 "32013","Humboldt, NV",8,CAGDP2,13,"321,327-339","   Durable goods manufacturing ","Thousands of dollars",1205,1056,947,863,1299,1573,3630,5214,2743,4721,5678,7308,7024,7172,6868,7225,7287,7910,7244,7978,8573,8987
 "32013","Humboldt, NV",8,CAGDP2,25,"311-316,322-326","   Nondurable goods manufacturing ","Thousands of dollars",27225,24475,24806,24998,26240,28791,26953,22344,29095,28246,27471,18209,19361,17110,16502,21461,24176,30563,51300,71147,79767,98856
 "32013","Humboldt, NV",8,CAGDP2,34,"42","  Wholesale trade ","Thousands of dollars",(D),(D),15249,(D),(D),(D),21247,23802,21848,22276,22404,25091,24038,22441,23902,23691,25165,29448,32530,32362,34570,37579
 "32013","Humboldt, NV",8,CAGDP2,35,"44-45","  Retail trade ","Thousands of dollars",41982,43114,40605,44129,51243,53887,58553,59212,78954,80750,58825,58565,61280,60885,63609,67535,71204,76652,86440,98642,107912,109979
 "32013","Humboldt, NV",8,CAGDP2,36,"48-49","  Transportation and warehousing ","Thousands of dollars",24857,24507,27047,35712,47324,59241,(D),(D),(D),(D),45810,60313,62581,67378,63705,51903,46950,52949,64318,58491,55194,69813
 "32013","Humboldt, NV",8,CAGDP2,45,"51","  Information ","Thousands of dollars",6641,6791,6524,6416,7909,8783,10433,9615,9982,9975,9698,8220,9449,9412,10968,10856,10521,10587,12285,10838,16935,18094
 "32013","Humboldt, NV",8,CAGDP2,50,"52,53","  Finance, insurance, real estate, rental, and leasing ","Thousands of dollars",59049,63914,59464,61608,59471,64755,70416,73241,75589,81061,89107,81388,82932,84366,91091,81176,81096,84598,87793,98067,103362,102127
 "32013","Humboldt, NV",8,CAGDP2,51,"52","   Finance and insurance ","Thousands of dollars",14731,15665,13039,11476,12126,8517,7264,6882,6654,6957,6800,10077,8516,8633,9104,8497,7719,8375,9634,15990,20013,19165
 "32013","Humboldt, NV",8,CAGDP2,56,"53","   Real estate and rental and leasing ","Thousands of dollars",44319,48248,46425,50132,47345,56238,63152,66360,68935,74104,82306,71311,74417,75732,81987,72679,73377,76223,78159,82076,83350,82962
 "32013","Humboldt, NV",8,CAGDP2,59,"54,55,56","  Professional and business services ","Thousands of dollars",12262,12458,12788,14372,25908,30442,36199,41673,(D),41368,41261,46084,41162,35150,35282,31404,33122,26786,24017,26292,26223,28517
 "32013","Humboldt, NV",8,CAGDP2,60,"54","   Professional, scientific, and technical services ","Thousands of dollars",(D),(D),(D),(D),(D),7452,8944,10615,(D),(D),(D),(D),(D),(D),(D),(D),(D),(D),(D),(D),(D),10057
 "32013","Humboldt, NV",8,CAGDP2,64,"55","   Management of companies and enterprises ","Thousands of dollars",(D),(D),(D),(D),(D),1353,1018,5032,(D),(D),(D),(D),(D),(D),(D),(D),(D),(D),(D),(D),(D),3098
 "32013","Humboldt, NV",8,CAGDP2,65,"56","   Administrative and support and waste management and remediation services ","Thousands of dollars",5266,5439,6180,8253,19026,21637,26237,26026,23067,27635,26879,30502,28068,24970,21470,16176,16173,15716,14354,14117,14250,15362
 "32013","Humboldt, NV",8,CAGDP2,68,"61,62","  Educational services, health care, and social assistance ","Thousands of dollars",(D),(D),10303,(D),(D),(D),15244,(D),16559,(D),16998,17372,15753,15686,15744,16900,17154,16895,16361,14211,14431,14929
 "32013","Humboldt, NV",8,CAGDP2,69,"61","   Educational services ","Thousands of dollars",(D),10,(D),(D),(D),(D),251,(D),496,(D),(D),(D),(D),(D),(D),(D),(D),(D),(D),(D),(D),775
 "32013","Humboldt, NV",8,CAGDP2,70,"62","   Health care and social assistance ","Thousands of dollars",(D),(D),(D),(D),(D),(D),14993,(D),16063,(D),(D),(D),(D),(D),(D),(D),(D),(D),(D),(D),(D),14154
 "32013","Humboldt, NV",8,CAGDP2,75,"71,72","  Arts, entertainment, recreation, accommodation, and food services ","Thousands of dollars",31455,33805,35068,39091,42964,45125,48360,42627,40116,44592,45423,49318,57002,54327,52740,51505,54552,60092,64757,44209,56520,64683
 "32013","Humboldt, NV",8,CAGDP2,76,"71","   Arts, entertainment, and recreation ","Thousands of dollars",5590,5715,5953,6414,6333,6657,6663,6092,6465,8054,7068,6469,6916,7073,6612,6504,6331,6760,6823,4957,7210,7328
 "32013","Humboldt, NV",8,CAGDP2,79,"72","   Accommodation and food services ","Thousands of dollars",25865,28090,29115,32678,36631,38468,41697,36535,33651,36538,38355,42849,50086,47254,46128,45001,48221,53332,57934,39252,49310,57355
 "32013","Humboldt, NV",8,CAGDP2,82,"81","  Other services (except government and government enterprises) ","Thousands of dollars",6392,6765,8157,9679,11803,14902,13168,13333,12743,13559,14996,16257,17581,19178,19689,16921,17287,18198,19437,20463,20480,23789
 "32013","Humboldt, NV",8,CAGDP2,83,"92","Government and government enterprises ","Thousands of dollars",78966,77674,78788,85743,92560,94707,98129,103976,108970,115152,118376,121809,125388,122819,134148,140752,142169,144020,151329,165464,175014,179262
 "32013","Humboldt, NV",8,CAGDP2,87,"11,21","Natural resources and mining ","Thousands of dollars",112948,110161,139387,204742,241384,415133,(D),533541,597637,805810,983569,839359,662281,529212,393878,444867,571627,461225,484624,655577,714120,603871
 "32013","Humboldt, NV",8,CAGDP2,88,"42,44-45","Trade ","Thousands of dollars",(D),(D),55853,(D),(D),(D),79799,83015,100801,103026,81229,83656,85317,83326,87510,91226,96369,106101,118970,131003,142482,147558
 "32013","Humboldt, NV",8,CAGDP2,89,"22,48-49","Transportation and utilities ","Thousands of dollars",158968,108482,155651,192423,190335,245543,(D),(D),(D),(D),183398,173147,216549,243237,167450,130438,109501,146548,173419,131325,167849,203325
 "32013","Humboldt, NV",8,CAGDP2,90,"31-33,51","Manufacturing and information ","Thousands of dollars",35071,32321,32277,32277,35448,39147,41016,37174,41820,42942,42847,33738,35834,33695,34338,39541,41984,49060,70830,89964,105275,125937
 "32013","Humboldt, NV",8,CAGDP2,91,"...","Private goods-producing industries 2/","Thousands of dollars",157190,147279,179795,249267,294419,479285,(D),589292,666923,908344,1092419,914178,750950,598732,461600,511935,628284,528372,586347,766301,839597,746251
 "32013","Humboldt, NV",8,CAGDP2,92,"...","Private services-providing industries 3/","Thousands of dollars",342127,300381,343808,395806,421852,496983,(D),505881,527795,531507,482108,475442,525746,544681,480474,430427,419602,469805,517039,476408,548282,603023
 "32015","Lander, NV",8,CAGDP2,1,"...","All industry total ","Thousands of dollars",252334,268687,286641,316954,372558,478608,454871,594811,674888,891582,1059728,928162,792277,690512,590235,656142,819614,734585,800913,908603,1040794,992131
 "32015","Lander, NV",8,CAGDP2,2,"..."," Private industries ","Thousands of dollars",220407,237430,254836,284051,339613,444002,418878,558946,636591,851743,1019321,884972,745783,642086,538353,606837,770127,684431,751240,855772,985234,935336
 "32015","Lander, NV",8,CAGDP2,3,"11","  Agriculture, forestry, fishing and hunting ","Thousands of dollars",2722,8427,15578,19828,25366,18174,10367,15592,7911,4124,14690,2769,1639,14064,3514,6330,2623,7318,13012,29947,27630,20417
 "32015","Lander, NV",8,CAGDP2,6,"21","  Mining, quarrying, and oil and gas extraction ","Thousands of dollars",159302,170552,185586,205088,236868,339969,316629,443777,516455,733848,891815,763771,604906,498266,394780,463926,634959,538711,573573,661798,776186,721178
 "32015","Lander, NV",8,CAGDP2,10,"22","  Utilities ","Thousands of dollars",4506,4010,4037,4091,3352,6063,5569,5556,6173,6014,6696,13692,21879,26199,41586,43200,45698,43560,65301,61654,64973,82943
 "32015","Lander, NV",8,CAGDP2,11,"23","  Construction ","Thousands of dollars",(D),(D),(D),(D),(D),(D),(D),(D),(D),(D),(D),(D),(D),(D),(D),(D),(D),(D),(D),(D),(D),(D)
 "32015","Lander, NV",8,CAGDP2,12,"31-33","  Manufacturing ","Thousands of dollars",(D),(D),(D),(D),(D),(D),(D),(D),(D),(D),(D),(D),(D),(D),(D),(D),(D),(D),(D),(D),(D),(D)
 "32015","Lander, NV",8,CAGDP2,13,"321,327-339","   Durable goods manufacturing ","Thousands of dollars",23,32,21,54,261,(D),(D),491,323,438,694,(D),(D),(D),(D),(D),(D),(D),(D),(D),(D),(D)
 "32015","Lander, NV",8,CAGDP2,25,"311-316,322-326","   Nondurable goods manufacturing ","Thousands of dollars",(D),(D),(D),(D),(D),(D),(D),(D),(D),(D),(D),589,517,275,180,168,96,85,340,221,369,605
 "32015","Lander, NV",8,CAGDP2,34,"42","  Wholesale trade ","Thousands of dollars",(D),(D),(D),(D),(D),(D),(D),(D),(D),(D),9839,(D),(D),(D),(D),(D),(D),(D),(D),(D),(D),11392
 "32015","Lander, NV",8,CAGDP2,35,"44-45","  Retail trade ","Thousands of dollars",11570,11249,6757,7088,9179,11693,13491,13325,20427,20398,11914,12497,12593,12240,11894,12514,12481,14779,16685,19590,18861,19858
 "32015","Lander, NV",8,CAGDP2,36,"48-49","  Transportation and warehousing ","Thousands of dollars",5168,5709,5828,6592,7338,9725,13441,16942,17009,15961,(D),22774,22250,17027,16945,15393,18388,19120,18456,13378,16978,(D)
 "32015","Lander, NV",8,CAGDP2,45,"51","  Information ","Thousands of dollars",(D),(D),(D),(D),(D),(D),(D),(D),2938,3929,(D),(D),(D),(D),(D),504,153,186,243,267,(D),(D)
 "32015","Lander, NV",8,CAGDP2,50,"52,53","  Finance, insurance, real estate, rental, and leasing ","Thousands of dollars",16453,18702,17374,19322,20452,22856,25302,26458,27842,30540,32693,25899,28136,29104,30521,26782,26077,28266,(D),30980,31224,(D)
 "32015","Lander, NV",8,CAGDP2,51,"52","   Finance and insurance ","Thousands of dollars",1897,2091,(D),(D),2126,1582,1313,(D),(D),(D),(D),(D),(D),(D),(D),(D),(D),(D),(D),(D),(D),(D)
 "32015","Lander, NV",8,CAGDP2,56,"53","   Real estate and rental and leasing ","Thousands of dollars",14557,16611,(D),(D),18326,21274,23989,(D),(D),(D),(D),(D),(D),(D),(D),(D),(D),(D),26432,(D),(D),28042
 "32015","Lander, NV",8,CAGDP2,59,"54,55,56","  Professional and business services ","Thousands of dollars",532,(D),2810,2205,3090,3953,2469,2674,(D),(D),3567,4243,4004,4739,4052,(D),2637,3055,3467,5039,3191,3041
 "32015","Lander, NV",8,CAGDP2,60,"54","   Professional, scientific, and technical services ","Thousands of dollars",(D),(D),(D),(D),1267,1552,437,418,(D),(D),1326,1683,1221,897,638,(D),487,676,728,872,(D),(D)
 "32015","Lander, NV",8,CAGDP2,64,"55","   Management of companies and enterprises ","Thousands of dollars",0,0,0,0,0,0,0,0,0,0,0,0,0,0,0,0,0,0,0,0,0,0
 "32015","Lander, NV",8,CAGDP2,65,"56","   Administrative and support and waste management and remediation services ","Thousands of dollars",(D),443,(D),(D),1823,2401,2032,2256,(D),(D),2240,2559,2783,3842,3414,(D),2150,2378,2740,4167,(D),(D)
 "32015","Lander, NV",8,CAGDP2,68,"61,62","  Educational services, health care, and social assistance ","Thousands of dollars",1472,1620,1513,1563,1636,2270,2580,2825,2634,2554,2349,1973,1365,1093,(D),840,1205,(D),1027,(D),1703,1828
 "32015","Lander, NV",8,CAGDP2,69,"61","   Educational services ","Thousands of dollars",19,20,66,68,60,37,83,138,133,142,74,20,18,33,30,6,69,142,113,(D),76,96
 "32015","Lander, NV",8,CAGDP2,70,"62","   Health care and social assistance ","Thousands of dollars",1453,1600,1447,1495,1576,2233,2497,2687,2501,2412,2274,1953,1347,1060,(D),834,1136,(D),914,(D),1627,1732
 "32015","Lander, NV",8,CAGDP2,75,"71,72","  Arts, entertainment, recreation, accommodation, and food services ","Thousands of dollars",4219,4466,4848,5076,5937,7023,8827,8393,9246,9844,9265,9119,10496,9306,8725,7933,(D),8159,8444,6700,9286,10138
 "32015","Lander, NV",8,CAGDP2,76,"71","   Arts, entertainment, and recreation ","Thousands of dollars",267,424,1032,(D),(D),(D),(D),(D),(D),(D),(D),(D),(D),(D),4061,(D),(D),(D),(D),(D),(D),4214
 "32015","Lander, NV",8,CAGDP2,79,"72","   Accommodation and food services ","Thousands of dollars",3952,4041,3816,(D),(D),(D),(D),(D),(D),(D),(D),(D),(D),(D),4663,(D),(D),(D),(D),(D),(D),5924
 "32015","Lander, NV",8,CAGDP2,82,"81","  Other services (except government and government enterprises) ","Thousands of dollars",1468,1388,(D),1304,(D),(D),(D),(D),4425,3659,(D),(D),(D),(D),4113,5769,5363,5981,7722,8222,8741,10056
 "32015","Lander, NV",8,CAGDP2,83,"92","Government and government enterprises ","Thousands of dollars",31927,31257,31805,32903,32945,34607,35992,35865,38297,39839,40407,43191,46494,48426,51882,49305,49487,50154,49672,52832,55559,56795
 "32015","Lander, NV",8,CAGDP2,87,"11,21","Natural resources and mining ","Thousands of dollars",162024,178979,201164,224916,262234,358143,326996,459370,524367,737972,906505,766540,606544,512330,398294,470256,637582,546029,586586,691744,803816,741595
 "32015","Lander, NV",8,CAGDP2,88,"42,44-45","Trade ","Thousands of dollars",(D),(D),(D),(D),(D),(D),(D),(D),(D),(D),21753,(D),(D),(D),(D),(D),(D),(D),(D),(D),(D),31250
 "32015","Lander, NV",8,CAGDP2,89,"22,48-49","Transportation and utilities ","Thousands of dollars",9674,9719,9865,10683,10689,15788,19010,22497,23182,21975,(D),36466,44129,43226,58531,58594,64087,62680,83757,75033,81952,(D)
 "32015","Lander, NV",8,CAGDP2,90,"31-33,51","Manufacturing and information ","Thousands of dollars",4781,5198,4113,5456,5640,6952,8366,7782,(D),(D),8345,6177,5384,3752,3298,(D),(D),(D),(D),(D),2794,3226
 "32015","Lander, NV",8,CAGDP2,91,"...","Private goods-producing industries 2/","Thousands of dollars",169142,184392,205514,229816,277859,369688,337200,470867,535168,746223,912048,777279,627258,525840,409154,481115,641212,550055,590964,699238,818164,746365
 "32015","Lander, NV",8,CAGDP2,92,"...","Private services-providing industries 3/","Thousands of dollars",51266,53038,49322,54235,61754,74314,81678,88079,101423,105520,107274,107693,118525,116245,129199,125722,128914,134377,160276,156534,167070,188971
 "32017","Lincoln, NV",8,CAGDP2,1,"...","All industry total ","Thousands of dollars",96229,101521,101002,100796,97806,102551,110312,120547,128840,136941,140572,142471,142877,137050,145767,147289,150386,155316,171346,171719,190629,185225
 "32017","Lincoln, NV",8,CAGDP2,2,"..."," Private industries ","Thousands of dollars",65641,68912,66470,64129,62767,64554,69970,78784,86417,94015,95618,96111,96004,88490,94181,94082,95007,98408,113783,114201,133772,127659
 "32017","Lincoln, NV",8,CAGDP2,3,"11","  Agriculture, forestry, fishing and hunting ","Thousands of dollars",(D),(D),(D),5447,(D),1325,(D),1945,2212,866,37,(D),6047,(D),(D),(D),(D),978,(D),(D),22536,9418
 "32017","Lincoln, NV",8,CAGDP2,6,"21","  Mining, quarrying, and oil and gas extraction ","Thousands of dollars",1594,2414,1945,1584,1451,1903,1397,1411,1059,1898,2934,1691,1617,1642,1332,1632,2390,1655,(D),1856,(D),(D)
 "32017","Lincoln, NV",8,CAGDP2,10,"22","  Utilities ","Thousands of dollars",321,252,261,265,211,215,243,298,278,352,379,308,331,411,432,490,463,453,471,526,535,495
 "32017","Lincoln, NV",8,CAGDP2,11,"23","  Construction ","Thousands of dollars",4165,2371,4105,(D),(D),(D),(D),(D),(D),(D),(D),(D),(D),(D),(D),(D),(D),(D),(D),(D),(D),(D)
 "32017","Lincoln, NV",8,CAGDP2,12,"31-33","  Manufacturing ","Thousands of dollars",(D),(D),1040,(D),(D),(D),(D),(D),(D),(D),(D),(D),(D),(D),(D),(D),(D),(D),(D),(D),(D),(D)
 "32017","Lincoln, NV",8,CAGDP2,13,"321,327-339","   Durable goods manufacturing ","Thousands of dollars",(D),(D),789,(D),(D),(D),(D),(D),(D),(D),(D),(D),(D),(D),(D),(D),(D),(D),(D),(D),(D),(D)
 "32017","Lincoln, NV",8,CAGDP2,25,"311-316,322-326","   Nondurable goods manufacturing ","Thousands of dollars",193,255,251,80,44,7,23,90,84,0,115,508,436,197,133,1,86,47,224,139,190,(D)
 "32017","Lincoln, NV",8,CAGDP2,34,"42","  Wholesale trade ","Thousands of dollars",(D),(D),(D),(D),(D),(D),(D),(D),(D),(D),(D),(D),1006,(D),(D),(D),775,859,947,945,1009,(D)
 "32017","Lincoln, NV",8,CAGDP2,35,"44-45","  Retail trade ","Thousands of dollars",7157,7494,6334,5910,6790,7094,6932,6908,9046,11922,7290,6852,7428,7886,8007,8357,(D),(D),(D),(D),(D),(D)
 "32017","Lincoln, NV",8,CAGDP2,36,"48-49","  Transportation and warehousing ","Thousands of dollars",2543,(D),(D),3691,3394,2971,2952,3084,2893,2721,3211,(D),(D),3876,4153,(D),(D),(D),(D),(D),(D),(D)
 "32017","Lincoln, NV",8,CAGDP2,45,"51","  Information ","Thousands of dollars",2707,(D),(D),(D),(D),(D),4966,6272,7965,(D),(D),(D),5569,(D),5778,(D),(D),(D),(D),(D),7743,(D)
 "32017","Lincoln, NV",8,CAGDP2,50,"52,53","  Finance, insurance, real estate, rental, and leasing ","Thousands of dollars",13883,15520,15421,17041,18118,20107,21936,23354,24156,25360,27220,27856,27647,29132,31268,28485,28442,29815,29874,32169,31207,31626
 "32017","Lincoln, NV",8,CAGDP2,51,"52","   Finance and insurance ","Thousands of dollars",3607,4019,3552,(D),(D),(D),2248,2479,2521,2736,2490,2667,2336,2468,2305,2315,2374,2444,2766,3612,4053,4316
 "32017","Lincoln, NV",8,CAGDP2,56,"53","   Real estate and rental and leasing ","Thousands of dollars",10277,11501,11869,(D),(D),(D),19688,20875,21635,22624,24730,25188,25310,26664,28963,26169,26068,27370,27108,28557,27154,27310
 "32017","Lincoln, NV",8,CAGDP2,59,"54,55,56","  Professional and business services ","Thousands of dollars",14414,18080,(D),(D),19245,18148,17708,22351,23477,25073,24166,23075,21688,20373,19718,20652,21868,23445,28786,28667,31005,32617
 "32017","Lincoln, NV",8,CAGDP2,60,"54","   Professional, scientific, and technical services ","Thousands of dollars",(D),16543,(D),(D),(D),(D),16757,(D),22737,23984,23142,21962,20606,19408,18904,20090,21412,22981,23643,(D),(D),26206
 "32017","Lincoln, NV",8,CAGDP2,64,"55","   Management of companies and enterprises ","Thousands of dollars",0,0,0,0,0,0,0,0,(D),(D),(D),(D),(D),(D),(D),(D),(D),(D),(D),0,0,(D)
 "32017","Lincoln, NV",8,CAGDP2,65,"56","   Administrative and support and waste management and remediation services ","Thousands of dollars",(D),1537,1235,964,(D),(D),951,(D),(D),(D),(D),(D),(D),(D),(D),(D),(D),(D),(D),(D),(D),(D)
 "32017","Lincoln, NV",8,CAGDP2,68,"61,62","  Educational services, health care, and social assistance ","Thousands of dollars",429,(D),(D),586,725,869,1190,1587,1899,2268,2788,3039,2879,2336,2605,2629,2655,3306,2702,2439,2108,(D)
 "32017","Lincoln, NV",8,CAGDP2,69,"61","   Educational services ","Thousands of dollars",72,75,71,25,21,10,23,26,47,9,16,8,66,(D),(D),(D),(D),(D),(D),(D),(D),(D)
 "32017","Lincoln, NV",8,CAGDP2,70,"62","   Health care and social assistance ","Thousands of dollars",357,(D),(D),561,704,859,1167,1561,1852,2259,2771,3031,2813,(D),(D),(D),(D),(D),(D),(D),(D),(D)
 "32017","Lincoln, NV",8,CAGDP2,75,"71,72","  Arts, entertainment, recreation, accommodation, and food services ","Thousands of dollars",(D),(D),(D),(D),(D),(D),(D),(D),(D),(D),(D),(D),(D),(D),(D),(D),4667,(D),(D),(D),(D),(D)
 "32017","Lincoln, NV",8,CAGDP2,76,"71","   Arts, entertainment, and recreation ","Thousands of dollars",(D),(D),(D),(D),(D),(D),(D),(D),(D),(D),(D),(D),(D),(D),(D),(D),(D),(D),(D),(D),(D),(D)
 "32017","Lincoln, NV",8,CAGDP2,79,"72","   Accommodation and food services ","Thousands of dollars",(D),(D),(D),(D),(D),(D),(D),(D),(D),(D),(D),(D),(D),(D),(D),(D),(D),(D),(D),(D),(D),(D)
 "32017","Lincoln, NV",8,CAGDP2,82,"81","  Other services (except government and government enterprises) ","Thousands of dollars",(D),1432,(D),(D),(D),(D),(D),1561,(D),(D),(D),(D),(D),(D),(D),(D),(D),(D),(D),(D),(D),(D)
 "32017","Lincoln, NV",8,CAGDP2,83,"92","Government and government enterprises ","Thousands of dollars",30588,32609,34533,36667,35039,37997,40343,41763,42423,42926,44955,46360,46873,48560,51586,53207,55379,56908,57563,57518,56857,57567
 "32017","Lincoln, NV",8,CAGDP2,87,"11,21","Natural resources and mining ","Thousands of dollars",(D),(D),(D),7030,(D),3228,(D),3356,3270,2763,2972,(D),7664,(D),(D),(D),(D),2633,9922,(D),(D),(D)
 "32017","Lincoln, NV",8,CAGDP2,88,"42,44-45","Trade ","Thousands of dollars",(D),(D),(D),(D),(D),(D),(D),(D),(D),(D),(D),(D),8435,(D),(D),(D),(D),(D),(D),(D),(D),11303
 "32017","Lincoln, NV",8,CAGDP2,89,"22,48-49","Transportation and utilities ","Thousands of dollars",2864,(D),(D),3956,3605,3186,3195,3382,3171,3073,3590,(D),(D),4286,4585,(D),(D),(D),(D),(D),(D),(D)
 "32017","Lincoln, NV",8,CAGDP2,90,"31-33,51","Manufacturing and information ","Thousands of dollars",(D),3719,(D),4097,3986,4042,(D),(D),(D),9351,9201,8256,(D),8015,(D),8851,9480,9963,10757,10517,(D),11008
 "32017","Lincoln, NV",8,CAGDP2,91,"...","Private goods-producing industries 2/","Thousands of dollars",(D),14075,(D),(D),(D),(D),(D),(D),(D),(D),(D),(D),(D),(D),(D),(D),(D),(D),(D),(D),(D),(D)
 "32017","Lincoln, NV",8,CAGDP2,92,"...","Private services-providing industries 3/","Thousands of dollars",(D),54836,(D),(D),(D),(D),(D),(D),(D),(D),(D),(D),(D),(D),(D),(D),(D),(D),(D),(D),(D),(D)
 "32019","Lyon, NV",8,CAGDP2,1,"...","All industry total ","Thousands of dollars",762877,812436,851502,989883,1095599,1214123,1238661,1199000,1159998,1129777,1177101,1233171,1285128,1367912,1305122,1360396,1464747,1563802,1685627,1678366,1904227,2048515
 "32019","Lyon, NV",8,CAGDP2,2,"..."," Private industries ","Thousands of dollars",679194,724930,755059,882998,979539,1084248,1098409,1052023,1010857,972394,1021293,1080157,1129596,1208186,1137177,1184715,1284671,1369536,1478438,1475269,1688195,1831575
 "32019","Lyon, NV",8,CAGDP2,3,"11","  Agriculture, forestry, fishing and hunting ","Thousands of dollars",50273,56928,59200,65879,49181,82986,37747,39207,61073,46465,58627,5412,14458,15236,11091,23555,16104,16577,10743,7525,7340,8402
 "32019","Lyon, NV",8,CAGDP2,6,"21","  Mining, quarrying, and oil and gas extraction ","Thousands of dollars",10506,10768,16978,19742,18484,23505,22008,26146,18810,26598,41143,54015,68762,81532,59299,37735,48335,53042,79212,88875,105562,115956
 "32019","Lyon, NV",8,CAGDP2,10,"22","  Utilities ","Thousands of dollars",48920,40610,40289,40155,38224,48310,55885,45767,26131,20179,17980,24640,25214,(D),(D),(D),32940,34742,44524,(D),40811,54196
 "32019","Lyon, NV",8,CAGDP2,11,"23","  Construction ","Thousands of dollars",47062,52516,57867,75366,92961,97690,71418,56050,60547,39349,35965,27887,31821,56549,75224,98196,132079,135370,164574,155505,238576,233148
 "32019","Lyon, NV",8,CAGDP2,12,"31-33","  Manufacturing ","Thousands of dollars",126084,138275,144778,185420,210841,213490,237242,228387,186642,169433,197066,238802,230306,246062,235558,255369,264447,267425,250909,264585,279199,317797
 "32019","Lyon, NV",8,CAGDP2,13,"321,327-339","   Durable goods manufacturing ","Thousands of dollars",75147,89225,92159,122094,150216,148075,171041,156603,119897,111810,131626,160654,155404,158750,153252,145635,140734,146215,159549,188806,187794,201057
 "32019","Lyon, NV",8,CAGDP2,25,"311-316,322-326","   Nondurable goods manufacturing ","Thousands of dollars",50938,49051,52619,63326,60625,65415,66201,71784,66745,57623,65441,78148,74902,87312,82305,109734,123713,121211,91360,75779,91404,116741
 "32019","Lyon, NV",8,CAGDP2,34,"42","  Wholesale trade ","Thousands of dollars",36270,36216,36175,45421,54628,56933,57326,55120,46556,31496,35776,28430,29508,28998,31965,33513,34473,37304,42029,42254,45709,50294
 "32019","Lyon, NV",8,CAGDP2,35,"44-45","  Retail trade ","Thousands of dollars",84688,86214,88704,100055,123846,132254,151878,148236,151047,157929,171639,166423,176201,176269,111648,111717,113901,125003,140183,159784,168899,180106
 "32019","Lyon, NV",8,CAGDP2,36,"48-49","  Transportation and warehousing ","Thousands of dollars",12346,13092,14048,18328,20548,24648,28787,24168,23841,38022,48491,52584,52895,54305,60966,63004,65985,71189,67955,80800,90385,106286
 "32019","Lyon, NV",8,CAGDP2,45,"51","  Information ","Thousands of dollars",2052,2915,4541,4602,3529,4145,7619,5538,5344,4587,4933,5516,7266,11330,13574,16856,17008,20166,21795,22274,18488,20785
 "32019","Lyon, NV",8,CAGDP2,50,"52,53","  Finance, insurance, real estate, rental, and leasing ","Thousands of dollars",145723,166022,164101,186514,209207,223115,237516,240705,254806,272565,245796,308108,318434,342359,331541,326016,338792,371007,398018,368809,388959,393478
 "32019","Lyon, NV",8,CAGDP2,51,"52","   Finance and insurance ","Thousands of dollars",15903,17859,17177,12464,15009,10067,11034,10993,12940,13818,11064,15359,14480,12006,14531,19337,20614,21732,30622,27220,37430,40890
 "32019","Lyon, NV",8,CAGDP2,56,"53","   Real estate and rental and leasing ","Thousands of dollars",129820,148163,146924,174050,194198,213049,226482,229713,241866,258747,234732,292749,303954,330353,317010,306679,318179,349275,367395,341590,351529,352588
 "32019","Lyon, NV",8,CAGDP2,59,"54,55,56","  Professional and business services ","Thousands of dollars",31898,32652,36782,41060,45521,51743,54501,56330,49631,46598,45990,45779,50114,52907,58226,62043,70295,74026,80747,82840,111042,137375
 "32019","Lyon, NV",8,CAGDP2,60,"54","   Professional, scientific, and technical services ","Thousands of dollars",(D),(D),(D),21766,26761,26924,25555,27400,24459,21145,20578,21070,25263,25832,29782,32077,35418,37713,38939,38468,45145,54365
 "32019","Lyon, NV",8,CAGDP2,64,"55","   Management of companies and enterprises ","Thousands of dollars",(D),(D),(D),3493,1637,6547,9311,10169,7640,3680,3776,4236,4670,4074,4385,5830,6718,7088,11636,13434,17061,18819
 "32019","Lyon, NV",8,CAGDP2,65,"56","   Administrative and support and waste management and remediation services ","Thousands of dollars",12499,12872,14928,15801,17123,18272,19635,18761,17532,21773,21636,20473,20181,23001,24060,24136,28160,29225,30172,30937,48835,64190
 "32019","Lyon, NV",8,CAGDP2,68,"61,62","  Educational services, health care, and social assistance ","Thousands of dollars",20003,22365,23475,24762,25942,27250,30076,28823,29616,27928,27230,27817,26030,(D),(D),(D),34748,38341,40921,(D),44358,50078
 "32019","Lyon, NV",8,CAGDP2,69,"61","   Educational services ","Thousands of dollars",(D),(D),(D),(D),1574,509,(D),401,(D),(D),(D),465,(D),(D),(D),(D),(D),(D),1078,(D),(D),(D)
 "32019","Lyon, NV",8,CAGDP2,70,"62","   Health care and social assistance ","Thousands of dollars",(D),(D),(D),(D),24367,26741,(D),28422,(D),(D),(D),27352,(D),(D),(D),(D),(D),(D),39843,(D),(D),(D)
 "32019","Lyon, NV",8,CAGDP2,75,"71,72","  Arts, entertainment, recreation, accommodation, and food services ","Thousands of dollars",39651,42963,47924,56034,63514,70639,79158,71144,71187,66912,67481,68853,72966,69237,66728,70901,84929,90381,100110,79849,109945,119193
 "32019","Lyon, NV",8,CAGDP2,76,"71","   Arts, entertainment, and recreation ","Thousands of dollars",27824,28899,34909,40347,45176,53390,59144,52974,54446,49265,48447,48815,52183,46440,41537,42660,53657,56958,64307,45492,64735,65512
 "32019","Lyon, NV",8,CAGDP2,79,"72","   Accommodation and food services ","Thousands of dollars",11828,14064,13015,15686,18338,17248,20013,18170,16741,17646,19034,20038,20783,22797,25190,28242,31272,33423,35803,34357,45210,53681
 "32019","Lyon, NV",8,CAGDP2,82,"81","  Other services (except government and government enterprises) ","Thousands of dollars",23718,23395,20199,19659,23113,27541,27249,26402,25626,24334,23175,25890,25620,26672,27435,29407,30633,34962,36719,35723,38923,44480
 "32019","Lyon, NV",8,CAGDP2,83,"92","Government and government enterprises ","Thousands of dollars",83683,87505,96443,106885,116061,129875,140252,146978,149141,157383,155808,153014,155532,159727,167946,175681,180076,194265,207189,203097,216032,216940
 "32019","Lyon, NV",8,CAGDP2,87,"11,21","Natural resources and mining ","Thousands of dollars",60778,67696,76178,85621,67665,106491,59754,65353,79883,73063,99770,59427,83220,96769,70390,61290,64439,69619,89955,96400,112902,124358
 "32019","Lyon, NV",8,CAGDP2,88,"42,44-45","Trade ","Thousands of dollars",120958,122430,124879,145476,178474,189187,209204,203356,197603,189425,207415,194853,205710,205266,143614,145230,148375,162308,182212,202038,214608,230400
 "32019","Lyon, NV",8,CAGDP2,89,"22,48-49","Transportation and utilities ","Thousands of dollars",61266,53702,54336,58483,58772,72958,84672,69934,49972,58201,66471,77224,78109,(D),(D),(D),98926,105931,112479,(D),131196,160482
 "32019","Lyon, NV",8,CAGDP2,90,"31-33,51","Manufacturing and information ","Thousands of dollars",128136,141190,149319,190022,214370,217635,244862,233924,191987,174020,202000,244318,237572,257392,249132,272225,281455,287591,272703,286859,297687,338583
 "32019","Lyon, NV",8,CAGDP2,91,"...","Private goods-producing industries 2/","Thousands of dollars",233925,258487,278823,346408,371467,417671,368414,349790,327072,281846,332801,326116,345347,399380,381172,414855,460965,472415,505438,516490,630677,675303
 "32019","Lyon, NV",8,CAGDP2,92,"...","Private services-providing industries 3/","Thousands of dollars",445269,466443,476236,536591,608072,666577,729995,702233,683785,690548,688492,754041,784249,808805,756004,769860,823706,897121,973000,958779,1057519,1156272
 "32021","Mineral, NV",8,CAGDP2,1,"...","All industry total ","Thousands of dollars",121577,125847,136208,157770,156717,154830,155596,170335,179566,205308,200261,165903,159596,165685,164861,179257,195117,207944,231607,238570,264904,259316
 "32021","Mineral, NV",8,CAGDP2,2,"..."," Private industries ","Thousands of dollars",91796,95550,104276,124101,122309,119394,119799,133619,140881,162862,158761,124120,118142,123362,123247,136617,151498,162058,183875,188221,214006,206682
 "32021","Mineral, NV",8,CAGDP2,3,"11","  Agriculture, forestry, fishing and hunting ","Thousands of dollars",(D),(D),1875,2067,(D),(D),(D),(D),67,(D),57,(D),1967,(D),(D),(D),(D),(D),(D),(D),5412,3734
 "32021","Mineral, NV",8,CAGDP2,6,"21","  Mining, quarrying, and oil and gas extraction ","Thousands of dollars",23224,22751,30403,34022,6552,6531,6808,7714,6501,11003,16548,19730,27258,23786,13905,14140,15503,15254,24935,40805,57340,35824
 "32021","Mineral, NV",8,CAGDP2,10,"22","  Utilities ","Thousands of dollars",388,404,430,403,376,399,450,429,466,(D),463,862,1320,9010,12129,16958,23336,21164,19808,18739,18363,22366
 "32021","Mineral, NV",8,CAGDP2,11,"23","  Construction ","Thousands of dollars",819,1072,(D),1349,1268,(D),(D),1058,(D),2098,(D),(D),(D),(D),(D),(D),(D),3164,2261,2156,2275,3060
 "32021","Mineral, NV",8,CAGDP2,12,"31-33","  Manufacturing ","Thousands of dollars",(D),(D),(D),518,771,(D),(D),(D),(D),(D),(D),(D),(D),(D),(D),(D),768,420,911,762,436,597
 "32021","Mineral, NV",8,CAGDP2,13,"321,327-339","   Durable goods manufacturing ","Thousands of dollars",(D),(D),(D),(D),(D),(D),(D),(D),(D),(D),(D),(D),(D),(D),(D),(D),414,5,108,258,52,51
 "32021","Mineral, NV",8,CAGDP2,25,"311-316,322-326","   Nondurable goods manufacturing ","Thousands of dollars",21,27,84,(D),(D),(D),14,70,35,219,95,342,426,176,140,111,354,415,803,503,384,546
 "32021","Mineral, NV",8,CAGDP2,34,"42","  Wholesale trade ","Thousands of dollars",(D),(D),(D),(D),619,744,917,1115,(D),(D),(D),(D),(D),(D),(D),(D),(D),(D),(D),(D),(D),(D)
 "32021","Mineral, NV",8,CAGDP2,35,"44-45","  Retail trade ","Thousands of dollars",9601,9831,8322,6601,7155,7625,8085,7980,14307,14555,6364,5798,5875,(D),(D),(D),7799,7569,8433,10086,11699,12446
 "32021","Mineral, NV",8,CAGDP2,36,"48-49","  Transportation and warehousing ","Thousands of dollars",456,434,(D),(D),(D),(D),(D),(D),(D),1114,(D),2002,513,(D),(D),(D),(D),(D),(D),(D),(D),1656
 "32021","Mineral, NV",8,CAGDP2,45,"51","  Information ","Thousands of dollars",(D),(D),(D),(D),(D),(D),(D),(D),(D),(D),(D),(D),(D),(D),(D),(D),(D),1350,1671,1500,(D),(D)
 "32021","Mineral, NV",8,CAGDP2,50,"52,53","  Finance, insurance, real estate, rental, and leasing ","Thousands of dollars",15460,17278,17763,19674,20357,23108,25804,27232,28481,30699,33497,27213,27376,28674,30655,28064,27353,28559,(D),29550,28601,(D)
 "32021","Mineral, NV",8,CAGDP2,51,"52","   Finance and insurance ","Thousands of dollars",(D),(D),(D),(D),(D),(D),(D),(D),1636,(D),(D),(D),(D),(D),(D),(D),(D),(D),(D),(D),(D),(D)
 "32021","Mineral, NV",8,CAGDP2,56,"53","   Real estate and rental and leasing ","Thousands of dollars",(D),(D),(D),(D),(D),(D),(D),(D),26845,(D),(D),(D),(D),(D),(D),(D),(D),(D),26697,(D),(D),26019
 "32021","Mineral, NV",8,CAGDP2,59,"54,55,56","  Professional and business services ","Thousands of dollars",(D),(D),(D),(D),(D),57655,47831,(D),(D),(D),74032,40149,31313,32373,33931,45008,50977,65775,69326,64695,71941,79997
 "32021","Mineral, NV",8,CAGDP2,60,"54","   Professional, scientific, and technical services ","Thousands of dollars",565,971,1088,1055,1159,(D),(D),3137,2780,3114,2904,1899,1393,1553,1381,1266,1117,1433,1525,1421,1930,2222
 "32021","Mineral, NV",8,CAGDP2,64,"55","   Management of companies and enterprises ","Thousands of dollars",0,0,0,0,0,0,0,0,0,0,(D),(D),(D),(D),(D),(D),(D),(D),(D),(D),(D),(D)
 "32021","Mineral, NV",8,CAGDP2,65,"56","   Administrative and support and waste management and remediation services ","Thousands of dollars",(D),(D),(D),(D),(D),(D),(D),(D),(D),(D),(D),(D),(D),(D),(D),(D),(D),(D),(D),(D),(D),(D)
 "32021","Mineral, NV",8,CAGDP2,68,"61,62","  Educational services, health care, and social assistance ","Thousands of dollars",1402,1553,1321,1146,2381,2218,2244,2831,2313,2668,2787,2172,1717,1712,1653,980,(D),1098,1130,1581,1240,1291
 "32021","Mineral, NV",8,CAGDP2,69,"61","   Educational services ","Thousands of dollars",12,12,62,93,(D),(D),(D),(D),(D),(D),(D),(D),(D),(D),(D),76,119,122,102,68,76,96
 "32021","Mineral, NV",8,CAGDP2,70,"62","   Health care and social assistance ","Thousands of dollars",1390,1541,1259,1054,(D),(D),(D),(D),(D),(D),(D),(D),(D),(D),(D),904,(D),976,1028,1513,1164,1195
 "32021","Mineral, NV",8,CAGDP2,75,"71,72","  Arts, entertainment, recreation, accommodation, and food services ","Thousands of dollars",10971,11308,11516,12345,12205,13045,12971,12349,14815,20801,13114,11391,10552,10717,11525,11183,11913,11720,14002,8724,11752,13545
 "32021","Mineral, NV",8,CAGDP2,76,"71","   Arts, entertainment, and recreation ","Thousands of dollars",(D),(D),(D),(D),(D),(D),(D),(D),(D),(D),(D),(D),(D),(D),(D),(D),(D),(D),(D),(D),(D),(D)
 "32021","Mineral, NV",8,CAGDP2,79,"72","   Accommodation and food services ","Thousands of dollars",(D),(D),(D),(D),(D),(D),(D),(D),(D),(D),(D),(D),(D),(D),(D),(D),(D),(D),(D),(D),(D),(D)
 "32021","Mineral, NV",8,CAGDP2,82,"81","  Other services (except government and government enterprises) ","Thousands of dollars",1109,(D),(D),1341,1636,(D),(D),1065,(D),1283,(D),(D),(D),2397,2151,1836,1636,1873,(D),(D),2464,2654
 "32021","Mineral, NV",8,CAGDP2,83,"92","Government and government enterprises ","Thousands of dollars",29781,30297,31932,33669,34408,35436,35797,36716,38685,42446,41500,41783,41454,42323,41613,42640,43619,45887,47733,50350,50898,52633
 "32021","Mineral, NV",8,CAGDP2,87,"11,21","Natural resources and mining ","Thousands of dollars",(D),(D),32278,36089,(D),(D),(D),(D),6569,(D),16604,(D),29224,(D),(D),(D),(D),(D),(D),(D),62752,39557
 "32021","Mineral, NV",8,CAGDP2,88,"42,44-45","Trade ","Thousands of dollars",(D),(D),(D),(D),7774,8369,9002,9095,(D),(D),(D),(D),(D),6772,7698,8441,(D),(D),(D),(D),(D),(D)
 "32021","Mineral, NV",8,CAGDP2,89,"22,48-49","Transportation and utilities ","Thousands of dollars",844,838,(D),(D),(D),(D),(D),(D),(D),(D),(D),2864,1833,(D),(D),(D),(D),(D),(D),(D),(D),24022
 "32021","Mineral, NV",8,CAGDP2,90,"31-33,51","Manufacturing and information ","Thousands of dollars",1656,2115,2322,(D),(D),2904,2614,2289,3200,6035,7013,8404,6014,3606,5421,5372,(D),1770,2582,2262,(D),(D)
 "32021","Mineral, NV",8,CAGDP2,91,"...","Private goods-producing industries 2/","Thousands of dollars",26385,27038,33491,37956,(D),(D),15485,(D),(D),(D),(D),(D),(D),(D),(D),(D),(D),(D),(D),(D),65463,43214
 "32021","Mineral, NV",8,CAGDP2,92,"...","Private services-providing industries 3/","Thousands of dollars",65411,68512,70784,86145,(D),(D),104314,(D),(D),(D),(D),(D),(D),(D),(D),(D),(D),(D),(D),(D),148544,163468
 "32023","Nye, NV",8,CAGDP2,1,"...","All industry total ","Thousands of dollars",700988,770423,848776,979948,1122863,1239249,1309001,1333069,1337268,1542389,1521490,1519681,1450686,1436776,1410168,1429008,1585646,1648498,1731710,1857244,2044653,2126421
 "32023","Nye, NV",8,CAGDP2,2,"..."," Private industries ","Thousands of dollars",607705,675111,746097,868334,1007460,1111896,1173381,1183245,1183459,1382720,1368752,1382561,1311539,1289074,1262460,1274709,1431218,1486388,1560263,1679879,1863615,1930032
 "32023","Nye, NV",8,CAGDP2,3,"11","  Agriculture, forestry, fishing and hunting ","Thousands of dollars",12402,1221,2837,25311,(D),25965,77108,(D),(D),79004,(D),109480,110990,112319,(D),65261,86019,92307,78941,60859,89608,46580
 "32023","Nye, NV",8,CAGDP2,6,"21","  Mining, quarrying, and oil and gas extraction ","Thousands of dollars",107391,110941,126081,153586,163677,241090,247143,305110,286231,369594,426159,400926,314712,261505,203201,228981,290800,250086,260885,373797,415488,364427
 "32023","Nye, NV",8,CAGDP2,10,"22","  Utilities ","Thousands of dollars",8499,8720,8123,8842,8760,9750,11513,(D),(D),13871,(D),13956,16418,17153,(D),29251,29255,37076,27847,35610,49845,58706
 "32023","Nye, NV",8,CAGDP2,11,"23","  Construction ","Thousands of dollars",35010,40679,41108,58755,73298,71978,64820,43891,44240,41075,60312,40799,53155,47784,53492,59733,71194,79581,77509,78076,98270,123620
 "32023","Nye, NV",8,CAGDP2,12,"31-33","  Manufacturing ","Thousands of dollars",14856,12709,14170,24229,24103,21727,17562,18147,14471,14871,16844,21375,20438,28191,28933,29130,33560,28900,30202,28771,26422,24823
 "32023","Nye, NV",8,CAGDP2,13,"321,327-339","   Durable goods manufacturing ","Thousands of dollars",2757,3276,3346,5499,9948,(D),9610,7860,5575,4842,5838,10351,9464,10521,13349,19593,25528,20341,20876,20927,14879,17860
 "32023","Nye, NV",8,CAGDP2,25,"311-316,322-326","   Nondurable goods manufacturing ","Thousands of dollars",12098,9433,10824,18730,14155,(D),7952,10286,8896,10029,11006,11024,10974,17669,15585,9537,8032,8559,9326,7844,11543,6963
 "32023","Nye, NV",8,CAGDP2,34,"42","  Wholesale trade ","Thousands of dollars",7968,7358,7699,8369,10999,11969,12635,13231,10784,11474,10597,8514,11654,14175,17519,21837,30335,31682,33357,31624,34167,37122
 "32023","Nye, NV",8,CAGDP2,35,"44-45","  Retail trade ","Thousands of dollars",48370,50633,54089,54991,66531,76122,78918,80035,147792,209860,92575,77315,82813,89665,98090,105194,113427,119496,129020,145143,162536,174223
 "32023","Nye, NV",8,CAGDP2,36,"48-49","  Transportation and warehousing ","Thousands of dollars",5201,5596,(D),(D),(D),(D),16460,12044,10196,12601,18578,16540,15471,16413,17010,17082,17212,19562,19980,37313,26957,33163
 "32023","Nye, NV",8,CAGDP2,45,"51","  Information ","Thousands of dollars",9517,9318,8712,9094,11035,11943,13548,13937,13856,14281,14592,17172,17267,19358,20678,24722,26986,27076,30505,34344,50048,59157
 "32023","Nye, NV",8,CAGDP2,50,"52,53","  Finance, insurance, real estate, rental, and leasing ","Thousands of dollars",116798,128853,125894,141426,152153,169109,177844,177390,177880,187640,202705,239973,244998,250846,269561,243718,247825,265995,266728,298099,312535,321699
 "32023","Nye, NV",8,CAGDP2,51,"52","   Finance and insurance ","Thousands of dollars",21156,24598,23033,20794,25348,16348,13451,12049,12763,13939,11823,20159,17616,17073,18237,18360,17556,20165,23263,40499,44860,41950
 "32023","Nye, NV",8,CAGDP2,56,"53","   Real estate and rental and leasing ","Thousands of dollars",95642,104255,102861,120633,126805,152761,164392,165341,165118,173700,190882,219814,227383,233772,251324,225359,230269,245830,243464,257600,267675,279749
 "32023","Nye, NV",8,CAGDP2,59,"54,55,56","  Professional and business services ","Thousands of dollars",149645,196931,245062,257965,313177,302133,288901,(D),(D),272574,277779,264680,247489,245252,(D),241946,271812,308017,357304,343144,355940,423573
 "32023","Nye, NV",8,CAGDP2,60,"54","   Professional, scientific, and technical services ","Thousands of dollars",112262,156807,206153,215451,256334,237256,215096,205592,188563,182862,184600,177186,164202,160261,162882,157609,175237,209865,256388,243435,253752,308881
 "32023","Nye, NV",8,CAGDP2,64,"55","   Management of companies and enterprises ","Thousands of dollars",0,0,(D),(D),4075,1780,1996,(D),(D),2863,2715,3166,2295,1869,(D),1698,3558,2313,2153,2310,2506,3985
 "32023","Nye, NV",8,CAGDP2,65,"56","   Administrative and support and waste management and remediation services ","Thousands of dollars",37383,40124,(D),(D),52767,63096,71809,72555,72589,86849,90463,84328,80992,83122,82280,82639,93017,95839,98763,97399,99682,110707
 "32023","Nye, NV",8,CAGDP2,68,"61,62","  Educational services, health care, and social assistance ","Thousands of dollars",14452,17365,(D),(D),25168,(D),38995,42983,45362,46917,(D),56978,57204,64974,70990,73715,71142,72938,80367,85976,92695,97013
 "32023","Nye, NV",8,CAGDP2,69,"61","   Educational services ","Thousands of dollars",(D),(D),(D),(D),2602,(D),(D),6612,6931,(D),(D),(D),(D),9329,9980,10989,11253,12978,(D),(D),(D),12778
 "32023","Nye, NV",8,CAGDP2,70,"62","   Health care and social assistance ","Thousands of dollars",(D),(D),(D),(D),22566,(D),(D),36371,38431,(D),43021,(D),(D),55645,61009,62725,59889,59959,(D),(D),(D),84235
 "32023","Nye, NV",8,CAGDP2,75,"71,72","  Arts, entertainment, recreation, accommodation, and food services ","Thousands of dollars",61716,67001,71280,78321,93155,104202,106528,96958,91287,91299,93991,93673,97373,97480,106530,110387,117136,126373,138894,99856,121934,131588
 "32023","Nye, NV",8,CAGDP2,76,"71","   Arts, entertainment, and recreation ","Thousands of dollars",26350,29619,33564,33237,43028,49313,52489,45167,41003,38017,38229,35285,37335,36783,40039,40343,46725,49858,56451,41302,46483,43683
 "32023","Nye, NV",8,CAGDP2,79,"72","   Accommodation and food services ","Thousands of dollars",35365,37382,37716,45083,50127,54888,54040,51790,50284,53282,55762,58388,60038,60697,66491,70044,70411,76515,82442,58554,75451,87905
 "32023","Nye, NV",8,CAGDP2,82,"81","  Other services (except government and government enterprises) ","Thousands of dollars",15878,17786,16290,16108,19242,21722,21405,20523,18857,17660,16063,21180,21558,23959,23249,23751,24514,27298,28723,27267,27169,34338
 "32023","Nye, NV",8,CAGDP2,83,"92","Government and government enterprises ","Thousands of dollars",93283,95312,102679,111614,115403,127353,135620,149824,153808,159669,152738,137121,139147,147702,147708,154299,154428,162110,171448,177365,181038,196389
 "32023","Nye, NV",8,CAGDP2,87,"11,21","Natural resources and mining ","Thousands of dollars",119793,112162,128919,178898,(D),267054,324251,(D),(D),448598,(D),510407,425701,373824,(D),294242,376819,342394,339826,434656,505096,411007
 "32023","Nye, NV",8,CAGDP2,88,"42,44-45","Trade ","Thousands of dollars",56338,57991,61789,63360,77530,88091,91553,93266,158577,221335,103172,85829,94466,103840,115610,127032,143762,151178,162377,176767,196703,211345
 "32023","Nye, NV",8,CAGDP2,89,"22,48-49","Transportation and utilities ","Thousands of dollars",13701,14316,(D),(D),(D),(D),27973,(D),(D),26472,(D),30496,31888,33566,(D),46333,46468,56638,47827,72923,76802,91869
 "32023","Nye, NV",8,CAGDP2,90,"31-33,51","Manufacturing and information ","Thousands of dollars",24373,22026,22883,33324,35138,33669,31110,32084,28327,29151,31436,38547,37705,47549,49611,53852,60546,55976,60707,63115,76469,83980
 "32023","Nye, NV",8,CAGDP2,91,"...","Private goods-producing industries 2/","Thousands of dollars",169659,165550,184197,261882,(D),360759,406633,(D),(D),504543,(D),572580,499294,449799,(D),383105,481573,450874,447537,541503,629788,559449
 "32023","Nye, NV",8,CAGDP2,92,"...","Private services-providing industries 3/","Thousands of dollars",438045,509561,561900,606452,(D),751137,766748,(D),(D),878177,(D),809981,812245,839275,(D),891604,949645,1035514,1112725,1138376,1233826,1370583
 "32027","Pershing, NV",8,CAGDP2,1,"...","All industry total ","Thousands of dollars",146181,146311,162520,177134,181064,211497,236026,245129,199912,242209,326904,324499,295332,298033,263434,241741,298432,276278,287170,371749,449174,399912
 "32027","Pershing, NV",8,CAGDP2,2,"..."," Private industries ","Thousands of dollars",109923,109184,122316,132305,133872,161922,183638,192184,147788,188312,274677,272089,241032,240886,201466,177663,232862,209669,218430,300493,378801,331456
 "32027","Pershing, NV",8,CAGDP2,3,"11","  Agriculture, forestry, fishing and hunting ","Thousands of dollars",10931,3301,2115,1664,5733,(D),13803,(D),(D),(D),18795,19827,26031,47726,43405,6780,732,645,10035,13857,32271,14604
 "32027","Pershing, NV",8,CAGDP2,6,"21","  Mining, quarrying, and oil and gas extraction ","Thousands of dollars",59473,63053,75226,85269,81580,112688,122623,120411,91460,121115,198363,197496,158134,134957,96359,109426,170140,148345,146759,223021,278552,236481
 "32027","Pershing, NV",8,CAGDP2,10,"22","  Utilities ","Thousands of dollars",(D),239,(D),125,123,140,145,64,0,41,2522,2872,3706,4059,3620,(D),(D),(D),(D),(D),(D),(D)
 "32027","Pershing, NV",8,CAGDP2,11,"23","  Construction ","Thousands of dollars",(D),(D),(D),(D),709,1408,1504,675,598,467,(D),(D),(D),(D),(D),(D),(D),(D),(D),(D),(D),(D)
 "32027","Pershing, NV",8,CAGDP2,12,"31-33","  Manufacturing ","Thousands of dollars",(D),(D),(D),(D),3384,2556,2272,3469,3050,3529,(D),(D),(D),(D),(D),(D),(D),(D),(D),(D),(D),(D)
 "32027","Pershing, NV",8,CAGDP2,13,"321,327-339","   Durable goods manufacturing ","Thousands of dollars",(D),(D),(D),(D),(D),(D),1378,1661,1353,1985,(D),(D),1073,(D),(D),(D),(D),(D),335,327,(D),(D)
 "32027","Pershing, NV",8,CAGDP2,25,"311-316,322-326","   Nondurable goods manufacturing ","Thousands of dollars",(D),(D),(D),(D),(D),(D),894,1808,1697,1544,1365,(D),(D),2464,3138,3985,3953,2483,(D),(D),1043,1271
 "32027","Pershing, NV",8,CAGDP2,34,"42","  Wholesale trade ","Thousands of dollars",(D),(D),(D),(D),(D),1166,(D),1139,664,(D),610,(D),547,579,595,(D),(D),(D),(D),(D),(D),(D)
 "32027","Pershing, NV",8,CAGDP2,35,"44-45","  Retail trade ","Thousands of dollars",7750,7389,7078,7003,8106,8081,8483,8770,12153,9770,8518,8920,8543,9193,10079,11007,11455,11585,12158,12429,12664,13242
 "32027","Pershing, NV",8,CAGDP2,36,"48-49","  Transportation and warehousing ","Thousands of dollars",2803,2813,3161,3261,2494,(D),(D),(D),2418,3069,1796,(D),2135,3796,4607,(D),(D),(D),(D),(D),(D),(D)
 "32027","Pershing, NV",8,CAGDP2,45,"51","  Information ","Thousands of dollars",771,853,1078,1209,1512,962,960,891,986,(D),(D),(D),(D),(D),(D),(D),(D),(D),(D),(D),(D),(D)
 "32027","Pershing, NV",8,CAGDP2,50,"52,53","  Finance, insurance, real estate, rental, and leasing ","Thousands of dollars",14882,16880,16017,17543,18241,19646,21663,22654,23658,25891,28277,24591,25631,26541,28471,25487,25009,26597,26844,30117,29925,28581
 "32027","Pershing, NV",8,CAGDP2,51,"52","   Finance and insurance ","Thousands of dollars",2887,3048,2598,1944,2249,1168,989,1248,1346,(D),1643,1966,(D),(D),1889,2038,1826,1845,2160,3791,4516,3254
 "32027","Pershing, NV",8,CAGDP2,56,"53","   Real estate and rental and leasing ","Thousands of dollars",11995,13831,13419,15599,15993,18477,20673,21406,22311,(D),26634,22625,(D),(D),26582,23449,23182,24752,24684,26327,25409,25327
 "32027","Pershing, NV",8,CAGDP2,59,"54,55,56","  Professional and business services ","Thousands of dollars",1945,(D),2586,2734,2248,1810,1584,2034,2747,3877,2314,2442,(D),(D),(D),1911,1762,1776,2220,2263,2789,(D)
 "32027","Pershing, NV",8,CAGDP2,60,"54","   Professional, scientific, and technical services ","Thousands of dollars",416,(D),(D),(D),828,1089,1179,1340,1421,1441,1349,(D),1167,(D),888,909,1059,912,1368,1391,2047,769
 "32027","Pershing, NV",8,CAGDP2,64,"55","   Management of companies and enterprises ","Thousands of dollars",0,(D),(D),(D),(D),(D),(D),(D),(D),(D),(D),0,0,0,0,(D),(D),(D),(D),(D),(D),(D)
 "32027","Pershing, NV",8,CAGDP2,65,"56","   Administrative and support and waste management and remediation services ","Thousands of dollars",1529,1643,725,44,(D),(D),(D),(D),(D),(D),(D),(D),(D),(D),(D),(D),(D),(D),(D),(D),(D),231
 "32027","Pershing, NV",8,CAGDP2,68,"61,62","  Educational services, health care, and social assistance ","Thousands of dollars",706,1081,1381,(D),(D),(D),1134,(D),(D),1089,(D),1167,949,(D),889,804,934,681,484,(D),(D),573
 "32027","Pershing, NV",8,CAGDP2,69,"61","   Educational services ","Thousands of dollars",10,10,57,(D),(D),(D),(D),(D),(D),(D),(D),(D),(D),(D),(D),(D),(D),(D),(D),8,48,63
 "32027","Pershing, NV",8,CAGDP2,70,"62","   Health care and social assistance ","Thousands of dollars",696,1071,1324,(D),(D),(D),(D),(D),(D),(D),(D),(D),(D),(D),(D),(D),(D),(D),(D),(D),(D),510
 "32027","Pershing, NV",8,CAGDP2,75,"71,72","  Arts, entertainment, recreation, accommodation, and food services ","Thousands of dollars",5363,5954,6084,5872,5589,4895,5032,5012,5998,6584,5028,4864,5763,5118,5068,5082,5083,5186,5335,4353,5715,5977
 "32027","Pershing, NV",8,CAGDP2,76,"71","   Arts, entertainment, and recreation ","Thousands of dollars",(D),(D),(D),(D),(D),(D),(D),(D),2617,3079,1576,(D),(D),(D),(D),(D),(D),(D),(D),(D),(D),(D)
 "32027","Pershing, NV",8,CAGDP2,79,"72","   Accommodation and food services ","Thousands of dollars",(D),(D),(D),(D),(D),(D),(D),(D),3381,3505,3453,(D),(D),(D),(D),(D),(D),(D),(D),(D),(D),(D)
 "32027","Pershing, NV",8,CAGDP2,82,"81","  Other services (except government and government enterprises) ","Thousands of dollars",1177,1235,1167,1287,1424,2079,1867,2137,2056,1921,2196,2291,2643,1772,1645,2002,2381,2219,2156,1370,1332,1863
 "32027","Pershing, NV",8,CAGDP2,83,"92","Government and government enterprises ","Thousands of dollars",36258,37127,40204,44829,47192,49575,52388,52945,52124,53897,52227,52410,54300,57147,61968,64077,65570,66609,68741,71256,70372,68456
 "32027","Pershing, NV",8,CAGDP2,87,"11,21","Natural resources and mining ","Thousands of dollars",70404,66354,77340,86933,87313,(D),136426,(D),(D),(D),217158,217324,184165,182683,139764,116206,170872,148990,156793,236878,310824,251085
 "32027","Pershing, NV",8,CAGDP2,88,"42,44-45","Trade ","Thousands of dollars",(D),(D),(D),(D),(D),9246,(D),9909,12818,(D),9128,(D),9090,9773,10674,(D),(D),(D),(D),(D),(D),(D)
 "32027","Pershing, NV",8,CAGDP2,89,"22,48-49","Transportation and utilities ","Thousands of dollars",(D),3052,(D),3386,2617,(D),(D),(D),2418,3110,4318,(D),5841,7855,8227,(D),(D),(D),(D),(D),(D),(D)
 "32027","Pershing, NV",8,CAGDP2,90,"31-33,51","Manufacturing and information ","Thousands of dollars",(D),(D),(D),(D),4895,3518,3232,4360,4037,(D),4038,3531,4107,4078,4522,5601,4848,2913,2375,1741,2117,2964
 "32027","Pershing, NV",8,CAGDP2,91,"...","Private goods-producing industries 2/","Thousands of dollars",(D),68649,(D),(D),91405,(D),140202,(D),(D),(D),(D),(D),(D),(D),(D),(D),(D),(D),159477,239012,(D),265383
 "32027","Pershing, NV",8,CAGDP2,92,"...","Private services-providing industries 3/","Thousands of dollars",(D),40535,(D),(D),42467,(D),43436,(D),(D),(D),(D),(D),(D),(D),(D),(D),(D),(D),58953,61481,(D),66073
 "32029","Storey, NV",8,CAGDP2,1,"...","All industry total ","Thousands of dollars",158644,163452,177129,182234,181880,240286,338775,352356,445055,479799,467303,521900,563895,728103,1098892,813884,1449325,1734554,1912139,2190245,2609398,2815508
 "32029","Storey, NV",8,CAGDP2,2,"..."," Private industries ","Thousands of dollars",148790,153428,166517,170839,168873,225811,323021,333523,423959,458863,444672,496629,542164,707772,1074855,789428,1422281,1707855,1884357,2161636,2578533,2783023
 "32029","Storey, NV",8,CAGDP2,3,"11","  Agriculture, forestry, fishing and hunting ","Thousands of dollars",(D),(D),(D),178,62,121,403,755,1209,795,762,(D),701,750,656,733,754,831,937,752,1135,1290
 "32029","Storey, NV",8,CAGDP2,6,"21","  Mining, quarrying, and oil and gas extraction ","Thousands of dollars",5511,6591,7963,10206,12551,16855,16671,19604,15857,20247,21814,16282,13548,11681,8124,11214,16097,13974,15309,22143,20635,18027
 "32029","Storey, NV",8,CAGDP2,10,"22","  Utilities ","Thousands of dollars",62702,53541,56272,43861,31315,62687,94199,(D),(D),(D),(D),215083,192897,(D),(D),(D),215631,221672,224605,(D),226410,249811
 "32029","Storey, NV",8,CAGDP2,11,"23","  Construction ","Thousands of dollars",(D),(D),(D),7537,10998,8683,50227,21025,6823,12463,11330,(D),25333,80992,427078,62888,379306,111502,148120,148038,112730,127939
 "32029","Storey, NV",8,CAGDP2,12,"31-33","  Manufacturing ","Thousands of dollars",19576,28612,34245,40830,41814,49147,52353,51460,48819,48966,54795,57832,110560,143141,177151,182529,428324,917197,1056996,1234301,1605365,1725287
 "32029","Storey, NV",8,CAGDP2,13,"321,327-339","   Durable goods manufacturing ","Thousands of dollars",(D),(D),(D),(D),(D),17565,22413,22614,19961,22989,29295,34495,80316,103716,132964,134612,370196,847666,999167,1165435,1524151,1622192
 "32029","Storey, NV",8,CAGDP2,25,"311-316,322-326","   Nondurable goods manufacturing ","Thousands of dollars",(D),(D),(D),(D),(D),31582,29940,28846,28858,25977,25500,23337,30244,39425,44186,47918,58128,69531,57829,68866,81214,103095
 "32029","Storey, NV",8,CAGDP2,34,"42","  Wholesale trade ","Thousands of dollars",(D),7834,(D),(D),(D),(D),(D),(D),(D),(D),(D),17293,(D),(D),17408,16986,18178,20342,27351,(D),37872,39943
 "32029","Storey, NV",8,CAGDP2,35,"44-45","  Retail trade ","Thousands of dollars",2750,2712,4445,2468,2080,5285,4395,(D),(D),(D),(D),(D),2850,(D),(D),(D),(D),(D),(D),(D),(D),(D)
 "32029","Storey, NV",8,CAGDP2,36,"48-49","  Transportation and warehousing ","Thousands of dollars",(D),(D),(D),(D),16431,35268,52790,72288,84215,87702,89771,102831,120697,140233,158325,194331,235605,245325,245022,305180,352731,375458
 "32029","Storey, NV",8,CAGDP2,45,"51","  Information ","Thousands of dollars",27,(D),(D),(D),(D),(D),(D),(D),(D),(D),(D),(D),(D),(D),21146,33035,(D),(D),(D),(D),(D),137762
 "32029","Storey, NV",8,CAGDP2,50,"52,53","  Finance, insurance, real estate, rental, and leasing ","Thousands of dollars",15840,17984,19849,20430,20311,19636,20131,21601,25688,28785,24247,24446,24148,26559,28752,29417,32870,34920,(D),31452,32752,(D)
 "32029","Storey, NV",8,CAGDP2,51,"52","   Finance and insurance ","Thousands of dollars",(D),(D),(D),(D),(D),(D),(D),(D),(D),(D),(D),(D),(D),148,(D),(D),(D),(D),(D),706,1549,1871
 "32029","Storey, NV",8,CAGDP2,56,"53","   Real estate and rental and leasing ","Thousands of dollars",(D),(D),(D),(D),(D),(D),(D),(D),(D),(D),(D),(D),(D),26411,(D),(D),(D),(D),33632,30746,31203,(D)
 "32029","Storey, NV",8,CAGDP2,59,"54,55,56","  Professional and business services ","Thousands of dollars",6765,7406,7266,8539,9328,10277,11523,13781,14380,18280,16383,19389,(D),13811,17813,19930,27956,(D),45347,46761,43410,33689
 "32029","Storey, NV",8,CAGDP2,60,"54","   Professional, scientific, and technical services ","Thousands of dollars",1160,1443,(D),(D),3028,3805,4477,(D),3919,4380,4991,4807,4978,5681,(D),9748,18888,(D),(D),(D),(D),(D)
 "32029","Storey, NV",8,CAGDP2,64,"55","   Management of companies and enterprises ","Thousands of dollars",0,0,0,0,0,0,0,(D),(D),(D),(D),(D),(D),(D),(D),0,0,132,(D),(D),(D),(D)
 "32029","Storey, NV",8,CAGDP2,65,"56","   Administrative and support and waste management and remediation services ","Thousands of dollars",5605,5963,(D),(D),6301,6472,7046,6863,(D),(D),(D),(D),(D),(D),10177,10182,9068,47278,22536,21647,(D),9467
 "32029","Storey, NV",8,CAGDP2,68,"61,62","  Educational services, health care, and social assistance ","Thousands of dollars",1100,1218,974,1095,(D),825,(D),(D),(D),(D),(D),3200,3975,(D),(D),(D),5873,5952,5540,(D),6788,7793
 "32029","Storey, NV",8,CAGDP2,69,"61","   Educational services ","Thousands of dollars",(D),(D),(D),(D),(D),(D),(D),(D),(D),(D),(D),(D),(D),(D),(D),(D),(D),(D),(D),(D),195,(D)
 "32029","Storey, NV",8,CAGDP2,70,"62","   Health care and social assistance ","Thousands of dollars",(D),(D),(D),(D),611,(D),659,(D),(D),(D),(D),(D),(D),(D),(D),(D),(D),(D),(D),(D),6594,(D)
 "32029","Storey, NV",8,CAGDP2,75,"71,72","  Arts, entertainment, recreation, accommodation, and food services ","Thousands of dollars",10317,10275,10263,8299,7139,6939,8587,8199,6987,6713,6964,7770,8079,7981,7449,7207,7122,9959,11382,8116,9218,10992
 "32029","Storey, NV",8,CAGDP2,76,"71","   Arts, entertainment, and recreation ","Thousands of dollars",5347,5246,6644,5404,4092,3509,4888,4543,3116,2839,2886,3290,3213,2640,2068,1538,1311,1489,1484,973,1254,1689
 "32029","Storey, NV",8,CAGDP2,79,"72","   Accommodation and food services ","Thousands of dollars",4970,5029,3620,2896,3047,3430,3699,3656,3871,3873,4078,4481,4866,5341,5380,5669,5811,8470,9899,7143,7963,9303
 "32029","Storey, NV",8,CAGDP2,82,"81","  Other services (except government and government enterprises) ","Thousands of dollars",4207,5365,4516,4575,5938,6996,7354,6148,6444,5685,5185,6628,6034,6701,6003,6707,7413,5828,6745,3855,4156,5554
 "32029","Storey, NV",8,CAGDP2,83,"92","Government and government enterprises ","Thousands of dollars",9854,10024,10612,11395,13007,14475,15754,18833,21097,20936,22631,25271,21731,20330,24037,24455,27044,26699,27782,28609,30865,32485
 "32029","Storey, NV",8,CAGDP2,87,"11,21","Natural resources and mining ","Thousands of dollars",(D),(D),(D),10384,12612,16976,17074,20359,17067,21042,22576,(D),14249,12432,8780,11947,16851,14806,16246,22894,21770,19317
 "32029","Storey, NV",8,CAGDP2,88,"42,44-45","Trade ","Thousands of dollars",(D),10546,(D),(D),(D),(D),(D),6980,11078,13238,13917,(D),(D),20876,(D),(D),(D),(D),(D),54104,(D),(D)
 "32029","Storey, NV",8,CAGDP2,89,"22,48-49","Transportation and utilities ","Thousands of dollars",(D),(D),(D),(D),47746,97956,146989,(D),(D),(D),(D),317914,313594,(D),(D),(D),451236,466998,469627,(D),579141,625268
 "32029","Storey, NV",8,CAGDP2,90,"31-33,51","Manufacturing and information ","Thousands of dollars",19604,(D),(D),(D),(D),(D),(D),(D),(D),(D),(D),(D),(D),(D),198297,215565,(D),(D),(D),(D),(D),1863049
 "32029","Storey, NV",8,CAGDP2,91,"...","Private goods-producing industries 2/","Thousands of dollars",29852,39667,45219,58750,65425,74807,119654,92845,72709,82471,88701,96834,150142,236565,613009,257365,824480,1043504,1221362,1405234,1739864,1872543
 "32029","Storey, NV",8,CAGDP2,92,"...","Private services-providing industries 3/","Thousands of dollars",118938,113761,121298,112088,103448,151004,203367,240678,351250,376393,355971,399795,392022,471207,461847,532064,597800,664350,662995,756402,838669,910479
 "32031","Washoe, NV",8,CAGDP2,1,"...","All industry total ","Thousands of dollars",15337214,15828860,16573439,18318149,19796262,20533629,21006063,20357709,19572661,20501345,20428919,21379426,21671755,22083231,24136769,26083215,27911779,27739342,29442995,30071207,33917315,37279456
 "32031","Washoe, NV",8,CAGDP2,2,"..."," Private industries ","Thousands of dollars",13749742,14142801,14753237,16326856,17762172,18350331,18717080,17924495,17125273,18004205,17963095,18963696,19139380,19447576,21337802,23153413,24976456,24733902,26297488,26822350,30564168,33756254
 "32031","Washoe, NV",8,CAGDP2,3,"11","  Agriculture, forestry, fishing and hunting ","Thousands of dollars",9774,(D),6910,6835,(D),15468,7982,8189,16578,17008,20899,35787,21154,25247,31667,18276,19217,28923,(D),23420,38646,48984
 "32031","Washoe, NV",8,CAGDP2,6,"21","  Mining, quarrying, and oil and gas extraction ","Thousands of dollars",67899,75670,57457,54940,67466,159775,278574,81176,77955,142540,218483,85659,49321,34912,23566,24190,40406,42211,47646,64350,72613,72379
 "32031","Washoe, NV",8,CAGDP2,10,"22","  Utilities ","Thousands of dollars",118437,120439,118234,143657,63246,85426,84401,114905,107210,114418,104210,99213,106576,128796,136299,115002,109604,111526,(D),109879,151210,377206
 "32031","Washoe, NV",8,CAGDP2,11,"23","  Construction ","Thousands of dollars",1140425,1126937,1253968,1631286,2065063,2147960,1893438,1184042,1110193,1184810,1356088,973940,840991,1130204,1587778,2128683,2485981,2591975,2697020,3102745,3254881,3603924
 "32031","Washoe, NV",8,CAGDP2,12,"31-33","  Manufacturing ","Thousands of dollars",956612,994307,1085002,1416648,1493538,1599881,1954754,1937695,1643416,1433319,1458068,1595498,1714075,1709142,1655011,1747153,2129968,2061547,2155975,2153423,2371564,2734353
 "32031","Washoe, NV",8,CAGDP2,13,"321,327-339","   Durable goods manufacturing ","Thousands of dollars",579758,636160,712171,1053537,(D),(D),(D),1560789,1260688,1075232,1125113,1247849,1298422,1246561,1196948,1230390,1573280,1450143,1519150,1514849,1635298,1855464
 "32031","Washoe, NV",8,CAGDP2,25,"311-316,322-326","   Nondurable goods manufacturing ","Thousands of dollars",376854,358147,372831,363111,(D),(D),(D),376907,382728,358087,332955,347649,415653,462581,458064,516763,556688,611404,636825,638573,736267,878889
 "32031","Washoe, NV",8,CAGDP2,34,"42","  Wholesale trade ","Thousands of dollars",1063463,1063303,1063382,1168395,1293248,(D),1377554,1362613,1212926,1178951,1203632,1271745,1356004,1450444,1523785,1650815,1825214,1964380,2038698,2012664,2101115,2276579
 "32031","Washoe, NV",8,CAGDP2,35,"44-45","  Retail trade ","Thousands of dollars",1382668,1433582,1339233,1384080,1564731,1544687,1457225,1371148,1325289,1215727,1287963,1283419,1416095,1531062,1657653,1807712,1912916,2025228,2133500,2224061,2488627,2644236
 "32031","Washoe, NV",8,CAGDP2,36,"48-49","  Transportation and warehousing ","Thousands of dollars",532703,(D),612149,704199,(D),(D),838851,831133,790788,855224,903133,893384,856755,892675,1012760,1137979,1228284,1273190,1354826,1341171,1644277,1880300
 "32031","Washoe, NV",8,CAGDP2,45,"51","  Information ","Thousands of dollars",350112,380608,408051,471600,551953,471670,503464,422454,530733,771182,700542,584189,508699,547708,537346,558201,538651,606937,(D),755124,950554,966930
 "32031","Washoe, NV",8,CAGDP2,50,"52,53","  Finance, insurance, real estate, rental, and leasing ","Thousands of dollars",2902304,3012892,3205748,3469408,3836182,3990637,4059429,4338384,4186608,4458983,4393322,5722886,5614443,4931979,5740801,6121168,6411633,5332470,5914192,6656225,7432089,8163088
 "32031","Washoe, NV",8,CAGDP2,51,"52","   Finance and insurance ","Thousands of dollars",715184,774834,858369,970047,1136366,913742,843497,913323,999713,1355373,1256340,2750962,2623851,2602431,2872601,3069031,3050986,1485431,1623812,2171909,2449037,2474088
 "32031","Washoe, NV",8,CAGDP2,56,"53","   Real estate and rental and leasing ","Thousands of dollars",2187120,2238058,2347379,2499361,2699817,3076895,3215932,3425060,3186895,3103610,3136982,2971924,2990593,2329547,2868201,3052137,3360647,3847039,4290380,4484316,4983052,5689000
 "32031","Washoe, NV",8,CAGDP2,59,"54,55,56","  Professional and business services ","Thousands of dollars",1449812,1495858,1638469,1815157,2099177,2180874,2235490,2388469,2208111,2246067,2316658,2459806,2523475,2699863,2824893,2999289,3208725,3395860,3539452,3601761,4140093,4552766
 "32031","Washoe, NV",8,CAGDP2,60,"54","   Professional, scientific, and technical services ","Thousands of dollars",832353,887668,967639,1047078,1130340,1228561,1237475,1314564,1183323,1191306,1240521,1334972,1365223,1438857,1539467,1633098,1755959,1803456,1895955,1853788,2084613,2277130
 "32031","Washoe, NV",8,CAGDP2,64,"55","   Management of companies and enterprises ","Thousands of dollars",259892,250049,286900,337491,478391,410386,444698,498128,481434,483368,478610,513887,511706,555972,517740,526718,527138,610149,611836,685863,826609,905782
 "32031","Washoe, NV",8,CAGDP2,65,"56","   Administrative and support and waste management and remediation services ","Thousands of dollars",357567,358142,383929,430588,490446,541928,553318,575777,543354,571393,597526,610948,646547,705034,767686,839472,925629,982255,1031661,1062110,1228870,1369854
 "32031","Washoe, NV",8,CAGDP2,68,"61,62","  Educational services, health care, and social assistance ","Thousands of dollars",1037535,1134416,1226488,1302145,1341681,1392745,1483030,1567724,1633506,1664540,1631399,1664876,1702628,1786318,1907409,2058788,2151572,2283907,2383884,2372391,2552540,2762470
 "32031","Washoe, NV",8,CAGDP2,69,"61","   Educational services ","Thousands of dollars",46076,49839,53412,56736,66879,70780,81146,92389,108987,117708,115116,116057,121092,130230,137470,148620,148152,164616,174433,168123,194403,207930
 "32031","Washoe, NV",8,CAGDP2,70,"62","   Health care and social assistance ","Thousands of dollars",991459,1084577,1173076,1245409,1274802,1321965,1401884,1475335,1524519,1546832,1516283,1548819,1581537,1656088,1769940,1910168,2003420,2119291,2209450,2204269,2358137,2554539
 "32031","Washoe, NV",8,CAGDP2,75,"71,72","  Arts, entertainment, recreation, accommodation, and food services ","Thousands of dollars",2425111,2394710,2412220,2406727,2213809,2165947,2134749,1926702,1886848,2326743,1984290,1896172,2018364,2126502,2232917,2309065,2379517,2426438,2537800,1836315,2748654,2946501
 "32031","Washoe, NV",8,CAGDP2,76,"71","   Arts, entertainment, and recreation ","Thousands of dollars",1061860,1025554,1047435,916478,645512,546181,506660,503401,637820,1075801,716981,642285,669541,676359,624545,616552,614507,575518,614420,463197,909010,729687
 "32031","Washoe, NV",8,CAGDP2,79,"72","   Accommodation and food services ","Thousands of dollars",1363251,1369156,1364786,1490250,1568297,1619766,1628089,1423301,1249028,1250942,1267309,1253887,1348822,1450143,1608372,1692513,1765010,1850920,1923380,1373118,1839644,2216814
 "32031","Washoe, NV",8,CAGDP2,82,"81","  Other services (except government and government enterprises) ","Thousands of dollars",312888,335970,325927,351777,386206,409839,408139,389860,395112,394693,384407,397121,410799,452725,465916,477094,534767,589310,622661,568822,617305,726537
 "32031","Washoe, NV",8,CAGDP2,83,"92","Government and government enterprises ","Thousands of dollars",1587472,1686058,1820202,1991294,2034090,2183298,2288983,2433214,2447388,2497139,2465823,2415730,2532375,2635655,2798967,2929801,2935323,3005441,3145507,3248857,3353146,3523202
 "32031","Washoe, NV",8,CAGDP2,87,"11,21","Natural resources and mining ","Thousands of dollars",77673,(D),64367,61775,(D),175243,286556,89365,94533,159548,239382,121446,70475,60158,55233,42466,59623,71133,(D),87769,111259,121364
 "32031","Washoe, NV",8,CAGDP2,88,"42,44-45","Trade ","Thousands of dollars",2446131,2496886,2402615,2552475,2857978,(D),2834780,2733761,2538215,2394678,2491595,2555165,2772099,2981506,3181438,3458527,3738129,3989608,4172198,4236726,4589742,4920815
 "32031","Washoe, NV",8,CAGDP2,89,"22,48-49","Transportation and utilities ","Thousands of dollars",651140,(D),730383,847857,(D),(D),923252,946038,897998,969642,1007343,992597,963331,1021472,1149059,1252981,1337888,1384717,(D),1451049,1795487,2257506
 "32031","Washoe, NV",8,CAGDP2,90,"31-33,51","Manufacturing and information ","Thousands of dollars",1306723,1374915,1493053,1888248,2045490,2071551,2458218,2360149,2174149,2204501,2158610,2179688,2222774,2256850,2192357,2305353,2668619,2668484,(D),2908547,3322118,3701284
 "32031","Washoe, NV",8,CAGDP2,91,"...","Private goods-producing industries 2/","Thousands of dollars",2174709,(D),2403337,3109709,(D),3923084,4134749,3211103,2848142,2777677,3053538,2690884,2625541,2899504,3298023,3918302,4675572,4724655,(D),5343937,5737704,6459641
 "32031","Washoe, NV",8,CAGDP2,92,"...","Private services-providing industries 3/","Thousands of dollars",11575033,(D),12349900,13217147,(D),14427247,14582332,14713392,14277130,15226528,14909558,16272813,16513838,16548072,18039779,19235112,20300884,20009246,(D),21478413,24826465,27296613
 "32033","White Pine, NV",8,CAGDP2,1,"...","All industry total ","Thousands of dollars",237135,245285,252524,298330,369412,456793,478045,529763,529935,650016,804217,731873,618695,559913,510298,525362,636332,607858,642759,782349,851219,807560
 "32033","White Pine, NV",8,CAGDP2,2,"..."," Private industries ","Thousands of dollars",152996,155995,157771,196030,266769,348948,365125,413729,409080,525442,680741,607754,491368,428742,374124,393030,504005,473624,503893,645042,708991,666238
 "32033","White Pine, NV",8,CAGDP2,3,"11","  Agriculture, forestry, fishing and hunting ","Thousands of dollars",29472,33476,38088,35599,33570,25286,4158,821,3553,1589,796,9448,8853,1599,1398,6504,1787,1406,19613,23561,31147,15683
 "32033","White Pine, NV",8,CAGDP2,6,"21","  Mining, quarrying, and oil and gas extraction ","Thousands of dollars",19028,18323,18528,46922,111982,191028,217506,269425,236368,330847,504393,421060,302016,257495,200010,220140,330111,295050,299153,422162,468867,430561
 "32033","White Pine, NV",8,CAGDP2,10,"22","  Utilities ","Thousands of dollars",2467,2677,2426,2487,2591,2789,3018,3184,3271,3460,3411,10255,16149,19546,19013,19661,20782,17782,19422,17680,20505,24118
 "32033","White Pine, NV",8,CAGDP2,11,"23","  Construction ","Thousands of dollars",9621,7602,7773,12676,13056,13727,13834,10948,15901,17341,24991,29684,23840,11687,9074,8001,12121,(D),(D),(D),21526,(D)
 "32033","White Pine, NV",8,CAGDP2,12,"31-33","  Manufacturing ","Thousands of dollars",835,707,967,1457,2252,2558,2198,2490,1775,1653,2067,2591,2644,2302,2057,2501,2448,(D),(D),(D),1815,(D)
 "32033","White Pine, NV",8,CAGDP2,13,"321,327-339","   Durable goods manufacturing ","Thousands of dollars",649,(D),594,1038,1860,2135,1863,2138,1403,1236,(D),(D),2157,(D),(D),(D),1691,1234,1268,1280,(D),(D)
 "32033","White Pine, NV",8,CAGDP2,25,"311-316,322-326","   Nondurable goods manufacturing ","Thousands of dollars",186,(D),372,419,392,423,334,352,372,417,(D),(D),487,(D),(D),(D),757,(D),(D),(D),(D),725
 "32033","White Pine, NV",8,CAGDP2,34,"42","  Wholesale trade ","Thousands of dollars",3630,3740,3936,4063,4959,5185,5450,5987,5707,5751,6417,(D),(D),(D),(D),(D),(D),(D),(D),(D),(D),(D)
 "32033","White Pine, NV",8,CAGDP2,35,"44-45","  Retail trade ","Thousands of dollars",16741,16729,15297,15786,16840,17259,19302,20051,36477,44606,23680,18085,18297,18682,18764,19135,19991,23452,25637,26426,31653,33262
 "32033","White Pine, NV",8,CAGDP2,36,"48-49","  Transportation and warehousing ","Thousands of dollars",(D),(D),(D),(D),(D),(D),(D),(D),(D),(D),(D),7429,9335,8276,8124,8188,7729,7413,7154,8815,7584,8565
 "32033","White Pine, NV",8,CAGDP2,45,"51","  Information ","Thousands of dollars",2153,(D),2095,1980,2018,3744,5273,6968,5965,2734,2805,2630,2625,2714,3185,3958,4172,4134,3936,3810,3765,(D)
 "32033","White Pine, NV",8,CAGDP2,50,"52,53","  Finance, insurance, real estate, rental, and leasing ","Thousands of dollars",36594,37120,36108,36076,38894,42691,46144,45441,45846,51530,56689,51181,51794,52286,55903,50745,50064,52191,52093,58741,59586,59140
 "32033","White Pine, NV",8,CAGDP2,51,"52","   Finance and insurance ","Thousands of dollars",10601,11399,10069,7243,7703,5016,4659,4921,4960,5617,5018,7476,5912,5387,5305,5593,5280,5028,5495,9523,11016,10582
 "32033","White Pine, NV",8,CAGDP2,56,"53","   Real estate and rental and leasing ","Thousands of dollars",25994,25722,26040,28833,31190,37675,41485,40519,40886,45913,51671,43705,45882,46899,50598,45152,44784,47164,46599,49218,48569,48558
 "32033","White Pine, NV",8,CAGDP2,59,"54,55,56","  Professional and business services ","Thousands of dollars",(D),6127,5403,(D),(D),7780,9774,10951,(D),9295,9906,12695,13370,11384,11362,8090,8732,7798,10448,8756,(D),12635
 "32033","White Pine, NV",8,CAGDP2,60,"54","   Professional, scientific, and technical services ","Thousands of dollars",3376,3225,2857,(D),(D),(D),(D),(D),(D),2777,4129,(D),(D),3214,(D),(D),(D),(D),(D),(D),(D),(D)
 "32033","White Pine, NV",8,CAGDP2,64,"55","   Management of companies and enterprises ","Thousands of dollars",(D),0,0,(D),(D),(D),(D),(D),(D),3424,2379,(D),(D),4987,(D),(D),(D),(D),(D),(D),(D),(D)
 "32033","White Pine, NV",8,CAGDP2,65,"56","   Administrative and support and waste management and remediation services ","Thousands of dollars",(D),2902,2546,3310,3164,4174,5987,4275,2737,3093,3397,3890,3595,3182,3980,3054,4184,3324,4560,4353,6486,7664
 "32033","White Pine, NV",8,CAGDP2,68,"61,62","  Educational services, health care, and social assistance ","Thousands of dollars",7077,7110,(D),6876,7100,(D),(D),(D),7587,(D),(D),(D),(D),(D),(D),(D),(D),(D),(D),(D),8931,8502
 "32033","White Pine, NV",8,CAGDP2,69,"61","   Educational services ","Thousands of dollars",0,0,(D),(D),(D),(D),(D),(D),(D),(D),(D),(D),(D),(D),(D),39,22,49,29,46,89,(D)
 "32033","White Pine, NV",8,CAGDP2,70,"62","   Health care and social assistance ","Thousands of dollars",7077,7110,(D),(D),(D),(D),(D),(D),(D),(D),(D),(D),(D),(D),(D),(D),(D),(D),(D),(D),8842,(D)
 "32033","White Pine, NV",8,CAGDP2,75,"71,72","  Arts, entertainment, recreation, accommodation, and food services ","Thousands of dollars",13153,14546,14627,17921,20879,23160,25321,23394,29784,37726,26160,24362,24227,23566,24966,24629,23874,25121,26096,22446,29598,29941
 "32033","White Pine, NV",8,CAGDP2,76,"71","   Arts, entertainment, and recreation ","Thousands of dollars",2296,2268,3150,4421,5039,5314,6680,5871,13562,20570,7401,4033,2709,1513,2985,3319,2391,3333,2667,3466,5750,3849
 "32033","White Pine, NV",8,CAGDP2,79,"72","   Accommodation and food services ","Thousands of dollars",10857,12278,11477,13500,15840,17846,18641,17523,16222,17156,18758,20328,21518,22053,21981,21310,21483,21788,23429,18980,23848,26093
 "32033","White Pine, NV",8,CAGDP2,82,"81","  Other services (except government and government enterprises) ","Thousands of dollars",3038,(D),2974,3085,3290,4113,4346,4712,5197,5555,5392,4747,4122,4899,5338,5126,5712,5642,5886,5368,5053,(D)
 "32033","White Pine, NV",8,CAGDP2,83,"92","Government and government enterprises ","Thousands of dollars",84138,89290,94754,102300,102644,107845,112921,116034,120856,124574,123476,124119,127327,131171,136174,132333,132327,134233,138866,137307,142228,141322
 "32033","White Pine, NV",8,CAGDP2,87,"11,21","Natural resources and mining ","Thousands of dollars",48500,51800,56616,82521,145552,216314,221663,270246,239921,332436,505189,430508,310869,259094,201408,226644,331898,296456,318766,445723,500014,446245
 "32033","White Pine, NV",8,CAGDP2,88,"42,44-45","Trade ","Thousands of dollars",20372,20470,19233,19848,21799,22444,24752,26038,42184,50357,30097,(D),(D),(D),(D),(D),(D),(D),(D),(D),(D),(D)
 "32033","White Pine, NV",8,CAGDP2,89,"22,48-49","Transportation and utilities ","Thousands of dollars",(D),(D),(D),(D),(D),(D),(D),(D),(D),(D),(D),17684,25484,27822,27138,27849,28511,25194,26576,26495,28089,32683
 "32033","White Pine, NV",8,CAGDP2,90,"31-33,51","Manufacturing and information ","Thousands of dollars",2988,(D),3062,3437,4270,6302,7471,9458,7740,4387,4872,5222,5269,5016,5242,6458,6619,(D),(D),(D),5579,6251
 "32033","White Pine, NV",8,CAGDP2,91,"...","Private goods-producing industries 2/","Thousands of dollars",58956,60109,65356,96654,160860,232599,237695,283683,257596,351430,532247,462784,337354,273083,212539,237145,346466,311325,335845,475540,523354,470123
 "32033","White Pine, NV",8,CAGDP2,92,"...","Private services-providing industries 3/","Thousands of dollars",94040,95887,92415,99376,105909,116349,127430,130046,151484,174013,148495,144970,154014,155659,161586,155885,157539,162299,168048,169502,185637,196115
 "32510","Carson City (Independent City), NV",8,CAGDP2,1,"...","All industry total ","Thousands of dollars",2207979,2277081,2358020,2497379,2604337,2795150,2946217,3012553,3034651,3243551,3068869,3166880,3097619,3017194,3112317,3145560,3397457,3551097,3861253,3782635,3995443,4285306
 "32510","Carson City (Independent City), NV",8,CAGDP2,2,"..."," Private industries ","Thousands of dollars",1592728,1641308,1668829,1742050,1818242,1968960,2074811,2205337,2194797,2386104,2212010,2343775,2235628,2152714,2171740,2208422,2419250,2541644,2799322,2736498,2927672,3232683
 "32510","Carson City (Independent City), NV",8,CAGDP2,3,"11","  Agriculture, forestry, fishing and hunting ","Thousands of dollars",(D),(D),(D),(D),(D),(D),(D),(D),(D),(D),(D),(D),(D),(D),(D),(D),(D),(D),(D),(D),146,3932
 "32510","Carson City (Independent City), NV",8,CAGDP2,6,"21","  Mining, quarrying, and oil and gas extraction ","Thousands of dollars",917,524,0,5,23,76,68,73,66,155,488,409,175,160,151,80,102,93,(D),242,(D),(D)
 "32510","Carson City (Independent City), NV",8,CAGDP2,10,"22","  Utilities ","Thousands of dollars",14917,15959,16607,18575,18946,20421,20673,20488,21754,21469,17956,15380,16749,17787,17451,17992,17491,17584,(D),20504,21156,21639
 "32510","Carson City (Independent City), NV",8,CAGDP2,11,"23","  Construction ","Thousands of dollars",(D),(D),(D),(D),(D),(D),(D),(D),(D),(D),(D),124652,169555,144174,160127,111964,173255,186614,214273,178986,210386,244411
 "32510","Carson City (Independent City), NV",8,CAGDP2,12,"31-33","  Manufacturing ","Thousands of dollars",235463,232435,224131,240752,265210,290360,311042,354906,289313,306820,290160,291416,279459,287186,282239,287552,315276,288020,322921,309500,298899,346871
 "32510","Carson City (Independent City), NV",8,CAGDP2,13,"321,327-339","   Durable goods manufacturing ","Thousands of dollars",196829,(D),190513,208641,234807,(D),276932,327425,260880,272880,253000,250640,234568,243833,237482,248934,274716,250148,284947,267052,253082,294271
 "32510","Carson City (Independent City), NV",8,CAGDP2,25,"311-316,322-326","   Nondurable goods manufacturing ","Thousands of dollars",38634,(D),33618,32111,30403,(D),34110,27481,28432,33940,37161,40775,44891,43353,44758,38618,40560,37871,37974,42448,45817,52600
 "32510","Carson City (Independent City), NV",8,CAGDP2,34,"42","  Wholesale trade ","Thousands of dollars",57413,60057,67711,70065,78692,87189,82555,78263,63735,63419,66258,64942,63225,69497,83264,76854,70041,75213,79700,100251,109779,121028
 "32510","Carson City (Independent City), NV",8,CAGDP2,35,"44-45","  Retail trade ","Thousands of dollars",212132,219925,204389,224389,248252,244971,225604,224032,265055,283154,205233,190914,195309,206061,225139,254445,302598,327178,355119,363704,403664,411820
 "32510","Carson City (Independent City), NV",8,CAGDP2,36,"48-49","  Transportation and warehousing ","Thousands of dollars",(D),(D),(D),(D),(D),(D),(D),(D),(D),(D),(D),(D),(D),(D),(D),(D),(D),(D),(D),(D),(D),(D)
 "32510","Carson City (Independent City), NV",8,CAGDP2,45,"51","  Information ","Thousands of dollars",34310,42995,39697,49647,60102,82813,146287,117900,116980,114568,82428,63745,59290,60376,84069,102217,114167,96943,87874,57209,64058,70969
 "32510","Carson City (Independent City), NV",8,CAGDP2,50,"52,53","  Finance, insurance, real estate, rental, and leasing ","Thousands of dollars",339014,326349,332103,284479,271717,388769,405172,476540,439870,499614,447051,652928,537232,484358,465759,502252,546440,599814,712081,712462,714389,(D)
 "32510","Carson City (Independent City), NV",8,CAGDP2,51,"52","   Finance and insurance ","Thousands of dollars",129593,140219,132261,126684,136100,95145,90385,77422,76421,92817,70698,325296,204898,120154,121074,145542,156593,173343,259702,291325,273370,281149
 "32510","Carson City (Independent City), NV",8,CAGDP2,56,"53","   Real estate and rental and leasing ","Thousands of dollars",209420,186130,199842,157795,135616,293624,314787,399118,363449,406798,376353,327632,332334,364204,344685,356711,389847,426471,452379,421137,441019,(D)
 "32510","Carson City (Independent City), NV",8,CAGDP2,59,"54,55,56","  Professional and business services ","Thousands of dollars",161039,167865,183957,191686,206477,209185,218487,213762,192430,218485,222578,231710,241963,240229,243012,218626,219140,260340,280381,274331,294737,381663
 "32510","Carson City (Independent City), NV",8,CAGDP2,60,"54","   Professional, scientific, and technical services ","Thousands of dollars",108519,113507,127067,128730,134723,140291,137596,137867,128244,137757,147375,147372,140141,135206,139134,116074,109292,136082,148660,137700,122498,143551
 "32510","Carson City (Independent City), NV",8,CAGDP2,64,"55","   Management of companies and enterprises ","Thousands of dollars",6481,8362,7024,6416,11020,12879,26535,23042,15256,26561,18313,24464,41099,41629,42737,43416,42859,49184,53218,57068,77004,82284
 "32510","Carson City (Independent City), NV",8,CAGDP2,65,"56","   Administrative and support and waste management and remediation services ","Thousands of dollars",46039,45997,49866,56540,60734,56016,54357,52853,48930,54167,56889,59874,60722,63394,61142,59135,66988,75073,78502,79563,95235,155828
 "32510","Carson City (Independent City), NV",8,CAGDP2,68,"61,62","  Educational services, health care, and social assistance ","Thousands of dollars",122597,136096,144855,156640,168121,182892,211600,315115,334110,386363,429937,445334,421869,417517,378861,379296,373991,379843,397143,423050,440545,458872
 "32510","Carson City (Independent City), NV",8,CAGDP2,69,"61","   Educational services ","Thousands of dollars",3132,3234,3381,3478,3947,17147,33122,46832,55732,92145,118814,130723,122674,102646,50310,25657,7720,7887,7164,8880,15312,17641
 "32510","Carson City (Independent City), NV",8,CAGDP2,70,"62","   Health care and social assistance ","Thousands of dollars",119465,132861,141474,153161,164173,165745,178478,268283,278378,294219,311123,314611,299195,314871,328550,353639,366270,371956,389979,414170,425233,441231
 "32510","Carson City (Independent City), NV",8,CAGDP2,75,"71,72","  Arts, entertainment, recreation, accommodation, and food services ","Thousands of dollars",175025,184181,190766,194204,197762,200071,205981,176785,176031,207964,174098,173726,176831,155785,161983,181793,202242,216255,233463,186783,252460,279088
 "32510","Carson City (Independent City), NV",8,CAGDP2,76,"71","   Arts, entertainment, and recreation ","Thousands of dollars",80458,84387,96719,110085,108562,107262,104635,93575,102866,134617,99868,98065,94828,74149,66556,74469,86101,90939,105382,86399,102793,100565
 "32510","Carson City (Independent City), NV",8,CAGDP2,79,"72","   Accommodation and food services ","Thousands of dollars",94567,99794,94046,84119,89200,92809,101346,83210,73166,73347,74230,75661,82003,81636,95427,107323,116142,125316,128081,100385,149668,178523
 "32510","Carson City (Independent City), NV",8,CAGDP2,82,"81","  Other services (except government and government enterprises) ","Thousands of dollars",65939,67840,69051,67215,71706,69808,69070,67880,65673,61213,55641,50818,48618,49866,54158,61424,69459,76574,81145,76094,83017,99838
 "32510","Carson City (Independent City), NV",8,CAGDP2,83,"92","Government and government enterprises ","Thousands of dollars",615251,635773,689191,755329,786095,826190,871407,807216,839854,857447,856858,823105,861992,864480,940577,937138,978207,1009453,1061932,1046137,1067771,1052623
 "32510","Carson City (Independent City), NV",8,CAGDP2,87,"11,21","Natural resources and mining ","Thousands of dollars",(D),(D),(D),(D),(D),(D),(D),(D),(D),(D),(D),(D),(D),(D),(D),(D),(D),(D),(D),(D),(D),(D)
 "32510","Carson City (Independent City), NV",8,CAGDP2,88,"42,44-45","Trade ","Thousands of dollars",269546,279982,272100,294454,326944,332161,308159,302295,328790,346573,271491,255856,258534,275558,308404,331299,372639,402390,434819,463955,513443,532848
 "32510","Carson City (Independent City), NV",8,CAGDP2,89,"22,48-49","Transportation and utilities ","Thousands of dollars",(D),(D),(D),(D),(D),(D),(D),(D),(D),(D),(D),(D),(D),(D),(D),(D),(D),(D),(D),(D),(D),(D)
 "32510","Carson City (Independent City), NV",8,CAGDP2,90,"31-33,51","Manufacturing and information ","Thousands of dollars",269773,275429,263828,290399,325312,373173,457329,472806,406293,421387,372588,355161,338749,347562,366308,389769,429443,384962,410795,366710,362957,417841
 "32510","Carson City (Independent City), NV",8,CAGDP2,91,"...","Private goods-producing industries 2/","Thousands of dollars",(D),(D),(D),(D),(D),(D),(D),(D),(D),(D),(D),(D),(D),(D),(D),(D),(D),(D),(D),(D),(D),(D)
 "32510","Carson City (Independent City), NV",8,CAGDP2,92,"...","Private services-providing industries 3/","Thousands of dollars",(D),(D),(D),(D),(D),(D),(D),(D),(D),(D),(D),(D),(D),(D),(D),(D),(D),(D),(D),(D),(D),(D)
"Note: See the included footnote file."
"CAGDP2: Gross domestic product (GDP) by county and metropolitan area 1."
"Last updated: November 1, 2024 -- revised statistics for 2001-2016."
"U.S. Bureau of Economic Analysis"
