GeoFIPS,GeoName,Region,TableName,LineCode,IndustryClassification,Description,Unit,2001,2002,2003,2004,2005,2006,2007,2008,2009,2010,2011,2012,2013,2014,2015,2016,2017,2018,2019,2020,2021,2022
 "28000","Mississippi",5,CAGDP2,1,"...","All industry total ","Thousands of dollars",67750190,69704919,74418391,78680084,82991635,87596680,91876471,95179266,92377998,94788294,96799077,100905376,103042553,105219478,106623886,107795402,110281427,113166404,115441688,116193112,128364452,139976397
 "28000","Mississippi",5,CAGDP2,2,"..."," Private industries ","Thousands of dollars",56328586,57579858,61478257,65137210,68733556,73158042,76091757,78441758,75119052,77550207,79502441,83470210,85233622,86940744,87880872,88514787,90593529,93274213,94877291,95402452,106650654,117336608
 "28000","Mississippi",5,CAGDP2,3,"11","  Agriculture, forestry, fishing and hunting ","Thousands of dollars",1675682,1286265,1856775,2669628,2249048,1577265,1914847,1699888,1644064,1987411,1776028,1894353,3248137,2762242,2159908,1898731,2591652,2468733,2068238,1667583,3072246,3040424
 "28000","Mississippi",5,CAGDP2,6,"21","  Mining, quarrying, and oil and gas extraction ","Thousands of dollars",626146,550221,695796,928010,944602,1288099,1699019,2108523,1491147,1523146,1740127,1733653,1696072,1650459,1031495,722416,862787,1020236,967932,769967,1048642,1240935
 "28000","Mississippi",5,CAGDP2,10,"22","  Utilities ","Thousands of dollars",1849748,1792565,1848154,2101222,2080840,2350653,2313618,2416679,2592577,2882185,2918764,2873204,2993054,3169280,3221842,3163671,3187063,3229526,3386612,3385712,3858036,4249727
 "28000","Mississippi",5,CAGDP2,11,"23","  Construction ","Thousands of dollars",3032559,3246556,3346647,3624578,4255745,5040012,5458149,5549688,4878470,4448210,4364916,4355117,4396295,4158958,3860017,3754253,3643782,3751552,3950982,3997913,4358951,4593923
 "28000","Mississippi",5,CAGDP2,12,"31-33","  Manufacturing ","Thousands of dollars",11049338,10829767,12454069,12296254,13299867,14973992,15540922,15343516,13511521,14107955,14660623,16513487,15127623,15833523,16057466,15898963,16396943,16730868,16478379,16005641,17942812,21046843
 "28000","Mississippi",5,CAGDP2,13,"321,327-339","   Durable goods manufacturing ","Thousands of dollars",6145196,6175093,6848962,7164817,7510313,8100026,8768370,8582541,7199527,8219732,8090931,8268658,8697859,8860961,9222297,9665037,9488464,9619792,9643645,9733952,10504238,11914235
 "28000","Mississippi",5,CAGDP2,25,"311-316,322-326","   Nondurable goods manufacturing ","Thousands of dollars",4904142,4654674,5605107,5131438,5789554,6873966,6772552,6760975,6311994,5888224,6569693,8244829,6429764,6972563,6835169,6233926,6908479,7111077,6834734,6271688,7438574,9132608
 "28000","Mississippi",5,CAGDP2,34,"42","  Wholesale trade ","Thousands of dollars",3494227,3525183,3717980,3981373,4155326,4443853,4585497,4669014,4473858,4680396,4884989,5154509,5353853,5447068,5646111,5635611,5836289,5997894,6273357,6262150,6891412,7376041
 "28000","Mississippi",5,CAGDP2,35,"44-45","  Retail trade ","Thousands of dollars",5804223,5998431,6410578,6587256,6986865,7589739,7345723,7284036,7168522,7444294,7595760,7875211,8179881,8437154,8670297,9204544,9310340,9411204,9622307,10390372,11911115,12515746
 "28000","Mississippi",5,CAGDP2,36,"48-49","  Transportation and warehousing ","Thousands of dollars",2207281,2247648,2416488,2635798,2784150,2964176,3005154,3139258,2900996,3032781,3140734,3239452,3339411,3418975,3717771,3792401,4148867,4716512,4891007,4974029,5487993,6313913
 "28000","Mississippi",5,CAGDP2,45,"51","  Information ","Thousands of dollars",1705783,1761428,1759883,1855323,2003990,1975276,1919282,2066676,1964520,1964003,1887081,1977442,2206971,2276503,2451978,2461201,2396945,2387273,2508229,2477388,2778982,2919039
 "28000","Mississippi",5,CAGDP2,50,"52,53","  Finance, insurance, real estate, rental, and leasing ","Thousands of dollars",10479462,11128227,11298343,11698091,12668823,12793928,12905915,13607481,13984716,14210763,14831346,15355597,15840317,16529145,17189879,17492143,17208056,17661776,18004163,19795978,20817272,22146953
 "28000","Mississippi",5,CAGDP2,51,"52","   Finance and insurance ","Thousands of dollars",3479468,3545867,3649726,3756924,4051156,4062395,4200541,4000935,3906643,3918473,4021871,4253969,4407603,4930788,5185124,5291814,5148988,5360280,5536348,5919599,6292090,6428811
 "28000","Mississippi",5,CAGDP2,56,"53","   Real estate and rental and leasing ","Thousands of dollars",6999995,7582360,7648617,7941167,8617667,8731533,8705374,9606546,10078073,10292290,10809475,11101628,11432714,11598356,12004755,12200330,12059068,12301496,12467816,13876379,14525182,15718142
 "28000","Mississippi",5,CAGDP2,59,"54,55,56","  Professional and business services ","Thousands of dollars",3985049,4264626,4511595,4792550,5065827,5580086,6030785,6582645,6307585,6636993,6783101,7033147,7214761,7384631,7559126,7667657,7819434,8100388,8202589,8274079,9226956,10195883
 "28000","Mississippi",5,CAGDP2,60,"54","   Professional, scientific, and technical services ","Thousands of dollars",2117103,2279274,2367325,2496323,2597866,2798429,2997046,3386092,3218153,3193696,3260948,3298671,3293410,3386783,3495284,3496018,3546587,3623994,3697558,3663429,4009152,4517272
 "28000","Mississippi",5,CAGDP2,64,"55","   Management of companies and enterprises ","Thousands of dollars",761084,805677,848296,845758,802085,871854,964359,998283,996839,1034921,1098105,1155298,1207802,1206309,1218327,1248996,1308262,1383036,1351363,1433432,1505474,1673889
 "28000","Mississippi",5,CAGDP2,65,"56","   Administrative and support and waste management and remediation services ","Thousands of dollars",1106861,1179675,1295973,1450469,1665875,1909803,2069380,2198269,2092593,2408375,2424048,2579178,2713549,2791539,2845515,2922643,2964584,3093358,3153668,3177218,3712331,4004721
 "28000","Mississippi",5,CAGDP2,68,"61,62","  Educational services, health care, and social assistance ","Thousands of dollars",4784116,5117018,5435904,5833493,5981747,6444783,6828450,7385128,7832661,8085596,8331761,8636356,8641589,8730767,8908729,9226243,9461524,9835453,10240931,9901712,10375371,11262023
 "28000","Mississippi",5,CAGDP2,69,"61","   Educational services ","Thousands of dollars",426320,437721,467364,506673,524981,589683,616263,688369,767014,833191,867632,929216,926247,919412,857428,883294,839637,853685,877977,793521,803875,890088
 "28000","Mississippi",5,CAGDP2,70,"62","   Health care and social assistance ","Thousands of dollars",4357795,4679297,4968540,5326820,5456766,5855099,6212186,6696759,7065648,7252405,7464129,7707139,7715342,7811355,8051302,8342949,8621887,8981768,9362954,9108191,9571496,10371935
 "28000","Mississippi",5,CAGDP2,75,"71,72","  Arts, entertainment, recreation, accommodation, and food services ","Thousands of dollars",3518725,3672983,3723228,4085489,4186434,3951117,4347660,4387487,4179907,4304524,4333491,4468329,4561954,4577223,4785198,4969714,5053104,5240333,5443457,4715606,6014056,7074780
 "28000","Mississippi",5,CAGDP2,76,"71","   Arts, entertainment, and recreation ","Thousands of dollars",885871,664805,649580,677791,714085,577316,696389,684668,660989,684920,635484,664828,659102,606842,614195,651656,552802,542814,543182,446638,689126,903407
 "28000","Mississippi",5,CAGDP2,79,"72","   Accommodation and food services ","Thousands of dollars",2632854,3008179,3073648,3407698,3472349,3373801,3651271,3702819,3518918,3619604,3698007,3803502,3902852,3970380,4171003,4318058,4500303,4697519,4900275,4268969,5324930,6171374
 "28000","Mississippi",5,CAGDP2,82,"81","  Other services (except government and government enterprises) ","Thousands of dollars",2116248,2158937,2002817,2048144,2070293,2185064,2196736,2201739,2188507,2241951,2253720,2360354,2433704,2564814,2621054,2627237,2676741,2722465,2839108,2784320,2866810,3360378
 "28000","Mississippi",5,CAGDP2,83,"92","Government and government enterprises ","Thousands of dollars",11421604,12125061,12940134,13542874,14258079,14438639,15784714,16737509,17258946,17238087,17296636,17435166,17808931,18278734,18743014,19280614,19687898,19892191,20564397,20790660,21713798,22639789
 "28000","Mississippi",5,CAGDP2,87,"11,21","Natural resources and mining ","Thousands of dollars",2301828,1836487,2552571,3597638,3193650,2865364,3613866,3808412,3135210,3510557,3516155,3628006,4944209,4412701,3191403,2621147,3454439,3488969,3036170,2437550,4120888,4281359
 "28000","Mississippi",5,CAGDP2,88,"42,44-45","Trade ","Thousands of dollars",9298450,9523614,10128558,10568629,11142191,12033592,11931220,11953050,11642381,12124690,12480749,13029719,13533735,13884223,14316409,14840156,15146630,15409098,15895664,16652522,18802526,19891786
 "28000","Mississippi",5,CAGDP2,89,"22,48-49","Transportation and utilities ","Thousands of dollars",4057028,4040214,4264642,4737020,4864990,5314829,5318772,5555937,5493573,5914966,6059498,6112656,6332465,6588256,6939613,6956072,7335931,7946038,8277619,8359742,9346029,10563640
 "28000","Mississippi",5,CAGDP2,90,"31-33,51","Manufacturing and information ","Thousands of dollars",12755121,12591196,14213952,14151577,15303857,16949268,17460204,17410192,15476041,16071958,16547704,18490929,17334594,18110026,18509444,18360165,18793888,19118141,18986608,18483028,20721794,23965882
 "28000","Mississippi",5,CAGDP2,91,"...","Private goods-producing industries 2/","Thousands of dollars",16383725,15912810,18353287,19518471,20749262,22879367,24612937,24701616,21525202,22066722,22541694,24496610,24468127,24405182,23108885,22274363,23495164,23971389,23465531,22441104,26422651,29922125
 "28000","Mississippi",5,CAGDP2,92,"...","Private services-providing industries 3/","Thousands of dollars",39944860,41667048,43124969,45618739,47984294,50278674,51478819,53740142,53593850,55483485,56960747,58973600,60765494,62535561,64771987,66240424,67098365,69302824,71411760,72961347,80228003,87414482
 "28001","Adams, MS",5,CAGDP2,1,"...","All industry total ","Thousands of dollars",759141,788926,757080,758339,799967,872114,860495,1051644,879105,853061,877164,925188,1001909,988864,938092,923782,940452,980849,983243,927177,1057239,1131073
 "28001","Adams, MS",5,CAGDP2,2,"..."," Private industries ","Thousands of dollars",664244,687570,655570,654320,689563,759133,738907,930321,759517,734967,761204,808344,885128,877025,840937,824293,838193,876764,876893,821852,950198,1019052
 "28001","Adams, MS",5,CAGDP2,3,"11","  Agriculture, forestry, fishing and hunting ","Thousands of dollars",7232,5421,7693,7981,9285,8446,4933,4036,9664,8100,10716,10209,34471,7051,5556,5744,3348,4694,5067,8562,8789,3249
 "28001","Adams, MS",5,CAGDP2,6,"21","  Mining, quarrying, and oil and gas extraction ","Thousands of dollars",49627,44966,40648,49858,52014,87189,86049,94182,56188,55900,66551,86657,81029,90611,60898,43017,49429,49177,37163,28058,34155,45215
 "28001","Adams, MS",5,CAGDP2,10,"22","  Utilities ","Thousands of dollars",1591,1689,1719,1668,1626,1706,1588,1745,1870,1939,1927,1876,1977,2005,2042,2226,2296,2451,2505,4399,4629,4416
 "28001","Adams, MS",5,CAGDP2,11,"23","  Construction ","Thousands of dollars",29533,61145,38325,51126,66729,86245,103517,87850,54584,42283,43127,47087,36299,40378,30223,27236,25321,25359,23604,22722,31287,30463
 "28001","Adams, MS",5,CAGDP2,12,"31-33","  Manufacturing ","Thousands of dollars",132728,123184,106352,72474,67054,63420,60810,110447,88371,51930,46405,51583,81521,60869,58328,60449,65385,70214,67043,64936,87188,97319
 "28001","Adams, MS",5,CAGDP2,13,"321,327-339","   Durable goods manufacturing ","Thousands of dollars",(D),(D),(D),22623,21692,23602,32866,33703,27857,23146,18780,21587,61064,42807,31203,25829,24122,24263,25183,26525,39430,48632
 "28001","Adams, MS",5,CAGDP2,25,"311-316,322-326","   Nondurable goods manufacturing ","Thousands of dollars",(D),(D),(D),49852,45361,39818,27944,76744,60515,28785,27625,29997,20457,18062,27125,34619,41263,45952,41861,38411,47758,48687
 "28001","Adams, MS",5,CAGDP2,34,"42","  Wholesale trade ","Thousands of dollars",24783,24339,30496,35407,39916,41864,43244,45275,41850,45872,46851,49210,48871,50522,53467,52271,52552,54975,58310,57479,66167,70853
 "28001","Adams, MS",5,CAGDP2,35,"44-45","  Retail trade ","Thousands of dollars",83586,84813,88483,90129,93764,100070,93226,94426,95530,100340,104591,106031,113850,119811,122507,129160,124268,123319,119739,121381,140044,142871
 "28001","Adams, MS",5,CAGDP2,36,"48-49","  Transportation and warehousing ","Thousands of dollars",18922,20081,21832,23973,24842,29202,30856,32501,29150,31520,36063,40974,45131,57998,33195,32158,39335,47648,48382,44924,54779,66656
 "28001","Adams, MS",5,CAGDP2,45,"51","  Information ","Thousands of dollars",12197,13505,12696,13357,15104,14815,15001,16181,15088,15009,14352,18272,25898,31106,36210,36099,31270,30694,32221,31106,32625,34229
 "28001","Adams, MS",5,CAGDP2,50,"52,53","  Finance, insurance, real estate, rental, and leasing ","Thousands of dollars",121765,122315,123176,125748,131295,129639,92166,223745,151031,147007,146520,157684,154986,156310,155327,162908,169837,168650,176179,171304,183096,188269
 "28001","Adams, MS",5,CAGDP2,51,"52","   Finance and insurance ","Thousands of dollars",36711,36927,38620,39300,39887,37534,39952,131350,49002,41964,46547,40602,41358,47768,47985,48662,49023,50209,51722,55072,57587,57097
 "28001","Adams, MS",5,CAGDP2,56,"53","   Real estate and rental and leasing ","Thousands of dollars",85054,85388,84556,86448,91408,92104,52213,92395,102029,105043,99973,117082,113627,108542,107342,114246,120813,118441,124457,116231,125509,131171
 "28001","Adams, MS",5,CAGDP2,59,"54,55,56","  Professional and business services ","Thousands of dollars",39636,40382,36660,31491,33120,39148,42721,46404,41956,48081,49021,47503,54590,50386,54713,55161,57161,59971,61421,54595,67805,76569
 "28001","Adams, MS",5,CAGDP2,60,"54","   Professional, scientific, and technical services ","Thousands of dollars",26914,(D),24476,19998,20311,21893,24816,29711,26375,27592,28460,29579,28796,28330,25949,23857,23412,22633,24178,22181,23697,25939
 "28001","Adams, MS",5,CAGDP2,64,"55","   Management of companies and enterprises ","Thousands of dollars",1423,(D),1606,2143,2330,2631,2545,2921,3058,3504,3395,2324,3211,3388,3538,4009,3100,3542,3158,2739,3473,4800
 "28001","Adams, MS",5,CAGDP2,65,"56","   Administrative and support and waste management and remediation services ","Thousands of dollars",11298,11434,10579,9350,10480,14624,15360,13773,12523,16985,17165,15600,22583,18668,25226,27295,30648,33795,34086,29676,40634,45830
 "28001","Adams, MS",5,CAGDP2,68,"61,62","  Educational services, health care, and social assistance ","Thousands of dollars",64216,67735,70467,70754,68869,73245,78391,84652,90861,97535,102721,102933,102050,103324,118446,117513,119326,132597,137413,127903,132650,136942
 "28001","Adams, MS",5,CAGDP2,69,"61","   Educational services ","Thousands of dollars",(D),(D),(D),(D),(D),(D),(D),(D),(D),(D),(D),(D),(D),(D),(D),(D),(D),(D),(D),(D),(D),(D)
 "28001","Adams, MS",5,CAGDP2,70,"62","   Health care and social assistance ","Thousands of dollars",(D),(D),(D),(D),(D),(D),(D),(D),(D),(D),(D),(D),(D),(D),(D),(D),(D),(D),(D),(D),(D),(D)
 "28001","Adams, MS",5,CAGDP2,75,"71,72","  Arts, entertainment, recreation, accommodation, and food services ","Thousands of dollars",52863,52085,52978,57497,63097,60514,61786,63245,58025,64880,69309,66290,81831,82215,83741,74580,72773,81439,80761,57913,78125,88581
 "28001","Adams, MS",5,CAGDP2,76,"71","   Arts, entertainment, and recreation ","Thousands of dollars",28106,25239,25024,25273,26964,25658,28101,24399,19824,21702,24650,25668,34116,32602,33130,26890,26914,29523,30225,21834,27291,31495
 "28001","Adams, MS",5,CAGDP2,79,"72","   Accommodation and food services ","Thousands of dollars",24757,26846,27954,32224,36133,34856,33685,38846,38202,43179,44658,40622,47714,49613,50612,47689,45860,51916,50535,36079,50834,57086
 "28001","Adams, MS",5,CAGDP2,82,"81","  Other services (except government and government enterprises) ","Thousands of dollars",25564,25911,24046,22855,22847,23630,24622,25633,25349,24571,23052,22035,22625,24439,26283,25771,25894,25576,27084,26570,28857,33421
 "28001","Adams, MS",5,CAGDP2,83,"92","Government and government enterprises ","Thousands of dollars",94897,101356,101510,104019,110403,112981,121587,121322,119588,118094,115960,116844,116781,111839,97156,99488,102258,104085,106350,105325,107042,112021
 "28001","Adams, MS",5,CAGDP2,87,"11,21","Natural resources and mining ","Thousands of dollars",56859,50386,48341,57839,61299,95636,90982,98218,65853,63999,77267,96866,115500,97663,66454,48762,52776,53870,42231,36620,42944,48464
 "28001","Adams, MS",5,CAGDP2,88,"42,44-45","Trade ","Thousands of dollars",108369,109151,118979,125536,133680,141935,136469,139701,137379,146212,151442,155241,162721,170332,175974,181430,176820,178294,178049,178860,206211,213725
 "28001","Adams, MS",5,CAGDP2,89,"22,48-49","Transportation and utilities ","Thousands of dollars",20514,21770,23551,25642,26469,30908,32444,34246,31020,33459,37990,42850,47108,60003,35236,34384,41631,50099,50887,49323,59409,71072
 "28001","Adams, MS",5,CAGDP2,90,"31-33,51","Manufacturing and information ","Thousands of dollars",144925,136689,119047,85832,82158,78235,75811,126628,103459,66940,60757,69855,107418,91975,94538,96548,96656,100908,99265,96042,119813,131548
 "28001","Adams, MS",5,CAGDP2,91,"...","Private goods-producing industries 2/","Thousands of dollars",219120,234715,193018,181440,195082,245301,255309,296515,208808,158212,166799,195536,233319,198910,155004,136446,143482,149444,132878,124277,161420,176246
 "28001","Adams, MS",5,CAGDP2,92,"...","Private services-providing industries 3/","Thousands of dollars",445124,452854,462553,472880,494482,513833,483599,633806,550709,576755,594406,612808,651809,678115,685932,687847,694711,727320,744015,697575,788778,842807
 "28003","Alcorn, MS",5,CAGDP2,1,"...","All industry total ","Thousands of dollars",763666,790913,819682,850471,875435,932735,920961,959112,960061,972555,987977,1126274,1189332,1158755,1199946,1178767,1185077,1252271,1282101,1338882,1408758,1551701
 "28003","Alcorn, MS",5,CAGDP2,2,"..."," Private industries ","Thousands of dollars",656864,675259,699044,725413,739600,793572,765789,793125,782931,792367,801411,947942,1008372,978726,1011541,985105,988727,1051483,1078584,1143501,1236499,1385932
 "28003","Alcorn, MS",5,CAGDP2,3,"11","  Agriculture, forestry, fishing and hunting ","Thousands of dollars",1723,1489,(D),2442,(D),(D),1605,2340,784,1025,6496,10443,10265,1969,1627,1497,2953,2012,2299,4359,8195,2849
 "28003","Alcorn, MS",5,CAGDP2,6,"21","  Mining, quarrying, and oil and gas extraction ","Thousands of dollars",0,0,(D),0,(D),0,0,0,0,0,0,0,0,0,0,0,0,0,0,0,0,(D)
 "28003","Alcorn, MS",5,CAGDP2,10,"22","  Utilities ","Thousands of dollars",5117,5208,5270,5810,(D),(D),6170,6554,6704,7030,7403,7376,7597,7987,8185,8758,8701,9007,9710,10488,11093,(D)
 "28003","Alcorn, MS",5,CAGDP2,11,"23","  Construction ","Thousands of dollars",22912,26471,30479,28439,25955,33312,47707,34160,32400,37254,35580,37270,36150,36222,32944,32057,32044,30829,32175,31758,32587,36047
 "28003","Alcorn, MS",5,CAGDP2,12,"31-33","  Manufacturing ","Thousands of dollars",245545,242888,245943,251329,248533,261999,271821,272595,254681,226769,214971,299438,355312,307542,307342,271055,257211,271305,246919,274312,321538,406895
 "28003","Alcorn, MS",5,CAGDP2,13,"321,327-339","   Durable goods manufacturing ","Thousands of dollars",116965,108281,119356,125401,127191,138755,157805,145528,120837,120539,108478,170456,211114,191501,196672,171154,159299,175788,150778,168691,214887,289651
 "28003","Alcorn, MS",5,CAGDP2,25,"311-316,322-326","   Nondurable goods manufacturing ","Thousands of dollars",128580,134607,126587,125928,121342,123244,114016,127067,133844,106230,106493,128981,144198,116041,110670,99901,97912,95517,96141,105621,106651,117244
 "28003","Alcorn, MS",5,CAGDP2,34,"42","  Wholesale trade ","Thousands of dollars",38091,39464,47005,52250,54060,59341,63587,67722,65468,68260,68159,71038,68746,65839,61725,58558,60036,62940,85617,84333,91271,75198
 "28003","Alcorn, MS",5,CAGDP2,35,"44-45","  Retail trade ","Thousands of dollars",100577,102415,109256,112192,114564,117409,113968,113391,115402,120359,117528,123165,128053,129555,128189,133828,135056,135133,141881,149864,164928,174142
 "28003","Alcorn, MS",5,CAGDP2,36,"48-49","  Transportation and warehousing ","Thousands of dollars",19812,20020,21134,22616,21676,24629,24702,19265,14927,15721,21400,23830,23105,24305,25772,27659,31724,36630,37268,34259,38324,44326
 "28003","Alcorn, MS",5,CAGDP2,45,"51","  Information ","Thousands of dollars",8062,8293,8047,8546,10057,9848,9250,8630,7645,8884,9247,10413,17105,25989,31524,27921,15439,15475,17246,17933,27065,27826
 "28003","Alcorn, MS",5,CAGDP2,50,"52,53","  Finance, insurance, real estate, rental, and leasing ","Thousands of dollars",117735,123346,119091,116336,121243,134981,83400,110573,126051,130555,137566,161474,157692,163179,182350,179518,177227,194633,202949,250034,207617,235263
 "28003","Alcorn, MS",5,CAGDP2,51,"52","   Finance and insurance ","Thousands of dollars",29973,30474,29182,31618,33968,33541,36522,36223,37402,36438,36842,41617,45853,55921,61518,59867,54249,59724,63356,67645,71561,89697
 "28003","Alcorn, MS",5,CAGDP2,56,"53","   Real estate and rental and leasing ","Thousands of dollars",87762,92872,89909,84718,87275,101440,46878,74350,88649,94116,100724,119857,111839,107259,120831,119651,122978,134909,139592,182390,136056,145565
 "28003","Alcorn, MS",5,CAGDP2,59,"54,55,56","  Professional and business services ","Thousands of dollars",18690,21514,24904,30060,34561,38747,35459,37227,33557,47517,55628,61878,64924,68195,75372,80200,88548,99009,95633,93737,131453,152426
 "28003","Alcorn, MS",5,CAGDP2,60,"54","   Professional, scientific, and technical services ","Thousands of dollars",10127,11833,13666,16612,15505,(D),(D),(D),(D),(D),(D),21553,15130,16266,16231,18022,17418,17321,16402,15892,17249,21960
 "28003","Alcorn, MS",5,CAGDP2,64,"55","   Management of companies and enterprises ","Thousands of dollars",0,0,0,0,0,(D),(D),(D),(D),(D),(D),2012,2029,1856,2011,2224,2276,2386,2754,2502,3208,3370
 "28003","Alcorn, MS",5,CAGDP2,65,"56","   Administrative and support and waste management and remediation services ","Thousands of dollars",8563,9681,11238,13448,19055,21226,22715,22745,19854,28785,33442,38313,47765,50073,57129,59955,68854,79302,76477,75343,110997,127096
 "28003","Alcorn, MS",5,CAGDP2,68,"61,62","  Educational services, health care, and social assistance ","Thousands of dollars",33095,35822,40257,46076,47393,52627,53866,63755,67391,68169,68308,80571,78226,82568,88292,92230,98806,107105,113526,104688,105876,112643
 "28003","Alcorn, MS",5,CAGDP2,69,"61","   Educational services ","Thousands of dollars",15,(D),139,247,369,507,477,434,485,546,746,813,825,1259,1208,1309,1061,1069,1117,1035,1043,1000
 "28003","Alcorn, MS",5,CAGDP2,70,"62","   Health care and social assistance ","Thousands of dollars",33080,(D),40117,45829,47024,52120,53390,63321,66906,67623,67562,79758,77401,81310,87083,90921,97745,106037,112409,103652,104833,111643
 "28003","Alcorn, MS",5,CAGDP2,75,"71,72","  Arts, entertainment, recreation, accommodation, and food services ","Thousands of dollars",21701,23243,23730,25677,27555,27586,28494,31225,33187,34940,32513,32097,30748,33350,36412,40249,47651,52628,57972,53656,63204,67298
 "28003","Alcorn, MS",5,CAGDP2,76,"71","   Arts, entertainment, and recreation ","Thousands of dollars",2676,2546,2508,2429,2671,2501,2469,2573,2433,2442,2206,1991,1857,1731,1644,1740,1882,1873,1653,1477,2415,2890
 "28003","Alcorn, MS",5,CAGDP2,79,"72","   Accommodation and food services ","Thousands of dollars",19025,20697,21222,23248,24885,25084,26025,28652,30754,32497,30307,30106,28891,31619,34768,38509,45769,50754,56318,52180,60790,64408
 "28003","Alcorn, MS",5,CAGDP2,82,"81","  Other services (except government and government enterprises) ","Thousands of dollars",23803,25083,22532,23640,24293,25804,25761,25689,24734,25883,26614,28949,30448,32024,31807,31575,33329,34777,35389,34079,33348,38915
 "28003","Alcorn, MS",5,CAGDP2,83,"92","Government and government enterprises ","Thousands of dollars",106802,115654,120638,125058,135836,139163,155172,165987,177131,180188,186566,178332,180960,180029,188405,193662,196350,200788,203517,195381,172259,165769
 "28003","Alcorn, MS",5,CAGDP2,87,"11,21","Natural resources and mining ","Thousands of dollars",1723,1489,1396,2442,(D),(D),1605,2340,784,1025,6496,10443,10265,1969,1627,1497,2953,2012,2299,4359,8195,(D)
 "28003","Alcorn, MS",5,CAGDP2,88,"42,44-45","Trade ","Thousands of dollars",138668,141879,156260,164442,168624,176751,177555,181113,180870,188619,185687,194203,196799,195394,189914,192386,195092,198073,227498,234197,256199,249340
 "28003","Alcorn, MS",5,CAGDP2,89,"22,48-49","Transportation and utilities ","Thousands of dollars",24930,25229,26405,28426,(D),(D),30871,25818,21631,22752,28803,31206,30702,32292,33957,36417,40425,45637,46978,44748,49417,(D)
 "28003","Alcorn, MS",5,CAGDP2,90,"31-33,51","Manufacturing and information ","Thousands of dollars",253607,251181,253990,259875,258590,271847,281071,281225,262326,235653,224218,309851,372417,333531,338866,298976,272650,286780,264165,292246,348603,434721
 "28003","Alcorn, MS",5,CAGDP2,91,"...","Private goods-producing industries 2/","Thousands of dollars",270181,270848,277817,282210,(D),(D),321133,309095,287864,265047,257047,347151,401727,345733,341913,304610,292209,304147,281394,310429,362320,(D)
 "28003","Alcorn, MS",5,CAGDP2,92,"...","Private services-providing industries 3/","Thousands of dollars",386683,404411,421227,443203,(D),(D),444657,484030,495066,527319,544364,600792,606645,632993,669628,680496,696518,747337,797190,833072,874179,(D)
 "28005","Amite, MS",5,CAGDP2,1,"...","All industry total ","Thousands of dollars",158321,160020,164546,199491,198640,189010,165807,184162,166881,168411,155956,175626,200002,233258,215115,213144,249376,258946,257055,237906,291391,340167
 "28005","Amite, MS",5,CAGDP2,2,"..."," Private industries ","Thousands of dollars",139140,139083,141186,175967,175769,166991,142648,160197,142172,143772,132774,152878,176431,208944,190006,187611,223758,232278,230122,211067,263451,310785
 "28005","Amite, MS",5,CAGDP2,3,"11","  Agriculture, forestry, fishing and hunting ","Thousands of dollars",20396,22384,25539,34797,26620,17403,19962,27853,25161,26699,12869,21633,42343,62498,53346,45031,60337,61767,49542,34018,55145,77840
 "28005","Amite, MS",5,CAGDP2,6,"21","  Mining, quarrying, and oil and gas extraction ","Thousands of dollars",1546,1437,2457,3106,2579,2997,3188,3967,2427,3097,5956,5280,6187,15789,4301,1713,15789,18565,21559,14663,25757,35957
 "28005","Amite, MS",5,CAGDP2,10,"22","  Utilities ","Thousands of dollars",174,159,198,214,274,322,246,294,332,392,(D),245,297,314,313,406,400,452,423,1425,1439,1172
 "28005","Amite, MS",5,CAGDP2,11,"23","  Construction ","Thousands of dollars",4539,4094,4015,5211,6006,5446,5105,5618,5723,5780,6223,6027,4744,4039,4278,4829,5144,5621,10547,10043,11082,7778
 "28005","Amite, MS",5,CAGDP2,12,"31-33","  Manufacturing ","Thousands of dollars",40681,37395,35797,58711,59015,58202,45986,35288,18253,16415,17580,16726,22390,21347,23124,25274,24544,24750,26517,28028,42956,47778
 "28005","Amite, MS",5,CAGDP2,13,"321,327-339","   Durable goods manufacturing ","Thousands of dollars",(D),(D),(D),52128,(D),(D),(D),(D),(D),(D),13767,11974,(D),(D),(D),(D),18422,19059,20392,24072,39167,42641
 "28005","Amite, MS",5,CAGDP2,25,"311-316,322-326","   Nondurable goods manufacturing ","Thousands of dollars",(D),(D),(D),6583,(D),(D),(D),(D),(D),(D),3813,4752,(D),(D),(D),(D),6123,5691,6125,3955,3790,5138
 "28005","Amite, MS",5,CAGDP2,34,"42","  Wholesale trade ","Thousands of dollars",7317,7509,8198,8131,8388,7663,7008,7068,4769,4104,(D),4879,4684,4500,3700,(D),(D),(D),(D),(D),(D),(D)
 "28005","Amite, MS",5,CAGDP2,35,"44-45","  Retail trade ","Thousands of dollars",(D),9888,10229,9336,10251,10529,10625,10834,11299,12009,11835,11266,10935,11020,10789,10392,11626,12589,14064,16134,17239,18185
 "28005","Amite, MS",5,CAGDP2,36,"48-49","  Transportation and warehousing ","Thousands of dollars",3510,5033,4398,4974,5537,5522,6403,7177,6531,5950,5408,7010,7615,8157,8466,8585,10160,12142,12454,15500,14478,17681
 "28005","Amite, MS",5,CAGDP2,45,"51","  Information ","Thousands of dollars",(D),(D),(D),(D),(D),(D),(D),1466,(D),650,707,715,1005,(D),(D),(D),(D),(D),(D),(D),(D),(D)
 "28005","Amite, MS",5,CAGDP2,50,"52,53","  Finance, insurance, real estate, rental, and leasing ","Thousands of dollars",32853,31943,31222,30325,34374,34997,18040,32482,38058,39327,37212,49297,45350,46544,46860,51863,52588,52049,(D),47649,49134,50068
 "28005","Amite, MS",5,CAGDP2,51,"52","   Finance and insurance ","Thousands of dollars",(D),5858,5551,5475,6043,5725,5899,5341,5784,5828,5275,5830,5810,6987,7200,(D),(D),(D),(D),(D),(D),11414
 "28005","Amite, MS",5,CAGDP2,56,"53","   Real estate and rental and leasing ","Thousands of dollars",(D),26084,25671,24850,28330,29272,12141,27140,32274,33499,31937,43467,39540,39556,39661,(D),(D),(D),41264,(D),(D),38653
 "28005","Amite, MS",5,CAGDP2,59,"54,55,56","  Professional and business services ","Thousands of dollars",2046,2463,2239,(D),2491,2557,2508,3182,3065,3291,3564,3748,4947,7535,8615,8914,11717,9801,7847,8271,8474,8527
 "28005","Amite, MS",5,CAGDP2,60,"54","   Professional, scientific, and technical services ","Thousands of dollars",1347,1643,1611,1762,1730,1875,(D),2415,2266,2271,2352,(D),(D),6560,7726,8104,11007,9025,3394,2775,2927,3440
 "28005","Amite, MS",5,CAGDP2,64,"55","   Management of companies and enterprises ","Thousands of dollars",(D),(D),(D),(D),(D),0,0,0,0,0,0,0,0,0,0,0,0,0,(D),(D),(D),(D)
 "28005","Amite, MS",5,CAGDP2,65,"56","   Administrative and support and waste management and remediation services ","Thousands of dollars",(D),(D),(D),469,(D),682,(D),767,799,1020,1212,(D),(D),976,889,809,710,776,(D),(D),(D),(D)
 "28005","Amite, MS",5,CAGDP2,68,"61,62","  Educational services, health care, and social assistance ","Thousands of dollars",6584,7085,7454,9766,10635,11923,12535,13588,14486,15309,15509,16168,15580,16532,16295,16767,16560,16394,17904,18883,19419,23293
 "28005","Amite, MS",5,CAGDP2,69,"61","   Educational services ","Thousands of dollars",(D),(D),(D),(D),(D),(D),(D),(D),(D),(D),(D),(D),(D),(D),(D),(D),(D),(D),(D),(D),(D),(D)
 "28005","Amite, MS",5,CAGDP2,70,"62","   Health care and social assistance ","Thousands of dollars",(D),(D),(D),(D),(D),(D),(D),(D),(D),(D),(D),(D),(D),(D),(D),(D),(D),(D),(D),(D),(D),(D)
 "28005","Amite, MS",5,CAGDP2,75,"71,72","  Arts, entertainment, recreation, accommodation, and food services ","Thousands of dollars",980,(D),(D),1007,(D),(D),(D),2283,(D),3053,3153,2769,2583,2171,2375,3388,3827,4541,5647,4530,6236,7996
 "28005","Amite, MS",5,CAGDP2,76,"71","   Arts, entertainment, and recreation ","Thousands of dollars",(D),(D),(D),(D),(D),(D),(D),(D),(D),2282,2354,1924,1709,1186,1346,2276,2627,(D),(D),2969,4442,5852
 "28005","Amite, MS",5,CAGDP2,79,"72","   Accommodation and food services ","Thousands of dollars",(D),(D),(D),(D),(D),744,625,(D),705,771,798,845,874,985,1029,1112,1200,(D),(D),1561,1794,2144
 "28005","Amite, MS",5,CAGDP2,82,"81","  Other services (except government and government enterprises) ","Thousands of dollars",8236,8021,7958,7464,8033,7901,9239,9098,8629,7694,7585,7115,7771,(D),(D),(D),(D),(D),(D),(D),(D),(D)
 "28005","Amite, MS",5,CAGDP2,83,"92","Government and government enterprises ","Thousands of dollars",19181,20937,23359,23524,22871,22020,23159,23966,24709,24638,23182,22747,23571,24313,25109,25533,25618,26667,26933,26839,27940,29383
 "28005","Amite, MS",5,CAGDP2,87,"11,21","Natural resources and mining ","Thousands of dollars",21941,23821,27997,37903,29199,20399,23150,31820,27588,29796,18826,26913,48531,78287,57648,46744,76126,80333,71101,48681,80902,113797
 "28005","Amite, MS",5,CAGDP2,88,"42,44-45","Trade ","Thousands of dollars",(D),17397,18426,17467,18639,18192,17633,17902,16069,16113,(D),16145,15619,15519,14489,(D),(D),(D),(D),(D),(D),(D)
 "28005","Amite, MS",5,CAGDP2,89,"22,48-49","Transportation and utilities ","Thousands of dollars",3684,5191,4596,5188,5811,5844,6649,7471,6863,6342,(D),7254,7912,8471,8779,8991,10560,12594,12877,16925,15916,18853
 "28005","Amite, MS",5,CAGDP2,90,"31-33,51","Manufacturing and information ","Thousands of dollars",(D),(D),(D),(D),(D),(D),(D),36754,(D),17064,18287,17441,23395,(D),(D),(D),(D),(D),(D),(D),(D),(D)
 "28005","Amite, MS",5,CAGDP2,91,"...","Private goods-producing industries 2/","Thousands of dollars",67161,65310,67808,101824,94220,84048,74241,72725,51563,51991,42629,49667,75665,103673,85050,76847,105814,110704,108165,86752,134940,169354
 "28005","Amite, MS",5,CAGDP2,92,"...","Private services-providing industries 3/","Thousands of dollars",71978,73773,73378,74142,81548,82943,68407,87471,90608,91781,90145,103212,100766,105271,104956,110764,117944,121575,121957,124315,128510,141431
 "28007","Attala, MS",5,CAGDP2,1,"...","All industry total ","Thousands of dollars",332621,428113,364886,360419,427263,434971,449196,467582,458334,467069,496252,481438,497038,551154,527194,514789,498906,487750,480345,531960,598009,708256
 "28007","Attala, MS",5,CAGDP2,2,"..."," Private industries ","Thousands of dollars",291023,377771,311870,304189,367265,373809,381495,394079,381964,394265,424784,409013,418158,462819,439000,429606,417993,407903,403860,459993,520829,613008
 "28007","Attala, MS",5,CAGDP2,3,"11","  Agriculture, forestry, fishing and hunting ","Thousands of dollars",6695,8992,(D),14287,(D),10944,8214,2200,8013,3480,18209,4896,12402,8258,6475,6038,9721,6913,7856,10837,11401,5245
 "28007","Attala, MS",5,CAGDP2,6,"21","  Mining, quarrying, and oil and gas extraction ","Thousands of dollars",0,0,(D),0,(D),0,0,557,368,829,1091,1889,1659,2050,1050,700,1371,1754,1308,610,800,1005
 "28007","Attala, MS",5,CAGDP2,10,"22","  Utilities ","Thousands of dollars",39956,(D),13372,25217,84234,74198,84277,80351,63760,74904,66104,76786,93274,140199,123282,111953,89531,81747,63673,79171,113890,169486
 "28007","Attala, MS",5,CAGDP2,11,"23","  Construction ","Thousands of dollars",25914,102962,56431,32514,37981,43868,56028,66511,75713,78022,85140,63459,51643,52091,45871,46968,35056,21775,27251,40778,46613,52228
 "28007","Attala, MS",5,CAGDP2,12,"31-33","  Manufacturing ","Thousands of dollars",54046,52480,54687,56039,51810,58002,63751,56384,42913,44200,43637,45967,48906,47954,47587,46942,52096,50096,56420,66664,71295,88048
 "28007","Attala, MS",5,CAGDP2,13,"321,327-339","   Durable goods manufacturing ","Thousands of dollars",24094,24609,24547,24926,25486,28584,30593,25618,16258,20309,20638,18636,17287,17609,17265,19562,25612,24595,31004,42615,45249,61775
 "28007","Attala, MS",5,CAGDP2,25,"311-316,322-326","   Nondurable goods manufacturing ","Thousands of dollars",29952,27871,30140,31113,26324,29418,33158,30765,26654,23891,22999,27330,31619,30345,30322,27380,26484,25501,25416,24049,26045,26273
 "28007","Attala, MS",5,CAGDP2,34,"42","  Wholesale trade ","Thousands of dollars",9310,10318,12896,12904,13204,15039,16853,14544,13716,11535,9808,8541,7019,6304,6297,6315,5956,6343,5828,6066,6174,7396
 "28007","Attala, MS",5,CAGDP2,35,"44-45","  Retail trade ","Thousands of dollars",38411,38468,39574,40927,42298,43372,40616,39882,41615,45467,49110,50881,51016,50967,48677,50176,51083,53500,55157,62275,68820,72113
 "28007","Attala, MS",5,CAGDP2,36,"48-49","  Transportation and warehousing ","Thousands of dollars",9810,10836,10875,11485,11363,10962,8498,9437,8166,7856,8163,8168,7720,7954,9134,9889,12177,15404,14933,15990,17255,19681
 "28007","Attala, MS",5,CAGDP2,45,"51","  Information ","Thousands of dollars",4703,5302,5559,6055,6449,6701,7175,8804,9821,8546,8347,7642,8958,9071,10458,11163,12898,12969,14869,16716,17628,18562
 "28007","Attala, MS",5,CAGDP2,50,"52,53","  Finance, insurance, real estate, rental, and leasing ","Thousands of dollars",53861,55916,56400,51841,54704,54274,38743,50918,51471,50576,67177,70085,62790,69101,72540,69482,73301,79970,76539,85620,85095,85623
 "28007","Attala, MS",5,CAGDP2,51,"52","   Finance and insurance ","Thousands of dollars",20951,21597,22079,18581,19664,18676,19989,17162,17415,16890,17466,17334,17561,18828,18424,19738,19038,19313,20683,21480,21577,21719
 "28007","Attala, MS",5,CAGDP2,56,"53","   Real estate and rental and leasing ","Thousands of dollars",32910,34319,34321,33260,35040,35598,18754,33756,34056,33686,49711,52751,45229,50273,54115,49743,54264,60658,55856,64140,63518,63903
 "28007","Attala, MS",5,CAGDP2,59,"54,55,56","  Professional and business services ","Thousands of dollars",17038,19942,20946,21491,20161,21057,20436,23279,22751,22815,23381,25480,28750,25034,19135,17343,18560,18770,19607,15253,17598,20503
 "28007","Attala, MS",5,CAGDP2,60,"54","   Professional, scientific, and technical services ","Thousands of dollars",(D),(D),(D),(D),3987,4335,5115,6417,6039,6056,6367,7383,8213,8741,(D),(D),(D),(D),(D),6386,7514,8186
 "28007","Attala, MS",5,CAGDP2,64,"55","   Management of companies and enterprises ","Thousands of dollars",(D),(D),(D),9798,9600,9243,9031,9498,9341,9084,9051,9736,12830,8713,(D),(D),(D),(D),(D),(D),(D),(D)
 "28007","Attala, MS",5,CAGDP2,65,"56","   Administrative and support and waste management and remediation services ","Thousands of dollars",4582,5972,6743,(D),6574,7479,6289,7365,7371,7675,7964,8362,7707,7580,7214,7306,8350,8493,8789,(D),(D),(D)
 "28007","Attala, MS",5,CAGDP2,68,"61,62","  Educational services, health care, and social assistance ","Thousands of dollars",12727,(D),10403,11063,13327,14492,16408,18105,20009,20777,21754,22380,22201,21612,25269,28469,31058,32665,33883,33770,34688,39408
 "28007","Attala, MS",5,CAGDP2,69,"61","   Educational services ","Thousands of dollars",37,38,(D),(D),(D),(D),(D),(D),(D),(D),(D),(D),(D),(D),(D),(D),(D),(D),(D),(D),(D),(D)
 "28007","Attala, MS",5,CAGDP2,70,"62","   Health care and social assistance ","Thousands of dollars",12690,(D),(D),(D),(D),(D),(D),(D),(D),(D),(D),(D),(D),(D),(D),(D),(D),(D),(D),(D),(D),(D)
 "28007","Attala, MS",5,CAGDP2,75,"71,72","  Arts, entertainment, recreation, accommodation, and food services ","Thousands of dollars",6909,7696,7743,9178,9277,9978,9787,11143,11553,11934,10669,10344,9685,9920,10441,11214,11709,12212,12374,12137,15175,16787
 "28007","Attala, MS",5,CAGDP2,76,"71","   Arts, entertainment, and recreation ","Thousands of dollars",523,429,466,509,494,633,631,630,722,735,817,632,599,562,540,512,460,522,564,449,624,693
 "28007","Attala, MS",5,CAGDP2,79,"72","   Accommodation and food services ","Thousands of dollars",6386,7266,7277,8670,8783,9345,9156,10514,10831,11199,9852,9711,9086,9357,9901,10702,11250,11690,11810,11688,14551,16095
 "28007","Attala, MS",5,CAGDP2,82,"81","  Other services (except government and government enterprises) ","Thousands of dollars",11643,11354,10917,11188,10928,10922,10708,11962,12097,13324,12195,12496,12134,12305,12787,12956,13475,13785,14160,14106,14396,16922
 "28007","Attala, MS",5,CAGDP2,83,"92","Government and government enterprises ","Thousands of dollars",41599,50342,53016,56231,59998,61161,67702,73503,76369,72803,71467,72424,78880,88335,88193,85183,80912,79846,76485,71966,77180,95248
 "28007","Attala, MS",5,CAGDP2,87,"11,21","Natural resources and mining ","Thousands of dollars",6695,8992,12068,14287,11529,10944,8214,2758,8382,4309,19300,6785,14061,10307,7524,6737,11092,8666,9165,11448,12201,6249
 "28007","Attala, MS",5,CAGDP2,88,"42,44-45","Trade ","Thousands of dollars",47721,48786,52470,53831,55502,58412,57469,54426,55331,57002,58918,59422,58035,57271,54974,56491,57039,59843,60985,68342,74994,79509
 "28007","Attala, MS",5,CAGDP2,89,"22,48-49","Transportation and utilities ","Thousands of dollars",49766,(D),24247,36701,95597,85160,92775,89788,71925,82761,74267,84954,100995,148153,132416,121842,101708,97151,78606,95161,131145,189168
 "28007","Attala, MS",5,CAGDP2,90,"31-33,51","Manufacturing and information ","Thousands of dollars",58748,57782,60246,62094,58259,64703,70926,65188,52734,52745,51984,53609,57864,57025,58045,58104,64995,63065,71289,83380,88923,106610
 "28007","Attala, MS",5,CAGDP2,91,"...","Private goods-producing industries 2/","Thousands of dollars",86655,164434,123186,102839,101320,112814,127993,125652,127007,126530,148077,116210,114610,110352,100982,100647,98244,80538,92836,118889,130108,146526
 "28007","Attala, MS",5,CAGDP2,92,"...","Private services-providing industries 3/","Thousands of dollars",204368,213337,188685,201349,265945,260995,253501,268426,254957,267735,276708,292803,303548,352467,338018,328959,319749,327366,311024,341104,390720,466482
 "28009","Benton, MS",5,CAGDP2,1,"...","All industry total ","Thousands of dollars",81651,83637,92871,105977,138631,134411,154362,128425,130896,163250,222415,302816,311152,292198,308020,339896,334781,341885,262081,308822,297893,391995
 "28009","Benton, MS",5,CAGDP2,2,"..."," Private industries ","Thousands of dollars",70051,71023,78838,91011,122029,117695,134892,107996,108716,141398,196401,269429,268184,244348,250181,274642,271486,279926,218581,278574,258804,331408
 "28009","Benton, MS",5,CAGDP2,3,"11","  Agriculture, forestry, fishing and hunting ","Thousands of dollars",1969,1135,1107,4785,4900,1708,2481,767,(D),623,1543,7192,(D),(D),(D),770,1289,(D),(D),(D),2835,537
 "28009","Benton, MS",5,CAGDP2,6,"21","  Mining, quarrying, and oil and gas extraction ","Thousands of dollars",62,7,0,0,0,0,0,0,0,0,0,0,0,0,0,0,0,0,0,0,(D),(D)
 "28009","Benton, MS",5,CAGDP2,10,"22","  Utilities ","Thousands of dollars",(D),(D),(D),16091,46563,43460,75888,37094,39479,64925,115683,181658,185841,175564,183181,207276,197597,201608,139676,188184,174984,(D)
 "28009","Benton, MS",5,CAGDP2,11,"23","  Construction ","Thousands of dollars",5152,7923,8792,6454,6074,6943,4645,3444,(D),3698,5732,6162,5180,4167,3592,3211,3645,(D),(D),(D),(D),(D)
 "28009","Benton, MS",5,CAGDP2,12,"31-33","  Manufacturing ","Thousands of dollars",19083,13762,13719,12086,11722,12375,11812,16178,8932,11362,14986,17011,12785,10809,9902,10062,14436,14010,14391,14410,13120,17522
 "28009","Benton, MS",5,CAGDP2,13,"321,327-339","   Durable goods manufacturing ","Thousands of dollars",19040,13711,(D),(D),(D),(D),(D),16023,8772,11261,14985,16992,12784,10762,9895,10057,14395,13881,14138,14225,13050,17461
 "28009","Benton, MS",5,CAGDP2,25,"311-316,322-326","   Nondurable goods manufacturing ","Thousands of dollars",43,51,(D),(D),(D),(D),(D),154,160,101,1,19,1,48,7,5,41,129,253,185,70,61
 "28009","Benton, MS",5,CAGDP2,34,"42","  Wholesale trade ","Thousands of dollars",2124,2079,2230,(D),(D),(D),(D),(D),(D),(D),(D),69,97,165,33,15,100,239,261,162,83,89
 "28009","Benton, MS",5,CAGDP2,35,"44-45","  Retail trade ","Thousands of dollars",(D),10749,12134,12172,10275,10306,7990,6857,5668,6804,6964,(D),(D),(D),(D),(D),7876,8069,(D),(D),(D),(D)
 "28009","Benton, MS",5,CAGDP2,36,"48-49","  Transportation and warehousing ","Thousands of dollars",(D),1298,2732,(D),(D),(D),(D),(D),(D),(D),(D),(D),(D),(D),(D),(D),2886,4153,(D),(D),(D),(D)
 "28009","Benton, MS",5,CAGDP2,45,"51","  Information ","Thousands of dollars",(D),(D),(D),(D),72,164,187,306,326,104,0,4,0,42,13,10,34,157,254,216,62,46
 "28009","Benton, MS",5,CAGDP2,50,"52,53","  Finance, insurance, real estate, rental, and leasing ","Thousands of dollars",16193,17682,18547,19268,22041,22196,10644,21153,25696,28006,26727,28068,26039,24894,27461,27563,26959,29561,28735,38559,25608,(D)
 "28009","Benton, MS",5,CAGDP2,51,"52","   Finance and insurance ","Thousands of dollars",2381,2389,2080,(D),2148,(D),(D),2032,(D),2019,2178,(D),(D),(D),2300,2506,2457,2610,2660,(D),(D),(D)
 "28009","Benton, MS",5,CAGDP2,56,"53","   Real estate and rental and leasing ","Thousands of dollars",13812,15294,16467,(D),19893,(D),(D),19121,(D),25987,24550,(D),(D),(D),25162,25057,24502,26951,26075,(D),(D),24465
 "28009","Benton, MS",5,CAGDP2,59,"54,55,56","  Professional and business services ","Thousands of dollars",4906,5879,7664,5852,6090,6485,6456,6467,7023,7369,6964,7668,6982,5740,5198,5367,5874,6150,6437,6834,7423,7960
 "28009","Benton, MS",5,CAGDP2,60,"54","   Professional, scientific, and technical services ","Thousands of dollars",(D),(D),(D),(D),(D),(D),(D),(D),(D),(D),(D),3581,(D),(D),(D),(D),4199,4596,4485,4722,4794,5048
 "28009","Benton, MS",5,CAGDP2,64,"55","   Management of companies and enterprises ","Thousands of dollars",0,0,0,0,0,0,0,0,(D),(D),(D),0,0,0,0,0,0,0,0,0,0,0
 "28009","Benton, MS",5,CAGDP2,65,"56","   Administrative and support and waste management and remediation services ","Thousands of dollars",(D),(D),(D),(D),(D),(D),(D),(D),2617,3225,3602,4087,(D),(D),(D),(D),1675,1554,1952,2112,2629,2912
 "28009","Benton, MS",5,CAGDP2,68,"61,62","  Educational services, health care, and social assistance ","Thousands of dollars",4229,5081,4371,4371,4059,3896,4043,4655,4585,5214,5433,5200,5974,5301,6290,7512,7380,7760,7851,8933,10338,12111
 "28009","Benton, MS",5,CAGDP2,69,"61","   Educational services ","Thousands of dollars",219,226,182,158,60,103,185,157,146,125,50,9,31,81,(D),(D),133,180,166,(D),(D),(D)
 "28009","Benton, MS",5,CAGDP2,70,"62","   Health care and social assistance ","Thousands of dollars",4010,4855,4188,4213,3999,3793,3857,4498,4439,5089,5383,5191,5943,5219,(D),(D),7247,7580,7685,(D),(D),(D)
 "28009","Benton, MS",5,CAGDP2,75,"71,72","  Arts, entertainment, recreation, accommodation, and food services ","Thousands of dollars",500,494,(D),898,(D),(D),238,180,(D),(D),(D),(D),(D),(D),34,9,84,110,147,(D),(D),(D)
 "28009","Benton, MS",5,CAGDP2,76,"71","   Arts, entertainment, and recreation ","Thousands of dollars",(D),(D),(D),(D),261,138,41,22,55,88,62,20,32,29,0,0,40,38,52,81,716,1367
 "28009","Benton, MS",5,CAGDP2,79,"72","   Accommodation and food services ","Thousands of dollars",(D),(D),(D),(D),(D),(D),197,159,(D),(D),(D),(D),(D),(D),34,9,44,72,95,(D),(D),(D)
 "28009","Benton, MS",5,CAGDP2,82,"81","  Other services (except government and government enterprises) ","Thousands of dollars",(D),(D),4128,4322,4055,4027,(D),(D),(D),5001,5303,5521,4508,4432,4052,3541,3326,3332,3894,4006,4482,5163
 "28009","Benton, MS",5,CAGDP2,83,"92","Government and government enterprises ","Thousands of dollars",11600,12614,14033,14967,16602,16716,19470,20429,22181,21852,26014,33387,42968,47849,57839,65253,63295,61959,43500,30248,39089,60587
 "28009","Benton, MS",5,CAGDP2,87,"11,21","Natural resources and mining ","Thousands of dollars",2031,1142,1107,4785,4900,1708,2481,767,(D),623,1543,7192,(D),(D),(D),770,1289,(D),(D),(D),(D),(D)
 "28009","Benton, MS",5,CAGDP2,88,"42,44-45","Trade ","Thousands of dollars",(D),12827,14364,(D),(D),(D),(D),(D),(D),(D),(D),(D),(D),(D),(D),(D),7976,8308,(D),(D),(D),(D)
 "28009","Benton, MS",5,CAGDP2,89,"22,48-49","Transportation and utilities ","Thousands of dollars",(D),(D),(D),(D),(D),(D),(D),(D),(D),(D),(D),(D),(D),(D),(D),(D),200483,205760,(D),(D),(D),(D)
 "28009","Benton, MS",5,CAGDP2,90,"31-33,51","Manufacturing and information ","Thousands of dollars",(D),(D),(D),(D),11794,12539,11999,16484,9258,11466,14986,17015,12785,10852,9915,10072,14470,14167,14645,14626,13182,17568
 "28009","Benton, MS",5,CAGDP2,91,"...","Private goods-producing industries 2/","Thousands of dollars",26266,22827,23617,23325,22696,21026,18937,20389,13731,15684,22261,30364,(D),(D),(D),14043,19370,18788,20094,19634,22370,22827
 "28009","Benton, MS",5,CAGDP2,92,"...","Private services-providing industries 3/","Thousands of dollars",43785,48196,55221,67686,99333,96668,115955,87607,94985,125714,174140,239065,(D),(D),(D),260599,252116,261138,198487,258940,236434,308581
 "28011","Bolivar, MS",5,CAGDP2,1,"...","All industry total ","Thousands of dollars",835353,785238,901543,884288,828505,908742,959285,834556,849759,902312,986541,1066319,1167758,1069047,1020534,1068352,1101909,1123834,1007120,1057036,1174708,1204661
 "28011","Bolivar, MS",5,CAGDP2,2,"..."," Private industries ","Thousands of dollars",715424,659974,770235,746403,688301,765141,805972,676354,687529,746895,834646,914729,1013631,917505,868097,916559,947980,970102,852656,902437,1016098,1041652
 "28011","Bolivar, MS",5,CAGDP2,3,"11","  Agriculture, forestry, fishing and hunting ","Thousands of dollars",80486,41820,93303,94664,63263,69339,92863,18580,32992,53325,37794,81285,102672,30013,12783,30539,76893,82907,36435,111603,150382,93189
 "28011","Bolivar, MS",5,CAGDP2,6,"21","  Mining, quarrying, and oil and gas extraction ","Thousands of dollars",0,0,0,0,0,0,0,0,0,0,0,0,0,0,0,0,0,0,0,0,0,0
 "28011","Bolivar, MS",5,CAGDP2,10,"22","  Utilities ","Thousands of dollars",(D),4426,4227,2300,3386,1949,1779,2360,1998,2291,2181,2127,(D),(D),(D),(D),(D),(D),(D),(D),(D),6409
 "28011","Bolivar, MS",5,CAGDP2,11,"23","  Construction ","Thousands of dollars",13610,16176,16056,21883,26909,25858,27030,20898,24303,28808,29115,31805,32231,32572,28274,23767,19889,18204,21251,20956,22032,20125
 "28011","Bolivar, MS",5,CAGDP2,12,"31-33","  Manufacturing ","Thousands of dollars",203704,168202,203785,150315,106847,137632,187567,136709,114703,127899,224028,223255,284202,254127,204890,221522,231221,231648,164320,142272,140738,172235
 "28011","Bolivar, MS",5,CAGDP2,13,"321,327-339","   Durable goods manufacturing ","Thousands of dollars",42829,(D),(D),(D),(D),(D),(D),(D),(D),(D),(D),(D),64740,56399,57151,54841,68784,68137,67397,55166,51744,61832
 "28011","Bolivar, MS",5,CAGDP2,25,"311-316,322-326","   Nondurable goods manufacturing ","Thousands of dollars",160875,(D),(D),(D),(D),(D),(D),(D),(D),(D),(D),(D),219462,197728,147739,166681,162437,163511,96923,87105,88994,110403
 "28011","Bolivar, MS",5,CAGDP2,34,"42","  Wholesale trade ","Thousands of dollars",77854,82526,94631,111517,113599,119371,125539,84077,69709,63260,58407,56113,56359,63329,70051,69940,66829,65266,66604,61092,63902,67244
 "28011","Bolivar, MS",5,CAGDP2,35,"44-45","  Retail trade ","Thousands of dollars",86821,88556,92501,91565,95907,101804,95050,100436,108535,121376,131547,158039,147820,139944,135438,128994,123646,123418,127410,134136,154544,161201
 "28011","Bolivar, MS",5,CAGDP2,36,"48-49","  Transportation and warehousing ","Thousands of dollars",13127,15059,22750,23094,22948,36581,40427,45168,45350,46295,50464,49325,56579,55405,62402,62263,63396,73963,64516,62143,77221,86313
 "28011","Bolivar, MS",5,CAGDP2,45,"51","  Information ","Thousands of dollars",9764,11884,13059,12220,11783,9890,9858,11371,12098,12561,12280,9937,10367,10807,13158,19267,19784,17536,16776,17401,19079,20090
 "28011","Bolivar, MS",5,CAGDP2,50,"52,53","  Finance, insurance, real estate, rental, and leasing ","Thousands of dollars",109482,112026,108629,110329,114256,110566,70786,97297,108846,106086,102966,114956,131602,136963,133597,137569,122241,132455,131510,140297,158748,165096
 "28011","Bolivar, MS",5,CAGDP2,51,"52","   Finance and insurance ","Thousands of dollars",32316,33019,32931,33089,33195,31535,32277,31166,31434,29256,29180,31423,33659,35569,35423,36328,34479,36130,38621,40375,42588,43075
 "28011","Bolivar, MS",5,CAGDP2,56,"53","   Real estate and rental and leasing ","Thousands of dollars",77166,79007,75698,77240,81061,79032,38510,66131,77412,76830,73786,83533,97943,101394,98173,101242,87762,96325,92888,99922,116160,122021
 "28011","Bolivar, MS",5,CAGDP2,59,"54,55,56","  Professional and business services ","Thousands of dollars",(D),20537,19292,19595,19712,30132,29974,25284,28219,39691,39846,39468,(D),(D),(D),(D),(D),(D),(D),(D),(D),54942
 "28011","Bolivar, MS",5,CAGDP2,60,"54","   Professional, scientific, and technical services ","Thousands of dollars",(D),(D),9838,9530,9334,10519,10236,11857,(D),(D),(D),(D),(D),(D),(D),(D),(D),(D),(D),(D),(D),(D)
 "28011","Bolivar, MS",5,CAGDP2,64,"55","   Management of companies and enterprises ","Thousands of dollars",0,(D),0,0,0,0,0,0,(D),(D),(D),(D),(D),(D),(D),(D),(D),(D),(D),(D),(D),(D)
 "28011","Bolivar, MS",5,CAGDP2,65,"56","   Administrative and support and waste management and remediation services ","Thousands of dollars",6409,9639,9454,10065,10378,19613,19739,13427,14447,20634,20143,18531,18261,18655,26562,30617,28865,28968,24657,16447,18781,21667
 "28011","Bolivar, MS",5,CAGDP2,68,"61,62","  Educational services, health care, and social assistance ","Thousands of dollars",53336,58965,65297,70648,70059,80474,81393,89921,96206,98778,100961,102305,101072,99467,101898,105217,106065,105459,105805,103672,107912,120777
 "28011","Bolivar, MS",5,CAGDP2,69,"61","   Educational services ","Thousands of dollars",(D),3347,(D),3434,3029,3455,3680,4423,5483,6652,7189,7479,6878,6560,5286,5011,4528,5001,5635,6013,6716,6698
 "28011","Bolivar, MS",5,CAGDP2,70,"62","   Health care and social assistance ","Thousands of dollars",(D),55617,(D),67214,67030,77019,77713,85498,90723,92126,93772,94826,94193,92907,96612,100206,101537,100459,100170,97659,101196,114079
 "28011","Bolivar, MS",5,CAGDP2,75,"71,72","  Arts, entertainment, recreation, accommodation, and food services ","Thousands of dollars",14078,14211,14368,16539,18620,20293,22402,23762,24930,26806,24480,23316,24257,25451,27318,28389,29724,30442,32649,32054,40823,45560
 "28011","Bolivar, MS",5,CAGDP2,76,"71","   Arts, entertainment, and recreation ","Thousands of dollars",1405,1149,1193,1207,1010,804,1071,1273,1173,1096,1158,1254,1367,1503,1879,2818,3151,3101,3204,2373,3553,4795
 "28011","Bolivar, MS",5,CAGDP2,79,"72","   Accommodation and food services ","Thousands of dollars",12673,13061,13176,15331,17611,19489,21331,22489,23757,25710,23323,22062,22891,23948,25439,25571,26573,27341,29445,29681,37270,40765
 "28011","Bolivar, MS",5,CAGDP2,82,"81","  Other services (except government and government enterprises) ","Thousands of dollars",25704,25586,22336,21733,21013,21252,21303,20492,19642,19720,20578,22798,24132,27061,27664,26993,26426,26623,28088,25821,24726,28472
 "28011","Bolivar, MS",5,CAGDP2,83,"92","Government and government enterprises ","Thousands of dollars",119930,125264,131308,137885,140204,143601,153312,158202,162230,155417,151895,151590,154127,151542,152437,151793,153930,153732,154464,154599,158610,163009
 "28011","Bolivar, MS",5,CAGDP2,87,"11,21","Natural resources and mining ","Thousands of dollars",80486,41820,93303,94664,63263,69339,92863,18580,32992,53325,37794,81285,102672,30013,12783,30539,76893,82907,36435,111603,150382,93189
 "28011","Bolivar, MS",5,CAGDP2,88,"42,44-45","Trade ","Thousands of dollars",164675,171081,187132,203082,209506,221175,220589,184513,178244,184636,189954,214151,204179,203273,205489,198934,190475,188685,194014,195228,218447,228445
 "28011","Bolivar, MS",5,CAGDP2,89,"22,48-49","Transportation and utilities ","Thousands of dollars",(D),19486,26977,25394,26334,38530,42207,47528,47347,48586,52645,51453,(D),(D),(D),(D),(D),(D),(D),(D),(D),92722
 "28011","Bolivar, MS",5,CAGDP2,90,"31-33,51","Manufacturing and information ","Thousands of dollars",213468,180087,216844,162535,118630,147522,197425,148080,126801,140460,236308,233192,294569,264933,218049,240789,251005,249184,181095,159672,159817,192325
 "28011","Bolivar, MS",5,CAGDP2,91,"...","Private goods-producing industries 2/","Thousands of dollars",297800,226199,313145,266863,197019,232829,307460,176187,171998,210032,290936,336345,419106,316711,245948,275828,328003,332759,222006,274831,313151,285549
 "28011","Bolivar, MS",5,CAGDP2,92,"...","Private services-providing industries 3/","Thousands of dollars",417624,433776,457090,479540,491283,532312,498512,500168,515531,536863,543710,578384,594526,600794,622150,640730,619977,637342,630650,627607,702947,756103
 "28013","Calhoun, MS",5,CAGDP2,1,"...","All industry total ","Thousands of dollars",220451,213604,226594,245384,248163,231931,229418,220385,213405,249319,301813,259775,290196,280856,281483,283944,268235,280018,286373,326114,362381,364878
 "28013","Calhoun, MS",5,CAGDP2,2,"..."," Private industries ","Thousands of dollars",190597,181560,192732,209258,209467,192700,186933,176111,167602,203857,257899,215818,245124,234653,234274,236872,232576,243020,246282,284990,319689,318969
 "28013","Calhoun, MS",5,CAGDP2,3,"11","  Agriculture, forestry, fishing and hunting ","Thousands of dollars",20345,7734,26751,31904,31550,21451,38096,18593,7577,34106,72377,8837,29212,11520,15104,17619,23859,20887,25589,46156,39213,23414
 "28013","Calhoun, MS",5,CAGDP2,6,"21","  Mining, quarrying, and oil and gas extraction ","Thousands of dollars",0,0,0,0,0,0,0,0,0,0,0,17,0,0,0,0,0,0,0,0,0,0
 "28013","Calhoun, MS",5,CAGDP2,10,"22","  Utilities ","Thousands of dollars",1937,1886,1871,2088,2150,2298,2181,2420,2488,2593,2564,2332,2438,2551,2669,3141,3248,3611,3773,3764,3927,3763
 "28013","Calhoun, MS",5,CAGDP2,11,"23","  Construction ","Thousands of dollars",4839,4823,5025,5145,4600,5038,5087,7457,9310,7540,7091,7004,5994,5894,5844,5220,4572,3939,4096,3585,3717,3938
 "28013","Calhoun, MS",5,CAGDP2,12,"31-33","  Manufacturing ","Thousands of dollars",66417,67847,60376,68150,64201,55839,45119,36061,34112,41513,44400,52355,60587,58636,57338,61360,51020,54773,49002,55897,88887,92071
 "28013","Calhoun, MS",5,CAGDP2,13,"321,327-339","   Durable goods manufacturing ","Thousands of dollars",50258,51354,50351,57975,(D),(D),(D),(D),(D),(D),(D),(D),59269,57404,56004,(D),49130,52285,46076,53588,86034,89374
 "28013","Calhoun, MS",5,CAGDP2,25,"311-316,322-326","   Nondurable goods manufacturing ","Thousands of dollars",16160,16492,10024,10175,(D),(D),(D),(D),(D),(D),(D),(D),1318,1232,1334,(D),1890,2488,2926,2309,2853,2698
 "28013","Calhoun, MS",5,CAGDP2,34,"42","  Wholesale trade ","Thousands of dollars",7787,8755,11115,13637,15502,15402,15547,17187,18735,19657,18262,14095,15909,15835,15400,15768,17079,17247,17394,19821,23844,25375
 "28013","Calhoun, MS",5,CAGDP2,35,"44-45","  Retail trade ","Thousands of dollars",18023,17995,19463,19181,18363,17456,17366,17309,19039,19481,20216,21009,21234,21671,22449,22426,23398,24034,26323,26622,30208,31390
 "28013","Calhoun, MS",5,CAGDP2,36,"48-49","  Transportation and warehousing ","Thousands of dollars",8333,8614,8465,9504,9993,10114,11049,11233,8759,9347,10067,11680,10378,8890,9321,9992,10365,12915,13671,13694,13587,14533
 "28013","Calhoun, MS",5,CAGDP2,45,"51","  Information ","Thousands of dollars",6951,5252,4660,4462,4960,5425,5252,5618,5292,5134,4873,4574,6406,6424,8216,6505,4792,3896,3830,3789,4121,4242
 "28013","Calhoun, MS",5,CAGDP2,50,"52,53","  Finance, insurance, real estate, rental, and leasing ","Thousands of dollars",37276,38193,35516,34672,37214,37310,24351,35650,37302,37194,50022,65472,65632,76144,72284,71278,60722,68558,67842,76335,74220,77646
 "28013","Calhoun, MS",5,CAGDP2,51,"52","   Finance and insurance ","Thousands of dollars",(D),(D),(D),(D),10483,(D),10210,9448,10332,11049,11181,12141,(D),14849,11994,11641,11078,11732,10915,12081,12187,11701
 "28013","Calhoun, MS",5,CAGDP2,56,"53","   Real estate and rental and leasing ","Thousands of dollars",(D),(D),(D),(D),26731,(D),14140,26202,26970,26144,38840,53331,(D),61295,60289,59637,49644,56826,56927,64254,62033,65944
 "28013","Calhoun, MS",5,CAGDP2,59,"54,55,56","  Professional and business services ","Thousands of dollars",2358,2645,2686,2894,2933,3412,4195,4838,4530,6124,7242,7830,6629,5765,4677,3844,3530,3269,3233,3028,3400,4028
 "28013","Calhoun, MS",5,CAGDP2,60,"54","   Professional, scientific, and technical services ","Thousands of dollars",1501,1678,1611,1616,1551,2026,(D),3565,(D),(D),5039,5439,4975,4567,3821,2862,2560,2168,2098,1760,1767,2017
 "28013","Calhoun, MS",5,CAGDP2,64,"55","   Management of companies and enterprises ","Thousands of dollars",0,0,0,0,0,0,0,0,0,0,(D),(D),(D),(D),(D),(D),(D),(D),(D),(D),(D),(D)
 "28013","Calhoun, MS",5,CAGDP2,65,"56","   Administrative and support and waste management and remediation services ","Thousands of dollars",858,968,1075,1278,1383,1386,(D),1272,(D),(D),(D),(D),(D),(D),(D),(D),(D),(D),(D),(D),(D),(D)
 "28013","Calhoun, MS",5,CAGDP2,68,"61,62","  Educational services, health care, and social assistance ","Thousands of dollars",6795,7903,7533,7827,7642,7775,7807,8921,9535,9787,9827,9693,9878,10322,10576,9294,19617,19473,20996,21788,23011,24421
 "28013","Calhoun, MS",5,CAGDP2,69,"61","   Educational services ","Thousands of dollars",(D),(D),(D),(D),(D),(D),(D),(D),(D),(D),(D),(D),(D),(D),(D),(D),(D),(D),(D),(D),(D),(D)
 "28013","Calhoun, MS",5,CAGDP2,70,"62","   Health care and social assistance ","Thousands of dollars",(D),(D),(D),(D),(D),(D),(D),(D),(D),(D),(D),(D),(D),(D),(D),(D),(D),(D),(D),(D),(D),(D)
 "28013","Calhoun, MS",5,CAGDP2,75,"71,72","  Arts, entertainment, recreation, accommodation, and food services ","Thousands of dollars",1662,1700,1554,1790,1922,2302,2220,2295,2328,2239,1889,1932,2093,2121,1999,2110,2068,2080,1989,2198,3612,4839
 "28013","Calhoun, MS",5,CAGDP2,76,"71","   Arts, entertainment, and recreation ","Thousands of dollars",(D),(D),(D),(D),(D),420,371,357,(D),255,259,289,299,309,280,(D),(D),(D),(D),(D),(D),(D)
 "28013","Calhoun, MS",5,CAGDP2,79,"72","   Accommodation and food services ","Thousands of dollars",(D),(D),(D),(D),(D),1882,1849,1938,(D),1984,1630,1643,1793,1812,1720,(D),(D),(D),(D),(D),(D),(D)
 "28013","Calhoun, MS",5,CAGDP2,82,"81","  Other services (except government and government enterprises) ","Thousands of dollars",7873,8212,7716,8004,8435,8879,8664,8530,8595,9141,9069,8988,8735,8881,8397,8314,8306,8336,8545,8314,7943,9310
 "28013","Calhoun, MS",5,CAGDP2,83,"92","Government and government enterprises ","Thousands of dollars",29854,32045,33862,36125,38696,39231,42485,44274,45803,45462,43914,43957,45073,46203,47210,47072,35659,36998,40091,41124,42692,45910
 "28013","Calhoun, MS",5,CAGDP2,87,"11,21","Natural resources and mining ","Thousands of dollars",20345,7734,26751,31904,31550,21451,38096,18593,7577,34106,72377,8854,29212,11520,15104,17619,23859,20887,25589,46156,39213,23414
 "28013","Calhoun, MS",5,CAGDP2,88,"42,44-45","Trade ","Thousands of dollars",25810,26750,30579,32818,33865,32858,32913,34496,37774,39139,38478,35104,37143,37506,37849,38195,40476,41282,43717,46443,54052,56765
 "28013","Calhoun, MS",5,CAGDP2,89,"22,48-49","Transportation and utilities ","Thousands of dollars",10271,10501,10336,11592,12143,12413,13231,13653,11247,11940,12630,14012,12816,11441,11990,13134,13613,16526,17444,17458,17513,18296
 "28013","Calhoun, MS",5,CAGDP2,90,"31-33,51","Manufacturing and information ","Thousands of dollars",73368,73099,65035,72612,69162,61263,50370,41679,39404,46647,49273,56929,66992,65060,65554,67865,55812,58670,52832,59686,93008,96313
 "28013","Calhoun, MS",5,CAGDP2,91,"...","Private goods-producing industries 2/","Thousands of dollars",91602,80403,92152,105199,100352,82328,88301,62110,50999,83159,123868,68213,95793,76050,78286,84199,79451,79600,78687,105638,131817,119423
 "28013","Calhoun, MS",5,CAGDP2,92,"...","Private services-providing industries 3/","Thousands of dollars",98995,101157,100580,104059,109115,110372,98632,114001,116604,120698,134031,147605,149331,158603,155988,152673,153125,163420,167596,179352,187872,199545
 "28015","Carroll, MS",5,CAGDP2,1,"...","All industry total ","Thousands of dollars",93018,86613,89615,97253,100300,99364,91013,94602,93905,97931,122472,119666,124548,116608,113288,112886,115708,121219,118815,118396,126839,127124
 "28015","Carroll, MS",5,CAGDP2,2,"..."," Private industries ","Thousands of dollars",77762,69968,72268,79288,81562,80782,70927,73825,73406,77817,102932,99998,104647,96524,93118,91570,93678,99140,96815,96879,103616,103314
 "28015","Carroll, MS",5,CAGDP2,3,"11","  Agriculture, forestry, fishing and hunting ","Thousands of dollars",(D),(D),10583,16389,12674,8342,9713,4254,3692,(D),(D),(D),22826,10359,4306,5697,7692,6134,4283,4088,9459,3519
 "28015","Carroll, MS",5,CAGDP2,6,"21","  Mining, quarrying, and oil and gas extraction ","Thousands of dollars",4119,3328,2622,0,0,127,207,269,185,228,220,181,229,274,209,166,188,227,238,133,178,402
 "28015","Carroll, MS",5,CAGDP2,10,"22","  Utilities ","Thousands of dollars",173,119,157,208,229,317,270,342,331,(D),(D),(D),(D),(D),(D),(D),348,402,445,414,421,380
 "28015","Carroll, MS",5,CAGDP2,11,"23","  Construction ","Thousands of dollars",10681,7730,7146,8683,8973,8230,8940,8744,9145,10688,12048,14039,12922,12732,12032,11344,11564,12512,13982,13048,12087,12991
 "28015","Carroll, MS",5,CAGDP2,12,"31-33","  Manufacturing ","Thousands of dollars",(D),(D),5091,9024,13008,13873,13637,14607,10932,(D),(D),(D),12667,11061,10813,11166,9631,10775,11706,10480,12120,13903
 "28015","Carroll, MS",5,CAGDP2,13,"321,327-339","   Durable goods manufacturing ","Thousands of dollars",(D),(D),(D),(D),(D),(D),(D),(D),(D),(D),(D),(D),12433,10947,10813,11164,9540,(D),(D),(D),(D),(D)
 "28015","Carroll, MS",5,CAGDP2,25,"311-316,322-326","   Nondurable goods manufacturing ","Thousands of dollars",23,28,(D),(D),(D),(D),(D),(D),(D),257,196,5,234,113,0,2,91,(D),(D),(D),(D),(D)
 "28015","Carroll, MS",5,CAGDP2,34,"42","  Wholesale trade ","Thousands of dollars",4765,5142,4763,3341,2714,2161,(D),2055,1968,(D),(D),(D),(D),(D),(D),(D),(D),(D),(D),(D),(D),(D)
 "28015","Carroll, MS",5,CAGDP2,35,"44-45","  Retail trade ","Thousands of dollars",4180,4050,4118,5349,5481,5962,5803,5018,5188,5302,5192,4628,5037,5124,4963,4948,5153,4764,4543,4698,5007,5396
 "28015","Carroll, MS",5,CAGDP2,36,"48-49","  Transportation and warehousing ","Thousands of dollars",(D),(D),(D),(D),(D),(D),(D),(D),(D),2060,2353,3029,2939,3058,3452,2712,3856,5703,5316,4753,4754,5233
 "28015","Carroll, MS",5,CAGDP2,45,"51","  Information ","Thousands of dollars",53,54,41,25,20,56,44,93,95,12,7,4,30,11,0,3,65,57,298,293,261,197
 "28015","Carroll, MS",5,CAGDP2,50,"52,53","  Finance, insurance, real estate, rental, and leasing ","Thousands of dollars",22333,23672,23089,19863,20613,21958,10121,17678,21127,21881,22287,32244,27000,30190,31868,29310,30779,35484,33305,38226,38811,(D)
 "28015","Carroll, MS",5,CAGDP2,51,"52","   Finance and insurance ","Thousands of dollars",(D),(D),(D),(D),(D),(D),(D),(D),(D),(D),(D),(D),(D),(D),(D),(D),(D),5170,5476,5574,6150,(D)
 "28015","Carroll, MS",5,CAGDP2,56,"53","   Real estate and rental and leasing ","Thousands of dollars",(D),(D),(D),(D),(D),(D),(D),(D),(D),(D),(D),(D),(D),(D),(D),(D),(D),30314,27829,32651,32661,32395
 "28015","Carroll, MS",5,CAGDP2,59,"54,55,56","  Professional and business services ","Thousands of dollars",811,(D),(D),1819,2298,2447,2593,3134,2986,3258,3405,3377,2532,2480,2796,2687,2668,3033,3253,3081,3549,4343
 "28015","Carroll, MS",5,CAGDP2,60,"54","   Professional, scientific, and technical services ","Thousands of dollars",(D),(D),(D),842,1318,1402,1560,2079,1669,(D),(D),(D),(D),(D),(D),(D),(D),(D),(D),(D),(D),(D)
 "28015","Carroll, MS",5,CAGDP2,64,"55","   Management of companies and enterprises ","Thousands of dollars",0,0,0,(D),(D),(D),(D),(D),(D),(D),(D),(D),(D),(D),(D),(D),(D),(D),(D),(D),(D),(D)
 "28015","Carroll, MS",5,CAGDP2,65,"56","   Administrative and support and waste management and remediation services ","Thousands of dollars",(D),(D),(D),(D),(D),(D),(D),(D),(D),1242,1116,788,626,607,521,311,283,548,591,680,759,916
 "28015","Carroll, MS",5,CAGDP2,68,"61,62","  Educational services, health care, and social assistance ","Thousands of dollars",(D),5266,5874,5922,6342,7488,8412,9485,10190,10851,10936,10783,10450,11411,11541,12313,11247,9243,7268,6384,7016,7905
 "28015","Carroll, MS",5,CAGDP2,69,"61","   Educational services ","Thousands of dollars",(D),(D),(D),(D),(D),(D),(D),(D),(D),(D),(D),(D),(D),(D),(D),(D),(D),(D),(D),(D),(D),(D)
 "28015","Carroll, MS",5,CAGDP2,70,"62","   Health care and social assistance ","Thousands of dollars",(D),(D),(D),(D),(D),(D),(D),(D),(D),(D),(D),(D),(D),(D),(D),(D),(D),(D),(D),(D),(D),(D)
 "28015","Carroll, MS",5,CAGDP2,75,"71,72","  Arts, entertainment, recreation, accommodation, and food services ","Thousands of dollars",(D),209,219,(D),(D),(D),352,(D),(D),(D),(D),(D),(D),(D),(D),(D),(D),(D),(D),(D),(D),1869
 "28015","Carroll, MS",5,CAGDP2,76,"71","   Arts, entertainment, and recreation ","Thousands of dollars",90,98,81,(D),(D),(D),(D),(D),(D),(D),(D),(D),(D),(D),(D),(D),(D),(D),(D),(D),(D),(D)
 "28015","Carroll, MS",5,CAGDP2,79,"72","   Accommodation and food services ","Thousands of dollars",(D),111,137,(D),(D),(D),(D),(D),(D),(D),(D),(D),(D),(D),(D),(D),(D),(D),(D),(D),(D),(D)
 "28015","Carroll, MS",5,CAGDP2,82,"81","  Other services (except government and government enterprises) ","Thousands of dollars",(D),5530,5115,5165,5608,6266,6069,5495,5562,6017,5904,6037,5644,5648,5626,5736,5549,5346,5000,5134,3464,(D)
 "28015","Carroll, MS",5,CAGDP2,83,"92","Government and government enterprises ","Thousands of dollars",15257,16645,17347,17966,18738,18582,20086,20777,20499,20114,19539,19669,19901,20084,20171,21316,22029,22079,22000,21517,23223,23810
 "28015","Carroll, MS",5,CAGDP2,87,"11,21","Natural resources and mining ","Thousands of dollars",(D),(D),13205,16389,12674,8469,9920,4523,3877,(D),(D),(D),23055,10634,4515,5863,7880,6361,4521,4221,9637,3921
 "28015","Carroll, MS",5,CAGDP2,88,"42,44-45","Trade ","Thousands of dollars",8944,9192,8881,8690,8195,8123,(D),7073,7156,(D),(D),(D),(D),(D),(D),(D),(D),(D),(D),(D),(D),(D)
 "28015","Carroll, MS",5,CAGDP2,89,"22,48-49","Transportation and utilities ","Thousands of dollars",(D),(D),(D),(D),(D),(D),(D),(D),(D),(D),(D),(D),(D),(D),(D),(D),4204,6105,5761,5167,5175,5613
 "28015","Carroll, MS",5,CAGDP2,90,"31-33,51","Manufacturing and information ","Thousands of dollars",(D),(D),5132,9049,13028,13929,13681,14699,11027,(D),(D),(D),12697,11072,10813,11169,9696,10832,12004,10773,12381,14101
 "28015","Carroll, MS",5,CAGDP2,91,"...","Private goods-producing industries 2/","Thousands of dollars",34654,22951,25442,34096,34655,30572,32497,27874,23954,25982,50183,37228,48645,34426,27360,28373,29075,29648,30209,27748,33844,30815
 "28015","Carroll, MS",5,CAGDP2,92,"...","Private services-providing industries 3/","Thousands of dollars",43108,47017,46826,45192,46907,50210,38430,45951,49453,51835,52749,62770,56001,62097,65757,63197,64603,69492,66606,69131,69772,72499
 "28017","Chickasaw, MS",5,CAGDP2,1,"...","All industry total ","Thousands of dollars",360531,353525,375975,396195,416640,418125,387401,428471,429263,470759,486330,486315,484262,508312,479632,494388,479685,458002,494019,536417,585141,568567
 "28017","Chickasaw, MS",5,CAGDP2,2,"..."," Private industries ","Thousands of dollars",327874,317696,337644,353514,372329,373671,339384,378272,378437,420491,435428,435561,432653,456489,427745,440842,426756,402162,437137,478304,525799,505696
 "28017","Chickasaw, MS",5,CAGDP2,3,"11","  Agriculture, forestry, fishing and hunting ","Thousands of dollars",16646,990,12324,15551,19344,13282,22625,27968,29131,47314,57290,53881,55189,76510,48539,72731,58386,5802,46782,78711,88530,78003
 "28017","Chickasaw, MS",5,CAGDP2,6,"21","  Mining, quarrying, and oil and gas extraction ","Thousands of dollars",520,505,554,818,600,657,762,1205,750,552,529,421,438,515,272,179,0,0,0,0,0,0
 "28017","Chickasaw, MS",5,CAGDP2,10,"22","  Utilities ","Thousands of dollars",2413,2564,2547,2727,2851,3109,(D),(D),(D),(D),(D),3143,3877,4299,4297,4389,4797,5016,5216,4316,4998,4982
 "28017","Chickasaw, MS",5,CAGDP2,11,"23","  Construction ","Thousands of dollars",10120,11296,11753,10274,10253,12289,12130,10415,12708,13453,13033,12844,12056,12222,12369,12802,11146,12130,13659,13091,14133,15422
 "28017","Chickasaw, MS",5,CAGDP2,12,"31-33","  Manufacturing ","Thousands of dollars",157936,157611,161525,169017,172454,174195,162258,177283,168400,177777,176372,179088,171232,162639,158857,146656,154648,169985,162968,163274,192063,168361
 "28017","Chickasaw, MS",5,CAGDP2,13,"321,327-339","   Durable goods manufacturing ","Thousands of dollars",123250,122595,119256,119701,125160,123229,109825,128040,111959,116733,113549,115273,107013,101806,94458,88102,82053,87857,83383,75757,86610,79275
 "28017","Chickasaw, MS",5,CAGDP2,25,"311-316,322-326","   Nondurable goods manufacturing ","Thousands of dollars",34686,35016,42269,49317,47294,50966,52432,49243,56442,61044,62824,63814,64219,60833,64399,58555,72595,82128,79585,87517,105453,89086
 "28017","Chickasaw, MS",5,CAGDP2,34,"42","  Wholesale trade ","Thousands of dollars",13159,13613,14555,15346,13735,13643,(D),(D),(D),(D),(D),(D),13359,(D),(D),(D),(D),(D),(D),(D),(D),(D)
 "28017","Chickasaw, MS",5,CAGDP2,35,"44-45","  Retail trade ","Thousands of dollars",27198,29147,30096,32087,33283,33700,30228,30313,32201,37670,37678,40198,41682,43519,44194,44882,46784,48360,50706,54542,59376,61968
 "28017","Chickasaw, MS",5,CAGDP2,36,"48-49","  Transportation and warehousing ","Thousands of dollars",10391,10026,9672,12161,13457,16517,15241,12492,12028,12336,12821,11959,(D),11214,12124,14022,16759,18670,12974,12810,14105,14491
 "28017","Chickasaw, MS",5,CAGDP2,45,"51","  Information ","Thousands of dollars",1441,1556,1469,1488,1512,1130,1462,2043,3158,1788,1587,1443,1831,1523,1993,2100,1777,1563,1967,1821,(D),(D)
 "28017","Chickasaw, MS",5,CAGDP2,50,"52,53","  Finance, insurance, real estate, rental, and leasing ","Thousands of dollars",50874,52502,55461,55453,67348,65019,37425,56691,57938,64023,70475,71215,71678,83221,83078,83276,71342,78826,79112,88714,86568,88799
 "28017","Chickasaw, MS",5,CAGDP2,51,"52","   Finance and insurance ","Thousands of dollars",14270,13885,14690,14314,18505,12633,13043,12730,13359,13512,14132,14927,15133,16626,17483,18536,17889,18349,19169,20489,21456,20899
 "28017","Chickasaw, MS",5,CAGDP2,56,"53","   Real estate and rental and leasing ","Thousands of dollars",36604,38617,40771,41139,48842,52386,24382,43961,44579,50511,56343,56288,56545,66595,65595,64741,53452,60477,59944,68225,65111,67901
 "28017","Chickasaw, MS",5,CAGDP2,59,"54,55,56","  Professional and business services ","Thousands of dollars",6704,6889,6032,6000,5424,5696,5836,6019,5994,7170,8429,(D),(D),(D),9885,8988,8653,8322,9145,9727,10767,11901
 "28017","Chickasaw, MS",5,CAGDP2,60,"54","   Professional, scientific, and technical services ","Thousands of dollars",4507,4639,4054,4107,3395,3385,3651,3906,3600,4061,4480,4712,4810,4962,6843,5789,5655,5232,6126,6442,6978,8121
 "28017","Chickasaw, MS",5,CAGDP2,64,"55","   Management of companies and enterprises ","Thousands of dollars",0,0,0,0,0,0,0,0,0,0,0,(D),(D),(D),(D),0,0,0,0,0,0,0
 "28017","Chickasaw, MS",5,CAGDP2,65,"56","   Administrative and support and waste management and remediation services ","Thousands of dollars",2197,2251,1978,1893,2029,2311,2184,2113,2395,3109,3949,(D),(D),(D),(D),3199,2998,3091,3019,3285,3789,3780
 "28017","Chickasaw, MS",5,CAGDP2,68,"61,62","  Educational services, health care, and social assistance ","Thousands of dollars",15495,15584,17357,17746,17443,19514,20385,21549,22226,23347,24757,24631,24047,22907,23147,20024,21073,20984,21766,19000,18178,20052
 "28017","Chickasaw, MS",5,CAGDP2,69,"61","   Educational services ","Thousands of dollars",107,110,102,(D),(D),(D),(D),(D),(D),(D),(D),(D),(D),(D),(D),(D),(D),(D),(D),(D),(D),(D)
 "28017","Chickasaw, MS",5,CAGDP2,70,"62","   Health care and social assistance ","Thousands of dollars",15388,15474,17255,(D),(D),(D),(D),(D),(D),(D),(D),(D),(D),(D),(D),(D),(D),(D),(D),(D),(D),(D)
 "28017","Chickasaw, MS",5,CAGDP2,75,"71,72","  Arts, entertainment, recreation, accommodation, and food services ","Thousands of dollars",4562,4533,4329,4670,4699,4830,4906,5544,5849,6256,6418,7304,6988,7148,(D),(D),(D),(D),(D),(D),8139,9653
 "28017","Chickasaw, MS",5,CAGDP2,76,"71","   Arts, entertainment, and recreation ","Thousands of dollars",203,234,218,211,228,224,301,306,257,199,156,160,153,104,(D),(D),(D),(D),(D),(D),(D),(D)
 "28017","Chickasaw, MS",5,CAGDP2,79,"72","   Accommodation and food services ","Thousands of dollars",4359,4299,4111,4459,4471,4606,4605,5238,5593,6057,6262,7144,6835,7044,(D),(D),(D),(D),(D),(D),(D),(D)
 "28017","Chickasaw, MS",5,CAGDP2,82,"81","  Other services (except government and government enterprises) ","Thousands of dollars",10416,10878,9969,10176,9927,10090,9838,9385,9700,10377,10091,10649,10298,11042,10682,11004,10965,11060,11193,10816,(D),(D)
 "28017","Chickasaw, MS",5,CAGDP2,83,"92","Government and government enterprises ","Thousands of dollars",32657,35828,38331,42681,44312,44454,48017,50199,50826,50268,50902,50754,51609,51822,51887,53546,52930,55840,56882,58113,59342,62871
 "28017","Chickasaw, MS",5,CAGDP2,87,"11,21","Natural resources and mining ","Thousands of dollars",17166,1495,12878,16369,19943,13938,23387,29173,29881,47866,57820,54302,55627,77025,48811,72910,58386,5802,46782,78711,88530,78003
 "28017","Chickasaw, MS",5,CAGDP2,88,"42,44-45","Trade ","Thousands of dollars",40357,42761,44651,47433,47018,47343,(D),(D),(D),(D),(D),(D),55041,(D),(D),(D),(D),(D),(D),(D),(D),(D)
 "28017","Chickasaw, MS",5,CAGDP2,89,"22,48-49","Transportation and utilities ","Thousands of dollars",12804,12590,12219,14888,16308,19627,(D),(D),(D),(D),(D),15102,(D),15513,16421,18411,21555,23686,18190,17126,19103,19473
 "28017","Chickasaw, MS",5,CAGDP2,90,"31-33,51","Manufacturing and information ","Thousands of dollars",159377,159168,162994,170505,173966,175325,163719,179326,171558,179565,177960,180531,173063,164162,160850,148756,156425,171548,164935,165095,(D),(D)
 "28017","Chickasaw, MS",5,CAGDP2,91,"...","Private goods-producing industries 2/","Thousands of dollars",185221,170403,186156,195661,202651,200422,197775,216871,210989,239097,247224,246234,238916,251886,220037,232368,224179,187917,223409,255076,294727,261786
 "28017","Chickasaw, MS",5,CAGDP2,92,"...","Private services-providing industries 3/","Thousands of dollars",142653,147294,151487,157854,169678,173248,141609,161401,167448,181394,188203,189328,193737,204604,207708,208474,202576,214245,213727,223228,231073,243909
 "28019","Choctaw, MS",5,CAGDP2,1,"...","All industry total ","Thousands of dollars",122893,212116,297315,330077,347550,381465,435615,420448,466401,533525,465321,492783,460904,543546,657159,674203,686046,743383,693781,670131,772949,979022
 "28019","Choctaw, MS",5,CAGDP2,2,"..."," Private industries ","Thousands of dollars",105125,192455,275812,307382,322958,356332,406577,385119,422397,493564,424832,450394,417006,480450,554275,556732,567237,622354,599140,608478,692818,857093
 "28019","Choctaw, MS",5,CAGDP2,3,"11","  Agriculture, forestry, fishing and hunting ","Thousands of dollars",9972,9591,8959,12626,13075,13429,12142,9305,8976,12829,15040,17810,21150,27055,22130,27687,22811,17259,26068,21125,30572,30891
 "28019","Choctaw, MS",5,CAGDP2,6,"21","  Mining, quarrying, and oil and gas extraction ","Thousands of dollars",15811,35842,63166,91620,107886,133906,179828,135927,141824,131426,99815,72265,86849,80287,89617,69918,77474,91701,92865,94184,112087,189628
 "28019","Choctaw, MS",5,CAGDP2,10,"22","  Utilities ","Thousands of dollars",4730,73746,114287,113760,109553,126472,138514,157381,192361,263628,215772,261357,207272,(D),353374,363650,372196,414155,384995,391529,433949,511403
 "28019","Choctaw, MS",5,CAGDP2,11,"23","  Construction ","Thousands of dollars",7412,8818,20976,13732,15315,4798,4145,4162,4066,4362,5596,6211,5079,4978,4349,3893,2428,1993,2067,2500,3125,3510
 "28019","Choctaw, MS",5,CAGDP2,12,"31-33","  Manufacturing ","Thousands of dollars",19247,15020,17192,22504,21565,20497,23079,21754,16365,24261,20956,23795,24234,22256,21753,21012,22146,25588,21086,23842,30963,34478
 "28019","Choctaw, MS",5,CAGDP2,13,"321,327-339","   Durable goods manufacturing ","Thousands of dollars",(D),(D),17072,22379,21441,20446,23039,21495,15716,23124,(D),(D),(D),21439,20930,20686,22055,25501,20992,23804,30803,34351
 "28019","Choctaw, MS",5,CAGDP2,25,"311-316,322-326","   Nondurable goods manufacturing ","Thousands of dollars",(D),(D),120,124,124,51,40,259,649,1138,(D),(D),(D),816,823,326,91,87,94,38,160,126
 "28019","Choctaw, MS",5,CAGDP2,34,"42","  Wholesale trade ","Thousands of dollars",(D),3470,3359,3059,3097,2668,2654,2246,(D),(D),(D),(D),(D),199,135,115,136,243,(D),(D),(D),(D)
 "28019","Choctaw, MS",5,CAGDP2,35,"44-45","  Retail trade ","Thousands of dollars",5887,6354,6077,6252,5935,5473,4715,4428,5527,7166,7636,7145,6879,6925,6760,6741,6911,7936,7969,8712,9703,9695
 "28019","Choctaw, MS",5,CAGDP2,36,"48-49","  Transportation and warehousing ","Thousands of dollars",(D),1941,2045,2769,2977,3068,3225,2655,(D),(D),(D),(D),(D),1092,1251,(D),1137,(D),(D),(D),(D),(D)
 "28019","Choctaw, MS",5,CAGDP2,45,"51","  Information ","Thousands of dollars",2956,2537,2479,2640,3003,3236,3148,3615,3709,(D),(D),(D),(D),(D),(D),(D),(D),(D),(D),(D),(D),(D)
 "28019","Choctaw, MS",5,CAGDP2,50,"52,53","  Finance, insurance, real estate, rental, and leasing ","Thousands of dollars",18203,19518,18938,19248,20660,20834,12198,19229,19259,18299,26105,26380,28657,30971,29506,36561,34993,33206,31903,33600,36020,(D)
 "28019","Choctaw, MS",5,CAGDP2,51,"52","   Finance and insurance ","Thousands of dollars",(D),(D),(D),(D),(D),(D),(D),(D),(D),3886,(D),3818,(D),4189,(D),(D),(D),(D),4249,(D),(D),(D)
 "28019","Choctaw, MS",5,CAGDP2,56,"53","   Real estate and rental and leasing ","Thousands of dollars",(D),(D),(D),(D),(D),(D),(D),(D),(D),14413,(D),22562,(D),26782,(D),(D),(D),(D),27654,(D),(D),32404
 "28019","Choctaw, MS",5,CAGDP2,59,"54,55,56","  Professional and business services ","Thousands of dollars",1313,(D),(D),1716,1778,2235,2428,2846,2747,3014,4404,5325,6722,3834,3423,3200,3450,4014,4854,5461,5621,6371
 "28019","Choctaw, MS",5,CAGDP2,60,"54","   Professional, scientific, and technical services ","Thousands of dollars",(D),(D),(D),(D),1186,1382,1528,(D),1572,(D),1594,2167,2572,1701,1475,1384,1552,1666,1798,1660,1526,1806
 "28019","Choctaw, MS",5,CAGDP2,64,"55","   Management of companies and enterprises ","Thousands of dollars",0,0,0,0,0,0,0,0,0,0,0,0,0,0,0,0,0,0,0,0,0,0
 "28019","Choctaw, MS",5,CAGDP2,65,"56","   Administrative and support and waste management and remediation services ","Thousands of dollars",(D),(D),(D),(D),592,853,900,(D),1175,(D),2810,3158,4150,2134,1949,1816,1898,2348,3057,3800,4094,4565
 "28019","Choctaw, MS",5,CAGDP2,68,"61,62","  Educational services, health care, and social assistance ","Thousands of dollars",10463,9601,11383,11987,12581,14304,15496,16476,18853,15877,17515,18366,18920,16998,12593,13268,13062,13832,14142,13696,14532,14933
 "28019","Choctaw, MS",5,CAGDP2,69,"61","   Educational services ","Thousands of dollars",(D),(D),(D),(D),(D),(D),(D),(D),(D),(D),(D),(D),(D),(D),(D),(D),(D),(D),(D),(D),(D),(D)
 "28019","Choctaw, MS",5,CAGDP2,70,"62","   Health care and social assistance ","Thousands of dollars",(D),(D),(D),(D),(D),(D),(D),(D),(D),(D),(D),(D),(D),(D),(D),(D),(D),(D),(D),(D),(D),(D)
 "28019","Choctaw, MS",5,CAGDP2,75,"71,72","  Arts, entertainment, recreation, accommodation, and food services ","Thousands of dollars",(D),(D),(D),1249,1210,1114,776,819,1115,1182,1074,1153,1134,1164,1257,1459,1533,1457,1623,1546,2845,4141
 "28019","Choctaw, MS",5,CAGDP2,76,"71","   Arts, entertainment, and recreation ","Thousands of dollars",13,13,25,111,137,65,17,11,32,65,97,79,74,28,20,41,83,61,60,47,1030,1974
 "28019","Choctaw, MS",5,CAGDP2,79,"72","   Accommodation and food services ","Thousands of dollars",(D),(D),(D),1138,1073,1049,759,809,1083,1117,977,1074,1060,1136,1237,1418,1450,1396,1563,1499,1815,2167
 "28019","Choctaw, MS",5,CAGDP2,82,"81","  Other services (except government and government enterprises) ","Thousands of dollars",3684,3844,3849,4220,4324,4299,4229,4274,4550,5062,(D),4797,(D),4986,(D),(D),(D),(D),5563,(D),(D),(D)
 "28019","Choctaw, MS",5,CAGDP2,83,"92","Government and government enterprises ","Thousands of dollars",17768,19661,21503,22695,24592,25133,29038,35329,44004,39960,40490,42389,43898,63095,102885,117471,118809,121029,94641,61654,80131,121928
 "28019","Choctaw, MS",5,CAGDP2,87,"11,21","Natural resources and mining ","Thousands of dollars",25783,45433,72125,104245,120961,147335,191970,145232,150800,144255,114855,90076,107999,107341,111747,97605,100285,108960,118933,115309,142659,220518
 "28019","Choctaw, MS",5,CAGDP2,88,"42,44-45","Trade ","Thousands of dollars",(D),9823,9436,9311,9031,8141,7369,6674,(D),(D),(D),(D),(D),7125,6895,6857,7047,8179,(D),(D),(D),(D)
 "28019","Choctaw, MS",5,CAGDP2,89,"22,48-49","Transportation and utilities ","Thousands of dollars",(D),75687,116332,116530,112530,129539,141739,160036,(D),(D),(D),(D),(D),(D),354625,(D),373333,(D),(D),(D),(D),(D)
 "28019","Choctaw, MS",5,CAGDP2,90,"31-33,51","Manufacturing and information ","Thousands of dollars",22203,17557,19670,25144,24568,23733,26227,25369,20074,(D),(D),(D),(D),(D),(D),(D),(D),(D),(D),(D),(D),(D)
 "28019","Choctaw, MS",5,CAGDP2,91,"...","Private goods-producing industries 2/","Thousands of dollars",52442,69271,110293,140481,157841,172630,219194,171149,171231,172878,141407,120082,137311,134575,137849,122511,124860,136541,142086,141651,176747,258506
 "28019","Choctaw, MS",5,CAGDP2,92,"...","Private services-providing industries 3/","Thousands of dollars",52683,123184,165518,166901,165118,183701,187383,213970,251166,320686,283425,330312,279694,345876,416426,434222,442378,485813,457054,466827,516071,598587
 "28021","Claiborne, MS",5,CAGDP2,1,"...","All industry total ","Thousands of dollars",511039,552980,606113,616659,593075,651570,577464,622983,743143,703871,786464,720968,814035,808581,825730,577387,651509,635337,802725,617581,882971,862552
 "28021","Claiborne, MS",5,CAGDP2,2,"..."," Private industries ","Thousands of dollars",439119,477684,530748,535318,511473,570126,483231,514260,614045,596737,668634,611605,672394,651072,645249,435150,507298,501107,666372,526034,771906,722948
 "28021","Claiborne, MS",5,CAGDP2,3,"11","  Agriculture, forestry, fishing and hunting ","Thousands of dollars",(D),(D),7704,(D),7176,(D),(D),(D),(D),(D),(D),(D),15568,(D),3182,2736,(D),2077,(D),(D),1543,1181
 "28021","Claiborne, MS",5,CAGDP2,6,"21","  Mining, quarrying, and oil and gas extraction ","Thousands of dollars",315,84,144,205,180,194,208,213,79,53,157,208,219,233,98,85,0,0,0,0,(D),(D)
 "28021","Claiborne, MS",5,CAGDP2,10,"22","  Utilities ","Thousands of dollars",335481,375361,439885,442971,412173,473488,399565,423109,519575,485433,538311,388007,558833,542165,535766,317861,390677,382485,545573,390432,640498,570977
 "28021","Claiborne, MS",5,CAGDP2,11,"23","  Construction ","Thousands of dollars",(D),(D),3245,(D),14076,(D),(D),(D),(D),(D),(D),(D),9215,(D),16007,20433,(D),1080,(D),(D),(D),(D)
 "28021","Claiborne, MS",5,CAGDP2,12,"31-33","  Manufacturing ","Thousands of dollars",24029,23888,21948,15694,16021,14268,9963,7449,6615,8301,8593,9016,13690,13750,15322,14300,11366,12889,11533,14384,24888,26167
 "28021","Claiborne, MS",5,CAGDP2,13,"321,327-339","   Durable goods manufacturing ","Thousands of dollars",(D),(D),(D),9423,(D),(D),(D),(D),(D),(D),(D),(D),(D),11803,13894,13616,10904,12708,11341,(D),24849,26137
 "28021","Claiborne, MS",5,CAGDP2,25,"311-316,322-326","   Nondurable goods manufacturing ","Thousands of dollars",(D),(D),(D),6272,(D),(D),(D),(D),(D),(D),(D),(D),(D),1947,1428,684,462,182,192,(D),39,30
 "28021","Claiborne, MS",5,CAGDP2,34,"42","  Wholesale trade ","Thousands of dollars",(D),(D),(D),(D),(D),(D),(D),(D),(D),(D),(D),(D),(D),(D),(D),(D),118,228,(D),(D),(D),(D)
 "28021","Claiborne, MS",5,CAGDP2,35,"44-45","  Retail trade ","Thousands of dollars",9402,8892,8463,8355,8450,8354,8299,8755,10075,10964,10461,9591,9855,9233,8981,9142,10182,10856,11255,12651,12689,13106
 "28021","Claiborne, MS",5,CAGDP2,36,"48-49","  Transportation and warehousing ","Thousands of dollars",(D),(D),(D),(D),(D),(D),(D),(D),(D),(D),(D),(D),(D),(D),(D),(D),(D),2332,1972,(D),2931,3428
 "28021","Claiborne, MS",5,CAGDP2,45,"51","  Information ","Thousands of dollars",2015,2337,2043,2047,2244,2076,1856,2129,1941,1978,1848,1797,1716,1748,1696,1431,1194,1232,1225,1182,1291,1354
 "28021","Claiborne, MS",5,CAGDP2,50,"52,53","  Finance, insurance, real estate, rental, and leasing ","Thousands of dollars",22740,23242,23435,22045,24180,23573,15800,22713,23084,24906,28226,33601,31218,31345,31123,34681,34561,33021,(D),29829,31528,(D)
 "28021","Claiborne, MS",5,CAGDP2,51,"52","   Finance and insurance ","Thousands of dollars",(D),(D),(D),(D),(D),(D),(D),(D),(D),(D),(D),(D),(D),(D),(D),(D),(D),(D),(D),(D),(D),(D)
 "28021","Claiborne, MS",5,CAGDP2,56,"53","   Real estate and rental and leasing ","Thousands of dollars",(D),(D),(D),(D),(D),(D),(D),(D),(D),(D),(D),(D),(D),(D),(D),(D),(D),(D),25949,(D),(D),24682
 "28021","Claiborne, MS",5,CAGDP2,59,"54,55,56","  Professional and business services ","Thousands of dollars",4052,3286,3338,3471,4551,4463,4808,4459,5185,7192,7397,7662,5451,6982,4929,5310,7333,19446,20894,32477,13290,27255
 "28021","Claiborne, MS",5,CAGDP2,60,"54","   Professional, scientific, and technical services ","Thousands of dollars",2083,(D),2257,2782,2574,3733,3918,3855,3713,4766,4338,4766,3510,4274,3193,(D),(D),(D),(D),(D),(D),(D)
 "28021","Claiborne, MS",5,CAGDP2,64,"55","   Management of companies and enterprises ","Thousands of dollars",0,0,0,0,0,0,0,0,0,0,0,0,0,0,0,0,0,0,0,0,0,0
 "28021","Claiborne, MS",5,CAGDP2,65,"56","   Administrative and support and waste management and remediation services ","Thousands of dollars",1969,(D),1081,690,1977,730,890,604,1473,2425,3058,2896,1941,2708,1737,(D),(D),(D),(D),(D),(D),(D)
 "28021","Claiborne, MS",5,CAGDP2,68,"61,62","  Educational services, health care, and social assistance ","Thousands of dollars",9490,10128,11327,12410,12791,14149,15418,18321,22898,22524,22456,21615,18253,17235,17355,18859,26509,25487,26805,28642,28281,30847
 "28021","Claiborne, MS",5,CAGDP2,69,"61","   Educational services ","Thousands of dollars",3730,4219,(D),5320,5104,5465,5723,(D),(D),(D),(D),(D),(D),(D),(D),(D),(D),(D),(D),(D),(D),(D)
 "28021","Claiborne, MS",5,CAGDP2,70,"62","   Health care and social assistance ","Thousands of dollars",5760,5909,(D),7090,7687,8684,9695,(D),(D),(D),(D),(D),(D),(D),(D),(D),(D),(D),(D),(D),(D),(D)
 "28021","Claiborne, MS",5,CAGDP2,75,"71,72","  Arts, entertainment, recreation, accommodation, and food services ","Thousands of dollars",1021,1118,1054,1900,1807,2117,1600,2069,1920,2111,2219,2240,3159,4241,5029,4749,(D),6198,7396,6700,(D),9771
 "28021","Claiborne, MS",5,CAGDP2,76,"71","   Arts, entertainment, and recreation ","Thousands of dollars",(D),(D),(D),(D),(D),(D),(D),(D),(D),(D),(D),(D),(D),(D),(D),(D),(D),(D),(D),551,(D),(D)
 "28021","Claiborne, MS",5,CAGDP2,79,"72","   Accommodation and food services ","Thousands of dollars",(D),(D),(D),(D),(D),(D),(D),(D),(D),(D),(D),(D),(D),(D),(D),(D),(D),(D),(D),6149,(D),(D)
 "28021","Claiborne, MS",5,CAGDP2,82,"81","  Other services (except government and government enterprises) ","Thousands of dollars",4003,3972,3752,4044,4298,4450,4239,4232,3953,3355,3279,2562,2642,2903,2979,3074,3421,3775,4147,4368,4213,4922
 "28021","Claiborne, MS",5,CAGDP2,83,"92","Government and government enterprises ","Thousands of dollars",71920,75296,75365,81341,81602,81444,94233,108723,129098,107134,117831,109363,141641,157509,180481,142237,144211,134230,136352,91547,111064,139603
 "28021","Claiborne, MS",5,CAGDP2,87,"11,21","Natural resources and mining ","Thousands of dollars",(D),(D),7848,(D),7357,(D),(D),(D),(D),(D),(D),(D),15787,(D),3280,2821,(D),2077,(D),(D),(D),(D)
 "28021","Claiborne, MS",5,CAGDP2,88,"42,44-45","Trade ","Thousands of dollars",(D),(D),(D),(D),(D),(D),(D),(D),(D),(D),(D),(D),(D),(D),(D),(D),10300,11084,(D),(D),(D),(D)
 "28021","Claiborne, MS",5,CAGDP2,89,"22,48-49","Transportation and utilities ","Thousands of dollars",(D),(D),(D),(D),(D),(D),(D),(D),(D),(D),(D),(D),(D),(D),(D),(D),(D),384817,547545,(D),643430,574405
 "28021","Claiborne, MS",5,CAGDP2,90,"31-33,51","Manufacturing and information ","Thousands of dollars",26044,26225,23990,17741,18266,16343,11818,9579,8557,10279,10442,10813,15406,15498,17018,15731,12561,14122,12758,15567,26179,27521
 "28021","Claiborne, MS",5,CAGDP2,91,"...","Private goods-producing industries 2/","Thousands of dollars",45341,43808,33041,34276,37454,34142,29342,25990,23126,35814,51817,141941,38691,32823,34609,37554,25638,16047,14579,17310,27827,28229
 "28021","Claiborne, MS",5,CAGDP2,92,"...","Private services-providing industries 3/","Thousands of dollars",393778,433876,497707,501042,474020,535984,453889,488270,590919,560923,616817,469663,633703,618248,610640,397596,481660,485060,651794,508723,744079,694719
 "28023","Clarke, MS",5,CAGDP2,1,"...","All industry total ","Thousands of dollars",227418,230699,207564,228149,234730,260850,241743,266900,266254,284083,301277,335645,343470,334622,302914,285435,278569,296043,286543,294376,303484,329468
 "28023","Clarke, MS",5,CAGDP2,2,"..."," Private industries ","Thousands of dollars",197300,198684,173411,192708,197345,223160,200815,223946,223175,241387,260891,295569,301522,291326,258360,239659,232823,250009,238967,246183,254393,278229
 "28023","Clarke, MS",5,CAGDP2,3,"11","  Agriculture, forestry, fishing and hunting ","Thousands of dollars",8832,9270,12390,16663,16155,16860,16485,14014,14733,14887,6992,11630,21907,29546,26613,25172,31331,30355,24420,21818,25306,34892
 "28023","Clarke, MS",5,CAGDP2,6,"21","  Mining, quarrying, and oil and gas extraction ","Thousands of dollars",14196,11715,14460,19377,18385,28530,39337,44526,30812,34370,43310,52665,55501,52371,24421,17282,13721,16972,16379,10208,13264,16042
 "28023","Clarke, MS",5,CAGDP2,10,"22","  Utilities ","Thousands of dollars",1146,1178,1219,2120,2314,2251,2136,2297,2415,2506,2557,2402,2636,2779,2428,2690,2710,2912,2948,2772,2975,3047
 "28023","Clarke, MS",5,CAGDP2,11,"23","  Construction ","Thousands of dollars",10383,34622,6959,5658,6295,12102,10085,7328,3507,5216,8720,10305,16683,15717,12190,15010,16708,17980,19852,16343,15341,12019
 "28023","Clarke, MS",5,CAGDP2,12,"31-33","  Manufacturing ","Thousands of dollars",63067,37346,33883,41816,39913,46875,40851,42703,47386,53253,53539,50317,57499,46639,42702,35024,32662,34087,33208,32355,36225,42931
 "28023","Clarke, MS",5,CAGDP2,13,"321,327-339","   Durable goods manufacturing ","Thousands of dollars",7467,(D),11371,16077,15152,15287,12654,13625,16034,14044,12050,8952,9926,9140,9693,9928,4890,6063,6400,7920,10850,11201
 "28023","Clarke, MS",5,CAGDP2,25,"311-316,322-326","   Nondurable goods manufacturing ","Thousands of dollars",55600,(D),22512,25739,24761,31588,28197,29078,31353,39209,41489,41365,47573,37499,33009,25096,27772,28024,26808,24436,25375,31730
 "28023","Clarke, MS",5,CAGDP2,34,"42","  Wholesale trade ","Thousands of dollars",5673,5419,5693,5691,4882,5096,6020,6161,4753,4236,(D),6621,4508,3861,2939,2327,925,870,862,(D),(D),(D)
 "28023","Clarke, MS",5,CAGDP2,35,"44-45","  Retail trade ","Thousands of dollars",13818,14031,14557,15241,13613,13936,13374,14232,14967,17493,18137,18355,18340,17592,18056,17125,16736,17418,18759,23601,26016,25697
 "28023","Clarke, MS",5,CAGDP2,36,"48-49","  Transportation and warehousing ","Thousands of dollars",9638,8663,7436,7734,6896,6580,6572,4767,7660,9342,9719,9480,8433,8154,8359,8359,8811,10674,10250,11350,12088,15697
 "28023","Clarke, MS",5,CAGDP2,45,"51","  Information ","Thousands of dollars",516,600,587,587,583,540,598,710,762,(D),463,573,696,(D),2171,2344,1261,(D),(D),(D),(D),(D)
 "28023","Clarke, MS",5,CAGDP2,50,"52,53","  Finance, insurance, real estate, rental, and leasing ","Thousands of dollars",44612,48866,50149,49353,59229,59552,32216,52257,57727,58059,64833,67452,69574,67975,74391,70922,65367,73015,(D),77806,72044,(D)
 "28023","Clarke, MS",5,CAGDP2,51,"52","   Finance and insurance ","Thousands of dollars",11034,11530,11680,12058,13618,(D),13566,12814,12664,(D),(D),(D),(D),(D),(D),(D),(D),(D),(D),(D),(D),(D)
 "28023","Clarke, MS",5,CAGDP2,56,"53","   Real estate and rental and leasing ","Thousands of dollars",33577,37335,38469,37295,45611,(D),18650,39443,45064,(D),(D),(D),(D),(D),(D),(D),(D),(D),50561,(D),(D),(D)
 "28023","Clarke, MS",5,CAGDP2,59,"54,55,56","  Professional and business services ","Thousands of dollars",2367,2581,2904,3175,3535,4314,6182,6182,7708,9269,13217,29593,9080,8244,7420,6888,6325,7147,7563,7806,8159,8520
 "28023","Clarke, MS",5,CAGDP2,60,"54","   Professional, scientific, and technical services ","Thousands of dollars",1213,1374,(D),(D),1855,(D),(D),(D),(D),6583,10399,26332,6154,5709,5300,4625,3957,(D),(D),(D),(D),(D)
 "28023","Clarke, MS",5,CAGDP2,64,"55","   Management of companies and enterprises ","Thousands of dollars",(D),(D),(D),(D),(D),(D),(D),(D),(D),(D),(D),(D),(D),(D),(D),(D),(D),(D),(D),(D),(D),(D)
 "28023","Clarke, MS",5,CAGDP2,65,"56","   Administrative and support and waste management and remediation services ","Thousands of dollars",(D),(D),1142,1143,(D),1547,2963,2833,4148,(D),(D),(D),(D),(D),(D),(D),(D),2459,2331,2969,3299,3015
 "28023","Clarke, MS",5,CAGDP2,68,"61,62","  Educational services, health care, and social assistance ","Thousands of dollars",13026,14060,13564,15174,15408,16111,16883,18475,20319,20897,21096,22476,22383,22412,22327,22236,21739,21667,22529,22528,22505,23709
 "28023","Clarke, MS",5,CAGDP2,69,"61","   Educational services ","Thousands of dollars",83,85,65,71,9,22,0,78,8,36,10,(D),(D),(D),(D),(D),(D),(D),(D),(D),4,(D)
 "28023","Clarke, MS",5,CAGDP2,70,"62","   Health care and social assistance ","Thousands of dollars",12943,13975,13499,15103,15399,16089,16883,18397,20311,20861,21086,(D),(D),(D),(D),(D),(D),(D),(D),(D),22501,(D)
 "28023","Clarke, MS",5,CAGDP2,75,"71,72","  Arts, entertainment, recreation, accommodation, and food services ","Thousands of dollars",2369,2190,2214,2644,2812,3046,2759,2925,2931,3293,(D),3205,3593,3827,4179,4654,4967,5845,6544,(D),(D),7956
 "28023","Clarke, MS",5,CAGDP2,76,"71","   Arts, entertainment, and recreation ","Thousands of dollars",(D),(D),(D),(D),(D),(D),(D),(D),(D),(D),(D),(D),(D),(D),(D),(D),(D),(D),(D),(D),(D),(D)
 "28023","Clarke, MS",5,CAGDP2,79,"72","   Accommodation and food services ","Thousands of dollars",(D),(D),(D),(D),(D),(D),(D),(D),(D),(D),(D),(D),(D),(D),(D),(D),(D),(D),(D),(D),(D),(D)
 "28023","Clarke, MS",5,CAGDP2,82,"81","  Other services (except government and government enterprises) ","Thousands of dollars",7659,8142,7396,7474,7324,7365,7317,7369,7494,(D),8846,10495,10689,(D),10165,9625,9559,(D),(D),(D),(D),(D)
 "28023","Clarke, MS",5,CAGDP2,83,"92","Government and government enterprises ","Thousands of dollars",30119,32015,34153,35441,37385,37689,40928,42954,43079,42696,40386,40076,41948,43296,44554,45776,45747,46034,47576,48193,49091,51239
 "28023","Clarke, MS",5,CAGDP2,87,"11,21","Natural resources and mining ","Thousands of dollars",23028,20986,26850,36040,34540,45390,55821,58540,45546,49257,50301,64296,77408,81917,51034,42455,45052,47327,40799,32027,38570,50934
 "28023","Clarke, MS",5,CAGDP2,88,"42,44-45","Trade ","Thousands of dollars",19490,19450,20250,20931,18496,19033,19394,20393,19720,21729,(D),24975,22848,21453,20995,19452,17661,18288,19621,(D),(D),(D)
 "28023","Clarke, MS",5,CAGDP2,89,"22,48-49","Transportation and utilities ","Thousands of dollars",10784,9841,8655,9854,9210,8832,8708,7064,10075,11848,12275,11882,11068,10933,10787,11048,11521,13586,13198,14122,15063,18744
 "28023","Clarke, MS",5,CAGDP2,90,"31-33,51","Manufacturing and information ","Thousands of dollars",63582,37946,34470,42404,40496,47416,41449,43413,48148,(D),54002,50890,58195,(D),44873,37368,33923,(D),(D),(D),(D),(D)
 "28023","Clarke, MS",5,CAGDP2,91,"...","Private goods-producing industries 2/","Thousands of dollars",96479,92954,67692,83514,80747,104368,106758,108571,96438,107727,112561,124918,151590,144274,105926,92488,94422,99394,93859,80725,90136,105884
 "28023","Clarke, MS",5,CAGDP2,92,"...","Private services-providing industries 3/","Thousands of dollars",100821,105730,105719,109194,116597,118792,94057,115376,126737,133660,148330,170651,149932,147052,152434,147171,138400,150615,145108,165458,164258,172346
 "28025","Clay, MS",5,CAGDP2,1,"...","All industry total ","Thousands of dollars",498533,476174,483684,515905,504712,546067,539138,541085,486448,495073,570543,530887,526137,559478,493403,513798,501235,484844,519240,539408,596539,668543
 "28025","Clay, MS",5,CAGDP2,2,"..."," Private industries ","Thousands of dollars",458377,432887,440030,469744,458526,499231,488365,485803,430777,440218,517532,478506,472791,505252,438479,458296,445201,428307,461262,480552,535230,604597
 "28025","Clay, MS",5,CAGDP2,3,"11","  Agriculture, forestry, fishing and hunting ","Thousands of dollars",6990,(D),8873,24149,26666,31454,50608,79605,62589,87424,153431,120477,104737,140530,60116,59585,35819,20556,39964,60292,66840,53732
 "28025","Clay, MS",5,CAGDP2,6,"21","  Mining, quarrying, and oil and gas extraction ","Thousands of dollars",600,568,823,1318,1518,1722,2700,2661,2453,2006,1797,1313,1296,1348,1085,1507,1870,2426,3115,3368,2534,2974
 "28025","Clay, MS",5,CAGDP2,10,"22","  Utilities ","Thousands of dollars",975,1032,1097,1066,1009,1065,984,1205,1347,1380,1411,1376,1438,1477,1308,977,914,997,666,682,719,707
 "28025","Clay, MS",5,CAGDP2,11,"23","  Construction ","Thousands of dollars",7930,8916,9282,10035,10133,11648,19554,16901,14446,18233,17698,19415,19437,11724,5698,9072,15667,14790,11313,11483,15101,19978
 "28025","Clay, MS",5,CAGDP2,12,"31-33","  Manufacturing ","Thousands of dollars",231532,203803,193559,182560,166326,182448,174218,116298,86720,53142,58469,53471,57267,52574,69808,68584,73494,68618,71880,68899,95814,150391
 "28025","Clay, MS",5,CAGDP2,13,"321,327-339","   Durable goods manufacturing ","Thousands of dollars",(D),(D),(D),(D),(D),(D),(D),84815,68165,47376,52134,47320,45927,34693,30903,22722,13700,12883,14039,14382,20469,32184
 "28025","Clay, MS",5,CAGDP2,25,"311-316,322-326","   Nondurable goods manufacturing ","Thousands of dollars",(D),(D),(D),(D),(D),(D),(D),31482,18555,5766,6335,6151,11341,17881,38905,45862,59794,55734,57841,54517,75344,118208
 "28025","Clay, MS",5,CAGDP2,34,"42","  Wholesale trade ","Thousands of dollars",25757,27164,30649,39672,32505,32151,33809,30927,27601,31284,30356,31508,33280,34797,35745,33522,30095,25936,(D),(D),(D),(D)
 "28025","Clay, MS",5,CAGDP2,35,"44-45","  Retail trade ","Thousands of dollars",30623,31752,35734,38712,39585,42685,42693,44781,44861,46463,45721,46471,47833,50698,52241,56663,59127,58731,61303,67819,72188,75168
 "28025","Clay, MS",5,CAGDP2,36,"48-49","  Transportation and warehousing ","Thousands of dollars",21947,21605,21953,23516,23172,23215,19904,20249,17716,17878,21187,22289,23046,22287,26429,27520,29088,35228,33323,32225,33482,38009
 "28025","Clay, MS",5,CAGDP2,45,"51","  Information ","Thousands of dollars",2736,2681,2754,2453,2396,2666,3182,3982,4557,4192,3899,3601,3179,2919,3453,4207,3559,4369,4703,(D),(D),(D)
 "28025","Clay, MS",5,CAGDP2,50,"52,53","  Finance, insurance, real estate, rental, and leasing ","Thousands of dollars",57076,61668,62181,65975,72629,78660,48274,67813,67519,73225,78305,68293,74281,80852,77764,92438,89727,85977,85325,88449,96115,100047
 "28025","Clay, MS",5,CAGDP2,51,"52","   Finance and insurance ","Thousands of dollars",14496,13984,13644,14567,15711,15488,16618,16225,16374,15147,15004,15453,15291,16833,16657,16420,15753,15759,16688,17430,17862,16922
 "28025","Clay, MS",5,CAGDP2,56,"53","   Real estate and rental and leasing ","Thousands of dollars",42581,47684,48537,51408,56918,63172,31656,51587,51145,58078,63300,52840,58990,64020,61108,76017,73974,70219,68636,71019,78253,83125
 "28025","Clay, MS",5,CAGDP2,59,"54,55,56","  Professional and business services ","Thousands of dollars",17366,17557,17994,19260,21099,25990,24290,27264,25774,27004,28409,31448,31820,32673,29604,30450,31309,33758,36460,35264,37899,43180
 "28025","Clay, MS",5,CAGDP2,60,"54","   Professional, scientific, and technical services ","Thousands of dollars",6898,7258,8174,8479,10629,10483,10837,11334,9679,9175,9829,11201,11275,11506,10518,(D),10411,10651,11164,11052,11883,12937
 "28025","Clay, MS",5,CAGDP2,64,"55","   Management of companies and enterprises ","Thousands of dollars",7944,8661,8250,8998,8616,13484,11306,12372,(D),(D),(D),(D),(D),(D),(D),(D),(D),(D),(D),(D),(D),(D)
 "28025","Clay, MS",5,CAGDP2,65,"56","   Administrative and support and waste management and remediation services ","Thousands of dollars",2524,1638,1571,1783,1854,2023,2147,3557,(D),(D),(D),(D),(D),(D),(D),(D),(D),(D),(D),(D),(D),(D)
 "28025","Clay, MS",5,CAGDP2,68,"61,62","  Educational services, health care, and social assistance ","Thousands of dollars",29212,29850,30085,30860,32326,36226,39665,41952,41835,43205,42642,43307,39885,38047,39475,38827,39996,43270,51107,49262,51322,52583
 "28025","Clay, MS",5,CAGDP2,69,"61","   Educational services ","Thousands of dollars",(D),(D),6148,5496,(D),(D),(D),(D),(D),(D),(D),(D),(D),(D),(D),(D),(D),(D),(D),(D),(D),(D)
 "28025","Clay, MS",5,CAGDP2,70,"62","   Health care and social assistance ","Thousands of dollars",(D),(D),23937,25364,(D),(D),(D),(D),(D),(D),(D),(D),(D),(D),(D),(D),(D),(D),(D),(D),(D),(D)
 "28025","Clay, MS",5,CAGDP2,75,"71,72","  Arts, entertainment, recreation, accommodation, and food services ","Thousands of dollars",12898,(D),12868,17764,16314,15465,14744,18763,19905,20815,20544,21403,20840,20098,20381,20156,19208,18177,(D),19943,25965,29574
 "28025","Clay, MS",5,CAGDP2,76,"71","   Arts, entertainment, and recreation ","Thousands of dollars",(D),(D),(D),5042,5674,5285,7370,(D),(D),7275,(D),(D),(D),(D),(D),(D),(D),(D),(D),(D),(D),9840
 "28025","Clay, MS",5,CAGDP2,79,"72","   Accommodation and food services ","Thousands of dollars",(D),(D),(D),12723,10639,10181,7374,(D),(D),13540,(D),(D),(D),(D),(D),(D),(D),(D),(D),(D),(D),19734
 "28025","Clay, MS",5,CAGDP2,82,"81","  Other services (except government and government enterprises) ","Thousands of dollars",12736,13236,12177,12405,12847,13836,13740,13404,13452,13969,13662,14135,14450,15228,15369,14787,15329,15474,15889,(D),(D),(D)
 "28025","Clay, MS",5,CAGDP2,83,"92","Government and government enterprises ","Thousands of dollars",40156,43287,43655,46161,46186,46836,50773,55282,55671,54854,53010,52381,53346,54226,54924,55502,56034,56537,57978,58856,61309,63946
 "28025","Clay, MS",5,CAGDP2,87,"11,21","Natural resources and mining ","Thousands of dollars",7589,(D),9696,25467,28185,33176,53308,82266,65043,89430,155228,121790,106032,141878,61201,61092,37688,22982,43079,63661,69375,56705
 "28025","Clay, MS",5,CAGDP2,88,"42,44-45","Trade ","Thousands of dollars",56380,58917,66383,78384,72090,74836,76502,75707,72462,77747,76077,77979,81114,85495,87987,90186,89222,84667,(D),(D),(D),(D)
 "28025","Clay, MS",5,CAGDP2,89,"22,48-49","Transportation and utilities ","Thousands of dollars",22922,22637,23050,24582,24181,24280,20888,21454,19063,19258,22599,23664,24484,23764,27738,28497,30002,36225,33989,32907,34201,38716
 "28025","Clay, MS",5,CAGDP2,90,"31-33,51","Manufacturing and information ","Thousands of dollars",234268,206483,196313,185012,168722,185114,177401,120280,91278,57334,62368,57072,60446,55493,73261,72791,77053,72987,76583,(D),(D),(D)
 "28025","Clay, MS",5,CAGDP2,91,"...","Private goods-producing industries 2/","Thousands of dollars",247051,(D),212537,218062,204644,227272,247080,215465,166209,160804,231395,194676,182737,206176,136707,138749,126849,106390,126271,144043,180290,227075
 "28025","Clay, MS",5,CAGDP2,92,"...","Private services-providing industries 3/","Thousands of dollars",211326,(D),227493,251681,253882,271959,241285,270339,264568,279414,286137,283830,290054,299076,301772,319548,318352,321917,334990,336510,354940,377522
 "28027","Coahoma, MS",5,CAGDP2,1,"...","All industry total ","Thousands of dollars",590650,552377,590526,605754,631503,644385,653489,615894,615229,655162,724850,640480,735793,688877,700910,727100,748146,736891,751515,710241,787726,802345
 "28027","Coahoma, MS",5,CAGDP2,2,"..."," Private industries ","Thousands of dollars",503357,462554,496534,508540,530628,543760,545385,503342,498904,538450,610532,528468,622055,573239,583147,605443,632075,621385,633550,590940,636088,630768
 "28027","Coahoma, MS",5,CAGDP2,3,"11","  Agriculture, forestry, fishing and hunting ","Thousands of dollars",43221,8375,53148,59644,61228,58055,88764,35022,33843,36612,99496,14158,70401,14962,14082,15191,(D),(D),29348,16658,53419,23985
 "28027","Coahoma, MS",5,CAGDP2,6,"21","  Mining, quarrying, and oil and gas extraction ","Thousands of dollars",12,47,42,0,0,0,0,0,0,0,0,0,0,0,0,0,0,0,0,0,0,0
 "28027","Coahoma, MS",5,CAGDP2,10,"22","  Utilities ","Thousands of dollars",1624,2514,1251,1105,1579,998,871,925,1325,4277,7377,6680,5335,6779,4575,4708,(D),(D),8931,8142,7344,13816
 "28027","Coahoma, MS",5,CAGDP2,11,"23","  Construction ","Thousands of dollars",18148,16992,16886,19450,20071,24879,20567,9378,10815,13190,13084,14855,14330,13362,12146,11573,11364,10626,10597,9357,11206,11302
 "28027","Coahoma, MS",5,CAGDP2,12,"31-33","  Manufacturing ","Thousands of dollars",66735,60049,58572,60306,64758,71131,74134,64146,53484,71837,66016,65847,60400,53013,50523,43311,41921,42492,39287,42121,45775,47567
 "28027","Coahoma, MS",5,CAGDP2,13,"321,327-339","   Durable goods manufacturing ","Thousands of dollars",37152,31126,32196,32613,39276,46866,51042,40150,30503,46306,42685,42283,39933,35203,33404,29722,28913,27565,24442,28751,32362,32186
 "28027","Coahoma, MS",5,CAGDP2,25,"311-316,322-326","   Nondurable goods manufacturing ","Thousands of dollars",29582,28923,26376,27693,25483,24265,23092,23996,22981,25531,23330,23564,20467,17811,17119,13589,13008,14927,14845,13370,13414,15380
 "28027","Coahoma, MS",5,CAGDP2,34,"42","  Wholesale trade ","Thousands of dollars",21778,22202,23701,27387,29064,29794,30569,32213,34128,38969,42642,47805,64124,83968,93597,92592,94334,97522,93191,89499,89371,89932
 "28027","Coahoma, MS",5,CAGDP2,35,"44-45","  Retail trade ","Thousands of dollars",54117,54740,56590,54546,54061,53153,48980,48488,48465,50906,51593,53621,61204,58029,55638,56379,57218,55067,55164,61778,73507,77696
 "28027","Coahoma, MS",5,CAGDP2,36,"48-49","  Transportation and warehousing ","Thousands of dollars",9220,9487,7682,7096,6770,6659,5046,4311,3598,3899,5290,5293,4030,3536,4212,5224,7874,6856,7666,6225,6192,6108
 "28027","Coahoma, MS",5,CAGDP2,45,"51","  Information ","Thousands of dollars",9329,10451,9660,9145,9910,8540,8529,8152,8450,9135,9248,8597,8502,8051,10644,16768,21003,22424,23222,22543,23240,24006
 "28027","Coahoma, MS",5,CAGDP2,50,"52,53","  Finance, insurance, real estate, rental, and leasing ","Thousands of dollars",106177,103849,99823,100228,102172,111966,78684,106897,110892,118530,117888,115393,140860,141764,149156,168640,188697,183110,181784,167532,161796,159654
 "28027","Coahoma, MS",5,CAGDP2,51,"52","   Finance and insurance ","Thousands of dollars",34430,33707,33695,36352,37970,37302,38765,36008,36665,37614,36880,37822,50073,55501,68049,86009,104998,102879,97064,79098,72444,67775
 "28027","Coahoma, MS",5,CAGDP2,56,"53","   Real estate and rental and leasing ","Thousands of dollars",71747,70142,66128,63875,64202,74664,39920,70890,74228,80916,81008,77572,90786,86263,81107,82631,83699,80231,84719,88434,89352,91879
 "28027","Coahoma, MS",5,CAGDP2,59,"54,55,56","  Professional and business services ","Thousands of dollars",29736,31775,32756,29585,38917,29756,30903,30253,32326,28991,32881,32894,31574,29196,27872,28683,28574,25889,27377,27050,34418,34586
 "28027","Coahoma, MS",5,CAGDP2,60,"54","   Professional, scientific, and technical services ","Thousands of dollars",18117,21115,21980,19967,29059,20269,21609,21139,22843,18269,21907,21648,20314,19970,19016,20314,20161,18181,19165,18096,24079,23211
 "28027","Coahoma, MS",5,CAGDP2,64,"55","   Management of companies and enterprises ","Thousands of dollars",4278,4150,4007,(D),(D),(D),(D),(D),(D),(D),(D),(D),(D),(D),0,0,0,0,0,0,0,0
 "28027","Coahoma, MS",5,CAGDP2,65,"56","   Administrative and support and waste management and remediation services ","Thousands of dollars",7341,6510,6769,(D),(D),(D),(D),(D),(D),(D),(D),(D),(D),(D),8856,8369,8412,7708,8212,8954,10339,11376
 "28027","Coahoma, MS",5,CAGDP2,68,"61,62","  Educational services, health care, and social assistance ","Thousands of dollars",62757,66756,72969,81072,81471,86160,88579,90584,90303,92598,93878,94761,94818,94397,91544,92529,91623,85865,89439,84829,66964,68160
 "28027","Coahoma, MS",5,CAGDP2,69,"61","   Educational services ","Thousands of dollars",(D),(D),(D),(D),(D),(D),(D),(D),(D),(D),(D),(D),(D),(D),(D),(D),5619,6011,7433,6946,7636,9280
 "28027","Coahoma, MS",5,CAGDP2,70,"62","   Health care and social assistance ","Thousands of dollars",(D),(D),(D),(D),(D),(D),(D),(D),(D),(D),(D),(D),(D),(D),(D),(D),86004,79854,82006,77883,59328,58879
 "28027","Coahoma, MS",5,CAGDP2,75,"71,72","  Arts, entertainment, recreation, accommodation, and food services ","Thousands of dollars",64263,59217,48033,43071,44600,46367,54288,57745,55412,52587,52493,49049,46488,44664,46746,47995,(D),(D),46786,35955,43038,51314
 "28027","Coahoma, MS",5,CAGDP2,76,"71","   Arts, entertainment, and recreation ","Thousands of dollars",2570,2458,2596,2802,2880,2602,2993,3246,3005,2790,2873,3223,3464,3377,3526,3570,(D),(D),3281,2748,3968,4724
 "28027","Coahoma, MS",5,CAGDP2,79,"72","   Accommodation and food services ","Thousands of dollars",61692,56759,45437,40270,41720,43766,51295,54499,52407,49797,49620,45825,43024,41287,43220,44425,45017,44587,43505,33207,39071,46590
 "28027","Coahoma, MS",5,CAGDP2,82,"81","  Other services (except government and government enterprises) ","Thousands of dollars",16240,16099,15423,15904,16028,16301,15471,15227,15863,16919,18646,19514,19990,21519,22412,21850,20418,20509,20759,19251,19818,22643
 "28027","Coahoma, MS",5,CAGDP2,83,"92","Government and government enterprises ","Thousands of dollars",87293,89823,93992,97214,100875,100624,108104,112553,116325,116712,114318,112011,113738,115638,117763,121657,116070,115506,117964,119301,151637,171577
 "28027","Coahoma, MS",5,CAGDP2,87,"11,21","Natural resources and mining ","Thousands of dollars",43233,8422,53189,59644,61228,58055,88764,35022,33843,36612,99496,14158,70401,14962,14082,15191,(D),(D),29348,16658,53419,23985
 "28027","Coahoma, MS",5,CAGDP2,88,"42,44-45","Trade ","Thousands of dollars",75895,76942,80290,81934,83124,82947,79549,80701,82593,89875,94235,101426,125328,141996,149234,148971,151552,152590,148355,151277,162877,167628
 "28027","Coahoma, MS",5,CAGDP2,89,"22,48-49","Transportation and utilities ","Thousands of dollars",10844,12001,8933,8202,8349,7657,5917,5236,4923,8176,12667,11973,9365,10315,8787,9931,(D),(D),16597,14367,13536,19924
 "28027","Coahoma, MS",5,CAGDP2,90,"31-33,51","Manufacturing and information ","Thousands of dollars",76064,70501,68232,69451,74668,79672,82663,72298,61933,80972,75263,74445,68902,61064,61168,60079,62924,64917,62509,64664,69016,71572
 "28027","Coahoma, MS",5,CAGDP2,91,"...","Private goods-producing industries 2/","Thousands of dollars",128116,85463,128647,139400,146057,154066,183465,108546,98142,121638,178596,94860,145131,81338,76751,70075,(D),(D),79232,68137,110401,82853
 "28027","Coahoma, MS",5,CAGDP2,92,"...","Private services-providing industries 3/","Thousands of dollars",375241,377091,367887,369140,384571,389694,361920,394795,400762,416812,431936,433608,476924,491901,506396,535368,(D),(D),554319,522803,525688,547915
 "28029","Copiah, MS",5,CAGDP2,1,"...","All industry total ","Thousands of dollars",400120,411357,438858,474823,501888,535320,537578,558276,540246,530982,572712,604609,657706,698664,689464,691086,698189,673880,673037,681177,747299,837551
 "28029","Copiah, MS",5,CAGDP2,2,"..."," Private industries ","Thousands of dollars",326231,332256,354973,387750,409691,442928,437188,452331,433419,439587,482648,512830,564000,606700,596327,595602,599885,573148,570313,577232,641581,722127
 "28029","Copiah, MS",5,CAGDP2,3,"11","  Agriculture, forestry, fishing and hunting ","Thousands of dollars",8005,3122,9165,21566,22408,16115,13161,21954,23291,29161,9968,26453,37661,44288,37388,19854,35362,33892,22310,5033,23740,34898
 "28029","Copiah, MS",5,CAGDP2,6,"21","  Mining, quarrying, and oil and gas extraction ","Thousands of dollars",12217,10535,9952,15460,15817,18854,32761,20283,16329,11302,10324,8284,7046,8142,7845,10312,14472,20801,23702,20894,13676,11969
 "28029","Copiah, MS",5,CAGDP2,10,"22","  Utilities ","Thousands of dollars",347,385,1926,2042,1933,2092,676,745,748,858,888,899,941,937,865,997,915,958,1052,2291,2222,1708
 "28029","Copiah, MS",5,CAGDP2,11,"23","  Construction ","Thousands of dollars",17722,13766,14617,17095,18588,17534,21348,24747,24379,24154,23394,21600,18666,21812,15348,16225,12522,11280,12295,11861,26962,28124
 "28029","Copiah, MS",5,CAGDP2,12,"31-33","  Manufacturing ","Thousands of dollars",114227,123260,131847,132740,141277,174677,175961,159454,138209,132448,180102,178821,214306,231517,234793,238194,258533,213303,232161,234636,275459,327791
 "28029","Copiah, MS",5,CAGDP2,13,"321,327-339","   Durable goods manufacturing ","Thousands of dollars",60558,66091,73184,72322,79071,99538,101549,90216,74816,69729,121367,114710,123606,139021,143270,147227,162170,128117,159720,153485,187349,233394
 "28029","Copiah, MS",5,CAGDP2,25,"311-316,322-326","   Nondurable goods manufacturing ","Thousands of dollars",53669,57169,58664,60418,62206,75139,74412,69238,63392,62718,58734,64111,90700,92496,91523,90967,96363,85187,72441,81151,88110,94397
 "28029","Copiah, MS",5,CAGDP2,34,"42","  Wholesale trade ","Thousands of dollars",8707,8816,7763,6256,4949,4490,3397,4908,4703,5343,5532,7271,9813,12702,13416,9484,6351,6030,5805,6263,9391,10506
 "28029","Copiah, MS",5,CAGDP2,35,"44-45","  Retail trade ","Thousands of dollars",34199,34539,36472,34369,35393,36507,33966,36829,40110,46171,48597,44010,43132,41465,43213,48231,50311,51454,52936,57409,63440,63498
 "28029","Copiah, MS",5,CAGDP2,36,"48-49","  Transportation and warehousing ","Thousands of dollars",16618,17735,21477,29616,31513,32162,32823,33707,29956,27016,30496,30216,29515,31698,36946,37250,35772,31126,19297,16584,17910,22145
 "28029","Copiah, MS",5,CAGDP2,45,"51","  Information ","Thousands of dollars",3926,3450,3668,4060,4689,4926,5843,7299,7332,6521,5852,5773,7218,6890,6402,5185,5045,4849,4898,3729,4152,4545
 "28029","Copiah, MS",5,CAGDP2,50,"52,53","  Finance, insurance, real estate, rental, and leasing ","Thousands of dollars",57793,60247,61662,65168,71747,69370,47034,66952,70019,73939,82282,102282,105778,112027,103506,117022,91966,107719,99178,127383,110710,115216
 "28029","Copiah, MS",5,CAGDP2,51,"52","   Finance and insurance ","Thousands of dollars",14162,14329,14039,14920,15830,15220,15728,14409,15270,15532,16192,16092,16848,18709,18153,19053,18592,16574,17323,17202,19048,18436
 "28029","Copiah, MS",5,CAGDP2,56,"53","   Real estate and rental and leasing ","Thousands of dollars",43630,45917,47623,50248,55917,54150,31306,52543,54749,58407,66090,86190,88930,93319,85353,97969,73374,91145,81855,110180,91662,96780
 "28029","Copiah, MS",5,CAGDP2,59,"54,55,56","  Professional and business services ","Thousands of dollars",9883,11126,10933,9527,10341,11238,13029,14951,15344,17069,19706,20851,22084,22990,21108,17397,13322,13881,13930,13320,13843,14644
 "28029","Copiah, MS",5,CAGDP2,60,"54","   Professional, scientific, and technical services ","Thousands of dollars",7515,8605,8330,6701,7127,6759,7522,8795,8517,(D),(D),(D),(D),(D),(D),(D),8707,9144,8491,8039,8525,9039
 "28029","Copiah, MS",5,CAGDP2,64,"55","   Management of companies and enterprises ","Thousands of dollars",(D),(D),(D),(D),(D),(D),(D),(D),(D),(D),(D),(D),(D),(D),(D),(D),(D),(D),(D),(D),(D),(D)
 "28029","Copiah, MS",5,CAGDP2,65,"56","   Administrative and support and waste management and remediation services ","Thousands of dollars",(D),(D),(D),(D),(D),(D),(D),(D),(D),6501,8609,9523,11164,11943,9616,6279,(D),(D),(D),(D),(D),(D)
 "28029","Copiah, MS",5,CAGDP2,68,"61,62","  Educational services, health care, and social assistance ","Thousands of dollars",19561,21579,23160,26474,27525,30662,32353,34625,37050,38855,39661,40138,40919,42592,44086,46261,45729,47852,50529,45940,46272,47757
 "28029","Copiah, MS",5,CAGDP2,69,"61","   Educational services ","Thousands of dollars",4806,4676,5146,6081,5038,(D),(D),(D),(D),(D),(D),(D),(D),(D),(D),(D),(D),(D),9405,(D),13195,14260
 "28029","Copiah, MS",5,CAGDP2,70,"62","   Health care and social assistance ","Thousands of dollars",14755,16903,18014,20393,22486,(D),(D),(D),(D),(D),(D),(D),(D),(D),(D),(D),(D),(D),41124,(D),33078,33497
 "28029","Copiah, MS",5,CAGDP2,75,"71,72","  Arts, entertainment, recreation, accommodation, and food services ","Thousands of dollars",7212,7164,7099,8526,8488,8775,9260,9853,10726,10924,10560,10696,11257,12253,12951,13631,13216,13491,14867,14641,16557,18971
 "28029","Copiah, MS",5,CAGDP2,76,"71","   Arts, entertainment, and recreation ","Thousands of dollars",(D),(D),(D),(D),(D),(D),(D),715,704,586,647,557,537,535,553,573,661,648,543,(D),629,809
 "28029","Copiah, MS",5,CAGDP2,79,"72","   Accommodation and food services ","Thousands of dollars",(D),(D),(D),(D),(D),(D),(D),9139,10022,10337,9913,10139,10720,11718,12398,13058,12556,12844,14324,(D),15928,18162
 "28029","Copiah, MS",5,CAGDP2,82,"81","  Other services (except government and government enterprises) ","Thousands of dollars",15813,16531,15232,14851,15023,15525,15577,16024,15223,15827,15288,15536,15664,17384,18459,15559,16370,16512,17353,17248,17245,20355
 "28029","Copiah, MS",5,CAGDP2,83,"92","Government and government enterprises ","Thousands of dollars",73890,79101,83885,87073,92198,92392,100390,105945,106827,91395,90064,91779,93706,91964,93137,95484,98304,100732,102724,103945,105718,115424
 "28029","Copiah, MS",5,CAGDP2,87,"11,21","Natural resources and mining ","Thousands of dollars",20222,13658,19117,37026,38225,34969,45922,42236,39620,40463,20292,34737,44707,52430,45234,30166,49834,54693,46012,25927,37416,46867
 "28029","Copiah, MS",5,CAGDP2,88,"42,44-45","Trade ","Thousands of dollars",42906,43355,44235,40624,40342,40997,37362,41737,44813,51514,54128,51281,52945,54168,56629,57715,56662,57484,58741,63672,72831,74004
 "28029","Copiah, MS",5,CAGDP2,89,"22,48-49","Transportation and utilities ","Thousands of dollars",16965,18120,23403,31658,33446,34254,33499,34452,30705,27874,31384,31114,30456,32636,37811,38247,36687,32084,20349,18875,20131,23853
 "28029","Copiah, MS",5,CAGDP2,90,"31-33,51","Manufacturing and information ","Thousands of dollars",118153,126710,135516,136800,145966,179603,181805,166753,145541,138969,185953,184595,221524,238407,241195,243379,263578,218152,237060,238365,279611,332336
 "28029","Copiah, MS",5,CAGDP2,91,"...","Private goods-producing industries 2/","Thousands of dollars",152171,150684,165581,186861,198090,227180,243232,226438,202208,197065,223787,235159,277679,305760,295375,284585,320888,279276,290468,272424,339838,402781
 "28029","Copiah, MS",5,CAGDP2,92,"...","Private services-providing industries 3/","Thousands of dollars",174060,181572,189392,200889,211601,215748,193956,225893,231212,242523,258861,277672,286320,300940,300953,311017,278997,293872,279845,304808,301743,319345
 "28031","Covington, MS",5,CAGDP2,1,"...","All industry total ","Thousands of dollars",334079,337802,340201,387890,390161,400877,418913,470530,418054,404167,388779,437915,506288,570586,571423,538034,599284,616773,580848,601490,758754,849212
 "28031","Covington, MS",5,CAGDP2,2,"..."," Private industries ","Thousands of dollars",288489,289804,288525,333463,333253,342950,356739,408343,353780,338301,319342,365557,434193,496187,495475,463686,523567,537161,496419,512742,663066,745121
 "28031","Covington, MS",5,CAGDP2,3,"11","  Agriculture, forestry, fishing and hunting ","Thousands of dollars",25615,36247,30484,57375,49884,22534,37252,46652,35928,33693,5743,28375,79546,127189,98687,59603,115707,116014,79117,18970,93120,145596
 "28031","Covington, MS",5,CAGDP2,6,"21","  Mining, quarrying, and oil and gas extraction ","Thousands of dollars",4339,3132,3853,6326,8080,17512,33780,50867,22854,18317,21901,18338,17750,19695,14220,9958,160,215,95,37,62,87
 "28031","Covington, MS",5,CAGDP2,10,"22","  Utilities ","Thousands of dollars",457,557,575,601,477,502,533,539,557,643,644,551,712,669,650,746,1113,848,943,429,677,695
 "28031","Covington, MS",5,CAGDP2,11,"23","  Construction ","Thousands of dollars",12516,13477,13678,21131,26081,43654,34227,30221,28786,28756,24666,21440,16409,17407,17710,21943,27615,33736,35215,36871,28530,38853
 "28031","Covington, MS",5,CAGDP2,12,"31-33","  Manufacturing ","Thousands of dollars",71528,58342,65680,70662,67250,74825,81993,92190,76121,58204,61523,80727,92267,96539,106450,101079,103922,93155,91112,138677,227760,237010
 "28031","Covington, MS",5,CAGDP2,13,"321,327-339","   Durable goods manufacturing ","Thousands of dollars",(D),(D),(D),(D),(D),(D),(D),(D),(D),(D),(D),(D),20875,19543,18378,21176,26449,26984,23997,25846,27024,25085
 "28031","Covington, MS",5,CAGDP2,25,"311-316,322-326","   Nondurable goods manufacturing ","Thousands of dollars",(D),(D),(D),(D),(D),(D),(D),(D),(D),(D),(D),(D),71392,76997,88073,79902,77474,66171,67115,112831,200736,211925
 "28031","Covington, MS",5,CAGDP2,34,"42","  Wholesale trade ","Thousands of dollars",43510,39604,31290,25596,20865,14135,10674,11217,8557,8590,8976,8718,9978,11406,13353,14866,16515,17225,18531,(D),20999,22038
 "28031","Covington, MS",5,CAGDP2,35,"44-45","  Retail trade ","Thousands of dollars",21189,23180,26232,28458,30948,34031,31449,29857,30745,33017,31590,30606,33239,36826,38454,42434,45586,46912,51757,62530,71035,72958
 "28031","Covington, MS",5,CAGDP2,36,"48-49","  Transportation and warehousing ","Thousands of dollars",21635,27683,27790,33574,34455,39528,41417,40099,39020,43527,46192,48374,51423,53808,69641,71913,77715,78501,79156,82443,68606,73498
 "28031","Covington, MS",5,CAGDP2,45,"51","  Information ","Thousands of dollars",(D),(D),(D),(D),(D),(D),(D),(D),(D),(D),(D),(D),(D),(D),(D),(D),(D),(D),(D),(D),(D),(D)
 "28031","Covington, MS",5,CAGDP2,50,"52,53","  Finance, insurance, real estate, rental, and leasing ","Thousands of dollars",43778,45305,42827,41780,47192,46279,32058,44293,47115,50300,57189,67789,71495,71187,75503,77663,69116,83047,70746,87207,82402,82591
 "28031","Covington, MS",5,CAGDP2,51,"52","   Finance and insurance ","Thousands of dollars",10815,10794,10900,11220,12120,12478,13433,12423,12690,12194,12472,12914,13001,15003,14860,15440,14075,14803,15902,16915,18200,17258
 "28031","Covington, MS",5,CAGDP2,56,"53","   Real estate and rental and leasing ","Thousands of dollars",32963,34512,31927,30560,35071,33801,18625,31870,34425,38107,44717,54875,58494,56184,60643,62223,55041,68243,54845,70292,64201,65334
 "28031","Covington, MS",5,CAGDP2,59,"54,55,56","  Professional and business services ","Thousands of dollars",11599,11905,13738,13439,13288,11319,12215,13326,11938,11160,11695,12320,11972,11232,10777,10463,9699,8798,10409,10157,12382,11097
 "28031","Covington, MS",5,CAGDP2,60,"54","   Professional, scientific, and technical services ","Thousands of dollars",(D),(D),(D),(D),6128,5172,5829,6759,5640,5568,6261,6747,6359,6471,(D),(D),(D),(D),(D),(D),(D),(D)
 "28031","Covington, MS",5,CAGDP2,64,"55","   Management of companies and enterprises ","Thousands of dollars",(D),(D),(D),(D),(D),(D),(D),(D),(D),(D),(D),(D),(D),(D),(D),(D),(D),(D),(D),(D),(D),(D)
 "28031","Covington, MS",5,CAGDP2,65,"56","   Administrative and support and waste management and remediation services ","Thousands of dollars",6370,6022,6352,6510,(D),(D),(D),(D),(D),(D),(D),(D),(D),(D),3803,4422,3619,3332,4763,5226,7315,5030
 "28031","Covington, MS",5,CAGDP2,68,"61,62","  Educational services, health care, and social assistance ","Thousands of dollars",5133,5062,7228,7498,8297,11630,13420,16274,19147,21259,21385,22045,21136,21169,19963,20266,19823,20216,21363,20297,20656,19979
 "28031","Covington, MS",5,CAGDP2,69,"61","   Educational services ","Thousands of dollars",95,98,76,74,(D),(D),(D),88,108,145,(D),(D),(D),(D),102,87,200,226,225,49,5,1
 "28031","Covington, MS",5,CAGDP2,70,"62","   Health care and social assistance ","Thousands of dollars",5038,4964,7152,7425,(D),(D),(D),16186,19039,21114,(D),(D),(D),(D),19862,20178,19623,19990,21138,20248,20651,19978
 "28031","Covington, MS",5,CAGDP2,75,"71,72","  Arts, entertainment, recreation, accommodation, and food services ","Thousands of dollars",5490,6434,6545,8134,7808,8997,8763,8841,8279,8330,8666,9728,10066,9881,10860,11560,13153,13451,13564,13777,16211,17432
 "28031","Covington, MS",5,CAGDP2,76,"71","   Arts, entertainment, and recreation ","Thousands of dollars",(D),(D),(D),(D),(D),1809,1813,1804,1359,(D),(D),1153,1342,1233,1687,2184,2375,2480,2659,2213,3154,3804
 "28031","Covington, MS",5,CAGDP2,79,"72","   Accommodation and food services ","Thousands of dollars",(D),(D),(D),(D),(D),7188,6950,7037,6921,(D),(D),8575,8724,8648,9173,9376,10778,10971,10905,11565,13057,13627
 "28031","Covington, MS",5,CAGDP2,82,"81","  Other services (except government and government enterprises) ","Thousands of dollars",(D),(D),(D),(D),(D),(D),(D),(D),(D),(D),(D),(D),(D),(D),(D),(D),(D),(D),(D),(D),(D),(D)
 "28031","Covington, MS",5,CAGDP2,83,"92","Government and government enterprises ","Thousands of dollars",45590,47998,51676,54427,56908,57927,62174,62187,64274,65866,69437,72358,72095,74399,75948,74349,75716,79611,84429,88748,95688,104092
 "28031","Covington, MS",5,CAGDP2,87,"11,21","Natural resources and mining ","Thousands of dollars",29954,39379,34338,63700,57965,40046,71032,97520,58781,52009,27643,46713,97296,146884,112907,69561,115867,116228,79212,19007,93182,145683
 "28031","Covington, MS",5,CAGDP2,88,"42,44-45","Trade ","Thousands of dollars",64699,62785,57522,54054,51813,48166,42122,41073,39301,41607,40566,39324,43217,48232,51806,57300,62101,64137,70287,(D),92034,94996
 "28031","Covington, MS",5,CAGDP2,89,"22,48-49","Transportation and utilities ","Thousands of dollars",22092,28240,28365,34175,34932,40030,41950,40638,39577,44170,46836,48925,52134,54476,70291,72659,78828,79349,80099,82872,69283,74193
 "28031","Covington, MS",5,CAGDP2,90,"31-33,51","Manufacturing and information ","Thousands of dollars",(D),(D),(D),(D),(D),(D),(D),(D),(D),(D),(D),(D),(D),(D),(D),(D),(D),(D),(D),(D),(D),(D)
 "28031","Covington, MS",5,CAGDP2,91,"...","Private goods-producing industries 2/","Thousands of dollars",113998,111198,113696,155494,151296,158525,187252,219930,163688,138969,113832,148880,205972,260830,237067,192582,247404,243119,205540,194555,349471,421545
 "28031","Covington, MS",5,CAGDP2,92,"...","Private services-providing industries 3/","Thousands of dollars",174492,178606,174829,177969,181957,184425,169487,188413,190092,199332,205509,216677,228222,235356,258408,271103,276163,294042,290879,318187,313595,323575
 "28033","DeSoto, MS",5,CAGDP2,1,"...","All industry total ","Thousands of dollars",2378420,2554541,2754967,3048816,3479644,3809725,3681469,3801537,3878837,4040127,4191508,4409881,4586552,4839626,5212516,5619022,5832438,6035989,6317934,6650391,7518027,8276400
 "28033","DeSoto, MS",5,CAGDP2,2,"..."," Private industries ","Thousands of dollars",2207741,2361289,2537067,2804061,3201075,3513185,3340767,3424795,3469483,3633548,3787617,3991845,4143970,4372213,4712678,5094744,5302785,5488382,5755207,6084609,6918007,7616493
 "28033","DeSoto, MS",5,CAGDP2,3,"11","  Agriculture, forestry, fishing and hunting ","Thousands of dollars",10987,2097,15162,15580,7851,2067,9465,4350,13228,2076,2417,9099,23347,3333,3617,8070,10363,8227,4945,7031,16383,3298
 "28033","DeSoto, MS",5,CAGDP2,6,"21","  Mining, quarrying, and oil and gas extraction ","Thousands of dollars",3102,2723,4130,5084,4799,5364,7086,5190,4632,3655,3882,3922,3928,3507,3109,3658,5469,10012,13615,10332,6584,8018
 "28033","DeSoto, MS",5,CAGDP2,10,"22","  Utilities ","Thousands of dollars",4947,5729,25606,29995,59643,68494,83358,75620,133280,168960,151205,181650,136591,107565,154348,192864,161810,162052,145394,192395,219218,250844
 "28033","DeSoto, MS",5,CAGDP2,11,"23","  Construction ","Thousands of dollars",161176,187993,222684,310028,473662,476203,430801,274414,210285,171048,170168,196414,196693,207399,226579,238294,268557,294533,328690,321458,373418,383193
 "28033","DeSoto, MS",5,CAGDP2,12,"31-33","  Manufacturing ","Thousands of dollars",467078,466340,469583,467219,484119,526972,583812,484330,466894,488335,490754,465454,473195,440492,430855,452123,459964,468367,447598,466895,525458,566435
 "28033","DeSoto, MS",5,CAGDP2,13,"321,327-339","   Durable goods manufacturing ","Thousands of dollars",198437,195155,192327,196623,204223,228238,288259,219525,186176,214433,227572,228831,229360,215483,209233,220563,226761,238358,245907,251888,295328,335352
 "28033","DeSoto, MS",5,CAGDP2,25,"311-316,322-326","   Nondurable goods manufacturing ","Thousands of dollars",268641,271184,277256,270596,279896,298734,295552,264805,280718,273902,263182,236623,243835,225009,221622,231560,233203,230010,201690,215007,230131,231083
 "28033","DeSoto, MS",5,CAGDP2,34,"42","  Wholesale trade ","Thousands of dollars",257385,255161,244895,269096,300414,318588,332516,349960,355530,380414,431721,502060,572725,641259,718203,736023,757206,731808,749768,717502,796744,872931
 "28033","DeSoto, MS",5,CAGDP2,35,"44-45","  Retail trade ","Thousands of dollars",255380,282042,328969,359259,388569,425205,437309,440907,427670,436418,442544,458239,480493,534042,579801,671603,699864,726684,741255,801039,937171,979859
 "28033","DeSoto, MS",5,CAGDP2,36,"48-49","  Transportation and warehousing ","Thousands of dollars",139218,152244,178037,197982,227966,254306,277270,340407,331895,368304,364081,379016,380595,418692,465543,505364,554020,646626,671569,771081,911430,1016586
 "28033","DeSoto, MS",5,CAGDP2,45,"51","  Information ","Thousands of dollars",16606,17924,18174,20491,24278,26047,27714,30589,30011,27157,26252,41444,55509,60000,60484,51749,43902,49914,60077,56963,69600,75276
 "28033","DeSoto, MS",5,CAGDP2,50,"52,53","  Finance, insurance, real estate, rental, and leasing ","Thousands of dollars",443938,493119,511675,564782,615743,739791,409163,658754,709038,741106,823042,822044,847618,904227,956336,1034803,1091158,1053984,1174719,1344423,1454818,1653626
 "28033","DeSoto, MS",5,CAGDP2,51,"52","   Finance and insurance ","Thousands of dollars",90718,93987,96300,101044,115068,116756,129958,123341,126064,125928,126931,131680,137036,156856,160288,172034,176226,188622,199284,222520,240308,240723
 "28033","DeSoto, MS",5,CAGDP2,56,"53","   Real estate and rental and leasing ","Thousands of dollars",353220,399133,415375,463739,500674,623035,279205,535414,582974,615178,696111,690363,710582,747371,796049,862769,914932,865362,975435,1121903,1214509,1412903
 "28033","DeSoto, MS",5,CAGDP2,59,"54,55,56","  Professional and business services ","Thousands of dollars",150829,158007,148161,149787,158575,182880,209034,206434,193586,217584,212979,215952,227320,270836,298323,320470,340052,381375,408304,431061,496400,541117
 "28033","DeSoto, MS",5,CAGDP2,60,"54","   Professional, scientific, and technical services ","Thousands of dollars",44373,46999,49976,53817,63021,68366,79713,80478,77478,77646,75429,77250,79445,84520,89158,89868,92354,96180,97523,101421,115508,136777
 "28033","DeSoto, MS",5,CAGDP2,64,"55","   Management of companies and enterprises ","Thousands of dollars",43689,37970,19898,7570,2269,2184,1576,1497,2162,1149,2296,3368,6274,9149,10951,15307,15162,22841,24781,30454,33870,36079
 "28033","DeSoto, MS",5,CAGDP2,65,"56","   Administrative and support and waste management and remediation services ","Thousands of dollars",62766,73038,78287,88400,93284,112330,127744,124459,113945,138788,135254,135334,141601,177167,198214,215295,232535,262353,286000,299186,347022,368261
 "28033","DeSoto, MS",5,CAGDP2,68,"61,62","  Educational services, health care, and social assistance ","Thousands of dollars",125102,145096,163594,186456,204411,222183,254120,280102,320031,338318,358976,377287,387842,394757,398357,429578,443230,467375,493867,491098,540638,594416
 "28033","DeSoto, MS",5,CAGDP2,69,"61","   Educational services ","Thousands of dollars",1856,1882,2035,3819,5464,6698,7350,8632,10801,13322,12805,13677,13023,15148,16469,17655,17782,19700,21911,20866,21932,21911
 "28033","DeSoto, MS",5,CAGDP2,70,"62","   Health care and social assistance ","Thousands of dollars",123245,143213,161559,182637,198947,215486,246770,271470,309230,324996,346170,363610,374820,379609,381888,411923,425448,447676,471957,470232,518706,572505
 "28033","DeSoto, MS",5,CAGDP2,75,"71,72","  Arts, entertainment, recreation, accommodation, and food services ","Thousands of dollars",90966,107804,121676,135434,150298,160105,172599,169911,168164,179193,196353,219218,235961,255931,278313,303576,314114,334149,359880,319046,404075,467906
 "28033","DeSoto, MS",5,CAGDP2,76,"71","   Arts, entertainment, and recreation ","Thousands of dollars",18114,21015,22664,24173,26193,23466,27241,27522,26428,27434,30326,31930,34955,35080,37035,40239,41718,44264,46752,32636,35795,38524
 "28033","DeSoto, MS",5,CAGDP2,79,"72","   Accommodation and food services ","Thousands of dollars",72852,86789,99013,111260,124105,136638,145357,142389,141735,151759,166028,187288,201006,220851,241278,263337,272397,289886,313128,286409,368280,429382
 "28033","DeSoto, MS",5,CAGDP2,82,"81","  Other services (except government and government enterprises) ","Thousands of dollars",81027,85010,84720,92866,100748,104980,106521,103824,105239,110981,113243,120047,122154,130173,138810,146569,153079,153275,155524,154286,166069,202990
 "28033","DeSoto, MS",5,CAGDP2,83,"92","Government and government enterprises ","Thousands of dollars",170680,193252,217900,244755,278569,296541,340702,376742,409355,406580,403891,418036,442582,467413,499838,524278,529653,547607,562727,565782,600021,659907
 "28033","DeSoto, MS",5,CAGDP2,87,"11,21","Natural resources and mining ","Thousands of dollars",14089,4820,19292,20665,12651,7431,16551,9540,17860,5731,6299,13021,27274,6839,6726,11728,15831,18240,18560,17363,22967,11316
 "28033","DeSoto, MS",5,CAGDP2,88,"42,44-45","Trade ","Thousands of dollars",512765,537204,573864,628355,688983,743793,769825,790867,783200,816832,874266,960299,1053218,1175301,1298004,1407626,1457069,1458491,1491023,1518541,1733915,1852790
 "28033","DeSoto, MS",5,CAGDP2,89,"22,48-49","Transportation and utilities ","Thousands of dollars",144165,157973,203643,227977,287609,322800,360628,416027,465175,537264,515286,560666,517185,526257,619891,698228,715829,808678,816964,963476,1130648,1267429
 "28033","DeSoto, MS",5,CAGDP2,90,"31-33,51","Manufacturing and information ","Thousands of dollars",483684,484264,487757,487710,508397,553019,611526,514919,496905,515491,517005,506898,528704,500492,491339,503872,503866,518281,507675,523858,595058,641711
 "28033","DeSoto, MS",5,CAGDP2,91,"...","Private goods-producing industries 2/","Thousands of dollars",642343,659152,711559,797913,970431,1010606,1031164,768285,695039,665114,667221,674888,697162,654731,664160,702145,744352,781141,794848,805717,921844,960943
 "28033","DeSoto, MS",5,CAGDP2,92,"...","Private services-providing industries 3/","Thousands of dollars",1565398,1702137,1825508,2006148,2230644,2502579,2309603,2656510,2774444,2968434,3120396,3316957,3446808,3717482,4048518,4392599,4558433,4707242,4960358,5278892,5996163,6655549
 "28035","Forrest, MS",5,CAGDP2,1,"...","All industry total ","Thousands of dollars",2056338,2162164,2302685,2441867,2666796,2895785,2902947,3061255,3130667,3258471,3289852,3459539,3498544,3507547,3571397,3558346,3647889,3711029,3718857,3715234,4059548,4340639
 "28035","Forrest, MS",5,CAGDP2,2,"..."," Private industries ","Thousands of dollars",1518760,1604243,1724867,1830622,2015607,2226361,2170892,2306831,2353986,2464951,2498674,2668000,2685168,2677120,2705611,2690948,2749329,2807511,2785942,2773697,3057892,3314742
 "28035","Forrest, MS",5,CAGDP2,3,"11","  Agriculture, forestry, fishing and hunting ","Thousands of dollars",5916,11029,9944,17754,17116,20745,17345,14931,13128,10525,7412,6176,17749,6464,7572,5021,6919,5911,8436,9261,9262,8831
 "28035","Forrest, MS",5,CAGDP2,6,"21","  Mining, quarrying, and oil and gas extraction ","Thousands of dollars",1755,1842,2539,3239,3411,8678,13603,18213,15071,14132,15402,17113,15899,19260,10162,4576,6099,5277,5150,4670,3777,4656
 "28035","Forrest, MS",5,CAGDP2,10,"22","  Utilities ","Thousands of dollars",3836,4785,4096,27119,28882,29163,31665,33366,34329,35246,37642,37780,43437,47413,49024,52282,53588,61813,66307,70280,72707,75270
 "28035","Forrest, MS",5,CAGDP2,11,"23","  Construction ","Thousands of dollars",85235,100298,110883,113858,140428,162427,169790,151463,147785,127978,114837,121818,117821,127201,133054,141856,126084,115301,110801,111005,111186,116308
 "28035","Forrest, MS",5,CAGDP2,12,"31-33","  Manufacturing ","Thousands of dollars",194271,195296,233809,223985,234942,261258,265655,253524,257524,291162,294115,361042,350609,337904,338458,321154,343309,382380,353209,344574,377402,449827
 "28035","Forrest, MS",5,CAGDP2,13,"321,327-339","   Durable goods manufacturing ","Thousands of dollars",65489,61695,82962,78264,72919,82312,96958,93706,94196,126330,124636,127818,119650,124385,126762,121426,132754,142246,136344,140207,156523,200517
 "28035","Forrest, MS",5,CAGDP2,25,"311-316,322-326","   Nondurable goods manufacturing ","Thousands of dollars",128781,133601,150847,145721,162023,178946,168696,159819,163328,164833,169479,233224,230959,213518,211696,199728,210555,240135,216865,204367,220880,249310
 "28035","Forrest, MS",5,CAGDP2,34,"42","  Wholesale trade ","Thousands of dollars",81353,94247,123828,132296,132906,137551,143587,150983,146387,156908,164169,184370,199079,211020,233496,231209,235827,235933,234667,218987,233716,273145
 "28035","Forrest, MS",5,CAGDP2,35,"44-45","  Retail trade ","Thousands of dollars",190216,201119,230639,253012,315400,388175,401191,401114,431359,457844,464200,501654,469310,427281,361236,335685,289695,277925,262652,289053,333492,354398
 "28035","Forrest, MS",5,CAGDP2,36,"48-49","  Transportation and warehousing ","Thousands of dollars",87070,88123,89153,79020,80645,81509,81128,104796,105665,109641,107692,116047,116670,111947,115882,124798,147543,159481,146384,132358,146713,161835
 "28035","Forrest, MS",5,CAGDP2,45,"51","  Information ","Thousands of dollars",48726,44397,39632,42185,50120,52898,52688,54030,51241,56656,58377,58655,64889,60957,74982,69894,58115,44930,49420,47088,46961,47470
 "28035","Forrest, MS",5,CAGDP2,50,"52,53","  Finance, insurance, real estate, rental, and leasing ","Thousands of dollars",334954,353045,354352,369947,396988,394999,286584,380391,380677,415284,442819,435733,461061,469538,502466,481450,512602,490786,496803,515106,584305,609751
 "28035","Forrest, MS",5,CAGDP2,51,"52","   Finance and insurance ","Thousands of dollars",117301,121625,115750,122552,133203,131030,124239,112143,111063,110989,117901,138164,135540,146003,139859,132410,135669,137873,144468,147178,164339,159931
 "28035","Forrest, MS",5,CAGDP2,56,"53","   Real estate and rental and leasing ","Thousands of dollars",217653,231421,238603,247395,263785,263968,162344,268248,269614,304295,324918,297569,325521,323535,362607,349039,376933,352913,352334,367928,419966,449820
 "28035","Forrest, MS",5,CAGDP2,59,"54,55,56","  Professional and business services ","Thousands of dollars",154117,160175,161320,153014,164146,192317,186074,199690,190292,204621,202452,205576,212711,227475,225233,249883,269988,297441,285424,306963,357250,358594
 "28035","Forrest, MS",5,CAGDP2,60,"54","   Professional, scientific, and technical services ","Thousands of dollars",76087,84912,85548,83389,85017,90113,85194,94870,84036,86906,87609,87104,85728,86467,86366,86447,82440,83189,87926,85920,95325,106103
 "28035","Forrest, MS",5,CAGDP2,64,"55","   Management of companies and enterprises ","Thousands of dollars",34068,31638,34236,25547,25251,41040,40716,42463,44472,46991,44797,43620,45313,42654,37034,59976,63376,74631,67097,74167,95682,79907
 "28035","Forrest, MS",5,CAGDP2,65,"56","   Administrative and support and waste management and remediation services ","Thousands of dollars",43962,43624,41536,44078,53878,61164,60164,62358,61784,70724,70047,74851,81669,98354,101833,103459,124171,139621,130401,146875,166243,172584
 "28035","Forrest, MS",5,CAGDP2,68,"61,62","  Educational services, health care, and social assistance ","Thousands of dollars",196546,214545,228185,266851,295879,332196,353573,370405,405237,405730,422575,450091,441633,446812,461620,477685,502914,521954,541659,515372,545451,577523
 "28035","Forrest, MS",5,CAGDP2,69,"61","   Educational services ","Thousands of dollars",11816,11989,12711,15671,17440,19277,20850,23375,36301,42236,40742,45127,43617,44011,45772,48536,49740,50719,51681,48125,(D),56016
 "28035","Forrest, MS",5,CAGDP2,70,"62","   Health care and social assistance ","Thousands of dollars",184730,202556,215474,251180,278439,312918,332723,347030,368936,363493,381833,404964,398017,402800,415848,429149,453175,471235,489978,467247,(D),521507
 "28035","Forrest, MS",5,CAGDP2,75,"71,72","  Arts, entertainment, recreation, accommodation, and food services ","Thousands of dollars",60731,62816,68282,81520,89328,94918,97704,106106,109235,112036,105181,106851,107285,110343,116577,121189,121785,132085,145140,130938,158298,183633
 "28035","Forrest, MS",5,CAGDP2,76,"71","   Arts, entertainment, and recreation ","Thousands of dollars",7752,7250,8008,11042,10263,9705,12824,14354,13531,12732,11509,11312,10915,10435,12184,13872,13210,14322,15336,11972,14636,17953
 "28035","Forrest, MS",5,CAGDP2,79,"72","   Accommodation and food services ","Thousands of dollars",52979,55566,60274,70477,79065,85213,84880,91752,95704,99305,93672,95539,96371,99908,104392,107316,108575,117762,129803,118966,143662,165680
 "28035","Forrest, MS",5,CAGDP2,82,"81","  Other services (except government and government enterprises) ","Thousands of dollars",74036,72527,68205,66824,65416,69527,70306,67819,66057,67188,61801,65094,67014,73505,75850,74267,74861,76295,79891,78042,77372,93501
 "28035","Forrest, MS",5,CAGDP2,83,"92","Government and government enterprises ","Thousands of dollars",537578,557921,577818,611245,651189,669424,732055,754423,776681,793520,791178,791539,813376,830427,865786,867398,898560,903518,932916,941536,1001657,1025897
 "28035","Forrest, MS",5,CAGDP2,87,"11,21","Natural resources and mining ","Thousands of dollars",7670,12871,12483,20993,20527,29423,30948,33144,28199,24657,22814,23289,33649,25724,17734,9597,13017,11188,13585,13931,13038,13487
 "28035","Forrest, MS",5,CAGDP2,88,"42,44-45","Trade ","Thousands of dollars",271569,295366,354467,385308,448307,525727,544777,552097,577746,614752,628369,686024,668389,638301,594731,566894,525522,513857,497319,508041,567208,627543
 "28035","Forrest, MS",5,CAGDP2,89,"22,48-49","Transportation and utilities ","Thousands of dollars",90906,92907,93249,106139,109526,110672,112794,138162,139993,144887,145334,153827,160107,159360,164906,177080,201131,221294,212691,202639,219420,237105
 "28035","Forrest, MS",5,CAGDP2,90,"31-33,51","Manufacturing and information ","Thousands of dollars",242996,239693,273441,266169,285062,314156,318343,307554,308765,347819,352492,419697,415498,398861,413440,391048,401424,427310,402629,391662,424364,497297
 "28035","Forrest, MS",5,CAGDP2,91,"...","Private goods-producing industries 2/","Thousands of dollars",287176,308465,357176,358836,395896,453108,466393,438132,433508,443797,431766,506149,502079,490829,489245,472607,482411,508869,477595,469511,501627,579622
 "28035","Forrest, MS",5,CAGDP2,92,"...","Private services-providing industries 3/","Thousands of dollars",1231584,1295778,1367692,1471787,1619710,1773252,1704499,1868699,1920478,2021154,2066908,2161851,2183089,2186291,2216365,2218341,2266918,2298642,2308346,2304187,2556264,2735120
 "28037","Franklin, MS",5,CAGDP2,1,"...","All industry total ","Thousands of dollars",105010,110679,115989,125094,132176,139348,125408,140515,147494,165389,170679,175953,172140,168415,168197,172217,177009,184471,193869,199350,216897,232479
 "28037","Franklin, MS",5,CAGDP2,2,"..."," Private industries ","Thousands of dollars",81798,85405,89091,97956,102655,109047,92496,107862,114062,128521,131528,137705,131612,126876,125495,128515,132701,140416,149491,154890,170858,185986
 "28037","Franklin, MS",5,CAGDP2,3,"11","  Agriculture, forestry, fishing and hunting ","Thousands of dollars",8444,10261,10385,12104,11006,11456,10429,10160,10865,10296,8640,11663,11475,11154,9616,8442,7124,7646,9343,9661,10287,9919
 "28037","Franklin, MS",5,CAGDP2,6,"21","  Mining, quarrying, and oil and gas extraction ","Thousands of dollars",1277,1311,1571,2579,2193,3035,4393,6970,5425,11822,17917,15905,12997,10636,4898,4468,5349,5281,4395,3381,6818,9159
 "28037","Franklin, MS",5,CAGDP2,10,"22","  Utilities ","Thousands of dollars",104,221,219,226,210,277,189,224,253,308,251,224,253,333,262,283,292,313,309,174,285,347
 "28037","Franklin, MS",5,CAGDP2,11,"23","  Construction ","Thousands of dollars",4174,4130,4040,4342,4541,6159,7309,(D),(D),8981,7475,7103,7416,6673,4717,3944,4651,4695,(D),(D),(D),(D)
 "28037","Franklin, MS",5,CAGDP2,12,"31-33","  Manufacturing ","Thousands of dollars",5707,4799,6093,7878,8782,10868,5741,(D),(D),6619,6400,5538,4968,5024,4142,2535,1394,1157,(D),(D),(D),(D)
 "28037","Franklin, MS",5,CAGDP2,13,"321,327-339","   Durable goods manufacturing ","Thousands of dollars",5686,(D),(D),(D),(D),10830,5704,(D),(D),(D),(D),(D),(D),4768,3792,(D),(D),1027,564,(D),(D),(D)
 "28037","Franklin, MS",5,CAGDP2,25,"311-316,322-326","   Nondurable goods manufacturing ","Thousands of dollars",21,(D),(D),(D),(D),38,37,72,(D),(D),(D),(D),(D),256,350,(D),(D),130,(D),(D),284,229
 "28037","Franklin, MS",5,CAGDP2,34,"42","  Wholesale trade ","Thousands of dollars",(D),(D),966,657,(D),(D),(D),(D),(D),(D),(D),(D),(D),(D),(D),(D),(D),(D),(D),(D),(D),(D)
 "28037","Franklin, MS",5,CAGDP2,35,"44-45","  Retail trade ","Thousands of dollars",5764,6789,7414,8308,6916,7289,6142,6587,6944,8885,8383,8927,9434,10623,12302,13568,15513,17118,20141,21391,22901,23592
 "28037","Franklin, MS",5,CAGDP2,36,"48-49","  Transportation and warehousing ","Thousands of dollars",7615,7158,(D),(D),8916,9461,8616,8677,8267,8762,10078,10737,11659,11654,12674,13232,13634,14015,15177,14595,15032,17206
 "28037","Franklin, MS",5,CAGDP2,45,"51","  Information ","Thousands of dollars",14701,16082,16388,17359,20080,20907,19462,22176,24432,27875,28625,27341,24018,21600,(D),(D),(D),(D),(D),(D),(D),(D)
 "28037","Franklin, MS",5,CAGDP2,50,"52,53","  Finance, insurance, real estate, rental, and leasing ","Thousands of dollars",21292,22381,23068,23068,26042,26073,16100,26413,30063,29678,28209,35098,33364,32609,31463,34323,34763,33791,(D),30941,32795,(D)
 "28037","Franklin, MS",5,CAGDP2,51,"52","   Finance and insurance ","Thousands of dollars",(D),(D),(D),(D),(D),(D),(D),(D),(D),(D),(D),(D),(D),(D),7390,7160,(D),(D),(D),(D),(D),(D)
 "28037","Franklin, MS",5,CAGDP2,56,"53","   Real estate and rental and leasing ","Thousands of dollars",(D),(D),(D),(D),(D),(D),(D),(D),(D),(D),(D),(D),(D),(D),24073,27163,(D),(D),26539,(D),(D),25921
 "28037","Franklin, MS",5,CAGDP2,59,"54,55,56","  Professional and business services ","Thousands of dollars",3602,2965,2883,3831,3966,3901,4071,4381,4354,4746,4870,4937,4785,4825,5132,4188,4790,4752,6928,7596,6675,6680
 "28037","Franklin, MS",5,CAGDP2,60,"54","   Professional, scientific, and technical services ","Thousands of dollars",1874,1658,1446,1332,1402,1300,1433,1604,1627,1852,1975,2064,1933,2061,2086,1865,(D),(D),1980,(D),2195,2492
 "28037","Franklin, MS",5,CAGDP2,64,"55","   Management of companies and enterprises ","Thousands of dollars",(D),(D),(D),(D),(D),(D),(D),(D),(D),(D),(D),(D),(D),(D),(D),(D),2866,(D),4863,5439,(D),(D)
 "28037","Franklin, MS",5,CAGDP2,65,"56","   Administrative and support and waste management and remediation services ","Thousands of dollars",(D),(D),(D),(D),(D),(D),(D),(D),(D),(D),(D),(D),(D),(D),(D),(D),(D),(D),84,(D),(D),(D)
 "28037","Franklin, MS",5,CAGDP2,68,"61,62","  Educational services, health care, and social assistance ","Thousands of dollars",4056,4125,4442,4768,5024,(D),5282,5775,6287,5484,6091,6009,6687,6747,7309,7575,7788,7722,8498,7587,6259,7358
 "28037","Franklin, MS",5,CAGDP2,69,"61","   Educational services ","Thousands of dollars",49,50,50,46,40,49,(D),(D),(D),(D),(D),(D),(D),(D),(D),(D),(D),(D),(D),(D),(D),(D)
 "28037","Franklin, MS",5,CAGDP2,70,"62","   Health care and social assistance ","Thousands of dollars",4007,4075,4391,4723,4984,(D),(D),(D),(D),(D),(D),(D),(D),(D),(D),(D),(D),(D),(D),(D),(D),(D)
 "28037","Franklin, MS",5,CAGDP2,75,"71,72","  Arts, entertainment, recreation, accommodation, and food services ","Thousands of dollars",(D),(D),(D),(D),(D),683,(D),(D),(D),(D),(D),(D),(D),(D),(D),(D),(D),(D),(D),(D),(D),(D)
 "28037","Franklin, MS",5,CAGDP2,76,"71","   Arts, entertainment, and recreation ","Thousands of dollars",(D),(D),(D),(D),(D),(D),(D),(D),(D),(D),(D),(D),(D),(D),(D),(D),(D),(D),(D),19,443,823
 "28037","Franklin, MS",5,CAGDP2,79,"72","   Accommodation and food services ","Thousands of dollars",(D),(D),(D),(D),(D),(D),(D),(D),(D),(D),(D),(D),(D),(D),513,385,225,280,597,(D),(D),(D)
 "28037","Franklin, MS",5,CAGDP2,82,"81","  Other services (except government and government enterprises) ","Thousands of dollars",3656,3765,3555,3290,3429,3543,3442,3215,3279,3152,2757,2628,2942,3351,5183,4913,4062,4914,5178,5245,5605,(D)
 "28037","Franklin, MS",5,CAGDP2,83,"92","Government and government enterprises ","Thousands of dollars",23212,25273,26898,27137,29522,30300,32912,32653,33432,36868,39152,38248,40527,41539,42702,43701,44308,44055,44378,44459,46038,46493
 "28037","Franklin, MS",5,CAGDP2,87,"11,21","Natural resources and mining ","Thousands of dollars",9722,11571,11956,14683,13199,14491,14822,17130,16290,22118,26557,27568,24473,21791,14515,12910,12473,12926,13738,13043,17105,19078
 "28037","Franklin, MS",5,CAGDP2,88,"42,44-45","Trade ","Thousands of dollars",(D),(D),8379,8965,(D),(D),(D),(D),(D),(D),(D),(D),(D),(D),(D),(D),(D),(D),(D),(D),(D),(D)
 "28037","Franklin, MS",5,CAGDP2,89,"22,48-49","Transportation and utilities ","Thousands of dollars",7719,7379,(D),(D),9126,9738,8805,8901,8520,9070,10329,10961,11912,11987,12936,13515,13926,14328,15486,14769,15317,17553
 "28037","Franklin, MS",5,CAGDP2,90,"31-33,51","Manufacturing and information ","Thousands of dollars",20407,20881,22482,25237,28862,31775,25202,(D),(D),34494,35025,32879,28987,26624,(D),(D),(D),(D),39345,47809,57640,64902
 "28037","Franklin, MS",5,CAGDP2,91,"...","Private goods-producing industries 2/","Thousands of dollars",19602,20501,22090,26903,26522,31518,27872,28897,28570,37718,40432,40209,36857,33488,23373,19390,18518,18778,19852,18775,23254,24734
 "28037","Franklin, MS",5,CAGDP2,92,"...","Private services-providing industries 3/","Thousands of dollars",62195,64904,67001,71053,76133,77529,64624,78965,85492,90802,91096,97496,94755,93389,102122,109125,114183,121638,129639,136115,147605,161253
 "28039","George, MS",5,CAGDP2,1,"...","All industry total ","Thousands of dollars",212235,237226,260108,266012,304749,309180,309393,382983,361404,341491,345079,375244,399836,481594,456361,441592,457503,476642,515492,520990,522853,557046
 "28039","George, MS",5,CAGDP2,2,"..."," Private industries ","Thousands of dollars",164577,183675,201911,204477,237621,237425,226866,298845,277213,257533,261996,288525,312115,389878,358497,344015,358065,370137,408023,407855,404422,436173
 "28039","George, MS",5,CAGDP2,3,"11","  Agriculture, forestry, fishing and hunting ","Thousands of dollars",4575,3290,5908,6861,6669,8513,5487,6717,5708,2902,3764,3377,(D),2715,2378,2501,2914,3552,3916,4484,5239,6035
 "28039","George, MS",5,CAGDP2,6,"21","  Mining, quarrying, and oil and gas extraction ","Thousands of dollars",585,257,74,0,0,0,0,0,0,0,0,425,823,806,328,0,70,66,115,36,(D),0
 "28039","George, MS",5,CAGDP2,10,"22","  Utilities ","Thousands of dollars",6930,7125,7216,8989,9547,9409,9182,10183,10151,10014,10246,9804,(D),10994,10784,11652,11915,12703,13295,16344,16895,14234
 "28039","George, MS",5,CAGDP2,11,"23","  Construction ","Thousands of dollars",13378,15767,13802,18818,31802,21346,24652,70621,57048,22686,21431,25132,26845,55145,25938,19722,20071,23659,24706,20886,(D),20421
 "28039","George, MS",5,CAGDP2,12,"31-33","  Manufacturing ","Thousands of dollars",17496,18199,19264,18589,20672,20872,25539,27175,26806,28835,29028,27113,32528,28888,24179,22447,20014,18864,23752,26921,25266,28486
 "28039","George, MS",5,CAGDP2,13,"321,327-339","   Durable goods manufacturing ","Thousands of dollars",(D),(D),(D),(D),17309,20277,24696,(D),(D),(D),(D),(D),28835,26404,22450,21173,18927,17600,22076,25064,23345,26534
 "28039","George, MS",5,CAGDP2,25,"311-316,322-326","   Nondurable goods manufacturing ","Thousands of dollars",(D),(D),(D),(D),3363,595,843,(D),(D),(D),(D),(D),3693,2484,1728,1273,1086,1264,1676,1858,1920,1952
 "28039","George, MS",5,CAGDP2,34,"42","  Wholesale trade ","Thousands of dollars",14225,13608,13178,16069,15797,17494,18065,18787,18692,21411,22612,24160,23236,25244,25155,24009,22508,21806,19825,18745,20059,21534
 "28039","George, MS",5,CAGDP2,35,"44-45","  Retail trade ","Thousands of dollars",25698,28324,31722,33323,37768,44440,44576,44248,44233,46116,46621,46615,50255,53798,54747,57204,59236,61261,63838,69662,78793,82434
 "28039","George, MS",5,CAGDP2,36,"48-49","  Transportation and warehousing ","Thousands of dollars",6165,(D),23798,8214,8746,9360,8950,9947,8042,8324,7889,10542,19136,49135,44128,33024,35229,44396,44876,43929,30337,30302
 "28039","George, MS",5,CAGDP2,45,"51","  Information ","Thousands of dollars",2183,3049,3302,4232,5357,4758,4361,4396,3708,2614,2145,5108,9366,12395,17575,22317,26581,27314,29354,29909,(D),31561
 "28039","George, MS",5,CAGDP2,50,"52,53","  Finance, insurance, real estate, rental, and leasing ","Thousands of dollars",46280,50850,53183,54621,63002,57534,42984,60980,57374,68775,71238,84264,83484,91290,93794,92185,97593,94303,121990,111261,109481,121387
 "28039","George, MS",5,CAGDP2,51,"52","   Finance and insurance ","Thousands of dollars",(D),(D),11729,12423,13212,12728,13272,14001,13944,13666,14118,15149,14719,17124,17197,17215,17210,18468,20412,21112,24379,24435
 "28039","George, MS",5,CAGDP2,56,"53","   Real estate and rental and leasing ","Thousands of dollars",(D),(D),41454,42197,49790,44806,29712,46979,43430,55109,57120,69115,68765,74166,76597,74970,80383,75835,101577,90149,85102,96952
 "28039","George, MS",5,CAGDP2,59,"54,55,56","  Professional and business services ","Thousands of dollars",7563,8273,8551,9654,9871,11516,10649,12931,12802,12941,14353,14872,(D),14504,14160,11900,11975,11921,11870,13376,15444,18756
 "28039","George, MS",5,CAGDP2,60,"54","   Professional, scientific, and technical services ","Thousands of dollars",(D),(D),7543,8072,8039,8503,7269,9097,9424,9439,10235,10670,10382,10097,9285,7875,8546,8804,8072,10132,11988,13575
 "28039","George, MS",5,CAGDP2,64,"55","   Management of companies and enterprises ","Thousands of dollars",0,0,0,0,0,0,0,0,0,0,0,0,485,(D),(D),(D),(D),(D),(D),(D),(D),(D)
 "28039","George, MS",5,CAGDP2,65,"56","   Administrative and support and waste management and remediation services ","Thousands of dollars",(D),(D),1008,1582,1833,3013,3379,3833,3378,3502,4118,4202,(D),(D),(D),(D),(D),(D),(D),(D),(D),(D)
 "28039","George, MS",5,CAGDP2,68,"61,62","  Educational services, health care, and social assistance ","Thousands of dollars",7106,7493,8224,9233,11314,12412,12512,12454,13172,13147,13653,16864,16786,17683,17592,19072,18933,18246,17704,18672,17409,19280
 "28039","George, MS",5,CAGDP2,69,"61","   Educational services ","Thousands of dollars",275,284,267,(D),(D),(D),(D),(D),(D),433,348,247,253,296,237,304,(D),(D),(D),(D),(D),641
 "28039","George, MS",5,CAGDP2,70,"62","   Health care and social assistance ","Thousands of dollars",6831,7209,7957,(D),(D),(D),(D),(D),(D),12713,13304,16617,16532,17387,17355,18767,(D),(D),(D),(D),(D),18639
 "28039","George, MS",5,CAGDP2,75,"71,72","  Arts, entertainment, recreation, accommodation, and food services ","Thousands of dollars",3816,(D),4676,5798,6330,7434,8098,8871,8670,8628,8736,9206,9288,10323,11482,12690,14858,14480,14814,14323,17307,19867
 "28039","George, MS",5,CAGDP2,76,"71","   Arts, entertainment, and recreation ","Thousands of dollars",(D),(D),(D),(D),(D),(D),(D),(D),254,258,299,245,206,(D),(D),(D),88,108,163,(D),(D),(D)
 "28039","George, MS",5,CAGDP2,79,"72","   Accommodation and food services ","Thousands of dollars",(D),(D),(D),(D),(D),(D),(D),(D),8416,8370,8437,8961,9082,(D),(D),(D),14770,14372,14651,(D),(D),(D)
 "28039","George, MS",5,CAGDP2,82,"81","  Other services (except government and government enterprises) ","Thousands of dollars",8577,8925,9014,10078,10745,12335,11812,11535,10807,11140,10281,11043,11826,16959,16259,15292,16167,17567,17969,19305,(D),21879
 "28039","George, MS",5,CAGDP2,83,"92","Government and government enterprises ","Thousands of dollars",47658,53551,58196,61535,67128,71755,82526,84138,84192,83957,83083,86720,87722,91716,97864,97577,99438,106504,107469,113136,118431,120873
 "28039","George, MS",5,CAGDP2,87,"11,21","Natural resources and mining ","Thousands of dollars",5160,3547,5982,6861,6669,8513,5487,6717,5708,2902,3764,3801,(D),3521,2707,2501,2984,3618,4032,4520,(D),6035
 "28039","George, MS",5,CAGDP2,88,"42,44-45","Trade ","Thousands of dollars",39923,41932,44900,49392,53565,61935,62641,63035,62925,67527,69232,70776,73491,79042,79902,81213,81744,83067,83663,88407,98852,103968
 "28039","George, MS",5,CAGDP2,89,"22,48-49","Transportation and utilities ","Thousands of dollars",13095,(D),31015,17203,18294,18769,18132,20130,18193,18338,18135,20346,(D),60129,54912,44677,47144,57099,58171,60273,47232,44536
 "28039","George, MS",5,CAGDP2,90,"31-33,51","Manufacturing and information ","Thousands of dollars",19679,21248,22566,22821,26029,25630,29900,31571,30514,31450,31173,32221,41894,41283,41753,44764,46595,46178,53106,56831,(D),60047
 "28039","George, MS",5,CAGDP2,91,"...","Private goods-producing industries 2/","Thousands of dollars",36034,37513,39047,44267,59143,50731,55678,104512,89561,54424,54222,56047,(D),87553,52823,44670,43069,46140,52489,52327,50078,54941
 "28039","George, MS",5,CAGDP2,92,"...","Private services-providing industries 3/","Thousands of dollars",128543,146162,162864,160210,178478,186694,171188,194333,187651,203110,207773,232478,(D),302325,305674,299345,314996,323997,355534,355528,354343,381232
 "28041","Greene, MS",5,CAGDP2,1,"...","All industry total ","Thousands of dollars",107406,116220,130396,138880,144052,161447,150429,162861,155142,159907,159713,154096,167527,167299,163868,157502,158249,167610,161541,170685,175753,188415
 "28041","Greene, MS",5,CAGDP2,2,"..."," Private industries ","Thousands of dollars",66449,72163,84011,93212,97820,111200,94831,107043,98495,105310,105106,99190,110451,110871,106763,99229,100370,110769,104619,113804,118042,126908
 "28041","Greene, MS",5,CAGDP2,3,"11","  Agriculture, forestry, fishing and hunting ","Thousands of dollars",14918,19698,21585,29582,27222,30946,(D),(D),(D),21939,(D),11126,19364,18037,15347,8910,12669,10851,8275,8903,11978,11628
 "28041","Greene, MS",5,CAGDP2,6,"21","  Mining, quarrying, and oil and gas extraction ","Thousands of dollars",3538,3685,4740,5403,4988,6134,7908,10101,6021,8328,10718,8771,8419,8265,3585,2814,223,296,534,252,317,261
 "28041","Greene, MS",5,CAGDP2,10,"22","  Utilities ","Thousands of dollars",1269,1289,1344,1638,1725,1603,1707,1844,1731,1767,1627,1398,1623,1828,1884,2321,2572,2846,3050,3388,3259,3316
 "28041","Greene, MS",5,CAGDP2,11,"23","  Construction ","Thousands of dollars",(D),(D),(D),2502,(D),(D),6913,6531,8336,(D),8980,(D),(D),(D),(D),(D),(D),(D),(D),(D),(D),(D)
 "28041","Greene, MS",5,CAGDP2,12,"31-33","  Manufacturing ","Thousands of dollars",(D),(D),(D),8309,(D),(D),(D),(D),(D),(D),(D),(D),(D),(D),(D),(D),(D),(D),(D),(D),(D),(D)
 "28041","Greene, MS",5,CAGDP2,13,"321,327-339","   Durable goods manufacturing ","Thousands of dollars",(D),(D),(D),(D),(D),(D),(D),(D),(D),(D),(D),(D),(D),(D),6272,6203,4883,(D),(D),(D),(D),(D)
 "28041","Greene, MS",5,CAGDP2,25,"311-316,322-326","   Nondurable goods manufacturing ","Thousands of dollars",8,9,2403,(D),85,251,35,473,346,57,40,51,65,112,(D),(D),(D),232,420,312,226,191
 "28041","Greene, MS",5,CAGDP2,34,"42","  Wholesale trade ","Thousands of dollars",(D),(D),(D),797,737,(D),(D),(D),(D),2264,(D),2223,2439,2841,2971,3075,3197,3702,3909,3900,(D),4130
 "28041","Greene, MS",5,CAGDP2,35,"44-45","  Retail trade ","Thousands of dollars",6467,6875,6951,7162,7720,8744,8175,8076,7892,8629,8393,8470,9388,9826,9825,10088,11634,12514,12992,13972,15773,16578
 "28041","Greene, MS",5,CAGDP2,36,"48-49","  Transportation and warehousing ","Thousands of dollars",(D),(D),(D),1872,2042,(D),(D),(D),(D),1337,(D),2194,2009,2174,2575,2872,5995,6937,7365,7384,7651,6996
 "28041","Greene, MS",5,CAGDP2,45,"51","  Information ","Thousands of dollars",(D),1312,1345,(D),(D),(D),(D),(D),(D),(D),(D),(D),(D),(D),(D),(D),(D),(D),(D),(D),(D),(D)
 "28041","Greene, MS",5,CAGDP2,50,"52,53","  Finance, insurance, real estate, rental, and leasing ","Thousands of dollars",21183,21151,22409,23026,27988,29233,15766,25076,29181,30044,35911,34669,35480,33593,35537,35289,29451,38409,(D),39534,34094,(D)
 "28041","Greene, MS",5,CAGDP2,51,"52","   Finance and insurance ","Thousands of dollars",(D),(D),(D),(D),(D),(D),2802,2493,2461,(D),(D),(D),(D),(D),3272,(D),(D),(D),(D),(D),(D),4068
 "28041","Greene, MS",5,CAGDP2,56,"53","   Real estate and rental and leasing ","Thousands of dollars",(D),(D),(D),(D),(D),(D),12964,22583,26720,(D),(D),(D),(D),(D),32266,(D),(D),(D),26499,(D),(D),(D)
 "28041","Greene, MS",5,CAGDP2,59,"54,55,56","  Professional and business services ","Thousands of dollars",320,314,418,871,1232,1411,1154,1283,1643,(D),2040,(D),(D),2792,(D),(D),(D),(D),(D),(D),(D),6087
 "28041","Greene, MS",5,CAGDP2,60,"54","   Professional, scientific, and technical services ","Thousands of dollars",196,191,(D),(D),(D),(D),(D),(D),(D),(D),(D),(D),1390,(D),1078,1025,1229,1643,1747,1433,1501,(D)
 "28041","Greene, MS",5,CAGDP2,64,"55","   Management of companies and enterprises ","Thousands of dollars",(D),(D),(D),0,0,0,0,0,0,0,0,0,0,0,0,0,0,0,0,0,0,0
 "28041","Greene, MS",5,CAGDP2,65,"56","   Administrative and support and waste management and remediation services ","Thousands of dollars",(D),(D),(D),(D),(D),(D),(D),(D),(D),(D),(D),986,(D),(D),(D),(D),(D),(D),(D),(D),(D),(D)
 "28041","Greene, MS",5,CAGDP2,68,"61,62","  Educational services, health care, and social assistance ","Thousands of dollars",3521,3981,4740,4628,4904,4943,5038,4837,5328,5509,5832,5892,5803,6365,6537,6907,7283,7664,8097,7746,8083,10932
 "28041","Greene, MS",5,CAGDP2,69,"61","   Educational services ","Thousands of dollars",44,45,36,33,15,29,70,82,96,117,128,128,134,163,(D),(D),(D),(D),(D),(D),(D),(D)
 "28041","Greene, MS",5,CAGDP2,70,"62","   Health care and social assistance ","Thousands of dollars",3477,3936,4704,4595,4889,4914,4968,4755,5232,5392,5704,5764,5670,6203,(D),(D),(D),(D),(D),(D),(D),(D)
 "28041","Greene, MS",5,CAGDP2,75,"71,72","  Arts, entertainment, recreation, accommodation, and food services ","Thousands of dollars",746,805,824,859,783,(D),677,730,911,968,1142,1289,1181,(D),1605,2206,2164,2166,2767,2817,3590,4344
 "28041","Greene, MS",5,CAGDP2,76,"71","   Arts, entertainment, and recreation ","Thousands of dollars",40,44,36,44,47,29,14,27,66,(D),(D),(D),(D),(D),(D),(D),206,86,130,205,553,1060
 "28041","Greene, MS",5,CAGDP2,79,"72","   Accommodation and food services ","Thousands of dollars",706,761,788,815,736,(D),664,704,845,(D),(D),(D),(D),(D),(D),(D),1958,2080,2637,2612,3037,3284
 "28041","Greene, MS",5,CAGDP2,82,"81","  Other services (except government and government enterprises) ","Thousands of dollars",5062,5076,4975,(D),(D),7125,7605,7340,7252,6731,6589,7004,7717,8714,8509,8051,8071,8367,8864,8921,9714,11748
 "28041","Greene, MS",5,CAGDP2,83,"92","Government and government enterprises ","Thousands of dollars",40956,44058,46385,45669,46233,50247,55597,55818,56647,54597,54607,54906,57076,56428,57105,58273,57878,56841,56921,56881,57711,61507
 "28041","Greene, MS",5,CAGDP2,87,"11,21","Natural resources and mining ","Thousands of dollars",18456,23384,26325,34985,32210,37080,(D),(D),(D),30266,(D),19897,27783,26302,18932,11724,12892,11147,8809,9155,12295,11889
 "28041","Greene, MS",5,CAGDP2,88,"42,44-45","Trade ","Thousands of dollars",(D),(D),(D),7958,8457,(D),(D),(D),(D),10893,(D),10693,11827,12666,12796,13163,14831,16217,16901,17871,(D),20708
 "28041","Greene, MS",5,CAGDP2,89,"22,48-49","Transportation and utilities ","Thousands of dollars",(D),(D),(D),3510,3768,(D),(D),(D),(D),3104,(D),3592,3631,4001,4459,5193,8567,9783,10415,10772,10910,10312
 "28041","Greene, MS",5,CAGDP2,90,"31-33,51","Manufacturing and information ","Thousands of dollars",3941,(D),(D),(D),9719,11973,6450,6734,5654,6188,7123,7173,7957,7682,7793,7791,6410,5925,3606,5046,9434,9641
 "28041","Greene, MS",5,CAGDP2,91,"...","Private goods-producing industries 2/","Thousands of dollars",24216,28819,38194,45796,43363,52575,49910,53196,40016,44932,38686,(D),41477,40389,34100,25305,26939,24445,22996,22035,27986,27186
 "28041","Greene, MS",5,CAGDP2,92,"...","Private services-providing industries 3/","Thousands of dollars",42233,43343,45818,47416,54457,58625,44922,53847,58479,60378,66420,(D),68974,70482,72663,73924,73431,86325,81624,91770,90056,99722
 "28043","Grenada, MS",5,CAGDP2,1,"...","All industry total ","Thousands of dollars",587311,618383,666623,705333,700140,746903,716418,694440,659927,806579,810187,816857,822455,837141,897478,918784,918944,971638,967547,966501,1033619,1119992
 "28043","Grenada, MS",5,CAGDP2,2,"..."," Private industries ","Thousands of dollars",506838,532519,574275,609489,598991,639236,598984,572545,539318,687769,692354,697538,699584,717176,768748,780265,780390,835078,827223,830554,899264,981764
 "28043","Grenada, MS",5,CAGDP2,3,"11","  Agriculture, forestry, fishing and hunting ","Thousands of dollars",(D),10453,10725,12324,11421,11637,11291,7188,10223,11252,16998,5386,12719,6731,4689,4364,6758,7764,11824,15255,11767,7043
 "28043","Grenada, MS",5,CAGDP2,6,"21","  Mining, quarrying, and oil and gas extraction ","Thousands of dollars",0,73,0,634,512,737,0,0,0,0,0,0,0,0,0,0,0,0,0,0,0,0
 "28043","Grenada, MS",5,CAGDP2,10,"22","  Utilities ","Thousands of dollars",848,896,881,1033,1066,1108,1003,1125,1288,1313,1344,1307,1365,1432,1778,2168,2283,2519,2173,7125,6840,7063
 "28043","Grenada, MS",5,CAGDP2,11,"23","  Construction ","Thousands of dollars",(D),16987,16420,17654,16672,21039,24855,18353,13251,12976,14299,15589,13327,12276,12495,13155,13357,13627,16582,16876,17166,16331
 "28043","Grenada, MS",5,CAGDP2,12,"31-33","  Manufacturing ","Thousands of dollars",193715,207246,238734,257927,240994,268057,256315,214680,191119,312557,288963,282840,293208,297523,341298,331103,313676,346500,330349,310826,333143,382806
 "28043","Grenada, MS",5,CAGDP2,13,"321,327-339","   Durable goods manufacturing ","Thousands of dollars",144263,157022,185611,199436,(D),(D),(D),(D),(D),(D),(D),(D),240273,239847,274965,278769,261721,283754,270668,251244,262096,310632
 "28043","Grenada, MS",5,CAGDP2,25,"311-316,322-326","   Nondurable goods manufacturing ","Thousands of dollars",49452,50224,53123,58491,(D),(D),(D),(D),(D),(D),(D),(D),52934,57676,66332,52334,51954,62747,59681,59583,71047,72174
 "28043","Grenada, MS",5,CAGDP2,34,"42","  Wholesale trade ","Thousands of dollars",24113,28556,37463,39025,36159,31264,28808,28650,26472,28030,29237,29645,28136,29793,31402,32503,36256,36087,36471,36866,38876,39683
 "28043","Grenada, MS",5,CAGDP2,35,"44-45","  Retail trade ","Thousands of dollars",66946,69288,74712,80690,84895,90115,82840,82587,83727,98930,93371,92082,88020,88791,91202,100179,103228,105885,109260,114238,132540,136816
 "28043","Grenada, MS",5,CAGDP2,36,"48-49","  Transportation and warehousing ","Thousands of dollars",18525,20404,18644,19744,19567,20675,18796,17485,13153,14313,16305,18151,18569,19842,20659,20725,22696,25916,26729,26984,30623,34707
 "28043","Grenada, MS",5,CAGDP2,45,"51","  Information ","Thousands of dollars",7428,7404,6618,7801,8550,8946,8275,7695,7287,6460,5588,5491,6218,6598,7552,10505,10982,11256,12050,11285,11872,11884
 "28043","Grenada, MS",5,CAGDP2,50,"52,53","  Finance, insurance, real estate, rental, and leasing ","Thousands of dollars",78239,78981,74821,74646,75846,74303,54888,71914,72774,70497,88826,91852,86505,96416,101301,99286,101533,108170,102332,115151,124917,124439
 "28043","Grenada, MS",5,CAGDP2,51,"52","   Finance and insurance ","Thousands of dollars",26314,26635,25354,26353,26716,25656,26053,24636,26063,25457,25800,27332,28106,31228,30304,30473,27571,27849,28404,31692,37916,34519
 "28043","Grenada, MS",5,CAGDP2,56,"53","   Real estate and rental and leasing ","Thousands of dollars",51925,52346,49467,48294,49130,48648,28836,47278,46711,45040,63026,64520,58399,65188,70998,68813,73962,80321,73928,83460,87001,89921
 "28043","Grenada, MS",5,CAGDP2,59,"54,55,56","  Professional and business services ","Thousands of dollars",22841,27896,31339,32631,36441,39585,33455,40903,36809,46925,50934,62617,59030,65711,65593,74317,78301,82707,80412,78627,83347,101004
 "28043","Grenada, MS",5,CAGDP2,60,"54","   Professional, scientific, and technical services ","Thousands of dollars",10918,(D),(D),(D),(D),(D),(D),13592,(D),(D),(D),(D),(D),(D),(D),(D),(D),(D),(D),(D),(D),(D)
 "28043","Grenada, MS",5,CAGDP2,64,"55","   Management of companies and enterprises ","Thousands of dollars",1177,(D),(D),(D),(D),(D),(D),993,(D),(D),(D),(D),(D),(D),(D),(D),(D),(D),(D),(D),(D),(D)
 "28043","Grenada, MS",5,CAGDP2,65,"56","   Administrative and support and waste management and remediation services ","Thousands of dollars",10746,13862,17603,18750,23712,25898,20427,26318,22418,30931,34837,43692,42423,48545,49770,57035,60523,62603,57429,55153,60302,67194
 "28043","Grenada, MS",5,CAGDP2,68,"61,62","  Educational services, health care, and social assistance ","Thousands of dollars",31193,32088,32393,34562,35628,39357,41183,44898,48100,50253,50038,50009,48915,47235,46267,46338,45996,47790,49690,45567,45966,50469
 "28043","Grenada, MS",5,CAGDP2,69,"61","   Educational services ","Thousands of dollars",3373,(D),(D),(D),(D),(D),(D),(D),(D),(D),(D),(D),(D),(D),(D),(D),(D),4479,4682,(D),(D),(D)
 "28043","Grenada, MS",5,CAGDP2,70,"62","   Health care and social assistance ","Thousands of dollars",27820,(D),(D),(D),(D),(D),(D),(D),(D),(D),(D),(D),(D),(D),(D),(D),(D),43311,45008,(D),(D),(D)
 "28043","Grenada, MS",5,CAGDP2,75,"71,72","  Arts, entertainment, recreation, accommodation, and food services ","Thousands of dollars",16691,17318,17302,19226,19434,18880,19613,20781,20203,19970,22222,26449,26265,26833,26560,27750,26473,27285,28701,31520,41688,46026
 "28043","Grenada, MS",5,CAGDP2,76,"71","   Arts, entertainment, and recreation ","Thousands of dollars",1394,1340,1433,1633,2126,1976,2157,2363,2121,2292,2514,2545,2489,2217,2073,2013,1717,1619,1620,1367,1994,2251
 "28043","Grenada, MS",5,CAGDP2,79,"72","   Accommodation and food services ","Thousands of dollars",15297,15979,15869,17594,17308,16903,17456,18418,18082,17679,19708,23904,23776,24616,24486,25737,24756,25666,27080,30153,39694,43775
 "28043","Grenada, MS",5,CAGDP2,82,"81","  Other services (except government and government enterprises) ","Thousands of dollars",14973,14930,14223,11591,11804,13534,17663,16286,14911,14293,14229,16120,17308,17994,17951,17873,18853,19574,20650,20233,20518,23492
 "28043","Grenada, MS",5,CAGDP2,83,"92","Government and government enterprises ","Thousands of dollars",80473,85864,92348,95845,101149,107667,117434,121895,120609,118809,117833,119319,122871,119965,128730,138518,138554,136560,140324,135947,134356,138228
 "28043","Grenada, MS",5,CAGDP2,87,"11,21","Natural resources and mining ","Thousands of dollars",(D),10526,10725,12957,11934,12373,11291,7188,10223,11252,16998,5386,12719,6731,4689,4364,6758,7764,11824,15255,11767,7043
 "28043","Grenada, MS",5,CAGDP2,88,"42,44-45","Trade ","Thousands of dollars",91059,97843,112176,119715,121054,121379,111647,111238,110199,126960,122608,121727,116156,118585,122604,132682,139484,141971,145731,151104,171416,176500
 "28043","Grenada, MS",5,CAGDP2,89,"22,48-49","Transportation and utilities ","Thousands of dollars",19373,21300,19525,20777,20633,21783,19799,18610,14442,15626,17649,19458,19934,21274,22437,22893,24979,28435,28902,34110,37463,41769
 "28043","Grenada, MS",5,CAGDP2,90,"31-33,51","Manufacturing and information ","Thousands of dollars",201143,214650,245352,265729,249544,277003,264590,222374,198406,319018,294551,288331,299425,304122,348850,341608,324657,357756,342399,322111,345016,394690
 "28043","Grenada, MS",5,CAGDP2,91,"...","Private goods-producing industries 2/","Thousands of dollars",225041,234758,265879,288538,269600,301469,292461,240221,214592,336785,320260,303815,319253,316531,358481,348621,333791,367891,358755,342957,362077,406180
 "28043","Grenada, MS",5,CAGDP2,92,"...","Private services-providing industries 3/","Thousands of dollars",281797,297761,308396,320950,329392,337767,306524,332324,324726,350984,372095,393723,380331,400645,410267,431644,446599,467188,468468,487597,537187,575584
 "28045","Hancock, MS",5,CAGDP2,1,"...","All industry total ","Thousands of dollars",970105,1048425,1098768,1146142,1227468,1294917,2456529,1867361,1777561,1793706,1510854,1512878,1478343,1475734,1446449,1456437,1487554,1531341,1654960,1710575,1838789,1940659
 "28045","Hancock, MS",5,CAGDP2,2,"..."," Private industries ","Thousands of dollars",725522,782328,817210,854369,883149,947422,2074043,1460536,1351437,1351702,1063503,1058438,1044123,1021902,986554,966087,971373,1033656,1135713,1160873,1260097,1354043
 "28045","Hancock, MS",5,CAGDP2,3,"11","  Agriculture, forestry, fishing and hunting ","Thousands of dollars",2731,2908,2832,3589,2865,3749,1184,991,1053,2139,2610,3222,3092,3238,2801,1645,716,917,1185,1197,2024,2120
 "28045","Hancock, MS",5,CAGDP2,6,"21","  Mining, quarrying, and oil and gas extraction ","Thousands of dollars",116,261,358,390,341,1401,2784,1625,998,1725,1287,1714,7325,10061,13105,643,947,1041,990,615,513,525
 "28045","Hancock, MS",5,CAGDP2,10,"22","  Utilities ","Thousands of dollars",(D),(D),(D),7959,9610,9688,14074,15626,15579,17582,18090,18549,17806,18566,18313,20281,21178,23263,22248,24729,24793,24330
 "28045","Hancock, MS",5,CAGDP2,11,"23","  Construction ","Thousands of dollars",62230,61352,53666,54330,76821,127582,131305,106210,111804,116682,108770,86787,72107,69397,45506,36161,33706,52344,60104,66326,80687,90029
 "28045","Hancock, MS",5,CAGDP2,12,"31-33","  Manufacturing ","Thousands of dollars",137022,152164,161498,151102,163584,173325,156777,109054,104070,143489,145867,151893,155781,129072,100303,99589,92679,95514,105211,109793,111382,117917
 "28045","Hancock, MS",5,CAGDP2,13,"321,327-339","   Durable goods manufacturing ","Thousands of dollars",54179,49833,41823,38307,42142,47147,41319,47425,33932,55908,45811,56203,58695,59702,50419,57446,53405,54519,59478,64054,60218,61167
 "28045","Hancock, MS",5,CAGDP2,25,"311-316,322-326","   Nondurable goods manufacturing ","Thousands of dollars",82843,102331,119676,112794,121442,126178,115458,61629,70139,87582,100056,95691,97086,69370,49883,42143,39274,40995,45733,45739,51164,56749
 "28045","Hancock, MS",5,CAGDP2,34,"42","  Wholesale trade ","Thousands of dollars",(D),(D),(D),15614,15845,17316,17597,17853,18118,21511,26321,29248,28107,24925,21515,18144,13973,12654,13195,13877,14709,15334
 "28045","Hancock, MS",5,CAGDP2,35,"44-45","  Retail trade ","Thousands of dollars",57694,59403,63864,68341,67389,81207,86077,79076,74273,69791,73195,77510,80968,80245,80545,86594,87050,89452,93690,104418,113160,119378
 "28045","Hancock, MS",5,CAGDP2,36,"48-49","  Transportation and warehousing ","Thousands of dollars",14218,14375,16200,17994,18304,19736,20313,20171,18368,18395,15754,15507,17134,17255,20596,21298,24977,28821,28218,28899,37123,41507
 "28045","Hancock, MS",5,CAGDP2,45,"51","  Information ","Thousands of dollars",10312,6772,6257,7028,7643,8523,8691,9957,9106,7744,7022,7280,10219,12178,16329,17902,17777,13419,10032,6766,10025,10165
 "28045","Hancock, MS",5,CAGDP2,50,"52,53","  Finance, insurance, real estate, rental, and leasing ","Thousands of dollars",148843,160268,166577,173310,189336,174984,1241436,645811,541020,482179,201153,202681,199084,215473,220951,217535,232045,227077,290094,265173,253817,284411
 "28045","Hancock, MS",5,CAGDP2,51,"52","   Finance and insurance ","Thousands of dollars",30548,31469,32541,32677,35433,39778,39913,35540,35480,34480,32100,32958,33511,39102,41333,41305,39514,43119,46028,49299,49917,55252
 "28045","Hancock, MS",5,CAGDP2,56,"53","   Real estate and rental and leasing ","Thousands of dollars",118295,128799,134036,140633,153903,135206,1201524,610272,505541,447700,169054,169723,165573,176371,179618,176230,192532,183957,244066,215874,203901,229158
 "28045","Hancock, MS",5,CAGDP2,59,"54,55,56","  Professional and business services ","Thousands of dollars",143179,161271,178396,183679,161203,179536,190404,226825,227836,243118,244494,255621,240844,224259,219554,214382,217786,241348,250246,304279,327375,320804
 "28045","Hancock, MS",5,CAGDP2,60,"54","   Professional, scientific, and technical services ","Thousands of dollars",82337,98030,110973,115599,90630,106915,105776,(D),130369,136598,146022,152838,145917,131358,128396,116428,121529,139376,146061,197452,206435,208941
 "28045","Hancock, MS",5,CAGDP2,64,"55","   Management of companies and enterprises ","Thousands of dollars",(D),(D),(D),(D),(D),(D),(D),(D),1136,619,(D),(D),(D),135,173,151,754,722,1996,2222,2695,3230
 "28045","Hancock, MS",5,CAGDP2,65,"56","   Administrative and support and waste management and remediation services ","Thousands of dollars",(D),(D),(D),(D),(D),(D),(D),104799,96332,105901,(D),(D),(D),92766,90985,97803,95503,101250,102188,104605,118245,108634
 "28045","Hancock, MS",5,CAGDP2,68,"61,62","  Educational services, health care, and social assistance ","Thousands of dollars",35894,40040,42775,44861,41554,39248,38501,45975,52532,55561,56767,58783,67511,70098,71905,71098,72546,85785,95579,91469,104380,121780
 "28045","Hancock, MS",5,CAGDP2,69,"61","   Educational services ","Thousands of dollars",(D),(D),(D),10458,12104,(D),(D),(D),(D),(D),(D),(D),(D),(D),27116,(D),23551,22726,(D),(D),(D),(D)
 "28045","Hancock, MS",5,CAGDP2,70,"62","   Health care and social assistance ","Thousands of dollars",(D),(D),(D),34403,29450,(D),(D),(D),(D),(D),(D),(D),(D),(D),44789,(D),48995,63058,(D),(D),(D),(D)
 "28045","Hancock, MS",5,CAGDP2,75,"71,72","  Arts, entertainment, recreation, accommodation, and food services ","Thousands of dollars",77516,85456,86903,102705,105767,88596,140040,154671,150479,144682,137847,125026,119359,120073,127370,132259,127998,131745,134035,111351,147104,166747
 "28045","Hancock, MS",5,CAGDP2,76,"71","   Arts, entertainment, and recreation ","Thousands of dollars",(D),8473,11196,15790,28169,28844,60069,59348,54091,53903,51400,48990,43340,37558,35535,34457,12572,13266,14283,12560,15823,18458
 "28045","Hancock, MS",5,CAGDP2,79,"72","   Accommodation and food services ","Thousands of dollars",(D),76983,75707,86916,77597,59753,79972,95323,96388,90779,86447,76035,76019,82515,91834,97802,115426,118480,119752,98792,131282,148288
 "28045","Hancock, MS",5,CAGDP2,82,"81","  Other services (except government and government enterprises) ","Thousands of dollars",23392,24922,22977,23468,22886,22531,24857,26690,26200,27104,24325,24616,24787,27062,27761,28556,27996,30276,30889,31981,33006,38997
 "28045","Hancock, MS",5,CAGDP2,83,"92","Government and government enterprises ","Thousands of dollars",244583,266096,281558,291773,344319,347495,382486,406825,426124,442004,447351,454440,434220,453832,459895,490350,516181,497685,519247,549702,578692,586616
 "28045","Hancock, MS",5,CAGDP2,87,"11,21","Natural resources and mining ","Thousands of dollars",2847,3169,3190,3979,3207,5150,3968,2616,2051,3863,3897,4936,10417,13299,15906,2288,1663,1958,2175,1812,2536,2645
 "28045","Hancock, MS",5,CAGDP2,88,"42,44-45","Trade ","Thousands of dollars",(D),(D),(D),83954,83234,98523,103675,96929,92391,91302,99516,106758,109075,105170,102060,104738,101023,102106,106885,118295,127869,134712
 "28045","Hancock, MS",5,CAGDP2,89,"22,48-49","Transportation and utilities ","Thousands of dollars",(D),(D),(D),25953,27915,29424,34387,35797,33946,35977,33844,34056,34940,35821,38909,41579,46155,52084,50466,53628,61916,65837
 "28045","Hancock, MS",5,CAGDP2,90,"31-33,51","Manufacturing and information ","Thousands of dollars",147334,158936,167755,158130,171227,181848,165469,119012,113176,151233,152889,159173,166000,141250,116632,117491,110455,108933,115243,116558,121407,128081
 "28045","Hancock, MS",5,CAGDP2,91,"...","Private goods-producing industries 2/","Thousands of dollars",202099,216685,218354,209411,243612,306057,292051,217880,217926,264035,258535,243617,238305,211767,161714,138038,128048,149816,167490,177930,194604,210590
 "28045","Hancock, MS",5,CAGDP2,92,"...","Private services-providing industries 3/","Thousands of dollars",523423,565643,598856,644958,639538,641365,1781993,1242657,1133511,1087667,804968,814821,805819,810135,824840,828049,843325,883840,968224,982943,1065492,1143452
 "28047","Harrison, MS",5,CAGDP2,1,"...","All industry total ","Thousands of dollars",6075290,6360543,6784213,7067105,7352346,7521745,9178740,8939560,8633915,8375967,8092309,8054216,8156763,8274815,8196488,8362577,8726970,8893507,9262471,9404280,10495069,11469588
 "28047","Harrison, MS",5,CAGDP2,2,"..."," Private industries ","Thousands of dollars",4526257,4675706,4955827,5163202,5401116,5607869,7109429,6674493,6320403,6088118,5818993,5774362,5899931,5970464,5938196,5936515,6184665,6368012,6569620,6576450,7488957,8402548
 "28047","Harrison, MS",5,CAGDP2,3,"11","  Agriculture, forestry, fishing and hunting ","Thousands of dollars",3423,3334,2287,3411,4288,3792,2690,3089,(D),21685,(D),30283,22479,22596,18822,(D),13936,(D),6632,7873,6611,6858
 "28047","Harrison, MS",5,CAGDP2,6,"21","  Mining, quarrying, and oil and gas extraction ","Thousands of dollars",1376,283,164,191,161,151,241,375,26,115,104,27,155,451,185,147,208,0,0,0,0,(D)
 "28047","Harrison, MS",5,CAGDP2,10,"22","  Utilities ","Thousands of dollars",272079,300320,340867,272633,245363,298292,266124,294896,214052,224430,239690,194848,237042,294034,167990,135727,163040,169874,206866,193436,201494,(D)
 "28047","Harrison, MS",5,CAGDP2,11,"23","  Construction ","Thousands of dollars",257521,223668,254651,343280,421976,617911,765802,696861,622762,458177,(D),309815,270769,258554,266363,272189,280375,299415,312995,325217,354607,344034
 "28047","Harrison, MS",5,CAGDP2,12,"31-33","  Manufacturing ","Thousands of dollars",401177,389444,461553,389530,412222,465818,542001,568750,(D),507214,511347,549686,543859,531521,418969,(D),384728,(D),340824,378349,451581,515611
 "28047","Harrison, MS",5,CAGDP2,13,"321,327-339","   Durable goods manufacturing ","Thousands of dollars",182520,173378,169039,145274,160415,229512,297676,318340,(D),302118,264895,267347,258939,263289,196720,157281,148136,(D),152530,158848,204193,237849
 "28047","Harrison, MS",5,CAGDP2,25,"311-316,322-326","   Nondurable goods manufacturing ","Thousands of dollars",218656,216066,292515,244256,251807,236306,244325,250410,227144,205096,246452,282339,284920,268233,222249,(D),236592,254001,188294,219501,247388,277762
 "28047","Harrison, MS",5,CAGDP2,34,"42","  Wholesale trade ","Thousands of dollars",141519,142691,162893,177899,194591,218363,245914,244309,231463,234071,235182,241493,246712,236396,234228,231028,233535,246732,283241,297842,336247,357529
 "28047","Harrison, MS",5,CAGDP2,35,"44-45","  Retail trade ","Thousands of dollars",483255,495477,542137,559762,601390,685456,656167,633502,596047,602665,608506,600854,644510,671845,701359,738845,756846,759665,782377,827882,983512,1038398
 "28047","Harrison, MS",5,CAGDP2,36,"48-49","  Transportation and warehousing ","Thousands of dollars",105054,109946,120303,138019,149115,151039,148668,163105,167667,183504,178279,178039,180534,168469,164975,172986,181420,184990,177364,177931,199639,247938
 "28047","Harrison, MS",5,CAGDP2,45,"51","  Information ","Thousands of dollars",127416,139552,145169,164430,190473,207641,203286,185793,169125,169235,168579,171828,200029,199373,228404,233162,226131,210559,216159,210441,227488,238496
 "28047","Harrison, MS",5,CAGDP2,50,"52,53","  Finance, insurance, real estate, rental, and leasing ","Thousands of dollars",842327,905209,933862,987849,1018976,1036371,2082263,1637734,1622209,1435877,1243433,1239339,1247026,1250102,1328347,1249113,1354220,1352216,1441235,1705831,1778237,1916747
 "28047","Harrison, MS",5,CAGDP2,51,"52","   Finance and insurance ","Thousands of dollars",215556,221993,223680,229628,238350,262841,277718,258327,262777,257981,266184,287869,292517,318157,333461,341823,341549,338806,342078,371651,385712,395900
 "28047","Harrison, MS",5,CAGDP2,56,"53","   Real estate and rental and leasing ","Thousands of dollars",626770,683216,710182,758221,780626,773530,1804545,1379407,1359433,1177896,977248,951470,954509,931944,994887,907290,1012672,1013410,1099157,1334180,1392525,1520847
 "28047","Harrison, MS",5,CAGDP2,59,"54,55,56","  Professional and business services ","Thousands of dollars",308441,327927,366364,391401,443870,494037,551205,594413,585252,593848,585710,575542,576176,578805,591391,610880,624038,638181,654207,636076,688090,780401
 "28047","Harrison, MS",5,CAGDP2,60,"54","   Professional, scientific, and technical services ","Thousands of dollars",170791,180987,189499,202894,203914,230144,260294,296919,291556,280408,279476,279528,280164,274692,279474,293234,300931,295640,286567,261798,281635,340731
 "28047","Harrison, MS",5,CAGDP2,64,"55","   Management of companies and enterprises ","Thousands of dollars",50043,54777,64291,64304,64734,67291,68037,62592,75805,76332,86625,70636,70904,76361,83081,90950,104456,126079,117710,123215,125611,129577
 "28047","Harrison, MS",5,CAGDP2,65,"56","   Administrative and support and waste management and remediation services ","Thousands of dollars",87607,92164,112574,124203,175222,196602,222875,234901,217891,237109,219609,225379,225108,227752,228836,226696,218651,216462,249929,251063,280844,310094
 "28047","Harrison, MS",5,CAGDP2,68,"61,62","  Educational services, health care, and social assistance ","Thousands of dollars",330879,357328,375124,407232,397842,394421,422568,462076,495703,495281,501408,497352,490823,503948,517701,529252,554814,583642,594840,543087,542950,592830
 "28047","Harrison, MS",5,CAGDP2,69,"61","   Educational services ","Thousands of dollars",13941,13609,15122,17458,18538,19237,24887,30116,34026,42125,47169,48226,46731,50996,48800,46366,46238,46553,49991,40735,44710,52818
 "28047","Harrison, MS",5,CAGDP2,70,"62","   Health care and social assistance ","Thousands of dollars",316938,343718,360001,389774,379303,375184,397681,431960,461677,453156,454239,449126,444091,452951,468902,482886,508576,537089,544850,502352,498240,540012
 "28047","Harrison, MS",5,CAGDP2,75,"71,72","  Arts, entertainment, recreation, accommodation, and food services ","Thousands of dollars",1088041,1111131,1098360,1178030,1174158,886971,1070405,1031827,951008,1001619,976023,1023647,1069932,1080110,1119837,1181149,1211198,1292579,1325434,1044629,1470194,1837969
 "28047","Harrison, MS",5,CAGDP2,76,"71","   Arts, entertainment, and recreation ","Thousands of dollars",398370,266669,239386,238862,228577,125126,130522,113862,142639,180574,178593,226641,217399,208490,196985,206332,118354,96356,73658,58697,167146,259441
 "28047","Harrison, MS",5,CAGDP2,79,"72","   Accommodation and food services ","Thousands of dollars",689671,844463,858975,939168,945581,761845,939883,917965,808369,821045,797431,797006,852534,871620,922852,974818,1092844,1196223,1251776,985932,1303048,1578528
 "28047","Harrison, MS",5,CAGDP2,82,"81","  Other services (except government and government enterprises) ","Thousands of dollars",163748,169393,152093,149536,146690,147606,152095,157763,154635,160397,158964,161610,169884,174260,179624,186519,200176,212134,227446,227855,248308,289624
 "28047","Harrison, MS",5,CAGDP2,83,"92","Government and government enterprises ","Thousands of dollars",1549033,1684837,1828386,1903904,1951230,1913876,2069311,2265067,2313512,2287849,2273316,2279855,2256832,2304350,2258291,2426061,2542305,2525495,2692850,2827830,3006112,3067040
 "28047","Harrison, MS",5,CAGDP2,87,"11,21","Natural resources and mining ","Thousands of dollars",4799,3618,2451,3602,4450,3943,2931,3464,(D),21800,(D),30310,22634,23046,19007,(D),14144,(D),6632,7873,6611,(D)
 "28047","Harrison, MS",5,CAGDP2,88,"42,44-45","Trade ","Thousands of dollars",624774,638168,705029,737661,795981,903819,902081,877812,827510,836736,843688,842347,891223,908242,935587,969873,990381,1006396,1065618,1125724,1319759,1395927
 "28047","Harrison, MS",5,CAGDP2,89,"22,48-49","Transportation and utilities ","Thousands of dollars",377133,410266,461170,410652,394478,449331,414791,458001,381720,407934,417969,372888,417576,462503,332965,308712,344459,354864,384231,371368,401133,(D)
 "28047","Harrison, MS",5,CAGDP2,90,"31-33,51","Manufacturing and information ","Thousands of dollars",528593,528997,606723,553960,602695,673459,745287,754543,(D),676448,679926,721514,743888,730894,647373,(D),610859,(D),556983,588790,679069,754107
 "28047","Harrison, MS",5,CAGDP2,91,"...","Private goods-producing industries 2/","Thousands of dollars",663497,616730,718656,736412,838648,1087671,1310734,1269075,1133242,987191,923218,889811,837262,813122,704339,667854,679247,717440,660451,711439,812799,(D)
 "28047","Harrison, MS",5,CAGDP2,92,"...","Private services-providing industries 3/","Thousands of dollars",3862760,4058976,4237171,4426790,4562468,4520197,5798695,5405418,5187161,5100927,4895775,4884551,5062669,5157342,5233858,5268661,5505418,5650572,5909170,5865011,6676159,(D)
 "28049","Hinds, MS",5,CAGDP2,1,"...","All industry total ","Thousands of dollars",9542933,9892289,10084168,10455539,10763640,11042720,10994086,11315980,11224035,11377175,11393959,11497435,11755629,11864195,12172073,12269325,12358888,12552581,12849829,12844597,13533046,14393648
 "28049","Hinds, MS",5,CAGDP2,2,"..."," Private industries ","Thousands of dollars",7617097,7906841,7974200,8251627,8478390,8709091,8439666,8627475,8382215,8468653,8413939,8484267,8616623,8632430,8860197,8920121,8976477,9133062,9334925,9262596,9885424,10667608
 "28049","Hinds, MS",5,CAGDP2,3,"11","  Agriculture, forestry, fishing and hunting ","Thousands of dollars",29504,14469,32279,54271,46198,18941,4501,3594,7909,22675,7012,(D),(D),(D),(D),41938,46964,58076,45418,54957,43735,49575
 "28049","Hinds, MS",5,CAGDP2,6,"21","  Mining, quarrying, and oil and gas extraction ","Thousands of dollars",41375,36090,38567,46971,42453,53543,77433,65038,52958,43343,45420,40822,39360,40128,31894,30088,43659,72251,81906,70769,47395,49724
 "28049","Hinds, MS",5,CAGDP2,10,"22","  Utilities ","Thousands of dollars",117761,149329,141411,148325,141074,160088,164089,160322,152633,186009,167408,152127,192953,232496,196629,243093,250593,245142,252672,180126,222913,225179
 "28049","Hinds, MS",5,CAGDP2,11,"23","  Construction ","Thousands of dollars",319198,334746,343592,357718,389114,410542,518163,463139,399516,330159,327361,294254,289585,302802,259962,238829,250077,211852,230818,252730,266185,276221
 "28049","Hinds, MS",5,CAGDP2,12,"31-33","  Manufacturing ","Thousands of dollars",567781,558225,600688,581140,527014,576946,543058,466078,428057,567050,528513,546352,537144,457429,489119,469574,513448,532275,543906,527205,593290,725353
 "28049","Hinds, MS",5,CAGDP2,13,"321,327-339","   Durable goods manufacturing ","Thousands of dollars",379404,370548,396489,396129,379344,431817,402107,314553,(D),408215,370225,384754,374859,306380,321874,312452,349040,363885,369126,361707,408521,504496
 "28049","Hinds, MS",5,CAGDP2,25,"311-316,322-326","   Nondurable goods manufacturing ","Thousands of dollars",188377,187677,204199,185012,147670,145129,140951,151526,(D),158835,158287,161598,162285,151048,167245,157122,164408,168389,174780,165498,184769,220857
 "28049","Hinds, MS",5,CAGDP2,34,"42","  Wholesale trade ","Thousands of dollars",546208,549614,562469,603396,646340,720877,760429,738543,669619,644092,645610,668636,678476,655032,668959,(D),652898,677766,698339,668363,708686,744132
 "28049","Hinds, MS",5,CAGDP2,35,"44-45","  Retail trade ","Thousands of dollars",764232,783793,801715,775325,780157,793889,672018,643606,593412,612690,643981,684361,731374,757425,762371,786216,754438,753634,735903,778365,898822,935994
 "28049","Hinds, MS",5,CAGDP2,36,"48-49","  Transportation and warehousing ","Thousands of dollars",187571,188127,182877,217162,214735,226168,224287,236259,244505,246949,255683,(D),(D),(D),(D),(D),276966,327080,357164,385198,402034,424148
 "28049","Hinds, MS",5,CAGDP2,45,"51","  Information ","Thousands of dollars",724971,696920,661426,689110,725218,672219,615516,653815,595394,531419,463275,405851,452228,438106,463200,461159,465504,441627,424231,409863,522969,568941
 "28049","Hinds, MS",5,CAGDP2,50,"52,53","  Finance, insurance, real estate, rental, and leasing ","Thousands of dollars",1686143,1841895,1804710,1859735,1986767,1899769,1505700,1691669,1731389,1774706,1821755,1909898,1885030,1962744,2097525,2085109,2057182,2063597,2078601,2170490,2232557,2336797
 "28049","Hinds, MS",5,CAGDP2,51,"52","   Finance and insurance ","Thousands of dollars",789607,802788,840221,829392,898116,846706,817456,718536,719679,702210,722900,734980,743380,826361,879991,896704,881946,919528,905928,945887,952236,957530
 "28049","Hinds, MS",5,CAGDP2,56,"53","   Real estate and rental and leasing ","Thousands of dollars",896536,1039107,964490,1030343,1088651,1053064,688243,973133,1011711,1072496,1098855,1174918,1141650,1136383,1217533,1188405,1175235,1144068,1172673,1224603,1280321,1379267
 "28049","Hinds, MS",5,CAGDP2,59,"54,55,56","  Professional and business services ","Thousands of dollars",1074489,1145637,1176674,1208669,1249321,1339992,1456118,1483626,1398786,1369181,1342782,1322046,1328608,1298864,1281853,1284092,1279674,1327825,1381169,1379742,1469240,1569039
 "28049","Hinds, MS",5,CAGDP2,60,"54","   Professional, scientific, and technical services ","Thousands of dollars",624288,667566,678667,699883,722791,765695,789446,852297,767740,712632,689956,676321,670842,691184,680175,661040,653407,654246,669633,649820,696947,787950
 "28049","Hinds, MS",5,CAGDP2,64,"55","   Management of companies and enterprises ","Thousands of dollars",237856,266190,275296,264764,277476,292675,361068,327601,324282,339795,321900,306761,311942,285862,283031,291481,290425,311457,346540,347030,339543,339279
 "28049","Hinds, MS",5,CAGDP2,65,"56","   Administrative and support and waste management and remediation services ","Thousands of dollars",212346,211882,222711,244023,249054,281622,305604,303727,306764,316755,330927,338964,345824,321818,318648,331571,335842,362122,364996,382892,432750,441810
 "28049","Hinds, MS",5,CAGDP2,68,"61,62","  Educational services, health care, and social assistance ","Thousands of dollars",996374,1052823,1093088,1160662,1174949,1271975,1337272,1451338,1542078,1564527,1573228,1598464,1595613,1606210,1663614,1714997,1727325,1754343,1814268,1768818,1815117,2005702
 "28049","Hinds, MS",5,CAGDP2,69,"61","   Educational services ","Thousands of dollars",113506,116897,125004,141190,148975,162403,167433,186446,209267,224916,217916,219630,220385,225020,224121,231462,229731,240885,239175,207286,198455,225152
 "28049","Hinds, MS",5,CAGDP2,70,"62","   Health care and social assistance ","Thousands of dollars",882867,935925,968083,1019472,1025975,1109572,1169839,1264892,1332811,1339611,1355311,1378835,1375228,1381190,1439493,1483535,1497595,1513458,1575093,1561532,1616663,1780550
 "28049","Hinds, MS",5,CAGDP2,75,"71,72","  Arts, entertainment, recreation, accommodation, and food services ","Thousands of dollars",282560,286669,287719,294189,301204,297397,295107,309225,305651,308944,318307,323390,320436,313310,338005,349040,350218,359898,378485,321562,371514,423089
 "28049","Hinds, MS",5,CAGDP2,76,"71","   Arts, entertainment, and recreation ","Thousands of dollars",60128,58457,59452,56792,55919,49926,56393,67011,67131,66170,68774,66330,61032,55455,62035,66677,67351,67491,68732,57478,68569,81569
 "28049","Hinds, MS",5,CAGDP2,79,"72","   Accommodation and food services ","Thousands of dollars",222432,228212,228267,237397,245285,247471,238714,242214,238521,242774,249533,257061,259404,257854,275970,282363,282866,292406,309752,264084,302946,341520
 "28049","Hinds, MS",5,CAGDP2,82,"81","  Other services (except government and government enterprises) ","Thousands of dollars",278928,268506,246986,254951,253846,266744,265975,261225,260306,266911,273603,278539,291352,297895,312917,304776,307531,307698,312046,294407,290965,333713
 "28049","Hinds, MS",5,CAGDP2,83,"92","Government and government enterprises ","Thousands of dollars",1925837,1985448,2109969,2203912,2285250,2333629,2554420,2688505,2841820,2908522,2980020,3013168,3139006,3231766,3311876,3349204,3382411,3419519,3514904,3582001,3647622,3726041
 "28049","Hinds, MS",5,CAGDP2,87,"11,21","Natural resources and mining ","Thousands of dollars",70880,50559,70846,101243,88651,72485,81934,68632,60867,66018,52432,(D),(D),(D),(D),72026,90623,130327,127324,125726,91130,99299
 "28049","Hinds, MS",5,CAGDP2,88,"42,44-45","Trade ","Thousands of dollars",1310440,1333407,1364184,1378721,1426497,1514766,1432447,1382148,1263032,1256782,1289591,1352996,1409850,1412457,1431331,(D),1407336,1431400,1434242,1446728,1607508,1680126
 "28049","Hinds, MS",5,CAGDP2,89,"22,48-49","Transportation and utilities ","Thousands of dollars",305332,337456,324288,365488,355808,386256,388377,396580,397139,432959,423091,(D),(D),(D),(D),(D),527558,572222,609836,565325,624946,649327
 "28049","Hinds, MS",5,CAGDP2,90,"31-33,51","Manufacturing and information ","Thousands of dollars",1292752,1255145,1262113,1270251,1252232,1249166,1158574,1119893,1023451,1098468,991788,952203,989371,895535,952319,930733,978953,973902,968137,937068,1116259,1294295
 "28049","Hinds, MS",5,CAGDP2,91,"...","Private goods-producing industries 2/","Thousands of dollars",957858,943530,1015125,1040101,1004778,1059973,1143155,997849,888440,963226,908306,(D),(D),(D),(D),780429,854148,874453,902048,905661,950606,1100873
 "28049","Hinds, MS",5,CAGDP2,92,"...","Private services-providing industries 3/","Thousands of dollars",6659238,6963311,6959075,7211526,7473612,7649118,7296511,7629626,7493775,7505428,7505633,(D),(D),(D),(D),8139692,8122328,8258609,8432878,8356935,8934818,9566735
 "28051","Holmes, MS",5,CAGDP2,1,"...","All industry total ","Thousands of dollars",203372,199970,230718,251939,268809,282228,290116,272235,267700,296842,329648,282060,327166,278368,283480,278826,291296,302882,294084,297332,314617,331262
 "28051","Holmes, MS",5,CAGDP2,2,"..."," Private industries ","Thousands of dollars",156157,148778,176850,195022,208760,220341,222444,200751,194623,223299,256545,210827,257747,206822,211897,201313,208431,220743,209701,211696,227520,239628
 "28051","Holmes, MS",5,CAGDP2,3,"11","  Agriculture, forestry, fishing and hunting ","Thousands of dollars",12066,3925,16321,24484,21737,18080,28390,3588,2639,9089,30454,4391,39443,5611,5851,4921,5705,5555,5171,4528,4836,5070
 "28051","Holmes, MS",5,CAGDP2,6,"21","  Mining, quarrying, and oil and gas extraction ","Thousands of dollars",3487,3529,3487,4238,3850,4089,6979,4905,4359,2989,3037,1798,1453,0,0,0,0,0,0,0,8013,9141
 "28051","Holmes, MS",5,CAGDP2,10,"22","  Utilities ","Thousands of dollars",685,627,612,849,805,(D),702,621,613,604,595,533,532,632,(D),(D),647,753,724,1391,1495,1378
 "28051","Holmes, MS",5,CAGDP2,11,"23","  Construction ","Thousands of dollars",4255,3186,5035,4753,5688,5546,7168,6642,8543,8545,8991,7060,6091,6286,6614,7235,6829,5904,6061,5506,5761,4420
 "28051","Holmes, MS",5,CAGDP2,12,"31-33","  Manufacturing ","Thousands of dollars",18123,20127,26500,32924,37277,46568,48326,44927,32197,51854,50477,41182,61701,48618,47411,49001,53002,56247,51940,41838,48018,54280
 "28051","Holmes, MS",5,CAGDP2,13,"321,327-339","   Durable goods manufacturing ","Thousands of dollars",12131,13734,20903,26066,(D),(D),(D),(D),(D),(D),(D),(D),53229,39760,(D),(D),(D),47817,43911,35591,41949,47575
 "28051","Holmes, MS",5,CAGDP2,25,"311-316,322-326","   Nondurable goods manufacturing ","Thousands of dollars",5992,6393,5597,6858,(D),(D),(D),(D),(D),(D),(D),(D),8472,8858,(D),(D),(D),8430,8028,6247,6069,6705
 "28051","Holmes, MS",5,CAGDP2,34,"42","  Wholesale trade ","Thousands of dollars",4493,4213,3932,3770,3694,3461,3195,3368,3369,3780,3878,3804,3505,3452,3939,4125,4733,(D),(D),(D),(D),(D)
 "28051","Holmes, MS",5,CAGDP2,35,"44-45","  Retail trade ","Thousands of dollars",22790,23361,24423,25048,28192,30331,28439,25809,24122,23980,23022,21545,23131,22227,23836,22982,23239,23947,24980,26772,28728,30003
 "28051","Holmes, MS",5,CAGDP2,36,"48-49","  Transportation and warehousing ","Thousands of dollars",4200,4456,4969,5685,5436,5115,5544,3817,2840,3247,4239,4088,3322,2692,2900,2586,3533,3988,4096,4838,(D),6735
 "28051","Holmes, MS",5,CAGDP2,45,"51","  Information ","Thousands of dollars",(D),(D),(D),(D),(D),(D),(D),(D),(D),(D),(D),(D),(D),1148,605,(D),(D),(D),(D),(D),(D),(D)
 "28051","Holmes, MS",5,CAGDP2,50,"52,53","  Finance, insurance, real estate, rental, and leasing ","Thousands of dollars",48432,51435,52294,53185,58839,58608,39730,51795,55998,57341,67530,62718,60828,61579,64717,56201,60357,67791,63475,74222,68973,64843
 "28051","Holmes, MS",5,CAGDP2,51,"52","   Finance and insurance ","Thousands of dollars",14101,14316,14058,14842,16241,16739,17937,18142,17485,16447,16441,16549,21510,17659,17940,14475,14904,15717,16790,20398,16560,12843
 "28051","Holmes, MS",5,CAGDP2,56,"53","   Real estate and rental and leasing ","Thousands of dollars",34331,37119,38236,38343,42598,41869,21793,33653,38513,40894,51089,46170,39318,43920,46777,41726,45453,52074,46685,53824,52412,52000
 "28051","Holmes, MS",5,CAGDP2,59,"54,55,56","  Professional and business services ","Thousands of dollars",5840,5143,9342,9834,11568,11735,17382,17110,18101,16383,16389,17094,15573,(D),15525,15612,(D),(D),(D),(D),(D),(D)
 "28051","Holmes, MS",5,CAGDP2,60,"54","   Professional, scientific, and technical services ","Thousands of dollars",4546,4534,(D),5600,5485,5242,9416,8469,9028,8294,(D),8607,(D),8914,(D),(D),9820,9372,10602,10095,10900,10203
 "28051","Holmes, MS",5,CAGDP2,64,"55","   Management of companies and enterprises ","Thousands of dollars",(D),(D),(D),0,0,0,0,0,0,0,0,0,0,(D),(D),(D),(D),(D),(D),(D),0,0
 "28051","Holmes, MS",5,CAGDP2,65,"56","   Administrative and support and waste management and remediation services ","Thousands of dollars",(D),(D),(D),4233,6083,6493,7966,8641,9073,8089,(D),8486,(D),(D),5117,5403,555,526,590,588,(D),(D)
 "28051","Holmes, MS",5,CAGDP2,68,"61,62","  Educational services, health care, and social assistance ","Thousands of dollars",18970,15679,17694,16405,17656,18951,19226,20145,22953,24612,26986,26515,24505,22745,22940,(D),23405,23635,22433,22052,24722,31069
 "28051","Holmes, MS",5,CAGDP2,69,"61","   Educational services ","Thousands of dollars",3346,(D),(D),(D),(D),3262,(D),(D),(D),(D),(D),(D),(D),(D),(D),(D),(D),(D),(D),(D),3132,(D)
 "28051","Holmes, MS",5,CAGDP2,70,"62","   Health care and social assistance ","Thousands of dollars",15624,(D),(D),(D),(D),15690,(D),(D),(D),(D),(D),(D),(D),(D),(D),(D),(D),(D),(D),(D),21590,(D)
 "28051","Holmes, MS",5,CAGDP2,75,"71,72","  Arts, entertainment, recreation, accommodation, and food services ","Thousands of dollars",1927,2475,2311,3034,2839,(D),(D),(D),(D),(D),(D),(D),(D),(D),(D),3175,2958,2989,3429,(D),3995,4583
 "28051","Holmes, MS",5,CAGDP2,76,"71","   Arts, entertainment, and recreation ","Thousands of dollars",(D),(D),(D),(D),(D),(D),(D),(D),(D),(D),(D),(D),(D),(D),(D),(D),(D),(D),(D),(D),(D),(D)
 "28051","Holmes, MS",5,CAGDP2,79,"72","   Accommodation and food services ","Thousands of dollars",(D),(D),(D),(D),(D),(D),2430,2453,2831,3067,3239,2976,2856,(D),(D),(D),(D),(D),(D),(D),(D),(D)
 "28051","Holmes, MS",5,CAGDP2,82,"81","  Other services (except government and government enterprises) ","Thousands of dollars",(D),(D),(D),(D),(D),12309,12232,11953,12445,14305,14713,14781,13302,12801,14012,12599,12310,14099,10164,10400,9323,10347
 "28051","Holmes, MS",5,CAGDP2,83,"92","Government and government enterprises ","Thousands of dollars",47215,51192,53869,56917,60049,61887,67673,71484,73077,73543,73103,71233,69419,71545,71583,77513,82865,82139,84383,85636,87098,91634
 "28051","Holmes, MS",5,CAGDP2,87,"11,21","Natural resources and mining ","Thousands of dollars",15553,7453,19808,28722,25586,22169,35369,8493,6999,12078,33491,6189,40896,5611,5851,4921,5705,5555,5171,4528,12849,14211
 "28051","Holmes, MS",5,CAGDP2,88,"42,44-45","Trade ","Thousands of dollars",27284,27574,28355,28818,31886,33792,31634,29176,27492,27760,26900,25349,26635,25679,27775,27107,27972,(D),(D),(D),(D),(D)
 "28051","Holmes, MS",5,CAGDP2,89,"22,48-49","Transportation and utilities ","Thousands of dollars",4885,5083,5581,6534,6241,(D),6246,4438,3453,3852,4834,4621,3855,3324,(D),(D),4180,4741,4820,6229,(D),8113
 "28051","Holmes, MS",5,CAGDP2,90,"31-33,51","Manufacturing and information ","Thousands of dollars",(D),(D),(D),(D),(D),(D),(D),(D),(D),(D),(D),(D),(D),49767,48016,(D),(D),(D),(D),(D),(D),(D)
 "28051","Holmes, MS",5,CAGDP2,91,"...","Private goods-producing industries 2/","Thousands of dollars",37931,30766,51343,66400,68551,74283,90863,60063,47739,72477,92959,54431,108688,60516,59876,61157,65535,67706,63171,51872,66628,72911
 "28051","Holmes, MS",5,CAGDP2,92,"...","Private services-providing industries 3/","Thousands of dollars",118227,118011,125507,128623,140209,146059,131581,140689,146884,150822,163587,156396,149059,146307,152021,140156,142896,153037,146530,159824,160892,166717
 "28053","Humphreys, MS",5,CAGDP2,1,"...","All industry total ","Thousands of dollars",177305,156080,179269,196317,170512,178827,183443,169665,171826,196095,236110,157218,205778,164078,164099,175586,179619,178349,192308,200489,233088,211952
 "28053","Humphreys, MS",5,CAGDP2,2,"..."," Private industries ","Thousands of dollars",153853,131280,153761,171024,143158,150691,150245,139649,146370,170183,210816,132216,180627,139102,137997,149215,153288,151496,163291,170299,202059,180954
 "28053","Humphreys, MS",5,CAGDP2,3,"11","  Agriculture, forestry, fishing and hunting ","Thousands of dollars",26829,4542,28092,51088,30445,27134,33140,(D),4179,28082,79851,4780,45373,4325,4260,18439,21162,13902,22420,25875,46855,11644
 "28053","Humphreys, MS",5,CAGDP2,6,"21","  Mining, quarrying, and oil and gas extraction ","Thousands of dollars",0,0,0,0,0,0,0,0,0,0,0,0,0,0,0,0,0,0,0,0,0,0
 "28053","Humphreys, MS",5,CAGDP2,10,"22","  Utilities ","Thousands of dollars",714,709,674,649,704,734,672,646,700,767,669,583,675,723,700,854,833,970,980,647,757,805
 "28053","Humphreys, MS",5,CAGDP2,11,"23","  Construction ","Thousands of dollars",3986,(D),(D),(D),(D),(D),(D),(D),(D),(D),(D),(D),4840,5452,4813,5459,3942,3695,2370,1782,1162,1400
 "28053","Humphreys, MS",5,CAGDP2,12,"31-33","  Manufacturing ","Thousands of dollars",38920,(D),(D),(D),(D),(D),(D),44608,(D),(D),(D),(D),28331,26030,27200,30653,34577,33406,34299,35227,33831,34984
 "28053","Humphreys, MS",5,CAGDP2,13,"321,327-339","   Durable goods manufacturing ","Thousands of dollars",(D),(D),(D),(D),(D),(D),(D),(D),(D),(D),(D),(D),(D),864,903,700,(D),(D),(D),(D),(D),(D)
 "28053","Humphreys, MS",5,CAGDP2,25,"311-316,322-326","   Nondurable goods manufacturing ","Thousands of dollars",(D),(D),(D),(D),(D),(D),(D),(D),(D),(D),(D),(D),(D),25165,26296,29953,(D),(D),(D),(D),(D),(D)
 "28053","Humphreys, MS",5,CAGDP2,34,"42","  Wholesale trade ","Thousands of dollars",4563,4419,4737,4980,4759,4567,4029,4220,4374,4999,(D),5768,(D),8774,(D),(D),(D),(D),(D),11913,19019,21485
 "28053","Humphreys, MS",5,CAGDP2,35,"44-45","  Retail trade ","Thousands of dollars",16797,16983,16687,14572,12757,11636,10035,10198,13199,15384,14415,13418,12549,11955,11552,10348,11067,11430,11150,11524,11523,11497
 "28053","Humphreys, MS",5,CAGDP2,36,"48-49","  Transportation and warehousing ","Thousands of dollars",3516,3674,3946,4171,3916,3934,4937,(D),(D),(D),(D),(D),(D),(D),(D),6303,6685,7928,(D),(D),(D),(D)
 "28053","Humphreys, MS",5,CAGDP2,45,"51","  Information ","Thousands of dollars",4105,3350,3471,3661,4065,4151,4636,5039,4925,4758,4347,3565,3205,2986,3488,3995,4531,5445,8176,8730,7056,6667
 "28053","Humphreys, MS",5,CAGDP2,50,"52,53","  Finance, insurance, real estate, rental, and leasing ","Thousands of dollars",29839,32439,29819,28901,29154,31227,22461,30023,32387,33418,33754,37348,41946,44221,43697,39922,37086,40501,41964,45634,52381,59475
 "28053","Humphreys, MS",5,CAGDP2,51,"52","   Finance and insurance ","Thousands of dollars",7648,10442,10404,11306,11851,11899,12764,12896,13059,13763,14041,14844,15155,16170,16956,12874,13492,14429,16978,18326,18270,23246
 "28053","Humphreys, MS",5,CAGDP2,56,"53","   Real estate and rental and leasing ","Thousands of dollars",22191,21997,19415,17594,17303,19327,9697,17127,19328,19655,19713,22504,26791,28052,26741,27048,23594,26071,24986,27308,34112,36229
 "28053","Humphreys, MS",5,CAGDP2,59,"54,55,56","  Professional and business services ","Thousands of dollars",6421,7778,7818,8176,8254,8273,8092,6357,7399,8932,9165,8774,8091,7766,7024,6125,5917,5379,4660,4353,4813,6014
 "28053","Humphreys, MS",5,CAGDP2,60,"54","   Professional, scientific, and technical services ","Thousands of dollars",(D),(D),(D),(D),(D),(D),(D),872,1348,(D),(D),(D),(D),(D),(D),(D),(D),1946,2238,1996,2322,(D)
 "28053","Humphreys, MS",5,CAGDP2,64,"55","   Management of companies and enterprises ","Thousands of dollars",(D),(D),(D),(D),(D),(D),(D),(D),(D),(D),(D),(D),(D),(D),(D),(D),(D),(D),(D),(D),(D),(D)
 "28053","Humphreys, MS",5,CAGDP2,65,"56","   Administrative and support and waste management and remediation services ","Thousands of dollars",2044,2132,1910,(D),1893,1875,1744,(D),(D),2014,2404,2455,2357,2239,1693,1461,1210,(D),(D),(D),(D),1042
 "28053","Humphreys, MS",5,CAGDP2,68,"61,62","  Educational services, health care, and social assistance ","Thousands of dollars",10316,9343,10300,11327,10790,11516,12626,19201,21862,21874,22354,16104,13501,12440,12261,11780,11193,12113,11765,10472,10143,10067
 "28053","Humphreys, MS",5,CAGDP2,69,"61","   Educational services ","Thousands of dollars",(D),(D),(D),(D),(D),(D),(D),(D),(D),(D),(D),(D),(D),(D),(D),(D),(D),(D),(D),(D),(D),(D)
 "28053","Humphreys, MS",5,CAGDP2,70,"62","   Health care and social assistance ","Thousands of dollars",(D),(D),(D),(D),(D),(D),(D),(D),(D),(D),(D),(D),(D),(D),(D),(D),(D),(D),(D),(D),(D),(D)
 "28053","Humphreys, MS",5,CAGDP2,75,"71,72","  Arts, entertainment, recreation, accommodation, and food services ","Thousands of dollars",2192,2047,2036,2426,2347,2481,2413,(D),(D),(D),2209,(D),2483,(D),2422,(D),(D),(D),2310,(D),(D),(D)
 "28053","Humphreys, MS",5,CAGDP2,76,"71","   Arts, entertainment, and recreation ","Thousands of dollars",(D),(D),(D),(D),(D),(D),(D),(D),(D),(D),(D),(D),(D),(D),(D),(D),(D),(D),(D),(D),(D),(D)
 "28053","Humphreys, MS",5,CAGDP2,79,"72","   Accommodation and food services ","Thousands of dollars",(D),(D),(D),(D),(D),(D),(D),(D),(D),(D),(D),(D),(D),(D),(D),(D),(D),(D),(D),(D),(D),(D)
 "28053","Humphreys, MS",5,CAGDP2,82,"81","  Other services (except government and government enterprises) ","Thousands of dollars",5656,5862,5322,5354,5099,5070,4647,3855,3900,4731,5989,6814,6444,6330,6069,5645,5131,4858,5105,5031,4643,5452
 "28053","Humphreys, MS",5,CAGDP2,83,"92","Government and government enterprises ","Thousands of dollars",23452,24800,25508,25293,27354,28136,33198,30016,25456,25912,25294,25003,25150,24976,26102,26370,26331,26854,29017,30190,31029,30997
 "28053","Humphreys, MS",5,CAGDP2,87,"11,21","Natural resources and mining ","Thousands of dollars",26829,4542,28092,51088,30445,27134,33140,(D),4179,28082,79851,4780,45373,4325,4260,18439,21162,13902,22420,25875,46855,11644
 "28053","Humphreys, MS",5,CAGDP2,88,"42,44-45","Trade ","Thousands of dollars",21360,21401,21424,19551,17516,16202,14064,14418,17573,20384,(D),19185,(D),20729,(D),(D),(D),(D),(D),23437,30542,32982
 "28053","Humphreys, MS",5,CAGDP2,89,"22,48-49","Transportation and utilities ","Thousands of dollars",4230,4384,4620,4820,4620,4668,5609,(D),(D),(D),(D),(D),(D),(D),(D),7157,7518,8898,(D),(D),(D),(D)
 "28053","Humphreys, MS",5,CAGDP2,90,"31-33,51","Manufacturing and information ","Thousands of dollars",43025,(D),(D),(D),(D),(D),(D),49647,(D),(D),(D),(D),31536,29016,30688,34648,39108,38851,42475,43957,40887,41651
 "28053","Humphreys, MS",5,CAGDP2,91,"...","Private goods-producing industries 2/","Thousands of dollars",69734,44674,68951,86809,61314,67103,75696,52355,50448,68173,108301,32607,78545,35807,36273,54551,59682,51003,59089,62884,81849,48029
 "28053","Humphreys, MS",5,CAGDP2,92,"...","Private services-providing industries 3/","Thousands of dollars",84119,86605,84810,84216,81844,83588,74548,87294,95921,102010,102515,99608,102083,103296,101724,94664,93606,100493,104202,107415,120210,132925
 "28055","Issaquena, MS",5,CAGDP2,1,"...","All industry total ","Thousands of dollars",24894,12614,26132,26426,31348,25445,37341,15107,16768,17722,27592,28242,31365,11806,11836,13786,14743,14753,22037,26695,32934,30007
 "28055","Issaquena, MS",5,CAGDP2,2,"..."," Private industries ","Thousands of dollars",21562,9042,22386,22413,27364,21447,33191,10620,12235,13460,23294,23955,27405,7718,7910,9547,10038,10291,17358,22617,29016,25612
 "28055","Issaquena, MS",5,CAGDP2,3,"11","  Agriculture, forestry, fishing and hunting ","Thousands of dollars",(D),(D),(D),(D),(D),(D),(D),(D),(D),(D),(D),(D),(D),(D),(D),(D),(D),(D),(D),(D),19323,14015
 "28055","Issaquena, MS",5,CAGDP2,6,"21","  Mining, quarrying, and oil and gas extraction ","Thousands of dollars",0,0,0,0,0,0,0,0,0,0,0,0,0,0,0,0,0,0,0,0,(D),0
 "28055","Issaquena, MS",5,CAGDP2,10,"22","  Utilities ","Thousands of dollars",32,40,36,34,23,18,6,0,6,20,0,0,0,2,0,8,15,31,27,0,0,0
 "28055","Issaquena, MS",5,CAGDP2,11,"23","  Construction ","Thousands of dollars",(D),(D),(D),(D),(D),(D),(D),(D),(D),(D),(D),(D),(D),(D),(D),(D),(D),(D),(D),(D),(D),(D)
 "28055","Issaquena, MS",5,CAGDP2,12,"31-33","  Manufacturing ","Thousands of dollars",0,0,0,109,88,23,0,0,0,0,0,0,75,0,0,0,0,2,24,11,717,(D)
 "28055","Issaquena, MS",5,CAGDP2,13,"321,327-339","   Durable goods manufacturing ","Thousands of dollars",0,0,0,5,12,14,0,0,0,0,0,0,75,0,0,0,0,1,0,1,11,30
 "28055","Issaquena, MS",5,CAGDP2,25,"311-316,322-326","   Nondurable goods manufacturing ","Thousands of dollars",0,0,0,104,76,9,0,0,0,0,0,0,0,0,0,0,0,1,24,10,706,(D)
 "28055","Issaquena, MS",5,CAGDP2,34,"42","  Wholesale trade ","Thousands of dollars",(D),(D),(D),(D),(D),(D),(D),(D),(D),(D),(D),(D),667,889,941,(D),(D),(D),(D),(D),(D),(D)
 "28055","Issaquena, MS",5,CAGDP2,35,"44-45","  Retail trade ","Thousands of dollars",155,164,214,128,(D),(D),(D),(D),(D),(D),(D),(D),(D),(D),(D),(D),(D),(D),(D),(D),48,53
 "28055","Issaquena, MS",5,CAGDP2,36,"48-49","  Transportation and warehousing ","Thousands of dollars",635,284,250,(D),(D),(D),(D),(D),(D),(D),(D),(D),(D),(D),(D),(D),(D),(D),(D),(D),(D),(D)
 "28055","Issaquena, MS",5,CAGDP2,45,"51","  Information ","Thousands of dollars",5,5,2,0,0,0,0,0,0,0,0,0,0,(D),(D),(D),0,0,0,0,0,0
 "28055","Issaquena, MS",5,CAGDP2,50,"52,53","  Finance, insurance, real estate, rental, and leasing ","Thousands of dollars",4745,4797,4014,3964,4438,4332,2335,3675,4056,4305,5317,2753,3251,3494,3442,3579,3086,3589,(D),3369,4082,(D)
 "28055","Issaquena, MS",5,CAGDP2,51,"52","   Finance and insurance ","Thousands of dollars",(D),(D),(D),(D),(D),(D),(D),(D),(D),(D),(D),(D),(D),(D),(D),(D),(D),(D),(D),(D),(D),(D)
 "28055","Issaquena, MS",5,CAGDP2,56,"53","   Real estate and rental and leasing ","Thousands of dollars",(D),(D),(D),(D),(D),(D),(D),(D),(D),(D),(D),(D),(D),(D),(D),(D),(D),(D),3055,(D),(D),3990
 "28055","Issaquena, MS",5,CAGDP2,59,"54,55,56","  Professional and business services ","Thousands of dollars",451,284,309,389,444,536,572,696,830,944,1080,950,826,708,893,1025,1050,1305,1130,965,1169,1279
 "28055","Issaquena, MS",5,CAGDP2,60,"54","   Professional, scientific, and technical services ","Thousands of dollars",(D),(D),(D),(D),(D),(D),(D),(D),(D),(D),(D),(D),(D),(D),(D),(D),(D),(D),(D),(D),(D),(D)
 "28055","Issaquena, MS",5,CAGDP2,64,"55","   Management of companies and enterprises ","Thousands of dollars",0,0,0,0,0,0,0,0,0,0,0,0,0,0,0,0,0,0,0,0,0,0
 "28055","Issaquena, MS",5,CAGDP2,65,"56","   Administrative and support and waste management and remediation services ","Thousands of dollars",(D),(D),(D),(D),(D),(D),(D),(D),(D),(D),(D),(D),(D),(D),(D),(D),(D),(D),(D),(D),(D),(D)
 "28055","Issaquena, MS",5,CAGDP2,68,"61,62","  Educational services, health care, and social assistance ","Thousands of dollars",(D),(D),(D),(D),(D),(D),(D),(D),(D),(D),(D),(D),(D),(D),(D),(D),(D),(D),(D),(D),537,(D)
 "28055","Issaquena, MS",5,CAGDP2,69,"61","   Educational services ","Thousands of dollars",5,5,3,8,17,18,18,39,68,96,82,51,42,24,18,8,0,2,2,6,6,6
 "28055","Issaquena, MS",5,CAGDP2,70,"62","   Health care and social assistance ","Thousands of dollars",(D),(D),(D),(D),(D),(D),(D),(D),(D),(D),(D),(D),(D),(D),(D),(D),(D),(D),(D),(D),531,(D)
 "28055","Issaquena, MS",5,CAGDP2,75,"71,72","  Arts, entertainment, recreation, accommodation, and food services ","Thousands of dollars",(D),(D),(D),(D),(D),(D),(D),(D),(D),(D),(D),89,77,55,46,23,30,0,(D),(D),(D),574
 "28055","Issaquena, MS",5,CAGDP2,76,"71","   Arts, entertainment, and recreation ","Thousands of dollars",(D),(D),(D),(D),(D),(D),(D),(D),(D),(D),(D),13,31,24,17,7,12,0,3,24,293,562
 "28055","Issaquena, MS",5,CAGDP2,79,"72","   Accommodation and food services ","Thousands of dollars",20,21,31,158,172,158,78,81,135,120,108,76,46,31,29,16,18,0,(D),(D),(D),12
 "28055","Issaquena, MS",5,CAGDP2,82,"81","  Other services (except government and government enterprises) ","Thousands of dollars",(D),(D),(D),(D),(D),(D),(D),(D),(D),(D),(D),(D),(D),(D),(D),(D),(D),(D),(D),(D),(D),(D)
 "28055","Issaquena, MS",5,CAGDP2,83,"92","Government and government enterprises ","Thousands of dollars",3332,3572,3745,4013,3984,3998,4150,4486,4533,4262,4298,4287,3959,4088,3926,4239,4705,4462,4679,4078,3918,4395
 "28055","Issaquena, MS",5,CAGDP2,87,"11,21","Natural resources and mining ","Thousands of dollars",(D),(D),(D),(D),(D),(D),(D),(D),(D),(D),(D),(D),(D),(D),(D),(D),(D),(D),(D),(D),(D),14015
 "28055","Issaquena, MS",5,CAGDP2,88,"42,44-45","Trade ","Thousands of dollars",(D),(D),(D),(D),1418,1398,1368,1252,1125,1029,1120,1158,(D),(D),(D),1333,1619,1532,1562,1040,(D),(D)
 "28055","Issaquena, MS",5,CAGDP2,89,"22,48-49","Transportation and utilities ","Thousands of dollars",667,324,286,(D),(D),(D),(D),(D),(D),(D),(D),(D),(D),(D),(D),(D),(D),(D),(D),(D),(D),(D)
 "28055","Issaquena, MS",5,CAGDP2,90,"31-33,51","Manufacturing and information ","Thousands of dollars",5,5,2,109,88,23,0,0,0,0,0,0,75,(D),(D),(D),0,2,24,11,717,(D)
 "28055","Issaquena, MS",5,CAGDP2,91,"...","Private goods-producing industries 2/","Thousands of dollars",13613,(D),(D),14740,18624,12573,26164,(D),(D),(D),13398,(D),(D),(D),(D),1494,2041,1747,(D),(D),(D),(D)
 "28055","Issaquena, MS",5,CAGDP2,92,"...","Private services-providing industries 3/","Thousands of dollars",7949,(D),(D),7673,8740,8873,7027,(D),(D),(D),9896,(D),(D),(D),(D),8053,7998,8544,(D),(D),(D),(D)
 "28057","Itawamba, MS",5,CAGDP2,1,"...","All industry total ","Thousands of dollars",308437,312766,312018,331307,371694,398652,441788,423881,387990,402377,444043,496187,497411,549284,563187,564038,563953,569846,577680,605603,617991,666804
 "28057","Itawamba, MS",5,CAGDP2,2,"..."," Private industries ","Thousands of dollars",264008,265669,262504,280740,314276,338628,373825,351018,312242,327864,369029,421250,425921,477715,490736,489892,489236,494721,500820,528560,537994,582384
 "28057","Itawamba, MS",5,CAGDP2,3,"11","  Agriculture, forestry, fishing and hunting ","Thousands of dollars",15645,18371,17222,22324,17632,12632,13232,16104,13170,10713,10893,16829,14633,11305,8807,8465,10289,9227,9397,13534,14413,11711
 "28057","Itawamba, MS",5,CAGDP2,6,"21","  Mining, quarrying, and oil and gas extraction ","Thousands of dollars",2096,3369,4002,5993,5019,5301,7805,6591,4421,2187,1985,1426,1166,605,419,238,0,0,0,0,0,0
 "28057","Itawamba, MS",5,CAGDP2,10,"22","  Utilities ","Thousands of dollars",2506,2319,2420,2692,2859,2988,3834,4178,4219,4258,4439,4134,4957,(D),5911,6314,6806,6031,6324,6190,6321,6155
 "28057","Itawamba, MS",5,CAGDP2,11,"23","  Construction ","Thousands of dollars",39406,40396,38337,35796,42541,49653,42714,59122,48162,45313,39344,39668,39623,42891,40905,36440,36985,39007,40002,39143,41229,41948
 "28057","Itawamba, MS",5,CAGDP2,12,"31-33","  Manufacturing ","Thousands of dollars",68070,63148,58170,67321,92077,100971,169926,110430,77412,92287,128898,147601,142672,170600,190594,191960,199838,189336,193668,205406,201947,226239
 "28057","Itawamba, MS",5,CAGDP2,13,"321,327-339","   Durable goods manufacturing ","Thousands of dollars",66592,(D),56000,64509,88657,96884,166695,106017,74317,88896,125322,142146,132642,156544,176642,179370,191476,180962,182645,195143,190728,214055
 "28057","Itawamba, MS",5,CAGDP2,25,"311-316,322-326","   Nondurable goods manufacturing ","Thousands of dollars",1478,(D),2170,2812,3420,4087,3231,4413,3095,3391,3576,5455,10030,14056,13952,12590,8362,8374,11024,10263,11219,12184
 "28057","Itawamba, MS",5,CAGDP2,34,"42","  Wholesale trade ","Thousands of dollars",15580,15795,16840,17721,18536,17442,17675,16932,13170,12815,12383,13462,18140,18985,16606,15638,14532,13516,13635,13979,15541,17183
 "28057","Itawamba, MS",5,CAGDP2,35,"44-45","  Retail trade ","Thousands of dollars",23270,24902,27060,27132,25834,26822,26183,27646,27578,28634,28629,30823,34050,37187,39477,37842,37707,38098,40491,43231,47635,50142
 "28057","Itawamba, MS",5,CAGDP2,36,"48-49","  Transportation and warehousing ","Thousands of dollars",(D),(D),(D),(D),(D),15315,13675,12292,12254,13313,15822,16752,17575,18906,20093,21518,24790,29002,24924,23877,24959,29037
 "28057","Itawamba, MS",5,CAGDP2,45,"51","  Information ","Thousands of dollars",(D),(D),(D),870,(D),(D),(D),3783,3562,2678,2634,5387,7404,8918,4022,4982,(D),5050,4476,4231,4589,(D)
 "28057","Itawamba, MS",5,CAGDP2,50,"52,53","  Finance, insurance, real estate, rental, and leasing ","Thousands of dollars",54239,54286,54279,51153,54179,62415,30757,46790,59485,65391,71429,91063,91066,107554,106787,104967,88200,100051,100698,109546,107013,111199
 "28057","Itawamba, MS",5,CAGDP2,51,"52","   Finance and insurance ","Thousands of dollars",11114,8968,11280,11315,12765,11537,12898,12538,12446,12952,13383,13930,14763,18085,19136,18935,17825,18566,19418,17684,20112,19705
 "28057","Itawamba, MS",5,CAGDP2,56,"53","   Real estate and rental and leasing ","Thousands of dollars",43125,45319,42999,39838,41414,50878,17859,34252,47039,52438,58047,77133,76303,89469,87652,86032,70375,81485,81280,91861,86900,91494
 "28057","Itawamba, MS",5,CAGDP2,59,"54,55,56","  Professional and business services ","Thousands of dollars",5869,4729,4583,5038,5760,6023,6517,7591,6181,5847,7004,7707,8272,8195,7993,8704,9259,9252,8902,11802,11224,12238
 "28057","Itawamba, MS",5,CAGDP2,60,"54","   Professional, scientific, and technical services ","Thousands of dollars",1841,1802,1668,1795,1810,1805,(D),(D),(D),2178,2665,2731,3065,3408,3785,4179,4625,4479,4237,(D),(D),6104
 "28057","Itawamba, MS",5,CAGDP2,64,"55","   Management of companies and enterprises ","Thousands of dollars",0,0,0,0,0,0,(D),(D),(D),(D),0,0,0,0,0,0,0,0,0,(D),(D),(D)
 "28057","Itawamba, MS",5,CAGDP2,65,"56","   Administrative and support and waste management and remediation services ","Thousands of dollars",4028,2926,2915,3243,3950,4219,4665,4511,(D),(D),4338,4976,5207,4787,4208,4524,4634,4774,4665,4270,5228,(D)
 "28057","Itawamba, MS",5,CAGDP2,68,"61,62","  Educational services, health care, and social assistance ","Thousands of dollars",12145,13013,14061,(D),16614,17003,18905,21211,23798,24793,24925,23632,22821,(D),24694,26856,27842,27548,28211,28627,31034,34309
 "28057","Itawamba, MS",5,CAGDP2,69,"61","   Educational services ","Thousands of dollars",100,103,82,(D),(D),(D),525,(D),(D),(D),(D),(D),(D),(D),658,627,882,530,408,129,57,54
 "28057","Itawamba, MS",5,CAGDP2,70,"62","   Health care and social assistance ","Thousands of dollars",12045,12910,13979,(D),(D),(D),18380,(D),(D),(D),(D),(D),(D),(D),24035,26229,26960,27018,27803,28498,30977,34255
 "28057","Itawamba, MS",5,CAGDP2,75,"71,72","  Arts, entertainment, recreation, accommodation, and food services ","Thousands of dollars",4564,4766,5068,6427,6715,6968,7444,7784,8188,8620,9549,10768,11142,11684,12169,13286,13400,14095,14866,13462,16085,18747
 "28057","Itawamba, MS",5,CAGDP2,76,"71","   Arts, entertainment, and recreation ","Thousands of dollars",555,675,726,839,891,727,510,549,578,570,733,855,881,654,647,773,663,708,876,888,1145,1564
 "28057","Itawamba, MS",5,CAGDP2,79,"72","   Accommodation and food services ","Thousands of dollars",4009,4090,4342,5589,5824,6241,6934,7236,7610,8049,8816,9913,10261,11030,11522,12513,12737,13386,13991,12574,14940,17183
 "28057","Itawamba, MS",5,CAGDP2,82,"81","  Other services (except government and government enterprises) ","Thousands of dollars",(D),(D),(D),11239,(D),(D),(D),10564,10642,11016,11093,11998,12399,12252,12258,12683,(D),14507,15225,15531,16003,(D)
 "28057","Itawamba, MS",5,CAGDP2,83,"92","Government and government enterprises ","Thousands of dollars",44428,47098,49514,50567,57418,60024,67964,72863,75747,74513,75014,74937,71491,71569,72451,74146,74717,75125,76860,77043,79997,84420
 "28057","Itawamba, MS",5,CAGDP2,87,"11,21","Natural resources and mining ","Thousands of dollars",17741,21739,21223,28316,22651,17933,21037,22694,17591,12900,12879,18255,15799,11909,9226,8703,10289,9227,9397,13534,14413,11711
 "28057","Itawamba, MS",5,CAGDP2,88,"42,44-45","Trade ","Thousands of dollars",38849,40697,43900,44852,44370,44264,43859,44578,40748,41449,41013,44285,52190,56172,56083,53479,52238,51614,54126,57210,63176,67325
 "28057","Itawamba, MS",5,CAGDP2,89,"22,48-49","Transportation and utilities ","Thousands of dollars",(D),(D),(D),(D),(D),18304,17510,16471,16474,17571,20261,20885,22532,(D),26004,27832,31596,35033,31248,30067,31281,35192
 "28057","Itawamba, MS",5,CAGDP2,90,"31-33,51","Manufacturing and information ","Thousands of dollars",(D),(D),(D),68192,(D),(D),(D),114213,80974,94965,131533,152988,150076,179518,194616,196942,(D),194386,198145,209637,206536,(D)
 "28057","Itawamba, MS",5,CAGDP2,91,"...","Private goods-producing industries 2/","Thousands of dollars",125217,125283,117730,131433,157270,168556,233676,192246,143165,150499,181121,205525,198094,225400,240725,237103,247113,237571,243067,258083,257589,279898
 "28057","Itawamba, MS",5,CAGDP2,92,"...","Private services-providing industries 3/","Thousands of dollars",138791,140386,144774,149306,157006,170072,140148,158772,169077,177365,187908,215725,227826,252315,250011,252789,242123,257151,257753,270477,280405,302486
 "28059","Jackson, MS",5,CAGDP2,1,"...","All industry total ","Thousands of dollars",3435181,3292746,4010294,4057490,4752087,5597421,7056931,6108079,5713306,6088202,6402290,7303505,5876724,6896343,6698107,6593363,6757309,7007355,6993848,6826605,8004636,9600621
 "28059","Jackson, MS",5,CAGDP2,2,"..."," Private industries ","Thousands of dollars",2866331,2697184,3349163,3369622,4073797,4987500,6390127,5357192,4902639,5297820,5579082,6494554,5057899,6037429,5828741,5711945,5847651,6078499,6059919,5889616,6961364,8459051
 "28059","Jackson, MS",5,CAGDP2,3,"11","  Agriculture, forestry, fishing and hunting ","Thousands of dollars",3597,3992,2943,2016,1734,1001,1286,1636,2034,12412,14086,16920,11742,12763,12905,11250,10064,32323,31136,36762,32312,34146
 "28059","Jackson, MS",5,CAGDP2,6,"21","  Mining, quarrying, and oil and gas extraction ","Thousands of dollars",669,905,234,1054,2296,3660,8722,39947,23313,13907,10316,8913,7965,7160,7758,5918,4003,3372,3341,6948,8343,8848
 "28059","Jackson, MS",5,CAGDP2,10,"22","  Utilities ","Thousands of dollars",572978,352526,310737,424753,378822,454625,408144,429364,491784,497465,483807,463571,485987,566294,487925,437959,483818,486836,483397,482565,580561,638737
 "28059","Jackson, MS",5,CAGDP2,11,"23","  Construction ","Thousands of dollars",186824,191018,182673,140766,175866,251540,305187,535196,499970,415981,337620,296320,424806,298684,312843,298042,247162,283159,277172,257882,283909,308970
 "28059","Jackson, MS",5,CAGDP2,12,"31-33","  Manufacturing ","Thousands of dollars",750779,769658,1411399,1270632,1842131,2423278,2591466,1934341,1576186,2059023,2320822,3583704,1988723,2911447,2714312,2549845,2785066,2974432,2892124,2719717,3198437,4198295
 "28059","Jackson, MS",5,CAGDP2,13,"321,327-339","   Durable goods manufacturing ","Thousands of dollars",(D),(D),(D),(D),(D),(D),(D),(D),(D),(D),(D),(D),1046949,1150340,1148430,1331869,1245043,1330178,1245367,1493310,1544320,1690716
 "28059","Jackson, MS",5,CAGDP2,25,"311-316,322-326","   Nondurable goods manufacturing ","Thousands of dollars",(D),(D),(D),(D),(D),(D),(D),(D),(D),(D),(D),(D),941774,1761107,1565882,1217976,1540023,1644254,1646757,1226407,1654116,2507580
 "28059","Jackson, MS",5,CAGDP2,34,"42","  Wholesale trade ","Thousands of dollars",45503,43027,40682,45102,43470,46511,49007,54928,58068,67039,68155,73573,74718,73861,77748,72748,70451,71674,75470,74421,75620,79147
 "28059","Jackson, MS",5,CAGDP2,35,"44-45","  Retail trade ","Thousands of dollars",230511,223072,227954,221086,232422,269771,279650,280314,259992,230479,238691,256460,247197,243280,284660,320424,315268,271295,240413,245030,286943,306195
 "28059","Jackson, MS",5,CAGDP2,36,"48-49","  Transportation and warehousing ","Thousands of dollars",60432,51289,60137,81912,107311,121289,124516,130304,122881,143551,143759,112451,98765,108745,101147,91977,99875,101222,106259,107877,104083,119916
 "28059","Jackson, MS",5,CAGDP2,45,"51","  Information ","Thousands of dollars",53971,85686,96058,110523,121801,109560,91003,86598,79045,73505,65843,75886,95994,102665,119479,124551,122471,118030,129827,127973,141632,141152
 "28059","Jackson, MS",5,CAGDP2,50,"52,53","  Finance, insurance, real estate, rental, and leasing ","Thousands of dollars",424431,459601,483640,502903,558708,618700,1793097,1035958,978884,895338,1056374,727509,722888,788823,743390,841584,730773,737128,815176,853426,1152448,1393325
 "28059","Jackson, MS",5,CAGDP2,51,"52","   Finance and insurance ","Thousands of dollars",101077,107281,118328,118920,155397,185749,157052,140554,127191,128105,121744,140615,145947,168515,167444,168801,159568,160685,166618,176492,190973,195251
 "28059","Jackson, MS",5,CAGDP2,56,"53","   Real estate and rental and leasing ","Thousands of dollars",323354,352320,365311,383983,403311,432951,1636046,895404,851692,767233,934630,586894,576941,620308,575946,672783,571205,576443,648558,676935,961475,1198073
 "28059","Jackson, MS",5,CAGDP2,59,"54,55,56","  Professional and business services ","Thousands of dollars",225022,190326,201942,207706,256512,301373,322315,383603,360451,429512,377855,382833,392652,413417,432947,401530,408484,410840,403763,399088,444046,519600
 "28059","Jackson, MS",5,CAGDP2,60,"54","   Professional, scientific, and technical services ","Thousands of dollars",153064,117241,(D),(D),150878,163122,(D),237907,227355,219979,200572,192958,196635,194112,219596,219696,226767,238390,228782,205229,220570,256467
 "28059","Jackson, MS",5,CAGDP2,64,"55","   Management of companies and enterprises ","Thousands of dollars",4152,2619,(D),(D),5043,7303,(D),10313,12641,12158,36512,43402,41080,42523,47940,40296,35716,32364,39121,53242,63306,75202
 "28059","Jackson, MS",5,CAGDP2,65,"56","   Administrative and support and waste management and remediation services ","Thousands of dollars",67806,70465,82216,71014,100590,130947,126852,135383,120454,197375,140771,146472,154937,176782,165410,141538,146001,140086,135859,140617,160171,187931
 "28059","Jackson, MS",5,CAGDP2,68,"61,62","  Educational services, health care, and social assistance ","Thousands of dollars",146076,153845,160995,176705,164511,175615,198313,218499,224501,236331,237503,247955,255266,260423,274326,284045,286679,295782,304405,292430,324469,337364
 "28059","Jackson, MS",5,CAGDP2,69,"61","   Educational services ","Thousands of dollars",1551,1744,1916,2283,2065,2384,3119,3884,3969,5107,4932,8532,11669,10545,11097,14157,13357,15331,12368,8461,13895,16449
 "28059","Jackson, MS",5,CAGDP2,70,"62","   Health care and social assistance ","Thousands of dollars",144525,152101,159080,174422,162445,173231,195194,214616,220532,231224,232570,239423,243597,249877,263230,269888,273322,280451,292037,283969,310574,320915
 "28059","Jackson, MS",5,CAGDP2,75,"71,72","  Arts, entertainment, recreation, accommodation, and food services ","Thousands of dollars",80321,83485,87742,97236,98717,111624,118812,120463,123049,127496,129756,132119,133612,137073,147675,158497,160229,164648,173591,167881,203179,231038
 "28059","Jackson, MS",5,CAGDP2,76,"71","   Arts, entertainment, and recreation ","Thousands of dollars",7481,7278,8218,8538,8581,7551,9554,11842,11438,12415,12959,13611,14341,14314,15212,18186,18482,18775,19939,18271,24315,30646
 "28059","Jackson, MS",5,CAGDP2,79,"72","   Accommodation and food services ","Thousands of dollars",72840,76206,79524,88698,90135,104073,109259,108620,111611,115080,116797,118508,119271,122759,132463,140311,141747,145873,153652,149610,178865,200392
 "28059","Jackson, MS",5,CAGDP2,82,"81","  Other services (except government and government enterprises) ","Thousands of dollars",85218,88755,82027,87227,89497,98954,98609,106039,102482,95783,94496,116339,117584,112794,111626,113574,123308,127758,123844,117617,125383,142317
 "28059","Jackson, MS",5,CAGDP2,83,"92","Government and government enterprises ","Thousands of dollars",568850,595561,661131,687868,678290,609921,666804,750886,810667,790382,823208,808951,818825,858914,869366,881417,909658,928856,933930,936989,1043272,1141570
 "28059","Jackson, MS",5,CAGDP2,87,"11,21","Natural resources and mining ","Thousands of dollars",4266,4897,3177,3070,4030,4660,10008,41584,25347,26318,24401,25834,19706,19923,20663,17168,14067,35695,34478,43710,40655,42995
 "28059","Jackson, MS",5,CAGDP2,88,"42,44-45","Trade ","Thousands of dollars",276014,266099,268636,266188,275891,316282,328656,335243,318060,297517,306846,330033,321915,317141,362407,393172,385719,342969,315883,319451,362563,385342
 "28059","Jackson, MS",5,CAGDP2,89,"22,48-49","Transportation and utilities ","Thousands of dollars",633410,403815,370874,506665,486133,575914,532659,559668,614665,641016,627566,576022,584752,675039,589072,529936,583693,588059,589656,590442,684644,758653
 "28059","Jackson, MS",5,CAGDP2,90,"31-33,51","Manufacturing and information ","Thousands of dollars",804750,855344,1507457,1381155,1963932,2532838,2682469,2020939,1655232,2132528,2386665,3659591,2084717,3014112,2833791,2674396,2907537,3092462,3021951,2847689,3340069,4339448
 "28059","Jackson, MS",5,CAGDP2,91,"...","Private goods-producing industries 2/","Thousands of dollars",941869,965573,1597249,1414467,2022027,2679478,2906661,2511121,2101503,2501322,2682844,3905858,2433236,3230054,3047818,2865055,3046294,3293285,3203774,3021309,3523001,4550260
 "28059","Jackson, MS",5,CAGDP2,92,"...","Private services-providing industries 3/","Thousands of dollars",1924462,1731611,1751914,1955155,2051770,2308022,3483466,2846072,2801136,2796498,2896239,2588696,2624663,2807374,2780923,2846890,2801356,2785214,2856145,2868307,3438364,3908791
 "28061","Jasper, MS",5,CAGDP2,1,"...","All industry total ","Thousands of dollars",286150,296075,326159,363086,350360,382980,392852,479510,438718,520396,507816,557264,587825,578254,518367,472761,494685,508463,490480,467772,529702,610331
 "28061","Jasper, MS",5,CAGDP2,2,"..."," Private industries ","Thousands of dollars",251180,257597,285905,320666,304483,336207,341484,425701,384356,466089,454398,504377,533564,522867,462418,414782,434835,447580,427682,402641,463899,542030
 "28061","Jasper, MS",5,CAGDP2,3,"11","  Agriculture, forestry, fishing and hunting ","Thousands of dollars",20049,24440,22513,45048,36135,20009,21192,40777,37984,43488,4811,27556,58716,100101,87932,69495,104800,105945,76469,28314,82301,137587
 "28061","Jasper, MS",5,CAGDP2,6,"21","  Mining, quarrying, and oil and gas extraction ","Thousands of dollars",32508,27746,32034,49340,38016,53242,72770,114174,88494,99549,124435,140914,137431,120214,59367,43994,7071,7526,6770,42210,34653,41336
 "28061","Jasper, MS",5,CAGDP2,10,"22","  Utilities ","Thousands of dollars",612,686,683,1211,1193,1400,1204,1385,1446,2720,3042,1421,(D),(D),1435,1675,1569,1570,1764,1764,1987,1901
 "28061","Jasper, MS",5,CAGDP2,11,"23","  Construction ","Thousands of dollars",9158,9982,10473,11059,12990,20125,19681,22719,20846,26493,19525,15260,9465,7821,8136,4745,27228,35770,47504,28272,21575,17188
 "28061","Jasper, MS",5,CAGDP2,12,"31-33","  Manufacturing ","Thousands of dollars",65964,63372,88018,76645,73058,96530,101463,102118,88314,139701,131990,142044,147770,124752,134090,131028,140428,137621,134667,135528,157558,170293
 "28061","Jasper, MS",5,CAGDP2,13,"321,327-339","   Durable goods manufacturing ","Thousands of dollars",(D),(D),(D),(D),(D),(D),(D),(D),(D),(D),(D),(D),(D),(D),(D),(D),(D),(D),(D),(D),(D),(D)
 "28061","Jasper, MS",5,CAGDP2,25,"311-316,322-326","   Nondurable goods manufacturing ","Thousands of dollars",(D),(D),(D),(D),(D),(D),(D),(D),(D),(D),(D),(D),(D),(D),(D),(D),(D),(D),(D),(D),(D),(D)
 "28061","Jasper, MS",5,CAGDP2,34,"42","  Wholesale trade ","Thousands of dollars",5246,6102,6689,7857,7785,6198,6409,7109,8221,9445,10818,10245,8599,6279,6289,5638,5569,5914,5883,5564,4804,5297
 "28061","Jasper, MS",5,CAGDP2,35,"44-45","  Retail trade ","Thousands of dollars",16705,17298,18420,18746,18804,20824,20837,20538,21579,21117,19543,19092,20938,21179,21520,21241,20226,20071,19099,20815,21902,22475
 "28061","Jasper, MS",5,CAGDP2,36,"48-49","  Transportation and warehousing ","Thousands of dollars",14170,16612,13744,15051,15612,16124,21216,17936,11493,12063,17374,24609,28009,24739,22955,20077,16331,16986,15863,14104,17694,19212
 "28061","Jasper, MS",5,CAGDP2,45,"51","  Information ","Thousands of dollars",(D),(D),(D),(D),16176,17161,18006,18429,16759,17635,19647,21076,20191,17724,18511,18087,17505,17734,19926,19226,20163,21284
 "28061","Jasper, MS",5,CAGDP2,50,"52,53","  Finance, insurance, real estate, rental, and leasing ","Thousands of dollars",42634,47007,49227,50491,56246,54043,29249,47393,56314,55919,64876,64029,64641,61110,62911,62802,59804,65187,(D),72082,64837,(D)
 "28061","Jasper, MS",5,CAGDP2,51,"52","   Finance and insurance ","Thousands of dollars",11045,10974,10463,10845,11138,10535,10549,10710,11205,11019,11402,11793,11507,(D),(D),(D),(D),(D),(D),(D),(D),(D)
 "28061","Jasper, MS",5,CAGDP2,56,"53","   Real estate and rental and leasing ","Thousands of dollars",31589,36033,38764,39647,45108,43508,18700,36682,45109,44900,53474,52236,53134,(D),(D),(D),(D),(D),53492,(D),(D),53489
 "28061","Jasper, MS",5,CAGDP2,59,"54,55,56","  Professional and business services ","Thousands of dollars",16759,16458,15078,14459,9805,9668,9070,10413,10524,12739,13161,12385,11322,10125,8917,7039,7067,7156,8603,7728,8519,9014
 "28061","Jasper, MS",5,CAGDP2,60,"54","   Professional, scientific, and technical services ","Thousands of dollars",14594,14381,13213,12714,8283,7939,7430,8087,7732,8675,8886,8815,8179,7693,6485,5209,4880,4755,5668,5149,6392,6927
 "28061","Jasper, MS",5,CAGDP2,64,"55","   Management of companies and enterprises ","Thousands of dollars",(D),(D),(D),(D),(D),(D),(D),(D),1183,1235,1196,1390,1333,1353,(D),(D),(D),1852,2290,1884,1361,1231
 "28061","Jasper, MS",5,CAGDP2,65,"56","   Administrative and support and waste management and remediation services ","Thousands of dollars",(D),(D),(D),(D),(D),(D),(D),(D),1609,2828,3078,2180,1810,1079,(D),(D),(D),550,645,695,766,855
 "28061","Jasper, MS",5,CAGDP2,68,"61,62","  Educational services, health care, and social assistance ","Thousands of dollars",6397,6949,8393,9106,8624,9623,10104,11402,11656,12495,12634,13732,12860,13468,13113,11658,10020,9927,10251,(D),7609,8234
 "28061","Jasper, MS",5,CAGDP2,69,"61","   Educational services ","Thousands of dollars",(D),(D),(D),(D),(D),(D),(D),(D),(D),(D),(D),(D),(D),(D),(D),(D),(D),(D),(D),(D),(D),(D)
 "28061","Jasper, MS",5,CAGDP2,70,"62","   Health care and social assistance ","Thousands of dollars",(D),(D),(D),(D),(D),(D),(D),(D),(D),(D),(D),(D),(D),(D),(D),(D),(D),(D),(D),(D),(D),(D)
 "28061","Jasper, MS",5,CAGDP2,75,"71,72","  Arts, entertainment, recreation, accommodation, and food services ","Thousands of dollars",1236,1270,1461,1570,1821,1891,2121,2273,2327,2711,3166,3173,(D),(D),3606,3717,3667,3703,(D),(D),5081,(D)
 "28061","Jasper, MS",5,CAGDP2,76,"71","   Arts, entertainment, and recreation ","Thousands of dollars",(D),(D),(D),(D),(D),(D),(D),(D),(D),(D),(D),(D),(D),(D),(D),(D),(D),(D),(D),(D),(D),(D)
 "28061","Jasper, MS",5,CAGDP2,79,"72","   Accommodation and food services ","Thousands of dollars",(D),(D),(D),(D),(D),(D),(D),(D),(D),(D),(D),(D),(D),(D),(D),(D),(D),(D),(D),(D),(D),(D)
 "28061","Jasper, MS",5,CAGDP2,82,"81","  Other services (except government and government enterprises) ","Thousands of dollars",(D),(D),(D),(D),8217,9370,8163,9038,8398,10014,9376,8841,8719,10485,13637,13586,13551,12469,12941,14030,15216,17150
 "28061","Jasper, MS",5,CAGDP2,83,"92","Government and government enterprises ","Thousands of dollars",34970,38478,40254,42420,45877,46774,51368,53809,54362,54307,53418,52887,54260,55387,55949,57979,59850,60882,62798,65132,65803,68301
 "28061","Jasper, MS",5,CAGDP2,87,"11,21","Natural resources and mining ","Thousands of dollars",52557,52186,54546,94388,74151,73251,93961,154950,126478,143037,129246,168470,196147,220316,147298,113489,111870,113471,83240,70524,116954,178922
 "28061","Jasper, MS",5,CAGDP2,88,"42,44-45","Trade ","Thousands of dollars",21952,23400,25110,26603,26590,27022,27246,27647,29800,30562,30361,29337,29537,27458,27809,26879,25795,25985,24982,26380,26706,27773
 "28061","Jasper, MS",5,CAGDP2,89,"22,48-49","Transportation and utilities ","Thousands of dollars",14782,17299,14427,16262,16805,17524,22420,19320,12939,14783,20416,26030,(D),(D),24390,21752,17900,18556,17627,15868,19681,21112
 "28061","Jasper, MS",5,CAGDP2,90,"31-33,51","Manufacturing and information ","Thousands of dollars",(D),(D),(D),(D),89234,113690,119469,120547,105073,157336,151637,163120,167962,142476,152601,149115,157934,155355,154593,154755,177721,191577
 "28061","Jasper, MS",5,CAGDP2,91,"...","Private goods-producing industries 2/","Thousands of dollars",127680,125540,153038,182092,160199,189905,215105,279788,235638,309232,280761,325774,353382,352889,289524,249263,279527,286862,265411,234325,296087,366404
 "28061","Jasper, MS",5,CAGDP2,92,"...","Private services-providing industries 3/","Thousands of dollars",123500,132057,132867,138574,144284,146302,126379,145914,148718,156857,173637,178603,180183,169978,172894,165520,155308,160719,162271,168316,167812,175627
 "28063","Jefferson, MS",5,CAGDP2,1,"...","All industry total ","Thousands of dollars",92357,95920,111242,126719,121095,132180,139435,154054,131803,135116,129281,128766,153054,135122,118103,112266,104428,105465,104195,98804,110659,114543
 "28063","Jefferson, MS",5,CAGDP2,2,"..."," Private industries ","Thousands of dollars",69774,71849,85574,101145,94474,105075,109467,122992,100147,103509,98018,96555,119411,100185,82308,75902,70090,71477,70231,64778,75288,78823
 "28063","Jefferson, MS",5,CAGDP2,3,"11","  Agriculture, forestry, fishing and hunting ","Thousands of dollars",7615,9625,10515,(D),(D),(D),11737,(D),(D),(D),(D),(D),(D),(D),(D),4071,9387,9442,6489,1798,8542,7666
 "28063","Jefferson, MS",5,CAGDP2,6,"21","  Mining, quarrying, and oil and gas extraction ","Thousands of dollars",21353,17933,30352,40465,31498,36402,46923,69443,36208,30767,27984,23487,24460,21934,12504,9813,0,0,0,0,0,0
 "28063","Jefferson, MS",5,CAGDP2,10,"22","  Utilities ","Thousands of dollars",5019,5239,5199,5637,5725,6056,6429,7306,7184,7372,7298,7801,8153,8398,8364,9086,8886,9580,10772,11553,11247,11594
 "28063","Jefferson, MS",5,CAGDP2,11,"23","  Construction ","Thousands of dollars",(D),(D),(D),(D),(D),(D),(D),(D),4896,4902,2085,1527,1185,743,588,(D),(D),(D),(D),(D),(D),(D)
 "28063","Jefferson, MS",5,CAGDP2,12,"31-33","  Manufacturing ","Thousands of dollars",(D),(D),(D),442,526,370,(D),(D),(D),(D),(D),(D),(D),(D),(D),(D),(D),(D),(D),(D),(D),(D)
 "28063","Jefferson, MS",5,CAGDP2,13,"321,327-339","   Durable goods manufacturing ","Thousands of dollars",(D),(D),(D),309,360,316,(D),(D),(D),(D),(D),(D),(D),(D),(D),(D),(D),(D),(D),(D),(D),(D)
 "28063","Jefferson, MS",5,CAGDP2,25,"311-316,322-326","   Nondurable goods manufacturing ","Thousands of dollars",27,32,50,133,166,54,38,56,66,56,45,32,155,212,149,78,15,1,129,133,158,128
 "28063","Jefferson, MS",5,CAGDP2,34,"42","  Wholesale trade ","Thousands of dollars",(D),(D),(D),(D),(D),714,(D),(D),(D),(D),(D),(D),(D),(D),118,51,27,(D),(D),(D),(D),(D)
 "28063","Jefferson, MS",5,CAGDP2,35,"44-45","  Retail trade ","Thousands of dollars",2707,2782,2713,3200,(D),(D),(D),(D),(D),(D),(D),(D),(D),4432,4431,(D),(D),(D),4531,4513,(D),(D)
 "28063","Jefferson, MS",5,CAGDP2,36,"48-49","  Transportation and warehousing ","Thousands of dollars",(D),(D),(D),(D),6128,6228,7305,6887,4823,4945,(D),5718,4936,5228,4716,(D),(D),(D),(D),(D),(D),(D)
 "28063","Jefferson, MS",5,CAGDP2,45,"51","  Information ","Thousands of dollars",(D),(D),(D),(D),(D),(D),(D),(D),(D),(D),(D),(D),(D),(D),(D),(D),(D),(D),(D),(D),(D),(D)
 "28063","Jefferson, MS",5,CAGDP2,50,"52,53","  Finance, insurance, real estate, rental, and leasing ","Thousands of dollars",15404,16551,16905,16417,19324,19022,11728,17520,18431,20500,24021,27748,26013,25458,23281,25426,25956,24698,(D),22024,23900,(D)
 "28063","Jefferson, MS",5,CAGDP2,51,"52","   Finance and insurance ","Thousands of dollars",(D),(D),(D),(D),(D),(D),(D),(D),(D),(D),(D),(D),(D),(D),(D),(D),(D),(D),(D),(D),(D),(D)
 "28063","Jefferson, MS",5,CAGDP2,56,"53","   Real estate and rental and leasing ","Thousands of dollars",(D),(D),(D),(D),(D),(D),(D),(D),(D),(D),(D),(D),(D),(D),(D),(D),(D),(D),22988,(D),(D),22520
 "28063","Jefferson, MS",5,CAGDP2,59,"54,55,56","  Professional and business services ","Thousands of dollars",2824,3600,3667,3573,2838,2500,2599,2364,3243,3838,4238,5209,5070,4446,3791,3297,3365,3445,(D),(D),(D),6406
 "28063","Jefferson, MS",5,CAGDP2,60,"54","   Professional, scientific, and technical services ","Thousands of dollars",1025,(D),(D),(D),(D),(D),(D),(D),(D),(D),(D),(D),(D),(D),(D),(D),(D),(D),1,4,5,(D)
 "28063","Jefferson, MS",5,CAGDP2,64,"55","   Management of companies and enterprises ","Thousands of dollars",0,0,0,0,0,0,0,0,0,0,0,0,0,0,0,0,0,0,0,0,0,0
 "28063","Jefferson, MS",5,CAGDP2,65,"56","   Administrative and support and waste management and remediation services ","Thousands of dollars",1799,(D),(D),(D),(D),(D),(D),(D),(D),(D),(D),(D),(D),(D),(D),(D),(D),(D),(D),(D),(D),(D)
 "28063","Jefferson, MS",5,CAGDP2,68,"61,62","  Educational services, health care, and social assistance ","Thousands of dollars",4579,4923,5624,5884,5818,6153,6842,7485,8411,8930,9059,8835,8711,9353,9334,9159,9207,9129,8266,8409,7977,8782
 "28063","Jefferson, MS",5,CAGDP2,69,"61","   Educational services ","Thousands of dollars",119,138,188,240,50,62,244,93,59,141,119,136,127,199,183,182,159,22,28,0,26,13
 "28063","Jefferson, MS",5,CAGDP2,70,"62","   Health care and social assistance ","Thousands of dollars",4460,4785,5436,5644,5768,6091,6598,7392,8352,8789,8940,8699,8584,9153,9151,8977,9048,9107,8238,8409,7951,8769
 "28063","Jefferson, MS",5,CAGDP2,75,"71,72","  Arts, entertainment, recreation, accommodation, and food services ","Thousands of dollars",(D),(D),(D),721,(D),(D),296,597,672,2264,2494,3126,1732,1236,1161,1470,759,1037,2240,1636,2501,3434
 "28063","Jefferson, MS",5,CAGDP2,76,"71","   Arts, entertainment, and recreation ","Thousands of dollars",101,110,123,257,301,(D),(D),(D),(D),(D),(D),(D),(D),(D),(D),(D),(D),(D),(D),(D),(D),(D)
 "28063","Jefferson, MS",5,CAGDP2,79,"72","   Accommodation and food services ","Thousands of dollars",(D),(D),(D),465,(D),515,(D),(D),(D),(D),(D),(D),(D),(D),(D),(D),(D),(D),(D),(D),(D),(D)
 "28063","Jefferson, MS",5,CAGDP2,82,"81","  Other services (except government and government enterprises) ","Thousands of dollars",2223,2298,(D),2311,(D),2021,(D),(D),(D),(D),(D),(D),(D),(D),(D),(D),(D),(D),(D),(D),(D),(D)
 "28063","Jefferson, MS",5,CAGDP2,83,"92","Government and government enterprises ","Thousands of dollars",22583,24071,25669,25574,26621,27105,29967,31063,31656,31607,31263,32212,33643,34937,35795,36364,34338,33988,33964,34026,35372,35720
 "28063","Jefferson, MS",5,CAGDP2,87,"11,21","Natural resources and mining ","Thousands of dollars",28967,27558,40867,(D),(D),(D),58660,(D),(D),(D),(D),(D),(D),(D),(D),13883,9387,9442,6489,1798,8542,7666
 "28063","Jefferson, MS",5,CAGDP2,88,"42,44-45","Trade ","Thousands of dollars",(D),(D),(D),(D),4437,(D),4122,4076,4077,4234,4176,4378,4509,(D),4549,(D),(D),4334,(D),(D),4644,4985
 "28063","Jefferson, MS",5,CAGDP2,89,"22,48-49","Transportation and utilities ","Thousands of dollars",(D),(D),(D),(D),11853,12283,13734,14193,12007,12317,(D),13519,13090,13625,13080,(D),(D),(D),(D),(D),(D),(D)
 "28063","Jefferson, MS",5,CAGDP2,90,"31-33,51","Manufacturing and information ","Thousands of dollars",1591,782,643,(D),(D),(D),948,2010,1490,1636,1488,1407,1870,2183,2031,1801,1114,1078,1562,1911,2826,2728
 "28063","Jefferson, MS",5,CAGDP2,91,"...","Private goods-producing industries 2/","Thousands of dollars",30949,(D),(D),56561,46895,57729,67856,(D),(D),(D),38008,(D),(D),(D),(D),16255,11207,11360,8048,4198,12166,10862
 "28063","Jefferson, MS",5,CAGDP2,92,"...","Private services-providing industries 3/","Thousands of dollars",38824,(D),(D),44584,47579,47346,41612,(D),(D),(D),60010,(D),(D),(D),(D),59647,58883,60117,62182,60581,63122,67961
 "28065","Jefferson Davis, MS",5,CAGDP2,1,"...","All industry total ","Thousands of dollars",148462,150873,166996,192407,194915,199811,196155,285749,217522,192390,185922,182988,205955,196874,189209,177178,180908,182598,174023,166828,175671,198017
 "28065","Jefferson Davis, MS",5,CAGDP2,2,"..."," Private industries ","Thousands of dollars",121996,121545,135725,160092,160199,164629,159896,249206,180503,156817,150833,148401,171114,160832,152453,140005,144544,145910,135771,128331,134653,154798
 "28065","Jefferson Davis, MS",5,CAGDP2,3,"11","  Agriculture, forestry, fishing and hunting ","Thousands of dollars",10933,13458,12038,20595,(D),10600,7911,11360,12982,13625,2797,10379,35606,28223,23797,15655,24437,24534,(D),6750,20315,31023
 "28065","Jefferson Davis, MS",5,CAGDP2,6,"21","  Mining, quarrying, and oil and gas extraction ","Thousands of dollars",25413,21211,34867,46192,37051,45464,57421,80907,42180,32315,29636,24435,25201,22278,12665,9950,161,214,812,903,11,58
 "28065","Jefferson Davis, MS",5,CAGDP2,10,"22","  Utilities ","Thousands of dollars",622,619,645,776,1071,1415,1631,5136,5221,2416,7830,2008,(D),3642,4438,4800,5507,6074,3027,2822,4454,5264
 "28065","Jefferson Davis, MS",5,CAGDP2,11,"23","  Construction ","Thousands of dollars",13403,12698,11345,15520,23734,22094,24920,79096,48433,32565,29614,24136,18013,16671,20132,21622,29748,21196,23855,17509,13566,21077
 "28065","Jefferson Davis, MS",5,CAGDP2,12,"31-33","  Manufacturing ","Thousands of dollars",2873,2514,3937,3701,(D),7695,2050,2143,1869,2341,2874,1906,2037,3183,4703,5720,5889,5586,(D),10968,11971,12418
 "28065","Jefferson Davis, MS",5,CAGDP2,13,"321,327-339","   Durable goods manufacturing ","Thousands of dollars",(D),(D),1979,(D),(D),(D),(D),(D),(D),(D),1768,1098,1206,2350,4108,5320,5702,(D),10710,(D),(D),12170
 "28065","Jefferson Davis, MS",5,CAGDP2,25,"311-316,322-326","   Nondurable goods manufacturing ","Thousands of dollars",(D),(D),1958,(D),(D),(D),(D),(D),(D),(D),1106,809,831,833,595,401,188,(D),(D),(D),(D),248
 "28065","Jefferson Davis, MS",5,CAGDP2,34,"42","  Wholesale trade ","Thousands of dollars",2292,2377,2367,2361,2309,2279,2175,(D),(D),(D),(D),(D),2716,(D),(D),(D),(D),(D),1258,1338,(D),(D)
 "28065","Jefferson Davis, MS",5,CAGDP2,35,"44-45","  Retail trade ","Thousands of dollars",14060,14779,15798,15620,15667,15412,14937,13532,13769,14172,13343,12947,12460,12191,11307,12507,14238,14603,15628,17756,18488,18502
 "28065","Jefferson Davis, MS",5,CAGDP2,36,"48-49","  Transportation and warehousing ","Thousands of dollars",3335,3583,3771,4956,5593,7169,6801,(D),(D),(D),(D),(D),1228,(D),(D),(D),(D),(D),3551,3394,(D),(D)
 "28065","Jefferson Davis, MS",5,CAGDP2,45,"51","  Information ","Thousands of dollars",2224,1883,1804,1809,2004,1938,1980,1827,1527,1241,1152,(D),(D),6652,7478,3078,4228,3763,3046,(D),(D),(D)
 "28065","Jefferson Davis, MS",5,CAGDP2,50,"52,53","  Finance, insurance, real estate, rental, and leasing ","Thousands of dollars",28848,28849,28804,28650,31616,30380,19365,28343,29907,31947,36590,41488,42362,40555,41446,41490,34621,44228,(D),45101,38516,(D)
 "28065","Jefferson Davis, MS",5,CAGDP2,51,"52","   Finance and insurance ","Thousands of dollars",6968,(D),6090,6133,(D),(D),(D),6155,6414,5734,(D),(D),(D),(D),(D),(D),(D),(D),(D),(D),(D),(D)
 "28065","Jefferson Davis, MS",5,CAGDP2,56,"53","   Real estate and rental and leasing ","Thousands of dollars",21880,(D),22714,22518,(D),(D),(D),22188,23493,26213,(D),(D),(D),(D),(D),(D),(D),(D),30102,(D),(D),34191
 "28065","Jefferson Davis, MS",5,CAGDP2,59,"54,55,56","  Professional and business services ","Thousands of dollars",1529,1709,2324,2106,2011,2209,2605,2743,3053,4022,5387,5855,4114,3373,2615,1629,1468,1544,(D),(D),1489,(D)
 "28065","Jefferson Davis, MS",5,CAGDP2,60,"54","   Professional, scientific, and technical services ","Thousands of dollars",(D),(D),939,909,(D),(D),(D),1754,1853,2608,3555,3727,2127,2048,1937,1360,1296,1336,(D),(D),(D),1179
 "28065","Jefferson Davis, MS",5,CAGDP2,64,"55","   Management of companies and enterprises ","Thousands of dollars",0,0,0,0,0,0,0,(D),(D),(D),(D),(D),(D),(D),(D),(D),(D),(D),0,0,0,0
 "28065","Jefferson Davis, MS",5,CAGDP2,65,"56","   Administrative and support and waste management and remediation services ","Thousands of dollars",(D),(D),1385,1197,(D),(D),(D),(D),(D),(D),(D),(D),(D),(D),(D),(D),(D),(D),(D),(D),(D),(D)
 "28065","Jefferson Davis, MS",5,CAGDP2,68,"61,62","  Educational services, health care, and social assistance ","Thousands of dollars",7668,8078,9564,9531,8969,8793,8842,9094,9533,10365,10379,10730,10874,11643,10386,9642,9995,9906,10041,9126,8887,9307
 "28065","Jefferson Davis, MS",5,CAGDP2,69,"61","   Educational services ","Thousands of dollars",(D),(D),(D),(D),(D),(D),(D),(D),(D),(D),(D),(D),(D),(D),(D),(D),(D),(D),(D),(D),(D),(D)
 "28065","Jefferson Davis, MS",5,CAGDP2,70,"62","   Health care and social assistance ","Thousands of dollars",(D),(D),(D),(D),(D),(D),(D),(D),(D),(D),(D),(D),(D),(D),(D),(D),(D),(D),(D),(D),(D),(D)
 "28065","Jefferson Davis, MS",5,CAGDP2,75,"71,72","  Arts, entertainment, recreation, accommodation, and food services ","Thousands of dollars",2333,2510,2461,2433,2316,2508,2572,2794,2843,2617,2699,2496,2472,2624,2628,2971,2910,3167,3349,2927,4157,4995
 "28065","Jefferson Davis, MS",5,CAGDP2,76,"71","   Arts, entertainment, and recreation ","Thousands of dollars",(D),(D),(D),(D),(D),(D),(D),(D),(D),(D),(D),(D),(D),(D),(D),(D),(D),(D),(D),(D),(D),(D)
 "28065","Jefferson Davis, MS",5,CAGDP2,79,"72","   Accommodation and food services ","Thousands of dollars",(D),(D),(D),(D),(D),(D),(D),(D),(D),(D),(D),(D),(D),(D),(D),(D),(D),(D),(D),(D),(D),(D)
 "28065","Jefferson Davis, MS",5,CAGDP2,82,"81","  Other services (except government and government enterprises) ","Thousands of dollars",6463,7275,6000,5842,6119,6674,6686,6423,6045,6001,5280,5722,5593,6705,7040,7399,7226,6702,6204,5332,(D),5708
 "28065","Jefferson Davis, MS",5,CAGDP2,83,"92","Government and government enterprises ","Thousands of dollars",26467,29328,31271,32316,34716,35182,36260,36543,37020,35573,35089,34586,34842,36042,36755,37173,36364,36688,38252,38497,41018,43220
 "28065","Jefferson Davis, MS",5,CAGDP2,87,"11,21","Natural resources and mining ","Thousands of dollars",36347,34669,46905,66787,(D),56063,65332,92267,55162,45940,32433,34814,60807,50501,36462,25605,24598,24747,(D),7652,20327,31081
 "28065","Jefferson Davis, MS",5,CAGDP2,88,"42,44-45","Trade ","Thousands of dollars",16351,17156,18165,17980,17976,17691,17112,(D),(D),(D),(D),(D),15176,(D),(D),(D),(D),(D),16886,19094,(D),(D)
 "28065","Jefferson Davis, MS",5,CAGDP2,89,"22,48-49","Transportation and utilities ","Thousands of dollars",3957,4203,4416,5731,6664,8585,8432,(D),(D),(D),(D),(D),(D),(D),(D),(D),(D),(D),6578,6216,(D),(D)
 "28065","Jefferson Davis, MS",5,CAGDP2,90,"31-33,51","Manufacturing and information ","Thousands of dollars",5097,4398,5741,5510,(D),9633,4030,3970,3395,3582,4026,(D),(D),9835,12182,8798,10117,9349,(D),(D),(D),(D)
 "28065","Jefferson Davis, MS",5,CAGDP2,91,"...","Private goods-producing industries 2/","Thousands of dollars",52623,49881,62187,86008,82523,85852,92303,173506,105463,80846,64921,60856,80858,70356,61297,52947,60235,51530,53239,36129,45863,64576
 "28065","Jefferson Davis, MS",5,CAGDP2,92,"...","Private services-providing industries 3/","Thousands of dollars",69373,71664,73538,74084,77676,78777,67593,75700,75039,75971,85912,87545,90256,90476,91157,87058,84309,94380,82532,92202,88789,90222
 "28067","Jones, MS",5,CAGDP2,1,"...","All industry total ","Thousands of dollars",1603780,1624863,1721764,1842497,1993708,2262925,2407919,2771916,2509490,2463246,2381467,2593564,2728501,2872362,2808019,2584391,2651368,2710364,2655978,2544261,2819463,3290242
 "28067","Jones, MS",5,CAGDP2,2,"..."," Private industries ","Thousands of dollars",1348553,1359612,1433874,1540038,1669490,1925973,2034049,2392084,2133005,2078021,1986765,2189124,2317265,2449414,2375917,2144858,2209506,2250583,2188623,2071806,2324455,2778286
 "28067","Jones, MS",5,CAGDP2,3,"11","  Agriculture, forestry, fishing and hunting ","Thousands of dollars",41880,47013,40894,80229,59669,24451,23064,56232,61021,77912,11216,54293,92506,134617,107823,67889,112446,114126,81411,24204,89321,142884
 "28067","Jones, MS",5,CAGDP2,6,"21","  Mining, quarrying, and oil and gas extraction ","Thousands of dollars",153788,128914,132215,144214,157199,232008,249916,302166,229445,249817,310161,339236,331913,348942,188148,115491,164298,187507,177531,91953,138523,191272
 "28067","Jones, MS",5,CAGDP2,10,"22","  Utilities ","Thousands of dollars",17227,21305,21157,25433,22959,26531,24234,21203,25584,29309,33630,52361,63615,63697,81974,83408,59617,60365,72398,(D),85995,90540
 "28067","Jones, MS",5,CAGDP2,11,"23","  Construction ","Thousands of dollars",65916,71930,78626,89611,101303,105651,128756,134051,162897,170579,134176,108867,116734,142303,148759,132042,96854,95636,101492,96296,120274,129902
 "28067","Jones, MS",5,CAGDP2,12,"31-33","  Manufacturing ","Thousands of dollars",338021,331704,376330,368518,462412,613213,727459,907115,687068,547372,458723,562040,588504,622990,646254,608200,640147,615667,579553,558966,594599,711261
 "28067","Jones, MS",5,CAGDP2,13,"321,327-339","   Durable goods manufacturing ","Thousands of dollars",235154,230067,252920,244753,327947,447565,556461,683987,513811,416957,317658,384464,427052,457225,474180,452269,478658,449369,418168,399950,415379,496921
 "28067","Jones, MS",5,CAGDP2,25,"311-316,322-326","   Nondurable goods manufacturing ","Thousands of dollars",102867,101637,123411,123765,134465,165648,170998,223128,173256,130416,141065,177577,161452,165766,172074,155931,161489,166298,161384,159016,179220,214340
 "28067","Jones, MS",5,CAGDP2,34,"42","  Wholesale trade ","Thousands of dollars",68095,67268,71358,81296,92574,111821,121010,129490,123488,130040,133457,135129,133270,125161,124100,117402,124524,132789,136067,137414,146860,157174
 "28067","Jones, MS",5,CAGDP2,35,"44-45","  Retail trade ","Thousands of dollars",130537,134591,140834,144045,148697,160592,160714,162364,157467,155048,158566,164944,175924,177106,176279,182251,184596,185768,194383,208482,231277,244005
 "28067","Jones, MS",5,CAGDP2,36,"48-49","  Transportation and warehousing ","Thousands of dollars",51641,54632,51821,53369,54323,52731,52668,60294,55613,59656,56774,59047,65662,71118,75236,67306,73866,72986,72999,70098,80186,87350
 "28067","Jones, MS",5,CAGDP2,45,"51","  Information ","Thousands of dollars",20530,23156,23627,27628,31521,32558,31016,32998,31259,34751,33327,33405,35935,35782,39383,39193,36441,36095,38847,38367,42205,44985
 "28067","Jones, MS",5,CAGDP2,50,"52,53","  Finance, insurance, real estate, rental, and leasing ","Thousands of dollars",214213,219365,228986,233279,264017,285533,220780,283461,296438,299752,337401,352222,367596,359572,352348,337189,296174,343495,304360,362848,352973,376128
 "28067","Jones, MS",5,CAGDP2,51,"52","   Finance and insurance ","Thousands of dollars",61439,62106,64458,65758,70825,72224,71012,68662,67046,65700,65724,71913,72460,83254,82862,87094,83606,87458,94508,98626,108442,123570
 "28067","Jones, MS",5,CAGDP2,56,"53","   Real estate and rental and leasing ","Thousands of dollars",152775,157259,164528,167520,193192,213309,149768,214799,229392,234052,271676,280309,295137,276318,269486,250095,212569,256037,209851,264222,244530,252558
 "28067","Jones, MS",5,CAGDP2,59,"54,55,56","  Professional and business services ","Thousands of dollars",91888,101283,110198,123003,99375,97794,108665,110046,110286,122979,109370,109734,130138,143381,206917,160474,194583,184154,191216,(D),194856,325007
 "28067","Jones, MS",5,CAGDP2,60,"54","   Professional, scientific, and technical services ","Thousands of dollars",27190,33344,33352,36094,36530,38441,40411,(D),39661,40056,40074,38952,46549,(D),(D),52164,51483,55070,57640,(D),43967,(D)
 "28067","Jones, MS",5,CAGDP2,64,"55","   Management of companies and enterprises ","Thousands of dollars",40406,45362,52722,59974,29391,23520,28852,(D),35615,43890,34280,36165,49256,(D),(D),75337,(D),(D),(D),(D),(D),(D)
 "28067","Jones, MS",5,CAGDP2,65,"56","   Administrative and support and waste management and remediation services ","Thousands of dollars",24291,22577,24124,26935,33454,35833,39401,38503,35009,39033,35016,34617,34332,33122,34786,32972,(D),(D),(D),(D),(D),59579
 "28067","Jones, MS",5,CAGDP2,68,"61,62","  Educational services, health care, and social assistance ","Thousands of dollars",68229,68796,68963,71506,70597,73216,73794,77870,81544,87163,91649,95581,92103,97090,100976,104865,101916,97539,106482,100042,108199,117861
 "28067","Jones, MS",5,CAGDP2,69,"61","   Educational services ","Thousands of dollars",1999,2048,2229,2498,2273,2466,2538,2917,3397,3903,4029,4320,4272,4696,4395,4615,4270,4091,4266,4976,7221,8541
 "28067","Jones, MS",5,CAGDP2,70,"62","   Health care and social assistance ","Thousands of dollars",66230,66748,66734,69008,68325,70750,71256,74953,78147,83260,87621,91261,87831,92394,96581,100250,97646,93449,102216,95067,100979,109320
 "28067","Jones, MS",5,CAGDP2,75,"71,72","  Arts, entertainment, recreation, accommodation, and food services ","Thousands of dollars",34467,35339,37218,42322,45823,46607,48570,50851,49814,49243,52244,54320,54511,55074,58741,60444,60779,60573,65817,63046,74761,84693
 "28067","Jones, MS",5,CAGDP2,76,"71","   Arts, entertainment, and recreation ","Thousands of dollars",5135,4802,4839,5136,5661,5668,6675,7006,5992,5248,5886,5860,6271,6008,6373,6612,6596,6745,7347,6022,7249,8433
 "28067","Jones, MS",5,CAGDP2,79,"72","   Accommodation and food services ","Thousands of dollars",29333,30538,32379,37186,40162,40939,41895,43846,43822,43995,46358,48461,48240,49066,52368,53832,54184,53828,58470,57025,67513,76260
 "28067","Jones, MS",5,CAGDP2,82,"81","  Other services (except government and government enterprises) ","Thousands of dollars",52119,54315,51648,55587,59021,63267,63404,63944,61082,64400,66070,67945,68853,72581,68978,68706,63263,63882,66065,63440,64426,75222
 "28067","Jones, MS",5,CAGDP2,83,"92","Government and government enterprises ","Thousands of dollars",255227,265251,287890,302460,324219,336952,373871,379832,376484,385225,394702,404439,411236,422948,432102,439533,441862,459781,467355,472456,495008,511956
 "28067","Jones, MS",5,CAGDP2,87,"11,21","Natural resources and mining ","Thousands of dollars",195668,175927,173109,224443,216868,256459,272980,358399,290466,327730,321377,393528,424419,483558,295971,183380,276744,301633,258943,116157,227844,334156
 "28067","Jones, MS",5,CAGDP2,88,"42,44-45","Trade ","Thousands of dollars",198632,201859,212191,225341,241271,272414,281723,291854,280955,285088,292023,300074,309194,302267,300380,299653,309121,318556,330451,345896,378137,401180
 "28067","Jones, MS",5,CAGDP2,89,"22,48-49","Transportation and utilities ","Thousands of dollars",68868,75937,72978,78802,77282,79261,76901,81497,81197,88965,90405,111408,129278,134815,157210,150713,133484,133351,145397,(D),166181,177890
 "28067","Jones, MS",5,CAGDP2,90,"31-33,51","Manufacturing and information ","Thousands of dollars",358551,354860,399957,396146,493933,645771,758475,940113,718326,582124,492050,595446,624439,658773,685637,647393,676588,651762,618400,597332,636803,756247
 "28067","Jones, MS",5,CAGDP2,91,"...","Private goods-producing industries 2/","Thousands of dollars",599605,579560,628065,682571,780583,975322,1129194,1399564,1140430,1045681,914276,1064435,1129657,1248852,1090984,923622,1013745,1012937,939988,771419,942717,1175319
 "28067","Jones, MS",5,CAGDP2,92,"...","Private services-providing industries 3/","Thousands of dollars",748948,780052,805809,857466,888907,950651,904854,992520,992575,1032340,1072489,1124689,1187608,1200562,1284933,1221236,1195761,1237646,1248636,1300386,1381738,1602966
 "28069","Kemper, MS",5,CAGDP2,1,"...","All industry total ","Thousands of dollars",104981,112736,117895,127097,137492,143382,131218,515222,470790,345302,233921,274656,443465,445115,468559,489078,425366,386694,379013,337466,349603,407811
 "28069","Kemper, MS",5,CAGDP2,2,"..."," Private industries ","Thousands of dollars",82023,87053,90620,98107,106844,112401,97533,480205,435713,311342,199096,237871,404983,398589,399542,418617,356463,321672,318884,296474,299868,337878
 "28069","Kemper, MS",5,CAGDP2,3,"11","  Agriculture, forestry, fishing and hunting ","Thousands of dollars",11279,10365,11842,18854,16452,16947,15961,11122,16070,16085,(D),15287,22947,18142,(D),11781,12822,14081,(D),15221,16501,18714
 "28069","Kemper, MS",5,CAGDP2,6,"21","  Mining, quarrying, and oil and gas extraction ","Thousands of dollars",0,0,0,0,0,0,0,0,0,0,0,654,7919,21609,8689,6642,11761,2158,1960,182,0,0
 "28069","Kemper, MS",5,CAGDP2,10,"22","  Utilities ","Thousands of dollars",1505,1456,4396,3424,6092,5070,3952,3566,3503,7002,9250,19479,30182,78207,207649,219941,204905,164152,193100,184730,186346,217168
 "28069","Kemper, MS",5,CAGDP2,11,"23","  Construction ","Thousands of dollars",8873,9687,3827,3569,4586,3646,3857,3604,3682,6673,(D),102196,239286,183481,(D),86247,38141,52322,(D),5619,6682,8280
 "28069","Kemper, MS",5,CAGDP2,12,"31-33","  Manufacturing ","Thousands of dollars",10417,12093,15026,18860,22764,30949,33904,410564,356096,222890,79620,32050,34896,28657,24692,26874,24275,21981,17682,19672,22390,23197
 "28069","Kemper, MS",5,CAGDP2,13,"321,327-339","   Durable goods manufacturing ","Thousands of dollars",(D),(D),8999,9134,9453,13825,12780,11979,9495,9365,7947,7493,7910,8204,7560,7430,5773,6603,6698,7457,11347,13637
 "28069","Kemper, MS",5,CAGDP2,25,"311-316,322-326","   Nondurable goods manufacturing ","Thousands of dollars",(D),(D),6027,9726,13312,17124,21124,398585,346602,213525,71672,24557,26986,20453,17132,19444,18502,15377,10984,12215,11043,9560
 "28069","Kemper, MS",5,CAGDP2,34,"42","  Wholesale trade ","Thousands of dollars",1737,1741,1952,(D),(D),2311,2752,3199,3215,3345,3504,4380,4781,4290,2796,1708,1215,1318,1376,1303,1393,1526
 "28069","Kemper, MS",5,CAGDP2,35,"44-45","  Retail trade ","Thousands of dollars",8019,8363,8155,7677,7960,7755,7012,6935,7629,7891,7843,7421,7798,7230,6865,6782,6922,6946,6675,7508,7642,7615
 "28069","Kemper, MS",5,CAGDP2,36,"48-49","  Transportation and warehousing ","Thousands of dollars",3280,2858,2121,(D),(D),1768,2087,1479,1088,1486,1454,2270,2267,1347,1344,1554,1746,2007,2257,3076,3981,4893
 "28069","Kemper, MS",5,CAGDP2,45,"51","  Information ","Thousands of dollars",(D),(D),(D),(D),(D),(D),(D),(D),(D),(D),(D),(D),(D),(D),(D),(D),(D),(D),(D),(D),(D),(D)
 "28069","Kemper, MS",5,CAGDP2,50,"52,53","  Finance, insurance, real estate, rental, and leasing ","Thousands of dollars",24515,27505,30311,27632,31134,30504,15559,27094,29856,30137,34096,30882,30397,28738,30577,31751,31385,34776,(D),38188,33711,(D)
 "28069","Kemper, MS",5,CAGDP2,51,"52","   Finance and insurance ","Thousands of dollars",4616,4787,(D),(D),(D),(D),(D),(D),(D),(D),(D),(D),(D),(D),(D),(D),(D),(D),(D),(D),6021,(D)
 "28069","Kemper, MS",5,CAGDP2,56,"53","   Real estate and rental and leasing ","Thousands of dollars",19899,22718,(D),(D),(D),(D),(D),(D),(D),(D),(D),(D),(D),(D),(D),(D),(D),(D),28931,(D),27689,27602
 "28069","Kemper, MS",5,CAGDP2,59,"54,55,56","  Professional and business services ","Thousands of dollars",1004,1154,1285,1179,1197,1088,1197,1464,1807,2201,2034,2533,3695,5580,5087,5169,4027,3247,3203,2945,3262,4039
 "28069","Kemper, MS",5,CAGDP2,60,"54","   Professional, scientific, and technical services ","Thousands of dollars",140,192,196,196,270,255,317,406,698,792,820,730,682,722,1172,1381,857,791,870,627,415,652
 "28069","Kemper, MS",5,CAGDP2,64,"55","   Management of companies and enterprises ","Thousands of dollars",0,0,0,0,0,0,0,0,0,0,0,0,0,0,0,0,0,0,0,0,0,0
 "28069","Kemper, MS",5,CAGDP2,65,"56","   Administrative and support and waste management and remediation services ","Thousands of dollars",864,962,1088,984,927,833,881,1058,1109,1409,1215,1803,3012,4859,3916,3788,3170,2456,2332,2319,2847,3387
 "28069","Kemper, MS",5,CAGDP2,68,"61,62","  Educational services, health care, and social assistance ","Thousands of dollars",4910,5080,5376,6657,6501,5614,5419,5309,6126,6775,11098,13605,13059,13292,12837,13692,13309,12715,12363,12330,12083,12462
 "28069","Kemper, MS",5,CAGDP2,69,"61","   Educational services ","Thousands of dollars",(D),(D),(D),(D),(D),(D),(D),(D),(D),(D),(D),(D),(D),(D),(D),(D),(D),(D),(D),(D),(D),(D)
 "28069","Kemper, MS",5,CAGDP2,70,"62","   Health care and social assistance ","Thousands of dollars",(D),(D),(D),(D),(D),(D),(D),(D),(D),(D),(D),(D),(D),(D),(D),(D),(D),(D),(D),(D),(D),(D)
 "28069","Kemper, MS",5,CAGDP2,75,"71,72","  Arts, entertainment, recreation, accommodation, and food services ","Thousands of dollars",1289,1273,1234,1522,1580,1343,884,1053,1333,1529,1712,1992,2422,2296,2089,1698,1783,1824,1944,1741,2291,2833
 "28069","Kemper, MS",5,CAGDP2,76,"71","   Arts, entertainment, and recreation ","Thousands of dollars",52,57,62,159,169,58,0,3,2,0,76,82,145,0,0,0,67,36,54,126,281,537
 "28069","Kemper, MS",5,CAGDP2,79,"72","   Accommodation and food services ","Thousands of dollars",1237,1216,1172,1363,1411,1285,884,1050,1331,1529,1635,1910,2277,2296,2089,1698,1716,1788,1890,1615,2010,2296
 "28069","Kemper, MS",5,CAGDP2,82,"81","  Other services (except government and government enterprises) ","Thousands of dollars",(D),(D),(D),(D),(D),(D),(D),(D),(D),(D),(D),(D),(D),(D),(D),(D),(D),(D),(D),(D),(D),(D)
 "28069","Kemper, MS",5,CAGDP2,83,"92","Government and government enterprises ","Thousands of dollars",22958,25683,27275,28990,30648,30981,33685,35017,35077,33960,34825,36786,38482,46526,69017,70461,68903,65022,60129,40992,49735,69933
 "28069","Kemper, MS",5,CAGDP2,87,"11,21","Natural resources and mining ","Thousands of dollars",11279,10365,11842,18854,16452,16947,15961,11122,16070,16085,(D),15940,30866,39752,(D),18423,24582,16239,(D),15403,16501,18714
 "28069","Kemper, MS",5,CAGDP2,88,"42,44-45","Trade ","Thousands of dollars",9756,10104,10107,(D),(D),10067,9764,10134,10843,11236,11346,11802,12579,11520,9661,8490,8137,8263,8051,8811,9035,9141
 "28069","Kemper, MS",5,CAGDP2,89,"22,48-49","Transportation and utilities ","Thousands of dollars",4785,4313,6518,(D),(D),6838,6039,5045,4591,8488,10704,21750,32449,79553,208993,221494,206651,166158,195357,187806,190326,222061
 "28069","Kemper, MS",5,CAGDP2,90,"31-33,51","Manufacturing and information ","Thousands of dollars",(D),(D),(D),(D),(D),(D),(D),(D),(D),(D),(D),(D),(D),(D),(D),(D),(D),(D),(D),(D),(D),(D)
 "28069","Kemper, MS",5,CAGDP2,91,"...","Private goods-producing industries 2/","Thousands of dollars",30570,32144,30695,41283,43803,51541,53723,425290,375849,245649,122924,150186,305049,251889,125176,131544,86999,90542,59748,40694,45573,50192
 "28069","Kemper, MS",5,CAGDP2,92,"...","Private services-providing industries 3/","Thousands of dollars",51453,54909,59924,56824,63041,60860,43811,54915,59864,65693,76172,87685,99934,146700,274367,287073,269464,231130,259136,255780,254295,287686
 "28071","Lafayette, MS",5,CAGDP2,1,"...","All industry total ","Thousands of dollars",923448,980937,1025583,1080632,1209815,1336027,1379519,1472009,1430808,1435456,1483240,1611200,1709534,1799862,1879211,2005436,2074355,2180130,2247004,2267484,2461918,2685470
 "28071","Lafayette, MS",5,CAGDP2,2,"..."," Private industries ","Thousands of dollars",643863,673649,699229,734033,837022,947421,943060,1008168,954927,963364,1000762,1112221,1189617,1257863,1309849,1405722,1450604,1535095,1574725,1594530,1764425,1934216
 "28071","Lafayette, MS",5,CAGDP2,3,"11","  Agriculture, forestry, fishing and hunting ","Thousands of dollars",6596,3946,9051,9585,8197,5924,4537,5264,7212,10815,15843,2196,9464,1925,1528,1655,1565,1716,1630,1996,2884,2319
 "28071","Lafayette, MS",5,CAGDP2,6,"21","  Mining, quarrying, and oil and gas extraction ","Thousands of dollars",3930,3337,3810,0,0,0,223,225,240,297,189,297,353,368,346,92,0,0,0,0,0,0
 "28071","Lafayette, MS",5,CAGDP2,10,"22","  Utilities ","Thousands of dollars",3810,3915,3816,4140,4450,5085,5580,5852,5764,5802,5965,5591,6054,6393,6396,7161,7290,7918,8231,8733,9540,10311
 "28071","Lafayette, MS",5,CAGDP2,11,"23","  Construction ","Thousands of dollars",56359,58941,54583,49590,66634,92845,78307,78872,66920,43894,45383,45332,43692,33018,20413,23572,52008,56194,59560,44410,60159,60560
 "28071","Lafayette, MS",5,CAGDP2,12,"31-33","  Manufacturing ","Thousands of dollars",91528,93269,86899,81000,99679,133627,148578,136025,90919,90279,103105,111997,119543,123627,136424,149155,150393,145164,155377,161825,158540,179653
 "28071","Lafayette, MS",5,CAGDP2,13,"321,327-339","   Durable goods manufacturing ","Thousands of dollars",87710,(D),(D),73429,85754,110122,118445,112281,80867,78915,94251,(D),112906,115452,125815,137624,138082,130390,139941,145897,140220,158715
 "28071","Lafayette, MS",5,CAGDP2,25,"311-316,322-326","   Nondurable goods manufacturing ","Thousands of dollars",3819,(D),(D),7571,13925,23506,30134,23745,10053,11364,8854,(D),6637,8176,10609,11531,12311,14774,15436,15928,18321,20938
 "28071","Lafayette, MS",5,CAGDP2,34,"42","  Wholesale trade ","Thousands of dollars",13150,14071,14884,17096,20138,26284,28454,27012,26768,27289,30509,34245,36437,35985,33764,30164,27974,28091,28170,27248,29433,32103
 "28071","Lafayette, MS",5,CAGDP2,35,"44-45","  Retail trade ","Thousands of dollars",79774,85302,90123,91921,97444,107394,110883,108978,105343,110205,111154,120479,136612,145016,153343,169459,173924,172786,169415,186006,226255,238833
 "28071","Lafayette, MS",5,CAGDP2,36,"48-49","  Transportation and warehousing ","Thousands of dollars",6972,7292,8084,8962,10500,10749,9448,7146,7583,8464,10102,12527,11866,9226,10366,10509,10458,11442,13890,13424,17185,20511
 "28071","Lafayette, MS",5,CAGDP2,45,"51","  Information ","Thousands of dollars",19437,18405,19404,22623,26693,31660,38121,34567,31131,26359,23293,31081,40288,50135,45942,47334,48227,47877,47451,44067,50666,55191
 "28071","Lafayette, MS",5,CAGDP2,50,"52,53","  Finance, insurance, real estate, rental, and leasing ","Thousands of dollars",133465,145248,152119,161357,182595,184901,141210,199979,213579,221077,208369,270918,283762,324527,325918,336685,319635,347355,346117,393569,388211,419406
 "28071","Lafayette, MS",5,CAGDP2,51,"52","   Finance and insurance ","Thousands of dollars",41455,43292,44691,46274,51301,48954,52077,51310,52200,51134,56324,70837,79457,88106,91665,95743,95595,99362,106027,126610,112336,124562
 "28071","Lafayette, MS",5,CAGDP2,56,"53","   Real estate and rental and leasing ","Thousands of dollars",92010,101956,107427,115083,131293,135947,89133,148670,161379,169943,152045,200081,204306,236421,234252,240942,224040,247993,240090,266959,275875,294844
 "28071","Lafayette, MS",5,CAGDP2,59,"54,55,56","  Professional and business services ","Thousands of dollars",49548,56965,72556,89830,110915,123304,135703,148322,134394,140487,148372,155719,164914,167463,191013,205472,211602,229680,236692,233015,271262,282402
 "28071","Lafayette, MS",5,CAGDP2,60,"54","   Professional, scientific, and technical services ","Thousands of dollars",35337,41980,50077,60953,80394,93251,104635,117933,111523,118861,122346,123958,130329,128337,146812,152416,161800,163055,169418,161281,185836,192058
 "28071","Lafayette, MS",5,CAGDP2,64,"55","   Management of companies and enterprises ","Thousands of dollars",1705,1705,2510,2383,2501,2641,2758,2943,2443,2224,2848,3486,3049,3273,3734,3865,4781,9642,8695,9355,15439,14301
 "28071","Lafayette, MS",5,CAGDP2,65,"56","   Administrative and support and waste management and remediation services ","Thousands of dollars",12506,13280,19969,26495,28020,27411,28310,27446,20427,19401,23178,28275,31535,35854,40467,49191,45022,56982,58579,62378,69987,76043
 "28071","Lafayette, MS",5,CAGDP2,68,"61,62","  Educational services, health care, and social assistance ","Thousands of dollars",105269,109200,111953,119562,129259,138500,146744,150826,157876,167883,185591,200272,206317,214804,221201,241736,252581,277431,280735,283867,305574,338711
 "28071","Lafayette, MS",5,CAGDP2,69,"61","   Educational services ","Thousands of dollars",3424,3061,(D),2942,3014,4598,5202,5252,6437,7666,9167,10003,9280,9537,8067,7492,7139,7378,8664,9489,10453,11722
 "28071","Lafayette, MS",5,CAGDP2,70,"62","   Health care and social assistance ","Thousands of dollars",101845,106139,(D),116620,126245,133902,141541,145574,151440,160217,176424,190268,197037,205267,213134,234245,245442,270052,272071,274378,295121,326989
 "28071","Lafayette, MS",5,CAGDP2,75,"71,72","  Arts, entertainment, recreation, accommodation, and food services ","Thousands of dollars",34608,39034,43744,50571,53440,57418,62516,68338,71616,75771,79910,87867,95528,107333,121774,138205,146163,156318,172035,142327,186048,222645
 "28071","Lafayette, MS",5,CAGDP2,76,"71","   Arts, entertainment, and recreation ","Thousands of dollars",1335,1188,1523,1825,1694,1838,2858,3570,3411,3475,4089,4723,4423,4775,6641,9019,11042,13102,16992,14842,22919,31941
 "28071","Lafayette, MS",5,CAGDP2,79,"72","   Accommodation and food services ","Thousands of dollars",33273,37846,42221,48746,51746,55580,59658,64769,68205,72296,75820,83144,91105,102558,115132,129187,135121,143216,155043,127485,163129,190704
 "28071","Lafayette, MS",5,CAGDP2,82,"81","  Other services (except government and government enterprises) ","Thousands of dollars",39418,34723,28206,27796,27078,29730,32756,36760,35583,34745,32977,33700,34785,38041,41423,44523,48785,53124,55422,54042,58668,71572
 "28071","Lafayette, MS",5,CAGDP2,83,"92","Government and government enterprises ","Thousands of dollars",279585,307288,326354,346599,372794,388606,436459,463841,475882,472092,482477,498979,519917,541999,569362,599714,623751,645035,672279,672954,697494,751253
 "28071","Lafayette, MS",5,CAGDP2,87,"11,21","Natural resources and mining ","Thousands of dollars",10526,7283,12861,9585,8197,5924,4760,5489,7452,11112,16032,2493,9817,2293,1873,1747,1565,1716,1630,1996,2884,2319
 "28071","Lafayette, MS",5,CAGDP2,88,"42,44-45","Trade ","Thousands of dollars",92924,99373,105006,109017,117582,133678,139337,135990,132111,137494,141663,154723,173050,181001,187107,199623,201898,200877,197585,213253,255688,270936
 "28071","Lafayette, MS",5,CAGDP2,89,"22,48-49","Transportation and utilities ","Thousands of dollars",10782,11207,11900,13103,14950,15834,15028,12998,13346,14265,16068,18118,17920,15619,16762,17670,17748,19360,22121,22157,26725,30822
 "28071","Lafayette, MS",5,CAGDP2,90,"31-33,51","Manufacturing and information ","Thousands of dollars",110965,111674,106302,103623,126372,165288,186699,170592,122050,116637,126398,143078,159832,173762,182366,196489,198620,193041,202827,205893,209206,234844
 "28071","Lafayette, MS",5,CAGDP2,91,"...","Private goods-producing industries 2/","Thousands of dollars",158413,159493,154342,140175,174511,232396,231646,220387,165291,145284,164520,159823,173052,158939,158710,174474,203966,203074,216567,208232,221583,242531
 "28071","Lafayette, MS",5,CAGDP2,92,"...","Private services-providing industries 3/","Thousands of dollars",485450,514156,544886,593858,662511,715025,711414,787781,789636,818080,836242,952398,1016564,1098924,1151139,1231248,1246638,1332021,1358158,1386298,1542842,1691685
 "28073","Lamar, MS",5,CAGDP2,1,"...","All industry total ","Thousands of dollars",800349,865383,939393,1015018,1086710,1261942,1293564,1375350,1330647,1436828,1449488,1461950,1547604,1568527,1652776,1656334,1706427,1733930,1802839,1849032,2114382,2318766
 "28073","Lamar, MS",5,CAGDP2,2,"..."," Private industries ","Thousands of dollars",737590,796003,862499,930854,993627,1162214,1176537,1240942,1189483,1302904,1316627,1325939,1405932,1423366,1507418,1504486,1550731,1568039,1631574,1670638,1928942,2116285
 "28073","Lamar, MS",5,CAGDP2,3,"11","  Agriculture, forestry, fishing and hunting ","Thousands of dollars",14749,16836,16928,26124,22530,26715,23047,14813,16882,16485,12441,14601,27433,30198,26422,18815,27375,28264,23134,13659,26716,34487
 "28073","Lamar, MS",5,CAGDP2,6,"21","  Mining, quarrying, and oil and gas extraction ","Thousands of dollars",9411,8477,9912,16029,18494,25759,36893,51123,34540,32306,39185,39809,37593,35699,16783,11265,13347,14776,12698,8109,16859,25140
 "28073","Lamar, MS",5,CAGDP2,10,"22","  Utilities ","Thousands of dollars",64592,77699,96802,98825,95067,110483,103394,106432,89675,105213,80337,58415,59106,50505,26908,32822,24337,31199,26505,26965,29287,30886
 "28073","Lamar, MS",5,CAGDP2,11,"23","  Construction ","Thousands of dollars",42207,41305,47247,61126,68942,106005,104236,82099,88868,82876,85060,74985,62589,59999,79151,87961,84736,87904,99846,97515,102457,106265
 "28073","Lamar, MS",5,CAGDP2,12,"31-33","  Manufacturing ","Thousands of dollars",56211,59675,73654,66165,72151,94481,103269,97776,82241,124819,94511,62458,51160,26942,26072,25193,24176,25899,27983,28147,42806,73288
 "28073","Lamar, MS",5,CAGDP2,13,"321,327-339","   Durable goods manufacturing ","Thousands of dollars",42917,46143,50002,45894,45143,65116,77536,66565,58420,113146,82984,47032,44352,19586,18883,17906,13882,(D),14988,16527,24590,38069
 "28073","Lamar, MS",5,CAGDP2,25,"311-316,322-326","   Nondurable goods manufacturing ","Thousands of dollars",13295,13532,23652,20271,27008,29365,25732,31211,23820,11673,11527,15425,6808,7356,7189,7287,10294,(D),12996,11620,18216,35218
 "28073","Lamar, MS",5,CAGDP2,34,"42","  Wholesale trade ","Thousands of dollars",24268,24757,27114,25017,25245,29626,26901,31935,34330,43369,45705,46394,53286,52544,57304,63094,74973,83713,87632,97346,103193,109562
 "28073","Lamar, MS",5,CAGDP2,35,"44-45","  Retail trade ","Thousands of dollars",119902,121509,135566,145771,167874,195188,200782,199543,192200,197306,205224,210635,230525,254715,271236,276939,291376,276632,294443,326886,395991,416440
 "28073","Lamar, MS",5,CAGDP2,36,"48-49","  Transportation and warehousing ","Thousands of dollars",27712,24851,27088,33640,37418,44041,57039,60292,48416,40683,53167,50427,69837,46650,48283,38920,28780,26912,31628,35296,41609,51900
 "28073","Lamar, MS",5,CAGDP2,45,"51","  Information ","Thousands of dollars",24541,25967,24205,20181,20591,16850,15205,15053,14030,13287,14236,19583,22522,26192,27526,30797,31169,32585,33342,33986,37569,38136
 "28073","Lamar, MS",5,CAGDP2,50,"52,53","  Finance, insurance, real estate, rental, and leasing ","Thousands of dollars",135801,142795,151219,162092,184110,200107,156838,196726,203202,229646,248041,279580,307866,321461,362594,349562,363353,363156,367648,389898,427122,455391
 "28073","Lamar, MS",5,CAGDP2,51,"52","   Finance and insurance ","Thousands of dollars",43699,40306,45416,46998,50119,58147,65498,63010,63822,68157,72047,76053,80649,92172,100626,110651,109143,116873,120056,130598,138908,141487
 "28073","Lamar, MS",5,CAGDP2,56,"53","   Real estate and rental and leasing ","Thousands of dollars",92102,102489,105804,115094,133991,141960,91340,133715,139381,161488,175994,203527,227218,229289,261967,238912,254210,246283,247592,259299,288214,313903
 "28073","Lamar, MS",5,CAGDP2,59,"54,55,56","  Professional and business services ","Thousands of dollars",44906,71772,65228,68104,67571,67975,81862,85731,79221,96720,108955,119814,122515,138506,158625,146811,148355,141444,150484,151832,182376,200022
 "28073","Lamar, MS",5,CAGDP2,60,"54","   Professional, scientific, and technical services ","Thousands of dollars",30063,(D),45303,46109,43069,45845,(D),(D),(D),(D),(D),(D),(D),(D),(D),(D),(D),80522,83708,87289,96306,99232
 "28073","Lamar, MS",5,CAGDP2,64,"55","   Management of companies and enterprises ","Thousands of dollars",(D),(D),(D),(D),(D),(D),(D),(D),(D),(D),(D),(D),(D),(D),(D),(D),(D),11248,13294,13923,15412,20727
 "28073","Lamar, MS",5,CAGDP2,65,"56","   Administrative and support and waste management and remediation services ","Thousands of dollars",(D),15917,(D),(D),(D),(D),29861,28242,28050,42970,51229,54617,52344,51177,55242,55704,54337,49675,53482,50619,70658,80064
 "28073","Lamar, MS",5,CAGDP2,68,"61,62","  Educational services, health care, and social assistance ","Thousands of dollars",121644,127283,126152,130028,125986,139018,154827,184077,191698,196567,204101,207268,214085,225992,240640,253098,262231,276568,290714,286530,310156,331371
 "28073","Lamar, MS",5,CAGDP2,69,"61","   Educational services ","Thousands of dollars",(D),1282,1250,1599,1506,1727,2539,3084,3416,4115,4314,4515,4815,5845,6630,7288,7154,7397,10706,10378,14570,8498
 "28073","Lamar, MS",5,CAGDP2,70,"62","   Health care and social assistance ","Thousands of dollars",(D),126001,124902,128429,124480,137291,152288,180993,188282,192452,199787,202754,209270,220148,234010,245810,255077,269171,280008,276151,295586,322873
 "28073","Lamar, MS",5,CAGDP2,75,"71,72","  Arts, entertainment, recreation, accommodation, and food services ","Thousands of dollars",29968,32180,37056,45385,51337,64372,71503,76237,74199,77949,80487,94404,97681,99029,108698,114288,121263,122620,121685,113465,147957,167718
 "28073","Lamar, MS",5,CAGDP2,76,"71","   Arts, entertainment, and recreation ","Thousands of dollars",2162,2779,3570,4365,5786,4710,6257,9237,10576,9691,11167,12968,12640,11264,13450,15325,16348,15354,15000,12773,16557,18927
 "28073","Lamar, MS",5,CAGDP2,79,"72","   Accommodation and food services ","Thousands of dollars",27807,29402,33486,41020,45551,59662,65246,67000,63623,68258,69320,81436,85042,87765,95248,98962,104914,107266,106685,100692,131400,148791
 "28073","Lamar, MS",5,CAGDP2,82,"81","  Other services (except government and government enterprises) ","Thousands of dollars",21676,20898,24329,32367,36311,41592,40738,39104,39981,45678,45176,47566,49735,54932,57179,54920,55260,56367,63832,61005,64845,75680
 "28073","Lamar, MS",5,CAGDP2,83,"92","Government and government enterprises ","Thousands of dollars",62760,69381,76893,84164,93083,99728,117027,134408,141164,133924,132861,136011,141672,145161,145357,151848,155696,165891,171266,178394,185440,202481
 "28073","Lamar, MS",5,CAGDP2,87,"11,21","Natural resources and mining ","Thousands of dollars",24161,25313,26840,42154,41025,52475,59941,65937,51422,48791,51625,54410,65026,65898,43205,30080,40722,43040,35831,21767,43574,59627
 "28073","Lamar, MS",5,CAGDP2,88,"42,44-45","Trade ","Thousands of dollars",144170,146266,162680,170788,193120,224814,227684,231478,226530,240675,250929,257029,283811,307259,328540,340033,366349,360345,382075,424232,499184,526003
 "28073","Lamar, MS",5,CAGDP2,89,"22,48-49","Transportation and utilities ","Thousands of dollars",92304,102550,123890,132465,132484,154524,160433,166724,138092,145896,133504,108842,128942,97154,75191,71742,53117,58110,58133,62261,70896,82785
 "28073","Lamar, MS",5,CAGDP2,90,"31-33,51","Manufacturing and information ","Thousands of dollars",80753,85642,97858,86346,92742,111330,118474,112829,96270,138105,108747,82040,73683,53134,53597,55990,55345,58484,61325,62133,80375,111423
 "28073","Lamar, MS",5,CAGDP2,91,"...","Private goods-producing industries 2/","Thousands of dollars",122579,126292,147741,169445,182117,252960,267446,245812,222531,256486,231197,191853,178774,152839,148427,143235,149634,156843,163661,147430,188837,239180
 "28073","Lamar, MS",5,CAGDP2,92,"...","Private services-providing industries 3/","Thousands of dollars",615011,669711,714759,761410,811510,909254,909091,995130,966952,1046418,1085430,1134086,1227158,1270527,1358991,1361251,1401097,1411196,1467913,1523208,1740105,1877105
 "28075","Lauderdale, MS",5,CAGDP2,1,"...","All industry total ","Thousands of dollars",2121378,2173128,2324774,2400392,2581790,2740833,2679453,3091474,2901600,2804774,2903464,3003426,2943763,2928378,2962014,3013232,3140073,3283531,3441402,3547744,3855358,4212538
 "28075","Lauderdale, MS",5,CAGDP2,2,"..."," Private industries ","Thousands of dollars",1740890,1788527,1922462,1973918,2136567,2285167,2196657,2573926,2383610,2298677,2419246,2505567,2431674,2435355,2456629,2484841,2599469,2767695,2889721,2988235,3263297,3616560
 "28075","Lauderdale, MS",5,CAGDP2,3,"11","  Agriculture, forestry, fishing and hunting ","Thousands of dollars",6372,5720,6171,9858,8239,9650,7349,6689,7110,6677,6939,8228,11408,8065,7707,7994,9260,9988,9481,11351,10295,9936
 "28075","Lauderdale, MS",5,CAGDP2,6,"21","  Mining, quarrying, and oil and gas extraction ","Thousands of dollars",485,414,419,135,0,0,21,33,28,30,29,45,228,376,458,602,1016,1065,1046,841,720,881
 "28075","Lauderdale, MS",5,CAGDP2,10,"22","  Utilities ","Thousands of dollars",9843,10973,9880,20139,21204,21401,22268,22311,22245,20084,21136,19251,21224,21954,21973,23955,23542,25467,25594,32189,33311,34286
 "28075","Lauderdale, MS",5,CAGDP2,11,"23","  Construction ","Thousands of dollars",72412,64499,67972,84708,92358,95813,125400,136051,100512,92400,82501,70405,74466,78338,76780,73804,74594,65775,70126,73987,81238,91525
 "28075","Lauderdale, MS",5,CAGDP2,12,"31-33","  Manufacturing ","Thousands of dollars",243483,245678,290695,262771,343959,420239,406389,620980,480897,356223,400140,382195,231972,214332,209140,210991,272822,346403,417274,330963,439728,624948
 "28075","Lauderdale, MS",5,CAGDP2,13,"321,327-339","   Durable goods manufacturing ","Thousands of dollars",147181,157817,153818,144825,155646,185119,222943,234796,221880,224958,220020,164629,144828,141730,134145,138130,132470,136290,140315,148610,162080,189126
 "28075","Lauderdale, MS",5,CAGDP2,25,"311-316,322-326","   Nondurable goods manufacturing ","Thousands of dollars",96302,87861,136877,117945,188313,235120,183446,386184,259018,131265,180120,217566,87144,72601,74996,72860,140351,210113,276959,182353,277648,435822
 "28075","Lauderdale, MS",5,CAGDP2,34,"42","  Wholesale trade ","Thousands of dollars",171195,166040,175310,177882,175394,175466,168178,183577,162677,178670,195457,217661,230749,258510,275923,293514,320830,346477,366127,426710,521064,576876
 "28075","Lauderdale, MS",5,CAGDP2,35,"44-45","  Retail trade ","Thousands of dollars",214651,229283,248160,249334,268632,292249,289108,288738,286887,297571,292782,298296,312903,319297,322593,334997,343778,340320,343296,363037,411182,432993
 "28075","Lauderdale, MS",5,CAGDP2,36,"48-49","  Transportation and warehousing ","Thousands of dollars",119514,107305,108640,105540,105740,110666,105394,107679,77095,71079,73321,73377,75444,70644,80836,83257,89228,98246,104452,106908,125585,134903
 "28075","Lauderdale, MS",5,CAGDP2,45,"51","  Information ","Thousands of dollars",61151,61152,54575,52803,54301,53105,53313,55365,55404,58822,57578,61625,67820,60601,63313,61108,61772,66110,73780,72068,69186,70536
 "28075","Lauderdale, MS",5,CAGDP2,50,"52,53","  Finance, insurance, real estate, rental, and leasing ","Thousands of dollars",304179,319974,340711,345303,374180,382049,269120,353073,376376,385048,409599,436750,452070,453479,492359,484417,465867,485318,435080,514697,524591,532504
 "28075","Lauderdale, MS",5,CAGDP2,51,"52","   Finance and insurance ","Thousands of dollars",102574,106986,112132,113068,125854,137838,143391,132004,128846,131316,129022,131743,131619,142896,150002,144202,136579,129077,134159,139583,147060,146269
 "28075","Lauderdale, MS",5,CAGDP2,56,"53","   Real estate and rental and leasing ","Thousands of dollars",201606,212988,228579,232234,248326,244211,125729,221069,247530,253732,280577,305008,320451,310583,342357,340215,329289,356241,300920,375113,377530,386236
 "28075","Lauderdale, MS",5,CAGDP2,59,"54,55,56","  Professional and business services ","Thousands of dollars",95214,108992,124446,146809,154703,168769,175785,186456,186209,194232,207627,215155,221632,226217,237925,239519,255526,248560,253470,305992,254282,262558
 "28075","Lauderdale, MS",5,CAGDP2,60,"54","   Professional, scientific, and technical services ","Thousands of dollars",37817,43592,45125,50052,53885,53367,57662,69252,70201,69788,76298,78739,75222,76789,78543,75673,70028,62814,66646,61385,68640,73447
 "28075","Lauderdale, MS",5,CAGDP2,64,"55","   Management of companies and enterprises ","Thousands of dollars",18991,24094,27224,32289,32855,37490,37992,32610,32883,32750,35391,40854,51032,50239,56840,55686,61983,64373,68065,132102,67566,61398
 "28075","Lauderdale, MS",5,CAGDP2,65,"56","   Administrative and support and waste management and remediation services ","Thousands of dollars",38406,41306,52097,64468,67963,77911,80131,84594,83126,91694,95938,95562,95378,99189,102542,108159,123515,121372,118760,112505,118076,127714
 "28075","Lauderdale, MS",5,CAGDP2,68,"61,62","  Educational services, health care, and social assistance ","Thousands of dollars",320866,344511,369516,382148,399813,419213,434221,465939,481415,484639,514037,555220,552699,538438,475615,472040,477912,524092,570052,547787,571426,595440
 "28075","Lauderdale, MS",5,CAGDP2,69,"61","   Educational services ","Thousands of dollars",27749,30332,34374,35523,36135,38133,35325,39609,45058,48613,66744,89253,92414,84534,51746,57875,57023,59462,62720,63016,65544,79067
 "28075","Lauderdale, MS",5,CAGDP2,70,"62","   Health care and social assistance ","Thousands of dollars",293117,314179,335142,346625,363678,381080,398896,426329,436358,436026,447293,465967,460285,453904,423869,414164,420889,464630,507332,484771,505883,516372
 "28075","Lauderdale, MS",5,CAGDP2,75,"71,72","  Arts, entertainment, recreation, accommodation, and food services ","Thousands of dollars",62391,64060,69124,76923,78220,76014,77790,85074,85847,91712,94353,100132,105482,106094,113519,121287,125950,130671,137519,123301,141966,159632
 "28075","Lauderdale, MS",5,CAGDP2,76,"71","   Arts, entertainment, and recreation ","Thousands of dollars",6657,5612,5705,6123,6572,5905,7072,7785,7147,6881,7093,6536,6799,6401,7113,8936,10720,11625,11606,9326,10867,12687
 "28075","Lauderdale, MS",5,CAGDP2,79,"72","   Accommodation and food services ","Thousands of dollars",55733,58448,63419,70800,71648,70109,70718,77289,78699,84831,87260,93595,98683,99693,106407,112351,115230,119046,125913,113975,131099,146945
 "28075","Lauderdale, MS",5,CAGDP2,82,"81","  Other services (except government and government enterprises) ","Thousands of dollars",59134,59926,56843,59566,59826,60531,62320,61960,60908,61489,63747,67228,73578,79011,78488,77357,77372,79202,82425,78404,78722,89541
 "28075","Lauderdale, MS",5,CAGDP2,83,"92","Government and government enterprises ","Thousands of dollars",380488,384601,402312,426474,445223,455666,482796,517547,517990,506097,484218,497859,512089,493022,505384,528390,540604,515836,551681,559509,592061,595978
 "28075","Lauderdale, MS",5,CAGDP2,87,"11,21","Natural resources and mining ","Thousands of dollars",6857,6133,6590,9993,8239,9650,7370,6722,7138,6707,6969,8273,11636,8441,8165,8597,10276,11054,10527,12193,11016,10817
 "28075","Lauderdale, MS",5,CAGDP2,88,"42,44-45","Trade ","Thousands of dollars",385847,395323,423470,427216,444026,467715,457287,472316,449564,476241,488239,515957,543653,577807,598516,628511,664608,686797,709423,789747,932246,1009869
 "28075","Lauderdale, MS",5,CAGDP2,89,"22,48-49","Transportation and utilities ","Thousands of dollars",129356,118278,118519,125679,126944,132067,127662,129990,99340,91163,94457,92628,96667,92598,102809,107213,112770,123713,130046,139097,158896,169188
 "28075","Lauderdale, MS",5,CAGDP2,90,"31-33,51","Manufacturing and information ","Thousands of dollars",304633,306831,345270,315573,398259,473345,459702,676345,536301,415045,457718,443820,299792,274933,272454,272099,334593,412513,491054,403031,508914,695484
 "28075","Lauderdale, MS",5,CAGDP2,91,"...","Private goods-producing industries 2/","Thousands of dollars",322752,316311,365258,357472,444555,525702,539159,763753,588548,455330,489610,460873,318074,301111,294085,293391,357691,423232,497926,417143,531982,727290
 "28075","Lauderdale, MS",5,CAGDP2,92,"...","Private services-providing industries 3/","Thousands of dollars",1418138,1472216,1557204,1616446,1692012,1759464,1657498,1810173,1795062,1843347,1929636,2044694,2113601,2134245,2162544,2191451,2241778,2344463,2391795,2571092,2731315,2889269
 "28077","Lawrence, MS",5,CAGDP2,1,"...","All industry total ","Thousands of dollars",241380,234688,257303,302661,292570,288624,284266,291549,303803,324584,293621,340273,369683,380122,384948,338343,362905,378645,352119,333609,384651,431894
 "28077","Lawrence, MS",5,CAGDP2,2,"..."," Private industries ","Thousands of dollars",213377,205509,225883,270047,257392,251817,244389,250332,261392,283396,253293,299429,327106,337389,341176,293605,318124,334211,308017,290007,338530,382515
 "28077","Lawrence, MS",5,CAGDP2,3,"11","  Agriculture, forestry, fishing and hunting ","Thousands of dollars",20205,21864,(D),(D),31944,25072,25175,39750,37262,38958,7200,28809,49673,61663,49259,36109,52486,52967,39999,18677,43217,66894
 "28077","Lawrence, MS",5,CAGDP2,6,"21","  Mining, quarrying, and oil and gas extraction ","Thousands of dollars",1000,1526,2666,2481,2530,3048,4527,7504,3634,2298,2494,2078,2187,1728,1976,1552,1030,1181,1267,472,2351,3333
 "28077","Lawrence, MS",5,CAGDP2,10,"22","  Utilities ","Thousands of dollars",17363,6368,5473,16387,16767,18727,17915,17497,20593,21213,23858,23137,22986,21606,22240,22366,24288,22310,21861,23277,22818,24784
 "28077","Lawrence, MS",5,CAGDP2,11,"23","  Construction ","Thousands of dollars",8736,5946,(D),(D),6999,10291,16075,17755,14043,20001,16470,16661,17230,16631,19491,10367,7491,7897,8920,12496,12776,13498
 "28077","Lawrence, MS",5,CAGDP2,12,"31-33","  Manufacturing ","Thousands of dollars",95316,96074,116903,133324,122433,118308,114295,90909,107222,120170,117081,130295,139544,142076,152993,124360,126537,139961,124394,126706,137361,138403
 "28077","Lawrence, MS",5,CAGDP2,13,"321,327-339","   Durable goods manufacturing ","Thousands of dollars",(D),(D),(D),(D),(D),(D),(D),(D),(D),(D),(D),(D),24602,22490,24794,25536,24029,25241,20428,21781,26934,27629
 "28077","Lawrence, MS",5,CAGDP2,25,"311-316,322-326","   Nondurable goods manufacturing ","Thousands of dollars",(D),(D),(D),(D),(D),(D),(D),(D),(D),(D),(D),(D),114942,119587,128199,98824,102508,114720,103966,104925,110426,110774
 "28077","Lawrence, MS",5,CAGDP2,34,"42","  Wholesale trade ","Thousands of dollars",5143,4752,4260,3127,1707,(D),1074,1461,(D),(D),(D),(D),(D),(D),(D),(D),(D),(D),(D),(D),(D),(D)
 "28077","Lawrence, MS",5,CAGDP2,35,"44-45","  Retail trade ","Thousands of dollars",9136,9643,10648,10739,10959,11205,10443,11163,11796,11866,12639,13396,13685,12404,12694,12939,14683,17548,19767,20914,20716,22200
 "28077","Lawrence, MS",5,CAGDP2,36,"48-49","  Transportation and warehousing ","Thousands of dollars",6185,5781,6428,7113,6626,(D),7337,7082,(D),(D),(D),8648,(D),(D),(D),(D),(D),(D),(D),(D),(D),18889
 "28077","Lawrence, MS",5,CAGDP2,45,"51","  Information ","Thousands of dollars",3067,2753,2509,2646,3194,3457,3641,3756,3345,2971,2247,1601,(D),(D),(D),(D),(D),(D),(D),(D),(D),(D)
 "28077","Lawrence, MS",5,CAGDP2,50,"52,53","  Finance, insurance, real estate, rental, and leasing ","Thousands of dollars",28057,29929,30629,30288,33770,32481,21744,30708,32991,34467,38589,47930,45152,44168,42936,47258,49368,49445,48501,45021,47365,48137
 "28077","Lawrence, MS",5,CAGDP2,51,"52","   Finance and insurance ","Thousands of dollars",5818,6124,6175,6156,6620,6356,(D),(D),(D),(D),(D),(D),(D),(D),(D),(D),8936,10133,10462,10975,10755,11035
 "28077","Lawrence, MS",5,CAGDP2,56,"53","   Real estate and rental and leasing ","Thousands of dollars",22239,23805,24454,24132,27150,26124,(D),(D),(D),(D),(D),(D),(D),(D),(D),(D),40432,39312,38038,34046,36611,37102
 "28077","Lawrence, MS",5,CAGDP2,59,"54,55,56","  Professional and business services ","Thousands of dollars",4903,5365,4965,4698,4572,4859,5071,5179,4730,4851,5889,(D),5597,6178,6563,5230,5818,6878,7465,6927,8805,11425
 "28077","Lawrence, MS",5,CAGDP2,60,"54","   Professional, scientific, and technical services ","Thousands of dollars",(D),(D),(D),(D),(D),3031,3177,(D),(D),(D),(D),3209,3389,(D),(D),3381,3782,4741,(D),(D),(D),(D)
 "28077","Lawrence, MS",5,CAGDP2,64,"55","   Management of companies and enterprises ","Thousands of dollars",(D),(D),(D),(D),(D),(D),(D),(D),(D),(D),(D),(D),(D),(D),(D),(D),(D),(D),(D),(D),(D),(D)
 "28077","Lawrence, MS",5,CAGDP2,65,"56","   Administrative and support and waste management and remediation services ","Thousands of dollars",1973,2266,2050,(D),(D),(D),(D),(D),1355,1457,1963,(D),(D),1513,1530,(D),(D),(D),1300,1400,2415,3595
 "28077","Lawrence, MS",5,CAGDP2,68,"61,62","  Educational services, health care, and social assistance ","Thousands of dollars",6137,6958,6701,7768,7699,8068,8820,9145,9768,9192,9237,8994,8648,8616,9756,11083,11770,11315,10325,9391,10152,11974
 "28077","Lawrence, MS",5,CAGDP2,69,"61","   Educational services ","Thousands of dollars",154,158,133,130,83,114,202,181,186,199,237,229,263,221,220,158,323,162,238,101,172,(D)
 "28077","Lawrence, MS",5,CAGDP2,70,"62","   Health care and social assistance ","Thousands of dollars",5982,6799,6568,7638,7615,7954,8618,8964,9582,8993,9000,8765,8385,8395,9536,10925,11447,11153,10087,9290,9980,(D)
 "28077","Lawrence, MS",5,CAGDP2,75,"71,72","  Arts, entertainment, recreation, accommodation, and food services ","Thousands of dollars",1983,2028,1922,2045,1923,1938,1888,2089,2403,2393,2276,2292,2901,3211,4113,4436,3881,3627,3461,3578,4228,4704
 "28077","Lawrence, MS",5,CAGDP2,76,"71","   Arts, entertainment, and recreation ","Thousands of dollars",(D),16,15,40,45,22,5,2,8,15,24,20,22,8,6,10,0,0,113,12,61,115
 "28077","Lawrence, MS",5,CAGDP2,79,"72","   Accommodation and food services ","Thousands of dollars",(D),2012,1907,2005,1878,1916,1883,2087,2396,2378,2252,2272,2879,3203,4107,4426,3881,3627,3348,3566,4167,4589
 "28077","Lawrence, MS",5,CAGDP2,82,"81","  Other services (except government and government enterprises) ","Thousands of dollars",6145,6522,6003,6014,6269,6499,6385,6335,6753,6908,6065,6236,6181,(D),(D),(D),(D),(D),(D),(D),(D),(D)
 "28077","Lawrence, MS",5,CAGDP2,83,"92","Government and government enterprises ","Thousands of dollars",28003,29179,31421,32614,35178,36807,39876,41218,42412,41188,40328,40843,42577,42734,43772,44739,44781,44434,44102,43602,46120,49378
 "28077","Lawrence, MS",5,CAGDP2,87,"11,21","Natural resources and mining ","Thousands of dollars",21205,23390,(D),(D),34473,28120,29702,47253,40896,41256,9694,30888,51861,63391,51235,37661,53516,54148,41267,19149,45568,70227
 "28077","Lawrence, MS",5,CAGDP2,88,"42,44-45","Trade ","Thousands of dollars",14278,14395,14909,13866,12666,(D),11517,12624,(D),(D),(D),(D),(D),(D),(D),(D),(D),(D),(D),(D),(D),(D)
 "28077","Lawrence, MS",5,CAGDP2,89,"22,48-49","Transportation and utilities ","Thousands of dollars",23548,12149,11901,23500,23393,(D),25252,24578,(D),(D),(D),31785,(D),(D),(D),(D),(D),(D),(D),(D),(D),43673
 "28077","Lawrence, MS",5,CAGDP2,90,"31-33,51","Manufacturing and information ","Thousands of dollars",98383,98827,119412,135969,125628,121765,117935,94665,110567,123141,119328,131896,(D),(D),(D),(D),(D),(D),(D),(D),(D),(D)
 "28077","Lawrence, MS",5,CAGDP2,91,"...","Private goods-producing industries 2/","Thousands of dollars",125258,125410,146344,179221,163905,156719,160072,155917,162161,181427,143244,177844,208635,222099,223719,172388,187545,202007,174580,158351,195705,222127
 "28077","Lawrence, MS",5,CAGDP2,92,"...","Private services-providing industries 3/","Thousands of dollars",88119,80099,79539,90826,93486,95097,84318,94415,99231,101969,110049,121586,118471,115290,117457,121217,130580,132204,133436,131656,142825,160388
 "28079","Leake, MS",5,CAGDP2,1,"...","All industry total ","Thousands of dollars",344514,349288,352217,409752,387031,379706,360343,452471,624609,574320,461454,413206,471186,549048,533458,490057,552584,575929,576718,523392,679235,777375
 "28079","Leake, MS",5,CAGDP2,2,"..."," Private industries ","Thousands of dollars",303742,301986,303188,353465,332548,328603,304361,390031,559387,511186,402182,364213,422391,499028,483204,439468,503016,525543,525088,469557,623368,719013
 "28079","Leake, MS",5,CAGDP2,3,"11","  Agriculture, forestry, fishing and hunting ","Thousands of dollars",47802,54101,49398,98408,77109,52867,43929,(D),72902,91186,14206,54554,99936,181104,163831,120759,182279,184242,130979,33839,136241,232584
 "28079","Leake, MS",5,CAGDP2,6,"21","  Mining, quarrying, and oil and gas extraction ","Thousands of dollars",0,0,0,0,0,0,0,0,221,363,423,839,787,1188,784,239,826,964,713,340,437,581
 "28079","Leake, MS",5,CAGDP2,10,"22","  Utilities ","Thousands of dollars",4749,5069,5775,6279,6854,7202,7067,7381,7472,7566,7092,6682,6978,7058,7118,7777,7690,7834,8559,8349,9235,9486
 "28079","Leake, MS",5,CAGDP2,11,"23","  Construction ","Thousands of dollars",(D),(D),(D),(D),(D),(D),(D),(D),(D),(D),(D),(D),(D),(D),(D),(D),(D),(D),(D),(D),(D),(D)
 "28079","Leake, MS",5,CAGDP2,12,"31-33","  Manufacturing ","Thousands of dollars",(D),(D),(D),(D),(D),(D),(D),123163,(D),(D),(D),(D),(D),(D),(D),(D),(D),(D),(D),(D),(D),(D)
 "28079","Leake, MS",5,CAGDP2,13,"321,327-339","   Durable goods manufacturing ","Thousands of dollars",(D),(D),(D),(D),(D),(D),(D),(D),(D),(D),(D),(D),(D),(D),(D),(D),(D),(D),(D),(D),(D),(D)
 "28079","Leake, MS",5,CAGDP2,25,"311-316,322-326","   Nondurable goods manufacturing ","Thousands of dollars",(D),(D),(D),(D),(D),(D),(D),(D),(D),(D),(D),(D),81821,78775,81210,79119,85395,86829,125776,154133,207453,198656
 "28079","Leake, MS",5,CAGDP2,34,"42","  Wholesale trade ","Thousands of dollars",5332,6100,7351,7712,7559,8330,9235,9798,9404,8835,8677,8422,8060,7665,8674,8367,7566,7111,7227,8017,8836,8620
 "28079","Leake, MS",5,CAGDP2,35,"44-45","  Retail trade ","Thousands of dollars",29108,28357,29284,33009,34063,35983,32434,32652,34126,36907,37686,38315,40480,39744,38069,39256,44185,47928,50278,53013,55740,56772
 "28079","Leake, MS",5,CAGDP2,36,"48-49","  Transportation and warehousing ","Thousands of dollars",6731,6991,7085,8748,7904,7986,9422,8298,5592,4979,5011,4401,4095,3399,3524,3622,5112,6570,6987,8454,10040,10628
 "28079","Leake, MS",5,CAGDP2,45,"51","  Information ","Thousands of dollars",2605,3016,2682,2764,2873,(D),(D),(D),(D),(D),(D),(D),3429,(D),(D),(D),(D),(D),(D),(D),(D),(D)
 "28079","Leake, MS",5,CAGDP2,50,"52,53","  Finance, insurance, real estate, rental, and leasing ","Thousands of dollars",52700,56692,56079,58777,65315,61744,38288,56709,65401,64245,73391,72346,72830,70287,73787,76356,73821,80145,79438,88932,80085,78191
 "28079","Leake, MS",5,CAGDP2,51,"52","   Finance and insurance ","Thousands of dollars",19308,19593,18732,20187,21604,19969,22653,21345,21014,(D),20338,20069,(D),21999,(D),21935,20333,20334,21475,22610,23675,21518
 "28079","Leake, MS",5,CAGDP2,56,"53","   Real estate and rental and leasing ","Thousands of dollars",33392,37099,37347,38590,43711,41776,15634,35364,44386,(D),53053,52277,(D),48287,(D),54421,53489,59811,57963,66322,56409,56674
 "28079","Leake, MS",5,CAGDP2,59,"54,55,56","  Professional and business services ","Thousands of dollars",11820,13363,13579,13766,(D),13908,14633,17024,17605,16385,17809,18842,22083,22645,20282,17070,13846,13703,14175,12655,8427,10686
 "28079","Leake, MS",5,CAGDP2,60,"54","   Professional, scientific, and technical services ","Thousands of dollars",(D),(D),3226,(D),3085,3261,3847,4822,4288,4333,4853,5637,5891,6442,6286,5426,5886,5597,5890,4300,4529,6037
 "28079","Leake, MS",5,CAGDP2,64,"55","   Management of companies and enterprises ","Thousands of dollars",(D),(D),(D),(D),(D),(D),(D),(D),(D),(D),(D),(D),(D),(D),(D),(D),(D),(D),(D),(D),(D),(D)
 "28079","Leake, MS",5,CAGDP2,65,"56","   Administrative and support and waste management and remediation services ","Thousands of dollars",9070,10434,(D),10451,(D),(D),(D),(D),(D),(D),(D),(D),(D),(D),(D),(D),(D),(D),(D),(D),(D),(D)
 "28079","Leake, MS",5,CAGDP2,68,"61,62","  Educational services, health care, and social assistance ","Thousands of dollars",21933,23596,25389,21971,20132,21213,21777,26145,28853,31695,32687,39851,40103,42662,43087,44135,45896,46776,48436,48604,50705,51319
 "28079","Leake, MS",5,CAGDP2,69,"61","   Educational services ","Thousands of dollars",(D),(D),(D),(D),(D),(D),(D),(D),(D),(D),(D),(D),(D),(D),(D),(D),(D),(D),(D),(D),(D),(D)
 "28079","Leake, MS",5,CAGDP2,70,"62","   Health care and social assistance ","Thousands of dollars",(D),(D),(D),(D),(D),(D),(D),(D),(D),(D),(D),(D),(D),(D),(D),(D),(D),(D),(D),(D),(D),(D)
 "28079","Leake, MS",5,CAGDP2,75,"71,72","  Arts, entertainment, recreation, accommodation, and food services ","Thousands of dollars",5184,5783,6251,8824,(D),8070,8088,9104,10240,10805,10401,10998,10317,10498,10972,11021,10318,11275,11750,12503,15909,17190
 "28079","Leake, MS",5,CAGDP2,76,"71","   Arts, entertainment, and recreation ","Thousands of dollars",439,549,655,764,(D),875,1128,1095,967,850,863,892,691,534,472,451,(D),405,422,(D),(D),(D)
 "28079","Leake, MS",5,CAGDP2,79,"72","   Accommodation and food services ","Thousands of dollars",4745,5234,5596,8060,7570,7195,6960,8009,9272,9955,9538,10106,9626,9963,10500,10570,(D),10870,11328,(D),(D),(D)
 "28079","Leake, MS",5,CAGDP2,82,"81","  Other services (except government and government enterprises) ","Thousands of dollars",10723,11072,10032,10012,11251,(D),(D),(D),(D),(D),(D),(D),16126,(D),(D),(D),(D),(D),(D),(D),(D),(D)
 "28079","Leake, MS",5,CAGDP2,83,"92","Government and government enterprises ","Thousands of dollars",40772,47302,49029,56287,54483,51104,55982,62439,65223,63134,59272,48993,48795,50020,50253,50589,49568,50386,51630,53835,55866,58362
 "28079","Leake, MS",5,CAGDP2,87,"11,21","Natural resources and mining ","Thousands of dollars",47802,54101,49398,98408,77109,52867,43929,(D),73123,91549,14629,55393,100724,182292,164615,120997,183106,185206,131692,34179,136678,233165
 "28079","Leake, MS",5,CAGDP2,88,"42,44-45","Trade ","Thousands of dollars",34440,34458,36635,40721,41622,44313,41669,42450,43530,45742,46362,46737,48540,47409,46743,47623,51751,55039,57504,61030,64575,65392
 "28079","Leake, MS",5,CAGDP2,89,"22,48-49","Transportation and utilities ","Thousands of dollars",11481,12061,12860,15026,14758,15187,16489,15679,13064,12545,12103,11082,11073,10457,10642,11400,12802,14404,15546,16803,19275,20114
 "28079","Leake, MS",5,CAGDP2,90,"31-33,51","Manufacturing and information ","Thousands of dollars",(D),(D),(D),(D),(D),89481,98424,(D),285383,214628,170658,83034,(D),83623,88485,87372,89930,96073,142723,170430,223087,214951
 "28079","Leake, MS",5,CAGDP2,91,"...","Private goods-producing industries 2/","Thousands of dollars",152856,141946,139681,181603,154984,149181,149112,209047,366840,315468,193830,146849,197889,274446,257335,210997,278097,281903,268052,198787,355253,444125
 "28079","Leake, MS",5,CAGDP2,92,"...","Private services-providing industries 3/","Thousands of dollars",150885,160040,163507,171862,177564,179422,155249,180985,192546,195718,208352,217363,224502,224582,225869,228471,224919,243640,257037,270769,268116,274888
 "28081","Lee, MS",5,CAGDP2,1,"...","All industry total ","Thousands of dollars",3125427,3244459,3313088,3435646,3462835,3462063,3491598,3709332,3632722,3846363,4052853,4273332,4385167,4330903,4697430,4732869,4840741,4865010,5141961,4975085,5506957,5875639
 "28081","Lee, MS",5,CAGDP2,2,"..."," Private industries ","Thousands of dollars",2901316,3004899,3058277,3169114,3181867,3175716,3174526,3375461,3286567,3499286,3713098,3931958,4037220,3975004,4339130,4363926,4464983,4482697,4747989,4577629,5099001,5446607
 "28081","Lee, MS",5,CAGDP2,3,"11","  Agriculture, forestry, fishing and hunting ","Thousands of dollars",10147,1460,7711,10607,(D),(D),(D),(D),(D),(D),(D),(D),(D),(D),(D),(D),(D),(D),(D),(D),16497,6865
 "28081","Lee, MS",5,CAGDP2,6,"21","  Mining, quarrying, and oil and gas extraction ","Thousands of dollars",237,187,407,719,588,512,546,734,369,321,308,241,290,344,176,137,0,0,0,0,(D),(D)
 "28081","Lee, MS",5,CAGDP2,10,"22","  Utilities ","Thousands of dollars",8837,8955,9005,9875,(D),(D),(D),(D),(D),(D),(D),(D),(D),(D),(D),(D),(D),(D),(D),(D),(D),(D)
 "28081","Lee, MS",5,CAGDP2,11,"23","  Construction ","Thousands of dollars",82484,85688,86805,96051,105890,91950,88845,158112,131632,101388,95025,76940,75612,84278,90285,91264,98181,105759,109493,105347,111824,117651
 "28081","Lee, MS",5,CAGDP2,12,"31-33","  Manufacturing ","Thousands of dollars",991082,1018287,1000314,1007491,959926,902988,926439,883457,804169,922411,960966,1031173,1074415,999117,1176206,1044577,1114062,1000972,1079671,871278,1013552,1093139
 "28081","Lee, MS",5,CAGDP2,13,"321,327-339","   Durable goods manufacturing ","Thousands of dollars",(D),(D),(D),(D),598419,548863,557919,539339,433295,457349,482434,547968,550373,499212,532280,523319,570873,544872,557852,523891,608883,638511
 "28081","Lee, MS",5,CAGDP2,25,"311-316,322-326","   Nondurable goods manufacturing ","Thousands of dollars",(D),(D),(D),(D),361507,354124,368520,344118,370874,465062,478532,483205,524042,499905,643926,521258,543189,456100,521819,347387,404670,454627
 "28081","Lee, MS",5,CAGDP2,34,"42","  Wholesale trade ","Thousands of dollars",211617,212719,226352,233157,235619,232921,235391,234242,231549,240521,254742,258383,248155,230014,239600,241431,250830,282990,318035,316218,340533,360237
 "28081","Lee, MS",5,CAGDP2,35,"44-45","  Retail trade ","Thousands of dollars",278767,289381,306343,316479,327572,348305,341576,343654,344098,368496,386710,399125,402474,412281,428674,471828,475124,462151,455048,458354,541104,578253
 "28081","Lee, MS",5,CAGDP2,36,"48-49","  Transportation and warehousing ","Thousands of dollars",84736,87484,99348,106845,117662,122613,105839,105787,96282,100547,106879,114404,111015,102573,109197,116813,121647,128623,144367,153672,163104,184832
 "28081","Lee, MS",5,CAGDP2,45,"51","  Information ","Thousands of dollars",65238,65151,61215,60241,64728,70113,80629,107541,98609,111976,123303,175095,195997,195365,235848,227423,210195,206680,219949,220421,244667,279809
 "28081","Lee, MS",5,CAGDP2,50,"52,53","  Finance, insurance, real estate, rental, and leasing ","Thousands of dollars",405538,408845,398609,402161,410205,396985,334003,385900,404254,445283,514596,553155,599173,614955,660638,685234,668926,709977,750045,804143,851788,882621
 "28081","Lee, MS",5,CAGDP2,51,"52","   Finance and insurance ","Thousands of dollars",176281,174545,176794,179891,177362,173089,192276,170933,169246,179139,195587,216964,231174,263420,289313,296712,307730,335113,344349,383309,409422,413054
 "28081","Lee, MS",5,CAGDP2,56,"53","   Real estate and rental and leasing ","Thousands of dollars",229257,234301,221815,222271,232842,223896,141728,214968,235008,266144,319008,336191,367999,351535,371325,388522,361197,374864,405697,420834,442367,469567
 "28081","Lee, MS",5,CAGDP2,59,"54,55,56","  Professional and business services ","Thousands of dollars",215784,239452,247574,287706,295503,323962,329553,375754,376865,398999,429056,443673,442246,456019,487041,513183,496231,528067,566674,567218,652035,679038
 "28081","Lee, MS",5,CAGDP2,60,"54","   Professional, scientific, and technical services ","Thousands of dollars",83002,86759,89649,100661,127786,137694,141750,161070,149637,155514,160490,126146,123300,123394,142417,153731,168202,181058,194873,205212,219137,239243
 "28081","Lee, MS",5,CAGDP2,64,"55","   Management of companies and enterprises ","Thousands of dollars",71930,88119,92268,114772,81770,82978,80918,86381,85493,77018,82148,85191,80489,79300,81266,81060,73067,78187,79512,77373,91219,95586
 "28081","Lee, MS",5,CAGDP2,65,"56","   Administrative and support and waste management and remediation services ","Thousands of dollars",60851,64573,65656,72273,85947,103290,106885,128303,141734,166466,186419,232336,238458,253324,263358,278393,254962,268822,292289,284633,341679,344209
 "28081","Lee, MS",5,CAGDP2,68,"61,62","  Educational services, health care, and social assistance ","Thousands of dollars",374956,407674,433379,446669,(D),(D),(D),(D),(D),(D),(D),(D),623444,(D),(D),(D),(D),(D),(D),(D),(D),(D)
 "28081","Lee, MS",5,CAGDP2,69,"61","   Educational services ","Thousands of dollars",4311,3913,4271,5483,(D),(D),(D),(D),(D),(D),(D),(D),23067,(D),(D),(D),(D),(D),(D),(D),(D),(D)
 "28081","Lee, MS",5,CAGDP2,70,"62","   Health care and social assistance ","Thousands of dollars",370645,403761,429107,441186,441643,469010,497191,528652,560260,568778,578429,599274,600376,611342,634230,684964,730539,747284,774893,759933,803014,858320
 "28081","Lee, MS",5,CAGDP2,75,"71,72","  Arts, entertainment, recreation, accommodation, and food services ","Thousands of dollars",81700,86697,92449,104310,109186,106927,114398,120342,118086,120196,127978,135261,(D),139115,148482,153122,162065,168457,181054,166769,209969,243496
 "28081","Lee, MS",5,CAGDP2,76,"71","   Arts, entertainment, and recreation ","Thousands of dollars",16108,17714,19793,23186,25725,21013,23140,24139,20689,20461,23305,23800,(D),23397,24227,26369,25848,25549,25962,23843,32832,38534
 "28081","Lee, MS",5,CAGDP2,79,"72","   Accommodation and food services ","Thousands of dollars",65592,68983,72656,81125,83461,85914,91259,96203,97397,99735,104673,111462,112307,115719,124255,126753,136216,142907,155092,142926,177136,204962
 "28081","Lee, MS",5,CAGDP2,82,"81","  Other services (except government and government enterprises) ","Thousands of dollars",90191,92919,88766,86803,87028,89609,89544,90840,91548,90387,90241,96440,96157,99947,101835,106638,103341,106415,112325,113007,121074,129567
 "28081","Lee, MS",5,CAGDP2,83,"92","Government and government enterprises ","Thousands of dollars",224111,239560,254812,266533,280968,286348,317072,333871,346155,347077,339755,341374,347947,355899,358300,368943,375758,382313,393972,397456,407956,429032
 "28081","Lee, MS",5,CAGDP2,87,"11,21","Natural resources and mining ","Thousands of dollars",10385,1646,8118,11326,(D),(D),(D),(D),(D),(D),(D),(D),(D),(D),(D),(D),(D),(D),(D),(D),(D),(D)
 "28081","Lee, MS",5,CAGDP2,88,"42,44-45","Trade ","Thousands of dollars",490384,502100,532695,549636,563191,581226,576967,577896,575648,609016,641452,657508,650630,642295,668274,713259,725954,745141,773084,774572,881637,938490
 "28081","Lee, MS",5,CAGDP2,89,"22,48-49","Transportation and utilities ","Thousands of dollars",93573,96439,108354,116719,(D),(D),(D),(D),(D),(D),(D),(D),(D),(D),(D),(D),(D),(D),(D),(D),(D),(D)
 "28081","Lee, MS",5,CAGDP2,90,"31-33,51","Manufacturing and information ","Thousands of dollars",1056320,1083438,1061529,1067733,1024654,973100,1007068,990999,902778,1034387,1084269,1206267,1270412,1194482,1412054,1272000,1324257,1207652,1299620,1091698,1258219,1372948
 "28081","Lee, MS",5,CAGDP2,91,"...","Private goods-producing industries 2/","Thousands of dollars",1083951,1105622,1095237,1114868,(D),(D),(D),(D),(D),(D),(D),(D),(D),(D),(D),(D),(D),(D),(D),(D),(D),(D)
 "28081","Lee, MS",5,CAGDP2,92,"...","Private services-providing industries 3/","Thousands of dollars",1817365,1899277,1963040,2054245,(D),(D),(D),(D),(D),(D),(D),(D),(D),(D),(D),(D),(D),(D),(D),(D),(D),(D)
 "28083","Leflore, MS",5,CAGDP2,1,"...","All industry total ","Thousands of dollars",829359,840382,897708,948136,973689,1051327,1111305,1064670,994536,1040319,1087250,1087184,1142192,1082592,1118246,1128045,1180232,1179673,1220822,1274778,1462695,1414535
 "28083","Leflore, MS",5,CAGDP2,2,"..."," Private industries ","Thousands of dollars",663166,654190,705350,750695,768389,835591,874617,816700,741209,785280,833611,830629,882736,815673,842032,852947,909785,907712,944591,998347,1186770,1152010
 "28083","Leflore, MS",5,CAGDP2,3,"11","  Agriculture, forestry, fishing and hunting ","Thousands of dollars",34033,7957,53775,67367,56867,47800,65893,14556,13866,45995,65589,43031,86188,15662,14859,30482,51432,39739,56322,74875,129149,29335
 "28083","Leflore, MS",5,CAGDP2,6,"21","  Mining, quarrying, and oil and gas extraction ","Thousands of dollars",0,0,0,0,0,124,1250,876,661,917,720,640,369,337,129,248,233,54,341,263,210,884
 "28083","Leflore, MS",5,CAGDP2,10,"22","  Utilities ","Thousands of dollars",6094,5278,4728,5225,6178,5111,3934,5011,4434,4997,5682,5392,5533,6087,5960,6400,6417,6536,6728,8086,8269,8163
 "28083","Leflore, MS",5,CAGDP2,11,"23","  Construction ","Thousands of dollars",35793,37629,34306,45826,48512,53858,72643,58915,50844,48669,58401,50753,47135,40638,38707,43062,50283,54119,55252,50016,58969,62349
 "28083","Leflore, MS",5,CAGDP2,12,"31-33","  Manufacturing ","Thousands of dollars",126418,136749,131693,120383,127065,178569,216758,204078,146274,144052,150795,138231,155298,145590,152540,144730,169266,167997,166955,172499,205721,225885
 "28083","Leflore, MS",5,CAGDP2,13,"321,327-339","   Durable goods manufacturing ","Thousands of dollars",(D),(D),(D),77697,89989,(D),162253,144928,(D),(D),(D),(D),95438,86847,89601,87645,113548,116025,115239,121348,152412,170857
 "28083","Leflore, MS",5,CAGDP2,25,"311-316,322-326","   Nondurable goods manufacturing ","Thousands of dollars",(D),(D),(D),42686,37076,(D),54505,59150,(D),(D),(D),(D),59860,58742,62938,57085,55718,51972,51716,51151,53309,55028
 "28083","Leflore, MS",5,CAGDP2,34,"42","  Wholesale trade ","Thousands of dollars",78014,79683,94310,105989,113990,114418,114510,107335,105070,108952,105347,108645,110936,115680,121557,122977,122835,122964,125057,126972,144520,148162
 "28083","Leflore, MS",5,CAGDP2,35,"44-45","  Retail trade ","Thousands of dollars",78342,78253,78523,78373,77925,85027,79284,77834,75874,77750,82449,85927,92839,95569,95427,99487,100277,98597,98713,108547,122824,128825
 "28083","Leflore, MS",5,CAGDP2,36,"48-49","  Transportation and warehousing ","Thousands of dollars",21647,22001,23626,24334,23913,24183,23221,21403,18063,18439,18781,18650,23965,19462,19854,21921,27973,27653,29747,32997,32288,27562
 "28083","Leflore, MS",5,CAGDP2,45,"51","  Information ","Thousands of dollars",26020,26715,24233,26857,28143,29698,25657,26541,25585,29504,28935,25974,29936,36200,43800,42539,30681,28241,32159,31835,34256,34356
 "28083","Leflore, MS",5,CAGDP2,50,"52,53","  Finance, insurance, real estate, rental, and leasing ","Thousands of dollars",105413,104221,103154,104500,110251,112079,75698,97655,101988,104492,109658,133534,129594,141915,150861,139042,148743,160605,162191,184104,209220,210748
 "28083","Leflore, MS",5,CAGDP2,51,"52","   Finance and insurance ","Thousands of dollars",35051,36005,39424,39713,45457,43525,42271,40168,37246,36155,38974,41468,45016,50845,53039,48928,49562,52302,55497,58299,61056,59458
 "28083","Leflore, MS",5,CAGDP2,56,"53","   Real estate and rental and leasing ","Thousands of dollars",70362,68217,63730,64788,64794,68554,33427,57487,64742,68337,70684,92066,84578,91070,97822,90115,99182,108303,106694,125805,148164,151290
 "28083","Leflore, MS",5,CAGDP2,59,"54,55,56","  Professional and business services ","Thousands of dollars",50139,53208,51761,56740,58443,63522,69305,70769,65407,60083,63378,70002,55602,49385,46457,45182,46334,49173,51849,52768,66798,71639
 "28083","Leflore, MS",5,CAGDP2,60,"54","   Professional, scientific, and technical services ","Thousands of dollars",27471,28432,29167,31457,30067,32918,34040,39060,35341,32309,32676,30928,30692,30351,29383,29249,29131,30741,30600,29379,34212,34463
 "28083","Leflore, MS",5,CAGDP2,64,"55","   Management of companies and enterprises ","Thousands of dollars",14048,15882,16349,16662,18465,19009,22177,17940,16641,14139,16340,24383,13665,11120,8988,7731,8283,7962,10218,9977,10481,12716
 "28083","Leflore, MS",5,CAGDP2,65,"56","   Administrative and support and waste management and remediation services ","Thousands of dollars",8619,8894,6244,8620,9912,11595,13087,13769,13424,13635,14362,14691,11246,7914,8085,8201,8919,10471,11031,13412,22105,24459
 "28083","Leflore, MS",5,CAGDP2,68,"61,62","  Educational services, health care, and social assistance ","Thousands of dollars",54614,54788,56202,57426,60587,65121,68078,72957,76008,84227,86322,91395,84679,83856,84270,88422,87764,84857,89752,87651,90567,108442
 "28083","Leflore, MS",5,CAGDP2,69,"61","   Educational services ","Thousands of dollars",(D),(D),(D),(D),(D),(D),(D),(D),13251,14262,14063,14210,13624,15169,14476,15828,15002,15239,15829,14092,12433,15046
 "28083","Leflore, MS",5,CAGDP2,70,"62","   Health care and social assistance ","Thousands of dollars",(D),(D),(D),(D),(D),(D),(D),(D),62757,69965,72259,77185,71055,68686,69794,72595,72762,69618,73924,73559,78134,93396
 "28083","Leflore, MS",5,CAGDP2,75,"71,72","  Arts, entertainment, recreation, accommodation, and food services ","Thousands of dollars",21781,22675,24964,33068,29841,27378,30211,31694,30398,31099,31180,33847,35895,38533,40788,40530,40166,40979,44128,41649,58047,65269
 "28083","Leflore, MS",5,CAGDP2,76,"71","   Arts, entertainment, and recreation ","Thousands of dollars",3480,3322,3466,2892,3107,3301,4576,5320,4866,4520,4276,4023,4006,4095,4386,4592,4479,4378,4323,3503,4918,5585
 "28083","Leflore, MS",5,CAGDP2,79,"72","   Accommodation and food services ","Thousands of dollars",18301,19352,21497,30176,26733,24078,25635,26375,25532,26579,26904,29824,31889,34439,36402,35938,35687,36601,39805,38146,53129,59684
 "28083","Leflore, MS",5,CAGDP2,82,"81","  Other services (except government and government enterprises) ","Thousands of dollars",24858,25032,24077,24608,26674,28701,28174,27075,26738,26105,26376,24610,24766,26759,26823,27924,27380,26199,25399,26084,25932,30391
 "28083","Leflore, MS",5,CAGDP2,83,"92","Government and government enterprises ","Thousands of dollars",166193,186192,192358,197442,205300,215736,236688,247969,253327,255039,253639,256555,259456,266920,276215,275098,270446,271961,276230,276432,275925,262524
 "28083","Leflore, MS",5,CAGDP2,87,"11,21","Natural resources and mining ","Thousands of dollars",34033,7957,53775,67367,56867,47923,67143,15432,14527,46911,66309,43670,86557,15999,14988,30731,51666,39793,56662,75138,129359,30219
 "28083","Leflore, MS",5,CAGDP2,88,"42,44-45","Trade ","Thousands of dollars",156356,157936,172832,184362,191915,199446,193794,185170,180943,186701,187796,194572,203775,211249,216984,222464,223112,221561,223769,235519,267344,276988
 "28083","Leflore, MS",5,CAGDP2,89,"22,48-49","Transportation and utilities ","Thousands of dollars",27741,27279,28354,29558,30092,29294,27156,26415,22497,23437,24462,24043,29498,25548,25814,28320,34390,34188,36475,41083,40557,35725
 "28083","Leflore, MS",5,CAGDP2,90,"31-33,51","Manufacturing and information ","Thousands of dollars",152438,163464,155926,147240,155208,208268,242415,230618,171859,173556,179730,164204,185234,181790,196339,187270,199947,196238,199114,204334,239977,260241
 "28083","Leflore, MS",5,CAGDP2,91,"...","Private goods-producing industries 2/","Thousands of dollars",196245,182336,219773,233575,232443,280351,356544,278425,211645,239632,275504,232654,288991,202227,206235,218523,271215,261909,278870,297653,394048,318453
 "28083","Leflore, MS",5,CAGDP2,92,"...","Private services-providing industries 3/","Thousands of dollars",466922,471854,485576,517119,535946,555240,518073,538275,529565,545648,558108,597976,593746,613445,635797,634425,638570,645804,665722,700693,792722,833557
 "28085","Lincoln, MS",5,CAGDP2,1,"...","All industry total ","Thousands of dollars",764252,767245,795212,802845,828695,862324,837257,886960,849623,897748,943812,1039385,1077594,1084198,1022071,1062329,1159334,1197307,1188466,1191153,1348799,1453657
 "28085","Lincoln, MS",5,CAGDP2,2,"..."," Private industries ","Thousands of dollars",697605,696720,720274,725256,745865,780886,747913,791698,752675,801580,849293,944815,980400,983869,916477,952432,1047016,1083314,1075910,1074344,1226087,1327133
 "28085","Lincoln, MS",5,CAGDP2,3,"11","  Agriculture, forestry, fishing and hunting ","Thousands of dollars",93455,85642,97234,87930,63389,26081,19668,36291,32349,36005,19286,39125,51312,67930,55218,38252,54178,53768,45813,35957,50999,63084
 "28085","Lincoln, MS",5,CAGDP2,6,"21","  Mining, quarrying, and oil and gas extraction ","Thousands of dollars",8489,8701,9893,16923,17765,32358,51106,70814,59769,63154,82798,83233,65355,48786,25219,16682,20964,24620,19058,15244,30789,34479
 "28085","Lincoln, MS",5,CAGDP2,10,"22","  Utilities ","Thousands of dollars",436,506,595,790,794,973,870,971,1006,1072,1035,874,957,994,906,1055,1083,1207,1346,6242,6423,6929
 "28085","Lincoln, MS",5,CAGDP2,11,"23","  Construction ","Thousands of dollars",48963,40644,37324,37273,51616,62742,65033,65905,59886,62971,65969,69900,60405,56255,53680,58174,59812,60810,67886,62198,60060,60023
 "28085","Lincoln, MS",5,CAGDP2,12,"31-33","  Manufacturing ","Thousands of dollars",67870,69932,83835,88782,91684,110966,90035,68883,59323,83632,98288,108458,127271,133853,118486,120359,128156,133329,123080,129857,165264,187498
 "28085","Lincoln, MS",5,CAGDP2,13,"321,327-339","   Durable goods manufacturing ","Thousands of dollars",65841,69213,(D),(D),78826,(D),(D),58316,49262,71234,81742,85031,84158,80439,80426,88502,98729,105081,102250,106208,139655,154965
 "28085","Lincoln, MS",5,CAGDP2,25,"311-316,322-326","   Nondurable goods manufacturing ","Thousands of dollars",2029,720,(D),(D),12858,(D),(D),10567,10061,12398,16546,23427,43113,53414,38060,31857,29427,28248,20831,23649,25609,32532
 "28085","Lincoln, MS",5,CAGDP2,34,"42","  Wholesale trade ","Thousands of dollars",(D),81423,73354,67748,76519,92683,96328,85419,74678,71926,93684,105567,128084,116643,79656,100190,141836,159066,160440,157437,183398,195827
 "28085","Lincoln, MS",5,CAGDP2,35,"44-45","  Retail trade ","Thousands of dollars",69822,73121,75172,82884,90498,96041,94319,99961,99180,101794,95608,102579,108633,110911,114168,121889,128259,131019,129256,143248,161448,167424
 "28085","Lincoln, MS",5,CAGDP2,36,"48-49","  Transportation and warehousing ","Thousands of dollars",82228,88000,89961,86789,80681,80165,73402,73856,72589,72640,71863,75094,73507,75069,79417,83725,91265,98792,96917,103287,118153,119044
 "28085","Lincoln, MS",5,CAGDP2,45,"51","  Information ","Thousands of dollars",12883,15944,13941,13802,14048,12910,11921,11774,12118,12076,12208,12530,14414,15951,17891,20205,21529,21288,22151,20590,20959,21060
 "28085","Lincoln, MS",5,CAGDP2,50,"52,53","  Finance, insurance, real estate, rental, and leasing ","Thousands of dollars",104890,105560,100837,98276,107063,103859,76489,98443,102777,109530,121072,150046,144495,145563,146515,160081,164239,161409,161792,154359,164268,165449
 "28085","Lincoln, MS",5,CAGDP2,51,"52","   Finance and insurance ","Thousands of dollars",36922,37595,36822,36022,38792,38801,38809,37731,37742,38167,39048,41135,43134,49131,52548,55161,54905,55862,58367,61679,64694,62484
 "28085","Lincoln, MS",5,CAGDP2,56,"53","   Real estate and rental and leasing ","Thousands of dollars",67968,67964,64016,62254,68271,65058,37681,60712,65035,71363,82024,108911,101361,96432,93967,104920,109334,105547,103425,92680,99574,102965
 "28085","Lincoln, MS",5,CAGDP2,59,"54,55,56","  Professional and business services ","Thousands of dollars",(D),15606,24272,26696,29863,31459,34026,34732,31507,34238,32876,33372,33954,34779,34135,34522,34675,34846,38145,37716,44190,63018
 "28085","Lincoln, MS",5,CAGDP2,60,"54","   Professional, scientific, and technical services ","Thousands of dollars",11635,11664,(D),(D),(D),(D),(D),17618,16012,15800,(D),18997,19774,21948,21772,20386,20257,20511,23034,20545,23958,29607
 "28085","Lincoln, MS",5,CAGDP2,64,"55","   Management of companies and enterprises ","Thousands of dollars",0,(D),(D),(D),(D),(D),(D),0,(D),(D),(D),(D),(D),(D),(D),(D),(D),(D),(D),1933,3216,11179
 "28085","Lincoln, MS",5,CAGDP2,65,"56","   Administrative and support and waste management and remediation services ","Thousands of dollars",(D),(D),10713,12667,15759,16707,18875,17115,(D),(D),14425,(D),(D),(D),(D),(D),(D),(D),(D),15238,17016,22232
 "28085","Lincoln, MS",5,CAGDP2,68,"61,62","  Educational services, health care, and social assistance ","Thousands of dollars",55725,59555,63879,66916,71806,78259,82556,91663,94674,98675,103806,109638,113312,113204,121407,127018,131446,133875,139194,141523,145525,156675
 "28085","Lincoln, MS",5,CAGDP2,69,"61","   Educational services ","Thousands of dollars",3083,3337,3524,3909,4332,5119,5069,6216,6703,7441,8059,9553,10672,11427,13001,13355,12202,11523,12253,11331,12150,14348
 "28085","Lincoln, MS",5,CAGDP2,70,"62","   Health care and social assistance ","Thousands of dollars",52642,56218,60355,63007,67474,73141,77487,85447,87971,91233,95747,100086,102640,101777,108405,113663,119244,122352,126940,130192,133376,142327
 "28085","Lincoln, MS",5,CAGDP2,75,"71,72","  Arts, entertainment, recreation, accommodation, and food services ","Thousands of dollars",17687,18236,19951,22208,22565,22238,21715,22613,23032,23168,23119,24723,25835,27827,32040,34004,34085,34790,36854,33963,39986,46749
 "28085","Lincoln, MS",5,CAGDP2,76,"71","   Arts, entertainment, and recreation ","Thousands of dollars",1228,1230,1380,1670,1416,1151,1204,1132,1046,1052,994,926,786,761,778,809,758,862,985,666,1131,1821
 "28085","Lincoln, MS",5,CAGDP2,79,"72","   Accommodation and food services ","Thousands of dollars",16460,17005,18571,20538,21149,21087,20511,21481,21986,22116,22126,23798,25049,27066,31261,33196,33327,33928,35870,33297,38855,44928
 "28085","Lincoln, MS",5,CAGDP2,82,"81","  Other services (except government and government enterprises) ","Thousands of dollars",32567,33850,30027,28239,27574,30152,30444,30373,29786,30698,27682,29677,32865,36104,37738,36276,35488,34495,33977,32723,34624,39873
 "28085","Lincoln, MS",5,CAGDP2,83,"92","Government and government enterprises ","Thousands of dollars",66648,70525,74938,77589,82830,81438,89344,95262,96948,96167,94519,94569,97194,100329,105594,109897,112318,113993,112556,116809,122713,126525
 "28085","Lincoln, MS",5,CAGDP2,87,"11,21","Natural resources and mining ","Thousands of dollars",101944,94343,107127,104852,81154,58439,70774,107104,92119,99159,102084,122358,116668,116716,80437,54934,75142,78388,64871,51202,81788,97563
 "28085","Lincoln, MS",5,CAGDP2,88,"42,44-45","Trade ","Thousands of dollars",(D),154544,148526,150632,167017,188724,190647,185380,173858,173720,189292,208146,236717,227554,193824,222079,270095,290085,289696,300685,344846,363251
 "28085","Lincoln, MS",5,CAGDP2,89,"22,48-49","Transportation and utilities ","Thousands of dollars",82663,88506,90556,87579,81475,81138,74273,74827,73595,73712,72898,75967,74464,76063,80323,84780,92349,99999,98263,109530,124576,125972
 "28085","Lincoln, MS",5,CAGDP2,90,"31-33,51","Manufacturing and information ","Thousands of dollars",80753,85876,97775,102584,105733,123875,101956,80656,71441,95709,110496,120988,141685,149803,136377,140565,149685,154617,145231,150447,186223,208558
 "28085","Lincoln, MS",5,CAGDP2,91,"...","Private goods-producing industries 2/","Thousands of dollars",218778,204920,228286,230907,224454,232147,225842,241892,211328,245763,266340,300716,304344,306824,252604,233467,263111,272526,255837,243257,307112,345084
 "28085","Lincoln, MS",5,CAGDP2,92,"...","Private services-providing industries 3/","Thousands of dollars",478827,491800,491988,494349,521411,548739,522071,549806,541346,555817,582952,644100,676056,677045,663873,718966,783905,810789,820072,831087,918974,982049
 "28087","Lowndes, MS",5,CAGDP2,1,"...","All industry total ","Thousands of dollars",1666898,1638462,1693264,1750190,1840726,2036092,2231312,2283916,2316069,2419067,2590203,2759721,2776415,2641698,2624416,2779926,2852161,2869195,3049749,3055294,3207837,3567349
 "28087","Lowndes, MS",5,CAGDP2,2,"..."," Private industries ","Thousands of dollars",1380634,1326966,1361777,1411434,1487962,1676083,1851907,1887798,1891534,1986343,2151835,2312186,2331330,2179594,2146605,2285140,2361287,2381483,2517889,2530327,2663636,2974022
 "28087","Lowndes, MS",5,CAGDP2,3,"11","  Agriculture, forestry, fishing and hunting ","Thousands of dollars",31024,27301,24591,31967,24831,20329,19022,8280,7711,7826,7540,7106,44725,9817,10024,13223,19993,7734,16576,8495,30857,16440
 "28087","Lowndes, MS",5,CAGDP2,6,"21","  Mining, quarrying, and oil and gas extraction ","Thousands of dollars",5909,4886,5125,6211,5955,11071,14365,13566,8715,11300,13916,14043,11685,14051,6403,2561,3365,4528,5473,5500,3690,3391
 "28087","Lowndes, MS",5,CAGDP2,10,"22","  Utilities ","Thousands of dollars",28784,32622,49199,86460,72354,76772,107970,136087,182031,208069,203693,216781,183852,167700,172652,216485,213570,192768,195208,214102,239403,284393
 "28087","Lowndes, MS",5,CAGDP2,11,"23","  Construction ","Thousands of dollars",103453,93166,90483,99648,118516,192501,189963,149824,115969,112072,153228,200320,242402,126771,95649,83796,81409,105245,119289,127401,108281,119638
 "28087","Lowndes, MS",5,CAGDP2,12,"31-33","  Manufacturing ","Thousands of dollars",409348,338588,344869,287532,279641,320279,530573,496093,469438,501996,560750,607585,521692,523687,517787,537830,583095,615727,646723,601230,546953,696223
 "28087","Lowndes, MS",5,CAGDP2,13,"321,327-339","   Durable goods manufacturing ","Thousands of dollars",170083,133546,140179,144900,146515,167984,299536,295952,250421,280685,361429,397209,381433,374212,372120,408326,508115,538301,586067,538134,470237,615675
 "28087","Lowndes, MS",5,CAGDP2,25,"311-316,322-326","   Nondurable goods manufacturing ","Thousands of dollars",239265,205041,204690,142632,133126,152294,231037,200140,219016,221311,199322,210376,140259,149475,145666,129504,74980,77426,60655,63096,76716,80547
 "28087","Lowndes, MS",5,CAGDP2,34,"42","  Wholesale trade ","Thousands of dollars",68018,73231,82380,92069,100936,110086,116512,121337,120820,134211,143927,149311,140470,139312,135869,130266,128819,135639,150138,145681,157825,171491
 "28087","Lowndes, MS",5,CAGDP2,35,"44-45","  Retail trade ","Thousands of dollars",164034,165278,167545,174545,182160,190001,185872,184196,177890,184255,184926,182707,187589,191826,197975,202962,211197,206058,206495,230620,249952,258474
 "28087","Lowndes, MS",5,CAGDP2,36,"48-49","  Transportation and warehousing ","Thousands of dollars",74996,77240,79156,85714,94088,99846,100863,108368,106651,116998,123141,139169,143426,119613,117709,117907,120327,119685,155622,165120,201390,223518
 "28087","Lowndes, MS",5,CAGDP2,45,"51","  Information ","Thousands of dollars",28042,27434,27492,28668,31821,33571,32044,31871,29664,28832,32286,37329,44691,44577,50658,56345,55624,58681,67172,65262,65966,66918
 "28087","Lowndes, MS",5,CAGDP2,50,"52,53","  Finance, insurance, real estate, rental, and leasing ","Thousands of dollars",199088,203002,199571,203696,235773,226821,161573,220427,256887,251981,290489,298262,339264,365801,361474,410676,407029,391591,392883,424545,463059,477528
 "28087","Lowndes, MS",5,CAGDP2,51,"52","   Finance and insurance ","Thousands of dollars",62161,61024,60124,61251,65097,64783,66878,60780,63165,59865,58546,65161,73239,85350,84901,87724,90962,96053,99903,113059,111074,104361
 "28087","Lowndes, MS",5,CAGDP2,56,"53","   Real estate and rental and leasing ","Thousands of dollars",136927,141978,139448,142445,170676,162037,94695,159647,193721,192116,231943,233100,266025,280450,276573,322952,316068,295538,292980,311486,351985,373167
 "28087","Lowndes, MS",5,CAGDP2,59,"54,55,56","  Professional and business services ","Thousands of dollars",67314,73183,73423,80970,93635,131932,119678,118004,108862,113217,111986,113544,106407,102003,97133,108782,111632,115292,118488,111740,127793,146213
 "28087","Lowndes, MS",5,CAGDP2,60,"54","   Professional, scientific, and technical services ","Thousands of dollars",32948,37211,38108,39471,39792,43030,42160,46553,45643,45546,46569,47114,44843,46935,49325,52297,53037,57554,61818,53649,58198,67240
 "28087","Lowndes, MS",5,CAGDP2,64,"55","   Management of companies and enterprises ","Thousands of dollars",3626,3556,3554,4018,3980,4409,3389,4641,4364,3335,2487,2640,2819,2993,2362,6136,6954,6930,4496,3698,5045,5166
 "28087","Lowndes, MS",5,CAGDP2,65,"56","   Administrative and support and waste management and remediation services ","Thousands of dollars",30739,32417,31761,37480,49863,84493,74130,66810,58855,64337,62931,63790,58745,52075,45446,50350,51641,50807,52174,54392,64550,73807
 "28087","Lowndes, MS",5,CAGDP2,68,"61,62","  Educational services, health care, and social assistance ","Thousands of dollars",114747,123558,131492,141855,149356,157753,163871,180318,192080,199754,207876,221775,233984,235210,234752,250615,264204,280588,292508,292246,305988,325357
 "28087","Lowndes, MS",5,CAGDP2,69,"61","   Educational services ","Thousands of dollars",8277,8436,8803,9148,9872,10651,9533,10789,11324,11289,11376,10860,12883,14282,13497,13235,11003,10168,11468,9474,9840,10758
 "28087","Lowndes, MS",5,CAGDP2,70,"62","   Health care and social assistance ","Thousands of dollars",106470,115122,122689,132708,139484,147102,154338,169528,180756,188466,196500,210914,221101,220928,221256,237380,253201,270420,281040,282771,296149,314598
 "28087","Lowndes, MS",5,CAGDP2,75,"71,72","  Arts, entertainment, recreation, accommodation, and food services ","Thousands of dollars",35483,35837,38669,42230,47141,50058,54039,55813,54738,56373,58224,63377,67932,72057,79086,83004,86796,88202,89595,78448,96347,103828
 "28087","Lowndes, MS",5,CAGDP2,76,"71","   Arts, entertainment, and recreation ","Thousands of dollars",4623,4285,4367,4480,4977,4316,6615,7561,7034,6586,6242,5751,5070,5122,5284,5660,5404,5865,5951,4919,6553,7584
 "28087","Lowndes, MS",5,CAGDP2,79,"72","   Accommodation and food services ","Thousands of dollars",30860,31552,34302,37750,42165,45742,47424,48252,47704,49787,51982,57626,62862,66935,73802,77344,81391,82337,83644,73529,89794,96244
 "28087","Lowndes, MS",5,CAGDP2,82,"81","  Other services (except government and government enterprises) ","Thousands of dollars",50393,51640,47781,49869,51753,55064,55561,63615,60077,59457,59854,60877,63210,67168,69435,70688,74228,59745,61718,59938,66130,80610
 "28087","Lowndes, MS",5,CAGDP2,83,"92","Government and government enterprises ","Thousands of dollars",286263,311496,331487,338756,352764,360009,379405,396118,424535,432724,438368,447535,445086,462105,477811,494787,490873,487712,531860,524967,544201,593327
 "28087","Lowndes, MS",5,CAGDP2,87,"11,21","Natural resources and mining ","Thousands of dollars",36934,32187,29716,38177,30786,31400,33387,21846,16426,19126,21456,21149,56409,23869,16427,15783,23357,12262,22049,13995,34547,19830
 "28087","Lowndes, MS",5,CAGDP2,88,"42,44-45","Trade ","Thousands of dollars",232052,238509,249925,266614,283096,300087,302384,305532,298711,318466,328853,332018,328059,331138,333844,333228,340016,341697,356634,376301,407777,429966
 "28087","Lowndes, MS",5,CAGDP2,89,"22,48-49","Transportation and utilities ","Thousands of dollars",103780,109862,128355,172174,166442,176618,208833,244456,288682,325066,326834,355951,327278,287314,290361,334392,333897,312453,350831,379222,440793,507911
 "28087","Lowndes, MS",5,CAGDP2,90,"31-33,51","Manufacturing and information ","Thousands of dollars",437390,366022,372361,316200,311462,353850,562617,527964,499102,530828,593036,644914,566383,568264,568445,594175,638718,674408,713894,666492,612920,763141
 "28087","Lowndes, MS",5,CAGDP2,91,"...","Private goods-producing industries 2/","Thousands of dollars",549735,463940,465069,425358,428944,544180,753924,667763,601833,633194,735434,829053,820504,674326,629862,637410,687860,733235,788061,742626,689782,835691
 "28087","Lowndes, MS",5,CAGDP2,92,"...","Private services-providing industries 3/","Thousands of dollars",830899,863025,896708,986076,1059018,1131904,1097983,1220036,1289701,1353149,1416401,1483133,1510826,1505267,1516743,1647730,1673427,1648249,1729828,1787702,1973854,2138330
 "28089","Madison, MS",5,CAGDP2,1,"...","All industry total ","Thousands of dollars",2228718,2405661,2960318,3364972,3679140,3867056,3770953,3826338,3643244,4104581,4484468,4817071,5330583,5718766,6016821,6131966,6329629,6497870,6602367,6747911,7367711,8092844
 "28089","Madison, MS",5,CAGDP2,2,"..."," Private industries ","Thousands of dollars",2060771,2229655,2774248,3166050,3461880,3638788,3516496,3557209,3365208,3825325,4206688,4528970,5031330,5406204,5691589,5792176,5982308,6142029,6229051,6363784,6975694,7679053
 "28089","Madison, MS",5,CAGDP2,3,"11","  Agriculture, forestry, fishing and hunting ","Thousands of dollars",8275,7048,9401,17046,17765,14144,15802,4362,7215,7255,13278,6699,14330,3771,4160,(D),(D),(D),(D),15924,19947,13763
 "28089","Madison, MS",5,CAGDP2,6,"21","  Mining, quarrying, and oil and gas extraction ","Thousands of dollars",4236,3688,3674,4442,11821,39261,68936,81860,45202,61046,70962,60648,62671,51250,35089,30373,65721,60649,46248,29820,67608,113567
 "28089","Madison, MS",5,CAGDP2,10,"22","  Utilities ","Thousands of dollars",1726,1656,1597,1984,2106,2328,2456,3099,3186,3313,3085,3621,4110,4212,4004,(D),(D),(D),(D),8696,8479,8311
 "28089","Madison, MS",5,CAGDP2,11,"23","  Construction ","Thousands of dollars",176601,192485,230685,240567,251234,253731,308618,279096,221288,176978,168336,136664,158806,179356,180970,188026,195635,192173,179503,184009,211755,266920
 "28089","Madison, MS",5,CAGDP2,12,"31-33","  Manufacturing ","Thousands of dollars",177414,215228,528991,716919,868088,924845,796125,612912,469562,620498,685684,760516,1011801,1167560,1229373,1165633,1294623,1171254,1133684,1083650,887507,942755
 "28089","Madison, MS",5,CAGDP2,13,"321,327-339","   Durable goods manufacturing ","Thousands of dollars",109036,145029,444355,(D),(D),(D),(D),(D),(D),(D),(D),(D),737993,928194,1022493,963251,1106998,983010,988359,894504,689391,743769
 "28089","Madison, MS",5,CAGDP2,25,"311-316,322-326","   Nondurable goods manufacturing ","Thousands of dollars",68377,70198,84637,(D),(D),(D),(D),(D),(D),(D),(D),(D),273808,239366,206881,202382,187626,188244,145325,189146,198116,198986
 "28089","Madison, MS",5,CAGDP2,34,"42","  Wholesale trade ","Thousands of dollars",282192,286266,278314,270048,267781,265431,251687,266458,262738,280549,299205,348700,369886,385133,385640,(D),(D),(D),(D),411760,432979,466002
 "28089","Madison, MS",5,CAGDP2,35,"44-45","  Retail trade ","Thousands of dollars",201359,207004,227487,262963,293548,324964,321154,318089,322731,352269,390859,415898,416107,426259,489776,559747,584875,701537,812439,867066,975846,1035335
 "28089","Madison, MS",5,CAGDP2,36,"48-49","  Transportation and warehousing ","Thousands of dollars",56159,67980,73909,69123,75391,75415,67507,73123,58242,62452,66011,70098,75429,77216,120002,92422,124399,131349,196818,170570,188627,300518
 "28089","Madison, MS",5,CAGDP2,45,"51","  Information ","Thousands of dollars",77672,74877,109912,113821,120572,124561,132413,180057,187401,230372,242389,272782,260430,313879,289877,253616,220039,249620,268562,301050,331698,319149
 "28089","Madison, MS",5,CAGDP2,50,"52,53","  Finance, insurance, real estate, rental, and leasing ","Thousands of dollars",529359,575776,642025,710217,771968,744797,562718,635608,669438,827184,920857,956103,1023834,1085816,1228862,1249697,1210501,1295210,1255200,1402923,1640059,1765600
 "28089","Madison, MS",5,CAGDP2,51,"52","   Finance and insurance ","Thousands of dollars",249035,263408,288522,324763,350724,354551,387607,379632,400456,426918,463258,501278,525257,577451,669943,722341,677514,725661,738771,812640,837869,901717
 "28089","Madison, MS",5,CAGDP2,56,"53","   Real estate and rental and leasing ","Thousands of dollars",280325,312367,353503,385454,421245,390247,175110,255977,268981,400265,457599,454825,498577,508365,558919,527356,532986,569550,516429,590283,802191,863884
 "28089","Madison, MS",5,CAGDP2,59,"54,55,56","  Professional and business services ","Thousands of dollars",213713,235613,298888,363611,380043,424165,514555,593294,599371,631758,724752,834145,955501,994753,961409,1044190,1054716,1065433,996655,1004809,1218633,1308962
 "28089","Madison, MS",5,CAGDP2,60,"54","   Professional, scientific, and technical services ","Thousands of dollars",141150,164956,195197,221597,228256,249563,315704,377565,388036,388156,419660,439885,457879,481629,517825,540079,535289,551096,585101,619721,743503,816953
 "28089","Madison, MS",5,CAGDP2,64,"55","   Management of companies and enterprises ","Thousands of dollars",48695,43294,54469,57039,59593,77086,90297,114825,125048,135775,178418,224736,243730,251441,185131,209880,220554,222440,136936,136480,167686,158181
 "28089","Madison, MS",5,CAGDP2,65,"56","   Administrative and support and waste management and remediation services ","Thousands of dollars",23868,27362,49222,84974,92194,97516,108553,100904,86287,107826,126675,169524,253892,261683,258453,294231,298873,291897,274619,248608,307444,333829
 "28089","Madison, MS",5,CAGDP2,68,"61,62","  Educational services, health care, and social assistance ","Thousands of dollars",147697,163512,175179,185243,200663,218263,241175,267262,280836,310433,343575,378912,378797,396829,414563,435844,439195,476552,509150,496744,525377,584790
 "28089","Madison, MS",5,CAGDP2,69,"61","   Educational services ","Thousands of dollars",38224,40262,38363,36477,40675,45097,46448,53342,59451,64280,67147,77579,78955,79551,78821,80333,70523,67305,69365,63346,63443,74788
 "28089","Madison, MS",5,CAGDP2,70,"62","   Health care and social assistance ","Thousands of dollars",109473,123250,136815,148765,159988,173165,194727,213920,221385,246153,276428,301333,299843,317278,335742,355510,368672,409248,439785,433398,461934,510002
 "28089","Madison, MS",5,CAGDP2,75,"71,72","  Arts, entertainment, recreation, accommodation, and food services ","Thousands of dollars",74016,80286,94367,120304,132340,148730,150215,156235,147677,160789,170123,172160,182580,198635,218062,228226,236001,244759,256344,238649,298725,352003
 "28089","Madison, MS",5,CAGDP2,76,"71","   Arts, entertainment, and recreation ","Thousands of dollars",10966,9936,10656,11546,13295,13363,16922,17737,19268,22814,23429,23271,25727,24289,26028,27896,29882,34374,36083,33269,55275,68872
 "28089","Madison, MS",5,CAGDP2,79,"72","   Accommodation and food services ","Thousands of dollars",63050,70350,83711,108758,119045,135368,133293,138498,128408,137974,146694,148890,156853,174347,192034,200330,206119,210385,220261,205381,243450,283131
 "28089","Madison, MS",5,CAGDP2,82,"81","  Other services (except government and government enterprises) ","Thousands of dollars",110353,118238,99819,89763,68561,78151,83134,85753,90321,100430,107571,112025,117048,121536,129802,140772,137412,135626,143876,148113,168454,201378
 "28089","Madison, MS",5,CAGDP2,83,"92","Government and government enterprises ","Thousands of dollars",167946,176006,186070,198922,217259,228268,254456,269129,278037,279256,277780,288101,299253,312563,325233,339790,347321,355841,373316,384128,392017,413791
 "28089","Madison, MS",5,CAGDP2,87,"11,21","Natural resources and mining ","Thousands of dollars",12511,10735,13075,21487,29586,53405,84738,86222,52417,68300,84239,67347,77001,55021,39249,(D),(D),(D),(D),45744,87555,127329
 "28089","Madison, MS",5,CAGDP2,88,"42,44-45","Trade ","Thousands of dollars",483551,493270,505801,533011,561329,590395,572841,584547,585469,632818,690064,764598,785992,811392,875416,(D),(D),(D),(D),1278826,1408825,1501337
 "28089","Madison, MS",5,CAGDP2,89,"22,48-49","Transportation and utilities ","Thousands of dollars",57885,69635,75506,71107,77497,77744,69964,76222,61428,65765,69096,73718,79539,81428,124005,(D),(D),(D),(D),179266,197106,308829
 "28089","Madison, MS",5,CAGDP2,90,"31-33,51","Manufacturing and information ","Thousands of dollars",255086,290105,638904,830739,988660,1049406,928538,792970,656963,850870,928074,1033297,1272232,1481439,1519251,1419249,1514663,1420874,1402246,1384700,1219205,1261904
 "28089","Madison, MS",5,CAGDP2,91,"...","Private goods-producing industries 2/","Thousands of dollars",366526,418448,772752,978973,1148908,1231981,1189481,978230,743268,865776,938259,964526,1247607,1401936,1449592,(D),(D),(D),(D),1313403,1186817,1337004
 "28089","Madison, MS",5,CAGDP2,92,"...","Private services-providing industries 3/","Thousands of dollars",1694245,1811207,2001496,2187077,2312973,2406807,2327015,2578978,2621940,2959549,3268429,3564443,3783722,4004267,4241997,(D),(D),(D),(D),5050381,5788877,6342049
 "28091","Marion, MS",5,CAGDP2,1,"...","All industry total ","Thousands of dollars",394865,404787,429446,478795,490121,515302,517874,587231,594480,620553,598184,646305,718698,721029,725501,744076,808029,915899,897490,860318,918912,1005789
 "28091","Marion, MS",5,CAGDP2,2,"..."," Private industries ","Thousands of dollars",335100,341102,360968,407733,416051,439282,435431,501634,505110,534969,516607,565147,635975,637168,640312,661101,726569,833723,812078,774216,826443,909035
 "28091","Marion, MS",5,CAGDP2,3,"11","  Agriculture, forestry, fishing and hunting ","Thousands of dollars",21103,23517,23936,41250,34572,28179,31475,37353,34036,35673,12556,23278,65818,70224,55191,40950,60532,59783,45938,28519,50630,71546
 "28091","Marion, MS",5,CAGDP2,6,"21","  Mining, quarrying, and oil and gas extraction ","Thousands of dollars",16497,16252,18765,25770,23776,27222,37378,50596,40452,51174,58546,57166,53405,52459,27101,16397,21866,13601,14539,13088,12806,13855
 "28091","Marion, MS",5,CAGDP2,10,"22","  Utilities ","Thousands of dollars",536,483,613,1178,1126,1291,1249,1306,1436,1471,1634,1536,1611,1788,1867,1914,1854,2133,2120,5713,4800,4976
 "28091","Marion, MS",5,CAGDP2,11,"23","  Construction ","Thousands of dollars",45919,44860,49979,48104,43665,47036,53364,47379,48989,54876,52758,48910,47323,54340,58133,55490,55416,73414,74239,98397,121673,125986
 "28091","Marion, MS",5,CAGDP2,12,"31-33","  Manufacturing ","Thousands of dollars",39817,42241,40828,43968,38717,40911,41266,50317,48818,44009,43655,32139,41636,50475,59125,95063,93987,88447,70746,71345,74280,77205
 "28091","Marion, MS",5,CAGDP2,13,"321,327-339","   Durable goods manufacturing ","Thousands of dollars",27079,26291,26321,27919,26369,28285,26838,27482,(D),(D),(D),(D),21517,28098,30245,52409,37609,47765,40684,42711,49722,51611
 "28091","Marion, MS",5,CAGDP2,25,"311-316,322-326","   Nondurable goods manufacturing ","Thousands of dollars",12739,15950,14507,16049,12348,12626,14428,22835,(D),(D),(D),(D),20118,22377,28880,42654,56378,40681,30063,28634,24558,25595
 "28091","Marion, MS",5,CAGDP2,34,"42","  Wholesale trade ","Thousands of dollars",10544,10748,12269,13112,15428,17571,19900,21875,22050,23559,24976,25232,30088,31220,33556,37987,40487,35470,32299,32200,33213,37491
 "28091","Marion, MS",5,CAGDP2,35,"44-45","  Retail trade ","Thousands of dollars",41314,44172,50200,55241,59089,64145,60299,61608,60974,68989,66282,66520,65696,66209,66515,70037,72096,72281,80434,90406,111849,117008
 "28091","Marion, MS",5,CAGDP2,36,"48-49","  Transportation and warehousing ","Thousands of dollars",17404,17606,18636,22906,27745,26356,25199,31085,34781,31982,36319,63123,64224,33011,39477,35402,50248,162497,160247,99176,60244,72043
 "28091","Marion, MS",5,CAGDP2,45,"51","  Information ","Thousands of dollars",4827,4617,4462,4844,5693,6017,6710,7026,8652,9892,9899,9312,11346,10564,10988,8779,9276,8842,9356,9333,10044,10194
 "28091","Marion, MS",5,CAGDP2,50,"52,53","  Finance, insurance, real estate, rental, and leasing ","Thousands of dollars",73307,73148,74170,76766,83085,89707,66073,93046,98942,97908,94479,119648,131121,129893,140179,136743,146051,145948,147513,153747,166606,175324
 "28091","Marion, MS",5,CAGDP2,51,"52","   Finance and insurance ","Thousands of dollars",25544,24952,24840,25358,26330,27273,29192,28607,28189,27554,26939,26992,28704,32143,32811,35188,35821,37520,38813,40514,43145,43729
 "28091","Marion, MS",5,CAGDP2,56,"53","   Real estate and rental and leasing ","Thousands of dollars",47763,48196,49330,51408,56754,62434,36881,64438,70754,70353,67540,92656,102417,97751,107369,101555,110231,108428,108700,113234,123461,131595
 "28091","Marion, MS",5,CAGDP2,59,"54,55,56","  Professional and business services ","Thousands of dollars",21001,18443,18362,22452,27496,29826,28390,31481,34530,41335,41677,42568,45331,50424,56022,66466,79734,74480,76657,77226,80550,89226
 "28091","Marion, MS",5,CAGDP2,60,"54","   Professional, scientific, and technical services ","Thousands of dollars",8893,7535,7920,8371,10857,12701,11632,14204,13299,13770,14203,13891,15209,(D),(D),18141,23877,23840,26250,21918,19734,20366
 "28091","Marion, MS",5,CAGDP2,64,"55","   Management of companies and enterprises ","Thousands of dollars",(D),(D),(D),(D),(D),(D),(D),(D),(D),(D),(D),(D),(D),(D),(D),28105,32531,35144,(D),(D),(D),(D)
 "28091","Marion, MS",5,CAGDP2,65,"56","   Administrative and support and waste management and remediation services ","Thousands of dollars",(D),(D),(D),(D),(D),(D),(D),(D),(D),(D),(D),(D),(D),17339,16971,20220,23326,15496,(D),(D),(D),(D)
 "28091","Marion, MS",5,CAGDP2,68,"61,62","  Educational services, health care, and social assistance ","Thousands of dollars",19302,20431,25862,27158,28221,31765,33957,37449,40124,44420,45566,46557,46481,49101,51686,52259,51784,51858,51430,49262,48389,54897
 "28091","Marion, MS",5,CAGDP2,69,"61","   Educational services ","Thousands of dollars",(D),(D),(D),(D),(D),(D),(D),(D),(D),(D),(D),(D),(D),(D),(D),(D),(D),(D),(D),(D),(D),(D)
 "28091","Marion, MS",5,CAGDP2,70,"62","   Health care and social assistance ","Thousands of dollars",(D),(D),(D),(D),(D),(D),(D),(D),(D),(D),(D),(D),(D),(D),(D),(D),(D),(D),(D),(D),(D),(D)
 "28091","Marion, MS",5,CAGDP2,75,"71,72","  Arts, entertainment, recreation, accommodation, and food services ","Thousands of dollars",7840,8142,7876,8846,10331,11521,12111,12947,13541,14560,14359,13604,13085,13602,14412,16345,15889,15911,17040,17480,20247,23069
 "28091","Marion, MS",5,CAGDP2,76,"71","   Arts, entertainment, and recreation ","Thousands of dollars",313,(D),477,657,752,744,654,166,131,537,919,710,693,522,527,643,826,823,1336,665,1026,1331
 "28091","Marion, MS",5,CAGDP2,79,"72","   Accommodation and food services ","Thousands of dollars",7527,(D),7398,8189,9578,10777,11457,12781,13410,14023,13440,12894,12392,13079,13886,15701,15063,15089,15704,16816,19221,21738
 "28091","Marion, MS",5,CAGDP2,82,"81","  Other services (except government and government enterprises) ","Thousands of dollars",15689,16442,15009,16137,17106,17735,18059,18166,17785,15121,13902,15552,18810,23857,26060,27269,27350,29056,29520,28323,31112,36214
 "28091","Marion, MS",5,CAGDP2,83,"92","Government and government enterprises ","Thousands of dollars",59765,63686,68478,71062,74070,76020,82444,85597,89370,85584,81577,81158,82723,83861,85189,82975,81460,82177,85413,86102,92469,96754
 "28091","Marion, MS",5,CAGDP2,87,"11,21","Natural resources and mining ","Thousands of dollars",37600,39769,42701,67021,58348,55401,68853,87950,74488,86847,71102,80444,119223,122683,82292,57347,82398,73385,60476,41607,63436,85401
 "28091","Marion, MS",5,CAGDP2,88,"42,44-45","Trade ","Thousands of dollars",51858,54920,62470,68353,74517,81716,80199,83483,83024,92549,91258,91753,95785,97430,100071,108024,112582,107751,112733,122606,145062,154499
 "28091","Marion, MS",5,CAGDP2,89,"22,48-49","Transportation and utilities ","Thousands of dollars",17940,18088,19249,24084,28871,27647,26448,32391,36217,33453,37952,64659,65834,34799,41343,37315,52102,164630,162367,104889,65045,77019
 "28091","Marion, MS",5,CAGDP2,90,"31-33,51","Manufacturing and information ","Thousands of dollars",44644,46859,45290,48812,44410,46928,47976,57342,57471,53902,53554,41451,52982,61039,70113,103843,103263,97289,80102,80678,84324,87400
 "28091","Marion, MS",5,CAGDP2,91,"...","Private goods-producing industries 2/","Thousands of dollars",123336,126870,133508,159093,140730,143349,163483,185646,172295,185733,167515,161493,208182,227498,199550,207900,231802,235245,205462,211349,259389,288592
 "28091","Marion, MS",5,CAGDP2,92,"...","Private services-providing industries 3/","Thousands of dollars",211764,214232,227460,248640,275321,295933,271947,315989,332815,349237,349092,403654,427793,409670,440762,453201,494768,598478,606616,562866,567055,620442
 "28093","Marshall, MS",5,CAGDP2,1,"...","All industry total ","Thousands of dollars",386055,397402,412981,443401,477640,479115,437953,477600,482434,518045,516030,521844,548595,538392,601107,592334,634843,689345,746462,863528,915138,974819
 "28093","Marshall, MS",5,CAGDP2,2,"..."," Private industries ","Thousands of dollars",332975,339415,351066,379128,408342,409134,361950,398315,401843,438403,438056,444434,469761,456789,519580,510310,552773,605458,658506,774292,823130,877239
 "28093","Marshall, MS",5,CAGDP2,3,"11","  Agriculture, forestry, fishing and hunting ","Thousands of dollars",6665,749,5766,8479,7523,1048,(D),629,1318,460,1778,4464,22067,1088,965,(D),973,1014,1112,2629,3779,1338
 "28093","Marshall, MS",5,CAGDP2,6,"21","  Mining, quarrying, and oil and gas extraction ","Thousands of dollars",0,0,0,0,0,0,0,0,0,0,0,0,0,0,0,0,0,0,0,0,0,(D)
 "28093","Marshall, MS",5,CAGDP2,10,"22","  Utilities ","Thousands of dollars",4359,(D),5091,(D),(D),(D),(D),(D),(D),6552,(D),0,0,0,0,(D),25,135,(D),0,0,0
 "28093","Marshall, MS",5,CAGDP2,11,"23","  Construction ","Thousands of dollars",31311,31367,32989,43064,54110,55997,(D),44102,42048,49804,46562,47589,54252,48338,52716,47253,51029,54050,65197,74472,73065,70144
 "28093","Marshall, MS",5,CAGDP2,12,"31-33","  Manufacturing ","Thousands of dollars",71853,71603,67788,66085,66230,65510,66838,57378,45698,54262,63401,56674,53830,56634,65212,67529,92478,100773,125960,135182,160664,183257
 "28093","Marshall, MS",5,CAGDP2,13,"321,327-339","   Durable goods manufacturing ","Thousands of dollars",43105,38037,(D),(D),(D),(D),(D),(D),(D),(D),(D),(D),44905,46609,49769,56280,81032,87970,110937,110736,130557,136000
 "28093","Marshall, MS",5,CAGDP2,25,"311-316,322-326","   Nondurable goods manufacturing ","Thousands of dollars",28747,33566,(D),(D),(D),(D),(D),(D),(D),(D),(D),(D),8924,10025,15443,11249,11446,12803,15023,24446,30108,47257
 "28093","Marshall, MS",5,CAGDP2,34,"42","  Wholesale trade ","Thousands of dollars",(D),(D),(D),(D),(D),(D),(D),(D),(D),(D),(D),(D),(D),(D),(D),(D),(D),(D),(D),(D),(D),(D)
 "28093","Marshall, MS",5,CAGDP2,35,"44-45","  Retail trade ","Thousands of dollars",32327,33959,33101,35712,38541,40248,39216,39374,37736,39325,40013,43312,46167,47379,49656,54548,57399,60950,60467,65099,69248,73227
 "28093","Marshall, MS",5,CAGDP2,36,"48-49","  Transportation and warehousing ","Thousands of dollars",32070,33525,36054,39676,43909,42458,41171,40542,37229,41939,41844,43218,39849,41021,41380,64179,72953,93215,103753,151287,193279,199099
 "28093","Marshall, MS",5,CAGDP2,45,"51","  Information ","Thousands of dollars",(D),2611,2560,2818,3011,2894,2484,2762,2978,2895,2617,(D),(D),(D),(D),(D),(D),(D),(D),(D),(D),(D)
 "28093","Marshall, MS",5,CAGDP2,50,"52,53","  Finance, insurance, real estate, rental, and leasing ","Thousands of dollars",78249,83700,85776,90374,98633,99467,58477,100603,116194,126529,123153,122993,120170,122445,135500,138367,142740,152234,151976,194942,151235,158526
 "28093","Marshall, MS",5,CAGDP2,51,"52","   Finance and insurance ","Thousands of dollars",22754,22360,21584,22984,21887,21501,23292,23613,23202,23588,24365,24947,25934,29591,30371,31429,32044,34171,34818,35773,34617,35298
 "28093","Marshall, MS",5,CAGDP2,56,"53","   Real estate and rental and leasing ","Thousands of dollars",55494,61340,64192,67390,76747,77967,35185,76990,92992,102941,98788,98046,94236,92854,105129,106938,110695,118063,117158,159169,116618,123228
 "28093","Marshall, MS",5,CAGDP2,59,"54,55,56","  Professional and business services ","Thousands of dollars",13112,14169,(D),16165,16782,18880,19354,21116,23201,22369,23809,24779,23311,23047,25735,25892,26483,32630,32651,36023,47803,47032
 "28093","Marshall, MS",5,CAGDP2,60,"54","   Professional, scientific, and technical services ","Thousands of dollars",3451,3726,(D),4494,4753,5299,5851,6215,5520,5549,5925,6064,5668,5170,4998,5044,4841,4231,4634,5022,7055,8289
 "28093","Marshall, MS",5,CAGDP2,64,"55","   Management of companies and enterprises ","Thousands of dollars",0,0,0,0,0,0,0,0,0,0,0,0,0,0,0,0,0,0,0,0,0,0
 "28093","Marshall, MS",5,CAGDP2,65,"56","   Administrative and support and waste management and remediation services ","Thousands of dollars",9661,10443,(D),11671,12029,13581,13503,14901,17681,16820,17884,18715,17644,17877,20737,20847,21642,28399,28017,31001,40748,38743
 "28093","Marshall, MS",5,CAGDP2,68,"61,62","  Educational services, health care, and social assistance ","Thousands of dollars",31590,33702,36565,39332,40796,40990,42707,45882,47405,49808,48593,48254,50083,50953,50944,51032,52525,(D),(D),58236,(D),(D)
 "28093","Marshall, MS",5,CAGDP2,69,"61","   Educational services ","Thousands of dollars",(D),(D),(D),(D),(D),(D),(D),(D),(D),(D),(D),(D),(D),(D),(D),(D),(D),(D),(D),(D),(D),(D)
 "28093","Marshall, MS",5,CAGDP2,70,"62","   Health care and social assistance ","Thousands of dollars",(D),(D),(D),(D),(D),(D),(D),(D),(D),(D),(D),(D),(D),(D),(D),(D),(D),(D),(D),(D),(D),(D)
 "28093","Marshall, MS",5,CAGDP2,75,"71,72","  Arts, entertainment, recreation, accommodation, and food services ","Thousands of dollars",5918,5647,5490,6079,6538,6220,6215,7132,7959,(D),10678,9742,9499,9404,8659,9309,9444,10131,12188,12327,14978,16677
 "28093","Marshall, MS",5,CAGDP2,76,"71","   Arts, entertainment, and recreation ","Thousands of dollars",1206,771,846,768,826,413,383,250,433,(D),782,736,714,684,701,708,753,746,881,777,1002,1188
 "28093","Marshall, MS",5,CAGDP2,79,"72","   Accommodation and food services ","Thousands of dollars",4712,4876,4644,5311,5712,5807,5832,6883,7527,(D),9896,9007,8786,8720,7958,8600,8691,9385,11308,11550,13976,15490
 "28093","Marshall, MS",5,CAGDP2,82,"81","  Other services (except government and government enterprises) ","Thousands of dollars",(D),17816,18242,19844,20431,20269,19912,19024,18541,16926,18133,(D),(D),(D),(D),(D),(D),(D),(D),(D),(D),(D)
 "28093","Marshall, MS",5,CAGDP2,83,"92","Government and government enterprises ","Thousands of dollars",53080,57988,61916,64273,69298,69981,76004,79285,80591,79642,77975,77411,78835,81603,81527,82024,82069,83888,87956,89236,92009,97580
 "28093","Marshall, MS",5,CAGDP2,87,"11,21","Natural resources and mining ","Thousands of dollars",6665,749,5766,8479,7523,1048,(D),629,1318,460,1778,4464,22067,1088,965,(D),973,1014,1112,2629,3779,(D)
 "28093","Marshall, MS",5,CAGDP2,88,"42,44-45","Trade ","Thousands of dollars",(D),(D),(D),(D),(D),(D),(D),(D),(D),(D),(D),(D),(D),(D),(D),(D),(D),(D),(D),(D),(D),(D)
 "28093","Marshall, MS",5,CAGDP2,89,"22,48-49","Transportation and utilities ","Thousands of dollars",36429,(D),41145,(D),(D),(D),(D),(D),(D),48491,(D),43218,39849,41021,41380,(D),72978,93350,(D),151287,193279,199099
 "28093","Marshall, MS",5,CAGDP2,90,"31-33,51","Manufacturing and information ","Thousands of dollars",(D),74214,70348,68903,69241,68404,69322,60141,48676,57157,66018,(D),(D),(D),(D),(D),(D),(D),(D),(D),(D),(D)
 "28093","Marshall, MS",5,CAGDP2,91,"...","Private goods-producing industries 2/","Thousands of dollars",109829,103719,106542,117628,127863,122554,115019,102109,89064,104526,111742,108727,130149,106059,118893,(D),144480,155837,192269,212283,237509,(D)
 "28093","Marshall, MS",5,CAGDP2,92,"...","Private services-providing industries 3/","Thousands of dollars",223146,235696,244523,261500,280479,286579,246931,296206,312779,333878,326314,335707,339612,350730,400687,(D),408293,449620,466237,562008,585621,(D)
 "28095","Monroe, MS",5,CAGDP2,1,"...","All industry total ","Thousands of dollars",737210,759676,794977,820383,833668,852437,826087,804860,835636,836193,888129,913302,968585,993455,970215,983731,1004242,1037348,959129,991197,1086400,1144142
 "28095","Monroe, MS",5,CAGDP2,2,"..."," Private industries ","Thousands of dollars",664913,686072,716670,738646,747876,765497,734027,706401,734750,736979,793221,819996,873796,898317,870777,882593,904289,936227,853724,882823,974588,1028147
 "28095","Monroe, MS",5,CAGDP2,3,"11","  Agriculture, forestry, fishing and hunting ","Thousands of dollars",18485,7763,17445,23581,21117,12461,21131,17884,9265,1717,15430,26162,28073,10346,11084,15126,15361,7750,11773,18456,21466,6276
 "28095","Monroe, MS",5,CAGDP2,6,"21","  Mining, quarrying, and oil and gas extraction ","Thousands of dollars",9091,7602,8990,9069,9009,14470,14505,18927,12661,10902,8951,8155,8472,9239,5326,3145,2940,3995,2909,1455,15976,13788
 "28095","Monroe, MS",5,CAGDP2,10,"22","  Utilities ","Thousands of dollars",3094,3289,3202,3442,3384,3652,3338,3259,3227,3434,3356,3075,3332,3609,3295,3751,3706,4422,4634,4191,4818,4852
 "28095","Monroe, MS",5,CAGDP2,11,"23","  Construction ","Thousands of dollars",30510,36556,33765,37829,36233,40068,39282,49446,50616,57562,66846,74027,76377,84470,76034,76733,73594,78871,67083,68779,71207,72370
 "28095","Monroe, MS",5,CAGDP2,12,"31-33","  Manufacturing ","Thousands of dollars",303933,320742,324680,305415,294529,299113,311878,232084,269122,272039,289172,274392,321284,331687,308442,318491,360148,365168,279667,292716,329396,369242
 "28095","Monroe, MS",5,CAGDP2,13,"321,327-339","   Durable goods manufacturing ","Thousands of dollars",117909,131714,139007,140707,138414,120999,(D),(D),(D),(D),(D),(D),109181,121379,127378,128925,148661,149637,153094,155166,186500,202555
 "28095","Monroe, MS",5,CAGDP2,25,"311-316,322-326","   Nondurable goods manufacturing ","Thousands of dollars",186024,189028,185673,164708,156115,178114,(D),(D),(D),(D),(D),(D),212103,210309,181064,189566,211487,215531,126574,137550,142896,166688
 "28095","Monroe, MS",5,CAGDP2,34,"42","  Wholesale trade ","Thousands of dollars",23227,26723,30586,39952,38033,38514,30826,31257,30502,32280,32617,34078,34406,36964,39162,36840,34807,34755,35671,34826,36922,40951
 "28095","Monroe, MS",5,CAGDP2,35,"44-45","  Retail trade ","Thousands of dollars",55225,54871,58595,62006,64145,64686,62074,63779,57957,60617,62780,63442,63871,63233,59961,62673,64772,66160,70959,78286,91876,94885
 "28095","Monroe, MS",5,CAGDP2,36,"48-49","  Transportation and warehousing ","Thousands of dollars",20804,20129,28630,36240,39411,42796,47536,43049,31060,28090,28778,30405,32222,31685,34852,28148,31466,34181,35750,32211,38851,40438
 "28095","Monroe, MS",5,CAGDP2,45,"51","  Information ","Thousands of dollars",12069,10687,10475,9148,9351,8714,8406,9629,9497,9268,9539,9412,10453,10195,12065,12374,12145,11621,14461,16739,20717,21925
 "28095","Monroe, MS",5,CAGDP2,50,"52,53","  Finance, insurance, real estate, rental, and leasing ","Thousands of dollars",98760,99544,101637,105464,120613,119456,69182,101392,122336,118178,137639,157441,156200,179565,174549,174290,147643,163033,162542,179184,174607,177529
 "28095","Monroe, MS",5,CAGDP2,51,"52","   Finance and insurance ","Thousands of dollars",31303,29847,29611,30659,34771,35544,30378,28733,29179,29940,29512,30146,30256,32720,31314,32955,31654,31807,33643,33215,35584,32372
 "28095","Monroe, MS",5,CAGDP2,56,"53","   Real estate and rental and leasing ","Thousands of dollars",67457,69697,72025,74805,85842,83912,38804,72658,93156,88239,108127,127295,125944,146845,143235,141334,115989,131226,128899,145970,139023,145157
 "28095","Monroe, MS",5,CAGDP2,59,"54,55,56","  Professional and business services ","Thousands of dollars",14136,16067,16564,14655,14982,15615,19129,22539,19531,21595,22092,22312,21819,20846,20616,20525,21247,20713,20730,20159,24339,25903
 "28095","Monroe, MS",5,CAGDP2,60,"54","   Professional, scientific, and technical services ","Thousands of dollars",7572,9035,8987,9262,8686,(D),(D),(D),(D),(D),10014,10303,9577,(D),(D),(D),(D),(D),(D),(D),(D),(D)
 "28095","Monroe, MS",5,CAGDP2,64,"55","   Management of companies and enterprises ","Thousands of dollars",(D),(D),(D),(D),(D),(D),(D),(D),(D),(D),2286,2347,(D),(D),(D),(D),(D),(D),(D),(D),(D),(D)
 "28095","Monroe, MS",5,CAGDP2,65,"56","   Administrative and support and waste management and remediation services ","Thousands of dollars",(D),(D),(D),(D),(D),(D),8489,9031,9362,10480,9792,9662,(D),9879,10322,9649,11190,11036,10749,11217,14607,15351
 "28095","Monroe, MS",5,CAGDP2,68,"61,62","  Educational services, health care, and social assistance ","Thousands of dollars",43553,47892,48950,57247,61890,69509,70626,75906,81376,82709,77612,78908,79660,78199,86421,89931,95723,103666,102835,90745,95797,102354
 "28095","Monroe, MS",5,CAGDP2,69,"61","   Educational services ","Thousands of dollars",(D),(D),(D),(D),(D),(D),(D),(D),(D),(D),(D),(D),(D),(D),(D),(D),(D),(D),(D),(D),(D),(D)
 "28095","Monroe, MS",5,CAGDP2,70,"62","   Health care and social assistance ","Thousands of dollars",(D),(D),(D),(D),(D),(D),(D),(D),(D),(D),(D),(D),(D),(D),(D),(D),(D),(D),(D),(D),(D),(D)
 "28095","Monroe, MS",5,CAGDP2,75,"71,72","  Arts, entertainment, recreation, accommodation, and food services ","Thousands of dollars",9174,9279,10048,11672,12047,12571,13237,14040,14675,15249,15787,16569,15858,15746,16231,16896,16698,17545,19199,20025,24490,27468
 "28095","Monroe, MS",5,CAGDP2,76,"71","   Arts, entertainment, and recreation ","Thousands of dollars",1321,1212,1109,1160,1164,1076,1247,1306,1186,1047,1127,1137,1065,989,942,912,741,819,778,746,1108,1414
 "28095","Monroe, MS",5,CAGDP2,79,"72","   Accommodation and food services ","Thousands of dollars",7853,8067,8939,10511,10884,11495,11991,12733,13489,14202,14660,15431,14794,14757,15288,15984,15957,16726,18420,19279,23382,26053
 "28095","Monroe, MS",5,CAGDP2,82,"81","  Other services (except government and government enterprises) ","Thousands of dollars",22854,24927,23106,22926,23132,23870,22876,23210,22926,23338,22623,21619,21768,22534,22738,23669,24040,24348,25512,25050,24125,30166
 "28095","Monroe, MS",5,CAGDP2,83,"92","Government and government enterprises ","Thousands of dollars",72297,73604,78307,81737,85793,86940,92059,98458,100887,99214,94908,93306,94789,95138,99438,101138,99952,101121,105406,108374,111813,115995
 "28095","Monroe, MS",5,CAGDP2,87,"11,21","Natural resources and mining ","Thousands of dollars",27576,15366,26434,32650,30126,26931,35637,36812,21926,12619,24381,34317,36545,19585,16411,18271,18301,11744,14682,19912,37442,20064
 "28095","Monroe, MS",5,CAGDP2,88,"42,44-45","Trade ","Thousands of dollars",78452,81594,89181,101958,102177,103200,92900,95035,88458,92897,95396,97519,98276,100197,99123,99513,99579,100915,106630,113112,128798,135836
 "28095","Monroe, MS",5,CAGDP2,89,"22,48-49","Transportation and utilities ","Thousands of dollars",23898,23418,31832,39682,42795,46449,50874,46308,34287,31524,32133,33480,35554,35294,38147,31900,35172,38603,40384,36401,43669,45290
 "28095","Monroe, MS",5,CAGDP2,90,"31-33,51","Manufacturing and information ","Thousands of dollars",316002,331429,335155,314563,303880,307827,320283,241714,278619,281307,298711,283805,331737,341883,320508,330866,372293,376788,294128,309455,350112,391167
 "28095","Monroe, MS",5,CAGDP2,91,"...","Private goods-producing industries 2/","Thousands of dollars",362018,372664,384879,375894,360888,366112,386797,318342,341664,342220,380399,382736,434206,435742,400887,413495,452043,455783,361432,381407,438045,461676
 "28095","Monroe, MS",5,CAGDP2,92,"...","Private services-providing industries 3/","Thousands of dollars",302895,313408,331791,362752,386988,399385,347230,388059,393086,394758,412822,437260,439590,462575,469890,469098,452247,480444,492292,501416,536543,566471
 "28097","Montgomery, MS",5,CAGDP2,1,"...","All industry total ","Thousands of dollars",151923,149134,158007,167279,171509,169928,157099,168641,170047,182945,207610,189501,202850,197374,200163,204877,201081,196958,196701,208381,227168,237131
 "28097","Montgomery, MS",5,CAGDP2,2,"..."," Private industries ","Thousands of dollars",124778,120156,127289,134145,136547,135259,120127,129895,131039,144777,169238,150388,162312,157576,163174,166307,162579,158738,159083,169323,185476,191596
 "28097","Montgomery, MS",5,CAGDP2,3,"11","  Agriculture, forestry, fishing and hunting ","Thousands of dollars",9783,5198,7877,10843,9048,7604,7752,3708,5219,8435,19547,3602,14389,5179,6911,8887,7541,5990,(D),15316,14302,7771
 "28097","Montgomery, MS",5,CAGDP2,6,"21","  Mining, quarrying, and oil and gas extraction ","Thousands of dollars",3273,0,0,0,0,0,0,0,0,0,0,0,0,0,0,0,0,0,0,0,0,0
 "28097","Montgomery, MS",5,CAGDP2,10,"22","  Utilities ","Thousands of dollars",919,978,1043,1176,1234,1323,1221,1272,1249,1322,1401,1349,1389,1449,1437,1608,1666,1849,1832,2149,2124,2217
 "28097","Montgomery, MS",5,CAGDP2,11,"23","  Construction ","Thousands of dollars",4959,4764,5360,5231,5477,5400,4903,5756,6391,8789,8427,8479,8501,8413,8160,8612,(D),(D),8596,(D),9240,7002
 "28097","Montgomery, MS",5,CAGDP2,12,"31-33","  Manufacturing ","Thousands of dollars",9142,8093,11004,13085,13813,10753,7350,9200,6800,11604,10704,7115,7788,7221,7604,7317,(D),(D),(D),(D),8881,20115
 "28097","Montgomery, MS",5,CAGDP2,13,"321,327-339","   Durable goods manufacturing ","Thousands of dollars",(D),(D),10633,12732,12299,(D),6286,(D),(D),10725,9438,(D),6104,(D),(D),(D),7323,(D),(D),(D),8634,19783
 "28097","Montgomery, MS",5,CAGDP2,25,"311-316,322-326","   Nondurable goods manufacturing ","Thousands of dollars",(D),(D),371,353,1514,(D),1064,(D),(D),879,1266,(D),1684,(D),(D),(D),(D),264,377,254,247,332
 "28097","Montgomery, MS",5,CAGDP2,34,"42","  Wholesale trade ","Thousands of dollars",6390,6355,6505,6748,6603,7293,7330,7523,7618,8596,9115,9160,10702,11588,11862,10495,9925,9377,10327,11163,13289,14158
 "28097","Montgomery, MS",5,CAGDP2,35,"44-45","  Retail trade ","Thousands of dollars",19492,19754,21446,21787,22690,23843,21902,21677,21359,22668,22854,22738,22391,23527,23250,26158,26373,24241,22416,25434,29567,30267
 "28097","Montgomery, MS",5,CAGDP2,36,"48-49","  Transportation and warehousing ","Thousands of dollars",4107,4293,4612,4322,4316,4625,5359,5204,4340,5250,6196,6106,4572,4481,4664,4216,6455,7358,6489,7159,8319,9699
 "28097","Montgomery, MS",5,CAGDP2,45,"51","  Information ","Thousands of dollars",4331,4276,3633,3266,3156,3059,3413,3006,2646,2249,1977,1757,1655,2174,2648,3108,2643,2444,2429,2090,(D),(D)
 "28097","Montgomery, MS",5,CAGDP2,50,"52,53","  Finance, insurance, real estate, rental, and leasing ","Thousands of dollars",32234,32852,32408,31629,33574,33051,22406,31055,30833,30043,41561,41670,39531,41786,42915,40982,42655,46770,(D),48888,52141,49448
 "28097","Montgomery, MS",5,CAGDP2,51,"52","   Finance and insurance ","Thousands of dollars",12720,(D),12026,11825,12382,11453,11656,11051,10883,11000,(D),(D),(D),(D),(D),(D),(D),(D),(D),(D),(D),18239
 "28097","Montgomery, MS",5,CAGDP2,56,"53","   Real estate and rental and leasing ","Thousands of dollars",19514,(D),20381,19804,21192,21598,10751,20004,19950,19042,(D),(D),(D),(D),(D),(D),(D),(D),28016,(D),(D),31209
 "28097","Montgomery, MS",5,CAGDP2,59,"54,55,56","  Professional and business services ","Thousands of dollars",9806,10520,9676,11867,12671,14327,11122,9881,9619,8411,7723,6519,6916,7216,8218,9807,8194,6898,(D),4245,5350,5567
 "28097","Montgomery, MS",5,CAGDP2,60,"54","   Professional, scientific, and technical services ","Thousands of dollars",7554,8013,7076,8955,9271,10163,6675,(D),(D),4246,4382,3693,3720,4227,5592,(D),5368,3987,2586,2362,2908,2937
 "28097","Montgomery, MS",5,CAGDP2,64,"55","   Management of companies and enterprises ","Thousands of dollars",(D),(D),(D),(D),(D),(D),(D),(D),(D),(D),(D),(D),(D),(D),(D),(D),(D),(D),(D),(D),(D),(D)
 "28097","Montgomery, MS",5,CAGDP2,65,"56","   Administrative and support and waste management and remediation services ","Thousands of dollars",(D),(D),(D),(D),(D),(D),(D),2084,2002,(D),(D),(D),(D),(D),(D),1527,(D),(D),(D),(D),(D),(D)
 "28097","Montgomery, MS",5,CAGDP2,68,"61,62","  Educational services, health care, and social assistance ","Thousands of dollars",10450,12213,13521,13412,12881,12803,16488,20783,24352,26399,28712,29876,32507,32593,33237,32471,28014,24551,23790,22862,23187,22862
 "28097","Montgomery, MS",5,CAGDP2,69,"61","   Educational services ","Thousands of dollars",(D),(D),(D),(D),(D),(D),(D),(D),(D),(D),(D),(D),(D),(D),(D),(D),(D),(D),(D),(D),(D),(D)
 "28097","Montgomery, MS",5,CAGDP2,70,"62","   Health care and social assistance ","Thousands of dollars",(D),(D),(D),(D),(D),(D),(D),(D),(D),(D),(D),(D),(D),(D),(D),(D),(D),(D),(D),(D),(D),(D)
 "28097","Montgomery, MS",5,CAGDP2,75,"71,72","  Arts, entertainment, recreation, accommodation, and food services ","Thousands of dollars",3147,3584,3617,3763,3787,3651,3641,3932,4218,4825,5005,5540,5630,5752,5939,6199,6349,6199,7202,7666,9148,10786
 "28097","Montgomery, MS",5,CAGDP2,76,"71","   Arts, entertainment, and recreation ","Thousands of dollars",(D),(D),(D),(D),(D),(D),(D),(D),(D),(D),(D),(D),(D),(D),(D),(D),375,(D),(D),(D),994,1533
 "28097","Montgomery, MS",5,CAGDP2,79,"72","   Accommodation and food services ","Thousands of dollars",(D),(D),(D),(D),(D),(D),(D),(D),(D),(D),(D),(D),(D),(D),(D),(D),5974,(D),(D),(D),8153,9252
 "28097","Montgomery, MS",5,CAGDP2,82,"81","  Other services (except government and government enterprises) ","Thousands of dollars",6748,7277,6588,7017,7297,7526,7239,6897,6396,6187,6016,6476,6340,6196,6330,6449,6886,7210,7714,7410,(D),(D)
 "28097","Montgomery, MS",5,CAGDP2,83,"92","Government and government enterprises ","Thousands of dollars",27144,28978,30717,33134,34962,34669,36972,38747,39007,38168,38372,39114,40539,39797,36988,38569,38502,38220,37618,39057,41692,45535
 "28097","Montgomery, MS",5,CAGDP2,87,"11,21","Natural resources and mining ","Thousands of dollars",13056,5198,7877,10843,9048,7604,7752,3708,5219,8435,19547,3602,14389,5179,6911,8887,7541,5990,(D),15316,14302,7771
 "28097","Montgomery, MS",5,CAGDP2,88,"42,44-45","Trade ","Thousands of dollars",25882,26108,27951,28534,29293,31136,29232,29200,28977,31264,31970,31898,33093,35116,35112,36653,36298,33618,32743,36597,42856,44425
 "28097","Montgomery, MS",5,CAGDP2,89,"22,48-49","Transportation and utilities ","Thousands of dollars",5025,5271,5655,5498,5550,5948,6580,6476,5589,6572,7598,7455,5962,5930,6101,5823,8121,9207,8321,9309,10443,11916
 "28097","Montgomery, MS",5,CAGDP2,90,"31-33,51","Manufacturing and information ","Thousands of dollars",13473,12369,14636,16351,16969,13812,10763,12206,9446,13853,12681,8872,9443,9395,10252,10424,(D),(D),(D),(D),(D),(D)
 "28097","Montgomery, MS",5,CAGDP2,91,"...","Private goods-producing industries 2/","Thousands of dollars",27156,18055,24240,29159,28338,23757,20005,18664,18410,28828,38677,19197,30678,20813,22674,24815,23419,21841,26530,30257,32423,34888
 "28097","Montgomery, MS",5,CAGDP2,92,"...","Private services-providing industries 3/","Thousands of dollars",97622,102101,103049,104986,108209,111502,100122,111230,112629,115949,130561,131191,131634,136764,140500,141492,139160,136897,132553,139066,153053,156708
 "28099","Neshoba, MS",5,CAGDP2,1,"...","All industry total ","Thousands of dollars",715702,763470,797453,867075,897726,877706,851896,956217,931712,973908,928942,992033,985154,1030721,984490,985765,1046971,1064971,1100927,1045957,1210174,1370221
 "28099","Neshoba, MS",5,CAGDP2,2,"..."," Private industries ","Thousands of dollars",483815,486042,489088,558031,573247,535635,495753,588708,615241,656240,608312,666206,659561,698862,637017,629479,689372,702616,718490,684455,820015,960300
 "28099","Neshoba, MS",5,CAGDP2,3,"11","  Agriculture, forestry, fishing and hunting ","Thousands of dollars",51104,56941,57945,118885,99576,45077,51051,81819,(D),88201,21626,67200,102131,170457,134592,93011,141697,141130,(D),(D),107390,173723
 "28099","Neshoba, MS",5,CAGDP2,6,"21","  Mining, quarrying, and oil and gas extraction ","Thousands of dollars",0,0,0,0,0,0,0,672,736,0,166,95,251,283,185,128,211,208,190,82,(D),4687
 "28099","Neshoba, MS",5,CAGDP2,10,"22","  Utilities ","Thousands of dollars",2417,2486,1788,2048,2289,2437,2235,2609,2529,2564,2616,2302,1597,1518,1628,2200,2812,2890,3058,2700,3253,(D)
 "28099","Neshoba, MS",5,CAGDP2,11,"23","  Construction ","Thousands of dollars",115167,124845,124021,125573,144979,146086,142963,164078,192812,205936,216962,227936,172629,135994,88471,89944,80868,73880,94895,116615,113218,130934
 "28099","Neshoba, MS",5,CAGDP2,12,"31-33","  Manufacturing ","Thousands of dollars",85610,69374,60976,57703,54723,57661,46585,45501,40755,48663,43966,42387,50112,52225,53885,51379,47177,49758,43901,42914,65720,67604
 "28099","Neshoba, MS",5,CAGDP2,13,"321,327-339","   Durable goods manufacturing ","Thousands of dollars",53713,39828,37152,35764,31865,33243,26442,29030,26418,33598,29217,27527,32219,34108,35272,35412,31675,33615,28553,34100,54669,56927
 "28099","Neshoba, MS",5,CAGDP2,25,"311-316,322-326","   Nondurable goods manufacturing ","Thousands of dollars",31897,29546,23824,21939,22858,24417,20143,16471,14337,15065,14749,14859,17893,18116,18613,15967,15502,16143,15347,8814,11051,10677
 "28099","Neshoba, MS",5,CAGDP2,34,"42","  Wholesale trade ","Thousands of dollars",23753,23308,25005,27777,28691,32747,34026,36139,34624,36835,36527,38085,38967,38029,36772,46903,59710,64623,71030,72080,79659,67776
 "28099","Neshoba, MS",5,CAGDP2,35,"44-45","  Retail trade ","Thousands of dollars",52315,51993,57066,60192,61266,64209,60945,63001,63957,66867,68766,73973,76394,81716,85939,101222,105537,107804,109166,112949,127414,136555
 "28099","Neshoba, MS",5,CAGDP2,36,"48-49","  Transportation and warehousing ","Thousands of dollars",(D),(D),(D),(D),(D),(D),(D),(D),(D),(D),(D),(D),(D),(D),(D),(D),(D),(D),(D),(D),(D),(D)
 "28099","Neshoba, MS",5,CAGDP2,45,"51","  Information ","Thousands of dollars",8671,9171,8744,9759,10843,10999,11111,12122,12148,12980,12069,11314,11703,11335,13431,15139,15870,15178,14818,15347,16704,16216
 "28099","Neshoba, MS",5,CAGDP2,50,"52,53","  Finance, insurance, real estate, rental, and leasing ","Thousands of dollars",75351,79353,78624,81310,89569,89140,56453,87622,100285,96686,107236,106303,108173,105808,112372,116593,113508,123887,134146,149892,153969,(D)
 "28099","Neshoba, MS",5,CAGDP2,51,"52","   Finance and insurance ","Thousands of dollars",22955,23750,23211,24859,25313,26839,27299,26733,27217,25813,26224,26902,28103,31489,31239,32650,29553,31256,34462,37979,43301,42328
 "28099","Neshoba, MS",5,CAGDP2,56,"53","   Real estate and rental and leasing ","Thousands of dollars",52396,55603,55412,56451,64256,62300,29153,60888,73068,70873,81011,79400,80070,74319,81132,83944,83954,92630,99684,111913,110668,(D)
 "28099","Neshoba, MS",5,CAGDP2,59,"54,55,56","  Professional and business services ","Thousands of dollars",(D),16500,(D),13975,17125,19188,22904,23980,28252,27930,26857,21091,19863,20490,24403,28637,32526,33547,42428,37048,39878,73564
 "28099","Neshoba, MS",5,CAGDP2,60,"54","   Professional, scientific, and technical services ","Thousands of dollars",12108,7124,7414,8195,7951,9477,11363,10246,9111,8732,8865,8993,9232,9280,10496,8721,9555,10072,10460,8889,9941,11308
 "28099","Neshoba, MS",5,CAGDP2,64,"55","   Management of companies and enterprises ","Thousands of dollars",(D),6953,(D),4190,7868,7985,9504,11244,15114,14490,11297,10559,8793,9274,10935,15113,17777,17471,26053,22612,22615,52120
 "28099","Neshoba, MS",5,CAGDP2,65,"56","   Administrative and support and waste management and remediation services ","Thousands of dollars",(D),2423,(D),1590,1306,1726,2036,2489,4027,4707,6696,1539,1838,1936,2973,4803,5194,6004,5916,5547,7322,10136
 "28099","Neshoba, MS",5,CAGDP2,68,"61,62","  Educational services, health care, and social assistance ","Thousands of dollars",10320,(D),16782,(D),(D),(D),(D),(D),21456,(D),(D),(D),(D),(D),(D),(D),(D),(D),30380,29916,35011,43774
 "28099","Neshoba, MS",5,CAGDP2,69,"61","   Educational services ","Thousands of dollars",808,(D),(D),(D),(D),(D),(D),(D),93,(D),(D),(D),(D),(D),(D),(D),(D),(D),53,62,72,69
 "28099","Neshoba, MS",5,CAGDP2,70,"62","   Health care and social assistance ","Thousands of dollars",9512,(D),(D),(D),(D),(D),(D),(D),21363,(D),(D),(D),(D),(D),(D),(D),(D),(D),30327,29854,34939,43705
 "28099","Neshoba, MS",5,CAGDP2,75,"71,72","  Arts, entertainment, recreation, accommodation, and food services ","Thousands of dollars",12343,14220,15533,17816,18863,19019,19989,23677,21762,22616,23332,21156,19617,18461,18825,21952,23041,24781,27113,26901,31796,34910
 "28099","Neshoba, MS",5,CAGDP2,76,"71","   Arts, entertainment, and recreation ","Thousands of dollars",1297,1530,1379,1423,1344,1269,1195,1820,1484,1368,1726,2036,2209,2117,2354,2555,2450,2342,2469,1739,2667,3499
 "28099","Neshoba, MS",5,CAGDP2,79,"72","   Accommodation and food services ","Thousands of dollars",11046,12690,14155,16393,17519,17750,18795,21857,20278,21247,21606,19120,17408,16344,16471,19397,20590,22438,24645,25162,29129,31410
 "28099","Neshoba, MS",5,CAGDP2,82,"81","  Other services (except government and government enterprises) ","Thousands of dollars",16820,16729,15472,15898,16037,17079,17067,16664,16860,17267,17113,17774,18340,20243,21131,17155,18902,18624,22466,20714,21143,24196
 "28099","Neshoba, MS",5,CAGDP2,83,"92","Government and government enterprises ","Thousands of dollars",231887,277428,308366,309044,324478,342070,356142,367509,316471,317668,320630,325827,325593,331859,347472,356286,357598,362355,382437,361502,390159,409921
 "28099","Neshoba, MS",5,CAGDP2,87,"11,21","Natural resources and mining ","Thousands of dollars",51104,56941,57945,118885,99576,45077,51051,82491,(D),88201,21793,67295,102382,170740,134776,93140,141908,141338,(D),(D),(D),178411
 "28099","Neshoba, MS",5,CAGDP2,88,"42,44-45","Trade ","Thousands of dollars",76068,75302,82070,87968,89956,96956,94971,99140,98582,103702,105294,112058,115360,119745,122711,148125,165247,172427,180196,185029,207073,204331
 "28099","Neshoba, MS",5,CAGDP2,89,"22,48-49","Transportation and utilities ","Thousands of dollars",(D),(D),(D),(D),(D),(D),(D),(D),(D),(D),(D),(D),(D),(D),(D),(D),(D),(D),(D),(D),(D),(D)
 "28099","Neshoba, MS",5,CAGDP2,90,"31-33,51","Manufacturing and information ","Thousands of dollars",94281,78545,69720,67461,65566,68660,57696,57622,52903,61643,56035,53701,61815,63559,67316,66518,63047,64936,58719,58260,82424,83820
 "28099","Neshoba, MS",5,CAGDP2,91,"...","Private goods-producing industries 2/","Thousands of dollars",251881,251159,242943,302160,299278,248824,240599,292070,(D),342800,282720,337618,325124,358959,277132,234462,269953,264975,(D),(D),(D),376948
 "28099","Neshoba, MS",5,CAGDP2,92,"...","Private services-providing industries 3/","Thousands of dollars",231934,234883,246145,255871,273969,286812,255155,296638,(D),313440,325592,328588,334437,339903,359885,395017,419419,437640,(D),(D),(D),583352
 "28101","Newton, MS",5,CAGDP2,1,"...","All industry total ","Thousands of dollars",344843,348719,362440,413063,418602,408056,442641,574903,623551,467175,455796,450729,466005,502483,501444,479333,496194,515802,512732,508450,563007,621051
 "28101","Newton, MS",5,CAGDP2,2,"..."," Private industries ","Thousands of dollars",269809,272140,281272,325670,324655,312815,337908,465966,513891,358246,348746,342212,354146,388455,386792,362639,379798,393966,392217,386793,439668,500915
 "28101","Newton, MS",5,CAGDP2,3,"11","  Agriculture, forestry, fishing and hunting ","Thousands of dollars",25755,20871,21556,49968,39424,14401,21074,41115,40944,45730,7469,30548,47899,78525,62110,46185,68612,68202,50993,25589,53793,81912
 "28101","Newton, MS",5,CAGDP2,6,"21","  Mining, quarrying, and oil and gas extraction ","Thousands of dollars",62,52,52,54,47,60,54,255,138,136,136,206,218,622,229,88,241,290,245,132,134,225
 "28101","Newton, MS",5,CAGDP2,10,"22","  Utilities ","Thousands of dollars",1967,1905,1944,2826,2930,2954,3011,3179,3182,3283,3261,3098,3244,3366,3373,3839,3947,4305,4576,4031,4073,4258
 "28101","Newton, MS",5,CAGDP2,11,"23","  Construction ","Thousands of dollars",10405,9588,13317,15563,17449,12319,16681,14761,13185,13704,14240,17296,17916,20519,21075,22547,20897,18060,27575,19844,40699,26402
 "28101","Newton, MS",5,CAGDP2,12,"31-33","  Manufacturing ","Thousands of dollars",81427,86826,85029,86968,84258,94023,141082,228757,269962,105498,122424,82259,73085,72599,78187,79638,78270,80963,88596,95416,93177,130937
 "28101","Newton, MS",5,CAGDP2,13,"321,327-339","   Durable goods manufacturing ","Thousands of dollars",(D),85741,84171,86087,83369,(D),(D),(D),(D),104883,121891,81785,72544,72041,77481,78893,77805,80322,86782,93967,(D),129981
 "28101","Newton, MS",5,CAGDP2,25,"311-316,322-326","   Nondurable goods manufacturing ","Thousands of dollars",(D),1085,858,881,890,(D),(D),(D),(D),615,533,473,541,557,706,745,465,641,1814,1449,(D),956
 "28101","Newton, MS",5,CAGDP2,34,"42","  Wholesale trade ","Thousands of dollars",2031,2195,2345,2126,2038,2128,2562,3638,3453,3196,3070,5071,6027,6215,5420,4220,3673,4242,4395,6173,8163,11169
 "28101","Newton, MS",5,CAGDP2,35,"44-45","  Retail trade ","Thousands of dollars",30618,31044,31846,33701,33668,34593,31608,29612,29038,29991,28934,30857,31947,31533,30845,31073,30355,29765,33447,36379,42699,41062
 "28101","Newton, MS",5,CAGDP2,36,"48-49","  Transportation and warehousing ","Thousands of dollars",5875,6518,9823,12061,13398,14915,13005,9858,8417,8870,11687,9836,9628,13205,15694,14233,19512,22174,21746,(D),23264,25545
 "28101","Newton, MS",5,CAGDP2,45,"51","  Information ","Thousands of dollars",5954,5031,4582,4888,5569,6048,5608,6579,6970,7799,7284,6116,5363,4706,5243,5611,6882,8626,11662,11759,11566,11749
 "28101","Newton, MS",5,CAGDP2,50,"52,53","  Finance, insurance, real estate, rental, and leasing ","Thousands of dollars",52922,57907,58475,60460,68200,67593,36713,59806,66506,67157,74564,79256,81322,79343,87772,88751,82097,90062,77630,94944,90011,91022
 "28101","Newton, MS",5,CAGDP2,51,"52","   Finance and insurance ","Thousands of dollars",14481,14471,13956,14745,15443,14608,14547,13556,13637,13272,13557,13969,14039,15442,16131,17921,15967,15784,16745,16334,17833,17202
 "28101","Newton, MS",5,CAGDP2,56,"53","   Real estate and rental and leasing ","Thousands of dollars",38441,43436,44518,45715,52757,52985,22166,46250,52869,53885,61007,65287,67283,63901,71641,70830,66130,74278,60885,78610,72178,73820
 "28101","Newton, MS",5,CAGDP2,59,"54,55,56","  Professional and business services ","Thousands of dollars",9494,8816,9405,9547,9317,9572,10026,10736,10762,11092,11781,12780,13242,13002,11782,8622,7391,8360,9910,(D),9777,10530
 "28101","Newton, MS",5,CAGDP2,60,"54","   Professional, scientific, and technical services ","Thousands of dollars",2906,3145,3246,3213,3103,3097,3074,(D),(D),(D),(D),(D),(D),4134,3890,(D),3488,3712,(D),(D),(D),(D)
 "28101","Newton, MS",5,CAGDP2,64,"55","   Management of companies and enterprises ","Thousands of dollars",4249,4371,4613,4419,4147,4112,4093,(D),(D),(D),(D),(D),(D),3891,3359,(D),1218,1917,(D),(D),(D),(D)
 "28101","Newton, MS",5,CAGDP2,65,"56","   Administrative and support and waste management and remediation services ","Thousands of dollars",2339,1300,1546,1916,2067,2363,2860,3059,3845,(D),4941,5370,5563,4977,4533,3836,2685,2731,5345,5115,6551,6569
 "28101","Newton, MS",5,CAGDP2,68,"61,62","  Educational services, health care, and social assistance ","Thousands of dollars",24012,22243,24364,27401,27000,31935,34294,35621,38977,39180,40454,40416,39193,39795,39521,31618,30762,32071,33846,34723,33736,33665
 "28101","Newton, MS",5,CAGDP2,69,"61","   Educational services ","Thousands of dollars",(D),(D),(D),(D),(D),(D),(D),(D),(D),(D),(D),(D),(D),(D),(D),(D),(D),(D),(D),(D),(D),(D)
 "28101","Newton, MS",5,CAGDP2,70,"62","   Health care and social assistance ","Thousands of dollars",(D),(D),(D),(D),(D),(D),(D),(D),(D),(D),(D),(D),(D),(D),(D),(D),(D),(D),(D),(D),(D),(D)
 "28101","Newton, MS",5,CAGDP2,75,"71,72","  Arts, entertainment, recreation, accommodation, and food services ","Thousands of dollars",5427,5152,5305,6418,6895,7482,7584,7742,8027,8238,8351,8716,8611,8384,8601,9072,9240,9041,9352,9258,11354,12132
 "28101","Newton, MS",5,CAGDP2,76,"71","   Arts, entertainment, and recreation ","Thousands of dollars",255,212,249,332,365,305,393,413,395,336,353,412,441,423,455,638,656,759,749,698,1093,1501
 "28101","Newton, MS",5,CAGDP2,79,"72","   Accommodation and food services ","Thousands of dollars",5171,4940,5056,6086,6530,7177,7191,7329,7632,7903,7998,8304,8169,7961,8147,8434,8583,8282,8603,8559,10261,10631
 "28101","Newton, MS",5,CAGDP2,82,"81","  Other services (except government and government enterprises) ","Thousands of dollars",13860,13992,13231,13687,14461,14793,14607,14306,14330,14372,15093,15757,16451,16641,16941,17141,17920,17803,18242,17255,17223,20306
 "28101","Newton, MS",5,CAGDP2,83,"92","Government and government enterprises ","Thousands of dollars",75034,76579,81168,87393,93947,95241,104733,108938,109660,108929,107050,108516,111859,114028,114651,116694,116396,121836,120516,121657,123339,120136
 "28101","Newton, MS",5,CAGDP2,87,"11,21","Natural resources and mining ","Thousands of dollars",25817,20923,21608,50022,39471,14462,21128,41370,41082,45866,7604,30754,48117,79148,62338,46273,68853,68492,51238,25721,53927,82137
 "28101","Newton, MS",5,CAGDP2,88,"42,44-45","Trade ","Thousands of dollars",32649,33239,34191,35828,35706,36721,34170,33250,32492,33187,32003,35929,37974,37748,36265,35294,34027,34008,37843,42553,50862,52232
 "28101","Newton, MS",5,CAGDP2,89,"22,48-49","Transportation and utilities ","Thousands of dollars",7842,8423,11767,14887,16328,17869,16016,13037,11599,12153,14949,12934,12872,16571,19067,18072,23459,26479,26322,(D),27337,29803
 "28101","Newton, MS",5,CAGDP2,90,"31-33,51","Manufacturing and information ","Thousands of dollars",87382,91857,89611,91856,89827,100071,146690,235336,276932,113297,129707,88375,78448,77304,83430,85249,85152,89589,100258,107175,104742,142687
 "28101","Newton, MS",5,CAGDP2,91,"...","Private goods-producing industries 2/","Thousands of dollars",117649,117337,119954,152553,141178,120804,178890,284888,324229,165068,144268,130308,139118,172265,161600,148458,168020,167515,167409,140982,187803,239476
 "28101","Newton, MS",5,CAGDP2,92,"...","Private services-providing industries 3/","Thousands of dollars",152160,154803,161318,173117,183477,192011,159018,181078,189662,193178,204478,211904,215028,216190,225192,214180,211778,226451,224807,245812,251865,261439
 "28103","Noxubee, MS",5,CAGDP2,1,"...","All industry total ","Thousands of dollars",199230,200196,208495,229437,221669,227188,215150,219377,212579,228870,232881,228941,275168,224870,224568,241991,242836,229384,241460,252944,340667,313208
 "28103","Noxubee, MS",5,CAGDP2,2,"..."," Private industries ","Thousands of dollars",169507,168285,174436,194147,183941,189505,173209,175895,166408,183671,188946,183537,228965,177922,176022,193063,194161,180437,193000,204002,290574,259524
 "28103","Noxubee, MS",5,CAGDP2,3,"11","  Agriculture, forestry, fishing and hunting ","Thousands of dollars",26962,22034,21568,32303,30043,34327,36226,32912,23216,37521,42443,40121,73389,16095,13740,13903,(D),10305,25347,10287,49984,9984
 "28103","Noxubee, MS",5,CAGDP2,6,"21","  Mining, quarrying, and oil and gas extraction ","Thousands of dollars",792,475,530,660,498,566,1097,624,464,276,267,237,8,17,0,0,0,0,0,0,0,0
 "28103","Noxubee, MS",5,CAGDP2,10,"22","  Utilities ","Thousands of dollars",9,41,51,124,144,171,86,70,69,69,36,15,10,19,0,1095,1022,1110,1210,1052,892,933
 "28103","Noxubee, MS",5,CAGDP2,11,"23","  Construction ","Thousands of dollars",7179,5643,6243,7347,5910,6627,5545,5929,5642,6096,7625,8634,7505,6269,6824,6492,(D),5433,6217,6745,8293,8423
 "28103","Noxubee, MS",5,CAGDP2,12,"31-33","  Manufacturing ","Thousands of dollars",66248,67598,70669,73749,64483,65092,62111,58897,50937,48265,39711,37595,49761,53476,59613,69072,62765,61560,57074,75912,109536,110485
 "28103","Noxubee, MS",5,CAGDP2,13,"321,327-339","   Durable goods manufacturing ","Thousands of dollars",28050,25114,31945,36545,34014,33261,(D),(D),(D),20049,20084,22671,30443,32824,34858,41697,34814,36978,31915,48143,86220,92433
 "28103","Noxubee, MS",5,CAGDP2,25,"311-316,322-326","   Nondurable goods manufacturing ","Thousands of dollars",38198,42484,38723,37204,30469,31832,(D),(D),(D),28216,19627,14924,19317,20652,24755,27375,27951,24583,25159,27769,23316,18053
 "28103","Noxubee, MS",5,CAGDP2,34,"42","  Wholesale trade ","Thousands of dollars",2137,2067,2271,2207,2336,2574,2729,(D),(D),6273,6910,7361,(D),6920,(D),(D),(D),(D),(D),(D),(D),(D)
 "28103","Noxubee, MS",5,CAGDP2,35,"44-45","  Retail trade ","Thousands of dollars",18479,19162,19977,19813,18685,19034,17921,17988,21393,25604,24642,23762,25123,26135,25789,25021,23479,25582,27607,31798,34901,35401
 "28103","Noxubee, MS",5,CAGDP2,36,"48-49","  Transportation and warehousing ","Thousands of dollars",6356,6690,7523,10247,10303,10614,10373,7981,6184,(D),(D),(D),(D),(D),6159,6610,7632,9478,9869,11614,12061,13954
 "28103","Noxubee, MS",5,CAGDP2,45,"51","  Information ","Thousands of dollars",469,(D),1232,1454,1498,1326,(D),(D),(D),(D),(D),(D),(D),(D),140,151,107,177,246,266,126,95
 "28103","Noxubee, MS",5,CAGDP2,50,"52,53","  Finance, insurance, real estate, rental, and leasing ","Thousands of dollars",28028,29671,30172,30787,34778,33632,19969,30031,36715,34564,40991,37759,40113,43766,40745,48944,46729,44796,(D),45486,50283,52502
 "28103","Noxubee, MS",5,CAGDP2,51,"52","   Finance and insurance ","Thousands of dollars",8255,8449,8160,8371,8594,8642,9352,8684,8304,7631,7861,(D),(D),(D),8066,7951,7351,7668,(D),7898,9167,8823
 "28103","Noxubee, MS",5,CAGDP2,56,"53","   Real estate and rental and leasing ","Thousands of dollars",19773,21222,22012,22416,26184,24990,10617,21347,28411,26933,33130,(D),(D),(D),32679,40992,39378,37128,36260,37588,41116,43679
 "28103","Noxubee, MS",5,CAGDP2,59,"54,55,56","  Professional and business services ","Thousands of dollars",(D),(D),(D),3433,3028,2814,(D),(D),(D),(D),4954,5474,5083,3700,(D),(D),(D),(D),3060,3428,4233,4577
 "28103","Noxubee, MS",5,CAGDP2,60,"54","   Professional, scientific, and technical services ","Thousands of dollars",810,925,742,(D),(D),(D),478,525,580,774,977,928,(D),1066,1113,(D),(D),1010,1185,1384,1951,2160
 "28103","Noxubee, MS",5,CAGDP2,64,"55","   Management of companies and enterprises ","Thousands of dollars",(D),(D),(D),(D),(D),(D),(D),(D),(D),(D),(D),(D),(D),(D),(D),(D),(D),(D),(D),(D),(D),(D)
 "28103","Noxubee, MS",5,CAGDP2,65,"56","   Administrative and support and waste management and remediation services ","Thousands of dollars",(D),837,(D),771,653,671,697,722,732,1459,(D),(D),(D),(D),(D),483,464,(D),(D),(D),(D),(D)
 "28103","Noxubee, MS",5,CAGDP2,68,"61,62","  Educational services, health care, and social assistance ","Thousands of dollars",(D),3423,(D),4590,5040,5343,5349,5167,5492,5654,5373,5392,5410,5547,5407,5136,5038,5013,5232,4963,5351,6246
 "28103","Noxubee, MS",5,CAGDP2,69,"61","   Educational services ","Thousands of dollars",(D),(D),(D),(D),(D),(D),(D),(D),(D),(D),(D),(D),(D),(D),(D),(D),(D),62,70,24,83,81
 "28103","Noxubee, MS",5,CAGDP2,70,"62","   Health care and social assistance ","Thousands of dollars",(D),(D),(D),(D),(D),(D),(D),(D),(D),(D),(D),(D),(D),(D),(D),(D),(D),4951,5163,4938,5268,6165
 "28103","Noxubee, MS",5,CAGDP2,75,"71,72","  Arts, entertainment, recreation, accommodation, and food services ","Thousands of dollars",1792,2136,2086,2165,2207,2082,2288,2474,2278,2272,2510,3443,3333,3155,3395,3102,3182,3209,3222,(D),(D),(D)
 "28103","Noxubee, MS",5,CAGDP2,76,"71","   Arts, entertainment, and recreation ","Thousands of dollars",(D),(D),(D),(D),(D),97,(D),(D),(D),(D),(D),(D),203,173,(D),(D),(D),(D),(D),(D),(D),(D)
 "28103","Noxubee, MS",5,CAGDP2,79,"72","   Accommodation and food services ","Thousands of dollars",(D),(D),(D),(D),(D),1985,(D),(D),(D),(D),(D),(D),3130,2982,(D),(D),(D),(D),(D),(D),(D),(D)
 "28103","Noxubee, MS",5,CAGDP2,82,"81","  Other services (except government and government enterprises) ","Thousands of dollars",5613,6019,5830,5269,4988,5303,6290,6269,6565,6433,(D),(D),(D),(D),5750,6055,5928,5825,4877,4671,5345,5852
 "28103","Noxubee, MS",5,CAGDP2,83,"92","Government and government enterprises ","Thousands of dollars",29722,31912,34060,35289,37727,37682,41941,43482,46170,45200,43936,45404,46202,46948,48546,48928,48675,48947,48460,48941,50094,53685
 "28103","Noxubee, MS",5,CAGDP2,87,"11,21","Natural resources and mining ","Thousands of dollars",27754,22509,22098,32963,30541,34893,37322,33536,23680,37797,42710,40358,73398,16112,13740,13903,(D),10305,25347,10287,49984,9984
 "28103","Noxubee, MS",5,CAGDP2,88,"42,44-45","Trade ","Thousands of dollars",20616,21229,22248,22021,21021,21609,20650,(D),(D),31877,31552,31123,(D),33056,(D),(D),(D),(D),(D),(D),(D),(D)
 "28103","Noxubee, MS",5,CAGDP2,89,"22,48-49","Transportation and utilities ","Thousands of dollars",6365,6731,7574,10371,10447,10785,10459,8051,6253,(D),(D),(D),(D),(D),6159,7705,8654,10588,11079,12665,12953,14887
 "28103","Noxubee, MS",5,CAGDP2,90,"31-33,51","Manufacturing and information ","Thousands of dollars",66717,(D),71901,75202,65981,66418,(D),(D),(D),(D),(D),(D),(D),(D),59752,69224,62872,61737,57320,76178,109662,110580
 "28103","Noxubee, MS",5,CAGDP2,91,"...","Private goods-producing industries 2/","Thousands of dollars",101182,95750,99010,114059,100934,106612,104978,98361,80258,92159,90045,86586,130663,75856,80177,89467,93533,77299,88638,92944,167813,128892
 "28103","Noxubee, MS",5,CAGDP2,92,"...","Private services-providing industries 3/","Thousands of dollars",68326,72535,75426,80088,83007,82893,68231,77534,86150,91512,98901,96951,98302,102066,95844,103596,100628,103138,104362,111059,122761,130631
 "28105","Oktibbeha, MS",5,CAGDP2,1,"...","All industry total ","Thousands of dollars",946177,988321,991012,1050413,1154768,1229937,1278239,1379956,1381075,1391658,1445575,1469694,1524923,1555330,1576778,1697818,1732096,1794708,1843996,1890812,2043405,2184523
 "28105","Oktibbeha, MS",5,CAGDP2,2,"..."," Private industries ","Thousands of dollars",549794,568682,567229,602074,679731,737944,736969,811640,791740,804462,857069,864173,899467,904758,892682,996809,1028913,1074595,1093547,1113989,1222033,1321268
 "28105","Oktibbeha, MS",5,CAGDP2,3,"11","  Agriculture, forestry, fishing and hunting ","Thousands of dollars",6280,(D),(D),7238,7018,5101,5769,2919,2464,2688,4187,3640,20887,4976,2875,3218,3471,3851,3515,2808,2153,2481
 "28105","Oktibbeha, MS",5,CAGDP2,6,"21","  Mining, quarrying, and oil and gas extraction ","Thousands of dollars",4528,3144,4541,5223,4057,3635,4060,5707,3166,2791,2599,1989,2023,2344,1359,1061,140,153,138,139,130,147
 "28105","Oktibbeha, MS",5,CAGDP2,10,"22","  Utilities ","Thousands of dollars",493,468,565,645,728,807,710,936,1060,1064,1074,1062,1078,1216,1137,3096,2941,3089,2235,2450,2586,2376
 "28105","Oktibbeha, MS",5,CAGDP2,11,"23","  Construction ","Thousands of dollars",28080,29635,30733,30767,55544,73214,50689,34697,44772,47081,42112,36344,32769,23770,18253,33041,33700,28540,25064,27973,32072,29506
 "28105","Oktibbeha, MS",5,CAGDP2,12,"31-33","  Manufacturing ","Thousands of dollars",106875,108783,88490,95706,106258,122689,178506,175035,163471,144663,164744,158266,145477,144452,140977,143516,135926,130036,128267,131518,154747,182771
 "28105","Oktibbeha, MS",5,CAGDP2,13,"321,327-339","   Durable goods manufacturing ","Thousands of dollars",63551,61601,58029,65680,74262,92419,146651,142976,124923,88100,105311,102946,86971,92982,94950,100053,93645,86129,82706,81112,102334,130470
 "28105","Oktibbeha, MS",5,CAGDP2,25,"311-316,322-326","   Nondurable goods manufacturing ","Thousands of dollars",43324,47182,30461,30026,31996,30271,31855,32059,38548,56563,59433,55320,58506,51469,46027,43463,42281,43907,45561,50405,52413,52302
 "28105","Oktibbeha, MS",5,CAGDP2,34,"42","  Wholesale trade ","Thousands of dollars",18617,19671,22242,24902,25652,29008,32473,40083,42363,46837,46376,50314,53568,57463,57570,59588,56942,57256,57399,58918,63692,68145
 "28105","Oktibbeha, MS",5,CAGDP2,35,"44-45","  Retail trade ","Thousands of dollars",71450,73023,80771,81858,87059,90247,87990,87801,86863,90361,95568,105218,113859,119405,119935,122491,120793,123822,125135,137103,155265,162831
 "28105","Oktibbeha, MS",5,CAGDP2,36,"48-49","  Transportation and warehousing ","Thousands of dollars",(D),(D),(D),(D),5565,5352,7243,7549,8428,10981,12754,5421,4769,4142,4213,4174,4696,6601,7048,6718,6838,8154
 "28105","Oktibbeha, MS",5,CAGDP2,45,"51","  Information ","Thousands of dollars",12932,12986,13297,15430,17416,18585,20816,22634,23648,25266,23547,22499,21902,19267,20182,38803,53443,69878,76112,75888,84933,87854
 "28105","Oktibbeha, MS",5,CAGDP2,50,"52,53","  Finance, insurance, real estate, rental, and leasing ","Thousands of dollars",135098,142305,142381,149322,165784,170670,113012,162579,164828,179930,195555,195302,212065,232015,223904,267967,277269,275321,274085,285294,311835,326346
 "28105","Oktibbeha, MS",5,CAGDP2,51,"52","   Finance and insurance ","Thousands of dollars",36557,37795,37629,37466,41604,38401,40063,40938,40681,40399,41065,40721,42441,51351,53202,56870,59078,62729,66718,69070,74919,74169
 "28105","Oktibbeha, MS",5,CAGDP2,56,"53","   Real estate and rental and leasing ","Thousands of dollars",98541,104510,104752,111856,124180,132269,72949,121641,124147,139531,154490,154581,169624,180664,170701,211097,218191,212592,207367,216224,236916,252177
 "28105","Oktibbeha, MS",5,CAGDP2,59,"54,55,56","  Professional and business services ","Thousands of dollars",(D),66149,66066,(D),78441,83452,100683,128717,103470,97591,106747,106150,104003,100479,98987,97719,96531,120539,120417,124866,121532,125885
 "28105","Oktibbeha, MS",5,CAGDP2,60,"54","   Professional, scientific, and technical services ","Thousands of dollars",(D),23454,24598,(D),(D),30595,(D),(D),(D),(D),(D),42955,44704,(D),45111,43731,46336,50510,50674,52867,(D),(D)
 "28105","Oktibbeha, MS",5,CAGDP2,64,"55","   Management of companies and enterprises ","Thousands of dollars",(D),14179,14212,(D),(D),16951,(D),(D),(D),(D),(D),19031,16324,(D),15844,14857,9255,17416,16146,15814,(D),(D)
 "28105","Oktibbeha, MS",5,CAGDP2,65,"56","   Administrative and support and waste management and remediation services ","Thousands of dollars",21494,28516,27256,27766,34974,35906,47531,76816,50132,44037,49389,44164,42976,41461,38032,39130,40940,52614,53596,56184,55968,55708
 "28105","Oktibbeha, MS",5,CAGDP2,68,"61,62","  Educational services, health care, and social assistance ","Thousands of dollars",37018,40504,44983,49352,51272,56050,58853,62318,64222,67543,68463,72963,79749,82998,83050,88149,96040,102674,110868,103400,105809,113850
 "28105","Oktibbeha, MS",5,CAGDP2,69,"61","   Educational services ","Thousands of dollars",6497,6858,7938,8571,9034,11075,11449,10430,11066,10855,11248,12417,12208,12152,11079,10925,10329,10578,11025,9957,10146,11062
 "28105","Oktibbeha, MS",5,CAGDP2,70,"62","   Health care and social assistance ","Thousands of dollars",30521,33646,37046,40781,42238,44975,47405,51888,53156,56688,57215,60546,67541,70845,71971,77223,85711,92096,99843,93442,95663,102788
 "28105","Oktibbeha, MS",5,CAGDP2,75,"71,72","  Arts, entertainment, recreation, accommodation, and food services ","Thousands of dollars",35051,37550,40797,46065,50274,53314,49491,51132,53890,59995,66240,76641,78740,82763,92096,99443,100616,103525,109318,98237,125635,147645
 "28105","Oktibbeha, MS",5,CAGDP2,76,"71","   Arts, entertainment, and recreation ","Thousands of dollars",2602,2153,1889,2596,4315,4124,3436,3871,4448,5469,6483,8395,9917,8962,7518,7647,7725,6795,6892,6481,10401,15965
 "28105","Oktibbeha, MS",5,CAGDP2,79,"72","   Accommodation and food services ","Thousands of dollars",32449,35396,38908,43470,45959,49190,46055,47261,49442,54526,59757,68246,68823,73801,84578,91796,92891,96730,102426,91757,115234,131679
 "28105","Oktibbeha, MS",5,CAGDP2,82,"81","  Other services (except government and government enterprises) ","Thousands of dollars",31471,27526,23278,23956,24664,25818,26673,29533,29095,27672,27102,28363,28579,29466,28142,34544,46405,49311,53947,58678,54806,63277
 "28105","Oktibbeha, MS",5,CAGDP2,83,"92","Government and government enterprises ","Thousands of dollars",396383,419639,423783,448339,475036,491994,541269,568317,589335,587197,588505,605521,625456,650572,684096,701009,703184,720113,750449,776823,821373,863256
 "28105","Oktibbeha, MS",5,CAGDP2,87,"11,21","Natural resources and mining ","Thousands of dollars",10808,(D),(D),12461,11074,8737,9829,8626,5630,5479,6786,5630,22910,7321,4234,4278,3612,4004,3653,2947,2283,2628
 "28105","Oktibbeha, MS",5,CAGDP2,88,"42,44-45","Trade ","Thousands of dollars",90067,92694,103013,106761,112711,119255,120463,127884,129226,137197,141945,155532,167426,176869,177506,182080,177734,181078,182534,196020,218957,230976
 "28105","Oktibbeha, MS",5,CAGDP2,89,"22,48-49","Transportation and utilities ","Thousands of dollars",(D),(D),(D),(D),6293,6159,7953,8485,9488,12045,13828,6483,5847,5358,5350,7270,7637,9690,9283,9168,9424,10530
 "28105","Oktibbeha, MS",5,CAGDP2,90,"31-33,51","Manufacturing and information ","Thousands of dollars",119807,121768,101787,111135,123674,141275,199323,197669,187119,169929,188291,180764,167379,163719,161160,182318,189368,199914,204379,207406,239680,270626
 "28105","Oktibbeha, MS",5,CAGDP2,91,"...","Private goods-producing industries 2/","Thousands of dollars",145763,(D),(D),138934,172876,204640,239024,218358,213872,197223,213642,200240,201156,175542,163465,180835,173237,162580,156985,162438,189102,214905
 "28105","Oktibbeha, MS",5,CAGDP2,92,"...","Private services-providing industries 3/","Thousands of dollars",404031,(D),(D),463140,506855,533303,497945,593282,577867,607239,643427,663933,698312,729216,729217,815973,855676,912016,936562,951551,1032931,1106363
 "28107","Panola, MS",5,CAGDP2,1,"...","All industry total ","Thousands of dollars",670635,653081,710172,731313,781190,845207,855163,904214,933878,971373,1035642,1110402,1085523,1046169,1105728,1125295,1113762,1112182,1165440,1140690,1175095,1308236
 "28107","Panola, MS",5,CAGDP2,2,"..."," Private industries ","Thousands of dollars",576182,552654,602405,615786,654608,732659,732990,774537,799019,836553,901166,970269,944875,897513,943458,957790,950608,946751,1000043,988432,1014510,1125842
 "28107","Panola, MS",5,CAGDP2,3,"11","  Agriculture, forestry, fishing and hunting ","Thousands of dollars",18862,2555,14837,23986,29113,20223,28076,21054,19291,11173,38229,19918,47062,1760,2149,2396,3194,3504,2927,2671,9171,3439
 "28107","Panola, MS",5,CAGDP2,6,"21","  Mining, quarrying, and oil and gas extraction ","Thousands of dollars",1501,1438,679,2149,2533,3147,4578,3228,2783,2201,2268,1388,1156,1555,1633,2043,2469,3405,4348,4084,2901,2454
 "28107","Panola, MS",5,CAGDP2,10,"22","  Utilities ","Thousands of dollars",43042,42053,48520,63190,66287,79962,70437,85998,95416,104916,92334,142984,93488,114017,154368,172161,142803,149723,170639,166503,155907,217633
 "28107","Panola, MS",5,CAGDP2,11,"23","  Construction ","Thousands of dollars",23210,27411,46768,27077,19748,30237,41983,47985,32931,31713,37412,45973,44413,40062,41291,38887,37033,33669,44252,46080,45435,48932
 "28107","Panola, MS",5,CAGDP2,12,"31-33","  Manufacturing ","Thousands of dollars",138003,123241,124566,122106,133239,139838,152784,145545,181994,177714,206686,202545,174963,155011,145547,133683,136232,118192,150959,131584,129212,147114
 "28107","Panola, MS",5,CAGDP2,13,"321,327-339","   Durable goods manufacturing ","Thousands of dollars",96145,87741,89936,90718,93146,99759,118963,114340,144907,132699,161610,157896,129951,115863,103086,94943,94607,79529,106029,93393,90653,106663
 "28107","Panola, MS",5,CAGDP2,25,"311-316,322-326","   Nondurable goods manufacturing ","Thousands of dollars",41858,35500,34631,31387,40094,40079,33821,31205,37087,45015,45076,44649,45013,39149,42461,38740,41625,38663,44929,38191,38558,40450
 "28107","Panola, MS",5,CAGDP2,34,"42","  Wholesale trade ","Thousands of dollars",44227,43933,50506,56239,61206,71971,70939,84594,67861,69060,74849,82404,85962,78837,82463,86226,96771,103089,101660,92403,92459,97970
 "28107","Panola, MS",5,CAGDP2,35,"44-45","  Retail trade ","Thousands of dollars",75637,78523,80342,79486,81560,88044,87099,89409,93665,101450,99636,99651,103320,106738,108708,113848,116627,118298,123174,136645,154105,163415
 "28107","Panola, MS",5,CAGDP2,36,"48-49","  Transportation and warehousing ","Thousands of dollars",24604,17937,19946,22398,27946,31388,48848,35173,31865,33230,36106,39999,36134,33745,34301,35489,38025,41580,44071,47927,53279,54741
 "28107","Panola, MS",5,CAGDP2,45,"51","  Information ","Thousands of dollars",7425,7309,7336,6309,6951,7353,8868,11250,11348,11372,11348,10724,12275,12656,15064,19747,23383,22370,23251,22492,22946,23400
 "28107","Panola, MS",5,CAGDP2,50,"52,53","  Finance, insurance, real estate, rental, and leasing ","Thousands of dollars",111404,115679,114336,111707,116627,123982,79962,111487,117797,127028,128908,136491,152745,153997,150155,152498,148508,145118,158655,167784,168324,170724
 "28107","Panola, MS",5,CAGDP2,51,"52","   Finance and insurance ","Thousands of dollars",31640,32151,33858,36134,39527,38307,41448,39212,40290,42353,43491,45670,44075,48359,48856,48094,44811,46172,48214,52137,53357,53224
 "28107","Panola, MS",5,CAGDP2,56,"53","   Real estate and rental and leasing ","Thousands of dollars",79764,83528,80478,75573,77100,85675,38514,72275,77508,84675,85417,90821,108669,105638,101300,104404,103697,98946,110440,115646,114967,117499
 "28107","Panola, MS",5,CAGDP2,59,"54,55,56","  Professional and business services ","Thousands of dollars",25824,26207,24538,26245,28654,32801,34792,35720,36747,53240,57635,69729,75517,77658,80071,73002,76152,70386,37454,34903,38513,44779
 "28107","Panola, MS",5,CAGDP2,60,"54","   Professional, scientific, and technical services ","Thousands of dollars",17961,17832,(D),(D),(D),(D),14644,17409,18566,26990,38104,46621,51666,53758,53791,49503,(D),(D),(D),16666,17231,(D)
 "28107","Panola, MS",5,CAGDP2,64,"55","   Management of companies and enterprises ","Thousands of dollars",(D),(D),(D),(D),(D),(D),3484,4135,2916,2160,1658,(D),(D),(D),(D),(D),(D),(D),(D),3416,3532,(D)
 "28107","Panola, MS",5,CAGDP2,65,"56","   Administrative and support and waste management and remediation services ","Thousands of dollars",(D),(D),6996,7938,11418,15094,16664,14177,15266,24091,17874,(D),(D),(D),(D),(D),25249,22527,14437,14821,17749,21977
 "28107","Panola, MS",5,CAGDP2,68,"61,62","  Educational services, health care, and social assistance ","Thousands of dollars",29286,29898,34034,37433,42400,65417,66443,64405,68388,71955,72975,72988,71065,72460,75770,75512,79074,86246,85499,84082,86612,88097
 "28107","Panola, MS",5,CAGDP2,69,"61","   Educational services ","Thousands of dollars",(D),3639,3721,(D),(D),4375,4755,(D),(D),(D),(D),(D),(D),(D),(D),(D),(D),(D),(D),(D),(D),(D)
 "28107","Panola, MS",5,CAGDP2,70,"62","   Health care and social assistance ","Thousands of dollars",(D),26259,30313,(D),(D),61042,61688,(D),(D),(D),(D),(D),(D),(D),(D),(D),(D),(D),(D),(D),(D),(D)
 "28107","Panola, MS",5,CAGDP2,75,"71,72","  Arts, entertainment, recreation, accommodation, and food services ","Thousands of dollars",13224,14679,15075,16149,16600,16496,18779,21346,21463,22911,23802,24928,24904,24885,27306,28569,28781,29263,29791,28222,32666,36082
 "28107","Panola, MS",5,CAGDP2,76,"71","   Arts, entertainment, and recreation ","Thousands of dollars",604,578,1063,1174,823,963,1676,1943,2060,1820,1874,1823,2062,1764,2215,1983,1313,1078,1363,1582,2429,3065
 "28107","Panola, MS",5,CAGDP2,79,"72","   Accommodation and food services ","Thousands of dollars",12620,14101,14012,14975,15776,15533,17103,19403,19403,21090,21928,23105,22842,23121,25091,26586,27469,28185,28428,26640,30237,33016
 "28107","Panola, MS",5,CAGDP2,82,"81","  Other services (except government and government enterprises) ","Thousands of dollars",19934,21791,20922,21311,21744,21802,19403,17343,17470,18590,18977,20546,21870,24131,24630,23730,21555,21908,23365,23053,22980,27064
 "28107","Panola, MS",5,CAGDP2,83,"92","Government and government enterprises ","Thousands of dollars",94453,100427,107767,115527,126582,112548,122173,129677,134859,134820,134476,140134,140648,148657,162270,167505,163154,165431,165397,152259,160586,182394
 "28107","Panola, MS",5,CAGDP2,87,"11,21","Natural resources and mining ","Thousands of dollars",20363,3993,15516,26136,31647,23370,32654,24282,22074,13374,40498,21306,48218,3315,3783,4439,5664,6909,7275,6755,12072,5893
 "28107","Panola, MS",5,CAGDP2,88,"42,44-45","Trade ","Thousands of dollars",119863,122456,130849,135725,142766,160015,158038,174003,161527,170510,174486,182054,189282,185575,191172,200074,213398,221387,224834,229048,246564,261385
 "28107","Panola, MS",5,CAGDP2,89,"22,48-49","Transportation and utilities ","Thousands of dollars",67646,59990,68465,85587,94233,111349,119285,121171,127281,138145,128440,182984,129622,147762,188669,207650,180828,191303,214710,214430,209186,272374
 "28107","Panola, MS",5,CAGDP2,90,"31-33,51","Manufacturing and information ","Thousands of dollars",145427,130549,131902,128415,140190,147191,161652,156795,193342,189086,218034,213268,187239,167668,160610,153430,159616,140562,174209,154076,152157,170514
 "28107","Panola, MS",5,CAGDP2,91,"...","Private goods-producing industries 2/","Thousands of dollars",181575,154644,186851,175319,184634,193445,227421,217812,236999,222801,284595,269824,267594,198388,190620,177009,178928,158770,202485,184419,186719,201938
 "28107","Panola, MS",5,CAGDP2,92,"...","Private services-providing industries 3/","Thousands of dollars",394607,398010,415554,440467,469974,539214,505569,556725,562020,613752,616571,700445,677281,699125,752837,780781,771680,787981,797558,804013,827791,923904
 "28109","Pearl River, MS",5,CAGDP2,1,"...","All industry total ","Thousands of dollars",590780,630728,709882,731803,896384,983955,916151,1161523,1051782,967930,1026529,1058168,947069,951367,968493,981906,1015747,1075724,1186201,1138192,1163173,1273035
 "28109","Pearl River, MS",5,CAGDP2,2,"..."," Private industries ","Thousands of dollars",495256,526708,595798,608633,761341,836517,742341,977524,860307,776418,837034,868671,748538,750844,765442,775656,805897,863899,964641,914276,923906,1018447
 "28109","Pearl River, MS",5,CAGDP2,3,"11","  Agriculture, forestry, fishing and hunting ","Thousands of dollars",9844,14312,9728,9156,5295,5002,2816,1843,2886,1445,(D),5776,1594,2063,2133,2154,2225,2703,3393,3855,3572,3790
 "28109","Pearl River, MS",5,CAGDP2,6,"21","  Mining, quarrying, and oil and gas extraction ","Thousands of dollars",1960,1980,3319,6225,5587,3653,6143,8166,7199,5875,7122,4846,4493,5491,3115,16122,25611,54698,67616,35604,11614,8799
 "28109","Pearl River, MS",5,CAGDP2,10,"22","  Utilities ","Thousands of dollars",2673,2724,2855,4048,4791,5013,5400,6133,6489,7023,(D),7128,6915,7086,6881,7516,7628,8248,(D),8163,8295,(D)
 "28109","Pearl River, MS",5,CAGDP2,11,"23","  Construction ","Thousands of dollars",57741,60400,66279,69604,71203,92732,97507,87548,80552,86166,94491,75771,61384,58935,60131,54568,47054,46101,51484,55395,62411,69128
 "28109","Pearl River, MS",5,CAGDP2,12,"31-33","  Manufacturing ","Thousands of dollars",56697,62737,108873,97733,213880,229061,162971,377841,284832,164398,197516,219575,114296,91983,75099,70864,65268,73287,68715,67932,72973,91028
 "28109","Pearl River, MS",5,CAGDP2,13,"321,327-339","   Durable goods manufacturing ","Thousands of dollars",13772,14868,14970,12465,11872,15338,19230,44119,22324,47488,27083,27160,38692,33910,33414,31983,23245,24044,26005,25377,27973,36049
 "28109","Pearl River, MS",5,CAGDP2,25,"311-316,322-326","   Nondurable goods manufacturing ","Thousands of dollars",42925,47869,93903,85268,202008,213723,143741,333721,262508,116910,170433,192415,75604,58073,41685,38881,42023,49243,42710,42556,45000,54979
 "28109","Pearl River, MS",5,CAGDP2,34,"42","  Wholesale trade ","Thousands of dollars",23302,21310,20124,18366,15750,20456,19155,23177,24015,28801,31024,32266,33178,45324,43263,41026,37607,38730,39957,41595,48494,48739
 "28109","Pearl River, MS",5,CAGDP2,35,"44-45","  Retail trade ","Thousands of dollars",82122,84713,95155,98479,115456,138708,132391,117647,108412,109002,112362,106404,108013,110531,126167,141885,153501,150131,150944,166128,192667,198267
 "28109","Pearl River, MS",5,CAGDP2,36,"48-49","  Transportation and warehousing ","Thousands of dollars",10519,10839,12386,14282,16855,20689,23183,17598,12058,13773,13947,13601,14291,12560,25368,24758,32191,52277,54251,47547,34674,41433
 "28109","Pearl River, MS",5,CAGDP2,45,"51","  Information ","Thousands of dollars",9406,9702,12440,12690,12182,12614,13318,14690,13852,14043,12625,13283,15960,15145,16823,15543,16698,18289,20575,20190,20415,20869
 "28109","Pearl River, MS",5,CAGDP2,50,"52,53","  Finance, insurance, real estate, rental, and leasing ","Thousands of dollars",134493,147866,154288,159675,180556,173825,143794,185205,180522,197362,203217,228036,227399,241224,246551,238463,252377,241361,310454,280750,267545,296620
 "28109","Pearl River, MS",5,CAGDP2,51,"52","   Finance and insurance ","Thousands of dollars",31237,32963,33484,35140,37357,45054,45923,43225,41893,41968,41666,43576,44709,47092,47933,44416,44753,46316,49422,50411,52451,54290
 "28109","Pearl River, MS",5,CAGDP2,56,"53","   Real estate and rental and leasing ","Thousands of dollars",103256,114903,120804,124535,143199,128771,97870,141981,138628,155393,161551,184461,182690,194132,198618,194046,207624,195045,261032,230339,215094,242330
 "28109","Pearl River, MS",5,CAGDP2,59,"54,55,56","  Professional and business services ","Thousands of dollars",26740,27445,23948,27014,25825,35299,38761,40488,41127,40268,42851,43446,46085,44094,41460,38208,37888,42184,45604,46476,49049,(D)
 "28109","Pearl River, MS",5,CAGDP2,60,"54","   Professional, scientific, and technical services ","Thousands of dollars",20493,20681,17345,19681,18583,22923,22320,23135,(D),21187,23511,22750,(D),(D),(D),20669,22029,27001,27576,30650,30625,33531
 "28109","Pearl River, MS",5,CAGDP2,64,"55","   Management of companies and enterprises ","Thousands of dollars",0,0,0,0,0,(D),(D),(D),(D),0,0,0,(D),(D),(D),0,0,0,0,0,0,(D)
 "28109","Pearl River, MS",5,CAGDP2,65,"56","   Administrative and support and waste management and remediation services ","Thousands of dollars",6247,6764,6603,7333,7241,(D),(D),(D),19001,19080,19340,20696,22386,21548,19370,17540,15859,15183,18028,15826,18424,(D)
 "28109","Pearl River, MS",5,CAGDP2,68,"61,62","  Educational services, health care, and social assistance ","Thousands of dollars",33617,34783,38950,40132,39810,35518,37023,39741,41179,45060,(D),53342,51092,50795,52004,57975,60025,64022,(D),63753,66773,73283
 "28109","Pearl River, MS",5,CAGDP2,69,"61","   Educational services ","Thousands of dollars",(D),(D),(D),(D),(D),193,(D),(D),(D),(D),336,(D),(D),(D),(D),(D),(D),(D),(D),(D),(D),2826
 "28109","Pearl River, MS",5,CAGDP2,70,"62","   Health care and social assistance ","Thousands of dollars",(D),(D),(D),(D),(D),35325,(D),(D),(D),(D),(D),(D),(D),(D),(D),(D),(D),(D),(D),(D),(D),70456
 "28109","Pearl River, MS",5,CAGDP2,75,"71,72","  Arts, entertainment, recreation, accommodation, and food services ","Thousands of dollars",16113,16403,17750,20190,21252,26119,26970,26239,26535,27687,29129,29687,29274,30190,31907,32154,31980,34093,36215,34438,41275,47877
 "28109","Pearl River, MS",5,CAGDP2,76,"71","   Arts, entertainment, and recreation ","Thousands of dollars",1340,1213,1333,1471,1670,1768,2276,1946,1426,1468,1576,1542,1646,1577,1578,1621,1763,1496,1759,1548,2709,4519
 "28109","Pearl River, MS",5,CAGDP2,79,"72","   Accommodation and food services ","Thousands of dollars",14773,15190,16417,18719,19582,24350,24694,24294,25109,26218,27553,28145,27628,28613,30329,30533,30217,32597,34456,32890,38566,43359
 "28109","Pearl River, MS",5,CAGDP2,82,"81","  Other services (except government and government enterprises) ","Thousands of dollars",30029,31498,29702,31038,32900,37829,32910,31209,30647,35515,34938,35510,34564,35424,34541,34419,35842,37776,41787,42448,44147,52409
 "28109","Pearl River, MS",5,CAGDP2,83,"92","Government and government enterprises ","Thousands of dollars",95524,104019,114085,123170,135043,147439,173810,183999,191475,191512,189495,189498,198530,200523,203051,206250,209850,211825,221561,223915,239267,254588
 "28109","Pearl River, MS",5,CAGDP2,87,"11,21","Natural resources and mining ","Thousands of dollars",11804,16292,13047,15381,10882,8655,8959,10009,10085,7320,(D),10622,6087,7554,5248,18277,27836,57401,71009,39459,15187,12589
 "28109","Pearl River, MS",5,CAGDP2,88,"42,44-45","Trade ","Thousands of dollars",105424,106023,115279,116845,131206,159164,151546,140824,132428,137803,143386,138670,141191,155855,169430,182912,191108,188861,190901,207723,241161,247007
 "28109","Pearl River, MS",5,CAGDP2,89,"22,48-49","Transportation and utilities ","Thousands of dollars",13192,13562,15241,18331,21645,25702,28583,23730,18547,20797,(D),20729,21206,19646,32249,32274,39819,60525,(D),55710,42969,(D)
 "28109","Pearl River, MS",5,CAGDP2,90,"31-33,51","Manufacturing and information ","Thousands of dollars",66103,72439,121313,110423,226062,241675,176289,392530,298684,178441,210140,232859,130256,107129,91922,86407,81967,91576,89290,88123,93389,111897
 "28109","Pearl River, MS",5,CAGDP2,91,"...","Private goods-producing industries 2/","Thousands of dollars",126242,139428,188200,182718,295966,330447,269437,475398,375469,257884,(D),305968,181767,158472,140478,143708,140159,176790,191208,162787,150571,172745
 "28109","Pearl River, MS",5,CAGDP2,92,"...","Private services-providing industries 3/","Thousands of dollars",369014,387281,407598,425915,465375,506069,472904,502127,484838,518534,(D),562703,566771,592372,624964,631948,665739,687110,773433,751489,773336,845702
 "28111","Perry, MS",5,CAGDP2,1,"...","All industry total ","Thousands of dollars",195015,201934,226885,278149,267767,276731,249720,240019,261598,278754,290253,287367,299658,290018,290175,295561,308713,324100,312239,314018,380070,392057
 "28111","Perry, MS",5,CAGDP2,2,"..."," Private industries ","Thousands of dollars",171267,179352,203321,253249,241534,250437,221348,209188,231516,250328,261941,257992,269390,258956,257681,262050,276112,292856,277606,281318,345584,349243
 "28111","Perry, MS",5,CAGDP2,3,"11","  Agriculture, forestry, fishing and hunting ","Thousands of dollars",8157,11254,9400,14313,13560,14284,10598,7919,6985,4302,6131,4958,10581,13059,14025,12358,17420,16799,13568,(D),15235,17250
 "28111","Perry, MS",5,CAGDP2,6,"21","  Mining, quarrying, and oil and gas extraction ","Thousands of dollars",2264,2320,1609,2499,1993,2512,2949,4053,3706,3597,4913,7169,6281,5760,2744,2647,5686,6520,8146,6040,8263,(D)
 "28111","Perry, MS",5,CAGDP2,10,"22","  Utilities ","Thousands of dollars",6072,3311,180,15078,13605,15876,(D),14594,16616,17051,19454,(D),19088,18912,16304,16363,16004,14526,15538,14933,18729,20846
 "28111","Perry, MS",5,CAGDP2,11,"23","  Construction ","Thousands of dollars",5603,5228,5975,6056,8148,9428,6557,5861,6535,6144,6513,6676,6481,5985,5057,4820,6497,6393,6076,5821,4948,5045
 "28111","Perry, MS",5,CAGDP2,12,"31-33","  Manufacturing ","Thousands of dollars",82047,83035,106736,130136,112184,108891,100676,80348,99388,116635,109082,98978,95676,86640,83746,95029,97699,118724,107314,118486,151992,144982
 "28111","Perry, MS",5,CAGDP2,13,"321,327-339","   Durable goods manufacturing ","Thousands of dollars",(D),(D),(D),(D),(D),(D),(D),(D),(D),(D),(D),(D),(D),(D),(D),(D),26701,28321,27077,(D),(D),52903
 "28111","Perry, MS",5,CAGDP2,25,"311-316,322-326","   Nondurable goods manufacturing ","Thousands of dollars",(D),(D),(D),(D),(D),(D),(D),(D),(D),(D),(D),(D),(D),(D),(D),(D),70998,90403,80238,(D),(D),92079
 "28111","Perry, MS",5,CAGDP2,34,"42","  Wholesale trade ","Thousands of dollars",(D),(D),(D),(D),(D),(D),(D),(D),(D),(D),(D),(D),(D),(D),(D),(D),(D),(D),(D),(D),(D),(D)
 "28111","Perry, MS",5,CAGDP2,35,"44-45","  Retail trade ","Thousands of dollars",9328,10192,10737,11508,11227,11732,11264,11776,12139,11591,12352,12220,12407,12468,12342,13000,13778,14012,14038,14733,15942,17528
 "28111","Perry, MS",5,CAGDP2,36,"48-49","  Transportation and warehousing ","Thousands of dollars",(D),(D),(D),4282,4358,4751,4589,3622,2611,2638,2856,2307,4073,4589,5922,6272,6865,6919,6974,6621,13798,14401
 "28111","Perry, MS",5,CAGDP2,45,"51","  Information ","Thousands of dollars",2366,2080,2029,2039,2358,2317,2484,2803,2726,2677,2618,2769,2859,2758,(D),(D),(D),(D),(D),(D),3098,3175
 "28111","Perry, MS",5,CAGDP2,50,"52,53","  Finance, insurance, real estate, rental, and leasing ","Thousands of dollars",23839,25886,26794,26691,31497,33360,19430,29031,32915,33637,39643,42856,46552,46236,51155,47273,49730,48239,(D),50358,53621,(D)
 "28111","Perry, MS",5,CAGDP2,51,"52","   Finance and insurance ","Thousands of dollars",(D),6146,(D),(D),(D),6684,6652,6309,(D),5587,5762,6049,(D),(D),(D),(D),5067,(D),(D),5874,(D),(D)
 "28111","Perry, MS",5,CAGDP2,56,"53","   Real estate and rental and leasing ","Thousands of dollars",(D),19740,(D),(D),(D),26676,12778,22721,(D),28049,33880,36807,(D),(D),(D),(D),44663,(D),42860,44484,(D),50595
 "28111","Perry, MS",5,CAGDP2,59,"54,55,56","  Professional and business services ","Thousands of dollars",1377,1613,1655,1727,1946,3342,3732,4604,4472,5998,7070,8244,7090,(D),(D),5326,(D),5139,(D),5102,(D),6860
 "28111","Perry, MS",5,CAGDP2,60,"54","   Professional, scientific, and technical services ","Thousands of dollars",(D),(D),531,430,756,1535,2138,2902,2821,3283,4089,(D),3941,2275,3419,2680,2443,(D),(D),(D),(D),(D)
 "28111","Perry, MS",5,CAGDP2,64,"55","   Management of companies and enterprises ","Thousands of dollars",0,0,(D),(D),(D),(D),(D),(D),(D),(D),(D),(D),(D),(D),(D),(D),(D),(D),(D),(D),(D),(D)
 "28111","Perry, MS",5,CAGDP2,65,"56","   Administrative and support and waste management and remediation services ","Thousands of dollars",(D),(D),(D),(D),(D),(D),(D),(D),(D),(D),(D),(D),(D),(D),(D),(D),(D),1912,1850,2012,2482,2608
 "28111","Perry, MS",5,CAGDP2,68,"61,62","  Educational services, health care, and social assistance ","Thousands of dollars",3073,5934,7718,8780,9499,10006,10511,11317,11353,12512,13091,12790,14034,15351,15902,14916,15257,15855,17989,(D),19946,16639
 "28111","Perry, MS",5,CAGDP2,69,"61","   Educational services ","Thousands of dollars",41,43,29,4,1,2,73,80,58,52,59,128,240,324,373,276,313,265,257,(D),(D),(D)
 "28111","Perry, MS",5,CAGDP2,70,"62","   Health care and social assistance ","Thousands of dollars",3032,5891,7689,8776,9498,10004,10438,11237,11295,12460,13032,12662,13794,15027,15529,14640,14944,15590,17732,(D),(D),(D)
 "28111","Perry, MS",5,CAGDP2,75,"71,72","  Arts, entertainment, recreation, accommodation, and food services ","Thousands of dollars",1148,1193,1317,(D),(D),(D),1941,(D),(D),(D),(D),2478,(D),(D),2383,2363,2349,2280,2763,2651,4169,5532
 "28111","Perry, MS",5,CAGDP2,76,"71","   Arts, entertainment, and recreation ","Thousands of dollars",(D),(D),(D),(D),(D),(D),353,(D),(D),(D),(D),(D),(D),(D),(D),(D),157,69,164,155,800,1533
 "28111","Perry, MS",5,CAGDP2,79,"72","   Accommodation and food services ","Thousands of dollars",(D),(D),(D),(D),(D),(D),1588,(D),(D),(D),(D),(D),(D),(D),(D),(D),2192,2211,2598,2496,3369,3999
 "28111","Perry, MS",5,CAGDP2,82,"81","  Other services (except government and government enterprises) ","Thousands of dollars",7887,8326,7588,7457,7350,7875,8665,7694,6980,6936,6731,7015,7381,8195,(D),(D),8484,(D),(D),8503,8017,9094
 "28111","Perry, MS",5,CAGDP2,83,"92","Government and government enterprises ","Thousands of dollars",23749,22582,23564,24900,26233,26294,28372,30831,30082,28426,28312,29375,30268,31061,32494,33510,32601,31244,34634,32699,34487,42815
 "28111","Perry, MS",5,CAGDP2,87,"11,21","Natural resources and mining ","Thousands of dollars",10421,13574,11009,16813,15553,16796,13548,11972,10691,7900,11044,12127,16862,18819,16769,15005,23106,23319,21714,(D),23499,(D)
 "28111","Perry, MS",5,CAGDP2,88,"42,44-45","Trade ","Thousands of dollars",(D),(D),(D),(D),(D),(D),(D),(D),(D),(D),(D),(D),(D),(D),(D),(D),(D),(D),(D),(D),(D),(D)
 "28111","Perry, MS",5,CAGDP2,89,"22,48-49","Transportation and utilities ","Thousands of dollars",(D),(D),(D),19360,17963,20627,(D),18217,19227,19689,22310,(D),23161,23501,22226,22635,22869,21444,22511,21554,32527,35248
 "28111","Perry, MS",5,CAGDP2,90,"31-33,51","Manufacturing and information ","Thousands of dollars",84413,85116,108766,132175,114541,111208,103159,83151,102114,119311,111700,101747,98534,89398,(D),(D),(D),(D),(D),(D),155090,148157
 "28111","Perry, MS",5,CAGDP2,91,"...","Private goods-producing industries 2/","Thousands of dollars",98071,101837,123720,153005,135885,135115,120781,98180,116614,130678,126639,117781,119019,111444,105572,114854,127303,148435,135105,(D),180439,(D)
 "28111","Perry, MS",5,CAGDP2,92,"...","Private services-providing industries 3/","Thousands of dollars",73195,77514,79600,100244,105649,115322,100567,111007,114901,119650,135302,140211,150372,147513,152109,147197,148809,144421,142501,(D),165145,(D)
 "28113","Pike, MS",5,CAGDP2,1,"...","All industry total ","Thousands of dollars",779011,795525,834696,892321,932764,1018425,996647,1081955,1036580,1052604,1047074,1121771,1177231,1193011,1195250,1182068,1181595,1159907,1177690,1180621,1283244,1365205
 "28113","Pike, MS",5,CAGDP2,2,"..."," Private industries ","Thousands of dollars",635359,642980,674352,720283,745141,819712,779572,857770,808423,827477,824478,892417,941076,957809,960286,948992,947095,924957,930394,936025,1016917,1079797
 "28113","Pike, MS",5,CAGDP2,3,"11","  Agriculture, forestry, fishing and hunting ","Thousands of dollars",18041,16663,15058,25856,19504,7426,7628,6574,11998,16106,12091,14404,31408,36748,31236,14010,26312,22179,12700,10070,15346,17643
 "28113","Pike, MS",5,CAGDP2,6,"21","  Mining, quarrying, and oil and gas extraction ","Thousands of dollars",6811,8583,9505,15278,17295,20722,22798,26770,19933,27286,32855,30499,24903,20271,10186,7189,10331,12932,9242,6663,12603,15932
 "28113","Pike, MS",5,CAGDP2,10,"22","  Utilities ","Thousands of dollars",5610,5756,5739,6322,6968,6799,(D),7863,7920,8275,8506,8356,8570,8929,9258,10040,10356,10376,11153,15109,13722,14061
 "28113","Pike, MS",5,CAGDP2,11,"23","  Construction ","Thousands of dollars",19747,24995,31059,23545,27523,54774,44415,80696,32031,35836,38919,36891,29636,28809,25917,24932,21310,20954,20369,20824,20913,22830
 "28113","Pike, MS",5,CAGDP2,12,"31-33","  Manufacturing ","Thousands of dollars",148418,128386,142432,155318,141731,157839,161202,149394,141279,134465,130648,145408,173538,174963,193012,196310,180532,165498,169235,182051,195684,211826
 "28113","Pike, MS",5,CAGDP2,13,"321,327-339","   Durable goods manufacturing ","Thousands of dollars",42631,37635,40702,50286,51769,52223,50691,42133,(D),(D),(D),(D),55791,57000,59723,70671,54345,50157,49818,48935,48868,55273
 "28113","Pike, MS",5,CAGDP2,25,"311-316,322-326","   Nondurable goods manufacturing ","Thousands of dollars",105787,90751,101729,105032,89961,105616,110511,107261,(D),(D),(D),(D),117747,117963,133289,125639,126188,115341,119418,133116,146816,156553
 "28113","Pike, MS",5,CAGDP2,34,"42","  Wholesale trade ","Thousands of dollars",38088,40659,44361,51509,56534,59951,(D),61267,59828,63831,62177,59654,60294,57083,56564,53230,50761,51338,53927,53548,54564,58225
 "28113","Pike, MS",5,CAGDP2,35,"44-45","  Retail trade ","Thousands of dollars",99717,103659,107045,107345,117795,128578,126021,126312,120831,121620,120580,135320,147273,156592,147839,150672,152757,156350,161891,169454,183400,191434
 "28113","Pike, MS",5,CAGDP2,36,"48-49","  Transportation and warehousing ","Thousands of dollars",24030,24367,24657,28547,32448,39034,40571,38474,32468,33311,32895,30386,35611,37344,43518,39663,45931,42460,36899,40403,39973,44714
 "28113","Pike, MS",5,CAGDP2,45,"51","  Information ","Thousands of dollars",13406,14023,14055,14418,15793,15983,16642,17067,16254,17328,17932,19032,23543,27415,33215,35979,34430,29389,29245,28988,33044,35680
 "28113","Pike, MS",5,CAGDP2,50,"52,53","  Finance, insurance, real estate, rental, and leasing ","Thousands of dollars",117814,122919,124116,128828,142050,146788,109377,152892,171468,166478,166636,205803,201877,200420,196483,204344,203394,197307,195998,190732,214088,215812
 "28113","Pike, MS",5,CAGDP2,51,"52","   Finance and insurance ","Thousands of dollars",37019,36600,35970,37224,40711,41388,43211,40603,41479,40680,42248,43702,44653,49410,48395,48951,49585,52584,55442,56712,61651,60416
 "28113","Pike, MS",5,CAGDP2,56,"53","   Real estate and rental and leasing ","Thousands of dollars",80795,86320,88146,91604,101339,105400,66166,112289,129988,125797,124387,162101,157224,151011,148088,155393,153809,144723,140556,134019,152437,155396
 "28113","Pike, MS",5,CAGDP2,59,"54,55,56","  Professional and business services ","Thousands of dollars",42516,44842,46198,43404,43135,49103,46777,48591,47024,49217,49329,53162,52092,55302,58307,57416,54987,54746,59202,59218,64012,63943
 "28113","Pike, MS",5,CAGDP2,60,"54","   Professional, scientific, and technical services ","Thousands of dollars",17868,20252,19148,16820,17334,19334,19613,21873,20479,17392,16987,16792,17318,20508,21752,20656,19270,19100,20531,18680,20165,22126
 "28113","Pike, MS",5,CAGDP2,64,"55","   Management of companies and enterprises ","Thousands of dollars",17566,17074,18641,15902,14276,15645,10226,9612,9667,12225,13690,17882,18072,17588,17419,17536,15120,13624,16652,16325,18565,20521
 "28113","Pike, MS",5,CAGDP2,65,"56","   Administrative and support and waste management and remediation services ","Thousands of dollars",7082,7516,8409,10682,11524,14124,16937,17106,16877,19600,18653,18488,16702,17206,19136,19224,20597,22022,22019,24212,25282,21296
 "28113","Pike, MS",5,CAGDP2,68,"61,62","  Educational services, health care, and social assistance ","Thousands of dollars",48721,53240,55544,59037,61386,68346,71750,76973,79016,81575,80887,80391,79156,79440,78283,77855,78952,82665,88491,83068,85203,91707
 "28113","Pike, MS",5,CAGDP2,69,"61","   Educational services ","Thousands of dollars",(D),(D),(D),(D),(D),(D),(D),(D),(D),(D),(D),(D),9285,9667,9217,9272,8452,8231,8279,7158,(D),(D)
 "28113","Pike, MS",5,CAGDP2,70,"62","   Health care and social assistance ","Thousands of dollars",(D),(D),(D),(D),(D),(D),(D),(D),(D),(D),(D),(D),69870,69773,69065,68582,70500,74434,80211,75910,(D),(D)
 "28113","Pike, MS",5,CAGDP2,75,"71,72","  Arts, entertainment, recreation, accommodation, and food services ","Thousands of dollars",25576,28274,28929,32224,32395,32348,32804,35196,37509,38530,38439,40692,42260,43484,45507,45687,45299,46618,47870,42338,49336,55278
 "28113","Pike, MS",5,CAGDP2,76,"71","   Arts, entertainment, and recreation ","Thousands of dollars",5115,4908,4419,4770,4732,3980,3772,3612,3248,2902,2453,2602,2830,2784,2815,2601,2464,2838,3011,2473,3095,3619
 "28113","Pike, MS",5,CAGDP2,79,"72","   Accommodation and food services ","Thousands of dollars",20461,23366,24509,27454,27663,28368,29031,31584,34261,35628,35985,38089,39430,40700,42691,43086,42835,43780,44859,39864,46241,51659
 "28113","Pike, MS",5,CAGDP2,82,"81","  Other services (except government and government enterprises) ","Thousands of dollars",26865,26611,25654,28653,30584,32020,30105,29700,30865,33619,32582,32420,30916,31010,30964,31665,31743,32143,34173,33559,35030,40711
 "28113","Pike, MS",5,CAGDP2,83,"92","Government and government enterprises ","Thousands of dollars",143652,152545,160344,172038,187622,198713,217075,224185,228156,225127,222595,229355,236155,235202,234964,233076,234500,234951,247296,244596,266327,285408
 "28113","Pike, MS",5,CAGDP2,87,"11,21","Natural resources and mining ","Thousands of dollars",24852,25247,24563,41134,36799,28148,30426,33344,31931,43392,44947,44903,56311,57019,41422,21199,36643,35111,21942,16733,27949,33575
 "28113","Pike, MS",5,CAGDP2,88,"42,44-45","Trade ","Thousands of dollars",137805,144319,151406,158854,174329,188529,(D),187579,180659,185452,182758,194974,207567,213674,204403,203902,203517,207689,215817,223002,237964,249659
 "28113","Pike, MS",5,CAGDP2,89,"22,48-49","Transportation and utilities ","Thousands of dollars",29640,30123,30396,34868,39416,45832,(D),46337,40389,41586,41401,38742,44181,46273,52775,49704,56287,52837,48052,55513,53695,58776
 "28113","Pike, MS",5,CAGDP2,90,"31-33,51","Manufacturing and information ","Thousands of dollars",161824,142409,156487,169736,157523,173823,177844,166461,157533,151793,148581,164440,197081,202378,226226,232289,214962,194887,198480,211039,228728,247506
 "28113","Pike, MS",5,CAGDP2,91,"...","Private goods-producing industries 2/","Thousands of dollars",193017,178627,198054,219996,206052,240762,236043,263434,205241,213693,214515,227201,259485,260791,260350,242441,238486,221563,211547,219608,244545,268231
 "28113","Pike, MS",5,CAGDP2,92,"...","Private services-providing industries 3/","Thousands of dollars",442342,464353,476298,500287,539089,578950,543529,594336,603183,613784,609964,665215,681591,697018,699936,706551,708609,703394,718847,716416,772372,811566
 "28115","Pontotoc, MS",5,CAGDP2,1,"...","All industry total ","Thousands of dollars",550173,560019,581490,657278,685845,705970,663985,702797,682325,720148,730256,778157,812999,827407,910831,949849,872749,962383,1008341,994447,1114341,1159995
 "28115","Pontotoc, MS",5,CAGDP2,2,"..."," Private industries ","Thousands of dollars",505879,512095,529376,603371,628490,647572,600111,634752,611028,649133,660840,706523,738409,750078,831174,867872,790170,877553,918874,901811,1018456,1059347
 "28115","Pontotoc, MS",5,CAGDP2,3,"11","  Agriculture, forestry, fishing and hunting ","Thousands of dollars",8872,3072,7121,8862,10562,3015,7379,4532,3878,2177,3282,1395,4147,984,1840,2642,3135,3898,4000,7532,7468,4211
 "28115","Pontotoc, MS",5,CAGDP2,6,"21","  Mining, quarrying, and oil and gas extraction ","Thousands of dollars",142,177,241,253,150,221,323,379,232,187,198,154,179,198,103,92,77,75,42,40,94,111
 "28115","Pontotoc, MS",5,CAGDP2,10,"22","  Utilities ","Thousands of dollars",2851,2953,2942,3253,3482,3594,3653,4132,4283,4325,4387,4400,4653,4793,5072,5519,5798,6440,7296,8201,8139,8314
 "28115","Pontotoc, MS",5,CAGDP2,11,"23","  Construction ","Thousands of dollars",11095,12429,15188,18119,21670,25474,20298,19005,24944,27630,28908,30318,26967,23796,20979,19946,18806,20423,22986,22076,24386,26433
 "28115","Pontotoc, MS",5,CAGDP2,12,"31-33","  Manufacturing ","Thousands of dollars",282910,269446,273051,314476,315380,326954,314766,325208,292767,309779,296098,317862,330181,343841,402721,418566,336084,394571,407287,352764,382680,369964
 "28115","Pontotoc, MS",5,CAGDP2,13,"321,327-339","   Durable goods manufacturing ","Thousands of dollars",(D),247267,250522,289624,290361,297315,286691,296955,263296,274454,262493,282602,291333,313596,375223,391302,308822,370551,381556,322846,351356,335309
 "28115","Pontotoc, MS",5,CAGDP2,25,"311-316,322-326","   Nondurable goods manufacturing ","Thousands of dollars",(D),22179,22529,24852,25019,29639,28075,28254,29472,35325,33605,35260,38849,30245,27498,27265,27261,24020,25731,29919,31324,34655
 "28115","Pontotoc, MS",5,CAGDP2,34,"42","  Wholesale trade ","Thousands of dollars",(D),8098,8470,10967,13095,14130,11165,10212,11576,12826,14950,16135,20389,20585,23028,26700,31428,34224,33934,34323,38711,40388
 "28115","Pontotoc, MS",5,CAGDP2,35,"44-45","  Retail trade ","Thousands of dollars",36170,37858,41770,44889,45820,52103,50028,49208,49409,52087,52917,54351,59218,62426,65846,69051,74742,75211,81196,101834,150103,162450
 "28115","Pontotoc, MS",5,CAGDP2,36,"48-49","  Transportation and warehousing ","Thousands of dollars",20779,33256,38151,45648,52122,54336,52745,55909,48937,49647,50775,51477,49598,53066,56126,56732,62048,66942,64654,73809,82215,95222
 "28115","Pontotoc, MS",5,CAGDP2,45,"51","  Information ","Thousands of dollars",3229,3656,4144,5033,5385,4393,4361,4178,3122,3178,2839,2863,3183,2678,(D),(D),(D),(D),(D),(D),(D),(D)
 "28115","Pontotoc, MS",5,CAGDP2,50,"52,53","  Finance, insurance, real estate, rental, and leasing ","Thousands of dollars",78759,84993,81065,83259,88941,85773,54756,77505,85309,93706,111121,116760,123423,116106,123689,129476,116955,125666,137296,141285,146862,158200
 "28115","Pontotoc, MS",5,CAGDP2,51,"52","   Finance and insurance ","Thousands of dollars",22278,25422,21956,23779,24348,22700,23299,22285,22485,21749,22382,23112,24049,26874,27633,27406,26703,29140,30813,30603,32190,33025
 "28115","Pontotoc, MS",5,CAGDP2,56,"53","   Real estate and rental and leasing ","Thousands of dollars",56481,59571,59109,59480,64594,63073,31456,55220,62824,71957,88738,93648,99374,89232,96056,102070,90252,96526,106483,110682,114672,125175
 "28115","Pontotoc, MS",5,CAGDP2,59,"54,55,56","  Professional and business services ","Thousands of dollars",(D),11246,12451,(D),21950,23679,24846,28170,28589,32415,32731,34739,34092,35593,37206,38251,36775,39599,42988,44026,54141,60449
 "28115","Pontotoc, MS",5,CAGDP2,60,"54","   Professional, scientific, and technical services ","Thousands of dollars",(D),(D),(D),(D),(D),(D),(D),(D),14832,15932,17591,18452,18263,18485,19597,(D),18674,18978,(D),(D),(D),33019
 "28115","Pontotoc, MS",5,CAGDP2,64,"55","   Management of companies and enterprises ","Thousands of dollars",(D),(D),(D),(D),(D),(D),(D),(D),0,0,0,0,0,0,0,(D),0,0,(D),(D),(D),359
 "28115","Pontotoc, MS",5,CAGDP2,65,"56","   Administrative and support and waste management and remediation services ","Thousands of dollars",5583,6097,6839,9672,10720,11487,11939,13249,13757,16483,15139,16287,15829,17108,17609,17584,18101,20620,22756,23862,29371,27072
 "28115","Pontotoc, MS",5,CAGDP2,68,"61,62","  Educational services, health care, and social assistance ","Thousands of dollars",18531,19760,20591,(D),21312,23336,25058,25918,27291,28395,29646,39358,44062,45502,48633,52659,55431,59899,64443,64663,66078,67701
 "28115","Pontotoc, MS",5,CAGDP2,69,"61","   Educational services ","Thousands of dollars",457,(D),(D),(D),(D),(D),(D),(D),(D),(D),(D),(D),(D),(D),(D),(D),(D),(D),(D),(D),(D),(D)
 "28115","Pontotoc, MS",5,CAGDP2,70,"62","   Health care and social assistance ","Thousands of dollars",18074,(D),(D),(D),(D),(D),(D),(D),(D),(D),(D),(D),(D),(D),(D),(D),(D),(D),(D),(D),(D),(D)
 "28115","Pontotoc, MS",5,CAGDP2,75,"71,72","  Arts, entertainment, recreation, accommodation, and food services ","Thousands of dollars",5375,5757,5815,8694,8743,8747,9728,11163,11140,11723,12259,14194,15468,15679,16927,17682,18258,19536,19965,19304,23536,25199
 "28115","Pontotoc, MS",5,CAGDP2,76,"71","   Arts, entertainment, and recreation ","Thousands of dollars",425,554,518,1303,1424,1471,2135,2426,2331,2230,2116,2229,2298,2333,2531,2841,2864,3093,3543,3254,4404,4529
 "28115","Pontotoc, MS",5,CAGDP2,79,"72","   Accommodation and food services ","Thousands of dollars",4950,5203,5297,7391,7319,7276,7593,8737,8809,9493,10143,11965,13169,13346,14397,14841,15394,16443,16422,16050,19132,20670
 "28115","Pontotoc, MS",5,CAGDP2,82,"81","  Other services (except government and government enterprises) ","Thousands of dollars",18264,19396,18376,18887,19877,21816,21004,19231,19551,21059,20731,22518,22849,24831,(D),(D),(D),(D),(D),(D),(D),(D)
 "28115","Pontotoc, MS",5,CAGDP2,83,"92","Government and government enterprises ","Thousands of dollars",44294,47924,52114,53907,57354,58397,63874,68045,71297,71015,69417,71634,74590,77329,79657,81978,82579,84830,89468,92637,95886,100648
 "28115","Pontotoc, MS",5,CAGDP2,87,"11,21","Natural resources and mining ","Thousands of dollars",9014,3248,7362,9115,10712,3236,7701,4912,4109,2364,3480,1549,4326,1181,1942,2734,3211,3973,4042,7572,7562,4322
 "28115","Pontotoc, MS",5,CAGDP2,88,"42,44-45","Trade ","Thousands of dollars",(D),45955,50240,55856,58915,66233,61193,59419,60984,64913,67867,70486,79607,83011,88874,95751,106170,109435,115130,136157,188814,202838
 "28115","Pontotoc, MS",5,CAGDP2,89,"22,48-49","Transportation and utilities ","Thousands of dollars",23630,36209,41093,48902,55604,57931,56398,60041,53220,53972,55161,55877,54251,57859,61198,62250,67846,73382,71950,82010,90354,103536
 "28115","Pontotoc, MS",5,CAGDP2,90,"31-33,51","Manufacturing and information ","Thousands of dollars",286139,273102,277195,319509,320765,331347,319128,329387,295890,312957,298937,320724,333365,346519,(D),(D),(D),(D),(D),(D),(D),(D)
 "28115","Pontotoc, MS",5,CAGDP2,91,"...","Private goods-producing industries 2/","Thousands of dollars",303019,285123,295601,341711,347763,355664,342766,349125,321821,339772,328486,349729,361475,368818,425642,441246,358101,418967,434314,382413,414628,400719
 "28115","Pontotoc, MS",5,CAGDP2,92,"...","Private services-providing industries 3/","Thousands of dollars",202860,226972,233775,261661,280728,291908,257345,285627,289206,309361,332354,356794,376935,381260,405532,426626,432069,458587,484560,519398,603828,658628
 "28117","Prentiss, MS",5,CAGDP2,1,"...","All industry total ","Thousands of dollars",451284,458025,517977,536206,501546,498871,484187,503918,503043,533271,541420,535276,548026,554058,595279,591551,586969,599921,609590,644494,670555,715205
 "28117","Prentiss, MS",5,CAGDP2,2,"..."," Private industries ","Thousands of dollars",387579,391150,446097,460917,423346,419987,400173,416216,414886,446629,454619,447455,457778,461333,500514,494809,490970,500931,506418,541958,563143,603096
 "28117","Prentiss, MS",5,CAGDP2,3,"11","  Agriculture, forestry, fishing and hunting ","Thousands of dollars",6332,(D),4467,7480,7525,3715,5499,5845,4891,1965,5919,8257,11766,8523,5169,2462,9174,7354,4434,11045,11054,5544
 "28117","Prentiss, MS",5,CAGDP2,6,"21","  Mining, quarrying, and oil and gas extraction ","Thousands of dollars",67,44,0,0,0,0,0,0,0,0,0,0,0,0,0,0,0,0,0,0,0,0
 "28117","Prentiss, MS",5,CAGDP2,10,"22","  Utilities ","Thousands of dollars",2124,(D),2237,2441,2485,2807,2774,2882,2897,2912,3025,2913,3094,3225,(D),(D),3446,(D),(D),(D),(D),4957
 "28117","Prentiss, MS",5,CAGDP2,11,"23","  Construction ","Thousands of dollars",20507,19896,19335,19400,18356,17692,37238,15959,16459,20104,21792,26913,27553,31906,27642,30541,28947,29786,30544,31083,31752,33903
 "28117","Prentiss, MS",5,CAGDP2,12,"31-33","  Manufacturing ","Thousands of dollars",171404,168955,213927,227122,189080,172918,149151,159363,153725,176774,168658,137290,141062,137513,164790,151833,135231,129775,127222,119959,146584,156577
 "28117","Prentiss, MS",5,CAGDP2,13,"321,327-339","   Durable goods manufacturing ","Thousands of dollars",107224,103002,147668,152301,114217,99747,71076,68625,58073,86669,90723,69258,68264,65295,70797,68230,71954,73855,66252,67702,88721,94283
 "28117","Prentiss, MS",5,CAGDP2,25,"311-316,322-326","   Nondurable goods manufacturing ","Thousands of dollars",64181,65953,66259,74821,74863,73171,78075,90738,95652,90106,77935,68032,72798,72219,93993,83603,63277,55919,60970,52257,57864,62294
 "28117","Prentiss, MS",5,CAGDP2,34,"42","  Wholesale trade ","Thousands of dollars",10516,10793,10342,8630,8547,8435,8544,8609,6651,6101,5940,5502,4653,4471,4439,6036,6735,7728,8050,7798,7398,6549
 "28117","Prentiss, MS",5,CAGDP2,35,"44-45","  Retail trade ","Thousands of dollars",31217,32428,33565,32126,31303,31912,29563,31543,32095,34466,36045,37447,41035,44516,46089,48335,49988,50970,53795,59713,67599,69323
 "28117","Prentiss, MS",5,CAGDP2,36,"48-49","  Transportation and warehousing ","Thousands of dollars",15692,16306,21997,19534,20507,21483,34868,35020,29143,30066,30328,30016,29676,30588,32800,29869,30583,32559,31420,31430,32974,37830
 "28117","Prentiss, MS",5,CAGDP2,45,"51","  Information ","Thousands of dollars",6531,7063,6357,6829,6514,7373,7908,9056,9884,10993,10903,10421,12049,11484,15235,17991,20596,20619,22124,21807,22758,23250
 "28117","Prentiss, MS",5,CAGDP2,50,"52,53","  Finance, insurance, real estate, rental, and leasing ","Thousands of dollars",71058,73721,71202,70882,72839,81988,45581,64018,75200,78840,86215,98421,94928,95226,101224,100398,97638,105159,104435,133408,102413,(D)
 "28117","Prentiss, MS",5,CAGDP2,51,"52","   Finance and insurance ","Thousands of dollars",19949,20879,20746,22060,22253,20824,21123,20671,20671,20743,21186,21998,22958,26854,25189,24900,25345,26888,28374,29348,31725,31454
 "28117","Prentiss, MS",5,CAGDP2,56,"53","   Real estate and rental and leasing ","Thousands of dollars",51109,52842,50456,48822,50586,61164,24458,43346,54529,58097,65029,76423,71970,68372,76036,75498,72293,78271,76060,104061,70688,(D)
 "28117","Prentiss, MS",5,CAGDP2,59,"54,55,56","  Professional and business services ","Thousands of dollars",16856,19761,21849,21215,19750,24265,32433,33401,30482,29668,29716,30829,32434,(D),38865,40589,42971,43583,45516,45709,52094,58892
 "28117","Prentiss, MS",5,CAGDP2,60,"54","   Professional, scientific, and technical services ","Thousands of dollars",5731,6965,8604,8735,9544,11763,14368,(D),12604,12946,13464,13326,13117,(D),(D),(D),(D),(D),(D),(D),(D),(D)
 "28117","Prentiss, MS",5,CAGDP2,64,"55","   Management of companies and enterprises ","Thousands of dollars",0,0,(D),(D),(D),(D),(D),(D),2382,2207,1726,1766,1652,(D),(D),(D),(D),(D),(D),(D),(D),(D)
 "28117","Prentiss, MS",5,CAGDP2,65,"56","   Administrative and support and waste management and remediation services ","Thousands of dollars",11125,12796,(D),(D),(D),(D),(D),16752,15496,14514,14526,15737,17665,18178,23848,23306,24042,23552,24291,25012,28721,31273
 "28117","Prentiss, MS",5,CAGDP2,68,"61,62","  Educational services, health care, and social assistance ","Thousands of dollars",15302,17177,20210,23485,23628,23771,23081,26163,28473,28831,29886,31844,32589,(D),(D),(D),(D),(D),(D),(D),(D),(D)
 "28117","Prentiss, MS",5,CAGDP2,69,"61","   Educational services ","Thousands of dollars",(D),(D),(D),162,(D),(D),(D),(D),(D),(D),(D),(D),(D),(D),(D),(D),(D),(D),(D),(D),(D),(D)
 "28117","Prentiss, MS",5,CAGDP2,70,"62","   Health care and social assistance ","Thousands of dollars",(D),(D),(D),23323,(D),(D),(D),(D),(D),(D),(D),(D),(D),(D),(D),(D),(D),(D),(D),(D),(D),(D)
 "28117","Prentiss, MS",5,CAGDP2,75,"71,72","  Arts, entertainment, recreation, accommodation, and food services ","Thousands of dollars",7251,7898,8209,9655,10539,10448,10707,11589,12121,12952,13287,14242,13089,14242,14997,15540,(D),15493,16220,16968,21731,24026
 "28117","Prentiss, MS",5,CAGDP2,76,"71","   Arts, entertainment, and recreation ","Thousands of dollars",690,608,648,826,896,639,735,776,821,860,913,946,879,774,723,765,(D),820,902,799,1185,1371
 "28117","Prentiss, MS",5,CAGDP2,79,"72","   Accommodation and food services ","Thousands of dollars",6561,7290,7561,8829,9643,9809,9971,10813,11300,12092,12374,13296,12211,13468,14274,14775,(D),14673,15319,16169,20546,22655
 "28117","Prentiss, MS",5,CAGDP2,82,"81","  Other services (except government and government enterprises) ","Thousands of dollars",12720,12880,12400,12117,12274,13181,12826,12768,12866,12956,12905,13360,13849,14219,14471,14976,15814,16535,17930,17731,18443,22941
 "28117","Prentiss, MS",5,CAGDP2,83,"92","Government and government enterprises ","Thousands of dollars",63705,66875,71880,75288,78201,78885,84014,87702,88157,86642,86801,87821,90248,92726,94766,96742,95999,98990,103172,102536,107412,112108
 "28117","Prentiss, MS",5,CAGDP2,87,"11,21","Natural resources and mining ","Thousands of dollars",6399,(D),4467,7480,7525,3715,5499,5845,4891,1965,5919,8257,11766,8523,5169,2462,9174,7354,4434,11045,11054,5544
 "28117","Prentiss, MS",5,CAGDP2,88,"42,44-45","Trade ","Thousands of dollars",41734,43222,43908,40756,39849,40347,38107,40152,38745,40567,41985,42949,45688,48987,50528,54371,56723,58699,61845,67511,74997,75872
 "28117","Prentiss, MS",5,CAGDP2,89,"22,48-49","Transportation and utilities ","Thousands of dollars",17817,(D),24234,21976,22993,24290,37643,37902,32040,32978,33353,32929,32770,33813,(D),(D),34029,(D),(D),(D),(D),42787
 "28117","Prentiss, MS",5,CAGDP2,90,"31-33,51","Manufacturing and information ","Thousands of dollars",177935,176018,220284,233951,195594,180290,157060,168419,163609,187767,179562,147711,153112,148997,180025,169824,155827,150394,149346,141766,169342,179827
 "28117","Prentiss, MS",5,CAGDP2,91,"...","Private goods-producing industries 2/","Thousands of dollars",198311,(D),237729,254002,214961,194324,191888,181168,175075,198844,196369,172460,180381,177943,197601,184836,173352,166914,162200,162088,189390,196024
 "28117","Prentiss, MS",5,CAGDP2,92,"...","Private services-providing industries 3/","Thousands of dollars",189268,(D),208368,206915,208385,225662,208285,235048,239811,247786,258250,274994,277397,283390,302912,309973,317618,334017,344217,379870,373753,407073
 "28119","Quitman, MS",5,CAGDP2,1,"...","All industry total ","Thousands of dollars",127088,100330,119297,131756,138221,131636,131488,130137,117011,116608,163634,98774,139138,100037,101999,101313,96809,107421,104108,100956,126081,111227
 "28119","Quitman, MS",5,CAGDP2,2,"..."," Private industries ","Thousands of dollars",110443,81759,100291,111160,116377,109894,108326,107053,94182,95231,143965,78583,118760,79658,76928,76497,70625,82168,77875,77596,100694,84335
 "28119","Quitman, MS",5,CAGDP2,3,"11","  Agriculture, forestry, fishing and hunting ","Thousands of dollars",33070,4724,19965,26616,31115,20099,29364,23214,16028,18090,67593,3086,38645,2490,2334,4771,3310,13236,5798,4749,27962,6375
 "28119","Quitman, MS",5,CAGDP2,6,"21","  Mining, quarrying, and oil and gas extraction ","Thousands of dollars",2446,2160,2702,4074,3918,5674,9042,7421,5440,3499,3324,2405,1979,2378,2474,2801,4075,5746,6506,5546,4211,4283
 "28119","Quitman, MS",5,CAGDP2,10,"22","  Utilities ","Thousands of dollars",195,185,204,198,201,208,188,185,195,191,170,153,207,198,217,215,(D),(D),(D),1091,1009,885
 "28119","Quitman, MS",5,CAGDP2,11,"23","  Construction ","Thousands of dollars",1420,1338,1626,1501,1743,2478,2304,1683,1009,584,943,(D),1661,(D),(D),(D),(D),(D),(D),(D),(D),(D)
 "28119","Quitman, MS",5,CAGDP2,12,"31-33","  Manufacturing ","Thousands of dollars",11948,10107,10377,10435,10072,9775,9339,10191,6764,6230,4767,(D),6094,(D),(D),(D),(D),(D),(D),(D),(D),(D)
 "28119","Quitman, MS",5,CAGDP2,13,"321,327-339","   Durable goods manufacturing ","Thousands of dollars",6399,4789,5479,5810,6002,(D),(D),(D),(D),(D),(D),(D),3131,(D),514,286,26,27,0,42,(D),(D)
 "28119","Quitman, MS",5,CAGDP2,25,"311-316,322-326","   Nondurable goods manufacturing ","Thousands of dollars",5549,5318,4898,4625,4070,(D),(D),(D),(D),(D),(D),(D),2962,2436,(D),(D),(D),(D),(D),(D),(D),(D)
 "28119","Quitman, MS",5,CAGDP2,34,"42","  Wholesale trade ","Thousands of dollars",(D),3130,4161,4185,4297,3950,3599,2877,3615,(D),(D),(D),(D),(D),(D),(D),(D),(D),(D),(D),(D),(D)
 "28119","Quitman, MS",5,CAGDP2,35,"44-45","  Retail trade ","Thousands of dollars",9184,10408,11019,11615,9834,9245,8327,7332,5628,5291,5637,5208,5380,(D),(D),5543,5004,4774,4604,5383,6600,6748
 "28119","Quitman, MS",5,CAGDP2,36,"48-49","  Transportation and warehousing ","Thousands of dollars",3854,4165,3210,4775,3897,3619,(D),(D),(D),(D),2813,(D),(D),1737,(D),2006,2712,3601,2799,2317,(D),(D)
 "28119","Quitman, MS",5,CAGDP2,45,"51","  Information ","Thousands of dollars",(D),(D),1621,1641,(D),(D),(D),(D),(D),(D),(D),(D),(D),(D),995,716,63,42,28,125,110,84
 "28119","Quitman, MS",5,CAGDP2,50,"52,53","  Finance, insurance, real estate, rental, and leasing ","Thousands of dollars",24284,24121,24072,23931,26185,29259,17067,25716,26665,28829,28892,26575,31059,30333,29472,30215,30334,30270,32934,34358,33310,33438
 "28119","Quitman, MS",5,CAGDP2,51,"52","   Finance and insurance ","Thousands of dollars",7530,6834,6817,6632,7143,6730,6935,6080,5665,5800,5796,5784,6068,6578,6805,6707,6750,7038,7234,7250,7243,7186
 "28119","Quitman, MS",5,CAGDP2,56,"53","   Real estate and rental and leasing ","Thousands of dollars",16754,17287,17254,17300,19042,22529,10133,19636,21001,23029,23096,20791,24992,23755,22667,23509,23584,23232,25699,27108,26067,26253
 "28119","Quitman, MS",5,CAGDP2,59,"54,55,56","  Professional and business services ","Thousands of dollars",1954,(D),3077,3262,3346,3484,3848,(D),(D),(D),(D),(D),(D),3693,3733,3765,3812,3238,2938,(D),3040,3451
 "28119","Quitman, MS",5,CAGDP2,60,"54","   Professional, scientific, and technical services ","Thousands of dollars",920,885,832,839,(D),(D),(D),861,781,765,1005,975,1063,(D),972,1023,(D),(D),(D),(D),(D),(D)
 "28119","Quitman, MS",5,CAGDP2,64,"55","   Management of companies and enterprises ","Thousands of dollars",(D),(D),(D),(D),0,0,0,0,0,0,0,0,0,0,0,0,0,0,0,0,0,0
 "28119","Quitman, MS",5,CAGDP2,65,"56","   Administrative and support and waste management and remediation services ","Thousands of dollars",(D),(D),(D),(D),(D),(D),(D),(D),(D),(D),(D),(D),(D),(D),2761,2742,(D),(D),(D),(D),(D),(D)
 "28119","Quitman, MS",5,CAGDP2,68,"61,62","  Educational services, health care, and social assistance ","Thousands of dollars",11604,12171,13009,13211,14447,14771,14774,15712,16215,15096,15063,15930,16512,16381,15144,12353,7778,7898,8641,8480,8691,11909
 "28119","Quitman, MS",5,CAGDP2,69,"61","   Educational services ","Thousands of dollars",(D),(D),(D),(D),(D),(D),(D),(D),(D),(D),(D),(D),(D),(D),(D),(D),(D),(D),(D),(D),(D),(D)
 "28119","Quitman, MS",5,CAGDP2,70,"62","   Health care and social assistance ","Thousands of dollars",(D),(D),(D),(D),(D),(D),(D),(D),(D),(D),(D),(D),(D),(D),(D),(D),(D),(D),(D),(D),(D),(D)
 "28119","Quitman, MS",5,CAGDP2,75,"71,72","  Arts, entertainment, recreation, accommodation, and food services ","Thousands of dollars",952,1111,1082,1324,1380,1233,1029,1081,1244,1289,1208,1370,1695,1580,1687,(D),1776,1585,1567,1656,2747,3546
 "28119","Quitman, MS",5,CAGDP2,76,"71","   Arts, entertainment, and recreation ","Thousands of dollars",(D),(D),(D),(D),(D),(D),(D),(D),(D),(D),(D),556,709,559,567,(D),509,440,450,451,1194,1979
 "28119","Quitman, MS",5,CAGDP2,79,"72","   Accommodation and food services ","Thousands of dollars",(D),(D),(D),(D),(D),(D),(D),(D),(D),(D),(D),814,986,1022,1121,(D),1267,1145,1117,1204,1553,1567
 "28119","Quitman, MS",5,CAGDP2,82,"81","  Other services (except government and government enterprises) ","Thousands of dollars",4770,4648,4165,4393,(D),(D),(D),3769,3795,3705,3732,3879,3991,(D),4590,5095,5255,5431,5481,4794,4311,4916
 "28119","Quitman, MS",5,CAGDP2,83,"92","Government and government enterprises ","Thousands of dollars",16645,18571,19006,20596,21844,21742,23161,23084,22829,21377,19669,20192,20378,20379,25071,24816,26185,25253,26233,23360,25387,26892
 "28119","Quitman, MS",5,CAGDP2,87,"11,21","Natural resources and mining ","Thousands of dollars",35516,6885,22666,30690,35033,25773,38405,30636,21468,21588,70917,5491,40625,4868,4808,7572,7385,18983,12304,10294,32173,10658
 "28119","Quitman, MS",5,CAGDP2,88,"42,44-45","Trade ","Thousands of dollars",(D),13538,15180,15800,14131,13195,11925,10208,9243,(D),(D),(D),(D),9992,(D),(D),(D),(D),(D),(D),(D),(D)
 "28119","Quitman, MS",5,CAGDP2,89,"22,48-49","Transportation and utilities ","Thousands of dollars",4049,4350,3414,4973,4098,3827,(D),(D),(D),(D),2983,(D),(D),1934,(D),2221,(D),(D),(D),3408,(D),(D)
 "28119","Quitman, MS",5,CAGDP2,90,"31-33,51","Manufacturing and information ","Thousands of dollars",(D),(D),11998,12076,(D),(D),(D),(D),(D),(D),(D),5544,(D),5166,(D),(D),(D),(D),(D),(D),(D),(D)
 "28119","Quitman, MS",5,CAGDP2,91,"...","Private goods-producing industries 2/","Thousands of dollars",48884,18330,34670,42626,46848,38027,50048,42510,29241,28403,76628,12320,48379,10152,9189,11005,10292,21630,15259,13001,34486,12149
 "28119","Quitman, MS",5,CAGDP2,92,"...","Private services-providing industries 3/","Thousands of dollars",61559,63429,65621,68534,69530,71868,58278,64543,64941,66828,67337,66263,70381,69506,67740,65493,60333,60538,62616,64595,66208,72186
 "28121","Rankin, MS",5,CAGDP2,1,"...","All industry total ","Thousands of dollars",3334729,3443161,3748330,4111757,4495626,4815141,4959832,5517900,5261319,5425739,5686663,5893955,6088421,6474945,6595958,6551548,6591373,6763089,6912438,7205226,8062630,8763027
 "28121","Rankin, MS",5,CAGDP2,2,"..."," Private industries ","Thousands of dollars",2933518,3051044,3324801,3668810,4028748,4345532,4401784,4915120,4654309,4825312,5096126,5294130,5479111,5851760,5961309,5898941,5941858,6113069,6245294,6530095,7375574,8035194
 "28121","Rankin, MS",5,CAGDP2,3,"11","  Agriculture, forestry, fishing and hunting ","Thousands of dollars",30956,29056,34847,64965,52663,31454,35759,56628,52117,59258,18185,40861,53876,77390,63965,48532,71053,74162,59020,37859,64044,88200
 "28121","Rankin, MS",5,CAGDP2,6,"21","  Mining, quarrying, and oil and gas extraction ","Thousands of dollars",75072,47725,105368,157329,174815,216143,292519,419848,236848,224831,231962,180788,189479,214447,195388,109739,102414,115763,111036,87919,187025,62194
 "28121","Rankin, MS",5,CAGDP2,10,"22","  Utilities ","Thousands of dollars",4346,4544,4761,5277,5785,6217,6202,6906,7357,8418,8528,8028,8541,8882,8788,9854,9741,9674,10398,14654,13719,13361
 "28121","Rankin, MS",5,CAGDP2,11,"23","  Construction ","Thousands of dollars",189418,207556,235412,286954,317199,363424,338814,367125,315871,305347,304300,379755,429028,475251,449674,402902,355497,373656,389066,448193,489161,493839
 "28121","Rankin, MS",5,CAGDP2,12,"31-33","  Manufacturing ","Thousands of dollars",431192,424844,413662,370448,408343,452627,520817,545066,507943,532443,663687,703968,579866,567178,520083,486355,498356,527816,502558,510822,570666,682280
 "28121","Rankin, MS",5,CAGDP2,13,"321,327-339","   Durable goods manufacturing ","Thousands of dollars",243866,225270,244040,(D),212614,(D),335571,332813,308101,306122,372015,360760,311325,307125,268892,261691,269464,290743,279475,282126,305121,377390
 "28121","Rankin, MS",5,CAGDP2,25,"311-316,322-326","   Nondurable goods manufacturing ","Thousands of dollars",187326,199574,169621,(D),195728,(D),185246,212254,199842,226321,291672,343208,268541,260053,251191,224664,228892,237074,223083,228695,265544,304890
 "28121","Rankin, MS",5,CAGDP2,34,"42","  Wholesale trade ","Thousands of dollars",352835,357595,388919,458937,501900,561022,589820,603818,601550,639053,668733,667794,683173,670740,672049,669491,686787,698865,736679,729735,798833,865214
 "28121","Rankin, MS",5,CAGDP2,35,"44-45","  Retail trade ","Thousands of dollars",295238,305779,341366,359889,424155,485940,491734,490293,483736,517118,522720,545889,592908,659850,691848,752348,736250,736854,724223,819231,932156,993214
 "28121","Rankin, MS",5,CAGDP2,36,"48-49","  Transportation and warehousing ","Thousands of dollars",260990,257869,275118,315193,342337,352608,341907,358163,313480,304214,303282,325439,359450,412482,493532,521307,566334,609482,645611,660309,743760,929057
 "28121","Rankin, MS",5,CAGDP2,45,"51","  Information ","Thousands of dollars",37207,43702,43765,49349,57908,60460,63203,69339,66824,70104,63376,70527,81084,84789,95881,107542,121163,112148,116283,105777,124186,132164
 "28121","Rankin, MS",5,CAGDP2,50,"52,53","  Finance, insurance, real estate, rental, and leasing ","Thousands of dollars",658388,717522,771979,823663,911566,899496,743496,938154,994860,1034342,1130277,1124862,1208322,1311279,1359692,1347075,1329838,1341043,1353443,1571739,1705309,1815712
 "28121","Rankin, MS",5,CAGDP2,51,"52","   Finance and insurance ","Thousands of dollars",241969,251248,282121,297978,326192,347386,413709,383429,360087,377705,358531,366381,388456,448864,485396,466267,434078,458244,499898,552336,692978,737383
 "28121","Rankin, MS",5,CAGDP2,56,"53","   Real estate and rental and leasing ","Thousands of dollars",416419,466274,489858,525684,585374,552110,329787,554726,634773,656638,771746,758481,819866,862415,874295,880807,895760,882799,853546,1019403,1012331,1078329
 "28121","Rankin, MS",5,CAGDP2,59,"54,55,56","  Professional and business services ","Thousands of dollars",193772,212983,236239,246531,262142,284009,302193,362929,336449,343401,360951,388510,415163,465711,477192,487042,482037,493520,509254,512279,594572,688661
 "28121","Rankin, MS",5,CAGDP2,60,"54","   Professional, scientific, and technical services ","Thousands of dollars",96423,109338,121953,125589,128448,142562,140898,160979,152278,153185,161744,164181,165834,180481,190695,195964,207171,210767,213877,207429,221079,262889
 "28121","Rankin, MS",5,CAGDP2,64,"55","   Management of companies and enterprises ","Thousands of dollars",36743,39091,43352,41665,40524,44939,48933,66493,61807,68792,67951,76128,83413,102888,87942,100163,90705,88414,91537,91716,102052,113019
 "28121","Rankin, MS",5,CAGDP2,65,"56","   Administrative and support and waste management and remediation services ","Thousands of dollars",60606,64554,70933,79277,93170,96507,112362,135457,122365,121425,131256,148201,165916,182341,198555,190915,184161,194339,203841,213134,271440,312754
 "28121","Rankin, MS",5,CAGDP2,68,"61,62","  Educational services, health care, and social assistance ","Thousands of dollars",230405,253707,284763,321760,336676,372435,392945,423801,459332,491596,516917,538797,526153,529155,538282,562156,575792,593363,622930,592888,662238,696074
 "28121","Rankin, MS",5,CAGDP2,69,"61","   Educational services ","Thousands of dollars",35433,35022,36572,39149,39657,46809,49551,55605,57250,60556,60455,63711,61245,60778,56293,59132,54334,54652,54107,45601,45623,49668
 "28121","Rankin, MS",5,CAGDP2,70,"62","   Health care and social assistance ","Thousands of dollars",194972,218685,248191,282611,297019,325626,343394,368196,402082,431040,456462,475086,464908,468377,481990,503024,521458,538711,568823,547287,616615,646406
 "28121","Rankin, MS",5,CAGDP2,75,"71,72","  Arts, entertainment, recreation, accommodation, and food services ","Thousands of dollars",70359,76852,86220,104130,122069,140425,158962,153078,159110,170457,179410,187822,213369,222020,236488,247345,257965,272590,288509,263212,310468,355396
 "28121","Rankin, MS",5,CAGDP2,76,"71","   Arts, entertainment, and recreation ","Thousands of dollars",14455,13573,13547,15395,17136,17624,24459,23858,22749,20428,30186,23029,25614,24221,25453,28238,29897,29999,29411,24985,31738,39719
 "28121","Rankin, MS",5,CAGDP2,79,"72","   Accommodation and food services ","Thousands of dollars",55904,63279,72672,88735,104933,122801,134503,129220,136361,150029,149223,164793,187755,197799,211034,219107,228068,242591,259098,238228,278730,315677
 "28121","Rankin, MS",5,CAGDP2,82,"81","  Other services (except government and government enterprises) ","Thousands of dollars",103339,111311,102383,104386,111191,119274,123413,119970,118830,124729,123798,131092,138699,152588,158449,147252,148629,154133,176285,175478,179438,219829
 "28121","Rankin, MS",5,CAGDP2,83,"92","Government and government enterprises ","Thousands of dollars",401211,392117,423530,442947,466878,469609,558048,602780,607010,600428,590538,599825,609310,623185,634648,652606,649516,650019,667144,675131,687056,727833
 "28121","Rankin, MS",5,CAGDP2,87,"11,21","Natural resources and mining ","Thousands of dollars",106028,76781,140215,222294,227478,247598,328279,476476,288965,284089,250146,221649,243355,291836,259352,158272,173467,189924,170056,125778,251068,150394
 "28121","Rankin, MS",5,CAGDP2,88,"42,44-45","Trade ","Thousands of dollars",648074,663373,730285,818826,926055,1046962,1081554,1094111,1085286,1156171,1191453,1213682,1276081,1330590,1363897,1421839,1423038,1435719,1460901,1548966,1730989,1858428
 "28121","Rankin, MS",5,CAGDP2,89,"22,48-49","Transportation and utilities ","Thousands of dollars",265336,262413,279879,320470,348121,358824,348109,365069,320837,312632,311810,333467,367991,421364,502319,531161,576075,619156,656009,674964,757480,942418
 "28121","Rankin, MS",5,CAGDP2,90,"31-33,51","Manufacturing and information ","Thousands of dollars",468399,468546,457426,419797,466251,513086,584020,614406,574767,602547,727063,774495,660950,651967,615965,593897,619520,639965,618841,616598,694851,814443
 "28121","Rankin, MS",5,CAGDP2,91,"...","Private goods-producing industries 2/","Thousands of dollars",726637,709182,789288,879696,953020,1063649,1187910,1388668,1112780,1121880,1218133,1305371,1252248,1334265,1229110,1047529,1027320,1091396,1061680,1084792,1310895,1326512
 "28121","Rankin, MS",5,CAGDP2,92,"...","Private services-providing industries 3/","Thousands of dollars",2206880,2341862,2535513,2789114,3075728,3281884,3213874,3526452,3541529,3703432,3877992,3988759,4226863,4517495,4732200,4851412,4914538,5021673,5183614,5445303,6064679,6708682
 "28123","Scott, MS",5,CAGDP2,1,"...","All industry total ","Thousands of dollars",609252,638772,667701,718571,712045,782226,779421,876309,907867,903098,784541,906463,1014533,1086578,1091048,1059135,1151717,1128393,1113319,1086696,1186541,1278505
 "28123","Scott, MS",5,CAGDP2,2,"..."," Private industries ","Thousands of dollars",554600,580158,603695,650254,637867,706837,699919,794105,821816,817563,697093,823066,929050,999228,1001155,964952,1053955,1029528,1010345,982432,1082459,1169519
 "28123","Scott, MS",5,CAGDP2,3,"11","  Agriculture, forestry, fishing and hunting ","Thousands of dollars",61890,65762,58036,105410,83301,29325,41005,71563,64946,85903,4807,45055,78556,136851,116432,63084,115320,112919,73636,6338,91374,157851
 "28123","Scott, MS",5,CAGDP2,6,"21","  Mining, quarrying, and oil and gas extraction ","Thousands of dollars",154,163,158,240,272,390,564,651,426,308,367,541,703,378,25,3,20,1260,575,422,731,879
 "28123","Scott, MS",5,CAGDP2,10,"22","  Utilities ","Thousands of dollars",1050,1196,1295,2406,1635,1791,2213,2253,2474,2326,2471,2214,2287,2261,2572,2881,2942,3105,3179,3605,3739,3139
 "28123","Scott, MS",5,CAGDP2,11,"23","  Construction ","Thousands of dollars",19898,21335,20383,23058,28025,33001,26994,27216,32450,34710,39527,38680,37051,38992,38307,38129,38053,41921,41877,41747,40805,44262
 "28123","Scott, MS",5,CAGDP2,12,"31-33","  Manufacturing ","Thousands of dollars",225970,241217,277700,268686,258996,370234,391791,424167,445592,419582,363322,446128,502693,501815,512015,502045,519052,466648,483434,500406,502607,496081
 "28123","Scott, MS",5,CAGDP2,13,"321,327-339","   Durable goods manufacturing ","Thousands of dollars",41550,64696,77642,70141,82612,130416,(D),(D),(D),133713,114846,116810,105325,116002,89647,85677,62412,73536,84738,83673,102599,83284
 "28123","Scott, MS",5,CAGDP2,25,"311-316,322-326","   Nondurable goods manufacturing ","Thousands of dollars",184421,176521,200058,198545,176384,239818,(D),(D),(D),285870,248475,329317,397368,385814,422368,416368,456640,393112,398696,416733,400008,412797
 "28123","Scott, MS",5,CAGDP2,34,"42","  Wholesale trade ","Thousands of dollars",26878,26716,24405,23585,20262,19575,17236,17420,16514,17872,17258,16483,17821,19409,22389,27657,36426,45978,57501,55277,59697,64402
 "28123","Scott, MS",5,CAGDP2,35,"44-45","  Retail trade ","Thousands of dollars",46078,48806,52480,51622,53154,58676,59252,59137,57682,54196,53121,52732,57198,61047,63277,67167,70126,75100,76309,85709,96348,99869
 "28123","Scott, MS",5,CAGDP2,36,"48-49","  Transportation and warehousing ","Thousands of dollars",20334,19127,20637,23393,25835,25177,23732,25095,24802,28293,28428,31500,39256,49103,49299,57845,61967,58218,49127,49245,51098,53235
 "28123","Scott, MS",5,CAGDP2,45,"51","  Information ","Thousands of dollars",3781,3786,3748,3893,4672,4488,4468,4720,4529,3946,3281,2964,3239,3322,4192,4393,4111,4061,4171,3981,4458,4618
 "28123","Scott, MS",5,CAGDP2,50,"52,53","  Finance, insurance, real estate, rental, and leasing ","Thousands of dollars",70010,73465,74300,74850,82371,79370,46344,70720,82706,82437,95110,91502,92296,89389,92354,96164,94151,103021,102148,113955,101933,101912
 "28123","Scott, MS",5,CAGDP2,51,"52","   Finance and insurance ","Thousands of dollars",23447,23711,23346,24378,25274,24509,25332,23980,23869,22913,23979,24414,24442,27082,26422,26851,26062,27072,27588,28509,29937,29288
 "28123","Scott, MS",5,CAGDP2,56,"53","   Real estate and rental and leasing ","Thousands of dollars",46563,49753,50954,50471,57097,54861,21013,46741,58837,59524,71131,67089,67855,62306,65932,69313,68089,75950,74560,85446,71997,72624
 "28123","Scott, MS",5,CAGDP2,59,"54,55,56","  Professional and business services ","Thousands of dollars",29935,28545,20965,13879,18394,19607,22310,25944,21817,16644,15268,16414,18762,18423,21513,25179,31094,34827,31654,34439,36772,40014
 "28123","Scott, MS",5,CAGDP2,60,"54","   Professional, scientific, and technical services ","Thousands of dollars",(D),6080,(D),6397,6402,6247,(D),(D),(D),(D),(D),(D),(D),(D),(D),(D),(D),(D),(D),(D),(D),(D)
 "28123","Scott, MS",5,CAGDP2,64,"55","   Management of companies and enterprises ","Thousands of dollars",(D),0,(D),(D),1375,1394,(D),(D),(D),(D),(D),(D),(D),(D),(D),(D),(D),(D),(D),(D),(D),(D)
 "28123","Scott, MS",5,CAGDP2,65,"56","   Administrative and support and waste management and remediation services ","Thousands of dollars",22385,22466,14558,(D),10616,11966,14492,17667,13955,10803,10000,10689,12282,11878,15320,18851,24545,28369,24814,26882,28425,29963
 "28123","Scott, MS",5,CAGDP2,68,"61,62","  Educational services, health care, and social assistance ","Thousands of dollars",23748,23802,24238,29239,31338,34452,35381,36737,38887,40839,42045,43703,43875,42822,43762,45459,46057,47307,49922,50979,53499,57645
 "28123","Scott, MS",5,CAGDP2,69,"61","   Educational services ","Thousands of dollars",15,15,(D),(D),(D),(D),438,432,492,(D),(D),472,(D),228,142,(D),(D),(D),(D),(D),(D),(D)
 "28123","Scott, MS",5,CAGDP2,70,"62","   Health care and social assistance ","Thousands of dollars",23733,23787,(D),(D),(D),(D),34943,36305,38395,(D),(D),43231,(D),42594,43621,(D),(D),(D),(D),(D),(D),(D)
 "28123","Scott, MS",5,CAGDP2,75,"71,72","  Arts, entertainment, recreation, accommodation, and food services ","Thousands of dollars",8151,8746,9062,12814,12844,13904,13025,13241,12944,13283,13780,15281,14976,14505,15178,15562,15294,15990,18060,18267,23001,26467
 "28123","Scott, MS",5,CAGDP2,76,"71","   Arts, entertainment, and recreation ","Thousands of dollars",(D),(D),(D),(D),(D),(D),296,374,375,318,(D),454,416,(D),(D),(D),(D),(D),(D),(D),(D),(D)
 "28123","Scott, MS",5,CAGDP2,79,"72","   Accommodation and food services ","Thousands of dollars",(D),(D),(D),(D),(D),(D),12729,12867,12569,12965,(D),14826,14560,(D),(D),(D),(D),(D),(D),(D),(D),(D)
 "28123","Scott, MS",5,CAGDP2,82,"81","  Other services (except government and government enterprises) ","Thousands of dollars",16721,17492,16288,17179,16768,16846,15603,15240,16048,17224,18308,19870,20337,20913,19839,19384,19342,19173,18753,18060,16398,19145
 "28123","Scott, MS",5,CAGDP2,83,"92","Government and government enterprises ","Thousands of dollars",54653,58614,64005,68317,74178,75389,79502,82204,86051,85535,87448,83398,85482,87349,89893,94184,97762,98865,102974,104264,104081,108986
 "28123","Scott, MS",5,CAGDP2,87,"11,21","Natural resources and mining ","Thousands of dollars",62044,65925,58194,105650,83573,29715,41570,72214,65373,86210,5174,45596,79259,137228,116457,63087,115341,114179,74211,6761,92105,158730
 "28123","Scott, MS",5,CAGDP2,88,"42,44-45","Trade ","Thousands of dollars",72956,75522,76885,75207,73416,78251,76488,76558,74196,72068,70379,69215,75019,80456,85666,94824,106552,121077,133810,140986,156045,164271
 "28123","Scott, MS",5,CAGDP2,89,"22,48-49","Transportation and utilities ","Thousands of dollars",21384,20323,21932,25799,27471,26968,25945,27349,27275,30619,30898,33714,41543,51363,51871,60726,64909,61323,52306,52851,54836,56374
 "28123","Scott, MS",5,CAGDP2,90,"31-33,51","Manufacturing and information ","Thousands of dollars",229752,245003,281448,272579,263668,374722,396259,428886,450121,423528,366603,449091,505932,505137,516207,506438,523163,470709,487605,504387,507065,500700
 "28123","Scott, MS",5,CAGDP2,91,"...","Private goods-producing industries 2/","Thousands of dollars",307912,328477,356277,397394,370594,432951,460354,523597,543414,540503,408023,530403,619003,678036,666780,603261,672446,622748,599522,548914,635518,699073
 "28123","Scott, MS",5,CAGDP2,92,"...","Private services-providing industries 3/","Thousands of dollars",246687,251680,247418,252860,267273,273886,239565,270508,278402,277060,289069,292662,310047,321193,334375,361690,381510,406780,410823,433518,446942,470446
 "28125","Sharkey, MS",5,CAGDP2,1,"...","All industry total ","Thousands of dollars",82416,66978,93608,97070,96925,86637,100773,72280,73933,75568,104348,107208,120767,84995,85841,85841,96068,94688,96382,104613,131786,100674
 "28125","Sharkey, MS",5,CAGDP2,2,"..."," Private industries ","Thousands of dollars",65428,48535,74045,76877,75782,65391,78204,49162,50793,52539,81674,85101,97967,61872,61990,60685,69264,67295,68379,76196,101890,69451
 "28125","Sharkey, MS",5,CAGDP2,3,"11","  Agriculture, forestry, fishing and hunting ","Thousands of dollars",22543,5026,30165,31953,27201,16704,34937,1897,1909,2087,27445,33773,43209,2817,3049,2736,13178,9933,12221,19971,41455,6503
 "28125","Sharkey, MS",5,CAGDP2,6,"21","  Mining, quarrying, and oil and gas extraction ","Thousands of dollars",0,0,0,0,0,0,0,0,0,0,0,0,0,542,0,74,0,0,0,0,0,0
 "28125","Sharkey, MS",5,CAGDP2,10,"22","  Utilities ","Thousands of dollars",547,605,591,577,654,681,511,482,554,543,537,557,632,660,657,729,703,636,718,920,807,755
 "28125","Sharkey, MS",5,CAGDP2,11,"23","  Construction ","Thousands of dollars",771,649,631,840,(D),(D),(D),(D),(D),991,1189,883,949,911,1042,840,499,1188,671,708,915,563
 "28125","Sharkey, MS",5,CAGDP2,12,"31-33","  Manufacturing ","Thousands of dollars",0,0,147,318,(D),(D),(D),(D),(D),398,211,7,12,139,207,86,50,55,335,258,420,467
 "28125","Sharkey, MS",5,CAGDP2,13,"321,327-339","   Durable goods manufacturing ","Thousands of dollars",0,0,93,237,(D),(D),(D),(D),(D),397,206,6,7,112,138,17,26,9,0,48,261,330
 "28125","Sharkey, MS",5,CAGDP2,25,"311-316,322-326","   Nondurable goods manufacturing ","Thousands of dollars",0,0,54,81,137,79,34,33,16,1,5,1,5,26,69,68,24,46,335,210,160,137
 "28125","Sharkey, MS",5,CAGDP2,34,"42","  Wholesale trade ","Thousands of dollars",(D),5296,(D),(D),(D),5182,5365,5269,5266,6263,6916,7885,8099,8776,9564,9576,9924,10054,(D),(D),(D),(D)
 "28125","Sharkey, MS",5,CAGDP2,35,"44-45","  Retail trade ","Thousands of dollars",6913,6826,6647,7352,8385,8934,8107,7508,8053,8393,7882,8122,8797,8546,8118,8139,8565,8329,8421,9280,9847,10123
 "28125","Sharkey, MS",5,CAGDP2,36,"48-49","  Transportation and warehousing ","Thousands of dollars",746,(D),1839,(D),1928,(D),(D),(D),(D),(D),(D),(D),(D),(D),(D),(D),(D),(D),(D),3132,(D),(D)
 "28125","Sharkey, MS",5,CAGDP2,45,"51","  Information ","Thousands of dollars",(D),(D),(D),(D),(D),545,(D),(D),778,654,(D),657,(D),(D),(D),(D),(D),(D),(D),(D),(D),(D)
 "28125","Sharkey, MS",5,CAGDP2,50,"52,53","  Finance, insurance, real estate, rental, and leasing ","Thousands of dollars",15095,15192,15400,15267,17179,17121,11491,14787,16153,17085,20491,16142,17648,20105,19771,20172,19251,20345,(D),20885,24390,(D)
 "28125","Sharkey, MS",5,CAGDP2,51,"52","   Finance and insurance ","Thousands of dollars",4077,3912,3682,(D),3986,3832,3983,3839,3959,3857,4560,4811,4975,5883,5467,5289,5303,(D),(D),5841,(D),(D)
 "28125","Sharkey, MS",5,CAGDP2,56,"53","   Real estate and rental and leasing ","Thousands of dollars",11018,11281,11718,(D),13194,13289,7509,10948,12194,13228,15931,11330,12674,14222,14305,14883,13948,(D),13852,15044,(D),18194
 "28125","Sharkey, MS",5,CAGDP2,59,"54,55,56","  Professional and business services ","Thousands of dollars",(D),(D),(D),(D),(D),1644,1487,1611,1789,1960,1912,2018,2192,(D),(D),2781,2718,2425,2232,2312,2071,2095
 "28125","Sharkey, MS",5,CAGDP2,60,"54","   Professional, scientific, and technical services ","Thousands of dollars",1539,1448,1060,962,958,966,922,1117,1130,1288,1236,1266,1108,1036,1094,1140,1266,1323,1068,1187,(D),726
 "28125","Sharkey, MS",5,CAGDP2,64,"55","   Management of companies and enterprises ","Thousands of dollars",(D),(D),(D),(D),(D),(D),(D),(D),(D),(D),(D),(D),(D),(D),(D),(D),(D),(D),(D),(D),(D),(D)
 "28125","Sharkey, MS",5,CAGDP2,65,"56","   Administrative and support and waste management and remediation services ","Thousands of dollars",771,890,1024,972,785,(D),(D),(D),(D),(D),(D),(D),(D),1187,1278,(D),(D),(D),(D),(D),(D),(D)
 "28125","Sharkey, MS",5,CAGDP2,68,"61,62","  Educational services, health care, and social assistance ","Thousands of dollars",5997,5882,6089,6343,6082,6441,6694,7360,7614,8072,8349,8445,8299,8268,8000,6874,6550,6632,6640,5831,(D),(D)
 "28125","Sharkey, MS",5,CAGDP2,69,"61","   Educational services ","Thousands of dollars",(D),(D),(D),(D),(D),(D),(D),(D),(D),(D),(D),(D),(D),(D),(D),(D),(D),(D),(D),(D),(D),(D)
 "28125","Sharkey, MS",5,CAGDP2,70,"62","   Health care and social assistance ","Thousands of dollars",(D),(D),(D),(D),(D),(D),(D),(D),(D),(D),(D),(D),(D),(D),(D),(D),(D),(D),(D),(D),(D),(D)
 "28125","Sharkey, MS",5,CAGDP2,75,"71,72","  Arts, entertainment, recreation, accommodation, and food services ","Thousands of dollars",1340,1398,1417,1540,1361,(D),1138,1175,(D),(D),1288,(D),1505,1419,1409,1607,1696,1550,1631,1853,2716,3954
 "28125","Sharkey, MS",5,CAGDP2,76,"71","   Arts, entertainment, and recreation ","Thousands of dollars",(D),(D),(D),(D),(D),(D),(D),(D),(D),(D),(D),(D),(D),(D),(D),(D),(D),(D),(D),(D),(D),(D)
 "28125","Sharkey, MS",5,CAGDP2,79,"72","   Accommodation and food services ","Thousands of dollars",(D),(D),(D),(D),(D),(D),(D),(D),(D),(D),(D),(D),(D),(D),(D),(D),(D),(D),(D),(D),(D),(D)
 "28125","Sharkey, MS",5,CAGDP2,82,"81","  Other services (except government and government enterprises) ","Thousands of dollars",3876,3799,3178,3103,3025,3124,3086,3150,3098,2763,2772,3121,3835,4573,4879,(D),(D),(D),(D),(D),(D),(D)
 "28125","Sharkey, MS",5,CAGDP2,83,"92","Government and government enterprises ","Thousands of dollars",16988,18443,19563,20193,21143,21246,22569,23118,23140,23029,22674,22107,22800,23124,23850,25156,26804,27393,28003,28417,29896,31223
 "28125","Sharkey, MS",5,CAGDP2,87,"11,21","Natural resources and mining ","Thousands of dollars",22543,5026,30165,31953,27201,16704,34937,1897,1909,2087,27445,33773,43209,3360,3049,2809,13178,9933,12221,19971,41455,6503
 "28125","Sharkey, MS",5,CAGDP2,88,"42,44-45","Trade ","Thousands of dollars",(D),12123,(D),(D),(D),14116,13472,12778,13318,14655,14798,16008,16896,17322,17681,17715,18489,18383,(D),(D),(D),(D)
 "28125","Sharkey, MS",5,CAGDP2,89,"22,48-49","Transportation and utilities ","Thousands of dollars",1293,(D),2430,(D),2583,(D),(D),(D),(D),(D),(D),(D),(D),(D),(D),(D),(D),(D),(D),4051,(D),(D)
 "28125","Sharkey, MS",5,CAGDP2,90,"31-33,51","Manufacturing and information ","Thousands of dollars",(D),(D),(D),(D),1814,(D),2178,2899,(D),1053,(D),664,(D),(D),(D),(D),(D),(D),(D),(D),(D),(D)
 "28125","Sharkey, MS",5,CAGDP2,91,"...","Private goods-producing industries 2/","Thousands of dollars",23313,5675,30943,33111,29777,18988,37470,4817,4256,3477,28845,34663,44170,4410,4297,3735,13727,11176,13227,20937,42790,7533
 "28125","Sharkey, MS",5,CAGDP2,92,"...","Private services-providing industries 3/","Thousands of dollars",42115,42860,43102,43766,46005,46404,40734,44345,46538,49063,52829,50438,53798,57462,57693,56950,55537,56120,55152,55259,59099,61918
 "28127","Simpson, MS",5,CAGDP2,1,"...","All industry total ","Thousands of dollars",389006,419147,428653,489964,474401,455857,458442,545546,539433,574185,500839,636936,658231,700549,644123,599159,630024,649809,635928,620080,686424,773933
 "28127","Simpson, MS",5,CAGDP2,2,"..."," Private industries ","Thousands of dollars",324794,349695,354025,414530,395212,377483,375499,458981,449329,479902,410776,545770,567489,610535,550289,497215,530159,539101,510428,494129,560603,644990
 "28127","Simpson, MS",5,CAGDP2,3,"11","  Agriculture, forestry, fishing and hunting ","Thousands of dollars",53925,69286,59949,101150,75119,39686,50177,89028,77344,94276,2477,59530,85078,125776,92649,48295,87368,86078,54166,(D),61128,108868
 "28127","Simpson, MS",5,CAGDP2,6,"21","  Mining, quarrying, and oil and gas extraction ","Thousands of dollars",5534,4714,5728,9818,8682,7827,15546,24527,16704,12658,13460,20967,20110,15249,7933,4695,4079,5208,4208,3177,4533,(D)
 "28127","Simpson, MS",5,CAGDP2,10,"22","  Utilities ","Thousands of dollars",1589,1701,1609,1805,1952,2207,2044,2374,2385,2497,2535,2224,2264,2334,2387,2699,2568,2602,2875,(D),4808,(D)
 "28127","Simpson, MS",5,CAGDP2,11,"23","  Construction ","Thousands of dollars",20180,20531,22606,26073,27814,29917,30313,32132,29808,30132,29371,30226,24495,22477,24518,23335,24623,27744,28649,25667,30059,38676
 "28127","Simpson, MS",5,CAGDP2,12,"31-33","  Manufacturing ","Thousands of dollars",17815,11601,12639,12549,9616,13728,13589,14807,14341,11592,11546,15042,13637,12375,11177,9971,11093,11349,12773,13208,12760,13398
 "28127","Simpson, MS",5,CAGDP2,13,"321,327-339","   Durable goods manufacturing ","Thousands of dollars",9336,2307,2071,1679,1610,2026,2540,2548,(D),2627,4122,6127,5005,5137,4190,3800,5203,4890,5260,4930,4377,5172
 "28127","Simpson, MS",5,CAGDP2,25,"311-316,322-326","   Nondurable goods manufacturing ","Thousands of dollars",8480,9295,10568,10870,8006,11702,11048,12259,(D),8965,7424,8915,8631,7238,6987,6171,5890,6459,7512,8278,8383,8227
 "28127","Simpson, MS",5,CAGDP2,34,"42","  Wholesale trade ","Thousands of dollars",(D),(D),4020,4533,5518,6880,7563,8287,7737,7792,7244,8662,7328,6494,5231,4362,4191,4247,4102,4010,4212,4497
 "28127","Simpson, MS",5,CAGDP2,35,"44-45","  Retail trade ","Thousands of dollars",46008,47586,49965,47642,45971,45265,45077,45690,48376,49854,51574,52176,52244,52493,52709,55939,54740,52070,52122,57109,64979,68781
 "28127","Simpson, MS",5,CAGDP2,36,"48-49","  Transportation and warehousing ","Thousands of dollars",17702,21631,22008,27978,25136,23149,6989,5939,5534,9188,14275,14953,10800,10434,11738,10827,12057,18090,15718,14580,13661,13436
 "28127","Simpson, MS",5,CAGDP2,45,"51","  Information ","Thousands of dollars",3915,3747,3825,4181,4460,4937,5144,4912,4313,3937,3294,6025,8662,11076,4425,5284,7027,7316,8098,7857,8451,8787
 "28127","Simpson, MS",5,CAGDP2,50,"52,53","  Finance, insurance, real estate, rental, and leasing ","Thousands of dollars",73982,78122,76786,74718,80548,76586,57207,75716,78881,83850,92849,158971,165573,172188,167480,167982,168595,171813,171462,204712,188760,194495
 "28127","Simpson, MS",5,CAGDP2,51,"52","   Finance and insurance ","Thousands of dollars",21947,22205,22095,22531,23842,23450,26319,25277,25433,25421,26072,28150,28924,31134,30350,31289,30098,30828,33097,35526,38071,38451
 "28127","Simpson, MS",5,CAGDP2,56,"53","   Real estate and rental and leasing ","Thousands of dollars",52035,55918,54692,52187,56707,53136,30888,50439,53448,58429,66777,130822,136649,141054,137130,136694,138497,140985,138365,169186,150688,156044
 "28127","Simpson, MS",5,CAGDP2,59,"54,55,56","  Professional and business services ","Thousands of dollars",(D),(D),13267,14538,15113,19138,22611,28239,29026,31924,35839,37915,37038,36649,37456,31153,25308,22487,24502,25756,30928,34371
 "28127","Simpson, MS",5,CAGDP2,60,"54","   Professional, scientific, and technical services ","Thousands of dollars",7337,7506,7387,(D),(D),(D),(D),(D),(D),(D),(D),11363,10705,(D),(D),10320,(D),10160,11802,11385,13576,16186
 "28127","Simpson, MS",5,CAGDP2,64,"55","   Management of companies and enterprises ","Thousands of dollars",(D),(D),(D),(D),(D),(D),(D),(D),(D),(D),(D),230,0,(D),(D),(D),(D),(D),(D),(D),(D),(D)
 "28127","Simpson, MS",5,CAGDP2,65,"56","   Administrative and support and waste management and remediation services ","Thousands of dollars",(D),(D),(D),6707,7776,10766,13460,16707,18251,20991,24746,26323,26333,24663,24990,(D),13465,(D),(D),(D),(D),(D)
 "28127","Simpson, MS",5,CAGDP2,68,"61,62","  Educational services, health care, and social assistance ","Thousands of dollars",42817,47393,53697,60501,63447,73200,84945,93081,99365,103893,108275,99331,99468,102279,93372,95917,92566,93789,92859,92335,94775,103403
 "28127","Simpson, MS",5,CAGDP2,69,"61","   Educational services ","Thousands of dollars",(D),(D),(D),(D),(D),(D),(D),(D),(D),(D),(D),(D),(D),(D),(D),(D),(D),(D),(D),(D),(D),(D)
 "28127","Simpson, MS",5,CAGDP2,70,"62","   Health care and social assistance ","Thousands of dollars",(D),(D),(D),(D),(D),(D),(D),(D),(D),(D),(D),(D),(D),(D),(D),(D),(D),(D),(D),(D),(D),(D)
 "28127","Simpson, MS",5,CAGDP2,75,"71,72","  Arts, entertainment, recreation, accommodation, and food services ","Thousands of dollars",7678,8087,9935,10824,12351,13987,14065,15087,15618,16480,16579,17431,17611,16703,17277,17872,17837,18111,20109,20109,22795,24434
 "28127","Simpson, MS",5,CAGDP2,76,"71","   Arts, entertainment, and recreation ","Thousands of dollars",286,(D),797,(D),(D),89,44,37,(D),(D),(D),(D),380,338,384,429,(D),(D),445,459,708,722
 "28127","Simpson, MS",5,CAGDP2,79,"72","   Accommodation and food services ","Thousands of dollars",7392,(D),9138,(D),(D),13898,14020,15050,(D),(D),(D),(D),17230,16365,16893,17444,(D),(D),19665,19650,22086,23712
 "28127","Simpson, MS",5,CAGDP2,82,"81","  Other services (except government and government enterprises) ","Thousands of dollars",17953,19006,17992,18219,19485,20975,20232,19162,19898,21829,21457,22317,23182,24009,21937,18885,18110,18198,18784,17502,18753,20544
 "28127","Simpson, MS",5,CAGDP2,83,"92","Government and government enterprises ","Thousands of dollars",64212,69453,74627,75434,79188,78374,82943,86565,90104,94283,90063,91166,90742,90014,93834,101944,99865,110708,125500,125951,125821,128943
 "28127","Simpson, MS",5,CAGDP2,87,"11,21","Natural resources and mining ","Thousands of dollars",59459,74000,65677,110968,83801,47513,65723,113555,94048,106934,15938,80496,105188,141025,100581,52990,91447,91286,58374,(D),65661,(D)
 "28127","Simpson, MS",5,CAGDP2,88,"42,44-45","Trade ","Thousands of dollars",(D),(D),53985,52175,51490,52144,52640,53977,56113,57646,58818,60838,59572,58987,57940,60301,58930,56317,56224,61120,69191,73278
 "28127","Simpson, MS",5,CAGDP2,89,"22,48-49","Transportation and utilities ","Thousands of dollars",19291,23332,23617,29783,27088,25356,9033,8313,7919,11684,16810,17177,13064,12768,14125,13525,14625,20692,18593,(D),18469,(D)
 "28127","Simpson, MS",5,CAGDP2,90,"31-33,51","Manufacturing and information ","Thousands of dollars",21730,15348,16464,16730,14076,18666,18733,19719,18654,15530,14840,21067,22299,23451,15602,15254,18120,18665,20870,21065,21211,22185
 "28127","Simpson, MS",5,CAGDP2,91,"...","Private goods-producing industries 2/","Thousands of dollars",97453,106132,100922,149590,121230,91158,109624,160494,138196,148659,56855,125765,143320,175877,136277,86296,127162,130378,99796,(D),108480,(D)
 "28127","Simpson, MS",5,CAGDP2,92,"...","Private services-providing industries 3/","Thousands of dollars",227341,243562,253103,264940,273982,286325,265875,298487,311133,331243,353922,420006,424169,434658,414012,410919,402997,408723,410632,(D),452123,(D)
 "28129","Smith, MS",5,CAGDP2,1,"...","All industry total ","Thousands of dollars",277237,310686,314801,361009,343430,305791,273383,312228,330967,366306,296952,340774,403371,455772,412505,390795,421578,447683,387809,369601,479243,581779
 "28129","Smith, MS",5,CAGDP2,2,"..."," Private industries ","Thousands of dollars",251140,283094,285554,330658,311646,273724,239094,276891,294033,329323,260874,306207,367696,419825,375792,352843,384039,407755,348197,330410,438663,538144
 "28129","Smith, MS",5,CAGDP2,3,"11","  Agriculture, forestry, fishing and hunting ","Thousands of dollars",67885,88302,75127,116002,95294,54199,52431,80084,(D),111138,(D),(D),109271,162994,122325,86711,126187,127519,92571,36939,98119,157517
 "28129","Smith, MS",5,CAGDP2,6,"21","  Mining, quarrying, and oil and gas extraction ","Thousands of dollars",1377,1498,1873,3260,3705,5254,8810,17173,17717,18900,21547,26027,22644,17025,8331,7528,14021,18581,13245,12539,26113,48682
 "28129","Smith, MS",5,CAGDP2,10,"22","  Utilities ","Thousands of dollars",7757,7588,7614,10937,13246,13488,13638,14008,(D),(D),(D),(D),(D),(D),19359,20485,20914,26465,24265,29985,31707,32784
 "28129","Smith, MS",5,CAGDP2,11,"23","  Construction ","Thousands of dollars",9075,15099,14349,10796,8856,12525,8648,8804,11043,12213,10831,10618,9616,9095,11076,7409,7005,6816,6786,6078,5544,5582
 "28129","Smith, MS",5,CAGDP2,12,"31-33","  Manufacturing ","Thousands of dollars",87712,91149,105554,109095,102756,99399,87129,69273,64268,76941,85511,85830,109034,109387,109693,121218,103202,100834,82281,106454,134025,136982
 "28129","Smith, MS",5,CAGDP2,13,"321,327-339","   Durable goods manufacturing ","Thousands of dollars",(D),(D),(D),(D),(D),(D),(D),55005,47664,58134,65646,65987,83475,84579,89321,99203,81369,79667,67928,89936,116090,117708
 "28129","Smith, MS",5,CAGDP2,25,"311-316,322-326","   Nondurable goods manufacturing ","Thousands of dollars",(D),(D),(D),(D),(D),(D),(D),14268,16603,18807,19865,19844,25559,24808,20372,22015,21833,21167,14354,16518,17935,19274
 "28129","Smith, MS",5,CAGDP2,34,"42","  Wholesale trade ","Thousands of dollars",(D),(D),(D),(D),(D),(D),(D),(D),(D),(D),(D),(D),(D),(D),(D),(D),(D),(D),(D),(D),(D),(D)
 "28129","Smith, MS",5,CAGDP2,35,"44-45","  Retail trade ","Thousands of dollars",13006,13229,13351,11237,10561,10649,10215,10355,10702,10602,9661,9707,9628,10195,10405,10830,11357,11723,11633,12881,14041,15537
 "28129","Smith, MS",5,CAGDP2,36,"48-49","  Transportation and warehousing ","Thousands of dollars",6672,6315,6615,7175,(D),6506,(D),6906,7032,7970,11212,12897,13000,12299,12769,13753,16284,23355,25245,27030,25650,29926
 "28129","Smith, MS",5,CAGDP2,45,"51","  Information ","Thousands of dollars",712,702,750,780,963,1040,1197,2321,2155,1688,1070,753,695,570,(D),(D),(D),(D),(D),(D),(D),(D)
 "28129","Smith, MS",5,CAGDP2,50,"52,53","  Finance, insurance, real estate, rental, and leasing ","Thousands of dollars",38072,39313,40194,39679,45553,44769,23511,39214,45765,44670,52018,48821,48734,46685,49431,50829,48925,54076,(D),59612,52050,(D)
 "28129","Smith, MS",5,CAGDP2,51,"52","   Finance and insurance ","Thousands of dollars",8411,7929,7596,7600,8031,7628,7708,7581,7514,(D),7996,8212,(D),(D),(D),(D),(D),(D),(D),(D),(D),(D)
 "28129","Smith, MS",5,CAGDP2,56,"53","   Real estate and rental and leasing ","Thousands of dollars",29661,31384,32598,32079,37521,37141,15803,31632,38251,(D),44022,40609,(D),(D),(D),(D),(D),(D),43155,(D),(D),41267
 "28129","Smith, MS",5,CAGDP2,59,"54,55,56","  Professional and business services ","Thousands of dollars",3892,4323,5510,5937,6749,6369,6668,(D),7236,7528,7610,7803,8107,8494,7046,7210,8303,9235,9247,8324,8604,9857
 "28129","Smith, MS",5,CAGDP2,60,"54","   Professional, scientific, and technical services ","Thousands of dollars",2216,2736,3846,4136,(D),3328,3268,4462,4253,4293,3992,3896,4448,5904,4599,4464,5174,5854,6023,5834,6212,6465
 "28129","Smith, MS",5,CAGDP2,64,"55","   Management of companies and enterprises ","Thousands of dollars",0,0,(D),(D),(D),(D),(D),(D),0,0,0,0,0,0,0,0,0,0,0,0,0,0
 "28129","Smith, MS",5,CAGDP2,65,"56","   Administrative and support and waste management and remediation services ","Thousands of dollars",1676,1587,(D),(D),(D),(D),(D),(D),2983,3236,3618,3906,3659,2590,2447,2747,3130,3382,3224,2490,2393,3392
 "28129","Smith, MS",5,CAGDP2,68,"61,62","  Educational services, health care, and social assistance ","Thousands of dollars",4902,5575,5573,6022,6607,6978,7914,8830,9670,9654,10168,10504,10378,10131,11137,11693,12076,12084,12231,11605,11620,13388
 "28129","Smith, MS",5,CAGDP2,69,"61","   Educational services ","Thousands of dollars",(D),(D),25,28,22,22,44,126,121,136,98,110,146,108,98,129,136,116,88,59,52,48
 "28129","Smith, MS",5,CAGDP2,70,"62","   Health care and social assistance ","Thousands of dollars",(D),(D),5548,5994,6586,6957,7870,8704,9549,9518,10070,10394,10233,10023,11039,11564,11940,11968,12143,11546,11568,13340
 "28129","Smith, MS",5,CAGDP2,75,"71,72","  Arts, entertainment, recreation, accommodation, and food services ","Thousands of dollars",(D),(D),(D),(D),1156,(D),1142,1576,1546,1536,1454,1475,2068,1757,1865,1841,2039,2096,2709,2927,4700,5953
 "28129","Smith, MS",5,CAGDP2,76,"71","   Arts, entertainment, and recreation ","Thousands of dollars",(D),(D),(D),(D),(D),(D),(D),65,83,118,110,100,595,254,142,43,69,56,81,188,583,1118
 "28129","Smith, MS",5,CAGDP2,79,"72","   Accommodation and food services ","Thousands of dollars",(D),(D),(D),(D),(D),(D),(D),1511,1463,1418,1344,1375,1473,1503,1723,1798,1970,2040,2628,2739,4117,4835
 "28129","Smith, MS",5,CAGDP2,82,"81","  Other services (except government and government enterprises) ","Thousands of dollars",6604,6743,5893,6482,7251,8673,7976,7522,7339,7631,7270,6955,7312,7914,(D),(D),(D),(D),(D),(D),(D),(D)
 "28129","Smith, MS",5,CAGDP2,83,"92","Government and government enterprises ","Thousands of dollars",26096,27592,29246,30351,31784,32067,34289,35337,36934,36983,36079,34567,35675,35947,36713,37952,37539,39928,39612,39191,40580,43635
 "28129","Smith, MS",5,CAGDP2,87,"11,21","Natural resources and mining ","Thousands of dollars",69261,89801,77000,119261,98998,59453,61241,97257,(D),130039,(D),(D),131914,180019,130655,94238,140209,146101,105816,49477,124232,206199
 "28129","Smith, MS",5,CAGDP2,88,"42,44-45","Trade ","Thousands of dollars",(D),(D),(D),(D),(D),(D),(D),(D),(D),(D),(D),(D),(D),(D),(D),(D),(D),(D),(D),(D),(D),(D)
 "28129","Smith, MS",5,CAGDP2,89,"22,48-49","Transportation and utilities ","Thousands of dollars",14429,13903,14230,18112,(D),19994,(D),20914,(D),(D),(D),(D),(D),(D),32128,34237,37198,49821,49510,57015,57357,62710
 "28129","Smith, MS",5,CAGDP2,90,"31-33,51","Manufacturing and information ","Thousands of dollars",88424,91851,106305,109876,103719,100439,88326,71593,66423,78629,86580,86583,109729,109957,(D),(D),(D),(D),(D),(D),(D),(D)
 "28129","Smith, MS",5,CAGDP2,91,"...","Private goods-producing industries 2/","Thousands of dollars",166048,196048,196904,239153,210610,171377,157019,175334,(D),219193,(D),(D),250565,298502,251424,222866,250416,253751,194884,162010,263801,348763
 "28129","Smith, MS",5,CAGDP2,92,"...","Private services-providing industries 3/","Thousands of dollars",85093,87046,88651,91505,101036,102346,82076,101557,(D),110130,(D),(D),117131,121324,124368,129977,133623,154004,153313,168400,174862,189380
 "28131","Stone, MS",5,CAGDP2,1,"...","All industry total ","Thousands of dollars",182793,200197,229088,258557,274798,306606,299215,297554,281354,301709,312093,321362,332899,338926,343607,350668,357735,374955,404996,410455,462365,500273
 "28131","Stone, MS",5,CAGDP2,2,"..."," Private industries ","Thousands of dollars",139126,152850,178204,205441,219199,250506,236457,231915,214661,235165,245100,255037,266209,269716,272314,277738,280437,291214,314740,312063,359825,395826
 "28131","Stone, MS",5,CAGDP2,3,"11","  Agriculture, forestry, fishing and hunting ","Thousands of dollars",9482,10653,11811,13073,13058,16501,13091,11564,10537,10112,11159,9853,9224,11797,12915,13315,13312,13306,13141,13795,14236,15073
 "28131","Stone, MS",5,CAGDP2,6,"21","  Mining, quarrying, and oil and gas extraction ","Thousands of dollars",835,671,771,1075,901,1337,2320,2030,1334,1004,1047,727,1237,1132,892,694,742,692,704,306,218,0
 "28131","Stone, MS",5,CAGDP2,10,"22","  Utilities ","Thousands of dollars",0,0,112,(D),(D),(D),(D),3737,3944,3499,3625,3483,3605,3740,3699,(D),(D),(D),(D),(D),4180,3996
 "28131","Stone, MS",5,CAGDP2,11,"23","  Construction ","Thousands of dollars",6918,6879,8824,10549,11619,24462,25754,16717,13642,11698,12244,11214,10510,11052,9392,7343,11007,13910,18565,18840,20824,22403
 "28131","Stone, MS",5,CAGDP2,12,"31-33","  Manufacturing ","Thousands of dollars",34054,35154,42351,54105,47431,45993,43866,38303,38116,46083,46664,47827,60201,55843,54569,60481,50262,51055,40728,50470,88681,96137
 "28131","Stone, MS",5,CAGDP2,13,"321,327-339","   Durable goods manufacturing ","Thousands of dollars",(D),(D),(D),(D),(D),(D),(D),(D),(D),(D),(D),(D),44192,39520,37691,43747,34732,(D),32629,42675,80237,87761
 "28131","Stone, MS",5,CAGDP2,25,"311-316,322-326","   Nondurable goods manufacturing ","Thousands of dollars",(D),(D),(D),(D),(D),(D),(D),(D),(D),(D),(D),(D),16009,16323,16878,16734,15530,(D),8099,7795,8444,8376
 "28131","Stone, MS",5,CAGDP2,34,"42","  Wholesale trade ","Thousands of dollars",(D),(D),(D),(D),(D),(D),(D),5864,5349,7015,9100,10022,7415,6318,5096,(D),(D),(D),(D),(D),(D),(D)
 "28131","Stone, MS",5,CAGDP2,35,"44-45","  Retail trade ","Thousands of dollars",16712,20428,22788,23458,29395,36635,36210,32880,32014,32474,32140,30548,32880,34910,35846,38003,40313,41216,44789,49139,57288,61280
 "28131","Stone, MS",5,CAGDP2,36,"48-49","  Transportation and warehousing ","Thousands of dollars",6377,6474,7165,7794,8398,8492,8647,10292,9190,10668,12209,11958,12501,11189,11005,11065,12787,16928,19715,20264,20459,25393
 "28131","Stone, MS",5,CAGDP2,45,"51","  Information ","Thousands of dollars",2625,1918,1473,1770,2507,3207,2909,3265,3062,3658,3587,3859,4761,4549,5153,5135,4807,5096,5590,5191,(D),(D)
 "28131","Stone, MS",5,CAGDP2,50,"52,53","  Finance, insurance, real estate, rental, and leasing ","Thousands of dollars",35733,40071,41895,43620,51410,54673,40315,49970,44024,50457,52480,66095,65523,70247,72340,71820,76185,72576,92081,81838,76630,84027
 "28131","Stone, MS",5,CAGDP2,51,"52","   Finance and insurance ","Thousands of dollars",10987,10872,10972,11581,14302,17622,13455,12773,11968,11388,12640,13913,14391,15626,15607,15717,15363,15910,16319,16840,18100,18077
 "28131","Stone, MS",5,CAGDP2,56,"53","   Real estate and rental and leasing ","Thousands of dollars",24745,29199,30923,32039,37108,37051,26860,37197,32056,39069,39840,52182,51132,54622,56734,56102,60821,56665,75762,64998,58529,65950
 "28131","Stone, MS",5,CAGDP2,59,"54,55,56","  Professional and business services ","Thousands of dollars",4597,5759,6723,(D),10447,14365,17682,16508,12015,12169,12996,12881,10972,10498,10583,10022,10546,9638,9860,9599,11623,13593
 "28131","Stone, MS",5,CAGDP2,60,"54","   Professional, scientific, and technical services ","Thousands of dollars",3828,4018,4061,4846,7133,7576,9034,9292,8656,8666,8885,7913,6019,6740,7502,7931,8012,6961,7387,7293,9041,10762
 "28131","Stone, MS",5,CAGDP2,64,"55","   Management of companies and enterprises ","Thousands of dollars",0,(D),(D),(D),(D),(D),(D),(D),(D),(D),(D),0,0,0,0,0,0,0,0,0,0,0
 "28131","Stone, MS",5,CAGDP2,65,"56","   Administrative and support and waste management and remediation services ","Thousands of dollars",768,(D),(D),(D),(D),(D),(D),(D),(D),(D),(D),4968,4953,3758,3081,2091,2534,2677,2473,2305,2582,2831
 "28131","Stone, MS",5,CAGDP2,68,"61,62","  Educational services, health care, and social assistance ","Thousands of dollars",5924,8491,11473,14722,14863,17852,19751,21669,21990,26578,26568,25841,26738,26836,28255,28630,29834,33088,(D),23442,24319,28217
 "28131","Stone, MS",5,CAGDP2,69,"61","   Educational services ","Thousands of dollars",20,20,70,149,140,88,123,202,92,45,76,(D),(D),(D),(D),(D),(D),(D),(D),(D),(D),(D)
 "28131","Stone, MS",5,CAGDP2,70,"62","   Health care and social assistance ","Thousands of dollars",5904,8471,11403,14573,14722,17764,19628,21467,21898,26532,26492,(D),(D),(D),(D),(D),(D),(D),(D),(D),(D),(D)
 "28131","Stone, MS",5,CAGDP2,75,"71,72","  Arts, entertainment, recreation, accommodation, and food services ","Thousands of dollars",(D),(D),(D),7000,(D),(D),9808,10339,10241,10323,12037,11225,11257,11452,12470,13094,13428,13953,14576,15762,18297,20301
 "28131","Stone, MS",5,CAGDP2,76,"71","   Arts, entertainment, and recreation ","Thousands of dollars",(D),(D),(D),808,(D),(D),897,1176,1193,1280,1197,(D),1087,1074,1052,1162,1195,926,671,736,(D),(D)
 "28131","Stone, MS",5,CAGDP2,79,"72","   Accommodation and food services ","Thousands of dollars",(D),(D),(D),6192,(D),(D),8911,9163,9049,9044,10840,(D),10170,10378,11418,11932,12233,13028,13905,15026,(D),(D)
 "28131","Stone, MS",5,CAGDP2,82,"81","  Other services (except government and government enterprises) ","Thousands of dollars",6564,6872,6745,7355,7781,8511,8572,8778,9202,9427,9242,9502,9387,10155,10098,9924,9557,11165,12576,13543,(D),(D)
 "28131","Stone, MS",5,CAGDP2,83,"92","Government and government enterprises ","Thousands of dollars",43666,47347,50884,53115,55600,56100,62759,65639,66692,66545,66993,66325,66690,69210,71292,72930,77297,83741,90255,98392,102540,104447
 "28131","Stone, MS",5,CAGDP2,87,"11,21","Natural resources and mining ","Thousands of dollars",10317,11324,12582,14149,13959,17838,15411,13594,11871,11116,12207,10580,10461,12929,13807,14009,14053,13998,13845,14101,14454,15073
 "28131","Stone, MS",5,CAGDP2,88,"42,44-45","Trade ","Thousands of dollars",(D),(D),(D),(D),(D),(D),(D),38744,37363,39489,41241,40571,40294,41228,40942,(D),(D),(D),(D),(D),(D),(D)
 "28131","Stone, MS",5,CAGDP2,89,"22,48-49","Transportation and utilities ","Thousands of dollars",6377,6474,7277,(D),(D),(D),(D),14029,13134,14167,15834,15440,16105,14929,14705,(D),(D),(D),(D),(D),24638,29388
 "28131","Stone, MS",5,CAGDP2,90,"31-33,51","Manufacturing and information ","Thousands of dollars",36679,37071,43825,55874,49938,49200,46775,41568,41178,49740,50251,51686,64962,60392,59722,65616,55068,56152,46318,55660,(D),(D)
 "28131","Stone, MS",5,CAGDP2,91,"...","Private goods-producing industries 2/","Thousands of dollars",51289,53356,63758,78802,73009,88293,85031,68614,63629,68896,71115,69621,81171,79823,77768,81833,75322,78964,73138,83411,123959,133612
 "28131","Stone, MS",5,CAGDP2,92,"...","Private services-providing industries 3/","Thousands of dollars",87838,99493,114447,126639,146189,162212,151425,163301,151032,166268,173984,185415,185038,189893,194547,195905,205115,212250,241602,228652,235866,262214
 "28133","Sunflower, MS",5,CAGDP2,1,"...","All industry total ","Thousands of dollars",581040,545726,567876,577296,578998,596715,619384,586345,581850,585505,586605,627940,688798,633695,599771,685308,677765,684235,647173,716539,824223,786121
 "28133","Sunflower, MS",5,CAGDP2,2,"..."," Private industries ","Thousands of dollars",414288,380129,397249,410740,410692,427692,428917,386787,378559,393190,391459,431342,482397,423467,389682,471328,460973,472674,436364,508654,608155,558727
 "28133","Sunflower, MS",5,CAGDP2,3,"11","  Agriculture, forestry, fishing and hunting ","Thousands of dollars",61708,35965,66416,74055,70802,58529,89953,40838,33922,41468,34620,57411,(D),(D),(D),(D),(D),(D),(D),(D),150169,54442
 "28133","Sunflower, MS",5,CAGDP2,6,"21","  Mining, quarrying, and oil and gas extraction ","Thousands of dollars",0,0,0,0,0,0,0,0,0,0,0,0,0,0,0,0,0,0,0,0,0,0
 "28133","Sunflower, MS",5,CAGDP2,10,"22","  Utilities ","Thousands of dollars",1107,1167,1126,1164,1153,1133,1015,1040,1064,1092,1153,1129,1202,(D),(D),(D),(D),(D),(D),(D),3023,5368
 "28133","Sunflower, MS",5,CAGDP2,11,"23","  Construction ","Thousands of dollars",9500,9803,7645,7605,11667,12808,10995,7885,8606,10671,11675,12998,13083,12767,12973,13110,10998,9183,9315,9073,11031,12847
 "28133","Sunflower, MS",5,CAGDP2,12,"31-33","  Manufacturing ","Thousands of dollars",75021,62426,58221,55548,46223,56620,55486,44016,37599,28237,26248,26313,23717,21042,23476,24751,27962,24306,24080,23764,24850,24052
 "28133","Sunflower, MS",5,CAGDP2,13,"321,327-339","   Durable goods manufacturing ","Thousands of dollars",23194,13857,8995,7998,6210,6343,4152,4114,4941,6466,7043,6854,7177,5573,5550,5869,5887,5900,5577,5448,6192,6862
 "28133","Sunflower, MS",5,CAGDP2,25,"311-316,322-326","   Nondurable goods manufacturing ","Thousands of dollars",51826,48569,49226,47550,40013,50277,51334,39902,32657,21771,19205,19459,16540,15468,17927,18882,22074,18406,18503,18317,18658,17190
 "28133","Sunflower, MS",5,CAGDP2,34,"42","  Wholesale trade ","Thousands of dollars",63797,56378,46994,(D),40146,37342,32080,35741,(D),(D),(D),(D),(D),(D),(D),(D),(D),(D),(D),(D),(D),(D)
 "28133","Sunflower, MS",5,CAGDP2,35,"44-45","  Retail trade ","Thousands of dollars",35640,34343,35028,33652,33562,38637,39125,39339,40103,43417,42448,42010,40496,42584,43150,46587,47371,47868,48036,48674,54814,57196
 "28133","Sunflower, MS",5,CAGDP2,36,"48-49","  Transportation and warehousing ","Thousands of dollars",(D),(D),35231,42399,49655,56239,61803,56868,52836,56861,61244,64741,56434,49720,56573,56537,65327,77408,73990,75943,76157,85212
 "28133","Sunflower, MS",5,CAGDP2,45,"51","  Information ","Thousands of dollars",3203,4494,5397,5864,6001,6133,6150,7229,8083,8055,7434,5964,5916,5050,5310,5656,5744,5684,5682,5428,5778,6053
 "28133","Sunflower, MS",5,CAGDP2,50,"52,53","  Finance, insurance, real estate, rental, and leasing ","Thousands of dollars",74658,78955,76050,74381,75164,75425,47429,63695,69211,70467,73106,82048,94604,98697,97837,97078,87205,92110,91008,97892,112323,(D)
 "28133","Sunflower, MS",5,CAGDP2,51,"52","   Finance and insurance ","Thousands of dollars",22893,22074,22397,22713,23060,21207,21773,21582,21296,21660,22629,22895,24406,26402,27096,25146,24088,24431,25882,27101,28583,30060
 "28133","Sunflower, MS",5,CAGDP2,56,"53","   Real estate and rental and leasing ","Thousands of dollars",51765,56881,53653,51668,52105,54218,25656,42113,47915,48807,50477,59153,70198,72295,70741,71932,63117,67679,65126,70791,83740,(D)
 "28133","Sunflower, MS",5,CAGDP2,59,"54,55,56","  Professional and business services ","Thousands of dollars",(D),15130,13381,13852,13467,15041,16183,18681,(D),(D),(D),(D),(D),20371,19075,19727,20262,20546,22997,18625,20801,23609
 "28133","Sunflower, MS",5,CAGDP2,60,"54","   Professional, scientific, and technical services ","Thousands of dollars",5917,5910,6064,6418,6441,6584,7108,8515,8274,7994,8720,9313,(D),8150,9011,8092,8287,6926,8705,10170,12569,14157
 "28133","Sunflower, MS",5,CAGDP2,64,"55","   Management of companies and enterprises ","Thousands of dollars",5767,5931,(D),(D),(D),5772,6075,(D),(D),(D),(D),(D),(D),8939,7980,9323,9768,11323,12081,7081,6362,6917
 "28133","Sunflower, MS",5,CAGDP2,65,"56","   Administrative and support and waste management and remediation services ","Thousands of dollars",(D),3290,(D),(D),(D),2685,3000,(D),(D),(D),(D),(D),3878,3282,2084,2312,2208,2296,2211,1374,1869,2536
 "28133","Sunflower, MS",5,CAGDP2,68,"61,62","  Educational services, health care, and social assistance ","Thousands of dollars",24353,23467,24834,28676,33184,40082,38986,38797,39021,40963,39041,39528,40175,38056,35051,33790,32977,33028,33817,34352,(D),51214
 "28133","Sunflower, MS",5,CAGDP2,69,"61","   Educational services ","Thousands of dollars",(D),(D),(D),(D),5766,(D),(D),(D),(D),8583,9075,9486,8974,9078,8060,7890,6758,6481,6248,5652,(D),(D)
 "28133","Sunflower, MS",5,CAGDP2,70,"62","   Health care and social assistance ","Thousands of dollars",(D),(D),(D),(D),27418,(D),(D),(D),(D),32380,29966,30042,31201,28978,26991,25900,26219,26546,27569,28701,(D),(D)
 "28133","Sunflower, MS",5,CAGDP2,75,"71,72","  Arts, entertainment, recreation, accommodation, and food services ","Thousands of dollars",(D),(D),8582,(D),10652,11188,11693,12744,14155,14250,14760,15394,16046,15194,15541,15748,14929,14596,15464,14474,17318,19945
 "28133","Sunflower, MS",5,CAGDP2,76,"71","   Arts, entertainment, and recreation ","Thousands of dollars",(D),(D),(D),(D),873,986,1400,1571,1780,1475,1910,2266,2754,2165,2250,2181,2004,1739,2016,1378,2337,3855
 "28133","Sunflower, MS",5,CAGDP2,79,"72","   Accommodation and food services ","Thousands of dollars",(D),(D),(D),(D),9779,10201,10293,11173,12375,12775,12850,13128,13292,13029,13291,13568,12925,12857,13448,13096,14982,16090
 "28133","Sunflower, MS",5,CAGDP2,82,"81","  Other services (except government and government enterprises) ","Thousands of dollars",18811,19603,18345,19110,19015,18515,18019,19915,18420,14479,14797,17793,19793,23467,24796,24856,24507,25135,23207,20897,20302,22068
 "28133","Sunflower, MS",5,CAGDP2,83,"92","Government and government enterprises ","Thousands of dollars",166752,165598,170628,166555,168306,169023,190466,199558,203291,192315,195146,196598,206401,210227,210089,213980,216792,211560,210809,207885,216068,227394
 "28133","Sunflower, MS",5,CAGDP2,87,"11,21","Natural resources and mining ","Thousands of dollars",61708,35965,66416,74055,70802,58529,89953,40838,33922,41468,34620,57411,(D),(D),(D),(D),(D),(D),(D),(D),150169,54442
 "28133","Sunflower, MS",5,CAGDP2,88,"42,44-45","Trade ","Thousands of dollars",99437,90721,82022,(D),73708,75979,71205,75079,(D),(D),(D),(D),(D),(D),(D),(D),(D),(D),(D),(D),(D),(D)
 "28133","Sunflower, MS",5,CAGDP2,89,"22,48-49","Transportation and utilities ","Thousands of dollars",(D),(D),36357,43563,50808,57373,62818,57908,53901,57953,62397,65870,57636,(D),(D),(D),(D),(D),(D),(D),79179,90580
 "28133","Sunflower, MS",5,CAGDP2,90,"31-33,51","Manufacturing and information ","Thousands of dollars",78224,66920,63617,61412,52224,62752,61636,51245,45681,36292,33682,32276,29634,26092,28786,30406,33706,29991,29762,29192,30628,30105
 "28133","Sunflower, MS",5,CAGDP2,91,"...","Private goods-producing industries 2/","Thousands of dollars",146229,108194,132281,137209,128691,127956,156435,92738,80127,80375,72542,96721,(D),(D),(D),(D),(D),(D),(D),(D),186050,91340
 "28133","Sunflower, MS",5,CAGDP2,92,"...","Private services-providing industries 3/","Thousands of dollars",268059,271935,264967,273532,282001,299736,272483,294049,298431,312814,318916,334620,(D),(D),(D),(D),(D),(D),(D),(D),422104,467387
 "28135","Tallahatchie, MS",5,CAGDP2,1,"...","All industry total ","Thousands of dollars",159841,137630,170605,199356,207247,193992,224322,222467,226299,211999,282872,291242,307499,235340,244316,278507,288923,282180,288045,297967,358611,334814
 "28135","Tallahatchie, MS",5,CAGDP2,2,"..."," Private industries ","Thousands of dollars",126981,101696,131554,158599,164715,151911,178683,176349,178541,167165,235483,240615,253855,179238,185685,214685,223292,218033,222683,233676,293387,266440
 "28135","Tallahatchie, MS",5,CAGDP2,3,"11","  Agriculture, forestry, fishing and hunting ","Thousands of dollars",34922,7392,34047,47980,45886,25980,53205,44335,41954,27683,85708,87293,87030,6688,8159,40619,45870,42355,38699,52169,99680,49564
 "28135","Tallahatchie, MS",5,CAGDP2,6,"21","  Mining, quarrying, and oil and gas extraction ","Thousands of dollars",137,90,192,128,0,0,0,0,0,0,0,0,0,0,0,0,0,0,0,0,0,0
 "28135","Tallahatchie, MS",5,CAGDP2,10,"22","  Utilities ","Thousands of dollars",510,492,535,673,730,836,(D),(D),755,697,697,671,695,782,786,847,810,795,826,663,(D),687
 "28135","Tallahatchie, MS",5,CAGDP2,11,"23","  Construction ","Thousands of dollars",3929,3485,3915,4749,4173,8490,20449,10558,4843,5313,5770,5604,4269,3311,3315,3835,3537,2709,3527,(D),(D),(D)
 "28135","Tallahatchie, MS",5,CAGDP2,12,"31-33","  Manufacturing ","Thousands of dollars",8567,8275,5707,5444,6319,5530,6184,6341,7634,4910,5309,4001,4800,4916,4575,3984,3788,3876,2401,(D),(D),(D)
 "28135","Tallahatchie, MS",5,CAGDP2,13,"321,327-339","   Durable goods manufacturing ","Thousands of dollars",(D),(D),(D),(D),4876,4178,5033,4222,6021,(D),(D),(D),3183,3422,3130,2662,2525,2495,1435,(D),(D),(D)
 "28135","Tallahatchie, MS",5,CAGDP2,25,"311-316,322-326","   Nondurable goods manufacturing ","Thousands of dollars",(D),(D),(D),(D),1444,1352,1151,2119,1613,(D),(D),(D),1618,1494,1445,1322,1263,1381,967,(D),(D),(D)
 "28135","Tallahatchie, MS",5,CAGDP2,34,"42","  Wholesale trade ","Thousands of dollars",4415,3831,4422,3814,3833,3170,3177,3965,3904,4095,4202,4054,4804,4665,5067,4674,5312,5552,5367,5195,5536,5614
 "28135","Tallahatchie, MS",5,CAGDP2,35,"44-45","  Retail trade ","Thousands of dollars",10153,10670,10064,10297,11633,14044,15823,16024,20159,22646,18332,15452,14178,15608,16826,17856,16120,15131,16623,19783,22454,24235
 "28135","Tallahatchie, MS",5,CAGDP2,36,"48-49","  Transportation and warehousing ","Thousands of dollars",5068,6601,7285,7831,8372,7330,5925,4748,6213,6866,7869,8043,9363,10799,10846,11594,15847,17547,17189,18483,22394,26843
 "28135","Tallahatchie, MS",5,CAGDP2,45,"51","  Information ","Thousands of dollars",592,652,(D),(D),(D),(D),(D),(D),(D),(D),(D),(D),(D),(D),(D),(D),(D),(D),(D),(D),(D),(D)
 "28135","Tallahatchie, MS",5,CAGDP2,50,"52,53","  Finance, insurance, real estate, rental, and leasing ","Thousands of dollars",31079,31191,30199,28377,30720,31910,17641,25829,29290,30152,32621,46369,48874,48234,46326,45039,44701,42412,44634,46266,43689,(D)
 "28135","Tallahatchie, MS",5,CAGDP2,51,"52","   Finance and insurance ","Thousands of dollars",5154,5769,5921,5767,7077,(D),5780,5225,5242,5973,7372,8491,8364,8706,8526,7256,5924,5688,6136,7192,8221,8180
 "28135","Tallahatchie, MS",5,CAGDP2,56,"53","   Real estate and rental and leasing ","Thousands of dollars",25925,25422,24278,22610,23643,(D),11861,20604,24049,24179,25249,37878,40510,39529,37800,37783,38777,36725,38498,39074,35467,(D)
 "28135","Tallahatchie, MS",5,CAGDP2,59,"54,55,56","  Professional and business services ","Thousands of dollars",9148,8912,14633,24477,24759,21398,23934,30291,32160,(D),(D),(D),(D),(D),(D),(D),(D),(D),(D),(D),60091,66126
 "28135","Tallahatchie, MS",5,CAGDP2,60,"54","   Professional, scientific, and technical services ","Thousands of dollars",2190,(D),2428,3843,3250,3125,2531,2693,2351,2554,3139,3956,4324,4413,4926,5533,7627,8744,9162,8477,8856,9920
 "28135","Tallahatchie, MS",5,CAGDP2,64,"55","   Management of companies and enterprises ","Thousands of dollars",(D),5345,(D),(D),(D),(D),(D),(D),(D),0,0,0,0,0,0,0,0,0,0,0,(D),(D)
 "28135","Tallahatchie, MS",5,CAGDP2,65,"56","   Administrative and support and waste management and remediation services ","Thousands of dollars",(D),(D),(D),(D),(D),(D),(D),(D),(D),(D),(D),(D),(D),(D),(D),(D),(D),(D),(D),(D),(D),(D)
 "28135","Tallahatchie, MS",5,CAGDP2,68,"61,62","  Educational services, health care, and social assistance ","Thousands of dollars",5055,6720,7897,8034,8908,9313,7549,6613,(D),5915,6898,7268,7486,7334,6848,6888,6916,6341,6619,5670,6924,7716
 "28135","Tallahatchie, MS",5,CAGDP2,69,"61","   Educational services ","Thousands of dollars",(D),(D),(D),(D),(D),(D),(D),(D),(D),(D),(D),(D),(D),(D),(D),(D),(D),(D),132,67,73,95
 "28135","Tallahatchie, MS",5,CAGDP2,70,"62","   Health care and social assistance ","Thousands of dollars",(D),(D),(D),(D),(D),(D),(D),(D),(D),(D),(D),(D),(D),(D),(D),(D),(D),(D),6487,5604,6851,7621
 "28135","Tallahatchie, MS",5,CAGDP2,75,"71,72","  Arts, entertainment, recreation, accommodation, and food services ","Thousands of dollars",5630,5728,5033,(D),11058,(D),14401,16340,15414,12113,18696,14139,12485,10863,12610,10748,9886,8056,9268,7058,7350,10168
 "28135","Tallahatchie, MS",5,CAGDP2,76,"71","   Arts, entertainment, and recreation ","Thousands of dollars",4965,(D),3990,(D),9673,(D),(D),14739,13368,9879,(D),(D),(D),(D),9871,7859,6610,4860,5850,3593,3246,5231
 "28135","Tallahatchie, MS",5,CAGDP2,79,"72","   Accommodation and food services ","Thousands of dollars",664,(D),1042,(D),1385,(D),(D),1601,2046,2234,(D),(D),(D),(D),2739,2890,3276,3196,3417,3465,4104,4937
 "28135","Tallahatchie, MS",5,CAGDP2,82,"81","  Other services (except government and government enterprises) ","Thousands of dollars",7777,7656,(D),7003,(D),8588,8354,9131,9401,9580,10054,10357,10271,10620,10717,11221,11348,12014,12624,13561,15287,18008
 "28135","Tallahatchie, MS",5,CAGDP2,83,"92","Government and government enterprises ","Thousands of dollars",32860,35934,39050,40757,42531,42081,45640,46117,47758,44834,47389,50627,53643,56102,58631,63822,65631,64147,65363,64291,65224,68374
 "28135","Tallahatchie, MS",5,CAGDP2,87,"11,21","Natural resources and mining ","Thousands of dollars",35059,7483,34239,48109,45886,25980,53205,44335,41954,27683,85708,87293,87030,6688,8159,40619,45870,42355,38699,52169,99680,49564
 "28135","Tallahatchie, MS",5,CAGDP2,88,"42,44-45","Trade ","Thousands of dollars",14567,14501,14485,14111,15466,17214,19000,19990,24063,26741,22534,19505,18982,20273,21893,22530,21433,20682,21990,24979,27989,29849
 "28135","Tallahatchie, MS",5,CAGDP2,89,"22,48-49","Transportation and utilities ","Thousands of dollars",5578,7092,7820,8504,9102,8166,(D),(D),6968,7563,8566,8713,10058,11581,11633,12441,16657,18342,18015,19146,(D),27530
 "28135","Tallahatchie, MS",5,CAGDP2,90,"31-33,51","Manufacturing and information ","Thousands of dollars",9159,8928,(D),(D),(D),(D),(D),(D),(D),(D),(D),(D),(D),(D),(D),(D),(D),(D),(D),3283,4789,5254
 "28135","Tallahatchie, MS",5,CAGDP2,91,"...","Private goods-producing industries 2/","Thousands of dollars",47555,19243,43860,58302,56378,40001,79838,61234,54430,37905,96788,96898,96100,14915,16049,48438,53195,48940,44627,58130,108518,62413
 "28135","Tallahatchie, MS",5,CAGDP2,92,"...","Private services-providing industries 3/","Thousands of dollars",79426,82453,87694,100297,108337,111911,98845,115116,124111,129260,138696,143717,157756,164323,169636,166246,170097,169093,178055,175545,184869,204027
 "28137","Tate, MS",5,CAGDP2,1,"...","All industry total ","Thousands of dollars",371661,381250,406709,419924,428276,426610,406657,433018,445954,466127,491591,462813,497208,468632,470328,481033,503117,508955,530088,531613,581263,617420
 "28137","Tate, MS",5,CAGDP2,2,"..."," Private industries ","Thousands of dollars",307555,311687,332306,342553,346827,343064,315477,337238,347144,367639,393822,366180,398660,367624,367876,376086,395770,398992,416999,421116,466202,498722
 "28137","Tate, MS",5,CAGDP2,3,"11","  Agriculture, forestry, fishing and hunting ","Thousands of dollars",11314,7780,14444,20057,12313,5470,8008,7431,7871,1396,15485,3150,24968,2816,1190,1718,7886,3989,1669,(D),11760,1580
 "28137","Tate, MS",5,CAGDP2,6,"21","  Mining, quarrying, and oil and gas extraction ","Thousands of dollars",169,161,131,0,0,0,713,541,109,791,709,466,1094,1212,982,1887,2701,3384,4704,4853,4249,(D)
 "28137","Tate, MS",5,CAGDP2,10,"22","  Utilities ","Thousands of dollars",555,577,624,688,675,655,615,680,705,722,724,701,(D),813,813,(D),(D),(D),(D),(D),(D),(D)
 "28137","Tate, MS",5,CAGDP2,11,"23","  Construction ","Thousands of dollars",18372,21865,25198,21542,29713,28968,26868,20233,19725,20896,27363,23906,18701,15590,17641,19756,24869,27749,31059,26259,28815,29742
 "28137","Tate, MS",5,CAGDP2,12,"31-33","  Manufacturing ","Thousands of dollars",56676,51574,57127,56692,55415,50583,48992,56330,64509,83291,85774,60440,55254,41656,41885,41250,45963,42818,42316,37870,65493,76501
 "28137","Tate, MS",5,CAGDP2,13,"321,327-339","   Durable goods manufacturing ","Thousands of dollars",37626,32986,34277,33230,29278,30310,26851,29631,32698,55597,54527,29975,22021,14002,11944,12221,14878,14622,13806,12996,36328,44696
 "28137","Tate, MS",5,CAGDP2,25,"311-316,322-326","   Nondurable goods manufacturing ","Thousands of dollars",19050,18588,22849,23462,26137,20273,22141,26699,31811,27693,31247,30465,33233,27654,29941,29029,31084,28196,28511,24875,29166,31805
 "28137","Tate, MS",5,CAGDP2,34,"42","  Wholesale trade ","Thousands of dollars",12113,12521,12117,11738,9647,9074,8429,8573,8158,7919,9543,11013,10965,8084,8501,8866,(D),(D),10100,7323,7466,8341
 "28137","Tate, MS",5,CAGDP2,35,"44-45","  Retail trade ","Thousands of dollars",50409,50505,50816,48528,48637,49653,47522,45687,43203,42699,42669,45590,48979,52637,53061,54114,56474,55397,60426,66999,74602,79497
 "28137","Tate, MS",5,CAGDP2,36,"48-49","  Transportation and warehousing ","Thousands of dollars",5981,6464,7084,8146,8457,8849,8336,7911,10827,11305,11823,11173,10320,10114,10211,8400,9060,12792,14370,14487,12480,14054
 "28137","Tate, MS",5,CAGDP2,45,"51","  Information ","Thousands of dollars",(D),(D),33204,35706,36652,32335,33474,(D),32426,32209,31712,29561,30766,30971,29200,31648,33817,35344,33445,25444,28759,34056
 "28137","Tate, MS",5,CAGDP2,50,"52,53","  Finance, insurance, real estate, rental, and leasing ","Thousands of dollars",61148,61561,64950,66407,68416,75935,46418,66497,68775,72614,73154,81299,95986,97436,93497,96674,95239,93184,101668,104105,103883,103378
 "28137","Tate, MS",5,CAGDP2,51,"52","   Finance and insurance ","Thousands of dollars",21953,18966,20967,23051,22963,22151,22513,20599,19815,18883,19049,19439,20086,22710,22075,23805,22919,24351,26337,27674,31704,31631
 "28137","Tate, MS",5,CAGDP2,56,"53","   Real estate and rental and leasing ","Thousands of dollars",39195,42595,43983,43356,45453,53785,23905,45899,48960,53731,54105,61860,75900,74726,71422,72869,72320,68832,75331,76432,72179,71747
 "28137","Tate, MS",5,CAGDP2,59,"54,55,56","  Professional and business services ","Thousands of dollars",12495,13573,12349,13725,14259,14653,16413,16792,16479,17518,18129,18926,19580,20040,(D),(D),19455,(D),(D),(D),(D),28362
 "28137","Tate, MS",5,CAGDP2,60,"54","   Professional, scientific, and technical services ","Thousands of dollars",(D),(D),(D),6772,7320,8052,8393,9062,8026,7815,7794,(D),(D),(D),10771,10575,10633,10938,11577,11091,13395,14884
 "28137","Tate, MS",5,CAGDP2,64,"55","   Management of companies and enterprises ","Thousands of dollars",(D),(D),(D),1559,1941,(D),1929,1947,2179,1759,2041,(D),(D),(D),(D),(D),(D),(D),(D),(D),(D),(D)
 "28137","Tate, MS",5,CAGDP2,65,"56","   Administrative and support and waste management and remediation services ","Thousands of dollars",4363,5196,5076,5395,4997,(D),6091,5784,6274,7944,8294,8696,8684,7506,(D),(D),(D),(D),(D),(D),(D),(D)
 "28137","Tate, MS",5,CAGDP2,68,"61,62","  Educational services, health care, and social assistance ","Thousands of dollars",25618,27211,29139,32305,34244,36823,39023,42345,45851,46942,48715,50943,51019,52873,55248,54933,55408,57457,55624,57528,53593,63339
 "28137","Tate, MS",5,CAGDP2,69,"61","   Educational services ","Thousands of dollars",(D),(D),5682,(D),(D),(D),(D),(D),(D),(D),(D),(D),9484,9326,(D),(D),(D),(D),8471,7684,7882,8083
 "28137","Tate, MS",5,CAGDP2,70,"62","   Health care and social assistance ","Thousands of dollars",(D),(D),23457,(D),(D),(D),(D),(D),(D),(D),(D),(D),41536,43548,(D),(D),(D),(D),47153,49845,45711,55255
 "28137","Tate, MS",5,CAGDP2,75,"71,72","  Arts, entertainment, recreation, accommodation, and food services ","Thousands of dollars",7768,8203,8525,9100,9258,9364,10251,11006,9821,10031,9561,10633,(D),14138,(D),16945,16966,16784,17138,16710,21438,25030
 "28137","Tate, MS",5,CAGDP2,76,"71","   Arts, entertainment, and recreation ","Thousands of dollars",577,(D),(D),(D),(D),531,798,867,897,(D),(D),(D),(D),(D),(D),(D),(D),(D),1477,1049,1600,2226
 "28137","Tate, MS",5,CAGDP2,79,"72","   Accommodation and food services ","Thousands of dollars",7190,(D),(D),(D),(D),8832,9453,10139,8924,(D),(D),(D),(D),(D),(D),(D),(D),(D),15661,15660,19838,22804
 "28137","Tate, MS",5,CAGDP2,82,"81","  Other services (except government and government enterprises) ","Thousands of dollars",(D),(D),16598,17919,19140,20702,20414,(D),18685,19307,18461,18378,18141,19241,19703,19986,20054,21076,21838,21578,22843,26582
 "28137","Tate, MS",5,CAGDP2,83,"92","Government and government enterprises ","Thousands of dollars",64106,69563,74403,77371,81449,83546,91181,95781,98810,98488,97769,96633,98548,101009,102453,104947,107347,109963,113089,110497,115061,118698
 "28137","Tate, MS",5,CAGDP2,87,"11,21","Natural resources and mining ","Thousands of dollars",11483,7941,14574,20057,12313,5470,8721,7972,7980,2187,16194,3616,26062,4029,2172,3605,10587,7372,6373,(D),16009,(D)
 "28137","Tate, MS",5,CAGDP2,88,"42,44-45","Trade ","Thousands of dollars",62521,63026,62933,60266,58284,58727,55952,54260,51360,50618,52212,56603,59944,60722,61563,62980,(D),(D),70526,74322,82068,87838
 "28137","Tate, MS",5,CAGDP2,89,"22,48-49","Transportation and utilities ","Thousands of dollars",6536,7041,7708,8834,9132,9505,8951,8591,11533,12027,12547,11874,(D),10927,11024,(D),(D),(D),(D),(D),(D),(D)
 "28137","Tate, MS",5,CAGDP2,90,"31-33,51","Manufacturing and information ","Thousands of dollars",(D),(D),90331,92398,92068,82917,82466,(D),96935,115500,117486,90002,86020,72627,71085,72898,79780,78163,75761,63314,94252,110557
 "28137","Tate, MS",5,CAGDP2,91,"...","Private goods-producing industries 2/","Thousands of dollars",86531,81380,96899,98291,97441,85021,84581,84534,92214,106374,129331,87962,100017,61275,61698,64611,81418,77939,79748,(D),110318,(D)
 "28137","Tate, MS",5,CAGDP2,92,"...","Private services-providing industries 3/","Thousands of dollars",221024,230307,235407,244262,249386,258043,230896,252703,254930,261266,264491,278218,298643,306349,306178,311474,314352,321052,337251,(D),355884,(D)
 "28139","Tippah, MS",5,CAGDP2,1,"...","All industry total ","Thousands of dollars",405749,411743,430166,461147,483637,498782,482222,481792,451144,482884,494310,483268,510888,502825,520501,536755,606872,682420,675021,737049,796707,812581
 "28139","Tippah, MS",5,CAGDP2,2,"..."," Private industries ","Thousands of dollars",364376,367437,382201,410442,429478,443475,422571,419333,388122,420267,430845,422528,445933,437237,453335,465469,480354,537238,525988,584627,672954,730835
 "28139","Tippah, MS",5,CAGDP2,3,"11","  Agriculture, forestry, fishing and hunting ","Thousands of dollars",8847,7998,7252,8030,6144,1995,2993,4069,4657,2409,5785,2586,16045,6663,2469,5940,1586,1749,1317,1608,5915,1881
 "28139","Tippah, MS",5,CAGDP2,6,"21","  Mining, quarrying, and oil and gas extraction ","Thousands of dollars",20397,18804,21209,32370,31317,26657,14786,11439,9216,6659,6436,4769,4632,5608,5343,6025,8710,15540,19777,30587,44761,48163
 "28139","Tippah, MS",5,CAGDP2,10,"22","  Utilities ","Thousands of dollars",2176,1965,2174,2547,2655,2900,2966,3239,3428,3206,3366,3275,3222,3268,3367,3598,3642,3910,4161,4695,4761,4700
 "28139","Tippah, MS",5,CAGDP2,11,"23","  Construction ","Thousands of dollars",14459,12643,14980,14755,15189,20534,23174,22667,17408,19047,21130,19670,16965,18676,18303,19965,19970,20906,23685,24034,25294,27443
 "28139","Tippah, MS",5,CAGDP2,12,"31-33","  Manufacturing ","Thousands of dollars",150461,143020,141129,141866,152774,159720,177804,143729,106914,116637,117481,115257,138664,138139,144206,146347,146668,177167,152311,176781,252225,277519
 "28139","Tippah, MS",5,CAGDP2,13,"321,327-339","   Durable goods manufacturing ","Thousands of dollars",(D),(D),120254,119598,130318,130373,135832,116670,81641,89705,82773,78750,85890,90216,102238,98523,91459,110884,111710,136432,218895,234508
 "28139","Tippah, MS",5,CAGDP2,25,"311-316,322-326","   Nondurable goods manufacturing ","Thousands of dollars",(D),(D),20874,22268,22456,29347,41972,27059,25273,26932,34708,36506,52773,47923,41968,47824,55209,66283,40601,40349,33329,43011
 "28139","Tippah, MS",5,CAGDP2,34,"42","  Wholesale trade ","Thousands of dollars",9018,10191,9996,10740,11166,13852,16747,21057,24823,29136,30094,27571,23942,24860,25874,27973,37691,37380,39186,38487,39493,42328
 "28139","Tippah, MS",5,CAGDP2,35,"44-45","  Retail trade ","Thousands of dollars",26917,28511,32026,33426,33032,32395,29769,30121,31761,33022,33654,34508,36996,38526,40270,41005,41931,43631,46785,50466,55667,57948
 "28139","Tippah, MS",5,CAGDP2,36,"48-49","  Transportation and warehousing ","Thousands of dollars",16693,18051,20254,22166,23221,26204,24862,21073,15696,20701,24704,27216,30044,35016,39832,41671,46568,49944,50337,42847,47203,57605
 "28139","Tippah, MS",5,CAGDP2,45,"51","  Information ","Thousands of dollars",3064,6282,6484,6997,6819,7220,6885,7381,6920,6655,7379,7655,7934,6369,5966,6094,6461,6350,6973,6721,5314,5501
 "28139","Tippah, MS",5,CAGDP2,50,"52,53","  Finance, insurance, real estate, rental, and leasing ","Thousands of dollars",64499,68173,69291,71910,79355,79933,49354,77165,86564,93593,90142,88110,80737,79494,85663,85049,82753,90186,90269,116780,93409,96528
 "28139","Tippah, MS",5,CAGDP2,51,"52","   Finance and insurance ","Thousands of dollars",(D),19965,19280,19993,19865,18941,19251,18636,17901,17719,18344,19270,18731,20974,21444,21948,20598,21483,22891,23889,26483,25229
 "28139","Tippah, MS",5,CAGDP2,56,"53","   Real estate and rental and leasing ","Thousands of dollars",(D),48208,50012,51917,59489,60993,30104,58528,68663,75874,71797,68840,62006,58520,64219,63101,62155,68703,67378,92891,66926,71299
 "28139","Tippah, MS",5,CAGDP2,59,"54,55,56","  Professional and business services ","Thousands of dollars",18834,21100,25835,28042,28379,31254,32829,34660,34529,38724,38629,38288,32727,26245,25735,25081,26990,27489,27909,28965,30485,35081
 "28139","Tippah, MS",5,CAGDP2,60,"54","   Professional, scientific, and technical services ","Thousands of dollars",(D),(D),(D),(D),(D),(D),(D),(D),(D),(D),(D),(D),(D),(D),(D),(D),(D),(D),(D),(D),(D),(D)
 "28139","Tippah, MS",5,CAGDP2,64,"55","   Management of companies and enterprises ","Thousands of dollars",(D),(D),(D),(D),(D),(D),(D),(D),(D),(D),(D),(D),(D),(D),(D),(D),(D),(D),(D),(D),(D),(D)
 "28139","Tippah, MS",5,CAGDP2,65,"56","   Administrative and support and waste management and remediation services ","Thousands of dollars",9295,11487,14776,17436,18051,16322,15749,16691,17643,22748,20700,20804,18905,17671,16598,17158,18871,18877,18510,19495,19361,21002
 "28139","Tippah, MS",5,CAGDP2,68,"61,62","  Educational services, health care, and social assistance ","Thousands of dollars",14401,14580,15461,18471,19035,20682,21033,23733,25602,27270,27640,28168,28390,28888,30365,31608,32875,39015,37852,36739,37415,37939
 "28139","Tippah, MS",5,CAGDP2,69,"61","   Educational services ","Thousands of dollars",(D),(D),(D),(D),(D),(D),(D),(D),(D),(D),(D),(D),(D),(D),(D),(D),(D),(D),(D),(D),(D),(D)
 "28139","Tippah, MS",5,CAGDP2,70,"62","   Health care and social assistance ","Thousands of dollars",(D),(D),(D),(D),(D),(D),(D),(D),(D),(D),(D),(D),(D),(D),(D),(D),(D),(D),(D),(D),(D),(D)
 "28139","Tippah, MS",5,CAGDP2,75,"71,72","  Arts, entertainment, recreation, accommodation, and food services ","Thousands of dollars",4389,5023,5120,6927,7284,7731,7706,8240,8412,9284,9461,10195,10826,10169,10395,9198,9058,8003,9193,9819,14798,18784
 "28139","Tippah, MS",5,CAGDP2,76,"71","   Arts, entertainment, and recreation ","Thousands of dollars",321,404,441,538,593,478,392,377,(D),(D),(D),(D),(D),(D),(D),(D),(D),(D),(D),(D),(D),(D)
 "28139","Tippah, MS",5,CAGDP2,79,"72","   Accommodation and food services ","Thousands of dollars",4068,4619,4679,6389,6690,7253,7314,7863,(D),(D),(D),(D),(D),(D),(D),(D),(D),(D),(D),(D),(D),(D)
 "28139","Tippah, MS",5,CAGDP2,82,"81","  Other services (except government and government enterprises) ","Thousands of dollars",10222,11095,10989,12196,13107,12398,11663,10761,12192,13925,14945,15261,14808,15316,15548,15916,15451,15967,16231,16096,16215,19417
 "28139","Tippah, MS",5,CAGDP2,83,"92","Government and government enterprises ","Thousands of dollars",41373,44306,47964,50704,54160,55307,59651,62459,63021,62616,63465,60740,64955,65588,67165,71286,126517,145182,149034,152422,123752,81746
 "28139","Tippah, MS",5,CAGDP2,87,"11,21","Natural resources and mining ","Thousands of dollars",29244,26802,28461,40400,37461,28653,17778,15507,13874,9068,12221,7355,20677,12271,7811,11964,10296,17289,21095,32196,50676,50043
 "28139","Tippah, MS",5,CAGDP2,88,"42,44-45","Trade ","Thousands of dollars",35935,38702,42023,44166,44198,46247,46516,51178,56583,62158,63748,62079,60938,63386,66144,68977,79622,81012,85972,88954,95160,100276
 "28139","Tippah, MS",5,CAGDP2,89,"22,48-49","Transportation and utilities ","Thousands of dollars",18869,20017,22429,24714,25876,29104,27829,24312,19124,23907,28070,30491,33266,38284,43199,45269,50210,53854,54498,47542,51964,62305
 "28139","Tippah, MS",5,CAGDP2,90,"31-33,51","Manufacturing and information ","Thousands of dollars",153526,149302,147613,148863,159594,166940,184689,151110,113834,123291,124860,122911,146598,144507,150172,152441,153130,183518,159284,183502,257539,283020
 "28139","Tippah, MS",5,CAGDP2,91,"...","Private goods-producing industries 2/","Thousands of dollars",194164,182465,184570,197020,205425,208906,218757,181904,138195,144752,150833,142282,176306,169086,170320,178277,176934,215362,197091,233011,328195,355005
 "28139","Tippah, MS",5,CAGDP2,92,"...","Private services-providing industries 3/","Thousands of dollars",170212,184972,197631,213422,224053,234569,203814,237430,249927,275515,280013,280246,269627,268151,283015,287192,303420,321876,328897,351616,344759,375830
 "28141","Tishomingo, MS",5,CAGDP2,1,"...","All industry total ","Thousands of dollars",319241,338675,326319,350946,353323,369454,353111,375839,367852,404471,423756,442345,433522,410642,444159,455697,484853,529565,592863,619580,608429,688983
 "28141","Tishomingo, MS",5,CAGDP2,2,"..."," Private industries ","Thousands of dollars",288104,304615,289476,311825,311609,326575,306403,326542,317837,354212,374541,393234,380370,355828,389509,400561,428626,472034,534081,559673,547452,625794
 "28141","Tishomingo, MS",5,CAGDP2,3,"11","  Agriculture, forestry, fishing and hunting ","Thousands of dollars",5642,7003,6673,7675,8053,7962,7491,4826,4633,8081,4827,5474,6858,4170,3958,4184,5943,6789,7553,7955,9802,10295
 "28141","Tishomingo, MS",5,CAGDP2,6,"21","  Mining, quarrying, and oil and gas extraction ","Thousands of dollars",5,0,0,0,0,0,0,0,0,0,0,0,0,0,0,0,0,0,0,0,0,0
 "28141","Tishomingo, MS",5,CAGDP2,10,"22","  Utilities ","Thousands of dollars",3099,3074,3049,3599,3713,4167,4000,4372,4530,4867,5051,4713,5125,5481,5409,(D),(D),6369,7195,8081,7658,7850
 "28141","Tishomingo, MS",5,CAGDP2,11,"23","  Construction ","Thousands of dollars",14384,12805,14200,14261,14600,15458,17451,15439,15558,17574,18552,17261,19143,13006,26184,18178,22699,20773,24513,17293,17477,20663
 "28141","Tishomingo, MS",5,CAGDP2,12,"31-33","  Manufacturing ","Thousands of dollars",115360,124076,107404,123344,112830,114179,124681,129406,113325,136410,150027,156593,148209,137271,152247,168579,188740,216375,260110,263575,270147,327451
 "28141","Tishomingo, MS",5,CAGDP2,13,"321,327-339","   Durable goods manufacturing ","Thousands of dollars",83172,92806,82865,94690,84682,87165,93410,101856,87836,108792,121885,125122,111662,97953,109102,125179,144853,166682,204009,213283,212789,267160
 "28141","Tishomingo, MS",5,CAGDP2,25,"311-316,322-326","   Nondurable goods manufacturing ","Thousands of dollars",32188,31270,24539,28654,28148,27015,31270,27550,25489,27618,28143,31471,36547,39318,43145,43400,43886,49693,56101,50291,57358,60291
 "28141","Tishomingo, MS",5,CAGDP2,34,"42","  Wholesale trade ","Thousands of dollars",13827,13575,14543,16283,20967,22545,23211,23551,23862,23295,23055,21870,18741,15758,14581,(D),(D),13431,12846,13291,15756,16162
 "28141","Tishomingo, MS",5,CAGDP2,35,"44-45","  Retail trade ","Thousands of dollars",22526,23474,25994,27316,28808,30113,26736,26541,26904,26656,25757,25758,27805,28157,30248,30834,33961,37350,42772,46403,46116,47381
 "28141","Tishomingo, MS",5,CAGDP2,36,"48-49","  Transportation and warehousing ","Thousands of dollars",(D),(D),(D),7752,8364,(D),(D),(D),(D),(D),(D),(D),12123,9695,11335,12981,16211,19145,20546,16775,14853,15696
 "28141","Tishomingo, MS",5,CAGDP2,45,"51","  Information ","Thousands of dollars",2399,3576,3339,3633,3030,2652,2561,3092,3199,3032,2609,2204,1944,1830,1481,1340,1184,1524,1884,(D),1764,1656
 "28141","Tishomingo, MS",5,CAGDP2,50,"52,53","  Finance, insurance, real estate, rental, and leasing ","Thousands of dollars",57997,63711,60034,58914,61410,67565,35412,50365,59987,64905,70586,82643,77782,76045,82890,82806,79052,85952,85583,113552,83841,88084
 "28141","Tishomingo, MS",5,CAGDP2,51,"52","   Finance and insurance ","Thousands of dollars",16755,19564,17013,17445,18624,17282,17814,17206,16860,17030,16795,16834,17402,18861,18622,18644,17401,17649,18875,19731,22089,22747
 "28141","Tishomingo, MS",5,CAGDP2,56,"53","   Real estate and rental and leasing ","Thousands of dollars",41242,44147,43021,41469,42787,50283,17598,33159,43127,47875,53791,65809,60379,57184,64268,64162,61651,68303,66708,93820,61752,65337
 "28141","Tishomingo, MS",5,CAGDP2,59,"54,55,56","  Professional and business services ","Thousands of dollars",(D),8884,(D),8194,7496,(D),(D),(D),8409,10683,(D),(D),13298,14605,9908,9054,8003,8157,9654,10142,13632,15609
 "28141","Tishomingo, MS",5,CAGDP2,60,"54","   Professional, scientific, and technical services ","Thousands of dollars",(D),4401,(D),(D),(D),(D),(D),(D),4711,5111,(D),(D),(D),5150,5739,5487,4348,4034,3975,3771,4233,4839
 "28141","Tishomingo, MS",5,CAGDP2,64,"55","   Management of companies and enterprises ","Thousands of dollars",(D),690,(D),(D),(D),(D),(D),(D),0,0,(D),(D),(D),0,0,0,0,0,0,0,0,0
 "28141","Tishomingo, MS",5,CAGDP2,65,"56","   Administrative and support and waste management and remediation services ","Thousands of dollars",4070,3793,4071,4041,3657,3750,(D),(D),3698,5572,6794,7705,8544,9455,4169,3568,3655,4124,5679,6371,9399,10769
 "28141","Tishomingo, MS",5,CAGDP2,68,"61,62","  Educational services, health care, and social assistance ","Thousands of dollars",17658,(D),19801,21200,21256,22054,23913,26330,(D),(D),27585,27391,26178,25165,25617,26655,26685,26623,29376,(D),31207,36297
 "28141","Tishomingo, MS",5,CAGDP2,69,"61","   Educational services ","Thousands of dollars",(D),(D),(D),(D),(D),(D),(D),(D),(D),(D),(D),(D),(D),(D),(D),(D),(D),(D),(D),0,118,73
 "28141","Tishomingo, MS",5,CAGDP2,70,"62","   Health care and social assistance ","Thousands of dollars",(D),(D),(D),(D),(D),(D),(D),(D),(D),(D),(D),(D),(D),(D),(D),(D),(D),(D),(D),(D),31089,36224
 "28141","Tishomingo, MS",5,CAGDP2,75,"71,72","  Arts, entertainment, recreation, accommodation, and food services ","Thousands of dollars",6580,6746,7340,8897,9736,9518,10683,11617,11446,11533,10957,10869,11540,12461,13632,13790,14045,14715,15064,14317,17839,20257
 "28141","Tishomingo, MS",5,CAGDP2,76,"71","   Arts, entertainment, and recreation ","Thousands of dollars",3400,3303,3583,4555,5079,4742,5814,6272,5810,5812,5210,4597,4166,4221,4366,4761,5270,5566,5724,5366,7121,8076
 "28141","Tishomingo, MS",5,CAGDP2,79,"72","   Accommodation and food services ","Thousands of dollars",3180,3443,3757,4342,4657,4776,4869,5345,5636,5721,5747,6273,7374,8241,9266,9029,8775,9149,9339,8952,10718,12181
 "28141","Tishomingo, MS",5,CAGDP2,82,"81","  Other services (except government and government enterprises) ","Thousands of dollars",11717,11629,10474,10757,11346,11489,11169,11228,10940,11639,11234,12032,11625,12184,12021,12379,13739,14830,16984,17021,17359,18394
 "28141","Tishomingo, MS",5,CAGDP2,83,"92","Government and government enterprises ","Thousands of dollars",31136,34060,36843,39121,41714,42879,46708,49297,50016,50259,49215,49111,53152,54814,54650,55136,56226,57531,58782,59907,60977,63189
 "28141","Tishomingo, MS",5,CAGDP2,87,"11,21","Natural resources and mining ","Thousands of dollars",5647,7003,6673,7675,8053,7962,7491,4826,4633,8081,4827,5474,6858,4170,3958,4184,5943,6789,7553,7955,9802,10295
 "28141","Tishomingo, MS",5,CAGDP2,88,"42,44-45","Trade ","Thousands of dollars",36353,37049,40537,43599,49774,52658,49947,50092,50766,49951,48812,47628,46546,43915,44829,(D),(D),50781,55618,59694,61873,63542
 "28141","Tishomingo, MS",5,CAGDP2,89,"22,48-49","Transportation and utilities ","Thousands of dollars",(D),(D),(D),11351,12077,(D),(D),(D),(D),(D),(D),(D),17248,15176,16744,(D),(D),25514,27741,24856,22511,23546
 "28141","Tishomingo, MS",5,CAGDP2,90,"31-33,51","Manufacturing and information ","Thousands of dollars",117759,127652,110743,126977,115860,116832,127242,132498,116523,139442,152637,158798,150153,139102,153728,169919,189924,217899,261994,(D),271911,329107
 "28141","Tishomingo, MS",5,CAGDP2,91,"...","Private goods-producing industries 2/","Thousands of dollars",135391,143884,128278,145279,135483,137600,149622,149671,133516,162065,173407,179328,174210,154447,182388,190940,217383,243937,292177,288822,297427,358410
 "28141","Tishomingo, MS",5,CAGDP2,92,"...","Private services-providing industries 3/","Thousands of dollars",152713,160731,161198,166546,176126,188975,156780,176871,184321,192148,201134,213906,206160,201382,207121,209621,211244,228097,241905,270851,250026,267385
 "28143","Tunica, MS",5,CAGDP2,1,"...","All industry total ","Thousands of dollars",815376,853592,876136,916161,897699,887096,953665,928638,786375,749645,787300,746886,782612,695172,659906,659238,620727,593780,576366,514601,586571,640308
 "28143","Tunica, MS",5,CAGDP2,2,"..."," Private industries ","Thousands of dollars",783968,816895,835550,870614,848443,836087,899365,872488,731784,698053,737257,697140,730748,643119,610109,607720,571174,540638,524269,466951,537473,587824
 "28143","Tunica, MS",5,CAGDP2,3,"11","  Agriculture, forestry, fishing and hunting ","Thousands of dollars",25277,3993,40147,37097,30765,20321,37575,37736,32658,21091,59182,9762,70613,8710,2833,27506,3730,(D),(D),(D),43453,14840
 "28143","Tunica, MS",5,CAGDP2,6,"21","  Mining, quarrying, and oil and gas extraction ","Thousands of dollars",0,0,0,0,0,0,0,0,0,0,0,0,0,0,0,0,0,0,0,0,0,(D)
 "28143","Tunica, MS",5,CAGDP2,10,"22","  Utilities ","Thousands of dollars",737,748,824,758,767,790,794,783,795,916,888,769,814,805,803,817,1281,1971,1902,2626,2709,(D)
 "28143","Tunica, MS",5,CAGDP2,11,"23","  Construction ","Thousands of dollars",11824,11178,11241,(D),(D),5185,4430,21180,13217,6868,6264,2954,3392,3814,5175,7397,7615,(D),(D),(D),8018,7095
 "28143","Tunica, MS",5,CAGDP2,12,"31-33","  Manufacturing ","Thousands of dollars",22685,22530,22509,(D),(D),15091,12256,16584,17645,19780,28738,30135,31079,61952,81371,65577,51178,45786,50836,59679,55436,71347
 "28143","Tunica, MS",5,CAGDP2,13,"321,327-339","   Durable goods manufacturing ","Thousands of dollars",1140,(D),(D),(D),1126,834,32,4915,7691,(D),(D),(D),(D),47782,68146,51511,37345,33517,41074,49336,43785,57141
 "28143","Tunica, MS",5,CAGDP2,25,"311-316,322-326","   Nondurable goods manufacturing ","Thousands of dollars",21545,(D),(D),(D),(D),14257,12224,11669,9954,(D),(D),(D),(D),14170,13225,14066,13833,12268,9762,10343,11651,14205
 "28143","Tunica, MS",5,CAGDP2,34,"42","  Wholesale trade ","Thousands of dollars",6602,6699,7789,8384,8400,10526,11174,(D),9120,9721,10341,11307,13381,13621,15837,19455,20572,20488,19667,20063,25017,25862
 "28143","Tunica, MS",5,CAGDP2,35,"44-45","  Retail trade ","Thousands of dollars",16459,17664,18035,18039,19677,20334,19799,19216,18854,19716,18108,18411,19419,19683,19127,19878,19484,17858,(D),(D),20282,21734
 "28143","Tunica, MS",5,CAGDP2,36,"48-49","  Transportation and warehousing ","Thousands of dollars",(D),(D),(D),(D),(D),(D),(D),(D),(D),(D),(D),(D),(D),(D),(D),(D),(D),(D),(D),(D),876,861
 "28143","Tunica, MS",5,CAGDP2,45,"51","  Information ","Thousands of dollars",2327,2237,(D),(D),(D),(D),(D),(D),1857,(D),(D),(D),(D),(D),(D),(D),(D),(D),(D),(D),(D),8922
 "28143","Tunica, MS",5,CAGDP2,50,"52,53","  Finance, insurance, real estate, rental, and leasing ","Thousands of dollars",37242,36167,30184,31437,30901,34398,23460,34560,35100,36840,36189,44130,49090,50420,50166,52441,51562,49032,51160,55687,59071,60393
 "28143","Tunica, MS",5,CAGDP2,51,"52","   Finance and insurance ","Thousands of dollars",9544,9967,7750,10245,9668,9122,8321,7836,7149,7125,7576,7280,7033,8260,9029,10272,10007,7942,7199,(D),10270,10105
 "28143","Tunica, MS",5,CAGDP2,56,"53","   Real estate and rental and leasing ","Thousands of dollars",27698,26200,22434,21192,21233,25276,15139,26724,27951,29715,28613,36850,42057,42160,41137,42169,41555,41090,43961,(D),48801,50288
 "28143","Tunica, MS",5,CAGDP2,59,"54,55,56","  Professional and business services ","Thousands of dollars",4333,7088,6874,6531,7477,7228,7411,6598,6933,10299,11905,16647,16718,17885,22690,(D),30850,32846,32743,30827,33800,(D)
 "28143","Tunica, MS",5,CAGDP2,60,"54","   Professional, scientific, and technical services ","Thousands of dollars",2509,3531,2741,3662,4945,5184,5307,3780,3650,3558,(D),4199,4986,5028,4182,(D),(D),(D),(D),(D),(D),(D)
 "28143","Tunica, MS",5,CAGDP2,64,"55","   Management of companies and enterprises ","Thousands of dollars",0,0,0,0,0,0,0,0,0,0,(D),(D),(D),(D),(D),(D),(D),(D),(D),(D),(D),(D)
 "28143","Tunica, MS",5,CAGDP2,65,"56","   Administrative and support and waste management and remediation services ","Thousands of dollars",1824,3556,4134,2869,2532,2043,2104,2818,3283,6741,8085,(D),(D),(D),(D),(D),16057,17238,18165,15150,20306,19464
 "28143","Tunica, MS",5,CAGDP2,68,"61,62","  Educational services, health care, and social assistance ","Thousands of dollars",(D),(D),8681,9281,8723,8956,10387,10316,11379,12727,13065,13362,12886,12893,12267,12868,13168,12939,12831,(D),(D),(D)
 "28143","Tunica, MS",5,CAGDP2,69,"61","   Educational services ","Thousands of dollars",(D),(D),(D),(D),(D),(D),3407,3525,3531,3802,(D),(D),4310,4381,3665,4353,4072,3252,3245,(D),(D),(D)
 "28143","Tunica, MS",5,CAGDP2,70,"62","   Health care and social assistance ","Thousands of dollars",(D),(D),(D),(D),(D),(D),6980,6791,7848,8925,(D),(D),8576,8512,8602,8516,9096,9687,9587,(D),(D),(D)
 "28143","Tunica, MS",5,CAGDP2,75,"71,72","  Arts, entertainment, recreation, accommodation, and food services ","Thousands of dollars",641982,694737,680380,724534,710967,702797,762637,704755,(D),549599,541410,539211,503518,441820,395441,371018,356798,326984,(D),(D),(D),319950
 "28143","Tunica, MS",5,CAGDP2,76,"71","   Arts, entertainment, and recreation ","Thousands of dollars",(D),(D),(D),(D),(D),(D),(D),(D),(D),(D),5734,4699,4469,2233,2300,(D),(D),(D),(D),(D),(D),(D)
 "28143","Tunica, MS",5,CAGDP2,79,"72","   Accommodation and food services ","Thousands of dollars",(D),(D),(D),(D),(D),(D),(D),(D),(D),(D),535676,534513,499049,439587,393141,(D),(D),(D),(D),(D),(D),(D)
 "28143","Tunica, MS",5,CAGDP2,82,"81","  Other services (except government and government enterprises) ","Thousands of dollars",5906,5631,(D),(D),(D),(D),(D),(D),5442,(D),(D),(D),(D),(D),(D),(D),(D),(D),(D),(D),(D),15546
 "28143","Tunica, MS",5,CAGDP2,83,"92","Government and government enterprises ","Thousands of dollars",31407,36697,40586,45547,49255,51010,54299,56150,54591,51592,50043,49746,51864,52053,49797,51518,49553,53142,52097,47650,49098,52484
 "28143","Tunica, MS",5,CAGDP2,87,"11,21","Natural resources and mining ","Thousands of dollars",25277,3993,40147,37097,30765,20321,37575,37736,32658,21091,59182,9762,70613,8710,2833,27506,3730,(D),(D),(D),43453,(D)
 "28143","Tunica, MS",5,CAGDP2,88,"42,44-45","Trade ","Thousands of dollars",23061,24364,25824,26424,28077,30859,30973,(D),27974,29437,28449,29718,32800,33304,34963,39333,40057,38346,(D),(D),45298,47596
 "28143","Tunica, MS",5,CAGDP2,89,"22,48-49","Transportation and utilities ","Thousands of dollars",(D),(D),(D),(D),(D),(D),(D),(D),(D),(D),(D),(D),(D),(D),(D),(D),(D),(D),(D),(D),3584,(D)
 "28143","Tunica, MS",5,CAGDP2,90,"31-33,51","Manufacturing and information ","Thousands of dollars",25011,24767,(D),19431,16491,(D),(D),(D),19501,(D),(D),(D),(D),(D),(D),(D),(D),(D),(D),(D),(D),80269
 "28143","Tunica, MS",5,CAGDP2,91,"...","Private goods-producing industries 2/","Thousands of dollars",59786,37701,73898,61325,51446,40596,54261,75500,63520,47739,94183,42851,105085,74476,89379,100480,62522,60235,73397,(D),106906,(D)
 "28143","Tunica, MS",5,CAGDP2,92,"...","Private services-providing industries 3/","Thousands of dollars",724182,779195,761653,809288,796997,795490,845104,796988,668264,650315,643074,654289,625664,568643,520730,507239,508651,480403,450871,(D),430567,(D)
 "28145","Union, MS",5,CAGDP2,1,"...","All industry total ","Thousands of dollars",512997,531656,528592,531175,549095,558301,577054,665234,622351,662534,738853,823227,861655,922412,1107953,1434752,1084568,1107684,1180329,1138899,1138618,1253364
 "28145","Union, MS",5,CAGDP2,2,"..."," Private industries ","Thousands of dollars",467282,483129,476974,475549,488803,496928,509825,594832,550539,589892,666953,750332,786054,844264,1028226,1350043,998556,1017932,1086632,1043680,1041199,1150730
 "28145","Union, MS",5,CAGDP2,3,"11","  Agriculture, forestry, fishing and hunting ","Thousands of dollars",(D),6869,(D),10440,11954,6865,6929,6226,7941,2997,4696,12086,11288,5668,1961,1236,1739,1797,(D),3204,4399,2468
 "28145","Union, MS",5,CAGDP2,6,"21","  Mining, quarrying, and oil and gas extraction ","Thousands of dollars",0,0,(D),0,0,0,0,0,0,0,0,0,0,0,0,0,0,0,0,0,0,0
 "28145","Union, MS",5,CAGDP2,10,"22","  Utilities ","Thousands of dollars",711,5225,(D),3034,2618,2639,2602,2634,2826,903,222,178,233,443,364,409,340,420,409,238,342,323
 "28145","Union, MS",5,CAGDP2,11,"23","  Construction ","Thousands of dollars",(D),23285,23538,25230,27815,26124,42692,66330,36271,31636,37695,38580,35353,34062,31081,31506,32124,32718,(D),33766,35548,39926
 "28145","Union, MS",5,CAGDP2,12,"31-33","  Manufacturing ","Thousands of dollars",151326,150988,141599,138683,134083,135502,153869,180243,163847,205603,243292,299498,300243,360463,530959,821435,459968,456330,484495,421280,336962,368418
 "28145","Union, MS",5,CAGDP2,13,"321,327-339","   Durable goods manufacturing ","Thousands of dollars",145574,144587,136309,132620,127344,127745,144182,166323,144578,185739,216872,249213,280951,343469,514185,805733,446912,442210,467060,403802,316482,345621
 "28145","Union, MS",5,CAGDP2,25,"311-316,322-326","   Nondurable goods manufacturing ","Thousands of dollars",5752,6401,5290,6063,6740,7758,9688,13920,19270,19864,26420,50286,19293,16994,16774,15702,13056,14121,17435,17478,20480,22797
 "28145","Union, MS",5,CAGDP2,34,"42","  Wholesale trade ","Thousands of dollars",34497,33366,32920,18440,13323,19498,18646,21283,19426,18211,19995,20501,21156,20973,26150,37156,50524,62238,76534,81163,91905,97835
 "28145","Union, MS",5,CAGDP2,35,"44-45","  Retail trade ","Thousands of dollars",38334,45726,53561,57762,58658,60203,53896,52737,55025,55164,57131,58362,62601,59390,61743,64014,67049,65873,68474,76266,91143,95240
 "28145","Union, MS",5,CAGDP2,36,"48-49","  Transportation and warehousing ","Thousands of dollars",64278,59397,54292,54365,59215,62995,69208,71836,66825,62795,64255,81680,91076,100300,99212,102686,104988,111722,109917,107952,132837,160781
 "28145","Union, MS",5,CAGDP2,45,"51","  Information ","Thousands of dollars",4354,5712,5871,6982,7738,7873,7961,8654,9162,9668,9248,8429,9584,9959,12190,13183,13032,13002,14026,13971,14702,15389
 "28145","Union, MS",5,CAGDP2,50,"52,53","  Finance, insurance, real estate, rental, and leasing ","Thousands of dollars",71740,75709,75429,75951,84196,80493,51558,74348,82357,92487,110995,113490,119773,115003,121332,127307,114321,120967,131394,139324,144269,152181
 "28145","Union, MS",5,CAGDP2,51,"52","   Finance and insurance ","Thousands of dollars",22829,22850,22146,22160,24532,22751,23123,21559,22340,22295,23575,26083,27468,31520,31972,32563,30610,31588,34372,37401,40386,39376
 "28145","Union, MS",5,CAGDP2,56,"53","   Real estate and rental and leasing ","Thousands of dollars",48911,52859,53283,53790,59663,57742,28435,52789,60017,70192,87420,87407,92305,83483,89360,94744,83711,89379,97022,101923,103883,112805
 "28145","Union, MS",5,CAGDP2,59,"54,55,56","  Professional and business services ","Thousands of dollars",11641,13945,12952,12909,16215,15709,19057,20985,16463,17109,19163,18582,32635,33851,32092,28205,30658,28142,28153,30926,38965,50091
 "28145","Union, MS",5,CAGDP2,60,"54","   Professional, scientific, and technical services ","Thousands of dollars",6007,6546,6889,6304,6298,6899,(D),(D),(D),(D),(D),(D),(D),(D),(D),9054,(D),(D),(D),10038,(D),13239
 "28145","Union, MS",5,CAGDP2,64,"55","   Management of companies and enterprises ","Thousands of dollars",0,0,0,0,0,0,(D),(D),(D),(D),(D),(D),(D),(D),(D),2391,(D),(D),(D),2045,(D),4196
 "28145","Union, MS",5,CAGDP2,65,"56","   Administrative and support and waste management and remediation services ","Thousands of dollars",5634,7399,6063,6605,9917,8809,7174,6429,5836,6204,7068,7937,9064,14221,15319,16760,18926,16885,16598,18844,25568,32656
 "28145","Union, MS",5,CAGDP2,68,"61,62","  Educational services, health care, and social assistance ","Thousands of dollars",34792,37719,39958,43247,46836,50866,53744,57038,58717,59351,61900,63028,63100,62149,65779,73897,74644,74841,80183,82286,83974,91805
 "28145","Union, MS",5,CAGDP2,69,"61","   Educational services ","Thousands of dollars",93,95,60,47,33,64,(D),(D),(D),(D),(D),664,391,(D),(D),(D),(D),(D),(D),(D),(D),(D)
 "28145","Union, MS",5,CAGDP2,70,"62","   Health care and social assistance ","Thousands of dollars",34699,37624,39898,43201,46802,50802,(D),(D),(D),(D),(D),62364,62708,(D),(D),(D),(D),(D),(D),(D),(D),(D)
 "28145","Union, MS",5,CAGDP2,75,"71,72","  Arts, entertainment, recreation, accommodation, and food services ","Thousands of dollars",9787,9964,10452,12083,12430,13538,14624,15580,14783,17344,15258,16066,17649,19167,22062,24385,26240,27715,33532,32423,45256,51712
 "28145","Union, MS",5,CAGDP2,76,"71","   Arts, entertainment, and recreation ","Thousands of dollars",1026,949,1020,1215,1154,752,(D),(D),649,758,673,702,732,716,691,715,718,657,548,(D),656,834
 "28145","Union, MS",5,CAGDP2,79,"72","   Accommodation and food services ","Thousands of dollars",8761,9015,9431,10868,11276,12786,(D),(D),14134,16585,14586,15364,16917,18452,21371,23670,25522,27058,32984,(D),44600,50878
 "28145","Union, MS",5,CAGDP2,82,"81","  Other services (except government and government enterprises) ","Thousands of dollars",14610,15224,15163,16424,13722,14623,15038,16938,16896,16625,23103,19852,21363,22835,23301,24625,22929,22165,22102,20879,20897,24561
 "28145","Union, MS",5,CAGDP2,83,"92","Government and government enterprises ","Thousands of dollars",45715,48526,51618,55627,60292,61373,67229,70402,71811,72642,71900,72895,75600,78148,79727,84709,86013,89752,93697,95219,97419,102634
 "28145","Union, MS",5,CAGDP2,87,"11,21","Natural resources and mining ","Thousands of dollars",(D),6869,(D),10440,11954,6865,6929,6226,7941,2997,4696,12086,11288,5668,1961,1236,1739,1797,(D),3204,4399,2468
 "28145","Union, MS",5,CAGDP2,88,"42,44-45","Trade ","Thousands of dollars",72831,79092,86481,76202,71981,79701,72542,74020,74451,73375,77126,78863,83756,80363,87893,101170,117573,128112,145009,157430,183048,193076
 "28145","Union, MS",5,CAGDP2,89,"22,48-49","Transportation and utilities ","Thousands of dollars",64988,64622,(D),57399,61833,65634,71810,74471,69651,63697,64477,81858,91309,100744,99576,103095,105328,112142,110326,108190,133179,161104
 "28145","Union, MS",5,CAGDP2,90,"31-33,51","Manufacturing and information ","Thousands of dollars",155680,156700,147470,145664,141821,143376,161830,188897,173009,215271,252540,307927,309828,370422,543149,834618,472999,469333,498521,435251,351664,383807
 "28145","Union, MS",5,CAGDP2,91,"...","Private goods-producing industries 2/","Thousands of dollars",182540,181142,(D),174352,173853,168492,203490,252799,208059,240236,285683,350165,346883,400192,564001,854176,493831,490845,521905,458250,376908,410812
 "28145","Union, MS",5,CAGDP2,92,"...","Private services-providing industries 3/","Thousands of dollars",284742,301988,(D),301196,314950,328436,306335,342033,342480,349656,381270,400167,439171,444072,464225,495867,504725,527087,564726,585430,664290,739918
 "28147","Walthall, MS",5,CAGDP2,1,"...","All industry total ","Thousands of dollars",170123,173567,178483,214246,215995,221293,205217,228846,221839,233312,216650,242955,268075,277487,259907,241150,276067,293605,277169,268149,313812,346297
 "28147","Walthall, MS",5,CAGDP2,2,"..."," Private industries ","Thousands of dollars",141578,144062,146362,180615,180063,184980,167114,188876,181130,192504,176150,203365,228866,238325,221639,203640,237500,255900,238014,229300,272234,304617
 "28147","Walthall, MS",5,CAGDP2,3,"11","  Agriculture, forestry, fishing and hunting ","Thousands of dollars",20043,17277,16675,35150,25001,18268,13801,20555,17030,16469,2715,10051,36789,49999,35486,21304,43078,41607,31265,15667,34485,45432
 "28147","Walthall, MS",5,CAGDP2,6,"21","  Mining, quarrying, and oil and gas extraction ","Thousands of dollars",828,1089,1964,3600,2638,2815,2867,2793,4533,4358,4020,3098,2960,4110,2030,2183,2316,3128,3909,3014,1285,2212
 "28147","Walthall, MS",5,CAGDP2,10,"22","  Utilities ","Thousands of dollars",731,838,677,758,771,1202,878,1065,975,980,966,900,827,883,920,1068,1023,1165,1033,714,937,875
 "28147","Walthall, MS",5,CAGDP2,11,"23","  Construction ","Thousands of dollars",7562,8153,9021,11656,14959,13665,13870,12417,12103,12478,12450,12389,10656,10946,12966,13462,16388,16321,15537,13558,14051,15245
 "28147","Walthall, MS",5,CAGDP2,12,"31-33","  Manufacturing ","Thousands of dollars",27153,26985,26281,32195,34536,39664,39362,36762,26958,36285,35375,37232,43079,38890,39216,34683,42899,59546,43543,56314,74842,77491
 "28147","Walthall, MS",5,CAGDP2,13,"321,327-339","   Durable goods manufacturing ","Thousands of dollars",(D),(D),(D),(D),(D),(D),(D),(D),(D),(D),(D),(D),41785,36678,35842,31205,39570,55285,38796,51736,68936,71597
 "28147","Walthall, MS",5,CAGDP2,25,"311-316,322-326","   Nondurable goods manufacturing ","Thousands of dollars",(D),(D),(D),(D),(D),(D),(D),(D),(D),(D),(D),(D),1294,2212,3375,3478,3330,4261,4746,4578,5906,5893
 "28147","Walthall, MS",5,CAGDP2,34,"42","  Wholesale trade ","Thousands of dollars",8700,8241,9004,11349,11014,12171,12687,12468,10796,8890,7894,6517,6076,5946,5905,5706,6209,7293,8777,9526,9951,10322
 "28147","Walthall, MS",5,CAGDP2,35,"44-45","  Retail trade ","Thousands of dollars",13710,14662,15944,16031,16445,19034,17555,17414,17498,18570,19085,20639,19453,19079,18079,19722,21097,22860,23075,26448,27592,29292
 "28147","Walthall, MS",5,CAGDP2,36,"48-49","  Transportation and warehousing ","Thousands of dollars",8203,9119,7953,8864,9413,10002,11340,12068,9763,10382,8839,9225,9561,10046,9911,9426,10236,13025,17437,16238,14839,16957
 "28147","Walthall, MS",5,CAGDP2,45,"51","  Information ","Thousands of dollars",1233,1381,1545,1630,1824,1872,2891,3714,3494,2784,2489,2543,2486,2265,(D),(D),(D),(D),(D),(D),(D),(D)
 "28147","Walthall, MS",5,CAGDP2,50,"52,53","  Finance, insurance, real estate, rental, and leasing ","Thousands of dollars",32500,33614,33605,33216,36593,37542,22334,37934,43538,44357,44090,59880,56069,55570,54241,56896,56906,56126,55393,50873,54462,55098
 "28147","Walthall, MS",5,CAGDP2,51,"52","   Finance and insurance ","Thousands of dollars",8812,(D),(D),(D),(D),(D),9599,8801,8917,8590,8590,8986,8907,10308,10306,10706,9672,10053,10586,10676,11180,11217
 "28147","Walthall, MS",5,CAGDP2,56,"53","   Real estate and rental and leasing ","Thousands of dollars",23688,(D),(D),(D),(D),(D),12735,29133,34621,35767,35500,50895,47162,45263,43935,46190,47234,46074,44807,40196,43282,43880
 "28147","Walthall, MS",5,CAGDP2,59,"54,55,56","  Professional and business services ","Thousands of dollars",2052,2261,2395,2678,2846,3314,3797,4784,4644,5418,4505,5114,5403,6321,(D),(D),(D),(D),(D),(D),5154,10342
 "28147","Walthall, MS",5,CAGDP2,60,"54","   Professional, scientific, and technical services ","Thousands of dollars",1224,1331,1444,1590,1756,2003,(D),2884,2589,(D),2536,3166,3322,3913,4422,4058,4050,3672,3873,(D),(D),(D)
 "28147","Walthall, MS",5,CAGDP2,64,"55","   Management of companies and enterprises ","Thousands of dollars",0,0,0,0,0,0,(D),(D),(D),(D),0,0,0,0,0,0,0,0,0,0,0,0
 "28147","Walthall, MS",5,CAGDP2,65,"56","   Administrative and support and waste management and remediation services ","Thousands of dollars",828,929,952,1088,1089,1311,1453,(D),(D),2085,1969,1948,2082,2408,(D),(D),(D),(D),(D),(D),(D),(D)
 "28147","Walthall, MS",5,CAGDP2,68,"61,62","  Educational services, health care, and social assistance ","Thousands of dollars",8420,9795,10304,10669,9820,9988,10349,10633,12038,12342,12073,11839,11924,11751,12757,12060,11229,12759,13177,14397,14632,16272
 "28147","Walthall, MS",5,CAGDP2,69,"61","   Educational services ","Thousands of dollars",78,80,73,73,49,121,335,350,345,408,489,459,(D),(D),(D),(D),(D),(D),(D),(D),(D),576
 "28147","Walthall, MS",5,CAGDP2,70,"62","   Health care and social assistance ","Thousands of dollars",8342,9714,10230,10596,9771,9867,10014,10283,11693,11934,11584,11380,(D),(D),(D),(D),(D),(D),(D),(D),(D),15696
 "28147","Walthall, MS",5,CAGDP2,75,"71,72","  Arts, entertainment, recreation, accommodation, and food services ","Thousands of dollars",2958,2939,3358,4205,4647,5336,4905,4923,6348,10145,13478,14751,13574,12416,13017,11268,9049,6678,8991,7219,9968,12790
 "28147","Walthall, MS",5,CAGDP2,76,"71","   Arts, entertainment, and recreation ","Thousands of dollars",(D),(D),(D),(D),(D),(D),(D),(D),295,(D),589,550,471,308,276,258,(D),(D),(D),(D),(D),(D)
 "28147","Walthall, MS",5,CAGDP2,79,"72","   Accommodation and food services ","Thousands of dollars",(D),(D),(D),(D),(D),(D),(D),(D),6053,(D),12889,14201,13103,12108,12741,11010,(D),(D),(D),(D),(D),(D)
 "28147","Walthall, MS",5,CAGDP2,82,"81","  Other services (except government and government enterprises) ","Thousands of dollars",7486,7706,7636,8614,9557,10107,10477,11344,11412,9045,8172,9189,10009,10103,9105,8096,8818,8758,8586,8528,(D),(D)
 "28147","Walthall, MS",5,CAGDP2,83,"92","Government and government enterprises ","Thousands of dollars",28544,29505,32121,33631,35933,36313,38103,39970,40709,40807,40499,39590,39208,39161,38267,37510,38566,37705,39156,38849,41577,41680
 "28147","Walthall, MS",5,CAGDP2,87,"11,21","Natural resources and mining ","Thousands of dollars",20871,18366,18639,38750,27638,21083,16667,23348,21564,20828,6735,13149,39749,54109,37516,23488,45394,44734,35173,18681,35770,47643
 "28147","Walthall, MS",5,CAGDP2,88,"42,44-45","Trade ","Thousands of dollars",22411,22904,24947,27380,27459,31204,30242,29882,28294,27460,26979,27156,25529,25025,23983,25428,27306,30154,31852,35975,37543,39615
 "28147","Walthall, MS",5,CAGDP2,89,"22,48-49","Transportation and utilities ","Thousands of dollars",8933,9957,8630,9622,10185,11205,12218,13133,10738,11362,9805,10124,10388,10929,10831,10494,11259,14190,18470,16952,15776,17832
 "28147","Walthall, MS",5,CAGDP2,90,"31-33,51","Manufacturing and information ","Thousands of dollars",28386,28367,27826,33825,36360,41537,42253,40476,30452,39069,37864,39774,45565,41156,(D),(D),(D),(D),(D),(D),(D),(D)
 "28147","Walthall, MS",5,CAGDP2,91,"...","Private goods-producing industries 2/","Thousands of dollars",55586,53505,53941,82601,77133,74413,69899,72528,60624,69590,54560,62769,93483,103945,89698,71633,104682,120602,94253,88554,124663,140379
 "28147","Walthall, MS",5,CAGDP2,92,"...","Private services-providing industries 3/","Thousands of dollars",85993,90557,92421,98014,102929,110568,97214,116348,120506,122914,121590,140596,135383,134380,131941,132007,132819,135298,143761,140747,147571,164238
 "28149","Warren, MS",5,CAGDP2,1,"...","All industry total ","Thousands of dollars",1569949,1576451,1711914,1741050,2000444,2058355,1937144,2300492,2036781,1921629,2049546,2170729,2000386,1918049,1962119,2031176,2166510,2344808,2361646,2336919,2669711,3041221
 "28149","Warren, MS",5,CAGDP2,2,"..."," Private industries ","Thousands of dollars",1282493,1263152,1378812,1397628,1635763,1680184,1553792,1906267,1617747,1480912,1594160,1719832,1562983,1486097,1518898,1575910,1675024,1831659,1816400,1759280,2069981,2435540
 "28149","Warren, MS",5,CAGDP2,3,"11","  Agriculture, forestry, fishing and hunting ","Thousands of dollars",11233,6610,18791,19792,21772,33692,33514,14805,15635,11779,21321,27529,25413,5480,4437,8272,9928,9264,10359,9812,10452,5121
 "28149","Warren, MS",5,CAGDP2,6,"21","  Mining, quarrying, and oil and gas extraction ","Thousands of dollars",4088,3108,3050,4830,3068,3146,3817,6110,6529,4981,10397,2477,2367,1955,1622,4910,5340,6367,5191,3316,2213,1570
 "28149","Warren, MS",5,CAGDP2,10,"22","  Utilities ","Thousands of dollars",113706,82654,20184,33401,56756,39936,65569,68400,73455,82962,129228,120424,85175,12995,15590,34745,36074,45955,68273,74599,53291,33121
 "28149","Warren, MS",5,CAGDP2,11,"23","  Construction ","Thousands of dollars",50871,40678,49487,39557,42851,51838,59673,134681,66409,55607,61296,56112,56630,45143,39810,43745,41644,37288,36160,38843,42548,44820
 "28149","Warren, MS",5,CAGDP2,12,"31-33","  Manufacturing ","Thousands of dollars",277442,257972,374853,371704,556359,577048,453009,660135,445837,295656,333139,448215,288641,301987,314253,324833,461902,535557,509287,432204,645144,900474
 "28149","Warren, MS",5,CAGDP2,13,"321,327-339","   Durable goods manufacturing ","Thousands of dollars",148427,139757,182643,195155,209195,206021,191279,171724,97686,114880,128315,108802,133742,137551,136313,135211,119509,111169,100830,112068,169582,183281
 "28149","Warren, MS",5,CAGDP2,25,"311-316,322-326","   Nondurable goods manufacturing ","Thousands of dollars",129016,118214,192210,176549,347163,371027,261730,488411,348151,180776,204824,339413,154899,164436,177940,189622,342394,424388,408457,320136,475562,717193
 "28149","Warren, MS",5,CAGDP2,34,"42","  Wholesale trade ","Thousands of dollars",55798,52287,52952,47638,49712,48933,47878,49636,48287,51666,53151,56657,59514,61820,67320,57975,57036,56448,57171,57348,66449,73141
 "28149","Warren, MS",5,CAGDP2,35,"44-45","  Retail trade ","Thousands of dollars",117852,122559,133398,134334,136008,141469,135979,138004,135752,137453,137655,136337,143542,145673,149556,157657,163507,163500,164937,178747,203777,211321
 "28149","Warren, MS",5,CAGDP2,36,"48-49","  Transportation and warehousing ","Thousands of dollars",79391,67084,85220,73745,56834,69125,76935,91043,93999,91714,94131,89841,116865,125576,147537,143212,149640,178406,179083,167275,194897,226778
 "28149","Warren, MS",5,CAGDP2,45,"51","  Information ","Thousands of dollars",15966,30329,33253,34697,35905,38968,34426,40439,39858,40217,41728,47408,49430,43081,38371,28809,24614,25742,27198,25521,27923,29699
 "28149","Warren, MS",5,CAGDP2,50,"52,53","  Finance, insurance, real estate, rental, and leasing ","Thousands of dollars",139906,147200,146054,153946,169555,168538,122066,154101,162352,168816,196077,224009,232602,250439,243237,271270,229561,262778,249059,308130,295760,296128
 "28149","Warren, MS",5,CAGDP2,51,"52","   Finance and insurance ","Thousands of dollars",42154,43939,41335,45265,45885,46365,50027,47116,45252,45775,47634,51162,52287,62118,60403,61174,55494,57513,59726,64566,73715,67100
 "28149","Warren, MS",5,CAGDP2,56,"53","   Real estate and rental and leasing ","Thousands of dollars",97753,103261,104719,108682,123670,122174,72039,106986,117101,123041,148443,172847,180316,188321,182834,210097,174067,205265,189334,243564,222045,229028
 "28149","Warren, MS",5,CAGDP2,59,"54,55,56","  Professional and business services ","Thousands of dollars",74344,87537,93269,95313,105110,111832,119252,139810,119989,129308,123701,123266,119079,129373,131278,126967,128810,136888,132990,122169,121740,136896
 "28149","Warren, MS",5,CAGDP2,60,"54","   Professional, scientific, and technical services ","Thousands of dollars",46560,(D),(D),(D),(D),62638,68393,87204,80120,82017,77284,82885,80923,88018,83610,77692,77723,83075,80374,71287,68763,82080
 "28149","Warren, MS",5,CAGDP2,64,"55","   Management of companies and enterprises ","Thousands of dollars",7631,(D),(D),(D),(D),4269,3350,4567,3906,4625,7498,3893,2374,2658,2421,2262,2446,3199,3296,2794,3016,3087
 "28149","Warren, MS",5,CAGDP2,65,"56","   Administrative and support and waste management and remediation services ","Thousands of dollars",20153,25755,29259,31075,36222,44924,47510,48038,35962,42665,38919,36488,35782,38697,45248,47014,48641,50614,49320,48089,49961,51729
 "28149","Warren, MS",5,CAGDP2,68,"61,62","  Educational services, health care, and social assistance ","Thousands of dollars",130412,143701,150517,161874,169564,175614,177035,182642,178853,180304,170732,169304,164430,158063,164246,166954,168360,169078,171136,157197,173007,201754
 "28149","Warren, MS",5,CAGDP2,69,"61","   Educational services ","Thousands of dollars",(D),(D),3926,4122,4092,4499,4402,4890,5237,5535,6541,4807,5416,5775,5941,6130,6253,5723,5643,4592,4065,4766
 "28149","Warren, MS",5,CAGDP2,70,"62","   Health care and social assistance ","Thousands of dollars",(D),(D),146592,157752,165471,171116,172632,177753,173616,174770,164191,164497,159013,152288,158305,160824,162108,163355,165493,152606,168942,196988
 "28149","Warren, MS",5,CAGDP2,75,"71,72","  Arts, entertainment, recreation, accommodation, and food services ","Thousands of dollars",181384,190938,188278,195156,201501,187479,191444,193479,196699,195278,187284,182324,183052,166724,166794,168833,164324,172498,171288,151211,199756,235906
 "28149","Warren, MS",5,CAGDP2,76,"71","   Arts, entertainment, and recreation ","Thousands of dollars",75902,46531,47434,44652,48114,35912,36590,40872,37634,38169,27809,26518,28423,13291,10037,15382,16659,16150,17065,14414,15657,16166
 "28149","Warren, MS",5,CAGDP2,79,"72","   Accommodation and food services ","Thousands of dollars",105482,144407,140844,150504,153387,151567,154855,152607,159065,157109,159474,155806,154629,153433,156757,153451,147665,156348,154223,136797,184100,219739
 "28149","Warren, MS",5,CAGDP2,82,"81","  Other services (except government and government enterprises) ","Thousands of dollars",30099,30496,29505,31643,30769,32566,33194,32983,34092,35171,34319,35928,36244,37788,34846,37730,34282,31891,34266,32907,33025,38810
 "28149","Warren, MS",5,CAGDP2,83,"92","Government and government enterprises ","Thousands of dollars",287456,313298,333102,343422,364680,378171,383352,394225,419034,440717,455387,450897,437403,431952,443221,455266,491485,513148,545246,577639,599730,605681
 "28149","Warren, MS",5,CAGDP2,87,"11,21","Natural resources and mining ","Thousands of dollars",15321,9718,21841,24621,24841,36837,37331,20914,22165,16760,31718,30006,27780,7435,6060,13182,15269,15631,15551,13127,12665,6692
 "28149","Warren, MS",5,CAGDP2,88,"42,44-45","Trade ","Thousands of dollars",173650,174846,186351,181971,185720,190402,183858,187639,184040,189119,190806,192994,203056,207493,216876,215632,220543,219948,222108,236095,270225,284462
 "28149","Warren, MS",5,CAGDP2,89,"22,48-49","Transportation and utilities ","Thousands of dollars",193097,149738,105404,107146,113590,109061,142504,159443,167454,174676,223359,210265,202040,138571,163127,177956,185714,224361,247356,241874,248188,259899
 "28149","Warren, MS",5,CAGDP2,90,"31-33,51","Manufacturing and information ","Thousands of dollars",293408,288301,408106,406401,592263,616016,487435,700573,485695,335873,374867,495623,338071,345068,352623,353641,486517,561299,536485,457725,673066,930173
 "28149","Warren, MS",5,CAGDP2,91,"...","Private goods-producing industries 2/","Thousands of dollars",343635,308367,446180,435882,624051,665723,550013,815731,534410,368023,426153,534333,373052,354565,360123,381759,518815,588476,560998,484174,700356,951985
 "28149","Warren, MS",5,CAGDP2,92,"...","Private services-providing industries 3/","Thousands of dollars",938858,954785,932632,961746,1011713,1014460,1003779,1090536,1083337,1112888,1168006,1185498,1189932,1131532,1158775,1194151,1156209,1243183,1255402,1275106,1369625,1483554
 "28151","Washington, MS",5,CAGDP2,1,"...","All industry total ","Thousands of dollars",1359503,1323579,1428484,1486259,1415147,1425066,1453519,1511671,1431978,1540838,1517273,1598232,1646995,1523298,1542539,1541731,1492098,1497222,1486203,1534221,1665929,1633903
 "28151","Washington, MS",5,CAGDP2,2,"..."," Private industries ","Thousands of dollars",1147022,1100695,1186231,1231296,1130281,1142191,1152245,1198342,1124021,1230002,1215844,1300335,1345347,1233000,1249383,1248622,1197217,1205286,1189056,1233678,1355817,1340117
 "28151","Washington, MS",5,CAGDP2,3,"11","  Agriculture, forestry, fishing and hunting ","Thousands of dollars",52084,28462,92115,110294,76597,59715,103223,46615,45979,56434,59416,125859,120257,29523,21349,19830,22894,13127,11778,37565,94683,12068
 "28151","Washington, MS",5,CAGDP2,6,"21","  Mining, quarrying, and oil and gas extraction ","Thousands of dollars",1658,1618,1940,3034,2752,2989,4733,3514,2961,2098,2135,1664,1411,1606,1343,1559,2603,3439,4150,3862,2560,2481
 "28151","Washington, MS",5,CAGDP2,10,"22","  Utilities ","Thousands of dollars",62540,69651,66096,76742,29248,43647,46981,42954,12363,66397,64745,56879,57015,4207,21193,26374,22496,39264,24299,47043,19399,11998
 "28151","Washington, MS",5,CAGDP2,11,"23","  Construction ","Thousands of dollars",27007,23692,25533,27602,30234,39755,39450,44610,31602,40438,42891,41668,38226,37349,37104,36779,31038,31421,29698,25560,29298,33556
 "28151","Washington, MS",5,CAGDP2,12,"31-33","  Manufacturing ","Thousands of dollars",204260,171442,190616,170376,149711,162562,161840,169246,136377,137178,116850,130835,148806,153977,142874,139071,127817,116592,120839,121268,126547,133987
 "28151","Washington, MS",5,CAGDP2,13,"321,327-339","   Durable goods manufacturing ","Thousands of dollars",117178,97768,115158,111670,99945,105004,104991,97913,70685,88679,70336,81262,81563,79470,75794,74627,66880,64268,75371,72289,74584,79507
 "28151","Washington, MS",5,CAGDP2,25,"311-316,322-326","   Nondurable goods manufacturing ","Thousands of dollars",87083,73674,75458,58706,49767,57558,56849,71333,65692,48500,46514,49573,67243,74507,67080,64444,60936,52324,45468,48979,51963,54480
 "28151","Washington, MS",5,CAGDP2,34,"42","  Wholesale trade ","Thousands of dollars",88395,85232,85778,103871,108178,112616,122444,127097,124023,129674,130295,134741,138191,151398,168953,157915,144861,137862,142302,150311,163668,170024
 "28151","Washington, MS",5,CAGDP2,35,"44-45","  Retail trade ","Thousands of dollars",124408,127196,136845,137672,139672,135901,128616,130876,123086,125014,127580,137785,144655,145696,140489,142816,144281,143332,145794,154798,169581,176440
 "28151","Washington, MS",5,CAGDP2,36,"48-49","  Transportation and warehousing ","Thousands of dollars",66402,55836,64192,70076,58362,69993,77194,87368,87369,93514,89903,79865,75063,71212,71899,68973,70612,81174,75429,68783,67519,72379
 "28151","Washington, MS",5,CAGDP2,45,"51","  Information ","Thousands of dollars",39688,52980,53020,52057,50033,47357,45587,47229,45273,47347,46842,48293,53962,50435,56750,56145,53326,47254,46478,41968,41472,44037
 "28151","Washington, MS",5,CAGDP2,50,"52,53","  Finance, insurance, real estate, rental, and leasing ","Thousands of dollars",196024,197982,191459,193555,207359,197000,133005,179103,193194,193460,189666,195655,221530,234626,227097,230280,203408,217578,207914,223794,256277,263998
 "28151","Washington, MS",5,CAGDP2,51,"52","   Finance and insurance ","Thousands of dollars",47164,48174,47527,47759,52174,46682,49464,48153,49419,49971,53271,56018,57463,65483,65539,66268,56188,57356,59224,64111,67357,66410
 "28151","Washington, MS",5,CAGDP2,56,"53","   Real estate and rental and leasing ","Thousands of dollars",148860,149808,143932,145796,155185,150319,83541,130950,143775,143489,136394,139637,164067,169143,161557,164013,147219,160222,148690,159683,188920,197587
 "28151","Washington, MS",5,CAGDP2,59,"54,55,56","  Professional and business services ","Thousands of dollars",69782,77490,78462,80274,80462,77778,80432,87855,84112,91775,98001,93102,93288,91140,88430,92055,93995,96677,93608,89048,94552,101033
 "28151","Washington, MS",5,CAGDP2,60,"54","   Professional, scientific, and technical services ","Thousands of dollars",40943,44610,40641,41864,42599,43008,43604,47766,44809,47689,52133,50755,50717,50024,49282,48536,48150,47137,46663,42314,42914,49448
 "28151","Washington, MS",5,CAGDP2,64,"55","   Management of companies and enterprises ","Thousands of dollars",5271,5535,6700,6850,7482,7862,8121,10640,9714,10151,10257,11732,12016,10803,9989,10736,11172,12673,13446,14126,14622,13418
 "28151","Washington, MS",5,CAGDP2,65,"56","   Administrative and support and waste management and remediation services ","Thousands of dollars",23568,27345,31121,31561,30380,26907,28707,29449,29590,33935,35612,30615,30555,30313,29158,32783,34674,36867,33498,32607,37016,38167
 "28151","Washington, MS",5,CAGDP2,68,"61,62","  Educational services, health care, and social assistance ","Thousands of dollars",91015,94212,93966,96698,88670,86929,89078,92891,93826,97214,99681,104397,108146,114871,121930,124444,124579,121168,127474,123252,126398,138819
 "28151","Washington, MS",5,CAGDP2,69,"61","   Educational services ","Thousands of dollars",10812,10700,11456,12236,11834,12553,13275,13580,13319,13695,13721,14533,14938,15302,13509,13353,11593,10617,10121,9447,9427,9437
 "28151","Washington, MS",5,CAGDP2,70,"62","   Health care and social assistance ","Thousands of dollars",80203,83512,82510,84463,76836,74376,75803,79311,80507,83518,85960,89864,93209,99569,108421,111090,112986,110551,117353,113805,116972,129382
 "28151","Washington, MS",5,CAGDP2,75,"71,72","  Arts, entertainment, recreation, accommodation, and food services ","Thousands of dollars",73503,65175,61058,64597,62350,58070,69718,88540,90008,94065,87261,84135,78759,80036,84510,85887,88422,89265,89732,76201,93813,104412
 "28151","Washington, MS",5,CAGDP2,76,"71","   Arts, entertainment, and recreation ","Thousands of dollars",44289,33941,30526,31401,31062,28384,34796,39885,41009,38805,30367,23105,17066,18413,20168,22576,24062,25326,25235,19004,24406,27066
 "28151","Washington, MS",5,CAGDP2,79,"72","   Accommodation and food services ","Thousands of dollars",29214,31235,30532,33196,31288,29687,34922,48655,49000,55260,56893,61031,61693,61624,64343,63311,64360,63938,64497,57197,69407,77346
 "28151","Washington, MS",5,CAGDP2,82,"81","  Other services (except government and government enterprises) ","Thousands of dollars",50255,49727,45149,44447,46653,47879,49944,50444,53847,55395,60579,65456,66038,66925,65462,66493,66885,67134,69562,70225,70049,74886
 "28151","Washington, MS",5,CAGDP2,83,"92","Government and government enterprises ","Thousands of dollars",212481,222884,242253,254964,284867,282875,301274,313329,307957,310836,301429,297897,301649,290298,293156,293108,294881,291936,297147,300543,310113,293786
 "28151","Washington, MS",5,CAGDP2,87,"11,21","Natural resources and mining ","Thousands of dollars",53742,30080,94056,113328,79349,62704,107956,50128,48940,58532,61551,127523,121669,31128,22692,21389,25497,16566,15927,41427,97242,14549
 "28151","Washington, MS",5,CAGDP2,88,"42,44-45","Trade ","Thousands of dollars",212804,212428,222623,241543,247850,248517,251059,257973,247109,254688,257874,272526,282845,297094,309442,300730,289142,281193,288096,305110,333249,346464
 "28151","Washington, MS",5,CAGDP2,89,"22,48-49","Transportation and utilities ","Thousands of dollars",128942,125487,130288,146818,87610,113640,124176,130323,99732,159911,154648,136744,132077,75420,93092,95348,93108,120438,99728,115826,86918,84376
 "28151","Washington, MS",5,CAGDP2,90,"31-33,51","Manufacturing and information ","Thousands of dollars",243948,224422,243636,222433,199744,209919,207427,216475,181650,184526,163692,179129,202768,204411,199624,195216,181142,163846,167317,163236,168019,178024
 "28151","Washington, MS",5,CAGDP2,91,"...","Private goods-producing industries 2/","Thousands of dollars",285009,225214,310205,311307,259294,265021,309246,263984,216919,236149,221292,300026,308701,222454,202670,197240,184352,164579,166465,188255,253087,182092
 "28151","Washington, MS",5,CAGDP2,92,"...","Private services-providing industries 3/","Thousands of dollars",862013,875480,876025,919989,870986,877170,842999,934358,907102,993853,994552,1000309,1036646,1010546,1046713,1051383,1012865,1040707,1022592,1045423,1102729,1158025
 "28153","Wayne, MS",5,CAGDP2,1,"...","All industry total ","Thousands of dollars",346115,352701,372550,431061,443274,457838,489370,588051,539699,588664,572744,655261,682412,715742,634213,607112,636063,676710,633835,574423,745711,874426
 "28153","Wayne, MS",5,CAGDP2,2,"..."," Private industries ","Thousands of dollars",301599,305581,320210,375618,383011,397192,424474,521130,471762,521268,504849,586182,609890,639520,555728,525013,551604,592449,544829,485707,655648,780790
 "28153","Wayne, MS",5,CAGDP2,3,"11","  Agriculture, forestry, fishing and hunting ","Thousands of dollars",36146,39878,39546,76717,59197,31786,38986,68596,66412,86023,6722,62896,85132,147812,130890,105940,144916,148017,106517,43666,116175,192472
 "28153","Wayne, MS",5,CAGDP2,6,"21","  Mining, quarrying, and oil and gas extraction ","Thousands of dollars",23352,20013,23060,29723,30632,48384,89441,141582,105875,113685,147435,165244,153294,117434,52402,34347,44963,60474,53411,41781,92738,113230
 "28153","Wayne, MS",5,CAGDP2,10,"22","  Utilities ","Thousands of dollars",1145,1230,1235,1620,1642,1770,1720,1857,1883,1932,2002,1888,2081,2208,2122,2281,2174,2352,2366,2360,2477,2417
 "28153","Wayne, MS",5,CAGDP2,11,"23","  Construction ","Thousands of dollars",27289,24907,28288,28420,30788,33839,33337,36021,30586,34622,38391,36273,35453,33944,22925,10610,9930,10189,9925,10221,11890,11704
 "28153","Wayne, MS",5,CAGDP2,12,"31-33","  Manufacturing ","Thousands of dollars",50980,49497,51884,55623,56684,63673,66512,62242,52085,54641,52582,49262,60993,65656,67684,68091,54860,56893,50291,56431,70300,77230
 "28153","Wayne, MS",5,CAGDP2,13,"321,327-339","   Durable goods manufacturing ","Thousands of dollars",42613,41096,(D),(D),(D),(D),57016,53126,40356,41995,40135,38275,44998,48599,47780,45856,39917,40293,37130,42001,55375,60902
 "28153","Wayne, MS",5,CAGDP2,25,"311-316,322-326","   Nondurable goods manufacturing ","Thousands of dollars",8368,8402,(D),(D),(D),(D),9496,9116,11729,12646,12447,10987,15995,17057,19904,22235,14942,16600,13160,14430,14925,16328
 "28153","Wayne, MS",5,CAGDP2,34,"42","  Wholesale trade ","Thousands of dollars",19840,20936,24554,29920,36414,39151,38501,39112,37685,37878,39548,42006,41625,40820,43251,53763,55949,54991,54657,54846,74473,81440
 "28153","Wayne, MS",5,CAGDP2,35,"44-45","  Retail trade ","Thousands of dollars",35747,38417,38910,35692,35694,39029,39177,36556,36118,37291,44320,46890,44284,45520,45059,49000,49786,51113,57194,57859,64050,68382
 "28153","Wayne, MS",5,CAGDP2,36,"48-49","  Transportation and warehousing ","Thousands of dollars",7127,6824,8091,9687,11809,11478,13275,13112,10940,12125,13827,15028,15081,17287,18467,33045,34711,39762,43934,32578,36833,39952
 "28153","Wayne, MS",5,CAGDP2,45,"51","  Information ","Thousands of dollars",3885,3140,3017,3161,4453,4649,4394,5160,5489,5819,5413,4721,4982,4108,4678,4577,4686,5216,6224,6049,6222,6326
 "28153","Wayne, MS",5,CAGDP2,50,"52,53","  Finance, insurance, real estate, rental, and leasing ","Thousands of dollars",53996,58512,58213,58294,66489,68937,44549,61789,70189,73845,90018,93421,97226,92944,95535,92247,79310,90677,83095,104930,97825,97868
 "28153","Wayne, MS",5,CAGDP2,51,"52","   Finance and insurance ","Thousands of dollars",16680,17041,17955,17587,17949,18848,19517,18486,17725,18198,19553,23205,23171,25183,25049,24575,21623,20311,21075,22511,23526,23049
 "28153","Wayne, MS",5,CAGDP2,56,"53","   Real estate and rental and leasing ","Thousands of dollars",37316,41471,40258,40707,48541,50089,25032,43303,52464,55647,70465,70216,74055,67761,70485,67672,57688,70366,62020,82419,74299,74819
 "28153","Wayne, MS",5,CAGDP2,59,"54,55,56","  Professional and business services ","Thousands of dollars",11434,11287,12384,13515,15297,18148,18041,18502,17852,22434,22666,24180,25420,25267,24663,24421,24765,26531,27244,26900,31512,36127
 "28153","Wayne, MS",5,CAGDP2,60,"54","   Professional, scientific, and technical services ","Thousands of dollars",(D),(D),3053,3514,(D),4023,4206,5224,4661,4967,5573,7124,7324,8300,7546,6818,7267,8354,10005,8075,8384,10077
 "28153","Wayne, MS",5,CAGDP2,64,"55","   Management of companies and enterprises ","Thousands of dollars",5755,6284,7080,7729,7956,8491,9028,8870,9317,10874,10969,11707,12063,11944,12692,12949,13495,14054,12789,12912,14433,16597
 "28153","Wayne, MS",5,CAGDP2,65,"56","   Administrative and support and waste management and remediation services ","Thousands of dollars",(D),(D),2251,2273,(D),5634,4807,4408,3873,6593,6123,5349,6033,5023,4425,4654,4003,4123,4450,5914,8695,9454
 "28153","Wayne, MS",5,CAGDP2,68,"61,62","  Educational services, health care, and social assistance ","Thousands of dollars",12571,12619,12478,13451,13365,14199,14294,14758,14496,17012,17570,18064,17675,18090,18294,17767,17799,18268,19687,18400,18787,17029
 "28153","Wayne, MS",5,CAGDP2,69,"61","   Educational services ","Thousands of dollars",(D),(D),(D),(D),(D),(D),(D),(D),(D),(D),(D),(D),(D),(D),(D),(D),(D),(D),(D),(D),(D),(D)
 "28153","Wayne, MS",5,CAGDP2,70,"62","   Health care and social assistance ","Thousands of dollars",(D),(D),(D),(D),(D),(D),(D),(D),(D),(D),(D),(D),(D),(D),(D),(D),(D),(D),(D),(D),(D),(D)
 "28153","Wayne, MS",5,CAGDP2,75,"71,72","  Arts, entertainment, recreation, accommodation, and food services ","Thousands of dollars",6147,5880,6673,7516,7428,7979,8112,8578,8645,9230,9123,9369,9290,9240,9723,10060,10408,11242,12771,12457,14795,16259
 "28153","Wayne, MS",5,CAGDP2,76,"71","   Arts, entertainment, and recreation ","Thousands of dollars",(D),(D),(D),(D),(D),(D),(D),(D),(D),(D),(D),(D),(D),(D),(D),(D),(D),(D),(D),(D),(D),(D)
 "28153","Wayne, MS",5,CAGDP2,79,"72","   Accommodation and food services ","Thousands of dollars",(D),(D),(D),(D),(D),(D),(D),(D),(D),(D),(D),(D),(D),(D),(D),(D),(D),(D),(D),(D),(D),(D)
 "28153","Wayne, MS",5,CAGDP2,82,"81","  Other services (except government and government enterprises) ","Thousands of dollars",11939,12441,11875,12279,13119,14171,14134,13265,13507,14731,15231,16940,17354,19191,20036,18864,17347,16724,17515,17227,17573,20354
 "28153","Wayne, MS",5,CAGDP2,83,"92","Government and government enterprises ","Thousands of dollars",44516,47120,52340,55442,60263,60646,64895,66920,67937,67396,67895,69079,72523,76221,78486,82099,84459,84262,89007,88716,90062,93637
 "28153","Wayne, MS",5,CAGDP2,87,"11,21","Natural resources and mining ","Thousands of dollars",59498,59892,62606,106440,89829,80170,128427,210178,172288,199708,154157,228140,238427,265246,183292,140288,189879,208491,159927,85448,208912,305701
 "28153","Wayne, MS",5,CAGDP2,88,"42,44-45","Trade ","Thousands of dollars",55588,59354,63464,65612,72108,78180,77678,75668,73803,75169,83868,88896,85909,86340,88310,102763,105735,106104,111851,112705,138524,149823
 "28153","Wayne, MS",5,CAGDP2,89,"22,48-49","Transportation and utilities ","Thousands of dollars",8272,8054,9326,11307,13451,13248,14995,14969,12823,14057,15829,16916,17162,19495,20589,35326,36885,42114,46300,34938,39310,42369
 "28153","Wayne, MS",5,CAGDP2,90,"31-33,51","Manufacturing and information ","Thousands of dollars",54865,52637,54901,58784,61137,68322,70906,67402,57574,60460,57995,53983,65975,69764,72362,72668,59546,62109,56515,62480,76522,83556
 "28153","Wayne, MS",5,CAGDP2,91,"...","Private goods-producing industries 2/","Thousands of dollars",137767,134296,142779,190483,177301,177681,228277,308440,254959,288971,245130,313675,334873,364845,273901,218988,254669,275573,220143,152100,291102,394635
 "28153","Wayne, MS",5,CAGDP2,92,"...","Private services-providing industries 3/","Thousands of dollars",163831,171285,177431,185135,205710,219511,196198,212690,216804,232297,259719,272507,275017,274675,281827,306025,296935,316876,324686,333607,364547,386155
 "28155","Webster, MS",5,CAGDP2,1,"...","All industry total ","Thousands of dollars",138494,123878,126278,138212,146442,147953,158885,160310,157012,168275,187001,160267,171712,164050,163312,174187,181348,187175,196869,200493,218115,237506
 "28155","Webster, MS",5,CAGDP2,2,"..."," Private industries ","Thousands of dollars",120754,105284,106402,117475,124213,125558,134985,134915,131659,143331,162641,136006,147221,138949,138025,148383,154915,160209,168298,171072,187968,205871
 "28155","Webster, MS",5,CAGDP2,3,"11","  Agriculture, forestry, fishing and hunting ","Thousands of dollars",12265,8729,14644,14535,14764,11964,9441,4691,7000,12472,18861,4890,12731,5430,4833,5375,4157,4564,(D),6335,10067,7328
 "28155","Webster, MS",5,CAGDP2,6,"21","  Mining, quarrying, and oil and gas extraction ","Thousands of dollars",0,0,0,0,0,0,0,0,0,0,0,138,137,6,0,0,0,0,0,0,0,(D)
 "28155","Webster, MS",5,CAGDP2,10,"22","  Utilities ","Thousands of dollars",766,811,828,866,(D),(D),(D),(D),859,(D),908,(D),(D),(D),1072,1176,(D),(D),1290,(D),(D),1174
 "28155","Webster, MS",5,CAGDP2,11,"23","  Construction ","Thousands of dollars",6428,8916,7917,6718,5902,7195,6284,7158,10541,11860,12413,8534,8409,7459,7458,7552,7928,6741,9413,8808,10081,10744
 "28155","Webster, MS",5,CAGDP2,12,"31-33","  Manufacturing ","Thousands of dollars",35806,18450,14409,21849,24088,23875,42308,38991,30168,36225,36766,24641,19849,19057,20594,21770,24774,24548,(D),25675,26685,(D)
 "28155","Webster, MS",5,CAGDP2,13,"321,327-339","   Durable goods manufacturing ","Thousands of dollars",(D),(D),13462,(D),(D),(D),(D),(D),(D),(D),(D),(D),17444,17017,18853,21007,24656,24321,25140,(D),(D),37874
 "28155","Webster, MS",5,CAGDP2,25,"311-316,322-326","   Nondurable goods manufacturing ","Thousands of dollars",(D),(D),948,(D),(D),(D),(D),(D),(D),(D),(D),(D),2405,2040,1741,763,118,227,(D),(D),(D),(D)
 "28155","Webster, MS",5,CAGDP2,34,"42","  Wholesale trade ","Thousands of dollars",2803,3922,4937,5759,5696,5567,5820,4788,3852,3770,(D),3160,3153,2837,2836,(D),(D),(D),(D),(D),(D),(D)
 "28155","Webster, MS",5,CAGDP2,35,"44-45","  Retail trade ","Thousands of dollars",10448,10831,10772,11040,12330,13078,12854,12837,11601,10909,10533,10505,11444,11357,10783,11083,13079,14794,16051,18982,20348,20750
 "28155","Webster, MS",5,CAGDP2,36,"48-49","  Transportation and warehousing ","Thousands of dollars",4044,4455,4841,5301,5959,5753,6370,4138,2913,3332,5481,3886,6757,4481,4023,(D),5218,6994,7120,6145,7056,8326
 "28155","Webster, MS",5,CAGDP2,45,"51","  Information ","Thousands of dollars",(D),(D),(D),(D),(D),(D),(D),(D),(D),(D),(D),(D),(D),(D),297,189,13,120,159,171,41,31
 "28155","Webster, MS",5,CAGDP2,50,"52,53","  Finance, insurance, real estate, rental, and leasing ","Thousands of dollars",22289,22605,22773,22319,23383,22955,14787,21869,22012,21055,29387,33224,35249,37966,35893,44321,42068,40061,(D),40731,44394,(D)
 "28155","Webster, MS",5,CAGDP2,51,"52","   Finance and insurance ","Thousands of dollars",6238,(D),(D),6672,7104,6100,6584,6176,(D),6020,(D),(D),6233,6978,6832,7441,6931,(D),(D),(D),(D),(D)
 "28155","Webster, MS",5,CAGDP2,56,"53","   Real estate and rental and leasing ","Thousands of dollars",16051,(D),(D),15647,16279,16855,8203,15692,(D),15035,(D),(D),29016,30988,29061,36880,35137,(D),32037,(D),(D),37750
 "28155","Webster, MS",5,CAGDP2,59,"54,55,56","  Professional and business services ","Thousands of dollars",3052,3126,3499,(D),4149,4441,5087,6504,7806,7076,8538,8878,10837,10560,10029,9238,8748,8671,10507,9336,9060,10713
 "28155","Webster, MS",5,CAGDP2,60,"54","   Professional, scientific, and technical services ","Thousands of dollars",1773,1963,2295,2378,2496,2756,3122,3694,(D),3701,(D),(D),(D),(D),(D),(D),(D),(D),(D),(D),(D),(D)
 "28155","Webster, MS",5,CAGDP2,64,"55","   Management of companies and enterprises ","Thousands of dollars",(D),0,0,0,0,0,0,0,0,0,0,0,0,0,0,0,0,0,0,0,0,0
 "28155","Webster, MS",5,CAGDP2,65,"56","   Administrative and support and waste management and remediation services ","Thousands of dollars",(D),1163,1205,(D),1653,1685,1965,2811,(D),3375,(D),(D),(D),(D),(D),(D),(D),(D),(D),(D),(D),(D)
 "28155","Webster, MS",5,CAGDP2,68,"61,62","  Educational services, health care, and social assistance ","Thousands of dollars",13222,13447,12835,15954,16818,18797,19567,20396,22830,23160,23629,24256,24235,24911,26595,27641,28870,31983,31873,31503,34531,33339
 "28155","Webster, MS",5,CAGDP2,69,"61","   Educational services ","Thousands of dollars",(D),(D),(D),(D),(D),(D),(D),(D),(D),(D),(D),(D),(D),(D),(D),(D),(D),(D),(D),(D),(D),(D)
 "28155","Webster, MS",5,CAGDP2,70,"62","   Health care and social assistance ","Thousands of dollars",(D),(D),(D),(D),(D),(D),(D),(D),(D),(D),(D),(D),(D),(D),(D),(D),(D),(D),(D),(D),(D),(D)
 "28155","Webster, MS",5,CAGDP2,75,"71,72","  Arts, entertainment, recreation, accommodation, and food services ","Thousands of dollars",(D),(D),(D),1477,(D),(D),(D),(D),2508,(D),2959,3340,(D),(D),3792,3302,(D),(D),3589,3667,4748,6060
 "28155","Webster, MS",5,CAGDP2,76,"71","   Arts, entertainment, and recreation ","Thousands of dollars",(D),(D),(D),(D),(D),(D),(D),(D),(D),(D),(D),(D),(D),(D),(D),(D),(D),(D),(D),4,6,13
 "28155","Webster, MS",5,CAGDP2,79,"72","   Accommodation and food services ","Thousands of dollars",(D),(D),(D),(D),(D),(D),(D),(D),(D),(D),(D),(D),(D),(D),(D),(D),(D),(D),(D),3663,4742,6047
 "28155","Webster, MS",5,CAGDP2,82,"81","  Other services (except government and government enterprises) ","Thousands of dollars",7818,8099,7053,7299,8092,8568,8850,8609,(D),8631,8791,8818,8985,9605,9819,9535,11405,12355,13245,12235,12291,15190
 "28155","Webster, MS",5,CAGDP2,83,"92","Government and government enterprises ","Thousands of dollars",17739,18593,19876,20737,22230,22395,23900,25395,25353,24944,24360,24260,24491,25102,25287,25803,26433,26966,28571,29421,30147,31635
 "28155","Webster, MS",5,CAGDP2,87,"11,21","Natural resources and mining ","Thousands of dollars",12265,8729,14644,14535,14764,11964,9441,4691,7000,12472,18861,5028,12868,5436,4833,5375,4157,4564,(D),6335,10067,(D)
 "28155","Webster, MS",5,CAGDP2,88,"42,44-45","Trade ","Thousands of dollars",13250,14753,15709,16799,18026,18645,18674,17626,15453,14679,(D),13664,14597,14195,13619,(D),(D),(D),(D),(D),(D),(D)
 "28155","Webster, MS",5,CAGDP2,89,"22,48-49","Transportation and utilities ","Thousands of dollars",4810,5266,5669,6167,(D),(D),(D),(D),3772,(D),6389,(D),(D),(D),5095,(D),(D),(D),8410,(D),(D),9500
 "28155","Webster, MS",5,CAGDP2,90,"31-33,51","Manufacturing and information ","Thousands of dollars",(D),(D),(D),(D),(D),(D),(D),(D),(D),(D),(D),(D),(D),(D),20891,21959,24787,24668,(D),25846,26726,(D)
 "28155","Webster, MS",5,CAGDP2,91,"...","Private goods-producing industries 2/","Thousands of dollars",54499,36095,36971,43102,44754,43034,58033,50841,47709,60557,68040,38203,41125,31952,32885,34697,36859,35853,39101,40818,46833,56254
 "28155","Webster, MS",5,CAGDP2,92,"...","Private services-providing industries 3/","Thousands of dollars",66255,69189,69431,74373,79459,82524,76951,84075,83950,82773,94600,97804,106096,106997,105140,113686,118056,124356,129197,130254,141135,149617
 "28157","Wilkinson, MS",5,CAGDP2,1,"...","All industry total ","Thousands of dollars",126516,129480,135313,143792,143684,146442,132599,152553,161905,168495,167044,174951,165684,154641,146282,147944,146545,148709,152120,155888,178223,185618
 "28157","Wilkinson, MS",5,CAGDP2,2,"..."," Private industries ","Thousands of dollars",104676,104349,107027,114765,113156,116363,99717,118267,127324,134721,134018,142610,132901,121990,112758,113869,111297,113440,116282,120393,140961,146484
 "28157","Wilkinson, MS",5,CAGDP2,3,"11","  Agriculture, forestry, fishing and hunting ","Thousands of dollars",4282,4204,6183,9439,9311,10277,5012,2403,3840,3618,3639,6562,10819,6290,3506,2550,2256,2520,3508,4860,5157,3875
 "28157","Wilkinson, MS",5,CAGDP2,6,"21","  Mining, quarrying, and oil and gas extraction ","Thousands of dollars",1192,1488,2504,3815,2911,4208,5126,5713,3837,4697,5953,7117,5656,6066,2345,2137,226,0,0,0,0,0
 "28157","Wilkinson, MS",5,CAGDP2,10,"22","  Utilities ","Thousands of dollars",135,161,220,327,344,391,342,426,426,424,506,503,525,563,611,703,709,833,911,891,923,881
 "28157","Wilkinson, MS",5,CAGDP2,11,"23","  Construction ","Thousands of dollars",848,2215,(D),3489,3201,2424,2731,2384,3025,3520,2434,1885,1402,633,877,681,1070,1401,1371,1955,(D),990
 "28157","Wilkinson, MS",5,CAGDP2,12,"31-33","  Manufacturing ","Thousands of dollars",8022,7047,(D),11651,10210,10453,10442,8765,8741,10613,11627,10136,12402,11926,11689,13407,11937,13254,10622,14033,(D),27545
 "28157","Wilkinson, MS",5,CAGDP2,13,"321,327-339","   Durable goods manufacturing ","Thousands of dollars",(D),(D),(D),(D),(D),(D),(D),(D),(D),(D),(D),(D),(D),(D),11635,13380,11857,13210,10529,13961,(D),(D)
 "28157","Wilkinson, MS",5,CAGDP2,25,"311-316,322-326","   Nondurable goods manufacturing ","Thousands of dollars",(D),(D),(D),(D),(D),(D),(D),(D),(D),(D),(D),(D),(D),(D),54,28,80,44,93,72,(D),(D)
 "28157","Wilkinson, MS",5,CAGDP2,34,"42","  Wholesale trade ","Thousands of dollars",14098,14696,14630,11359,8353,7666,7991,8418,8399,9002,8191,8432,8068,8225,7780,7139,8677,9658,12312,12545,12027,12103
 "28157","Wilkinson, MS",5,CAGDP2,35,"44-45","  Retail trade ","Thousands of dollars",11169,11599,12297,12776,11794,11600,10370,10355,11045,10701,10920,11550,12130,11259,11046,12077,12821,13573,15244,16522,16457,16666
 "28157","Wilkinson, MS",5,CAGDP2,36,"48-49","  Transportation and warehousing ","Thousands of dollars",2532,2214,2000,2525,2559,2344,2469,2393,2848,3037,3623,4246,4147,4320,4103,3720,4167,4291,4639,5134,5706,7456
 "28157","Wilkinson, MS",5,CAGDP2,45,"51","  Information ","Thousands of dollars",(D),(D),(D),(D),(D),(D),(D),(D),(D),(D),(D),(D),(D),(D),(D),(D),(D),(D),(D),(D),(D),(D)
 "28157","Wilkinson, MS",5,CAGDP2,50,"52,53","  Finance, insurance, real estate, rental, and leasing ","Thousands of dollars",30115,30397,29652,28040,29966,30217,17220,29904,33604,34147,32247,40396,39234,39795,38961,41301,41295,40592,40657,37681,40506,41794
 "28157","Wilkinson, MS",5,CAGDP2,51,"52","   Finance and insurance ","Thousands of dollars",6884,6698,6454,5837,5624,5315,5723,5698,5294,5152,5464,5875,5796,6558,6319,6156,5143,5340,5724,5613,5770,5516
 "28157","Wilkinson, MS",5,CAGDP2,56,"53","   Real estate and rental and leasing ","Thousands of dollars",23231,23699,23197,22203,24342,24902,11497,24206,28309,28995,26783,34522,33438,33237,32642,35146,36153,35252,34933,32068,34736,36278
 "28157","Wilkinson, MS",5,CAGDP2,59,"54,55,56","  Professional and business services ","Thousands of dollars",(D),(D),(D),(D),(D),(D),(D),(D),(D),(D),(D),(D),21639,(D),(D),(D),12978,(D),(D),(D),15410,13395
 "28157","Wilkinson, MS",5,CAGDP2,60,"54","   Professional, scientific, and technical services ","Thousands of dollars",848,883,888,1032,1197,1682,2107,2537,2590,2643,1757,1802,(D),1624,1481,1351,(D),1273,1223,1241,(D),(D)
 "28157","Wilkinson, MS",5,CAGDP2,64,"55","   Management of companies and enterprises ","Thousands of dollars",0,0,0,0,0,0,0,0,0,0,0,0,0,0,0,0,0,0,0,0,0,0
 "28157","Wilkinson, MS",5,CAGDP2,65,"56","   Administrative and support and waste management and remediation services ","Thousands of dollars",(D),(D),(D),(D),(D),(D),(D),(D),(D),(D),(D),(D),(D),(D),(D),(D),(D),(D),(D),(D),(D),(D)
 "28157","Wilkinson, MS",5,CAGDP2,68,"61,62","  Educational services, health care, and social assistance ","Thousands of dollars",11812,10488,10834,8765,8152,9445,9853,11379,12172,12211,12083,11259,10963,10772,9704,9047,8839,8529,7426,6824,7554,12514
 "28157","Wilkinson, MS",5,CAGDP2,69,"61","   Educational services ","Thousands of dollars",(D),(D),(D),(D),(D),(D),(D),(D),(D),(D),(D),(D),(D),(D),(D),(D),(D),(D),(D),(D),(D),(D)
 "28157","Wilkinson, MS",5,CAGDP2,70,"62","   Health care and social assistance ","Thousands of dollars",(D),(D),(D),(D),(D),(D),(D),(D),(D),(D),(D),(D),(D),(D),(D),(D),(D),(D),(D),(D),(D),(D)
 "28157","Wilkinson, MS",5,CAGDP2,75,"71,72","  Arts, entertainment, recreation, accommodation, and food services ","Thousands of dollars",1041,1193,1771,2229,2539,2770,2458,2632,2280,2184,2030,1802,2187,2013,2152,1977,2081,2109,2703,2602,(D),3887
 "28157","Wilkinson, MS",5,CAGDP2,76,"71","   Arts, entertainment, and recreation ","Thousands of dollars",(D),(D),(D),(D),(D),(D),(D),(D),(D),(D),(D),446,586,(D),316,283,(D),(D),(D),(D),(D),(D)
 "28157","Wilkinson, MS",5,CAGDP2,79,"72","   Accommodation and food services ","Thousands of dollars",(D),(D),(D),(D),(D),(D),(D),(D),(D),(D),(D),1356,1601,(D),1837,1694,(D),(D),(D),(D),(D),(D)
 "28157","Wilkinson, MS",5,CAGDP2,82,"81","  Other services (except government and government enterprises) ","Thousands of dollars",3937,4010,3925,4185,4258,4541,4676,4968,4670,3877,3965,3358,(D),3967,4382,4508,(D),3986,3961,4495,4519,(D)
 "28157","Wilkinson, MS",5,CAGDP2,83,"92","Government and government enterprises ","Thousands of dollars",21840,25132,28286,29027,30528,30080,32882,34286,34581,33774,33026,32341,32784,32652,33524,34075,35248,35270,35838,35495,37262,39133
 "28157","Wilkinson, MS",5,CAGDP2,87,"11,21","Natural resources and mining ","Thousands of dollars",5475,5692,8687,13253,12222,14485,10137,8115,7676,8314,9592,13679,16475,12356,5851,4687,2482,2520,3508,4860,5157,3875
 "28157","Wilkinson, MS",5,CAGDP2,88,"42,44-45","Trade ","Thousands of dollars",25267,26294,26927,24135,20148,19266,18361,18773,19444,19703,19112,19982,20198,19484,18825,19216,21498,23231,27556,29067,28484,28769
 "28157","Wilkinson, MS",5,CAGDP2,89,"22,48-49","Transportation and utilities ","Thousands of dollars",2667,2375,2220,2852,2903,2735,2811,2819,3274,3461,4128,4749,4671,4883,4714,4424,4876,5124,5550,6025,6629,8337
 "28157","Wilkinson, MS",5,CAGDP2,90,"31-33,51","Manufacturing and information ","Thousands of dollars",(D),(D),9977,(D),(D),(D),(D),(D),(D),(D),(D),(D),(D),(D),(D),(D),(D),(D),(D),(D),27734,(D)
 "28157","Wilkinson, MS",5,CAGDP2,91,"...","Private goods-producing industries 2/","Thousands of dollars",14344,14954,19836,28393,25633,27361,23310,19264,19442,22447,23652,25699,30279,24916,18417,18775,15489,17174,15502,20848,34309,32411
 "28157","Wilkinson, MS",5,CAGDP2,92,"...","Private services-providing industries 3/","Thousands of dollars",90332,89395,87191,86371,87523,89002,76407,99003,107882,112274,110367,116910,102621,97074,94341,95094,95808,96265,100781,99544,106652,114074
 "28159","Winston, MS",5,CAGDP2,1,"...","All industry total ","Thousands of dollars",312812,324521,358950,402827,410506,441199,427226,458353,379915,448823,425238,445607,478247,491572,478981,490634,521288,531369,522239,498510,573462,630677
 "28159","Winston, MS",5,CAGDP2,2,"..."," Private industries ","Thousands of dollars",279712,289544,322205,364321,370478,400461,383855,413240,334345,402472,381127,401546,432448,443230,431513,441728,471959,480805,469943,444517,517063,570877
 "28159","Winston, MS",5,CAGDP2,3,"11","  Agriculture, forestry, fishing and hunting ","Thousands of dollars",13756,9183,11743,19871,18796,14156,15277,19789,22244,29220,8132,32079,49404,70527,48149,41187,50634,43655,39264,26448,50769,66840
 "28159","Winston, MS",5,CAGDP2,6,"21","  Mining, quarrying, and oil and gas extraction ","Thousands of dollars",575,520,603,891,936,1191,1808,1445,1387,759,411,0,0,0,0,0,0,0,0,0,0,0
 "28159","Winston, MS",5,CAGDP2,10,"22","  Utilities ","Thousands of dollars",1987,2125,2018,2118,2290,2446,2191,2131,2056,2097,2099,1872,1887,1941,1576,1902,1736,1927,1787,1374,1668,1644
 "28159","Winston, MS",5,CAGDP2,11,"23","  Construction ","Thousands of dollars",14433,14298,16566,19060,14604,14461,14199,14245,15125,14863,16186,14635,12934,13543,13575,8201,11189,11623,12144,12409,13404,13627
 "28159","Winston, MS",5,CAGDP2,12,"31-33","  Manufacturing ","Thousands of dollars",81278,85930,109726,122887,127003,142131,140914,111592,69056,118976,107321,104763,109229,87150,101475,110793,130826,138744,129999,111783,125376,135880
 "28159","Winston, MS",5,CAGDP2,13,"321,327-339","   Durable goods manufacturing ","Thousands of dollars",64358,64668,91509,104856,109326,125632,123585,100228,62672,112240,101630,(D),99403,79094,92280,100559,121242,128259,119701,102012,115591,125156
 "28159","Winston, MS",5,CAGDP2,25,"311-316,322-326","   Nondurable goods manufacturing ","Thousands of dollars",16920,21262,18217,18031,17677,16499,17329,11363,6385,6736,5691,(D),9826,8057,9195,10234,9584,10485,10298,9770,9786,10724
 "28159","Winston, MS",5,CAGDP2,34,"42","  Wholesale trade ","Thousands of dollars",14222,20905,23778,31007,31355,39643,50441,65946,50426,54620,48207,44386,42149,42495,38994,36697,38098,42362,45426,45489,49823,54021
 "28159","Winston, MS",5,CAGDP2,35,"44-45","  Retail trade ","Thousands of dollars",32109,32429,34959,36054,35184,33993,33267,33395,33254,34855,36924,37138,40667,42136,42617,43297,42530,41533,40741,47369,54227,58147
 "28159","Winston, MS",5,CAGDP2,36,"48-49","  Transportation and warehousing ","Thousands of dollars",15522,13656,11788,12889,13338,13288,14306,14459,10468,11045,12035,13359,11113,11028,11243,11929,11949,14698,15544,14382,15579,18191
 "28159","Winston, MS",5,CAGDP2,45,"51","  Information ","Thousands of dollars",4564,4199,4099,4246,4873,4760,5251,5698,5400,5391,5597,13473,18970,18387,19054,16985,14995,15481,17575,13131,13474,13065
 "28159","Winston, MS",5,CAGDP2,50,"52,53","  Finance, insurance, real estate, rental, and leasing ","Thousands of dollars",53402,56700,56364,60279,66553,68519,39346,55742,56993,61507,71285,62703,68469,76119,71995,87588,81104,76688,75945,81950,94218,98235
 "28159","Winston, MS",5,CAGDP2,51,"52","   Finance and insurance ","Thousands of dollars",16117,15648,14157,15198,15659,14983,15021,14841,14237,13309,13049,13616,13741,16592,15915,16817,14869,14913,15523,16846,17903,17053
 "28159","Winston, MS",5,CAGDP2,56,"53","   Real estate and rental and leasing ","Thousands of dollars",37285,41052,42207,45081,50894,53537,24325,40901,42756,48199,58235,49087,54728,59528,56081,70771,66235,61775,60422,65104,76315,81183
 "28159","Winston, MS",5,CAGDP2,59,"54,55,56","  Professional and business services ","Thousands of dollars",12694,12463,12924,14731,15509,20309,18901,39093,16584,17370,20346,21970,22192,23771,25329,23736,27045,27281,24090,25376,29475,32998
 "28159","Winston, MS",5,CAGDP2,60,"54","   Professional, scientific, and technical services ","Thousands of dollars",4355,4492,5101,4919,4829,5094,5130,6010,6267,6144,6007,6325,(D),6279,6638,6774,6674,(D),(D),(D),(D),(D)
 "28159","Winston, MS",5,CAGDP2,64,"55","   Management of companies and enterprises ","Thousands of dollars",(D),(D),(D),(D),8063,12516,11246,30434,7632,8451,11166,11595,12451,15038,16702,15155,(D),(D),(D),(D),(D),(D)
 "28159","Winston, MS",5,CAGDP2,65,"56","   Administrative and support and waste management and remediation services ","Thousands of dollars",(D),(D),(D),(D),2617,2699,2525,2649,2684,2775,3173,4050,(D),2453,1989,1807,(D),2025,2463,3843,4880,4863
 "28159","Winston, MS",5,CAGDP2,68,"61,62","  Educational services, health care, and social assistance ","Thousands of dollars",18635,19983,20832,21578,21063,26345,28930,30923,32847,33238,34135,35289,35436,34499,35017,36220,38357,42699,42756,40684,41700,46289
 "28159","Winston, MS",5,CAGDP2,69,"61","   Educational services ","Thousands of dollars",(D),(D),(D),(D),(D),(D),(D),(D),(D),(D),(D),(D),(D),(D),(D),(D),(D),(D),(D),(D),(D),(D)
 "28159","Winston, MS",5,CAGDP2,70,"62","   Health care and social assistance ","Thousands of dollars",(D),(D),(D),(D),(D),(D),(D),(D),(D),(D),(D),(D),(D),(D),(D),(D),(D),(D),(D),(D),(D),(D)
 "28159","Winston, MS",5,CAGDP2,75,"71,72","  Arts, entertainment, recreation, accommodation, and food services ","Thousands of dollars",5071,5289,5510,6891,7098,7134,6928,7511,7456,7828,8022,8938,8655,9344,9860,10305,10465,11023,11184,10211,12622,14920
 "28159","Winston, MS",5,CAGDP2,76,"71","   Arts, entertainment, and recreation ","Thousands of dollars",406,324,278,271,267,245,300,(D),(D),269,300,396,373,(D),300,477,554,671,683,303,521,1254
 "28159","Winston, MS",5,CAGDP2,79,"72","   Accommodation and food services ","Thousands of dollars",4664,4964,5233,6619,6830,6890,6627,(D),(D),7558,7722,8542,8282,(D),9560,9827,9911,10353,10501,9908,12100,13666
 "28159","Winston, MS",5,CAGDP2,82,"81","  Other services (except government and government enterprises) ","Thousands of dollars",11464,11865,11294,11818,11877,12086,12096,11269,11048,10703,10427,10942,11343,12290,12627,12888,13030,13092,13488,13913,14728,17020
 "28159","Winston, MS",5,CAGDP2,83,"92","Government and government enterprises ","Thousands of dollars",33100,34977,36745,38506,40028,40737,43371,45114,45570,46351,44111,44061,45799,48342,47469,48906,49329,50563,52296,53993,56399,59799
 "28159","Winston, MS",5,CAGDP2,87,"11,21","Natural resources and mining ","Thousands of dollars",14331,9703,12347,20762,19732,15347,17085,21234,23632,29980,8543,32079,49404,70527,48149,41187,50634,43655,39264,26448,50769,66840
 "28159","Winston, MS",5,CAGDP2,88,"42,44-45","Trade ","Thousands of dollars",46331,53333,58736,67061,66539,73636,83708,99341,83680,89475,85131,81523,82816,84631,81611,79995,80629,83895,86167,92858,104050,112167
 "28159","Winston, MS",5,CAGDP2,89,"22,48-49","Transportation and utilities ","Thousands of dollars",17509,15781,13806,15008,15628,15734,16498,16590,12524,13142,14134,15231,12999,12969,12819,13831,13685,16625,17331,15755,17247,19835
 "28159","Winston, MS",5,CAGDP2,90,"31-33,51","Manufacturing and information ","Thousands of dollars",85842,90129,113826,127133,131876,146892,146165,117290,74456,124367,112918,118236,128199,105537,120530,127778,145821,154226,147574,124914,138851,148945
 "28159","Winston, MS",5,CAGDP2,91,"...","Private goods-producing industries 2/","Thousands of dollars",110042,109931,138639,162709,161338,171939,172199,147071,107814,163819,132050,151477,171567,171221,163199,160181,192649,194022,181407,150639,189550,216347
 "28159","Winston, MS",5,CAGDP2,92,"...","Private services-providing industries 3/","Thousands of dollars",169670,179613,183565,201612,209139,228522,211657,266168,226531,238654,249077,250070,260881,272009,268313,281547,279309,286784,288537,293878,327514,354530
 "28161","Yalobusha, MS",5,CAGDP2,1,"...","All industry total ","Thousands of dollars",180098,186558,208588,199339,197239,202406,195408,207465,197977,228897,277327,291899,277666,266109,248362,242467,288407,294638,335537,338413,328480,340391
 "28161","Yalobusha, MS",5,CAGDP2,2,"..."," Private industries ","Thousands of dollars",149394,154563,174883,163817,157860,161810,150713,159271,149700,180604,228929,245293,230181,212235,197003,189071,233855,238528,278393,283155,272423,282461
 "28161","Yalobusha, MS",5,CAGDP2,3,"11","  Agriculture, forestry, fishing and hunting ","Thousands of dollars",8430,5903,10969,(D),(D),(D),(D),1037,2912,6649,18857,2000,7257,1489,1416,2772,4233,2594,3145,5058,6501,3445
 "28161","Yalobusha, MS",5,CAGDP2,6,"21","  Mining, quarrying, and oil and gas extraction ","Thousands of dollars",401,578,755,1425,1394,1678,2120,1347,1066,585,1013,1139,1002,927,592,1362,2259,2677,3596,2965,0,0
 "28161","Yalobusha, MS",5,CAGDP2,10,"22","  Utilities ","Thousands of dollars",749,766,715,758,704,797,770,793,851,877,938,820,939,1018,1025,1107,1093,1226,1340,1150,1261,1210
 "28161","Yalobusha, MS",5,CAGDP2,11,"23","  Construction ","Thousands of dollars",12695,14084,19183,17992,14644,17325,18164,18500,17128,15688,15952,21333,21361,19575,16161,14622,12277,11279,10604,11858,10365,13982
 "28161","Yalobusha, MS",5,CAGDP2,12,"31-33","  Manufacturing ","Thousands of dollars",53519,55926,62192,(D),42964,39352,38149,40144,34832,59377,83401,105691,97632,85847,74297,74538,112575,105236,149406,146366,132986,135535
 "28161","Yalobusha, MS",5,CAGDP2,13,"321,327-339","   Durable goods manufacturing ","Thousands of dollars",(D),(D),(D),(D),(D),(D),(D),(D),(D),(D),(D),(D),61908,51710,49172,45880,77158,73360,85782,74553,53431,61921
 "28161","Yalobusha, MS",5,CAGDP2,25,"311-316,322-326","   Nondurable goods manufacturing ","Thousands of dollars",(D),(D),(D),(D),(D),(D),(D),(D),(D),(D),(D),(D),35725,34137,25125,28658,35417,31876,63624,71812,79554,73615
 "28161","Yalobusha, MS",5,CAGDP2,34,"42","  Wholesale trade ","Thousands of dollars",4918,4535,5317,5053,5889,5924,6118,6022,5958,6002,5498,5389,4981,4485,3727,3165,2697,2616,2932,2978,2916,3037
 "28161","Yalobusha, MS",5,CAGDP2,35,"44-45","  Retail trade ","Thousands of dollars",16865,16546,16146,15380,15056,15821,15504,16426,15869,16506,14741,14678,15097,15499,15166,15268,14569,15292,15088,18247,21594,21962
 "28161","Yalobusha, MS",5,CAGDP2,36,"48-49","  Transportation and warehousing ","Thousands of dollars",5946,7383,7920,10469,9395,9747,10337,8484,7000,8210,10453,11993,10781,10726,11702,11872,15139,17603,15061,14128,13958,15678
 "28161","Yalobusha, MS",5,CAGDP2,45,"51","  Information ","Thousands of dollars",271,(D),(D),(D),(D),(D),(D),(D),(D),(D),(D),(D),(D),(D),(D),(D),(D),(D),(D),(D),(D),(D)
 "28161","Yalobusha, MS",5,CAGDP2,50,"52,53","  Finance, insurance, real estate, rental, and leasing ","Thousands of dollars",31876,33036,32202,31554,34284,33876,21964,31931,31727,30122,42209,43114,37804,42466,44932,41984,44586,49853,46977,52317,50872,51906
 "28161","Yalobusha, MS",5,CAGDP2,51,"52","   Finance and insurance ","Thousands of dollars",9239,9277,8999,10002,10534,9563,9724,9177,9278,8986,9219,9800,9862,10649,10439,10836,11032,11021,11477,12471,12521,13140
 "28161","Yalobusha, MS",5,CAGDP2,56,"53","   Real estate and rental and leasing ","Thousands of dollars",22637,23759,23203,21552,23751,24313,12240,22754,22449,21136,32990,33315,27943,31817,34493,31148,33554,38832,35500,39846,38351,38767
 "28161","Yalobusha, MS",5,CAGDP2,59,"54,55,56","  Professional and business services ","Thousands of dollars",2869,3358,6060,7315,8697,13338,15621,18119,18635,20442,20549,22696,18209,14169,13038,8151,9995,10044,8568,8570,10386,10847
 "28161","Yalobusha, MS",5,CAGDP2,60,"54","   Professional, scientific, and technical services ","Thousands of dollars",1730,1862,(D),(D),(D),(D),(D),(D),(D),(D),(D),(D),(D),(D),(D),(D),(D),(D),(D),(D),(D),(D)
 "28161","Yalobusha, MS",5,CAGDP2,64,"55","   Management of companies and enterprises ","Thousands of dollars",0,0,(D),(D),(D),(D),(D),(D),(D),(D),(D),(D),(D),(D),(D),(D),(D),(D),(D),(D),(D),(D)
 "28161","Yalobusha, MS",5,CAGDP2,65,"56","   Administrative and support and waste management and remediation services ","Thousands of dollars",1139,1497,3874,4397,(D),9950,12195,14108,(D),16192,15864,17435,13834,10014,8390,4289,6434,6750,5394,5460,6649,6765
 "28161","Yalobusha, MS",5,CAGDP2,68,"61,62","  Educational services, health care, and social assistance ","Thousands of dollars",3620,4524,5894,6329,7204,8655,8700,7850,4391,5838,5022,4994,4068,4072,3729,3567,4417,4312,(D),4985,5999,6336
 "28161","Yalobusha, MS",5,CAGDP2,69,"61","   Educational services ","Thousands of dollars",71,73,68,54,47,48,91,77,110,133,128,92,91,72,46,(D),(D),(D),(D),(D),(D),(D)
 "28161","Yalobusha, MS",5,CAGDP2,70,"62","   Health care and social assistance ","Thousands of dollars",3549,4451,5826,6275,7157,8607,8609,7773,4281,5705,4894,4902,3976,4000,3683,(D),(D),(D),(D),(D),(D),(D)
 "28161","Yalobusha, MS",5,CAGDP2,75,"71,72","  Arts, entertainment, recreation, accommodation, and food services ","Thousands of dollars",1391,1391,1238,1214,1603,1744,1453,1560,1842,1957,1964,2241,1923,2160,2143,2428,2274,(D),2650,3467,4301,5638
 "28161","Yalobusha, MS",5,CAGDP2,76,"71","   Arts, entertainment, and recreation ","Thousands of dollars",(D),(D),(D),(D),(D),(D),(D),(D),(D),(D),(D),(D),(D),(D),(D),(D),(D),(D),(D),(D),(D),(D)
 "28161","Yalobusha, MS",5,CAGDP2,79,"72","   Accommodation and food services ","Thousands of dollars",(D),(D),(D),(D),(D),(D),(D),(D),(D),(D),(D),(D),(D),(D),(D),(D),(D),(D),(D),(D),(D),(D)
 "28161","Yalobusha, MS",5,CAGDP2,82,"81","  Other services (except government and government enterprises) ","Thousands of dollars",5845,(D),(D),(D),(D),(D),(D),(D),(D),(D),(D),(D),(D),(D),(D),(D),(D),13020,(D),(D),(D),(D)
 "28161","Yalobusha, MS",5,CAGDP2,83,"92","Government and government enterprises ","Thousands of dollars",30704,31995,33705,35521,39379,40595,44695,48194,48277,48293,48397,46606,47485,53874,51359,53396,54553,56109,57144,55257,56056,57929
 "28161","Yalobusha, MS",5,CAGDP2,87,"11,21","Natural resources and mining ","Thousands of dollars",8830,6481,11724,(D),(D),(D),(D),2384,3978,7235,19870,3140,8259,2416,2008,4134,6491,5271,6741,8023,6501,3445
 "28161","Yalobusha, MS",5,CAGDP2,88,"42,44-45","Trade ","Thousands of dollars",21782,21080,21463,20432,20945,21745,21622,22448,21827,22507,20238,20066,20078,19984,18893,18432,17266,17908,18020,21225,24510,24999
 "28161","Yalobusha, MS",5,CAGDP2,89,"22,48-49","Transportation and utilities ","Thousands of dollars",6695,8149,8635,11227,10100,10544,11107,9277,7851,9086,11391,12813,11720,11743,12728,12979,16232,18829,16401,15278,15219,16888
 "28161","Yalobusha, MS",5,CAGDP2,90,"31-33,51","Manufacturing and information ","Thousands of dollars",53790,(D),(D),48299,(D),(D),(D),(D),(D),(D),(D),(D),(D),(D),(D),(D),(D),(D),(D),(D),(D),(D)
 "28161","Yalobusha, MS",5,CAGDP2,91,"...","Private goods-producing industries 2/","Thousands of dollars",75044,76492,93098,78563,(D),(D),(D),61029,55938,82300,119223,130164,127252,107837,92465,93294,131344,121786,166751,166246,149852,152963
 "28161","Yalobusha, MS",5,CAGDP2,92,"...","Private services-providing industries 3/","Thousands of dollars",74350,78072,81784,85255,(D),(D),(D),98242,93762,98304,109707,115130,102929,104398,104537,95777,102511,116743,111642,116909,122571,129498
 "28163","Yazoo, MS",5,CAGDP2,1,"...","All industry total ","Thousands of dollars",510077,504785,537721,524303,510787,538904,511278,481993,516523,607486,748626,704790,792063,740855,692645,700496,750480,813958,744368,781121,826579,851094
 "28163","Yazoo, MS",5,CAGDP2,2,"..."," Private industries ","Thousands of dollars",423135,414961,443407,424795,396338,414253,376481,340678,371309,458730,598370,554789,639895,573440,513836,511385,554972,611490,540632,571038,608696,625704
 "28163","Yazoo, MS",5,CAGDP2,3,"11","  Agriculture, forestry, fishing and hunting ","Thousands of dollars",33545,9434,53395,61716,52792,43959,53740,6255,14642,26028,100831,10101,58057,7233,6977,22115,25014,16122,45297,52517,67821,12991
 "28163","Yazoo, MS",5,CAGDP2,6,"21","  Mining, quarrying, and oil and gas extraction ","Thousands of dollars",11438,10237,11596,14202,13716,21169,30251,35973,44492,74145,106932,125233,119844,100852,49617,36535,68450,77426,49117,37356,32768,69818
 "28163","Yazoo, MS",5,CAGDP2,10,"22","  Utilities ","Thousands of dollars",5164,8609,(D),4582,5079,9071,9932,10960,10978,12218,12820,12070,12321,13139,12100,12665,13036,(D),(D),14279,14202,15087
 "28163","Yazoo, MS",5,CAGDP2,11,"23","  Construction ","Thousands of dollars",25172,29122,15111,7297,5601,9760,8722,6549,7505,24123,28859,14274,17302,17109,16202,10230,9821,8970,12058,11951,17576,19982
 "28163","Yazoo, MS",5,CAGDP2,12,"31-33","  Manufacturing ","Thousands of dollars",125856,133013,135057,120152,102040,113628,74192,55188,58026,73144,80485,89010,122515,114706,92781,102516,120078,159134,101996,114065,106371,119577
 "28163","Yazoo, MS",5,CAGDP2,13,"321,327-339","   Durable goods manufacturing ","Thousands of dollars",18685,18702,18408,15840,12584,40064,12226,9237,6095,10243,9469,9080,10641,11144,11343,11375,10250,9987,9554,8629,10993,13517
 "28163","Yazoo, MS",5,CAGDP2,25,"311-316,322-326","   Nondurable goods manufacturing ","Thousands of dollars",107171,114311,116648,104313,89456,73565,61965,45951,51931,62901,71016,79930,111874,103562,81438,91142,109828,149148,92441,105435,95378,106060
 "28163","Yazoo, MS",5,CAGDP2,34,"42","  Wholesale trade ","Thousands of dollars",36829,37802,40199,35494,32832,30209,29474,30470,31496,35596,38960,42507,40415,40471,42804,40724,41099,41634,42585,45719,52198,57260
 "28163","Yazoo, MS",5,CAGDP2,35,"44-45","  Retail trade ","Thousands of dollars",39149,38779,37337,34978,34014,34286,31996,32782,31938,34864,33543,31415,32050,32166,32004,33452,39966,39661,39945,43736,46109,47019
 "28163","Yazoo, MS",5,CAGDP2,36,"48-49","  Transportation and warehousing ","Thousands of dollars",3553,3517,3800,3812,4657,5368,5524,8288,7328,9302,8991,8327,9027,9000,8950,7811,8748,7957,8005,(D),(D),(D)
 "28163","Yazoo, MS",5,CAGDP2,45,"51","  Information ","Thousands of dollars",6885,7026,6848,5949,6219,5087,5017,4618,4861,5148,4896,4998,4923,4744,4743,5111,5565,6267,7581,8272,8554,8621
 "28163","Yazoo, MS",5,CAGDP2,50,"52,53","  Finance, insurance, real estate, rental, and leasing ","Thousands of dollars",72370,74295,73779,74774,78452,76157,55188,69735,75409,75623,88325,119751,128201,138098,149969,146811,131517,148268,125626,143086,157421,162599
 "28163","Yazoo, MS",5,CAGDP2,51,"52","   Finance and insurance ","Thousands of dollars",24484,24168,24190,25620,26724,24541,26168,25619,25504,23661,24379,25729,26458,28674,28669,24955,18986,19337,19930,20449,21731,21253
 "28163","Yazoo, MS",5,CAGDP2,56,"53","   Real estate and rental and leasing ","Thousands of dollars",47886,50127,49589,49155,51728,51616,29020,44116,49904,51962,63946,94022,101743,109424,121300,121855,112532,128930,105695,122637,135691,141346
 "28163","Yazoo, MS",5,CAGDP2,59,"54,55,56","  Professional and business services ","Thousands of dollars",15070,12482,10921,9738,8614,8479,8084,11258,11951,13263,14937,15821,16463,16422,15316,9916,9202,(D),(D),(D),(D),(D)
 "28163","Yazoo, MS",5,CAGDP2,60,"54","   Professional, scientific, and technical services ","Thousands of dollars",4307,4826,4682,5025,5539,5552,5456,6047,5433,5476,4988,5490,7155,8526,(D),6292,5969,5728,5153,4693,5912,7911
 "28163","Yazoo, MS",5,CAGDP2,64,"55","   Management of companies and enterprises ","Thousands of dollars",7679,(D),(D),(D),(D),0,0,0,(D),0,0,0,0,0,0,0,(D),(D),(D),(D),(D),(D)
 "28163","Yazoo, MS",5,CAGDP2,65,"56","   Administrative and support and waste management and remediation services ","Thousands of dollars",3085,(D),(D),(D),(D),2927,2628,5212,(D),7787,9949,10332,9308,7897,(D),3624,(D),(D),(D),(D),(D),(D)
 "28163","Yazoo, MS",5,CAGDP2,68,"61,62","  Educational services, health care, and social assistance ","Thousands of dollars",26380,27587,28919,29331,28719,33465,39934,43931,46909,49408,52479,54391,53031,52326,54731,55588,55098,57038,58647,56535,55064,56519
 "28163","Yazoo, MS",5,CAGDP2,69,"61","   Educational services ","Thousands of dollars",(D),(D),(D),(D),(D),(D),(D),(D),(D),(D),(D),(D),(D),(D),(D),(D),(D),(D),(D),(D),(D),6211
 "28163","Yazoo, MS",5,CAGDP2,70,"62","   Health care and social assistance ","Thousands of dollars",(D),(D),(D),(D),(D),(D),(D),(D),(D),(D),(D),(D),(D),(D),(D),(D),(D),(D),(D),(D),(D),50308
 "28163","Yazoo, MS",5,CAGDP2,75,"71,72","  Arts, entertainment, recreation, accommodation, and food services ","Thousands of dollars",6573,6956,(D),7970,8629,8632,8230,8822,9467,9798,10269,10894,10695,11318,11418,11838,12052,12763,14297,12555,13975,15856
 "28163","Yazoo, MS",5,CAGDP2,76,"71","   Arts, entertainment, and recreation ","Thousands of dollars",560,529,(D),872,908,612,837,1008,959,882,1067,1146,1239,1107,1051,1122,1156,1150,1243,1077,1436,1802
 "28163","Yazoo, MS",5,CAGDP2,79,"72","   Accommodation and food services ","Thousands of dollars",6013,6427,6591,7097,7721,8020,7393,7814,8508,8916,9201,9747,9456,10211,10367,10716,10897,11613,13055,11478,12539,14054
 "28163","Yazoo, MS",5,CAGDP2,82,"81","  Other services (except government and government enterprises) ","Thousands of dollars",15152,16105,14887,14799,14974,14982,16199,15849,16306,16071,16045,15998,15053,15856,16224,16074,15326,14571,14442,13753,12969,14903
 "28163","Yazoo, MS",5,CAGDP2,83,"92","Government and government enterprises ","Thousands of dollars",86943,89824,94314,99508,114449,124651,134797,141316,145214,148756,150256,150001,152168,167415,178809,189111,195508,202468,203736,210083,217884,225390
 "28163","Yazoo, MS",5,CAGDP2,87,"11,21","Natural resources and mining ","Thousands of dollars",44982,19671,64991,75918,66508,65128,83990,42228,59134,100173,207763,135334,177901,108085,56594,58649,93464,93548,94415,89873,100590,82809
 "28163","Yazoo, MS",5,CAGDP2,88,"42,44-45","Trade ","Thousands of dollars",75978,76580,77536,70472,66847,64495,61470,63252,63434,70460,72502,73921,72465,72636,74808,74176,81065,81295,82529,89454,98307,104280
 "28163","Yazoo, MS",5,CAGDP2,89,"22,48-49","Transportation and utilities ","Thousands of dollars",8717,12126,(D),8394,9736,14439,15456,19248,18307,21520,21811,20397,21348,22139,21050,20476,21784,(D),(D),(D),(D),(D)
 "28163","Yazoo, MS",5,CAGDP2,90,"31-33,51","Manufacturing and information ","Thousands of dollars",132740,140039,141905,126102,108259,118715,79208,59806,62887,78293,85381,94007,127438,119450,97523,107628,125642,165401,109577,122337,114925,128198
 "28163","Yazoo, MS",5,CAGDP2,91,"...","Private goods-producing industries 2/","Thousands of dollars",196010,181805,215159,203367,174149,188516,166904,103965,124665,197440,317106,238618,317717,239900,165577,171396,223363,261652,208468,215889,224536,222368
 "28163","Yazoo, MS",5,CAGDP2,92,"...","Private services-providing industries 3/","Thousands of dollars",227125,233156,228248,221428,222189,225737,209577,236713,246644,261290,281264,316171,322178,333540,348259,339989,331610,349838,332164,355149,384159,403336
"Note: See the included footnote file."
"CAGDP2: Gross domestic product (GDP) by county and metropolitan area 1."
"Last updated: November 1, 2024 -- revised statistics for 2001-2016."
"U.S. Bureau of Economic Analysis"
