GeoFIPS,GeoName,Region,TableName,LineCode,IndustryClassification,Description,Unit,2001,2002,2003,2004,2005,2006,2007,2008,2009,2010,2011,2012,2013,2014,2015,2016,2017,2018,2019,2020,2021,2022
 "49000","Utah",7,CAGDP2,1,"...","All industry total ","Thousands of dollars",73042514,76289442,79504706,86766665,95512042,106787099,115180676,116949220,113834761,118296292,125137810,129431373,135344311,142627746,149762055,159330639,172075043,186805723,201285419,205666307,232125118,256369945
 "49000","Utah",7,CAGDP2,2,"..."," Private industries ","Thousands of dollars",61911663,64620475,67392697,74025717,81868626,92241576,99971478,100844136,97426378,101369715,107579635,111981130,117628322,124167537,130778017,139277408,150926482,164896427,178328780,181517379,206980071,229717367
 "49000","Utah",7,CAGDP2,3,"11","  Agriculture, forestry, fishing and hunting ","Thousands of dollars",586281,453810,473844,605200,558943,463710,536228,527230,366048,560703,770268,714596,972389,1035717,992016,812194,859368,893325,910216,835733,998630,1735610
 "49000","Utah",7,CAGDP2,6,"21","  Mining, quarrying, and oil and gas extraction ","Thousands of dollars",1115264,949358,1124123,1504438,2353330,3101104,3562617,4175067,3591215,3993556,4522007,4072488,4200607,4762208,3001463,2608333,3211667,3364847,3448887,3565984,4557574,5165401
 "49000","Utah",7,CAGDP2,10,"22","  Utilities ","Thousands of dollars",1057175,1049379,951443,1058290,1079679,1261137,1293081,1381369,1456998,1576776,1652490,1713008,1811944,1895327,2036858,2139331,2347130,2574663,2901040,3677931,4955536,5952101
 "49000","Utah",7,CAGDP2,11,"23","  Construction ","Thousands of dollars",4163715,4016348,4217265,4842843,5757552,7040836,8173070,7179913,5560299,5230978,5228578,6214835,6808553,7922136,9034680,10236754,11447229,12512498,13924410,15740789,17497305,19636173
 "49000","Utah",7,CAGDP2,12,"31-33","  Manufacturing ","Thousands of dollars",8203233,8428779,9253109,9904331,10880720,12588625,13797897,13749967,15816154,17377854,18080721,16017568,16207106,15938940,16772742,16108594,18035936,20319465,21151596,20111460,24261184,28424034
 "49000","Utah",7,CAGDP2,13,"321,327-339","   Durable goods manufacturing ","Thousands of dollars",5358757,5656310,6241296,6677109,7517232,8705742,9709803,9681070,10510606,11580276,11747002,10606752,10145922,9825199,10734943,10477754,11464372,12351895,12342010,12618392,13910467,15268159
 "49000","Utah",7,CAGDP2,25,"311-316,322-326","   Nondurable goods manufacturing ","Thousands of dollars",2844476,2772468,3011813,3227223,3363487,3882883,4088094,4068897,5305548,5797578,6333719,5410816,6061183,6113741,6037799,5630839,6571564,7967569,8809586,7493069,10350717,13155874
 "49000","Utah",7,CAGDP2,34,"42","  Wholesale trade ","Thousands of dollars",3809741,3773849,3868352,4310439,4907052,5399001,5876585,6128660,5750358,5919602,6265247,6706410,7093723,7395007,7821175,8327145,8901638,9359747,9943019,10382155,11428833,12229062
 "49000","Utah",7,CAGDP2,35,"44-45","  Retail trade ","Thousands of dollars",5447595,5590194,5960609,6498253,6877577,7613982,8082814,7851392,7608213,7783084,8136043,8881649,9487340,9887814,10949193,12190971,12871984,13703071,14476067,15860357,18612250,20675491
 "49000","Utah",7,CAGDP2,36,"48-49","  Transportation and warehousing ","Thousands of dollars",2645098,2732813,2828740,3176091,3542904,3845587,4070221,3904105,3731691,4023856,4212816,4423874,4636368,4904575,5553477,5871400,6257628,6765550,7285211,6500915,7472847,9344177
 "49000","Utah",7,CAGDP2,45,"51","  Information ","Thousands of dollars",3055324,3510845,3681318,4012131,4498752,4855838,4949278,5408170,5083258,5112216,5395233,5351720,5779060,6054823,6600627,7355921,7828375,8179152,9525664,10183974,11659353,13016562
 "49000","Utah",7,CAGDP2,50,"52,53","  Finance, insurance, real estate, rental, and leasing ","Thousands of dollars",15192054,16611609,17177807,19226161,21060386,23399334,25143890,24277454,22187998,22672010,24816389,27517134,27826282,29782748,31442605,34787376,38043652,42399955,46220377,46087492,51111418,52428942
 "49000","Utah",7,CAGDP2,51,"52","   Finance and insurance ","Thousands of dollars",6808518,7602091,7848049,9126613,9543731,11200299,11522656,9713937,7859287,7950632,9267635,11349617,11066654,12423414,13233439,14828372,15374933,17211287,19601696,19606367,22067680,22090080
 "49000","Utah",7,CAGDP2,56,"53","   Real estate and rental and leasing ","Thousands of dollars",8383536,9009518,9329758,10099548,11516655,12199035,13621233,14563517,14328711,14721378,15548754,16167517,16759628,17359334,18209166,19959004,22668719,25188667,26618681,26481125,29043738,30338862
 "49000","Utah",7,CAGDP2,59,"54,55,56","  Professional and business services ","Thousands of dollars",7399997,7450131,7518922,7896823,8741083,9856639,10899744,11768673,11268318,11751644,12421262,13329761,14811399,15755255,16505028,17264838,18142194,20188335,22222276,22964243,25293943,28688722
 "49000","Utah",7,CAGDP2,60,"54","   Professional, scientific, and technical services ","Thousands of dollars",3815704,3919338,4056655,4281215,4779899,5411752,5986227,6747043,6522608,6678405,7284074,7748490,8882464,9525447,10018299,10365693,10831838,12500840,13988607,14652428,16313635,18828956
 "49000","Utah",7,CAGDP2,64,"55","   Management of companies and enterprises ","Thousands of dollars",1478629,1409215,1331412,1364056,1430054,1596959,1716373,1775606,1747736,1885624,1829464,2026917,2081265,2089782,2138950,2240760,2280598,2360369,2429129,2511890,2660297,2913411
 "49000","Utah",7,CAGDP2,65,"56","   Administrative and support and waste management and remediation services ","Thousands of dollars",2105664,2121578,2130855,2251552,2531130,2847927,3197143,3246024,2997974,3187615,3307724,3554354,3847669,4140026,4347778,4658385,5029758,5327126,5804541,5799924,6320011,6946355
 "49000","Utah",7,CAGDP2,68,"61,62","  Educational services, health care, and social assistance ","Thousands of dollars",4408818,4725355,5079372,5511200,5931472,6596105,6983101,7672424,8297003,8529119,8942032,9311904,9876106,10143739,10715984,11691366,12239533,13072419,13940348,14182020,15637907,17072504
 "49000","Utah",7,CAGDP2,69,"61","   Educational services ","Thousands of dollars",837619,866676,917737,1018579,1109380,1236910,1334839,1487370,1639455,1756401,1833953,1908779,1988874,2084641,2193429,2362316,2475965,2698956,2944110,3006026,3277012,3440450
 "49000","Utah",7,CAGDP2,70,"62","   Health care and social assistance ","Thousands of dollars",3571199,3858680,4161636,4492621,4822092,5359195,5648262,6185053,6657548,6772718,7108080,7403125,7887232,8059099,8522555,9329049,9763569,10373463,10996239,11175994,12360895,13632055
 "49000","Utah",7,CAGDP2,75,"71,72","  Arts, entertainment, recreation, accommodation, and food services ","Thousands of dollars",2509436,2783772,2648472,2727951,2901988,3275865,3558838,3642898,3476140,3606309,3805444,4117343,4338914,4606944,5087581,5456169,6017389,6579277,7143327,5819040,7469382,8908821
 "49000","Utah",7,CAGDP2,76,"71","   Arts, entertainment, and recreation ","Thousands of dollars",563012,695304,581239,613267,646533,718508,776190,798621,834015,886734,937486,1031470,1098184,1155536,1212136,1379756,1554485,1625387,1667985,1411261,1737857,2187816
 "49000","Utah",7,CAGDP2,79,"72","   Accommodation and food services ","Thousands of dollars",1946424,2088468,2067233,2114684,2255455,2557357,2782648,2844277,2642125,2719575,2867959,3085873,3240731,3451407,3875445,4076412,4462904,4953890,5475342,4407780,5731525,6721005
 "49000","Utah",7,CAGDP2,82,"81","  Other services (except government and government enterprises) ","Thousands of dollars",2317931,2544232,2609321,2751566,2777188,2943814,3044113,3176814,3232685,3232010,3331104,3608840,3778533,4082304,4264589,4427018,4722758,4984124,5236339,5605285,6023907,6439766
 "49000","Utah",7,CAGDP2,83,"92","Government and government enterprises ","Thousands of dollars",11130852,11668967,12112009,12740948,13643416,14545523,15209198,16105084,16408383,16926577,17558174,17450243,17715989,18460209,18984037,20053231,21148561,21909296,22956639,24148928,25145046,26652579
 "49000","Utah",7,CAGDP2,87,"11,21","Natural resources and mining ","Thousands of dollars",1701546,1403168,1597967,2109637,2912273,3564814,4098846,4702297,3957262,4554259,5292275,4787084,5172996,5797925,3993478,3420526,4071035,4258173,4359104,4401717,5556204,6901011
 "49000","Utah",7,CAGDP2,88,"42,44-45","Trade ","Thousands of dollars",9257336,9364044,9828961,10808692,11784629,13012982,13959399,13980052,13358570,13702686,14401291,15588059,16581063,17282821,18770368,20518116,21773623,23062817,24419086,26242512,30041083,32904553
 "49000","Utah",7,CAGDP2,89,"22,48-49","Transportation and utilities ","Thousands of dollars",3702274,3782192,3780183,4234381,4622583,5106725,5363302,5285474,5188689,5600632,5865306,6136882,6448311,6799902,7590335,8010731,8604758,9340213,10186251,10178846,12428384,15296278
 "49000","Utah",7,CAGDP2,90,"31-33,51","Manufacturing and information ","Thousands of dollars",11258557,11939624,12934428,13916463,15379472,17444462,18747175,19158138,20899412,22490070,23475954,21369288,21986166,21993763,23373369,23464515,25864311,28498616,30677261,30295434,35920537,41440595
 "49000","Utah",7,CAGDP2,91,"...","Private goods-producing industries 2/","Thousands of dollars",14068493,13848295,15068342,16856812,19550545,23194275,26069812,25632177,25333715,27163091,28601574,27019487,28188654,29659001,29800900,29765874,33554200,37090135,39435110,40253967,47314693,54961218
 "49000","Utah",7,CAGDP2,92,"...","Private services-providing industries 3/","Thousands of dollars",47843170,50772180,52324356,57168905,62318081,69047301,73901665,75211959,72092663,74206624,78978062,84961643,89439668,94508536,100977117,109511534,117372282,127806292,138893670,141263412,159665378,174756148
 "49001","Beaver, UT",7,CAGDP2,1,"...","All industry total ","Thousands of dollars",192375,164498,169366,244414,259910,180277,202803,205827,252660,290519,267540,279831,371279,396870,309880,301021,387886,354858,385491,371929,512508,706589
 "49001","Beaver, UT",7,CAGDP2,2,"..."," Private industries ","Thousands of dollars",165140,135744,141116,214575,227829,146000,165903,166988,212425,248234,224555,237735,326337,351957,263193,253170,337481,302250,330959,316095,454025,645011
 "49001","Beaver, UT",7,CAGDP2,3,"11","  Agriculture, forestry, fishing and hunting ","Thousands of dollars",86424,51936,42560,99982,99913,17661,36540,26296,37003,91729,51587,41592,84518,74543,5577,11493,70938,26256,59805,39304,135797,268311
 "49001","Beaver, UT",7,CAGDP2,6,"21","  Mining, quarrying, and oil and gas extraction ","Thousands of dollars",2941,3006,4100,6142,9507,10960,14874,22576,45359,15881,12014,39484,60253,86726,64494,31589,43274,46280,27625,15660,15346,14718
 "49001","Beaver, UT",7,CAGDP2,10,"22","  Utilities ","Thousands of dollars",5980,6390,6701,6828,6510,7339,6527,8796,9992,22626,29664,36558,31930,42112,43276,66860,80771,72728,74900,94692,128562,169154
 "49001","Beaver, UT",7,CAGDP2,11,"23","  Construction ","Thousands of dollars",5274,4909,3790,3164,4020,5666,7433,7371,17417,7726,14022,7339,16780,7709,9426,9896,11996,13380,14038,16093,16548,25795
 "49001","Beaver, UT",7,CAGDP2,12,"31-33","  Manufacturing ","Thousands of dollars",5722,6030,7099,6874,7010,6008,8435,7617,9664,9356,8571,10572,28498,30750,26234,18747,17701,18240,19099,17691,16233,17919
 "49001","Beaver, UT",7,CAGDP2,13,"321,327-339","   Durable goods manufacturing ","Thousands of dollars",1844,1842,1790,2439,2333,2644,3506,2639,(D),1472,1288,1186,19458,16438,8677,2958,2053,2954,3580,2795,3131,3329
 "49001","Beaver, UT",7,CAGDP2,25,"311-316,322-326","   Nondurable goods manufacturing ","Thousands of dollars",3878,4188,5309,4435,4678,3363,4929,4978,(D),7885,7283,9386,9040,14313,17557,15790,15648,15286,15519,14896,13102,14590
 "49001","Beaver, UT",7,CAGDP2,34,"42","  Wholesale trade ","Thousands of dollars",1113,1340,998,1246,1106,(D),(D),(D),(D),(D),(D),(D),1821,1924,3066,3176,1035,(D),(D),(D),(D),(D)
 "49001","Beaver, UT",7,CAGDP2,35,"44-45","  Retail trade ","Thousands of dollars",8773,8936,9833,12137,11483,11247,11597,11621,11786,12407,12606,13619,14977,15709,17303,18615,20168,21610,21937,23711,29916,32830
 "49001","Beaver, UT",7,CAGDP2,36,"48-49","  Transportation and warehousing ","Thousands of dollars",10909,11318,23674,34852,40574,35576,23740,23573,19998,23901,25182,25910,25341,32998,30876,30295,27792,32361,33180,31139,27514,29750
 "49001","Beaver, UT",7,CAGDP2,45,"51","  Information ","Thousands of dollars",0,0,0,59,290,369,73,(D),(D),(D),(D),(D),(D),2775,3253,2028,1173,612,376,783,548,1109
 "49001","Beaver, UT",7,CAGDP2,50,"52,53","  Finance, insurance, real estate, rental, and leasing ","Thousands of dollars",23143,25949,27155,27747,31226,33051,37631,38167,39022,41904,43262,30765,30711,29996,31324,32921,33814,38324,(D),41241,39770,37791
 "49001","Beaver, UT",7,CAGDP2,51,"52","   Finance and insurance ","Thousands of dollars",(D),(D),(D),(D),4788,5227,4530,3737,2945,(D),(D),(D),(D),(D),(D),(D),(D),(D),(D),(D),6074,6487
 "49001","Beaver, UT",7,CAGDP2,56,"53","   Real estate and rental and leasing ","Thousands of dollars",(D),(D),(D),(D),26439,27824,33101,34430,36077,(D),(D),(D),(D),(D),(D),(D),(D),(D),36591,(D),33696,31305
 "49001","Beaver, UT",7,CAGDP2,59,"54,55,56","  Professional and business services ","Thousands of dollars",385,419,462,(D),(D),1068,(D),(D),(D),(D),(D),1781,(D),(D),2452,2064,(D),(D),2937,(D),3675,(D)
 "49001","Beaver, UT",7,CAGDP2,60,"54","   Professional, scientific, and technical services ","Thousands of dollars",(D),(D),(D),419,(D),(D),(D),770,790,846,734,(D),733,776,1901,1524,1478,1704,1877,1828,(D),1930
 "49001","Beaver, UT",7,CAGDP2,64,"55","   Management of companies and enterprises ","Thousands of dollars",0,0,0,0,0,0,0,0,0,0,0,0,0,0,0,(D),(D),(D),(D),(D),(D),(D)
 "49001","Beaver, UT",7,CAGDP2,65,"56","   Administrative and support and waste management and remediation services ","Thousands of dollars",(D),(D),(D),(D),(D),(D),(D),(D),(D),(D),(D),(D),(D),(D),551,(D),(D),798,(D),(D),1625,(D)
 "49001","Beaver, UT",7,CAGDP2,68,"61,62","  Educational services, health care, and social assistance ","Thousands of dollars",1513,1838,2140,2508,2412,(D),2492,2997,3630,3446,3794,4197,(D),4640,4841,4830,(D),(D),4111,3851,4340,4680
 "49001","Beaver, UT",7,CAGDP2,69,"61","   Educational services ","Thousands of dollars",8,9,2,100,87,76,54,39,40,70,(D),155,355,889,1250,1076,705,192,131,59,10,15
 "49001","Beaver, UT",7,CAGDP2,70,"62","   Health care and social assistance ","Thousands of dollars",1505,1829,2138,2408,2325,(D),2438,2957,3590,3376,(D),4042,(D),3751,3591,3754,(D),(D),3980,3792,4330,4665
 "49001","Beaver, UT",7,CAGDP2,75,"71,72","  Arts, entertainment, recreation, accommodation, and food services ","Thousands of dollars",8322,8673,7670,(D),7931,8427,9341,9569,9382,10025,14085,15423,16496,13647,13816,12994,13759,15224,19181,16728,24225,26478
 "49001","Beaver, UT",7,CAGDP2,76,"71","   Arts, entertainment, and recreation ","Thousands of dollars",(D),(D),(D),(D),(D),(D),(D),(D),(D),(D),(D),(D),(D),(D),(D),(D),(D),(D),(D),(D),(D),(D)
 "49001","Beaver, UT",7,CAGDP2,79,"72","   Accommodation and food services ","Thousands of dollars",(D),(D),(D),(D),(D),(D),(D),(D),(D),(D),(D),(D),(D),(D),(D),(D),(D),(D),(D),(D),(D),(D)
 "49001","Beaver, UT",7,CAGDP2,82,"81","  Other services (except government and government enterprises) ","Thousands of dollars",4640,5000,4934,4907,(D),5260,5394,5552,5872,5826,6262,6910,(D),(D),7257,7662,7999,8587,8614,9528,(D),10456
 "49001","Beaver, UT",7,CAGDP2,83,"92","Government and government enterprises ","Thousands of dollars",27234,28754,28250,29839,32081,34278,36900,38839,40235,42285,42984,42097,44942,44913,46688,47851,50405,52607,54532,55833,58483,61578
 "49001","Beaver, UT",7,CAGDP2,87,"11,21","Natural resources and mining ","Thousands of dollars",89366,54942,46660,106124,109420,28621,51413,48873,82362,107611,63602,81076,144770,161269,70071,43082,114213,72536,87430,54964,151143,283029
 "49001","Beaver, UT",7,CAGDP2,88,"42,44-45","Trade ","Thousands of dollars",9885,10275,10831,13383,12589,(D),(D),(D),(D),(D),(D),(D),16798,17633,20369,21791,21203,(D),(D),(D),(D),(D)
 "49001","Beaver, UT",7,CAGDP2,89,"22,48-49","Transportation and utilities ","Thousands of dollars",16889,17709,30375,41680,47084,42915,30266,32370,29991,46527,54845,62468,57271,75110,74152,97156,108563,105089,108081,125831,156077,198904
 "49001","Beaver, UT",7,CAGDP2,90,"31-33,51","Manufacturing and information ","Thousands of dollars",5722,6030,7099,6933,7300,6377,8508,(D),(D),(D),(D),(D),(D),33525,29486,20775,18874,18852,19475,18474,16781,19029
 "49001","Beaver, UT",7,CAGDP2,91,"...","Private goods-producing industries 2/","Thousands of dollars",100362,65882,57549,116162,120450,40294,67282,63860,109443,124693,86195,98988,190048,199728,105730,71725,143909,104156,120567,88748,183924,326743
 "49001","Beaver, UT",7,CAGDP2,92,"...","Private services-providing industries 3/","Thousands of dollars",64779,69862,83567,98413,107379,105706,98621,103128,102982,123542,138361,138747,136289,152229,157462,181445,193572,198094,210392,227348,270101,318268
 "49003","Box Elder, UT",7,CAGDP2,1,"...","All industry total ","Thousands of dollars",1383657,1457362,1458594,1519170,1625892,1928694,2076255,2205993,2104972,2105525,1951754,1782061,1925041,1953863,2142943,2161087,2261288,2315598,2409866,2467783,2676301,3032064
 "49003","Box Elder, UT",7,CAGDP2,2,"..."," Private industries ","Thousands of dollars",1262134,1334548,1332058,1389038,1483605,1778953,1917470,2037874,1939968,1939356,1794273,1633061,1757808,1778283,1966218,1974264,2066113,2114475,2196640,2240614,2438569,2785028
 "49003","Box Elder, UT",7,CAGDP2,3,"11","  Agriculture, forestry, fishing and hunting ","Thousands of dollars",55901,51040,74678,83609,81122,59118,76784,63665,8679,43121,105635,84364,117452,125725,83362,67564,95719,10218,98427,104337,8626,70058
 "49003","Box Elder, UT",7,CAGDP2,6,"21","  Mining, quarrying, and oil and gas extraction ","Thousands of dollars",2354,2462,3135,4030,2888,3934,3557,1502,3798,8610,6928,2957,4395,7932,2350,4155,7199,6353,8778,11111,14410,6278
 "49003","Box Elder, UT",7,CAGDP2,10,"22","  Utilities ","Thousands of dollars",2382,2526,2401,2811,3846,4602,3363,4162,4678,3903,7354,4250,4044,4741,5502,6821,12620,11789,(D),20854,26769,27565
 "49003","Box Elder, UT",7,CAGDP2,11,"23","  Construction ","Thousands of dollars",50434,47829,48063,52050,64718,67438,92740,108802,100421,69354,58402,63414,79664,87587,112075,137770,134360,148494,171996,202886,240095,276858
 "49003","Box Elder, UT",7,CAGDP2,12,"31-33","  Manufacturing ","Thousands of dollars",734203,799075,759957,768576,830346,1135214,1182629,1278168,1246183,1222475,1003753,834179,878090,872362,1002071,937962,973035,990549,961416,943756,1129221,1324448
 "49003","Box Elder, UT",7,CAGDP2,13,"321,327-339","   Durable goods manufacturing ","Thousands of dollars",718324,781099,743650,752288,808453,1110576,1150446,1219571,1136415,1085105,853993,671585,695152,693646,811389,771144,816459,851312,789321,779897,956197,1150793
 "49003","Box Elder, UT",7,CAGDP2,25,"311-316,322-326","   Nondurable goods manufacturing ","Thousands of dollars",15879,17976,16307,16289,21893,24638,32183,58597,109768,137370,149760,162594,182938,178715,190683,166819,156577,139238,172094,163859,173023,173655
 "49003","Box Elder, UT",7,CAGDP2,34,"42","  Wholesale trade ","Thousands of dollars",37953,28664,23172,27156,34113,40279,47218,47522,41509,45237,49614,55991,62436,70789,76055,82534,78336,74206,62964,65281,69107,77973
 "49003","Box Elder, UT",7,CAGDP2,35,"44-45","  Retail trade ","Thousands of dollars",66434,67296,70602,79522,76817,81534,88008,89277,82785,78848,75178,76800,83421,85866,97823,108898,118959,127752,136786,136952,141774,155609
 "49003","Box Elder, UT",7,CAGDP2,36,"48-49","  Transportation and warehousing ","Thousands of dollars",41699,49369,61078,68270,77820,72038,77486,84562,81288,75981,76994,83459,88896,93160,96935,104544,111172,116766,118168,130621,160296,172715
 "49003","Box Elder, UT",7,CAGDP2,45,"51","  Information ","Thousands of dollars",10129,13447,16272,19228,16554,13786,10120,12842,10546,10215,8448,7919,(D),7165,13733,20181,25968,27357,30578,29971,31654,34765
 "49003","Box Elder, UT",7,CAGDP2,50,"52,53","  Finance, insurance, real estate, rental, and leasing ","Thousands of dollars",137124,150264,155534,159164,169841,168147,193446,190930,198540,215333,220985,225356,221431,203867,242807,246636,247207,314860,291443,296587,287753,276542
 "49003","Box Elder, UT",7,CAGDP2,51,"52","   Finance and insurance ","Thousands of dollars",27970,31097,31665,31962,27036,29327,26998,22813,20471,21590,21904,27164,23770,25087,24974,26697,29370,30374,34134,44009,40245,39967
 "49003","Box Elder, UT",7,CAGDP2,56,"53","   Real estate and rental and leasing ","Thousands of dollars",109154,119167,123869,127202,142805,138820,166448,168118,178068,193742,199080,198192,197661,178780,217833,219938,217837,284487,257309,252578,247508,236575
 "49003","Box Elder, UT",7,CAGDP2,59,"54,55,56","  Professional and business services ","Thousands of dollars",39967,32347,20256,23513,24346,24576,27584,32406,29993,33396,40859,45072,(D),54421,60017,71740,70317,81579,(D),77757,80684,90884
 "49003","Box Elder, UT",7,CAGDP2,60,"54","   Professional, scientific, and technical services ","Thousands of dollars",(D),12218,(D),(D),12305,(D),16025,18728,16746,17836,(D),(D),(D),(D),(D),(D),34116,37886,(D),(D),(D),(D)
 "49003","Box Elder, UT",7,CAGDP2,64,"55","   Management of companies and enterprises ","Thousands of dollars",(D),13361,(D),(D),1192,(D),1412,1238,1153,1393,(D),(D),(D),(D),(D),(D),257,303,(D),(D),(D),(D)
 "49003","Box Elder, UT",7,CAGDP2,65,"56","   Administrative and support and waste management and remediation services ","Thousands of dollars",6125,6768,6845,10693,10848,10345,10146,12440,12094,14167,17081,18469,24847,25232,27590,31331,35944,43390,42751,36464,37998,37442
 "49003","Box Elder, UT",7,CAGDP2,68,"61,62","  Educational services, health care, and social assistance ","Thousands of dollars",32138,34497,37247,39059,39920,43287,48160,53916,60345,61982,66020,68533,73137,77308,83489,90794,89845,98880,107607,102312,108970,120297
 "49003","Box Elder, UT",7,CAGDP2,69,"61","   Educational services ","Thousands of dollars",695,1010,1166,1290,1308,1678,2131,2389,2863,3023,3797,4715,4712,4574,5345,4947,4404,4969,5910,5777,6632,7550
 "49003","Box Elder, UT",7,CAGDP2,70,"62","   Health care and social assistance ","Thousands of dollars",31443,33487,36081,37769,38612,41610,46029,51527,57482,58959,62224,63818,68425,72734,78144,85847,85441,93911,101697,96535,102337,112748
 "49003","Box Elder, UT",7,CAGDP2,75,"71,72","  Arts, entertainment, recreation, accommodation, and food services ","Thousands of dollars",20952,21123,22864,24593,25482,27280,27426,27956,27713,28073,29641,32801,33305,34781,37219,40612,43546,49134,53019,48894,62208,70944
 "49003","Box Elder, UT",7,CAGDP2,76,"71","   Arts, entertainment, and recreation ","Thousands of dollars",1536,1605,1840,1961,1721,1842,1854,2196,2319,2901,3756,4908,5035,5382,5055,5519,5861,6282,6337,6134,9531,12119
 "49003","Box Elder, UT",7,CAGDP2,79,"72","   Accommodation and food services ","Thousands of dollars",19416,19519,21024,22632,23761,25438,25572,25760,25393,25171,25885,27893,28270,29399,32163,35093,37685,42852,46682,42760,52676,58825
 "49003","Box Elder, UT",7,CAGDP2,82,"81","  Other services (except government and government enterprises) ","Thousands of dollars",30464,34608,36801,37456,35794,37720,38947,42163,43491,42828,44461,47968,49286,52579,52779,54052,57830,56539,58343,69293,77003,80091
 "49003","Box Elder, UT",7,CAGDP2,83,"92","Government and government enterprises ","Thousands of dollars",121524,122814,126536,130132,142287,149741,158785,168119,165004,166168,157482,149000,167234,175580,176725,186823,195175,201123,213226,227168,237732,247036
 "49003","Box Elder, UT",7,CAGDP2,87,"11,21","Natural resources and mining ","Thousands of dollars",58255,53502,77812,87639,84010,63051,80341,65167,12477,51730,112563,87321,121848,133658,85712,71719,102918,16570,107204,115448,23036,76335
 "49003","Box Elder, UT",7,CAGDP2,88,"42,44-45","Trade ","Thousands of dollars",104387,95959,93774,106678,110930,121813,135227,136800,124293,124086,124792,132791,145857,156654,173878,191432,197295,201958,199750,202233,210881,233582
 "49003","Box Elder, UT",7,CAGDP2,89,"22,48-49","Transportation and utilities ","Thousands of dollars",44081,51895,63478,71081,81666,76640,80849,88724,85966,79884,84348,87708,92940,97901,102437,111365,123792,128555,(D),151475,187065,200281
 "49003","Box Elder, UT",7,CAGDP2,90,"31-33,51","Manufacturing and information ","Thousands of dollars",744332,812522,776229,787805,846900,1149000,1192749,1291011,1256729,1232690,1012201,842098,(D),879527,1015805,958144,999003,1017906,991994,973728,1160875,1359213
 "49003","Box Elder, UT",7,CAGDP2,91,"...","Private goods-producing industries 2/","Thousands of dollars",842892,900407,885832,908266,979074,1265703,1355711,1452137,1359081,1343560,1174718,984914,1079601,1093606,1199858,1147452,1210314,1155613,1240616,1262091,1392352,1677642
 "49003","Box Elder, UT",7,CAGDP2,92,"...","Private services-providing industries 3/","Thousands of dollars",419241,434141,446226,480772,504531,513250,561759,585737,580887,595797,619554,648148,678207,684677,766359,826813,855800,958862,956024,978524,1046217,1107386
 "49005","Cache, UT",7,CAGDP2,1,"...","All industry total ","Thousands of dollars",2156502,2230949,2395665,2569491,2631337,2797434,3050974,3262814,3490757,3779429,3976755,3968887,4110288,4330836,4608657,4861451,5322111,5903333,6167977,6363470,7030994,7454226
 "49005","Cache, UT",7,CAGDP2,2,"..."," Private industries ","Thousands of dollars",1702565,1767203,1900170,2047393,2080208,2214655,2454129,2620388,2850984,3112788,3281388,3281405,3418116,3616948,3879978,4090115,4509884,5067569,5301148,5465083,6102995,6479263
 "49005","Cache, UT",7,CAGDP2,3,"11","  Agriculture, forestry, fishing and hunting ","Thousands of dollars",91858,43067,41401,71580,15447,23199,36499,65946,11430,77530,98186,(D),106839,(D),106165,105253,99940,118750,(D),85928,112178,166136
 "49005","Cache, UT",7,CAGDP2,6,"21","  Mining, quarrying, and oil and gas extraction ","Thousands of dollars",2125,1070,707,783,1226,1437,1020,818,901,1530,1651,2110,2499,2952,2494,2236,3179,3884,4104,3765,4902,(D)
 "49005","Cache, UT",7,CAGDP2,10,"22","  Utilities ","Thousands of dollars",3585,4513,4602,4686,4837,5830,6011,6811,6814,6812,7589,(D),8057,(D),9607,10217,12886,15227,(D),25732,34003,(D)
 "49005","Cache, UT",7,CAGDP2,11,"23","  Construction ","Thousands of dollars",103188,100934,113654,137529,154076,156843,170773,151157,147952,196938,156186,142016,163547,194460,212138,235907,283094,312310,354669,456804,467798,529974
 "49005","Cache, UT",7,CAGDP2,12,"31-33","  Manufacturing ","Thousands of dollars",432093,449726,575391,577916,583920,646964,749721,801145,1026323,1087647,1131815,997491,948285,997343,1081227,1075975,1147718,1389977,1386612,1495655,1685797,1625433
 "49005","Cache, UT",7,CAGDP2,13,"321,327-339","   Durable goods manufacturing ","Thousands of dollars",137276,(D),(D),264009,284068,291815,375697,394072,366758,369539,400853,400312,371209,373880,413750,397838,432431,467807,476095,580013,834518,631148
 "49005","Cache, UT",7,CAGDP2,25,"311-316,322-326","   Nondurable goods manufacturing ","Thousands of dollars",294817,(D),(D),313907,299852,355149,374024,407073,659565,718109,730962,597179,577076,623463,667477,678137,715286,922170,910516,915643,851279,994285
 "49005","Cache, UT",7,CAGDP2,34,"42","  Wholesale trade ","Thousands of dollars",32861,33777,35999,43525,52798,61096,67471,71874,72206,81309,118370,115048,115986,120094,131998,159189,167182,179129,196442,216084,247510,282346
 "49005","Cache, UT",7,CAGDP2,35,"44-45","  Retail trade ","Thousands of dollars",148069,152824,165217,184054,188226,206151,215979,221323,211728,213475,217092,224768,251006,270477,315754,358608,393307,422330,449611,505842,598898,668202
 "49005","Cache, UT",7,CAGDP2,36,"48-49","  Transportation and warehousing ","Thousands of dollars",44002,44933,54063,54197,53065,51499,52859,58868,58001,60475,64221,73109,80801,82453,84158,93258,98276,102879,89909,90658,98718,107486
 "49005","Cache, UT",7,CAGDP2,45,"51","  Information ","Thousands of dollars",41743,54223,57679,66496,74584,62604,66312,76576,90794,104963,125247,121649,137082,(D),120624,95649,74273,79284,90391,96093,109256,121883
 "49005","Cache, UT",7,CAGDP2,50,"52,53","  Finance, insurance, real estate, rental, and leasing ","Thousands of dollars",320776,346931,382635,391753,419083,412504,463794,473736,525792,568692,612761,736323,721729,766181,847643,922189,1043013,1140735,1168261,1006155,1130057,(D)
 "49005","Cache, UT",7,CAGDP2,51,"52","   Finance and insurance ","Thousands of dollars",69665,83321,104006,102584,99135,95643,89706,77015,73503,90391,89622,137257,119889,125651,139543,150600,156258,128042,136972,144920,163836,176166
 "49005","Cache, UT",7,CAGDP2,56,"53","   Real estate and rental and leasing ","Thousands of dollars",251111,263610,278629,289169,319949,316861,374088,396720,452290,478301,523140,599066,601840,640530,708100,771589,886755,1012694,1031289,861235,966221,(D)
 "49005","Cache, UT",7,CAGDP2,59,"54,55,56","  Professional and business services ","Thousands of dollars",243127,270159,184171,202853,203575,229349,245216,279884,263234,269098,280481,289485,343520,358430,371167,393687,515720,597081,681010,722221,746760,772279
 "49005","Cache, UT",7,CAGDP2,60,"54","   Professional, scientific, and technical services ","Thousands of dollars",89349,105308,106407,116369,114838,119538,127115,162069,157476,166137,187174,193887,240703,247374,267904,285711,319263,381535,441717,479836,537079,599214
 "49005","Cache, UT",7,CAGDP2,64,"55","   Management of companies and enterprises ","Thousands of dollars",106259,116983,18815,19534,23013,38469,35931,40346,(D),28337,19906,24600,26926,29006,25125,30211,31230,34335,40113,38305,88316,69545
 "49005","Cache, UT",7,CAGDP2,65,"56","   Administrative and support and waste management and remediation services ","Thousands of dollars",47519,47867,58948,66950,65724,71342,82169,77469,(D),74623,73401,70999,75891,82050,78139,77765,165227,181211,199180,204081,121365,103520
 "49005","Cache, UT",7,CAGDP2,68,"61,62","  Educational services, health care, and social assistance ","Thousands of dollars",103967,119926,136346,155160,168136,185046,200458,225658,239166,243022,259729,270386,312391,323385,338301,367063,377880,397727,436609,437496,494680,541034
 "49005","Cache, UT",7,CAGDP2,69,"61","   Educational services ","Thousands of dollars",4314,7349,8869,11104,9758,11197,12894,14643,15874,18015,20988,22901,21215,22091,23352,26778,26343,30590,36604,36453,40859,46890
 "49005","Cache, UT",7,CAGDP2,70,"62","   Health care and social assistance ","Thousands of dollars",99653,112577,127476,144056,158378,173849,187563,211015,223293,225007,238741,247485,291176,301294,314949,340285,351537,367136,400005,401043,453821,494144
 "49005","Cache, UT",7,CAGDP2,75,"71,72","  Arts, entertainment, recreation, accommodation, and food services ","Thousands of dollars",54724,58151,58098,63302,63878,69910,75504,79902,86817,93945,99921,103780,112388,123565,129935,135973,145990,153119,158984,137641,177148,207613
 "49005","Cache, UT",7,CAGDP2,76,"71","   Arts, entertainment, and recreation ","Thousands of dollars",10474,13143,13446,14007,13095,13911,13975,14692,15426,15553,19344,24576,34146,40936,37902,40847,40076,38964,33647,25719,32724,39925
 "49005","Cache, UT",7,CAGDP2,79,"72","   Accommodation and food services ","Thousands of dollars",44250,45008,44652,49295,50782,55999,61529,65210,71390,78392,80576,79204,78242,82630,92033,95126,105914,114155,125337,111922,144424,167688
 "49005","Cache, UT",7,CAGDP2,82,"81","  Other services (except government and government enterprises) ","Thousands of dollars",80448,86969,90207,93558,97356,102225,102513,106690,109826,107351,108138,112492,113985,125143,128766,134910,147426,155137,164853,185008,195291,208516
 "49005","Cache, UT",7,CAGDP2,83,"92","Government and government enterprises ","Thousands of dollars",453937,463747,495495,522098,551128,582778,596844,642426,639773,666641,695368,687482,692171,713888,728678,771336,812228,835765,866829,898388,927999,974962
 "49005","Cache, UT",7,CAGDP2,87,"11,21","Natural resources and mining ","Thousands of dollars",93983,44136,42109,72364,16673,24636,37518,66765,12331,79060,99837,(D),109338,(D),108660,107489,103118,122634,(D),89692,117080,(D)
 "49005","Cache, UT",7,CAGDP2,88,"42,44-45","Trade ","Thousands of dollars",180930,186601,201215,227579,241024,267247,283450,293197,283934,294784,335463,339816,366992,390571,447752,517797,560488,601459,646053,721926,846408,950548
 "49005","Cache, UT",7,CAGDP2,89,"22,48-49","Transportation and utilities ","Thousands of dollars",47587,49446,58665,58884,57903,57329,58870,65679,64815,67287,71810,(D),88859,(D),93765,103475,111162,118106,(D),116391,132721,(D)
 "49005","Cache, UT",7,CAGDP2,90,"31-33,51","Manufacturing and information ","Thousands of dollars",473836,503949,633071,644412,658505,709568,816033,877721,1117117,1192610,1257061,1119140,1085367,(D),1201851,1171625,1221991,1469261,1477003,1591748,1795053,1747316
 "49005","Cache, UT",7,CAGDP2,91,"...","Private goods-producing industries 2/","Thousands of dollars",629264,594797,731154,787809,754670,828443,958013,1019067,1186606,1363646,1387838,(D),1221170,(D),1402025,1419372,1533930,1824921,(D),2042152,2270674,(D)
 "49005","Cache, UT",7,CAGDP2,92,"...","Private services-providing industries 3/","Thousands of dollars",1073301,1172406,1169016,1259585,1325539,1386213,1496116,1601321,1664378,1749142,1893549,(D),2196946,(D),2477953,2670743,2975953,3242648,(D),3422930,3832320,(D)
 "49007","Carbon, UT",7,CAGDP2,1,"...","All industry total ","Thousands of dollars",681170,677839,723690,766131,904628,1023218,1100987,1281385,1117997,1132652,1214640,1066279,1070696,1139764,1031667,985428,945663,1024508,1136137,1162784,1252142,1295746
 "49007","Carbon, UT",7,CAGDP2,2,"..."," Private industries ","Thousands of dollars",578465,574864,620357,657375,790017,903080,976510,1151324,991123,1002480,1084680,938686,946309,1014297,904354,853393,810333,886692,996691,1018402,1104307,1140260
 "49007","Carbon, UT",7,CAGDP2,3,"11","  Agriculture, forestry, fishing and hunting ","Thousands of dollars",995,1369,1761,2450,5119,1781,2196,3378,3426,4022,684,1302,2063,2327,1243,2048,2760,1386,570,421,649,1870
 "49007","Carbon, UT",7,CAGDP2,6,"21","  Mining, quarrying, and oil and gas extraction ","Thousands of dollars",158808,151456,193926,217965,292698,335052,402731,455721,361223,328655,394362,289165,303095,350822,325282,319345,258623,324825,387333,403126,438528,420661
 "49007","Carbon, UT",7,CAGDP2,10,"22","  Utilities ","Thousands of dollars",43931,41134,41242,41602,46023,50032,48539,47952,53449,59755,66610,69689,65495,68680,42137,28801,31288,34069,37329,45504,62177,78886
 "49007","Carbon, UT",7,CAGDP2,11,"23","  Construction ","Thousands of dollars",27463,22331,17421,15908,18618,37616,27907,27935,27906,36713,39222,38329,37413,43991,50792,33736,32064,32037,31306,31481,41287,42739
 "49007","Carbon, UT",7,CAGDP2,12,"31-33","  Manufacturing ","Thousands of dollars",26841,20885,19690,26383,34992,46863,47819,49441,39266,42525,43926,33898,37557,36830,42191,32488,32979,38134,42287,45064,46607,49886
 "49007","Carbon, UT",7,CAGDP2,13,"321,327-339","   Durable goods manufacturing ","Thousands of dollars",14200,(D),(D),13876,18793,22534,22405,(D),(D),(D),(D),(D),31303,30160,34753,25516,27068,31496,35007,37543,40892,(D)
 "49007","Carbon, UT",7,CAGDP2,25,"311-316,322-326","   Nondurable goods manufacturing ","Thousands of dollars",12641,(D),(D),12507,16199,24329,25413,(D),(D),(D),(D),(D),6254,6669,7438,6972,5912,6638,7281,7522,5714,(D)
 "49007","Carbon, UT",7,CAGDP2,34,"42","  Wholesale trade ","Thousands of dollars",31701,32902,35239,38946,42816,44211,46113,49828,50870,54355,62699,67600,60688,54483,49093,43821,39450,40385,41543,42286,44987,46859
 "49007","Carbon, UT",7,CAGDP2,35,"44-45","  Retail trade ","Thousands of dollars",42963,43430,45378,45100,49333,52966,53940,56342,56632,53527,50622,53000,55389,56702,58275,59847,59758,63301,65158,73031,92656,89742
 "49007","Carbon, UT",7,CAGDP2,36,"48-49","  Transportation and warehousing ","Thousands of dollars",57559,55370,55567,52151,66221,85351,99309,183869,100504,122955,109019,107163,101770,117915,41353,31265,36807,47608,49440,35003,44789,56720
 "49007","Carbon, UT",7,CAGDP2,45,"51","  Information ","Thousands of dollars",8187,8642,8859,10978,12552,14913,11486,11161,8666,8223,8631,6064,6361,5513,6111,5236,4479,3689,5372,5740,4099,4394
 "49007","Carbon, UT",7,CAGDP2,50,"52,53","  Finance, insurance, real estate, rental, and leasing ","Thousands of dollars",86468,96124,103051,104069,120103,124164,124293,143861,166373,160398,171845,128475,129285,130862,135704,143857,151668,133802,160913,159749,146670,155522
 "49007","Carbon, UT",7,CAGDP2,51,"52","   Finance and insurance ","Thousands of dollars",17477,19754,20229,19550,18540,19939,19570,16709,13436,14091,15236,15299,13803,13915,13029,12671,12300,12879,13485,14216,14423,15730
 "49007","Carbon, UT",7,CAGDP2,56,"53","   Real estate and rental and leasing ","Thousands of dollars",68990,76370,82822,84520,101563,104225,104723,127153,152938,146307,156610,113176,115481,116947,122675,131186,139368,120923,147427,145533,132247,139792
 "49007","Carbon, UT",7,CAGDP2,59,"54,55,56","  Professional and business services ","Thousands of dollars",26504,27308,24356,24235,24918,24681,24864,30281,28876,35799,37812,38722,38500,38578,42632,38322,37987,38766,42346,41036,38650,40454
 "49007","Carbon, UT",7,CAGDP2,60,"54","   Professional, scientific, and technical services ","Thousands of dollars",7671,8315,(D),(D),(D),8328,(D),(D),(D),(D),(D),(D),(D),16354,16551,15321,15125,17829,18154,17588,(D),(D)
 "49007","Carbon, UT",7,CAGDP2,64,"55","   Management of companies and enterprises ","Thousands of dollars",4036,4050,(D),(D),(D),4124,(D),(D),(D),(D),(D),(D),(D),3076,3596,2958,3019,2421,5756,6875,(D),(D)
 "49007","Carbon, UT",7,CAGDP2,65,"56","   Administrative and support and waste management and remediation services ","Thousands of dollars",14796,14943,13039,13115,13253,12230,11451,15082,14877,22164,23124,23148,20386,19148,22486,20043,19844,18515,18435,16573,18036,19160
 "49007","Carbon, UT",7,CAGDP2,68,"61,62","  Educational services, health care, and social assistance ","Thousands of dollars",29383,33124,34097,36915,39070,44097,45136,47641,49940,50616,54917,58389,63731,62359,64880,70308,73833,75659,76887,77252,82863,88705
 "49007","Carbon, UT",7,CAGDP2,69,"61","   Educational services ","Thousands of dollars",(D),(D),(D),(D),(D),(D),(D),(D),(D),(D),(D),(D),(D),(D),(D),(D),(D),(D),(D),(D),(D),(D)
 "49007","Carbon, UT",7,CAGDP2,70,"62","   Health care and social assistance ","Thousands of dollars",(D),(D),(D),(D),(D),(D),(D),(D),(D),(D),(D),(D),(D),(D),(D),(D),(D),(D),(D),(D),(D),(D)
 "49007","Carbon, UT",7,CAGDP2,75,"71,72","  Arts, entertainment, recreation, accommodation, and food services ","Thousands of dollars",15449,16720,15167,15050,15312,17636,18224,17855,17173,17262,17613,18155,18443,18236,18467,17590,17842,19760,21436,18886,23266,26623
 "49007","Carbon, UT",7,CAGDP2,76,"71","   Arts, entertainment, and recreation ","Thousands of dollars",1531,1638,1678,1672,1725,1764,1727,1572,1793,1999,2350,2822,2547,2204,1847,1859,1732,1815,1667,1517,1939,2210
 "49007","Carbon, UT",7,CAGDP2,79,"72","   Accommodation and food services ","Thousands of dollars",13919,15082,13488,13378,13587,15872,16497,16282,15380,15263,15263,15333,15895,16032,16619,15731,16109,17945,19769,17369,21327,24413
 "49007","Carbon, UT",7,CAGDP2,82,"81","  Other services (except government and government enterprises) ","Thousands of dollars",22214,24070,24604,25623,22242,23718,23955,26058,26818,27674,26720,28737,26520,27001,26194,26728,30795,33270,34771,39823,37081,37198
 "49007","Carbon, UT",7,CAGDP2,83,"92","Government and government enterprises ","Thousands of dollars",102705,102975,103332,108756,114611,120138,124477,130061,126874,130172,129960,127593,124387,125466,127313,132034,135330,137817,139446,144381,147835,155486
 "49007","Carbon, UT",7,CAGDP2,87,"11,21","Natural resources and mining ","Thousands of dollars",159802,152825,195687,220415,297816,336833,404927,459100,364650,332677,395046,290467,305158,353148,326525,321393,261384,326211,387902,403547,439177,422532
 "49007","Carbon, UT",7,CAGDP2,88,"42,44-45","Trade ","Thousands of dollars",74664,76332,80616,84045,92149,97177,100052,106170,107501,107882,113321,120600,116078,111185,107368,103668,99208,103686,106701,115317,137643,136601
 "49007","Carbon, UT",7,CAGDP2,89,"22,48-49","Transportation and utilities ","Thousands of dollars",101490,96504,96809,93753,112244,135382,147848,231821,153954,182710,175629,176852,167265,186594,83490,60066,68095,81677,86769,80507,106966,135606
 "49007","Carbon, UT",7,CAGDP2,90,"31-33,51","Manufacturing and information ","Thousands of dollars",35028,29527,28549,37361,47544,61776,59305,60602,47932,50748,52556,39962,43918,42343,48302,37723,37459,41823,47660,50804,50706,54280
 "49007","Carbon, UT",7,CAGDP2,91,"...","Private goods-producing industries 2/","Thousands of dollars",214106,196041,232798,262706,351426,421312,480652,536476,431821,411916,478193,362694,380127,433969,419508,387617,326427,396383,461496,480092,527070,515157
 "49007","Carbon, UT",7,CAGDP2,92,"...","Private services-providing industries 3/","Thousands of dollars",364359,378824,387560,394669,438591,481768,495858,614848,559302,590565,606487,575992,566182,580329,484847,465777,483906,490309,535195,538310,577237,625103
 "49009","Daggett, UT",7,CAGDP2,1,"...","All industry total ","Thousands of dollars",37960,40619,41057,40902,47713,46756,47945,55221,57709,56692,69394,56904,55023,58725,125189,115300,155981,169563,133477,126804,105062,130732
 "49009","Daggett, UT",7,CAGDP2,2,"..."," Private industries ","Thousands of dollars",26807,28864,28307,27667,33411,32870,34290,40883,43805,41883,53915,41665,40009,43026,108994,99206,140073,155753,119802,112236,90005,115679
 "49009","Daggett, UT",7,CAGDP2,3,"11","  Agriculture, forestry, fishing and hunting ","Thousands of dollars",(D),875,515,(D),(D),(D),(D),(D),(D),(D),1889,(D),(D),(D),(D),(D),(D),(D),(D),(D),4129,4974
 "49009","Daggett, UT",7,CAGDP2,6,"21","  Mining, quarrying, and oil and gas extraction ","Thousands of dollars",844,863,1599,2264,3155,2430,1276,2550,887,1459,1172,(D),382,1582,520,515,153,0,0,0,(D),(D)
 "49009","Daggett, UT",7,CAGDP2,10,"22","  Utilities ","Thousands of dollars",4686,3649,(D),4266,7146,(D),5425,(D),(D),(D),(D),(D),9371,12894,(D),20008,34047,(D),(D),24018,16770,32474
 "49009","Daggett, UT",7,CAGDP2,11,"23","  Construction ","Thousands of dollars",(D),(D),(D),(D),2609,(D),(D),(D),(D),(D),(D),(D),(D),1073,2464,1045,(D),(D),(D),(D),(D),(D)
 "49009","Daggett, UT",7,CAGDP2,12,"31-33","  Manufacturing ","Thousands of dollars",(D),(D),(D),(D),(D),(D),(D),114,(D),(D),(D),(D),(D),(D),(D),(D),(D),(D),(D),(D),202,259
 "49009","Daggett, UT",7,CAGDP2,13,"321,327-339","   Durable goods manufacturing ","Thousands of dollars",(D),(D),(D),(D),(D),(D),(D),96,(D),(D),(D),(D),(D),(D),(D),(D),(D),(D),(D),(D),81,114
 "49009","Daggett, UT",7,CAGDP2,25,"311-316,322-326","   Nondurable goods manufacturing ","Thousands of dollars",415,578,407,196,146,55,20,18,21,15,11,19,28,20,16,0,38,56,62,38,121,146
 "49009","Daggett, UT",7,CAGDP2,34,"42","  Wholesale trade ","Thousands of dollars",98,100,51,49,0,3,2,6,(D),4,4,11,38,11,5,3,23,31,31,1,0,1
 "49009","Daggett, UT",7,CAGDP2,35,"44-45","  Retail trade ","Thousands of dollars",(D),(D),(D),(D),(D),(D),(D),(D),(D),(D),(D),(D),(D),(D),(D),(D),(D),1732,(D),(D),(D),(D)
 "49009","Daggett, UT",7,CAGDP2,36,"48-49","  Transportation and warehousing ","Thousands of dollars",(D),(D),(D),(D),(D),(D),(D),(D),(D),(D),(D),(D),(D),(D),(D),(D),(D),103286,(D),(D),(D),(D)
 "49009","Daggett, UT",7,CAGDP2,45,"51","  Information ","Thousands of dollars",(D),(D),(D),(D),(D),(D),(D),(D),(D),(D),(D),(D),(D),(D),65,37,44,(D),55,40,35,59
 "49009","Daggett, UT",7,CAGDP2,50,"52,53","  Finance, insurance, real estate, rental, and leasing ","Thousands of dollars",7565,9992,10432,9587,11500,11684,11568,14147,17210,16543,17639,11870,12435,(D),13723,14079,14246,12086,15155,15538,13669,(D)
 "49009","Daggett, UT",7,CAGDP2,51,"52","   Finance and insurance ","Thousands of dollars",0,0,0,8,15,17,12,2,6,1,0,0,2,253,294,120,0,0,0,0,(D),(D)
 "49009","Daggett, UT",7,CAGDP2,56,"53","   Real estate and rental and leasing ","Thousands of dollars",7565,9992,10432,9579,11485,11667,11556,14145,17204,16542,17639,11870,12433,(D),13429,13959,14246,12086,15155,15538,(D),14465
 "49009","Daggett, UT",7,CAGDP2,59,"54,55,56","  Professional and business services ","Thousands of dollars",(D),(D),(D),(D),145,107,101,66,103,107,(D),(D),218,267,(D),(D),754,973,1004,904,773,481
 "49009","Daggett, UT",7,CAGDP2,60,"54","   Professional, scientific, and technical services ","Thousands of dollars",(D),(D),(D),(D),(D),(D),(D),(D),(D),(D),38,54,(D),(D),(D),(D),(D),(D),(D),(D),96,113
 "49009","Daggett, UT",7,CAGDP2,64,"55","   Management of companies and enterprises ","Thousands of dollars",0,0,0,0,0,0,0,0,0,0,0,0,0,0,0,0,0,0,0,0,(D),(D)
 "49009","Daggett, UT",7,CAGDP2,65,"56","   Administrative and support and waste management and remediation services ","Thousands of dollars",71,78,74,79,(D),(D),(D),(D),(D),(D),(D),(D),(D),(D),132,(D),(D),(D),(D),(D),(D),(D)
 "49009","Daggett, UT",7,CAGDP2,68,"61,62","  Educational services, health care, and social assistance ","Thousands of dollars",12,11,8,23,49,57,71,124,106,55,22,40,63,47,37,4,70,135,223,(D),(D),(D)
 "49009","Daggett, UT",7,CAGDP2,69,"61","   Educational services ","Thousands of dollars",7,8,8,23,31,37,34,8,0,16,22,40,63,47,35,3,70,112,109,56,51,58
 "49009","Daggett, UT",7,CAGDP2,70,"62","   Health care and social assistance ","Thousands of dollars",5,3,0,0,18,20,37,116,106,39,0,0,0,0,2,1,0,23,114,(D),(D),(D)
 "49009","Daggett, UT",7,CAGDP2,75,"71,72","  Arts, entertainment, recreation, accommodation, and food services ","Thousands of dollars",5387,5383,4797,4777,4821,4740,5984,6833,6355,6286,6308,6677,6488,5594,5314,5476,6007,(D),(D),6686,8811,10489
 "49009","Daggett, UT",7,CAGDP2,76,"71","   Arts, entertainment, and recreation ","Thousands of dollars",1606,1666,1640,1637,1672,1634,1580,1671,1723,1888,2181,2518,(D),1776,(D),(D),(D),(D),(D),(D),1874,2152
 "49009","Daggett, UT",7,CAGDP2,79,"72","   Accommodation and food services ","Thousands of dollars",3781,3717,3158,3140,3148,3106,4404,5162,4632,4398,4128,4158,(D),3818,(D),(D),(D),(D),(D),(D),6937,8337
 "49009","Daggett, UT",7,CAGDP2,82,"81","  Other services (except government and government enterprises) ","Thousands of dollars",(D),(D),(D),(D),(D),(D),(D),(D),(D),(D),(D),(D),(D),(D),(D),(D),(D),(D),(D),(D),(D),(D)
 "49009","Daggett, UT",7,CAGDP2,83,"92","Government and government enterprises ","Thousands of dollars",11153,11755,12750,13234,14302,13886,13655,14338,13904,14809,15478,15240,15014,15699,16195,16094,15908,13810,13676,14569,15057,15053
 "49009","Daggett, UT",7,CAGDP2,87,"11,21","Natural resources and mining ","Thousands of dollars",(D),1738,2114,(D),(D),(D),(D),(D),(D),(D),3062,(D),(D),(D),(D),(D),(D),(D),(D),(D),(D),(D)
 "49009","Daggett, UT",7,CAGDP2,88,"42,44-45","Trade ","Thousands of dollars",(D),(D),(D),(D),(D),(D),(D),(D),722,(D),(D),(D),(D),(D),(D),(D),(D),1763,(D),(D),(D),(D)
 "49009","Daggett, UT",7,CAGDP2,89,"22,48-49","Transportation and utilities ","Thousands of dollars",(D),(D),(D),(D),(D),(D),(D),(D),(D),(D),(D),(D),(D),(D),(D),(D),(D),(D),(D),(D),(D),(D)
 "49009","Daggett, UT",7,CAGDP2,90,"31-33,51","Manufacturing and information ","Thousands of dollars",530,726,580,384,352,281,201,(D),209,173,218,258,286,268,(D),(D),(D),276,(D),(D),237,319
 "49009","Daggett, UT",7,CAGDP2,91,"...","Private goods-producing industries 2/","Thousands of dollars",(D),(D),3316,3771,6058,6060,6948,7983,5148,(D),6204,4249,7644,(D),8866,8019,5934,5859,(D),6258,(D),(D)
 "49009","Daggett, UT",7,CAGDP2,92,"...","Private services-providing industries 3/","Thousands of dollars",(D),(D),24991,23896,27353,26810,27342,32900,38657,(D),47712,37416,32365,(D),100128,91187,134140,149894,(D),105978,(D),(D)
 "49011","Davis, UT",7,CAGDP2,1,"...","All industry total ","Thousands of dollars",6099537,6470614,6922318,7352843,7980667,8751362,9310763,9352156,9192379,9745947,10453274,10886780,11768447,12142500,12376260,12916452,14039771,15358155,16182596,16535475,18423166,20298290
 "49011","Davis, UT",7,CAGDP2,2,"..."," Private industries ","Thousands of dollars",4225262,4427929,4793193,5113081,5631450,6269418,6759345,6808917,6565843,7008469,7540227,8038160,8967957,9229324,9400049,9698286,10601622,11817675,12439692,12557614,14268296,15977361
 "49011","Davis, UT",7,CAGDP2,3,"11","  Agriculture, forestry, fishing and hunting ","Thousands of dollars",24560,18316,12978,4563,6683,2751,12358,10663,11883,3071,14267,16560,3687,3460,(D),4546,5166,5412,9398,8340,7627,17102
 "49011","Davis, UT",7,CAGDP2,6,"21","  Mining, quarrying, and oil and gas extraction ","Thousands of dollars",7110,3878,6295,11731,17425,21802,17915,19323,19095,16879,20670,21676,22316,30905,20082,17961,25255,27608,21618,53729,42610,27298
 "49011","Davis, UT",7,CAGDP2,10,"22","  Utilities ","Thousands of dollars",5633,5954,7135,8739,8589,10590,9535,15965,16432,16965,15791,14429,14735,19657,(D),24485,57693,87583,110607,196802,307134,312710
 "49011","Davis, UT",7,CAGDP2,11,"23","  Construction ","Thousands of dollars",381298,391238,473987,531318,613379,704281,791296,636389,497666,482436,507177,720961,746702,838275,897072,1026014,1097615,1134357,1198851,1285885,1410198,1485802
 "49011","Davis, UT",7,CAGDP2,12,"31-33","  Manufacturing ","Thousands of dollars",720101,687381,775853,825523,961099,1129276,1279674,1216028,1135970,1420913,1644613,1557951,2207645,2002054,1740851,1629985,1893537,2482485,2607395,2009461,2761029,3759634
 "49011","Davis, UT",7,CAGDP2,13,"321,327-339","   Durable goods manufacturing ","Thousands of dollars",436503,452204,482261,487055,528459,561114,647075,602624,541747,680762,832965,875876,878446,893828,964134,1081321,1178350,1241009,1234162,1282138,1189688,1274456
 "49011","Davis, UT",7,CAGDP2,25,"311-316,322-326","   Nondurable goods manufacturing ","Thousands of dollars",283598,235177,293592,338467,432640,568161,632599,613403,594223,740151,811648,682075,1329199,1108225,776717,548664,715187,1241476,1373233,727323,1571340,2485179
 "49011","Davis, UT",7,CAGDP2,34,"42","  Wholesale trade ","Thousands of dollars",245452,247975,250621,252947,264690,276484,282034,303697,279807,287594,306959,319368,349019,344286,357555,367201,391495,399258,402477,413875,458016,456731
 "49011","Davis, UT",7,CAGDP2,35,"44-45","  Retail trade ","Thousands of dollars",450945,468715,490880,526569,564385,603242,639886,627479,586265,590256,625361,676228,719525,745682,846366,932359,1010740,1079067,1175219,1284114,1515595,1671909
 "49011","Davis, UT",7,CAGDP2,36,"48-49","  Transportation and warehousing ","Thousands of dollars",243618,250387,259952,298574,315694,334105,316558,327225,304096,282515,266874,269905,273495,299053,345028,366228,420925,425261,428398,477111,499897,579554
 "49011","Davis, UT",7,CAGDP2,45,"51","  Information ","Thousands of dollars",42518,60555,79702,91123,105951,135684,148293,186172,197242,189545,198798,201169,202204,198331,(D),173644,177756,168591,182663,225395,281922,242826
 "49011","Davis, UT",7,CAGDP2,50,"52,53","  Finance, insurance, real estate, rental, and leasing ","Thousands of dollars",1014569,1073918,1159362,1186771,1320587,1428043,1550564,1569415,1535073,1650183,1732379,1901355,1882132,2071560,2117853,2143692,2326576,2582562,2692164,2729848,2920022,3007226
 "49011","Davis, UT",7,CAGDP2,51,"52","   Finance and insurance ","Thousands of dollars",200316,212530,244158,235116,251818,313089,308955,249279,216843,220144,209298,273300,243900,250989,277944,302992,315183,323161,355693,443444,468223,451730
 "49011","Davis, UT",7,CAGDP2,56,"53","   Real estate and rental and leasing ","Thousands of dollars",814253,861387,915204,951655,1068769,1114954,1241609,1320136,1318230,1430039,1523081,1628055,1638232,1820570,1839909,1840700,2011393,2259401,2336471,2286404,2451799,2555496
 "49011","Davis, UT",7,CAGDP2,59,"54,55,56","  Professional and business services ","Thousands of dollars",421104,503778,520362,558978,611272,684732,747626,855465,886169,929537,1005692,1050232,1192599,1227917,1297283,1309813,1306711,1360159,1430263,1627502,1699254,1814100
 "49011","Davis, UT",7,CAGDP2,60,"54","   Professional, scientific, and technical services ","Thousands of dollars",286656,347298,347676,365359,401308,443352,486456,586079,618571,656927,726396,757916,867725,885823,900337,893203,880877,910322,980367,1142924,1160805,1272447
 "49011","Davis, UT",7,CAGDP2,64,"55","   Management of companies and enterprises ","Thousands of dollars",41336,49505,51518,59522,56587,66847,68159,70886,69350,63610,61961,66128,76319,68612,112249,120423,110516,121278,102166,98420,118734,83859
 "49011","Davis, UT",7,CAGDP2,65,"56","   Administrative and support and waste management and remediation services ","Thousands of dollars",93111,106974,121168,134097,153376,174533,193011,198499,198248,209000,217335,226187,248554,273482,284697,296188,315318,328559,347729,386158,419715,457793
 "49011","Davis, UT",7,CAGDP2,68,"61,62","  Educational services, health care, and social assistance ","Thousands of dollars",283329,300031,331602,364343,386081,433723,455310,499042,546709,576643,619398,653517,706604,754404,796174,887748,993664,1113122,1165255,1250292,1232651,1344792
 "49011","Davis, UT",7,CAGDP2,69,"61","   Educational services ","Thousands of dollars",16401,15375,16988,21003,24587,30721,38915,47952,58020,70622,77286,83986,105004,127931,154643,191452,227434,292997,279015,333271,219137,229090
 "49011","Davis, UT",7,CAGDP2,70,"62","   Health care and social assistance ","Thousands of dollars",266928,284656,314615,343340,361494,403001,416395,451090,488689,506021,542112,569531,601601,626473,641531,696296,766230,820125,886241,917021,1013514,1115702
 "49011","Davis, UT",7,CAGDP2,75,"71,72","  Arts, entertainment, recreation, accommodation, and food services ","Thousands of dollars",154748,164455,166035,176293,187614,209601,218426,227733,234524,251272,265152,289600,286898,306988,342954,375340,416729,443659,481176,417518,511209,609269
 "49011","Davis, UT",7,CAGDP2,76,"71","   Arts, entertainment, and recreation ","Thousands of dollars",37005,40001,41871,45045,44688,51155,54793,60184,66873,79834,85135,94881,85797,94326,105167,121536,138575,135028,134579,125570,132428,165424
 "49011","Davis, UT",7,CAGDP2,79,"72","   Accommodation and food services ","Thousands of dollars",117743,124453,124164,131248,142927,158446,163633,167548,167652,171438,180017,194719,201101,212662,237787,253803,278154,308630,346596,291947,378781,443845
 "49011","Davis, UT",7,CAGDP2,82,"81","  Other services (except government and government enterprises) ","Thousands of dollars",230277,251350,258428,275609,267999,295106,289868,314322,314912,310660,317097,345208,360396,386751,413106,439270,477760,508553,534210,577741,621131,648409
 "49011","Davis, UT",7,CAGDP2,83,"92","Government and government enterprises ","Thousands of dollars",1874275,2042685,2129126,2239762,2349217,2481944,2551418,2543239,2626535,2737477,2913047,2848620,2800490,2913175,2976211,3218166,3438149,3540480,3742904,3977861,4154870,4320929
 "49011","Davis, UT",7,CAGDP2,87,"11,21","Natural resources and mining ","Thousands of dollars",31670,22193,19273,16294,24108,24553,30273,29986,30979,19950,34937,38236,26003,34365,(D),22507,30422,33020,31015,62069,50237,44400
 "49011","Davis, UT",7,CAGDP2,88,"42,44-45","Trade ","Thousands of dollars",696397,716690,741501,779516,829076,879726,921921,931176,866072,877850,932319,995597,1068544,1089968,1203921,1299560,1402235,1478325,1577696,1697989,1973612,2128639
 "49011","Davis, UT",7,CAGDP2,89,"22,48-49","Transportation and utilities ","Thousands of dollars",249251,256341,267087,307313,324284,344695,326093,343191,320528,299480,282666,284334,288230,318711,(D),390713,478617,512843,539005,673914,807031,892264
 "49011","Davis, UT",7,CAGDP2,90,"31-33,51","Manufacturing and information ","Thousands of dollars",762619,747936,855555,916646,1067050,1264960,1427968,1402199,1333212,1610458,1843411,1759121,2409849,2200385,(D),1803629,2071293,2651076,2790059,2234857,3042951,4002460
 "49011","Davis, UT",7,CAGDP2,91,"...","Private goods-producing industries 2/","Thousands of dollars",1133069,1100812,1269113,1373135,1598586,1858110,2101244,1882402,1664615,1923299,2186728,2317148,2980350,2874694,(D),2678506,3021574,3649862,3837261,3357415,4221464,5289836
 "49011","Davis, UT",7,CAGDP2,92,"...","Private services-providing industries 3/","Thousands of dollars",3092193,3327117,3524080,3739947,4032863,4411308,4658101,4926515,4901229,5085170,5353499,5721012,5987608,6354630,(D),7019780,7580048,8167813,8602431,9200199,10046832,10687525
 "49013","Duchesne, UT",7,CAGDP2,1,"...","All industry total ","Thousands of dollars",372142,378818,408541,485254,633281,733610,906336,1117377,955137,1016312,1144669,1256038,1374248,1476869,1087921,937143,1040002,1054891,1083366,964950,1230095,1475374
 "49013","Duchesne, UT",7,CAGDP2,2,"..."," Private industries ","Thousands of dollars",305405,307483,335359,408084,545011,640858,810749,1012007,850602,906112,1029062,1139753,1250771,1345287,954562,796667,894465,907307,927673,795453,1057189,1295370
 "49013","Duchesne, UT",7,CAGDP2,3,"11","  Agriculture, forestry, fishing and hunting ","Thousands of dollars",18376,6301,12265,23782,26669,8274,17444,31656,17704,9718,9329,15892,47748,59203,46905,35071,23697,31948,39620,31156,29968,45013
 "49013","Duchesne, UT",7,CAGDP2,6,"21","  Mining, quarrying, and oil and gas extraction ","Thousands of dollars",76452,66765,73088,123489,208823,272970,370704,483348,344007,434091,530064,589742,639248,703700,358362,248602,338300,368435,307850,192529,367775,507284
 "49013","Duchesne, UT",7,CAGDP2,10,"22","  Utilities ","Thousands of dollars",1584,1811,1946,2226,2156,2374,2079,2458,2597,2676,2302,2467,2698,2548,3657,3235,7529,10527,12853,21385,31628,32728
 "49013","Duchesne, UT",7,CAGDP2,11,"23","  Construction ","Thousands of dollars",32477,33547,30302,19010,30379,39292,57914,75914,65700,60897,65268,75454,70183,86953,71468,57332,55914,33563,30509,33081,42716,66012
 "49013","Duchesne, UT",7,CAGDP2,12,"31-33","  Manufacturing ","Thousands of dollars",5309,6272,7285,8567,17353,18684,25085,24175,18116,15036,14905,34542,35215,26808,20822,14374,13419,14774,14471,15321,16284,19653
 "49013","Duchesne, UT",7,CAGDP2,13,"321,327-339","   Durable goods manufacturing ","Thousands of dollars",4411,5131,5887,7484,16317,17844,24163,23065,16550,13951,12975,32741,33074,22866,17301,10733,9952,10831,10227,10692,12654,15913
 "49013","Duchesne, UT",7,CAGDP2,25,"311-316,322-326","   Nondurable goods manufacturing ","Thousands of dollars",897,1141,1398,1083,1035,840,922,1110,1565,1085,1929,1801,2140,3942,3522,3641,3468,3943,4244,4628,3630,3740
 "49013","Duchesne, UT",7,CAGDP2,34,"42","  Wholesale trade ","Thousands of dollars",5833,7714,8835,12100,11076,14013,20674,25944,26235,28367,30938,34953,37401,41269,26894,25660,26143,30344,29865,26207,32481,35684
 "49013","Duchesne, UT",7,CAGDP2,35,"44-45","  Retail trade ","Thousands of dollars",24161,23339,25546,29875,28510,32353,37052,40051,39227,39169,38826,41684,47647,52495,51330,50249,52763,54887,63726,68266,78132,86457
 "49013","Duchesne, UT",7,CAGDP2,36,"48-49","  Transportation and warehousing ","Thousands of dollars",19824,19418,21541,25410,35611,48555,59140,78325,69190,64790,77823,91924,94849,89432,78139,65095,68588,73885,85121,73646,77401,93844
 "49013","Duchesne, UT",7,CAGDP2,45,"51","  Information ","Thousands of dollars",13376,18187,21345,25630,27191,34427,42466,55759,55310,44007,36455,32568,37359,38015,(D),46412,(D),(D),(D),(D),(D),104740
 "49013","Duchesne, UT",7,CAGDP2,50,"52,53","  Finance, insurance, real estate, rental, and leasing ","Thousands of dollars",64649,74591,79351,78582,94806,102447,105751,120771,139561,134999,147228,138105,145317,150740,161230,166673,176267,152052,196764,190539,186128,192927
 "49013","Duchesne, UT",7,CAGDP2,51,"52","   Finance and insurance ","Thousands of dollars",9099,10632,11182,11689,11611,13391,12312,11178,8892,9413,9852,11481,11571,13348,12618,11628,11615,13005,14678,15679,15581,15072
 "49013","Duchesne, UT",7,CAGDP2,56,"53","   Real estate and rental and leasing ","Thousands of dollars",55550,63959,68169,66893,83195,89055,93439,109592,130669,125586,137376,126624,133745,137392,148613,155045,164651,139048,182086,174860,170547,177854
 "49013","Duchesne, UT",7,CAGDP2,59,"54,55,56","  Professional and business services ","Thousands of dollars",8152,8065,9568,9694,10284,11265,14509,15769,15314,17378,21009,22908,28067,28427,27467,22828,21342,23753,25965,25509,29204,31782
 "49013","Duchesne, UT",7,CAGDP2,60,"54","   Professional, scientific, and technical services ","Thousands of dollars",(D),3280,(D),(D),4796,5761,7390,8418,7637,7970,9779,10950,14917,14011,13297,9615,8564,9441,10751,11235,(D),13794
 "49013","Duchesne, UT",7,CAGDP2,64,"55","   Management of companies and enterprises ","Thousands of dollars",(D),(D),(D),(D),(D),(D),(D),(D),(D),(D),(D),(D),(D),(D),(D),(D),(D),5084,5404,(D),(D),(D)
 "49013","Duchesne, UT",7,CAGDP2,65,"56","   Administrative and support and waste management and remediation services ","Thousands of dollars",2017,(D),(D),2443,(D),(D),(D),(D),(D),(D),(D),(D),(D),(D),(D),(D),(D),9229,9811,(D),11994,(D)
 "49013","Duchesne, UT",7,CAGDP2,68,"61,62","  Educational services, health care, and social assistance ","Thousands of dollars",15718,18085,20283,24629,26298,28211,27792,25406,23977,22823,23021,22440,23651,23150,(D),25381,26089,25151,26332,27173,27604,28243
 "49013","Duchesne, UT",7,CAGDP2,69,"61","   Educational services ","Thousands of dollars",(D),157,147,(D),208,344,334,312,285,319,313,(D),89,(D),(D),(D),(D),111,(D),(D),(D),(D)
 "49013","Duchesne, UT",7,CAGDP2,70,"62","   Health care and social assistance ","Thousands of dollars",(D),17927,20136,(D),26090,27867,27458,25094,23692,22504,22708,(D),23562,(D),(D),(D),(D),25040,(D),(D),(D),(D)
 "49013","Duchesne, UT",7,CAGDP2,75,"71,72","  Arts, entertainment, recreation, accommodation, and food services ","Thousands of dollars",6493,8785,9025,9655,9576,10475,10759,10914,10641,10440,10212,12226,13195,13340,12581,11982,12841,13681,14866,12839,17989,21207
 "49013","Duchesne, UT",7,CAGDP2,76,"71","   Arts, entertainment, and recreation ","Thousands of dollars",184,(D),260,155,114,(D),329,378,456,539,873,1138,1311,1540,790,637,238,209,(D),248,733,(D)
 "49013","Duchesne, UT",7,CAGDP2,79,"72","   Accommodation and food services ","Thousands of dollars",6309,(D),8765,9499,9462,(D),10430,10536,10185,9901,9339,11088,11884,11801,11791,11346,12603,13472,(D),12591,17256,(D)
 "49013","Duchesne, UT",7,CAGDP2,82,"81","  Other services (except government and government enterprises) ","Thousands of dollars",13001,14602,14979,15437,16279,17518,19380,21520,23023,21720,21684,24849,28195,29207,27171,23774,(D),(D),(D),(D),(D),29795
 "49013","Duchesne, UT",7,CAGDP2,83,"92","Government and government enterprises ","Thousands of dollars",66737,71335,73181,77170,88270,92752,95587,105370,104535,110200,115607,116286,123477,131583,133359,140475,145538,147585,155693,169497,172907,180004
 "49013","Duchesne, UT",7,CAGDP2,87,"11,21","Natural resources and mining ","Thousands of dollars",94828,73066,85353,147271,235493,281244,388148,515003,361712,443808,539393,605634,686996,762903,405267,283673,361998,400383,347470,223684,397743,552297
 "49013","Duchesne, UT",7,CAGDP2,88,"42,44-45","Trade ","Thousands of dollars",29995,31054,34381,41975,39587,46366,57726,65995,65462,67537,69764,76637,85048,93764,78224,75909,78906,85231,93592,94472,110613,122142
 "49013","Duchesne, UT",7,CAGDP2,89,"22,48-49","Transportation and utilities ","Thousands of dollars",21407,21229,23487,27635,37767,50929,61218,80783,71787,67466,80125,94391,97547,91981,81796,68331,76117,84412,97974,95031,109029,126572
 "49013","Duchesne, UT",7,CAGDP2,90,"31-33,51","Manufacturing and information ","Thousands of dollars",18684,24459,28630,34197,44544,53110,67552,79934,73425,59043,51359,67109,72574,64822,(D),60786,(D),(D),(D),(D),(D),124393
 "49013","Duchesne, UT",7,CAGDP2,91,"...","Private goods-producing industries 2/","Thousands of dollars",132614,112885,122940,174848,283224,339220,471147,615091,445527,519742,619565,715630,792393,876663,497558,355378,431330,448720,392450,272086,456743,637962
 "49013","Duchesne, UT",7,CAGDP2,92,"...","Private services-providing industries 3/","Thousands of dollars",172791,194598,212419,233236,261787,301638,339602,396916,405075,386370,409496,424123,458378,468623,457004,441289,463134,458587,535223,523367,600445,657408
 "49015","Emery, UT",7,CAGDP2,1,"...","All industry total ","Thousands of dollars",554965,536722,570917,613061,668471,719434,728617,765064,824126,819813,923618,927204,936363,920291,896186,912196,922623,886112,960268,991849,1291592,1610172
 "49015","Emery, UT",7,CAGDP2,2,"..."," Private industries ","Thousands of dollars",515309,497022,534224,572742,623982,674201,682628,714859,770190,764896,867403,870908,882632,870969,841814,858857,863783,828655,907547,939920,1233512,1551222
 "49015","Emery, UT",7,CAGDP2,3,"11","  Agriculture, forestry, fishing and hunting ","Thousands of dollars",370,1274,3510,2484,926,3179,5770,7563,6251,969,3536,1756,10997,23395,18647,19719,5583,14992,11163,17019,16007,21463
 "49015","Emery, UT",7,CAGDP2,6,"21","  Mining, quarrying, and oil and gas extraction ","Thousands of dollars",100483,76831,81116,90834,138444,147349,143495,143612,152321,124049,138743,150410,146705,139729,62859,52920,67429,81486,90205,77580,114483,127455
 "49015","Emery, UT",7,CAGDP2,10,"22","  Utilities ","Thousands of dollars",(D),300793,319571,344799,346044,372100,374695,391370,422281,439549,471808,553962,557559,531366,592933,611555,624005,558656,611633,647161,899922,1149732
 "49015","Emery, UT",7,CAGDP2,11,"23","  Construction ","Thousands of dollars",11634,14648,15207,14552,16287,23325,26842,23233,31161,35727,31190,29583,30236,38973,24393,25786,20287,24198,25180,29261,32874,64763
 "49015","Emery, UT",7,CAGDP2,12,"31-33","  Manufacturing ","Thousands of dollars",2382,1772,3125,3554,2707,2294,2046,2890,3432,1913,2264,1503,2005,2169,2919,2751,2773,3589,2860,3673,4412,3697
 "49015","Emery, UT",7,CAGDP2,13,"321,327-339","   Durable goods manufacturing ","Thousands of dollars",(D),(D),(D),1898,1114,910,(D),(D),(D),(D),(D),(D),1893,1986,2368,2170,1924,2176,2178,2140,(D),2424
 "49015","Emery, UT",7,CAGDP2,25,"311-316,322-326","   Nondurable goods manufacturing ","Thousands of dollars",(D),(D),(D),1656,1594,1384,(D),(D),(D),(D),(D),(D),112,183,551,582,849,1413,682,1533,(D),1273
 "49015","Emery, UT",7,CAGDP2,34,"42","  Wholesale trade ","Thousands of dollars",(D),(D),(D),(D),(D),(D),(D),(D),(D),(D),(D),(D),(D),(D),3144,(D),(D),(D),(D),(D),(D),(D)
 "49015","Emery, UT",7,CAGDP2,35,"44-45","  Retail trade ","Thousands of dollars",12243,12511,14558,17172,15159,15308,15956,16284,16098,15478,15207,15422,16109,16641,17511,19263,20976,22615,24872,27016,29904,32003
 "49015","Emery, UT",7,CAGDP2,36,"48-49","  Transportation and warehousing ","Thousands of dollars",8273,7830,8715,8429,9142,7941,6245,5430,4583,4803,5009,4147,3491,3738,(D),2302,2995,2940,2985,3652,4061,4580
 "49015","Emery, UT",7,CAGDP2,45,"51","  Information ","Thousands of dollars",12045,16094,16623,17089,20156,24927,27354,30450,28826,26893,27755,28213,(D),(D),(D),(D),(D),(D),(D),(D),(D),(D)
 "49015","Emery, UT",7,CAGDP2,50,"52,53","  Finance, insurance, real estate, rental, and leasing ","Thousands of dollars",32596,38809,42541,44820,47542,48640,48175,58498,69621,66836,70987,51664,53748,55612,57459,60611,62857,55350,68178,67547,58768,63087
 "49015","Emery, UT",7,CAGDP2,51,"52","   Finance and insurance ","Thousands of dollars",(D),(D),(D),(D),(D),4441,(D),3645,3145,(D),(D),(D),3014,3020,3053,3337,3722,3786,4333,4678,5465,6525
 "49015","Emery, UT",7,CAGDP2,56,"53","   Real estate and rental and leasing ","Thousands of dollars",(D),(D),(D),(D),(D),44199,(D),54852,66476,(D),(D),(D),50735,52592,54406,57274,59134,51564,63845,62869,53303,56562
 "49015","Emery, UT",7,CAGDP2,59,"54,55,56","  Professional and business services ","Thousands of dollars",4745,4508,6061,5736,(D),4631,6043,7783,7757,22078,73384,8081,8425,8589,7733,7587,5744,6718,7659,7278,8124,9014
 "49015","Emery, UT",7,CAGDP2,60,"54","   Professional, scientific, and technical services ","Thousands of dollars",2410,2677,2739,2477,2744,3361,3946,5034,4930,18710,(D),5197,5725,5569,5280,5018,4878,5651,6650,6222,6382,6649
 "49015","Emery, UT",7,CAGDP2,64,"55","   Management of companies and enterprises ","Thousands of dollars",765,704,627,(D),597,(D),(D),(D),(D),(D),(D),(D),(D),(D),(D),(D),(D),(D),(D),(D),(D),(D)
 "49015","Emery, UT",7,CAGDP2,65,"56","   Administrative and support and waste management and remediation services ","Thousands of dollars",1570,1127,2695,(D),(D),(D),(D),(D),(D),(D),(D),(D),(D),(D),(D),(D),(D),(D),(D),(D),(D),(D)
 "49015","Emery, UT",7,CAGDP2,68,"61,62","  Educational services, health care, and social assistance ","Thousands of dollars",2210,(D),(D),(D),2132,(D),(D),(D),(D),(D),(D),(D),2713,2545,2363,2322,2538,7420,8835,9490,9144,10298
 "49015","Emery, UT",7,CAGDP2,69,"61","   Educational services ","Thousands of dollars",3,(D),(D),(D),(D),(D),(D),(D),(D),(D),(D),(D),(D),(D),(D),(D),(D),(D),(D),(D),(D),(D)
 "49015","Emery, UT",7,CAGDP2,70,"62","   Health care and social assistance ","Thousands of dollars",2207,(D),(D),(D),(D),(D),(D),(D),(D),(D),(D),(D),(D),(D),(D),(D),(D),(D),(D),(D),(D),(D)
 "49015","Emery, UT",7,CAGDP2,75,"71,72","  Arts, entertainment, recreation, accommodation, and food services ","Thousands of dollars",5161,5661,6380,6968,6809,6974,7222,7876,7046,7044,7593,8242,8210,8414,9568,10214,10601,11982,13910,9716,13695,15585
 "49015","Emery, UT",7,CAGDP2,76,"71","   Arts, entertainment, and recreation ","Thousands of dollars",404,478,698,839,178,11,(D),13,7,229,606,959,742,251,95,93,121,103,120,90,389,717
 "49015","Emery, UT",7,CAGDP2,79,"72","   Accommodation and food services ","Thousands of dollars",4757,5183,5682,6129,6631,6963,(D),7863,7039,6815,6987,7283,7468,8163,9473,10121,10480,11879,13790,9626,13306,14868
 "49015","Emery, UT",7,CAGDP2,82,"81","  Other services (except government and government enterprises) ","Thousands of dollars",11373,12304,12307,11764,11617,12194,13053,14516,15774,14729,14952,12715,12713,12911,13749,15091,12347,12580,12274,13922,13382,18649
 "49015","Emery, UT",7,CAGDP2,83,"92","Government and government enterprises ","Thousands of dollars",39656,39700,36693,40319,44489,45233,45989,50205,53936,54917,56215,56296,53731,49322,54372,53339,58840,57457,52721,51929,58080,58950
 "49015","Emery, UT",7,CAGDP2,87,"11,21","Natural resources and mining ","Thousands of dollars",100853,78105,84625,93318,139370,150528,149265,151175,158572,125018,142279,152166,157702,163124,81506,72638,73012,96478,101368,94598,130490,148918
 "49015","Emery, UT",7,CAGDP2,88,"42,44-45","Trade ","Thousands of dollars",(D),(D),(D),(D),(D),(D),(D),(D),(D),(D),(D),(D),(D),(D),20655,(D),(D),(D),(D),(D),(D),(D)
 "49015","Emery, UT",7,CAGDP2,89,"22,48-49","Transportation and utilities ","Thousands of dollars",(D),308623,328285,353229,355186,380040,380940,396800,426864,444352,476817,558109,561050,535104,(D),613857,627000,561596,614618,650813,903983,1154312
 "49015","Emery, UT",7,CAGDP2,90,"31-33,51","Manufacturing and information ","Thousands of dollars",14427,17867,19748,20643,22863,27221,29401,33340,32257,28806,30019,29716,(D),(D),(D),(D),(D),(D),(D),(D),(D),(D)
 "49015","Emery, UT",7,CAGDP2,91,"...","Private goods-producing industries 2/","Thousands of dollars",114869,94525,102958,111423,158365,176147,178154,177298,193165,162658,175733,183252,189943,204266,108818,101176,96072,124264,129408,127532,167775,217378
 "49015","Emery, UT",7,CAGDP2,92,"...","Private services-providing industries 3/","Thousands of dollars",400440,402497,431267,461318,465618,498054,504474,537561,577026,602238,691670,687656,692690,666703,732996,757681,767711,704391,778139,812387,1065736,1333844
 "49017","Garfield, UT",7,CAGDP2,1,"...","All industry total ","Thousands of dollars",122186,124205,125950,135280,149191,170372,200409,214044,199596,206536,193498,181370,193120,195299,215365,226325,240871,259366,282685,271125,330144,411106
 "49017","Garfield, UT",7,CAGDP2,2,"..."," Private industries ","Thousands of dollars",93157,94733,97261,104429,117186,136318,164566,176231,159846,165797,151943,140622,153228,155472,175584,185982,198871,219496,241876,227149,283678,363538
 "49017","Garfield, UT",7,CAGDP2,3,"11","  Agriculture, forestry, fishing and hunting ","Thousands of dollars",(D),2663,(D),(D),1178,2867,9924,9558,8417,8142,666,1876,11702,14245,22971,22282,20374,24828,13044,18026,23870,42573
 "49017","Garfield, UT",7,CAGDP2,6,"21","  Mining, quarrying, and oil and gas extraction ","Thousands of dollars",3126,1637,1876,2557,3621,4330,4842,4818,3463,3953,4494,4030,3698,3121,1865,1621,2526,2970,2497,1207,(D),6191
 "49017","Garfield, UT",7,CAGDP2,10,"22","  Utilities ","Thousands of dollars",2054,2137,1852,2048,2399,2732,(D),2772,2596,2673,2946,2796,3121,3011,3080,3432,3353,3093,4045,3956,4111,4503
 "49017","Garfield, UT",7,CAGDP2,11,"23","  Construction ","Thousands of dollars",4228,2074,2347,4577,2456,2866,3930,7633,5302,7636,6379,5298,6380,6107,5988,6266,5734,5537,7965,11110,6434,15590
 "49017","Garfield, UT",7,CAGDP2,12,"31-33","  Manufacturing ","Thousands of dollars",(D),4744,(D),(D),3030,3777,4554,3816,2289,2312,2646,2169,3161,2808,3086,2859,3604,4064,3850,3284,(D),4004
 "49017","Garfield, UT",7,CAGDP2,13,"321,327-339","   Durable goods manufacturing ","Thousands of dollars",(D),2515,(D),(D),2680,3499,4304,3366,1648,1787,2112,(D),(D),(D),(D),(D),(D),(D),(D),(D),(D),(D)
 "49017","Garfield, UT",7,CAGDP2,25,"311-316,322-326","   Nondurable goods manufacturing ","Thousands of dollars",1690,2229,1506,553,350,278,250,451,642,525,534,(D),(D),(D),(D),(D),(D),(D),(D),(D),394,(D)
 "49017","Garfield, UT",7,CAGDP2,34,"42","  Wholesale trade ","Thousands of dollars",(D),(D),1018,1423,2209,2374,2823,2618,2284,1986,2143,(D),(D),(D),930,902,945,996,925,960,1153,1839
 "49017","Garfield, UT",7,CAGDP2,35,"44-45","  Retail trade ","Thousands of dollars",4041,4121,4423,4346,4723,4783,4962,5448,5640,5930,6491,6924,7308,6991,6982,7720,9235,10592,12443,13148,14014,14811
 "49017","Garfield, UT",7,CAGDP2,36,"48-49","  Transportation and warehousing ","Thousands of dollars",(D),(D),431,688,937,1362,1293,1165,(D),(D),(D),(D),(D),(D),2337,2095,2745,3751,4740,4818,5615,6825
 "49017","Garfield, UT",7,CAGDP2,45,"51","  Information ","Thousands of dollars",(D),(D),(D),(D),(D),(D),(D),(D),(D),(D),(D),(D),(D),(D),(D),(D),(D),(D),(D),(D),77183,72436
 "49017","Garfield, UT",7,CAGDP2,50,"52,53","  Finance, insurance, real estate, rental, and leasing ","Thousands of dollars",20253,24206,25197,26532,30850,33215,38374,37686,38106,41428,42821,35620,35618,34767,35175,36773,36470,40777,43048,41100,43167,43955
 "49017","Garfield, UT",7,CAGDP2,51,"52","   Finance and insurance ","Thousands of dollars",(D),(D),(D),3273,3113,3456,(D),2393,(D),1781,1844,(D),1850,1977,2234,2429,2733,3009,3322,3266,3618,3597
 "49017","Garfield, UT",7,CAGDP2,56,"53","   Real estate and rental and leasing ","Thousands of dollars",(D),(D),(D),23259,27738,29760,(D),35293,(D),39647,40977,(D),33768,32789,32941,34343,33738,37769,39726,37834,39549,40358
 "49017","Garfield, UT",7,CAGDP2,59,"54,55,56","  Professional and business services ","Thousands of dollars",(D),882,(D),(D),(D),(D),879,(D),(D),(D),(D),(D),2006,2246,2190,1811,1847,3012,3609,3682,4461,39896
 "49017","Garfield, UT",7,CAGDP2,60,"54","   Professional, scientific, and technical services ","Thousands of dollars",719,771,816,709,(D),667,675,615,631,815,1152,1314,1561,(D),1539,1049,(D),2255,2777,2662,3394,(D)
 "49017","Garfield, UT",7,CAGDP2,64,"55","   Management of companies and enterprises ","Thousands of dollars",0,0,0,0,0,0,0,0,0,0,0,0,0,(D),0,0,0,0,0,0,0,0
 "49017","Garfield, UT",7,CAGDP2,65,"56","   Administrative and support and waste management and remediation services ","Thousands of dollars",(D),111,(D),(D),154,(D),205,(D),(D),(D),(D),(D),445,(D),651,762,(D),757,833,1019,1067,(D)
 "49017","Garfield, UT",7,CAGDP2,68,"61,62","  Educational services, health care, and social assistance ","Thousands of dollars",4061,4349,4452,6796,7881,9539,10179,12036,15738,14987,12703,11301,12445,12016,12800,13922,13610,14103,15225,15581,16703,18740
 "49017","Garfield, UT",7,CAGDP2,69,"61","   Educational services ","Thousands of dollars",(D),(D),(D),335,(D),(D),(D),(D),(D),(D),(D),356,(D),(D),(D),(D),(D),(D),(D),(D),(D),(D)
 "49017","Garfield, UT",7,CAGDP2,70,"62","   Health care and social assistance ","Thousands of dollars",(D),(D),(D),6460,(D),(D),(D),(D),(D),(D),(D),10945,(D),(D),(D),(D),(D),(D),(D),(D),(D),(D)
 "49017","Garfield, UT",7,CAGDP2,75,"71,72","  Arts, entertainment, recreation, accommodation, and food services ","Thousands of dollars",24060,27190,26350,28881,32311,33966,38440,42921,37910,45211,44305,44216,41230,43003,48721,52888,63299,72023,77434,52138,73762,87154
 "49017","Garfield, UT",7,CAGDP2,76,"71","   Arts, entertainment, and recreation ","Thousands of dollars",1282,2820,2562,2752,(D),3326,3204,3255,2975,(D),(D),3292,3003,2782,(D),(D),(D),(D),1798,(D),2416,3249
 "49017","Garfield, UT",7,CAGDP2,79,"72","   Accommodation and food services ","Thousands of dollars",22778,24370,23787,26129,(D),30640,35237,39666,34934,(D),(D),40924,38228,40221,(D),(D),(D),(D),75636,(D),71346,83905
 "49017","Garfield, UT",7,CAGDP2,82,"81","  Other services (except government and government enterprises) ","Thousands of dollars",2994,3279,3249,3153,2796,2750,2634,3290,3769,4094,4202,4108,(D),(D),(D),(D),(D),(D),(D),(D),4982,5022
 "49017","Garfield, UT",7,CAGDP2,83,"92","Government and government enterprises ","Thousands of dollars",29029,29472,28690,30851,32005,34053,35843,37813,39750,40739,41556,40748,39892,39828,39781,40343,42000,39870,40809,43976,46466,47569
 "49017","Garfield, UT",7,CAGDP2,87,"11,21","Natural resources and mining ","Thousands of dollars",(D),4300,(D),(D),4799,7198,14766,14376,11880,12095,5160,5906,15400,17367,24836,23903,22900,27798,15542,19234,(D),48764
 "49017","Garfield, UT",7,CAGDP2,88,"42,44-45","Trade ","Thousands of dollars",(D),(D),5440,5769,6932,7157,7784,8066,7924,7916,8634,(D),(D),(D),7912,8622,10180,11588,13368,14109,15167,16650
 "49017","Garfield, UT",7,CAGDP2,89,"22,48-49","Transportation and utilities ","Thousands of dollars",(D),(D),2283,2736,3337,4094,(D),3936,(D),(D),(D),(D),(D),(D),5417,5527,6098,6844,8784,8774,9726,11328
 "49017","Garfield, UT",7,CAGDP2,90,"31-33,51","Manufacturing and information ","Thousands of dollars",24661,(D),23991,20332,(D),(D),(D),(D),(D),(D),(D),(D),(D),(D),(D),(D),(D),(D),(D),(D),(D),76440
 "49017","Garfield, UT",7,CAGDP2,91,"...","Private goods-producing industries 2/","Thousands of dollars",14584,11118,11472,13278,10285,13841,23250,25825,19471,22043,14186,13373,24941,26282,33910,33028,32238,37398,27356,33628,38525,68358
 "49017","Garfield, UT",7,CAGDP2,92,"...","Private services-providing industries 3/","Thousands of dollars",78573,83615,85789,91151,106901,122478,141316,150406,140374,143754,137757,127249,128287,129190,141674,152954,166632,182097,214520,193521,245152,295180
 "49019","Grand, UT",7,CAGDP2,1,"...","All industry total ","Thousands of dollars",218565,232595,250276,277069,314304,351793,365815,411397,428248,434251,445117,437292,447194,475348,476949,504913,580017,633011,693653,654952,747685,830832
 "49019","Grand, UT",7,CAGDP2,2,"..."," Private industries ","Thousands of dollars",174872,188434,204044,227169,262555,297218,311239,353057,366288,370585,380111,368754,376615,405223,405651,430902,501643,546895,600947,561140,648884,720746
 "49019","Grand, UT",7,CAGDP2,3,"11","  Agriculture, forestry, fishing and hunting ","Thousands of dollars",3472,2905,1955,287,1138,4863,5024,4966,4654,4731,914,1606,1068,706,1979,632,463,2054,4806,3738,3835,7489
 "49019","Grand, UT",7,CAGDP2,6,"21","  Mining, quarrying, and oil and gas extraction ","Thousands of dollars",13076,11695,14422,24803,37608,41926,43918,67338,67718,65379,68660,61178,61312,71131,37201,31260,40173,38120,42255,42137,54770,51123
 "49019","Grand, UT",7,CAGDP2,10,"22","  Utilities ","Thousands of dollars",(D),2122,2131,2355,2395,2626,1983,3069,2678,2839,2982,2898,(D),3809,4573,3988,(D),10412,12704,20885,30990,31565
 "49019","Grand, UT",7,CAGDP2,11,"23","  Construction ","Thousands of dollars",11806,12590,13151,17593,22765,24433,25595,26467,33201,27533,21164,25877,28234,31857,33379,34812,40200,37566,51088,55940,44770,50361
 "49019","Grand, UT",7,CAGDP2,12,"31-33","  Manufacturing ","Thousands of dollars",2363,2825,2832,2328,2289,2816,3321,4143,5368,5430,5485,3883,3413,4863,5589,6243,15221,16767,17791,16745,18061,20424
 "49019","Grand, UT",7,CAGDP2,13,"321,327-339","   Durable goods manufacturing ","Thousands of dollars",555,500,1015,942,(D),(D),(D),(D),(D),(D),(D),(D),(D),2199,1963,2158,4762,3949,5346,4455,5266,6530
 "49019","Grand, UT",7,CAGDP2,25,"311-316,322-326","   Nondurable goods manufacturing ","Thousands of dollars",1808,2325,1817,1385,(D),(D),(D),(D),(D),(D),(D),(D),(D),2664,3626,4085,10459,12817,12445,12290,12795,13894
 "49019","Grand, UT",7,CAGDP2,34,"42","  Wholesale trade ","Thousands of dollars",2929,(D),(D),4136,5044,5429,6990,7256,5800,5681,5800,5656,6533,6296,6235,6872,(D),7567,8142,7781,8891,9563
 "49019","Grand, UT",7,CAGDP2,35,"44-45","  Retail trade ","Thousands of dollars",21052,21337,23857,25720,31480,39282,38006,38006,34642,36479,37254,41445,42741,42975,47050,52689,47547,49079,48131,51357,62338,67591
 "49019","Grand, UT",7,CAGDP2,36,"48-49","  Transportation and warehousing ","Thousands of dollars",4396,(D),(D),(D),(D),(D),(D),6164,6472,16311,15950,11419,12164,13104,13774,14939,19140,21653,23040,27982,26216,29138
 "49019","Grand, UT",7,CAGDP2,45,"51","  Information ","Thousands of dollars",(D),3223,3818,4324,5329,7126,6913,7127,5462,4522,4371,4156,(D),4526,5741,6522,5924,5568,6357,6360,6749,7287
 "49019","Grand, UT",7,CAGDP2,50,"52,53","  Finance, insurance, real estate, rental, and leasing ","Thousands of dollars",47954,55758,61204,62822,66502,70653,71901,81707,96064,92057,97948,81010,77646,79321,86168,99969,120625,129403,154285,123423,124213,132897
 "49019","Grand, UT",7,CAGDP2,51,"52","   Finance and insurance ","Thousands of dollars",5977,7178,7563,8585,8781,9163,8933,8148,6704,6935,6350,6470,5909,6585,6748,7237,7936,8577,9591,10843,10018,10673
 "49019","Grand, UT",7,CAGDP2,56,"53","   Real estate and rental and leasing ","Thousands of dollars",41978,48580,53641,54237,57722,61489,62968,73559,89360,85123,91598,74540,71738,72736,79420,92732,112688,120826,144694,112580,114195,122224
 "49019","Grand, UT",7,CAGDP2,59,"54,55,56","  Professional and business services ","Thousands of dollars",8789,8671,9805,(D),(D),(D),(D),16191,15199,17482,19936,20995,20696,21771,21812,20222,20891,21647,22793,27534,31426,40237
 "49019","Grand, UT",7,CAGDP2,60,"54","   Professional, scientific, and technical services ","Thousands of dollars",5272,5116,6029,8698,8244,8173,10329,11125,10101,11313,13650,14152,14085,13985,(D),(D),(D),(D),(D),17027,20152,26085
 "49019","Grand, UT",7,CAGDP2,64,"55","   Management of companies and enterprises ","Thousands of dollars",(D),(D),(D),(D),(D),(D),(D),(D),(D),(D),(D),(D),(D),(D),(D),(D),(D),(D),(D),(D),(D),(D)
 "49019","Grand, UT",7,CAGDP2,65,"56","   Administrative and support and waste management and remediation services ","Thousands of dollars",(D),(D),(D),(D),(D),(D),(D),(D),(D),(D),(D),(D),(D),(D),7451,(D),8866,9186,(D),(D),(D),(D)
 "49019","Grand, UT",7,CAGDP2,68,"61,62","  Educational services, health care, and social assistance ","Thousands of dollars",9384,10631,11318,13102,15667,16445,16321,17303,17905,18049,20205,20737,21104,23964,27015,28465,30327,33428,36023,38068,43556,49030
 "49019","Grand, UT",7,CAGDP2,69,"61","   Educational services ","Thousands of dollars",(D),1828,1785,1848,1832,1689,1773,2293,2381,2099,1836,1516,1629,1839,2123,2674,2799,2951,3148,2364,3392,3210
 "49019","Grand, UT",7,CAGDP2,70,"62","   Health care and social assistance ","Thousands of dollars",(D),8802,9533,11255,13835,14757,14548,15009,15524,15950,18370,19221,19474,22126,24892,25791,27527,30478,32876,35704,40165,45820
 "49019","Grand, UT",7,CAGDP2,75,"71,72","  Arts, entertainment, recreation, accommodation, and food services ","Thousands of dollars",36859,39133,40121,41215,44168,52132,59473,63209,61270,64208,68516,76069,82237,87430,101359,110903,132750,159059,158207,123567,177263,206834
 "49019","Grand, UT",7,CAGDP2,76,"71","   Arts, entertainment, and recreation ","Thousands of dollars",5565,5644,6234,6806,7462,8028,8752,9052,9259,10263,11357,13518,13792,15725,16665,19231,20450,21189,21462,18615,27681,32636
 "49019","Grand, UT",7,CAGDP2,79,"72","   Accommodation and food services ","Thousands of dollars",31294,33489,33886,34409,36706,44103,50722,54158,52011,53944,57159,62551,68445,71704,84694,91672,112300,137870,136745,104952,149582,174198
 "49019","Grand, UT",7,CAGDP2,82,"81","  Other services (except government and government enterprises) ","Thousands of dollars",8005,9129,9936,9631,9422,10545,10326,10112,9857,9883,10926,11827,12132,13470,13776,13386,13827,14572,15325,15624,15807,17207
 "49019","Grand, UT",7,CAGDP2,83,"92","Government and government enterprises ","Thousands of dollars",43693,44160,46231,49899,51749,54575,54576,58340,61961,63667,65007,68538,70579,70125,71299,74011,78374,86116,92705,93812,98801,110086
 "49019","Grand, UT",7,CAGDP2,87,"11,21","Natural resources and mining ","Thousands of dollars",16548,14600,16378,25090,38746,46789,48942,72304,72371,70110,69573,62784,62381,71836,39179,31892,40636,40174,47061,45874,58605,58612
 "49019","Grand, UT",7,CAGDP2,88,"42,44-45","Trade ","Thousands of dollars",23981,(D),(D),29856,36524,44711,44997,45262,40442,42160,43054,47101,49273,49271,53286,59560,(D),56647,56272,59138,71228,77154
 "49019","Grand, UT",7,CAGDP2,89,"22,48-49","Transportation and utilities ","Thousands of dollars",(D),(D),(D),(D),(D),(D),(D),9233,9149,19150,18932,14317,(D),16913,18347,18927,(D),32065,35744,48867,57206,60703
 "49019","Grand, UT",7,CAGDP2,90,"31-33,51","Manufacturing and information ","Thousands of dollars",(D),6048,6649,6652,7618,9941,10234,11270,10830,9952,9856,8039,(D),9390,11330,12765,21145,22334,24148,23105,24810,27711
 "49019","Grand, UT",7,CAGDP2,91,"...","Private goods-producing industries 2/","Thousands of dollars",30717,30015,32361,45010,63800,74038,77858,102914,110940,103073,96222,92543,94027,108557,78147,72948,96057,94507,115940,118559,121436,129397
 "49019","Grand, UT",7,CAGDP2,92,"...","Private services-providing industries 3/","Thousands of dollars",144155,158419,171683,182159,198755,223180,233381,250143,255347,267511,283888,276211,282587,296666,327503,357954,405586,452389,485007,442581,527449,591349
 "49021","Iron, UT",7,CAGDP2,1,"...","All industry total ","Thousands of dollars",753842,827486,867374,931491,1029019,1190625,1197452,1173954,1167858,1163421,1251697,1172857,1218171,1309789,1348607,1441834,1582096,1793173,1990802,2067882,2326959,2719786
 "49021","Iron, UT",7,CAGDP2,2,"..."," Private industries ","Thousands of dollars",579827,648779,685381,731572,819908,966651,960199,919584,912670,897915,974530,899882,948388,1032011,1063827,1140940,1261463,1454012,1630917,1687170,1921875,2281788
 "49021","Iron, UT",7,CAGDP2,3,"11","  Agriculture, forestry, fishing and hunting ","Thousands of dollars",26504,60990,71870,71776,74264,57632,51501,44805,27979,9555,53655,29152,54250,49676,50728,38159,27583,85657,110804,68768,69045,113065
 "49021","Iron, UT",7,CAGDP2,6,"21","  Mining, quarrying, and oil and gas extraction ","Thousands of dollars",3001,122,153,169,1223,7361,6347,6614,7256,10355,11667,7321,7323,45049,8637,13523,20788,18608,18555,24645,29753,26535
 "49021","Iron, UT",7,CAGDP2,10,"22","  Utilities ","Thousands of dollars",5282,5517,5961,6338,6678,7870,7596,8691,8581,9154,10057,9604,10134,11017,12886,37125,66280,66280,71686,100271,141629,185655
 "49021","Iron, UT",7,CAGDP2,11,"23","  Construction ","Thousands of dollars",41649,46237,52528,57223,74046,92039,96168,72888,56668,49647,31638,32737,47383,60933,77076,82738,97683,115200,138388,161196,212175,341373
 "49021","Iron, UT",7,CAGDP2,12,"31-33","  Manufacturing ","Thousands of dollars",104515,101333,104327,114154,127414,192059,146799,140926,196716,189705,202734,156184,137609,146258,169534,173925,208276,219999,233894,249105,251169,292536
 "49021","Iron, UT",7,CAGDP2,13,"321,327-339","   Durable goods manufacturing ","Thousands of dollars",33459,26343,25094,40014,58019,121420,71004,68241,85334,79946,79980,54677,51938,46987,52070,51335,61949,69467,71881,75720,92133,106478
 "49021","Iron, UT",7,CAGDP2,25,"311-316,322-326","   Nondurable goods manufacturing ","Thousands of dollars",71056,74990,79233,74140,69395,70639,75795,72686,111382,109759,122754,101507,85670,99271,117465,122590,146327,150531,162012,173385,159036,186059
 "49021","Iron, UT",7,CAGDP2,34,"42","  Wholesale trade ","Thousands of dollars",19469,24213,24520,24850,25315,29374,32112,26495,22067,21015,23443,25477,26620,27217,28301,30372,35729,37607,41098,43862,48352,51762
 "49021","Iron, UT",7,CAGDP2,35,"44-45","  Retail trade ","Thousands of dollars",66873,68640,81156,95812,99157,105577,111454,106560,99888,99446,96643,97582,105289,111119,125241,141620,149356,159233,173349,195209,223186,239204
 "49021","Iron, UT",7,CAGDP2,36,"48-49","  Transportation and warehousing ","Thousands of dollars",21431,22727,21838,20785,22142,23660,23324,22823,20721,22505,36969,41499,41215,40315,27551,27183,29909,34395,38139,46537,63873,66780
 "49021","Iron, UT",7,CAGDP2,45,"51","  Information ","Thousands of dollars",8602,(D),11117,11671,13537,17007,20267,19383,15568,13288,12711,9469,8953,10032,11603,10849,12490,11481,11158,12475,18905,22267
 "49021","Iron, UT",7,CAGDP2,50,"52,53","  Finance, insurance, real estate, rental, and leasing ","Thousands of dollars",147461,164038,169885,178460,211526,246831,265057,258064,248775,263232,273484,255562,262155,271036,279189,285042,299978,352098,396661,391454,391947,397352
 "49021","Iron, UT",7,CAGDP2,51,"52","   Finance and insurance ","Thousands of dollars",33709,41001,42615,43497,48954,64844,64150,56903,48351,51728,60146,65618,64104,78462,81923,85754,85139,93696,107948,117413,120990,128523
 "49021","Iron, UT",7,CAGDP2,56,"53","   Real estate and rental and leasing ","Thousands of dollars",113753,123037,127270,134963,162572,181987,200907,201162,200424,211504,213338,189944,198050,192574,197265,199289,214840,258402,288713,274042,270957,268829
 "49021","Iron, UT",7,CAGDP2,59,"54,55,56","  Professional and business services ","Thousands of dollars",39201,40450,33751,35230,41529,47767,51217,56329,52342,52085,53351,50542,52223,56112,60650,65023,63223,72856,86540,96077,116127,131893
 "49021","Iron, UT",7,CAGDP2,60,"54","   Professional, scientific, and technical services ","Thousands of dollars",(D),(D),(D),(D),18274,23987,25421,27384,25215,22201,21379,18360,21999,25185,26223,29865,32048,37645,47524,54958,64531,78356
 "49021","Iron, UT",7,CAGDP2,64,"55","   Management of companies and enterprises ","Thousands of dollars",(D),(D),(D),(D),2515,2890,3251,3637,3227,2056,3199,4038,3505,3118,3867,4356,4851,5969,4872,6223,8173,8398
 "49021","Iron, UT",7,CAGDP2,65,"56","   Administrative and support and waste management and remediation services ","Thousands of dollars",23800,24844,19475,18781,20740,20890,22544,25308,23899,27828,28773,28144,26719,27810,30560,30803,26324,29243,34145,34895,43423,45139
 "49021","Iron, UT",7,CAGDP2,68,"61,62","  Educational services, health care, and social assistance ","Thousands of dollars",28657,33176,37274,43036,46273,55609,59876,65954,70113,68462,70649,77396,83457,92447,96374,110052,115190,124071,133204,138016,158048,179243
 "49021","Iron, UT",7,CAGDP2,69,"61","   Educational services ","Thousands of dollars",1430,1353,1205,1785,2056,2274,2528,3442,4499,4139,4253,4602,5035,5897,6151,7358,7784,8467,9395,9899,11350,12703
 "49021","Iron, UT",7,CAGDP2,70,"62","   Health care and social assistance ","Thousands of dollars",27227,31823,36068,41251,44217,53335,57348,62512,65614,64323,66396,72794,78422,86551,90222,102694,107406,115604,123810,128117,146698,166540
 "49021","Iron, UT",7,CAGDP2,75,"71,72","  Arts, entertainment, recreation, accommodation, and food services ","Thousands of dollars",38194,38297,38057,37796,41369,44315,49170,48337,43431,44142,46710,50983,57473,57588,64153,70067,74649,92790,111741,85042,119675,147867
 "49021","Iron, UT",7,CAGDP2,76,"71","   Arts, entertainment, and recreation ","Thousands of dollars",7907,8291,8847,8764,8319,8484,9505,8625,7589,7456,7476,8349,11895,9271,10401,11993,11770,14446,17578,13997,26202,37739
 "49021","Iron, UT",7,CAGDP2,79,"72","   Accommodation and food services ","Thousands of dollars",30286,30006,29209,29032,33050,35831,39665,39712,35842,36686,39234,42633,45578,48317,53752,58074,62878,78343,94163,71045,93473,110128
 "49021","Iron, UT",7,CAGDP2,82,"81","  Other services (except government and government enterprises) ","Thousands of dollars",28988,(D),32944,34271,35434,39551,39312,41714,42564,45324,50819,56373,54305,53211,51905,55262,60331,63737,65699,74514,77991,86255
 "49021","Iron, UT",7,CAGDP2,83,"92","Government and government enterprises ","Thousands of dollars",174015,178708,181993,199920,209111,223974,237253,254370,255187,265505,277167,272976,269783,277778,284780,300893,320633,339161,359886,380712,405083,437998
 "49021","Iron, UT",7,CAGDP2,87,"11,21","Natural resources and mining ","Thousands of dollars",29505,61112,72023,71945,75488,64993,57848,51419,35235,19910,65322,36474,61573,94725,59365,51682,48371,104265,129358,93413,98798,139600
 "49021","Iron, UT",7,CAGDP2,88,"42,44-45","Trade ","Thousands of dollars",86342,92853,105676,120663,124472,134951,143566,133055,121955,120461,120086,123059,131908,138336,153542,171992,185084,196840,214447,239072,271538,290966
 "49021","Iron, UT",7,CAGDP2,89,"22,48-49","Transportation and utilities ","Thousands of dollars",26713,28244,27799,27122,28820,31530,30919,31514,29302,31659,47026,51103,51349,51332,40437,64308,96188,100675,109826,146808,205502,252435
 "49021","Iron, UT",7,CAGDP2,90,"31-33,51","Manufacturing and information ","Thousands of dollars",113117,(D),115444,125825,140951,209066,167066,160309,212285,202992,215445,165652,146562,156291,181137,184774,220765,231480,245052,261580,270074,314803
 "49021","Iron, UT",7,CAGDP2,91,"...","Private goods-producing industries 2/","Thousands of dollars",175668,208682,228878,243322,276948,349091,300814,265233,288619,259262,299695,225395,246565,301917,305974,308345,354330,439464,501640,503714,562142,773510
 "49021","Iron, UT",7,CAGDP2,92,"...","Private services-providing industries 3/","Thousands of dollars",404158,440097,456503,488249,542961,617560,659385,654350,624051,638653,674835,674487,701823,730094,757853,832595,907133,1014548,1129277,1183457,1359733,1508278
 "49023","Juab, UT",7,CAGDP2,1,"...","All industry total ","Thousands of dollars",148477,165453,158492,193554,228213,296198,345054,328908,350011,387562,393123,337893,375532,389452,425238,402982,405585,489683,520570,535385,711936,883523
 "49023","Juab, UT",7,CAGDP2,2,"..."," Private industries ","Thousands of dollars",123022,139686,131579,165080,197023,261475,308659,290123,310807,348091,352936,297738,335469,348464,382575,357619,357013,438192,467991,481624,655370,822627
 "49023","Juab, UT",7,CAGDP2,3,"11","  Agriculture, forestry, fishing and hunting ","Thousands of dollars",2442,1599,894,10902,14178,19703,8843,2886,6311,4652,7811,2991,7852,10045,16258,3363,9693,31079,12182,5793,65069,59416
 "49023","Juab, UT",7,CAGDP2,6,"21","  Mining, quarrying, and oil and gas extraction ","Thousands of dollars",3159,3315,4184,5935,11020,17703,21333,18988,16735,25384,28061,17273,18866,25054,24041,26484,13240,5817,9671,15650,32300,64904
 "49023","Juab, UT",7,CAGDP2,10,"22","  Utilities ","Thousands of dollars",0,0,0,1180,6472,42841,72571,57941,59440,68500,71061,70491,76102,81132,82226,63920,54645,98010,(D),124918,169326,269128
 "49023","Juab, UT",7,CAGDP2,11,"23","  Construction ","Thousands of dollars",7241,18371,10109,19630,26571,27448,39249,39668,37356,21107,15612,17597,27962,20680,32996,33786,26197,32132,27027,31417,40131,44892
 "49023","Juab, UT",7,CAGDP2,12,"31-33","  Manufacturing ","Thousands of dollars",21705,25208,24848,34585,38071,43327,46062,46655,67396,103630,107319,68272,70709,80235,86921,84659,91018,100459,113397,125591,154403,175641
 "49023","Juab, UT",7,CAGDP2,13,"321,327-339","   Durable goods manufacturing ","Thousands of dollars",(D),(D),(D),(D),(D),(D),(D),35391,53576,85308,87680,48265,50896,50062,53840,55131,57194,55267,69642,79124,112272,132013
 "49023","Juab, UT",7,CAGDP2,25,"311-316,322-326","   Nondurable goods manufacturing ","Thousands of dollars",(D),(D),(D),(D),(D),(D),(D),11265,13821,18321,19639,20007,19812,30172,33081,29527,33824,45192,43756,46467,42131,43629
 "49023","Juab, UT",7,CAGDP2,34,"42","  Wholesale trade ","Thousands of dollars",3035,2922,2646,2110,2322,2695,2727,2796,2602,3163,3414,3872,4033,4589,5613,6798,7551,7753,6606,5114,6067,7085
 "49023","Juab, UT",7,CAGDP2,35,"44-45","  Retail trade ","Thousands of dollars",12732,12961,14632,18698,16787,16707,16324,15964,15016,13264,12471,12471,12077,11794,11644,12816,15395,17746,20768,24940,28902,31623
 "49023","Juab, UT",7,CAGDP2,36,"48-49","  Transportation and warehousing ","Thousands of dollars",13974,14182,12754,(D),(D),(D),(D),(D),(D),(D),(D),(D),(D),(D),(D),(D),(D),(D),(D),(D),(D),(D)
 "49023","Juab, UT",7,CAGDP2,45,"51","  Information ","Thousands of dollars",14,17,51,149,615,(D),(D),(D),(D),(D),(D),(D),(D),(D),(D),(D),(D),(D),(D),3869,4325,(D)
 "49023","Juab, UT",7,CAGDP2,50,"52,53","  Finance, insurance, real estate, rental, and leasing ","Thousands of dollars",24817,27684,27247,28178,32638,35599,41950,42033,42154,44271,44565,35202,35954,36100,36335,36464,36628,43225,49199,46342,47394,49161
 "49023","Juab, UT",7,CAGDP2,51,"52","   Finance and insurance ","Thousands of dollars",3891,4431,(D),(D),4307,4903,5457,4747,3970,3421,3550,4011,4252,5115,(D),(D),(D),5794,7056,9332,8481,8330
 "49023","Juab, UT",7,CAGDP2,56,"53","   Real estate and rental and leasing ","Thousands of dollars",20926,23253,(D),(D),28332,30696,36493,37285,38184,40850,41015,31191,31702,30985,(D),(D),(D),37431,42142,37010,38913,40831
 "49023","Juab, UT",7,CAGDP2,59,"54,55,56","  Professional and business services ","Thousands of dollars",16218,10688,10270,10479,11495,11930,13419,13896,13470,13534,15681,14036,17751,16839,16197,16768,15662,17781,20942,(D),(D),35271
 "49023","Juab, UT",7,CAGDP2,60,"54","   Professional, scientific, and technical services ","Thousands of dollars",9079,7950,(D),(D),(D),(D),(D),10333,9731,9842,10991,11563,14930,14008,13126,12668,12478,14517,16019,(D),(D),24921
 "49023","Juab, UT",7,CAGDP2,64,"55","   Management of companies and enterprises ","Thousands of dollars",(D),(D),0,0,0,0,0,(D),(D),0,0,0,0,(D),0,0,0,0,0,(D),(D),(D)
 "49023","Juab, UT",7,CAGDP2,65,"56","   Administrative and support and waste management and remediation services ","Thousands of dollars",(D),(D),(D),(D),(D),(D),(D),(D),(D),3692,4690,2472,2821,(D),3070,4100,3183,3265,4923,6376,7526,(D)
 "49023","Juab, UT",7,CAGDP2,68,"61,62","  Educational services, health care, and social assistance ","Thousands of dollars",4698,8872,10671,(D),12911,14547,14828,16293,18770,18159,18447,22973,25177,25715,28574,29495,(D),(D),(D),(D),(D),32476
 "49023","Juab, UT",7,CAGDP2,69,"61","   Educational services ","Thousands of dollars",5,5,4,11,(D),(D),(D),(D),(D),(D),(D),(D),(D),(D),(D),(D),(D),(D),(D),(D),(D),(D)
 "49023","Juab, UT",7,CAGDP2,70,"62","   Health care and social assistance ","Thousands of dollars",4693,8867,10667,(D),(D),(D),(D),(D),(D),(D),(D),(D),(D),(D),(D),(D),(D),(D),(D),(D),(D),(D)
 "49023","Juab, UT",7,CAGDP2,75,"71,72","  Arts, entertainment, recreation, accommodation, and food services ","Thousands of dollars",7353,7191,6540,6637,(D),6451,7244,7751,7545,6734,6575,6393,6848,7210,7408,(D),9730,11148,(D),9135,12342,14969
 "49023","Juab, UT",7,CAGDP2,76,"71","   Arts, entertainment, and recreation ","Thousands of dollars",(D),(D),(D),(D),(D),(D),55,(D),(D),(D),(D),(D),(D),(D),(D),(D),(D),(D),(D),376,1176,2050
 "49023","Juab, UT",7,CAGDP2,79,"72","   Accommodation and food services ","Thousands of dollars",(D),(D),(D),(D),(D),(D),7190,(D),(D),(D),(D),(D),(D),(D),(D),(D),(D),(D),(D),8759,11167,12919
 "49023","Juab, UT",7,CAGDP2,82,"81","  Other services (except government and government enterprises) ","Thousands of dollars",5635,6674,6735,6510,6103,(D),(D),(D),(D),(D),(D),(D),(D),(D),(D),(D),(D),(D),(D),15039,15918,16804
 "49023","Juab, UT",7,CAGDP2,83,"92","Government and government enterprises ","Thousands of dollars",25455,25767,26913,28474,31190,34723,36394,38785,39204,39471,40187,40155,40064,40989,42663,45363,48571,51491,52579,53761,56566,60896
 "49023","Juab, UT",7,CAGDP2,87,"11,21","Natural resources and mining ","Thousands of dollars",5601,4914,5078,16836,25199,37407,30176,21874,23045,30036,35871,20264,26718,35099,40298,29847,22934,36895,21853,21443,97369,124321
 "49023","Juab, UT",7,CAGDP2,88,"42,44-45","Trade ","Thousands of dollars",15767,15883,17277,20808,19108,19402,19051,18760,17618,16427,15885,16343,16110,16383,17257,19614,22945,25499,27374,30054,34970,38708
 "49023","Juab, UT",7,CAGDP2,89,"22,48-49","Transportation and utilities ","Thousands of dollars",13974,14182,12754,(D),(D),(D),(D),(D),(D),(D),(D),(D),(D),(D),(D),(D),(D),(D),(D),(D),(D),(D)
 "49023","Juab, UT",7,CAGDP2,90,"31-33,51","Manufacturing and information ","Thousands of dollars",21719,25225,24899,34733,38686,(D),(D),(D),(D),(D),(D),(D),(D),(D),(D),(D),(D),(D),(D),129460,158728,(D)
 "49023","Juab, UT",7,CAGDP2,91,"...","Private goods-producing industries 2/","Thousands of dollars",34547,48493,40035,71051,89841,108182,115486,108197,127798,154772,158803,106133,125389,136014,160216,148291,140148,169486,162277,178451,291903,344854
 "49023","Juab, UT",7,CAGDP2,92,"...","Private services-providing industries 3/","Thousands of dollars",88476,91192,91544,94029,107182,153292,193173,181926,183010,193318,194133,191606,210080,212450,222359,209328,216865,268706,305714,303173,363468,477773
 "49025","Kane, UT",7,CAGDP2,1,"...","All industry total ","Thousands of dollars",143299,152165,164264,168962,188849,230020,228144,219504,213673,222253,239115,251473,261496,273875,282962,301773,325938,359680,381142,402287,490352,519660
 "49025","Kane, UT",7,CAGDP2,2,"..."," Private industries ","Thousands of dollars",110087,118975,129634,134387,150872,189950,185951,175968,169174,176538,192145,203358,213757,225002,233291,250188,272032,307298,327301,343961,429179,454622
 "49025","Kane, UT",7,CAGDP2,3,"11","  Agriculture, forestry, fishing and hunting ","Thousands of dollars",1340,(D),(D),(D),12231,(D),(D),2203,(D),(D),(D),(D),(D),(D),(D),(D),(D),3933,4620,8591,18220,12801
 "49025","Kane, UT",7,CAGDP2,6,"21","  Mining, quarrying, and oil and gas extraction ","Thousands of dollars",0,323,105,0,0,0,1848,756,1791,1863,3800,14937,20960,18804,14151,26678,23171,17004,10749,26350,(D),(D)
 "49025","Kane, UT",7,CAGDP2,10,"22","  Utilities ","Thousands of dollars",774,880,1030,(D),1384,1616,1576,2313,2328,(D),3096,2879,3494,4158,4861,(D),(D),10168,12886,19332,27357,27770
 "49025","Kane, UT",7,CAGDP2,11,"23","  Construction ","Thousands of dollars",(D),7431,(D),5054,6937,12148,21611,11492,6116,8572,10495,7766,6936,(D),9532,(D),13788,24226,19299,23843,41149,48284
 "49025","Kane, UT",7,CAGDP2,12,"31-33","  Manufacturing ","Thousands of dollars",(D),(D),9835,10032,11289,10885,(D),8126,7703,(D),(D),(D),(D),9592,9288,9564,10849,9089,8774,10400,17703,(D)
 "49025","Kane, UT",7,CAGDP2,13,"321,327-339","   Durable goods manufacturing ","Thousands of dollars",(D),(D),(D),(D),(D),(D),(D),(D),(D),(D),(D),(D),(D),9131,8615,(D),(D),(D),(D),(D),15561,11088
 "49025","Kane, UT",7,CAGDP2,25,"311-316,322-326","   Nondurable goods manufacturing ","Thousands of dollars",(D),(D),(D),(D),(D),(D),(D),(D),(D),113,123,202,347,461,673,(D),(D),(D),(D),(D),2142,(D)
 "49025","Kane, UT",7,CAGDP2,34,"42","  Wholesale trade ","Thousands of dollars",2212,2173,1470,(D),1934,1966,1926,1751,1502,(D),(D),2160,2138,2247,2173,(D),(D),(D),(D),(D),2376,3129
 "49025","Kane, UT",7,CAGDP2,35,"44-45","  Retail trade ","Thousands of dollars",10541,10571,12915,16058,15307,16180,15091,13673,12839,12362,12506,12463,13903,15582,17170,19081,19037,19359,20266,21442,24056,26160
 "49025","Kane, UT",7,CAGDP2,36,"48-49","  Transportation and warehousing ","Thousands of dollars",(D),(D),(D),2989,(D),(D),(D),(D),(D),3256,(D),(D),(D),(D),(D),5925,5220,4855,(D),(D),(D),(D)
 "49025","Kane, UT",7,CAGDP2,45,"51","  Information ","Thousands of dollars",(D),(D),(D),1009,(D),2270,1785,2180,1786,1856,(D),2724,2900,2684,2119,2243,2107,3396,3548,3709,4219,4711
 "49025","Kane, UT",7,CAGDP2,50,"52,53","  Finance, insurance, real estate, rental, and leasing ","Thousands of dollars",33648,38611,41078,42367,49611,54657,61784,59606,59463,62988,67247,63009,60680,58225,59663,63477,63860,71496,75579,77475,86565,(D)
 "49025","Kane, UT",7,CAGDP2,51,"52","   Finance and insurance ","Thousands of dollars",4588,5618,6433,7592,7908,8571,8057,6790,4979,5076,5529,6060,5995,6347,6655,7539,7398,7759,8213,8303,8370,8559
 "49025","Kane, UT",7,CAGDP2,56,"53","   Real estate and rental and leasing ","Thousands of dollars",29060,32993,34645,34775,41703,46087,53726,52816,54485,57912,61718,56949,54685,51878,53008,55937,56462,63737,67366,69173,78195,(D)
 "49025","Kane, UT",7,CAGDP2,59,"54,55,56","  Professional and business services ","Thousands of dollars",(D),(D),(D),1891,2165,3204,4466,3596,3731,4641,5160,5729,6608,6819,8015,8376,8667,(D),11344,12709,14689,15855
 "49025","Kane, UT",7,CAGDP2,60,"54","   Professional, scientific, and technical services ","Thousands of dollars",(D),(D),(D),1236,1424,2357,3834,2881,2925,3657,3541,3661,4386,4227,5107,5133,5030,5749,(D),(D),8742,9921
 "49025","Kane, UT",7,CAGDP2,64,"55","   Management of companies and enterprises ","Thousands of dollars",0,0,0,0,0,0,0,0,0,0,0,0,0,0,0,0,0,(D),(D),(D),146,147
 "49025","Kane, UT",7,CAGDP2,65,"56","   Administrative and support and waste management and remediation services ","Thousands of dollars",356,409,460,655,741,848,631,714,805,984,1620,2069,2221,2592,2908,3243,3636,(D),4444,4564,5801,5787
 "49025","Kane, UT",7,CAGDP2,68,"61,62","  Educational services, health care, and social assistance ","Thousands of dollars",1577,1720,1696,1876,(D),(D),(D),(D),(D),6517,5525,4170,4986,5084,5355,5745,6227,6911,6723,8281,7919,8045
 "49025","Kane, UT",7,CAGDP2,69,"61","   Educational services ","Thousands of dollars",18,21,63,334,679,(D),(D),(D),(D),(D),(D),181,224,195,235,183,54,55,71,71,65,74
 "49025","Kane, UT",7,CAGDP2,70,"62","   Health care and social assistance ","Thousands of dollars",1559,1699,1633,1542,(D),(D),(D),(D),(D),(D),(D),3989,4763,4889,5120,5562,6173,6856,6652,8210,7854,7971
 "49025","Kane, UT",7,CAGDP2,75,"71,72","  Arts, entertainment, recreation, accommodation, and food services ","Thousands of dollars",28867,28652,28729,25389,26314,29714,32628,35522,32996,36478,40570,48181,49717,52463,58830,60047,68995,80794,89634,71216,98759,109334
 "49025","Kane, UT",7,CAGDP2,76,"71","   Arts, entertainment, and recreation ","Thousands of dollars",14942,(D),13459,12087,11450,12732,(D),6399,5587,5017,4498,4420,3610,4062,4916,5305,6652,6905,7269,7491,15980,17405
 "49025","Kane, UT",7,CAGDP2,79,"72","   Accommodation and food services ","Thousands of dollars",13925,(D),15269,13301,14863,16982,(D),29123,27409,31461,36073,43761,46107,48401,53914,54741,62343,73889,82365,63725,82779,91929
 "49025","Kane, UT",7,CAGDP2,82,"81","  Other services (except government and government enterprises) ","Thousands of dollars",11540,12889,14597,16437,16832,19725,22848,26316,25683,24813,25516,25178,25538,27747,29659,30838,39993,44696,57962,54770,60684,60864
 "49025","Kane, UT",7,CAGDP2,83,"92","Government and government enterprises ","Thousands of dollars",33213,33189,34630,34575,37977,40071,42193,43535,44499,45715,46970,48114,47739,48873,49671,51585,53907,52382,53841,58326,61173,65039
 "49025","Kane, UT",7,CAGDP2,87,"11,21","Natural resources and mining ","Thousands of dollars",1340,(D),(D),(D),12231,(D),(D),2959,(D),(D),(D),(D),(D),(D),(D),(D),(D),20938,15369,34941,(D),(D)
 "49025","Kane, UT",7,CAGDP2,88,"42,44-45","Trade ","Thousands of dollars",12753,12743,14386,(D),17241,18145,17016,15424,14341,(D),(D),14622,16041,17828,19343,(D),(D),(D),(D),(D),26432,29289
 "49025","Kane, UT",7,CAGDP2,89,"22,48-49","Transportation and utilities ","Thousands of dollars",(D),(D),(D),(D),(D),(D),(D),(D),(D),(D),(D),(D),(D),(D),(D),(D),(D),15023,(D),(D),(D),(D)
 "49025","Kane, UT",7,CAGDP2,90,"31-33,51","Manufacturing and information ","Thousands of dollars",6010,8009,(D),11042,(D),13155,(D),10306,9490,(D),12662,(D),(D),12277,11407,11807,12956,12485,12322,14108,21923,(D)
 "49025","Kane, UT",7,CAGDP2,91,"...","Private goods-producing industries 2/","Thousands of dollars",14972,17105,21514,(D),30457,(D),35998,22576,(D),18893,24850,(D),(D),(D),(D),47945,(D),54253,43443,69184,(D),109165
 "49025","Kane, UT",7,CAGDP2,92,"...","Private services-providing industries 3/","Thousands of dollars",95114,101870,108119,(D),120414,(D),149953,153393,(D),157645,167294,(D),(D),(D),(D),202243,(D),253045,283858,274776,(D),345456
 "49027","Millard, UT",7,CAGDP2,1,"...","All industry total ","Thousands of dollars",517248,531274,516254,588221,591703,633534,694170,699922,721213,740069,840172,728854,852512,851341,875412,810288,855418,847501,899658,918725,1075804,1292262
 "49027","Millard, UT",7,CAGDP2,2,"..."," Private industries ","Thousands of dollars",464751,478703,462946,530325,528466,569716,631776,634573,654843,674241,770911,660745,784618,786277,808067,740275,780051,777673,831800,850713,1000619,1212953
 "49027","Millard, UT",7,CAGDP2,3,"11","  Agriculture, forestry, fishing and hunting ","Thousands of dollars",45423,52183,39648,47333,41547,37442,85920,69983,39046,20449,80950,62761,90980,76712,83596,30088,22129,40659,77005,60194,66276,159026
 "49027","Millard, UT",7,CAGDP2,6,"21","  Mining, quarrying, and oil and gas extraction ","Thousands of dollars",11343,8901,9167,13130,21259,24353,26581,29864,35247,42050,48143,35657,39068,54283,36582,37515,55161,49525,52774,60869,71607,78469
 "49027","Millard, UT",7,CAGDP2,10,"22","  Utilities ","Thousands of dollars",286879,270241,262935,311072,299295,336271,330058,336106,364549,397630,429519,365812,447265,445186,439656,413809,421014,401671,395895,417224,520386,567658
 "49027","Millard, UT",7,CAGDP2,11,"23","  Construction ","Thousands of dollars",2535,15045,7275,5072,7899,5935,6083,5664,8236,14443,10496,9340,11895,7958,9447,13326,15295,13122,12328,12846,16803,55624
 "49027","Millard, UT",7,CAGDP2,12,"31-33","  Manufacturing ","Thousands of dollars",7599,9231,10447,12004,11534,12396,15916,13728,16319,20449,23685,21451,18010,20330,21021,20618,25218,25715,24572,27334,27499,29326
 "49027","Millard, UT",7,CAGDP2,13,"321,327-339","   Durable goods manufacturing ","Thousands of dollars",(D),(D),(D),(D),(D),(D),(D),(D),(D),(D),8788,(D),9888,10677,10793,11560,14911,15627,14242,15575,14388,15137
 "49027","Millard, UT",7,CAGDP2,25,"311-316,322-326","   Nondurable goods manufacturing ","Thousands of dollars",(D),(D),(D),(D),(D),(D),(D),(D),(D),(D),14897,(D),8122,9653,10229,9058,10307,10087,10330,11759,13111,14189
 "49027","Millard, UT",7,CAGDP2,34,"42","  Wholesale trade ","Thousands of dollars",5897,6084,5682,5859,6067,6085,(D),(D),(D),(D),(D),(D),(D),(D),(D),(D),(D),(D),(D),(D),(D),38500
 "49027","Millard, UT",7,CAGDP2,35,"44-45","  Retail trade ","Thousands of dollars",22627,23380,26687,25275,22986,21883,21267,20738,20368,20366,20588,21268,23020,22548,25689,28467,32417,36097,39228,42149,46322,49871
 "49027","Millard, UT",7,CAGDP2,36,"48-49","  Transportation and warehousing ","Thousands of dollars",(D),(D),(D),(D),(D),(D),(D),30384,42512,25891,21753,23952,29302,30312,51396,41771,38000,25526,33939,38473,36328,37884
 "49027","Millard, UT",7,CAGDP2,45,"51","  Information ","Thousands of dollars",2764,2511,2950,2863,3976,5336,5228,4912,5047,4454,3612,2493,2472,3104,3318,2230,2005,1992,2452,2299,2313,2427
 "49027","Millard, UT",7,CAGDP2,50,"52,53","  Finance, insurance, real estate, rental, and leasing ","Thousands of dollars",38262,43039,47442,48923,52548,55628,63453,63748,63759,68342,69276,48546,49153,48670,49499,53574,55944,65562,(D),61963,63060,64667
 "49027","Millard, UT",7,CAGDP2,51,"52","   Finance and insurance ","Thousands of dollars",(D),(D),(D),(D),(D),9038,7902,(D),(D),3984,4378,4572,4278,(D),4850,(D),(D),(D),(D),8687,8916,9573
 "49027","Millard, UT",7,CAGDP2,56,"53","   Real estate and rental and leasing ","Thousands of dollars",(D),(D),(D),(D),(D),46590,55550,(D),(D),64358,64898,43974,44875,(D),44649,(D),(D),(D),60489,53276,54144,55094
 "49027","Millard, UT",7,CAGDP2,59,"54,55,56","  Professional and business services ","Thousands of dollars",7570,(D),(D),13351,13687,15680,16863,18887,18615,18543,(D),23015,25398,26474,27289,29629,30577,36030,38436,40315,43414,48401
 "49027","Millard, UT",7,CAGDP2,60,"54","   Professional, scientific, and technical services ","Thousands of dollars",(D),(D),(D),(D),(D),(D),(D),(D),(D),(D),(D),(D),(D),(D),(D),(D),(D),(D),(D),(D),(D),(D)
 "49027","Millard, UT",7,CAGDP2,64,"55","   Management of companies and enterprises ","Thousands of dollars",(D),(D),(D),(D),(D),(D),(D),(D),(D),(D),(D),(D),(D),(D),(D),(D),(D),(D),(D),(D),(D),(D)
 "49027","Millard, UT",7,CAGDP2,65,"56","   Administrative and support and waste management and remediation services ","Thousands of dollars",(D),5594,6275,8272,8468,9575,10573,12428,12366,11983,12291,16220,17938,18843,19716,21866,23050,27124,28907,30910,33245,35561
 "49027","Millard, UT",7,CAGDP2,68,"61,62","  Educational services, health care, and social assistance ","Thousands of dollars",8069,8778,10436,12431,14014,13005,14957,(D),(D),16364,18137,(D),(D),(D),(D),(D),(D),29040,30366,(D),(D),47322
 "49027","Millard, UT",7,CAGDP2,69,"61","   Educational services ","Thousands of dollars",0,1,12,33,43,(D),(D),(D),(D),(D),(D),(D),(D),(D),(D),(D),(D),(D),(D),(D),(D),(D)
 "49027","Millard, UT",7,CAGDP2,70,"62","   Health care and social assistance ","Thousands of dollars",8069,8777,10424,12399,13971,(D),(D),(D),(D),(D),(D),(D),(D),(D),(D),(D),(D),(D),(D),(D),(D),(D)
 "49027","Millard, UT",7,CAGDP2,75,"71,72","  Arts, entertainment, recreation, accommodation, and food services ","Thousands of dollars",(D),6209,5802,(D),(D),(D),7206,7444,6912,(D),7516,8175,8290,8471,9508,9629,11561,(D),13128,10789,13035,16094
 "49027","Millard, UT",7,CAGDP2,76,"71","   Arts, entertainment, and recreation ","Thousands of dollars",(D),481,502,(D),(D),(D),(D),473,410,(D),832,1249,1110,615,268,300,351,(D),(D),455,745,1135
 "49027","Millard, UT",7,CAGDP2,79,"72","   Accommodation and food services ","Thousands of dollars",(D),5728,5300,(D),(D),(D),(D),6971,6502,(D),6684,6926,7180,7856,9241,9329,11210,(D),(D),10335,12290,14959
 "49027","Millard, UT",7,CAGDP2,82,"81","  Other services (except government and government enterprises) ","Thousands of dollars",8366,9044,10454,12489,10653,10486,10388,11272,11280,11001,10493,11404,11757,11924,12290,12309,13483,13162,13868,15583,16143,17684
 "49027","Millard, UT",7,CAGDP2,83,"92","Government and government enterprises ","Thousands of dollars",52497,52571,53308,57896,63237,63818,62394,65350,66370,65828,69261,68110,67894,65063,67345,70014,75367,69828,67858,68012,75185,79309
 "49027","Millard, UT",7,CAGDP2,87,"11,21","Natural resources and mining ","Thousands of dollars",56766,61084,48816,60463,62806,61794,112500,99848,74293,62498,129093,98419,130048,130996,120179,67603,77289,90184,129779,121063,137883,237496
 "49027","Millard, UT",7,CAGDP2,88,"42,44-45","Trade ","Thousands of dollars",28524,29464,32369,31134,29054,27968,(D),(D),(D),(D),(D),(D),(D),(D),(D),(D),(D),(D),(D),(D),(D),88370
 "49027","Millard, UT",7,CAGDP2,89,"22,48-49","Transportation and utilities ","Thousands of dollars",(D),(D),(D),(D),(D),(D),(D),366491,407061,423521,451272,389763,476567,475498,491053,455579,459014,427197,429833,455698,556715,605543
 "49027","Millard, UT",7,CAGDP2,90,"31-33,51","Manufacturing and information ","Thousands of dollars",10363,11741,13397,14867,15510,17732,21144,18641,21366,24902,27297,23944,20482,23434,24339,22848,27223,27706,27024,29633,29812,31753
 "49027","Millard, UT",7,CAGDP2,91,"...","Private goods-producing industries 2/","Thousands of dollars",66901,85360,66537,77539,82239,80126,134499,119240,98849,97390,163275,129210,159953,159283,150647,101547,117802,129021,166679,161244,182186,322446
 "49027","Millard, UT",7,CAGDP2,92,"...","Private services-providing industries 3/","Thousands of dollars",397850,393343,396409,452785,446227,489590,497277,515333,555994,576851,607636,531535,624664,626995,657419,638727,662249,648652,665121,689469,818433,890507
 "49029","Morgan, UT",7,CAGDP2,1,"...","All industry total ","Thousands of dollars",106108,112436,121143,133340,147989,161789,183136,182358,178809,202208,196435,215506,217947,242195,245128,252772,279914,311352,332699,377751,445234,452811
 "49029","Morgan, UT",7,CAGDP2,2,"..."," Private industries ","Thousands of dollars",89062,95067,103602,114953,128214,140757,160597,158696,154823,176922,170840,190174,190592,213971,216287,222199,246404,276719,295091,336488,401329,406421
 "49029","Morgan, UT",7,CAGDP2,3,"11","  Agriculture, forestry, fishing and hunting ","Thousands of dollars",5593,6605,7598,2662,5152,9441,14432,14667,12103,18988,16088,18091,11710,8469,3300,3307,5876,5343,1634,1337,4081,1318
 "49029","Morgan, UT",7,CAGDP2,6,"21","  Mining, quarrying, and oil and gas extraction ","Thousands of dollars",283,245,383,287,418,467,400,775,1074,1654,2909,2489,3294,8180,4645,3682,5625,4065,15834,18111,22792,(D)
 "49029","Morgan, UT",7,CAGDP2,10,"22","  Utilities ","Thousands of dollars",217,261,345,442,558,722,406,731,828,813,1279,888,1022,(D),(D),1694,3885,5755,(D),13018,19194,(D)
 "49029","Morgan, UT",7,CAGDP2,11,"23","  Construction ","Thousands of dollars",13919,11401,12052,17251,18895,22955,35596,29451,22032,29312,25809,29200,32823,41076,38870,46479,47866,62671,60695,69184,71335,65589
 "49029","Morgan, UT",7,CAGDP2,12,"31-33","  Manufacturing ","Thousands of dollars",13821,14818,15332,19251,19203,19202,21531,20766,20526,24418,22324,25968,23848,24353,25352,25142,29574,31821,26193,25531,25014,(D)
 "49029","Morgan, UT",7,CAGDP2,13,"321,327-339","   Durable goods manufacturing ","Thousands of dollars",12541,(D),(D),17526,(D),(D),(D),(D),(D),(D),(D),(D),20920,21919,23136,23245,27444,29493,23831,22966,22286,27089
 "49029","Morgan, UT",7,CAGDP2,25,"311-316,322-326","   Nondurable goods manufacturing ","Thousands of dollars",1280,(D),(D),1725,(D),(D),(D),(D),(D),(D),(D),(D),2928,2435,2216,1897,2130,2329,2362,2566,2728,(D)
 "49029","Morgan, UT",7,CAGDP2,34,"42","  Wholesale trade ","Thousands of dollars",(D),16303,18052,20113,20745,19792,18695,18352,16396,16721,19409,24195,26516,27397,27450,24692,26826,31544,41464,49151,62086,62089
 "49029","Morgan, UT",7,CAGDP2,35,"44-45","  Retail trade ","Thousands of dollars",5912,6398,6365,6527,7857,(D),9011,9009,8356,8050,8898,10043,11000,11212,12570,12933,14869,18325,20404,21281,24615,26089
 "49029","Morgan, UT",7,CAGDP2,36,"48-49","  Transportation and warehousing ","Thousands of dollars",(D),314,703,674,1176,1120,1398,1145,1004,571,510,525,634,968,1625,1364,3169,3180,2865,8057,12644,11454
 "49029","Morgan, UT",7,CAGDP2,45,"51","  Information ","Thousands of dollars",64,(D),(D),398,(D),(D),(D),(D),(D),(D),(D),(D),(D),(D),(D),(D),817,493,(D),(D),1402,1526
 "49029","Morgan, UT",7,CAGDP2,50,"52,53","  Finance, insurance, real estate, rental, and leasing ","Thousands of dollars",21242,23145,25432,26948,32209,35062,33750,38201,46783,49514,47249,51686,49824,56825,63643,63010,63557,61838,63229,71215,82047,(D)
 "49029","Morgan, UT",7,CAGDP2,51,"52","   Finance and insurance ","Thousands of dollars",(D),3908,5178,5535,5846,8309,7799,7391,9076,12254,5441,12711,8844,11077,13152,13342,15657,12724,13158,17891,16632,13277
 "49029","Morgan, UT",7,CAGDP2,56,"53","   Real estate and rental and leasing ","Thousands of dollars",(D),19237,20254,21414,26363,26753,25951,30811,37707,37260,41808,38975,40980,45748,50491,49668,47900,49114,50071,53324,65416,(D)
 "49029","Morgan, UT",7,CAGDP2,59,"54,55,56","  Professional and business services ","Thousands of dollars",4151,5107,6184,8973,10441,10638,10670,9599,9422,8940,7512,(D),9083,(D),13816,(D),19929,24094,26625,(D),38277,40231
 "49029","Morgan, UT",7,CAGDP2,60,"54","   Professional, scientific, and technical services ","Thousands of dollars",(D),(D),(D),(D),(D),(D),6531,5371,5446,5058,3671,3128,4714,9423,10665,12608,15137,19187,20638,23252,32442,35394
 "49029","Morgan, UT",7,CAGDP2,64,"55","   Management of companies and enterprises ","Thousands of dollars",(D),(D),(D),(D),(D),(D),(D),(D),(D),(D),(D),(D),(D),(D),(D),(D),(D),(D),(D),(D),(D),(D)
 "49029","Morgan, UT",7,CAGDP2,65,"56","   Administrative and support and waste management and remediation services ","Thousands of dollars",973,1368,2091,3052,2932,1962,(D),(D),(D),(D),(D),(D),(D),(D),(D),(D),(D),(D),(D),(D),(D),(D)
 "49029","Morgan, UT",7,CAGDP2,68,"61,62","  Educational services, health care, and social assistance ","Thousands of dollars",(D),2068,2533,2831,3243,3935,4737,(D),5076,5760,(D),5767,5796,6296,6253,7263,7320,9967,10015,9435,12405,10836
 "49029","Morgan, UT",7,CAGDP2,69,"61","   Educational services ","Thousands of dollars",0,1,(D),(D),(D),(D),(D),(D),(D),(D),(D),(D),(D),(D),(D),367,339,522,577,573,1096,952
 "49029","Morgan, UT",7,CAGDP2,70,"62","   Health care and social assistance ","Thousands of dollars",(D),2067,(D),(D),(D),(D),(D),(D),(D),(D),(D),(D),(D),(D),(D),6896,6981,9446,9438,8862,11309,9884
 "49029","Morgan, UT",7,CAGDP2,75,"71,72","  Arts, entertainment, recreation, accommodation, and food services ","Thousands of dollars",2296,1984,2098,2168,2295,2704,2931,3228,3384,3525,4039,4698,4759,4944,4907,5017,4882,5467,5719,5347,9471,16703
 "49029","Morgan, UT",7,CAGDP2,76,"71","   Arts, entertainment, and recreation ","Thousands of dollars",496,433,426,394,315,309,364,(D),(D),(D),949,1310,1428,1276,1101,1130,1054,1555,1490,1571,4431,12027
 "49029","Morgan, UT",7,CAGDP2,79,"72","   Accommodation and food services ","Thousands of dollars",1799,1551,1672,1775,1980,2395,2567,(D),(D),(D),3090,3388,3331,3668,3807,3886,3828,3912,4230,3776,5040,4676
 "49029","Morgan, UT",7,CAGDP2,82,"81","  Other services (except government and government enterprises) ","Thousands of dollars",(D),(D),(D),6428,(D),(D),(D),(D),(D),(D),(D),(D),(D),10094,11291,(D),12208,12156,(D),(D),15966,16570
 "49029","Morgan, UT",7,CAGDP2,83,"92","Government and government enterprises ","Thousands of dollars",17045,17369,17542,18386,19774,21033,22539,23663,23987,25286,25595,25332,27356,28224,28842,30573,33510,34633,37608,41262,43906,46390
 "49029","Morgan, UT",7,CAGDP2,87,"11,21","Natural resources and mining ","Thousands of dollars",5876,6850,7980,2949,5570,9908,14832,15442,13177,20642,18997,20580,15004,16649,7946,6989,11501,9407,17468,19449,26873,(D)
 "49029","Morgan, UT",7,CAGDP2,88,"42,44-45","Trade ","Thousands of dollars",(D),22701,24418,26640,28602,(D),27706,27361,24752,24771,28307,34239,37516,38609,40020,37625,41696,49868,61868,70433,86701,88178
 "49029","Morgan, UT",7,CAGDP2,89,"22,48-49","Transportation and utilities ","Thousands of dollars",(D),575,1048,1116,1734,1843,1804,1875,1832,1384,1789,1412,1656,(D),(D),3058,7054,8935,(D),21075,31838,(D)
 "49029","Morgan, UT",7,CAGDP2,90,"31-33,51","Manufacturing and information ","Thousands of dollars",13885,(D),(D),19649,(D),(D),(D),(D),(D),(D),(D),(D),(D),(D),(D),(D),30391,32315,(D),(D),26416,(D)
 "49029","Morgan, UT",7,CAGDP2,91,"...","Private goods-producing industries 2/","Thousands of dollars",33616,33070,35364,39451,43668,52065,71959,65660,55735,74372,67130,75748,71675,82078,72167,78609,88941,103900,104356,114164,123222,117462
 "49029","Morgan, UT",7,CAGDP2,92,"...","Private services-providing industries 3/","Thousands of dollars",55446,61997,68238,75502,84546,88691,88638,93036,99088,102550,103710,114426,118917,131893,144120,143590,157463,172820,190734,222324,278107,288959
 "49031","Piute, UT",7,CAGDP2,1,"...","All industry total ","Thousands of dollars",21849,19660,22903,26411,32899,25895,34272,29355,31847,32210,31057,23949,24233,28536,51139,64916,79559,80878,72529,65452,68882,103268
 "49031","Piute, UT",7,CAGDP2,2,"..."," Private industries ","Thousands of dollars",16718,13779,16722,20527,26665,19249,27374,21707,24295,24377,23138,16354,16521,20406,43084,56894,71323,73898,63397,58087,61368,95596
 "49031","Piute, UT",7,CAGDP2,3,"11","  Agriculture, forestry, fishing and hunting ","Thousands of dollars",(D),(D),(D),6861,(D),655,7275,389,(D),(D),(D),(D),(D),(D),(D),39521,54170,53021,39580,35690,39337,68541
 "49031","Piute, UT",7,CAGDP2,6,"21","  Mining, quarrying, and oil and gas extraction ","Thousands of dollars",0,0,0,670,938,2336,2938,3829,3400,0,0,(D),0,0,0,0,0,0,0,99,286,334
 "49031","Piute, UT",7,CAGDP2,10,"22","  Utilities ","Thousands of dollars",0,0,0,0,0,0,0,0,0,0,(D),0,0,0,0,0,0,0,0,0,0,0
 "49031","Piute, UT",7,CAGDP2,11,"23","  Construction ","Thousands of dollars",(D),(D),94,(D),1228,(D),(D),(D),(D),3398,(D),(D),(D),(D),(D),(D),(D),(D),(D),(D),(D),(D)
 "49031","Piute, UT",7,CAGDP2,12,"31-33","  Manufacturing ","Thousands of dollars",15,10,(D),(D),(D),(D),(D),(D),61,37,40,133,272,184,449,(D),(D),(D),(D),(D),(D),(D)
 "49031","Piute, UT",7,CAGDP2,13,"321,327-339","   Durable goods manufacturing ","Thousands of dollars",1,1,(D),(D),(D),(D),(D),(D),44,22,29,53,219,137,449,(D),(D),(D),(D),(D),(D),(D)
 "49031","Piute, UT",7,CAGDP2,25,"311-316,322-326","   Nondurable goods manufacturing ","Thousands of dollars",14,9,8,5,21,13,10,8,17,15,12,80,53,47,0,0,0,42,86,116,179,195
 "49031","Piute, UT",7,CAGDP2,34,"42","  Wholesale trade ","Thousands of dollars",18,19,20,44,(D),(D),(D),(D),(D),(D),(D),(D),(D),(D),159,125,62,42,53,9,0,1
 "49031","Piute, UT",7,CAGDP2,35,"44-45","  Retail trade ","Thousands of dollars",(D),(D),(D),(D),(D),(D),(D),(D),(D),(D),(D),(D),(D),(D),(D),(D),(D),1265,(D),(D),(D),(D)
 "49031","Piute, UT",7,CAGDP2,36,"48-49","  Transportation and warehousing ","Thousands of dollars",(D),(D),(D),(D),(D),3054,2896,2753,2704,1969,1820,(D),(D),(D),(D),(D),(D),(D),(D),(D),(D),(D)
 "49031","Piute, UT",7,CAGDP2,45,"51","  Information ","Thousands of dollars",16,19,16,0,0,0,0,0,0,0,0,82,177,229,289,196,137,127,165,170,173,259
 "49031","Piute, UT",7,CAGDP2,50,"52,53","  Finance, insurance, real estate, rental, and leasing ","Thousands of dollars",5176,6046,6375,6714,7907,8501,9943,9992,10082,10915,11122,8371,8481,8293,8477,8845,8725,9881,(D),10142,10007,(D)
 "49031","Piute, UT",7,CAGDP2,51,"52","   Finance and insurance ","Thousands of dollars",(D),(D),(D),(D),(D),(D),(D),(D),(D),(D),(D),(D),(D),(D),(D),(D),(D),(D),(D),(D),(D),(D)
 "49031","Piute, UT",7,CAGDP2,56,"53","   Real estate and rental and leasing ","Thousands of dollars",(D),(D),(D),(D),(D),(D),(D),(D),(D),(D),(D),(D),(D),(D),(D),(D),(D),(D),10639,(D),(D),9455
 "49031","Piute, UT",7,CAGDP2,59,"54,55,56","  Professional and business services ","Thousands of dollars",44,(D),(D),37,(D),(D),(D),(D),(D),(D),(D),(D),(D),816,722,682,(D),634,(D),703,(D),(D)
 "49031","Piute, UT",7,CAGDP2,60,"54","   Professional, scientific, and technical services ","Thousands of dollars",(D),1,5,13,(D),(D),(D),(D),(D),(D),(D),(D),(D),(D),(D),(D),(D),(D),(D),(D),(D),(D)
 "49031","Piute, UT",7,CAGDP2,64,"55","   Management of companies and enterprises ","Thousands of dollars",0,0,0,0,0,0,0,0,0,0,0,0,0,0,0,0,0,0,0,0,0,0
 "49031","Piute, UT",7,CAGDP2,65,"56","   Administrative and support and waste management and remediation services ","Thousands of dollars",(D),(D),(D),24,47,38,26,16,42,110,103,148,230,(D),(D),(D),(D),(D),(D),(D),(D),(D)
 "49031","Piute, UT",7,CAGDP2,68,"61,62","  Educational services, health care, and social assistance ","Thousands of dollars",145,(D),(D),(D),(D),(D),(D),(D),(D),(D),(D),(D),(D),(D),(D),(D),(D),(D),(D),(D),(D),(D)
 "49031","Piute, UT",7,CAGDP2,69,"61","   Educational services ","Thousands of dollars",2,3,2,3,28,30,27,6,11,32,45,89,136,212,252,214,169,190,271,205,154,175
 "49031","Piute, UT",7,CAGDP2,70,"62","   Health care and social assistance ","Thousands of dollars",143,(D),(D),(D),(D),(D),(D),(D),(D),(D),(D),(D),(D),(D),(D),(D),(D),(D),(D),(D),(D),(D)
 "49031","Piute, UT",7,CAGDP2,75,"71,72","  Arts, entertainment, recreation, accommodation, and food services ","Thousands of dollars",(D),424,465,536,650,995,1126,1085,1271,1148,1588,1604,1693,1046,992,(D),633,1142,(D),694,1221,1672
 "49031","Piute, UT",7,CAGDP2,76,"71","   Arts, entertainment, and recreation ","Thousands of dollars",(D),18,9,0,94,76,70,(D),(D),467,(D),(D),(D),(D),(D),(D),236,623,158,(D),(D),(D)
 "49031","Piute, UT",7,CAGDP2,79,"72","   Accommodation and food services ","Thousands of dollars",(D),406,456,536,556,919,1056,(D),(D),680,(D),(D),(D),(D),(D),(D),397,519,(D),(D),(D),(D)
 "49031","Piute, UT",7,CAGDP2,82,"81","  Other services (except government and government enterprises) ","Thousands of dollars",(D),(D),(D),(D),(D),(D),(D),(D),(D),(D),(D),(D),(D),(D),(D),(D),(D),(D),(D),(D),(D),(D)
 "49031","Piute, UT",7,CAGDP2,83,"92","Government and government enterprises ","Thousands of dollars",5131,5881,6181,5883,6233,6646,6897,7648,7552,7833,7919,7595,7713,8131,8055,8022,8236,6981,9132,7365,7514,7671
 "49031","Piute, UT",7,CAGDP2,87,"11,21","Natural resources and mining ","Thousands of dollars",(D),(D),(D),7531,(D),2991,10212,4218,(D),(D),(D),(D),(D),(D),(D),39521,54170,53021,39580,35789,39624,68875
 "49031","Piute, UT",7,CAGDP2,88,"42,44-45","Trade ","Thousands of dollars",(D),(D),(D),(D),722,760,742,912,730,717,699,838,1106,1281,(D),(D),(D),1307,(D),(D),(D),(D)
 "49031","Piute, UT",7,CAGDP2,89,"22,48-49","Transportation and utilities ","Thousands of dollars",(D),(D),(D),(D),(D),3054,2896,2753,2704,1969,(D),(D),(D),(D),(D),(D),(D),(D),(D),(D),(D),(D)
 "49031","Piute, UT",7,CAGDP2,90,"31-33,51","Manufacturing and information ","Thousands of dollars",31,29,(D),(D),(D),(D),(D),(D),61,37,40,215,449,413,738,(D),(D),(D),(D),(D),(D),(D)
 "49031","Piute, UT",7,CAGDP2,91,"...","Private goods-producing industries 2/","Thousands of dollars",(D),(D),5674,8237,12654,4114,(D),4717,7089,(D),5351,(D),(D),(D),(D),41857,56760,55934,(D),39066,(D),(D)
 "49031","Piute, UT",7,CAGDP2,92,"...","Private services-providing industries 3/","Thousands of dollars",(D),(D),11049,12291,14012,15135,(D),16990,17207,(D),17788,(D),(D),(D),(D),15036,14564,17964,(D),19021,(D),(D)
 "49033","Rich, UT",7,CAGDP2,1,"...","All industry total ","Thousands of dollars",59719,44322,50227,57706,64928,66605,66473,72425,66728,65211,72390,77529,115466,130901,131360,128504,131815,138757,142397,150144,171897,179153
 "49033","Rich, UT",7,CAGDP2,2,"..."," Private industries ","Thousands of dollars",51484,35840,41419,48329,54974,56324,55830,60880,55037,53055,60374,65440,102409,117251,117419,114570,117891,125199,128093,135269,156291,163286
 "49033","Rich, UT",7,CAGDP2,3,"11","  Agriculture, forestry, fishing and hunting ","Thousands of dollars",(D),(D),(D),(D),(D),(D),(D),(D),(D),2698,(D),(D),(D),(D),41780,35009,(D),(D),(D),(D),27104,32981
 "49033","Rich, UT",7,CAGDP2,6,"21","  Mining, quarrying, and oil and gas extraction ","Thousands of dollars",0,0,0,103,179,236,360,5034,1949,840,498,451,616,545,416,473,764,1108,1471,1745,2247,915
 "49033","Rich, UT",7,CAGDP2,10,"22","  Utilities ","Thousands of dollars",263,280,276,(D),(D),211,230,304,370,328,330,350,349,365,385,(D),466,1753,4274,8187,7634,11404
 "49033","Rich, UT",7,CAGDP2,11,"23","  Construction ","Thousands of dollars",1573,1720,1904,3680,3417,4538,5993,4533,2467,(D),3640,4008,4792,4696,(D),(D),9409,9715,13643,13251,16084,14760
 "49033","Rich, UT",7,CAGDP2,12,"31-33","  Manufacturing ","Thousands of dollars",(D),(D),(D),(D),(D),(D),(D),(D),(D),(D),(D),(D),(D),(D),(D),(D),(D),(D),(D),(D),1089,1136
 "49033","Rich, UT",7,CAGDP2,13,"321,327-339","   Durable goods manufacturing ","Thousands of dollars",(D),(D),(D),(D),(D),(D),(D),(D),(D),(D),(D),(D),(D),(D),(D),(D),(D),(D),(D),(D),(D),(D)
 "49033","Rich, UT",7,CAGDP2,25,"311-316,322-326","   Nondurable goods manufacturing ","Thousands of dollars",(D),236,(D),(D),(D),(D),4,20,29,(D),25,36,24,75,56,68,29,141,128,(D),(D),(D)
 "49033","Rich, UT",7,CAGDP2,34,"42","  Wholesale trade ","Thousands of dollars",(D),(D),(D),(D),(D),(D),(D),2,0,0,0,16,29,59,73,(D),(D),(D),139,140,(D),314
 "49033","Rich, UT",7,CAGDP2,35,"44-45","  Retail trade ","Thousands of dollars",1582,1604,1458,1931,1992,1926,2006,1951,2384,2258,2306,2315,2578,2728,3132,4200,4141,4926,4795,5589,7620,8301
 "49033","Rich, UT",7,CAGDP2,36,"48-49","  Transportation and warehousing ","Thousands of dollars",(D),(D),(D),571,1090,892,1436,(D),(D),(D),(D),(D),(D),(D),(D),983,3088,(D),1640,2688,(D),2776
 "49033","Rich, UT",7,CAGDP2,45,"51","  Information ","Thousands of dollars",0,0,(D),0,299,455,510,315,325,182,192,57,171,143,109,158,(D),124,83,(D),(D),(D)
 "49033","Rich, UT",7,CAGDP2,50,"52,53","  Finance, insurance, real estate, rental, and leasing ","Thousands of dollars",32987,24035,23801,22951,27953,29342,33134,31529,30543,33725,34087,39814,41650,46901,49909,50403,53346,56623,(D),57836,69338,(D)
 "49033","Rich, UT",7,CAGDP2,51,"52","   Finance and insurance ","Thousands of dollars",(D),(D),(D),(D),(D),(D),(D),(D),(D),(D),(D),(D),(D),(D),(D),(D),(D),(D),(D),(D),(D),(D)
 "49033","Rich, UT",7,CAGDP2,56,"53","   Real estate and rental and leasing ","Thousands of dollars",(D),(D),(D),(D),(D),(D),(D),(D),(D),(D),(D),(D),(D),(D),(D),(D),(D),(D),52539,(D),(D),64346
 "49033","Rich, UT",7,CAGDP2,59,"54,55,56","  Professional and business services ","Thousands of dollars",(D),(D),(D),314,480,(D),(D),(D),(D),(D),(D),(D),(D),(D),(D),2794,2936,3002,3673,3401,4602,5021
 "49033","Rich, UT",7,CAGDP2,60,"54","   Professional, scientific, and technical services ","Thousands of dollars",4,4,3,2,7,(D),(D),(D),(D),(D),(D),(D),(D),(D),(D),(D),(D),(D),(D),(D),(D),(D)
 "49033","Rich, UT",7,CAGDP2,64,"55","   Management of companies and enterprises ","Thousands of dollars",0,0,0,0,0,(D),(D),(D),0,(D),(D),0,(D),(D),(D),(D),(D),(D),(D),(D),(D),(D)
 "49033","Rich, UT",7,CAGDP2,65,"56","   Administrative and support and waste management and remediation services ","Thousands of dollars",(D),(D),(D),312,473,528,825,860,(D),354,419,(D),613,853,1002,2153,2391,2199,2854,2650,3485,3691
 "49033","Rich, UT",7,CAGDP2,68,"61,62","  Educational services, health care, and social assistance ","Thousands of dollars",(D),919,1231,1883,1849,2128,2203,2761,2559,2363,1346,1167,1341,1379,1754,1976,(D),881,926,(D),(D),(D)
 "49033","Rich, UT",7,CAGDP2,69,"61","   Educational services ","Thousands of dollars",(D),(D),(D),(D),(D),(D),(D),(D),(D),(D),(D),(D),(D),(D),(D),(D),(D),(D),(D),(D),347,323
 "49033","Rich, UT",7,CAGDP2,70,"62","   Health care and social assistance ","Thousands of dollars",(D),(D),(D),(D),(D),(D),(D),(D),(D),(D),(D),(D),(D),(D),(D),(D),1521,(D),(D),(D),(D),(D)
 "49033","Rich, UT",7,CAGDP2,75,"71,72","  Arts, entertainment, recreation, accommodation, and food services ","Thousands of dollars",2378,(D),2585,3242,(D),(D),5752,5855,4544,(D),4569,5036,5777,6128,7409,6611,8075,9546,9824,8970,11815,12942
 "49033","Rich, UT",7,CAGDP2,76,"71","   Arts, entertainment, and recreation ","Thousands of dollars",(D),(D),(D),(D),(D),(D),(D),(D),(D),(D),(D),(D),(D),(D),(D),(D),660,1018,1224,1428,1593,1883
 "49033","Rich, UT",7,CAGDP2,79,"72","   Accommodation and food services ","Thousands of dollars",(D),(D),(D),(D),(D),(D),(D),(D),(D),(D),(D),(D),(D),(D),(D),(D),7415,8528,8600,7542,10222,11059
 "49033","Rich, UT",7,CAGDP2,82,"81","  Other services (except government and government enterprises) ","Thousands of dollars",2227,2346,2407,2325,2139,2224,2387,2325,2587,2642,2524,2722,2845,3123,3689,4440,4690,(D),(D),4895,4980,5462
 "49033","Rich, UT",7,CAGDP2,83,"92","Government and government enterprises ","Thousands of dollars",8235,8482,8808,9377,9954,10281,10642,11545,11691,12156,12015,12088,13057,13650,13942,13934,13923,13558,14305,14875,15607,15867
 "49033","Rich, UT",7,CAGDP2,87,"11,21","Natural resources and mining ","Thousands of dollars",(D),(D),(D),(D),(D),(D),(D),(D),(D),3539,(D),(D),(D),(D),42197,35482,(D),(D),(D),(D),29352,33896
 "49033","Rich, UT",7,CAGDP2,88,"42,44-45","Trade ","Thousands of dollars",(D),(D),(D),(D),(D),(D),(D),1953,2384,2258,2306,2331,2607,2787,3205,(D),(D),(D),4934,5729,(D),8615
 "49033","Rich, UT",7,CAGDP2,89,"22,48-49","Transportation and utilities ","Thousands of dollars",(D),(D),(D),(D),(D),1103,1666,(D),(D),(D),(D),(D),(D),(D),(D),(D),3554,(D),5914,10875,(D),14181
 "49033","Rich, UT",7,CAGDP2,90,"31-33,51","Manufacturing and information ","Thousands of dollars",(D),(D),427,(D),(D),(D),(D),(D),(D),(D),(D),(D),(D),(D),(D),(D),683,(D),(D),909,(D),(D)
 "49033","Rich, UT",7,CAGDP2,91,"...","Private goods-producing industries 2/","Thousands of dollars",10741,3343,8565,14837,15625,13432,7251,13817,10719,5834,13309,12277,45138,53159,48012,42376,39089,41753,44921,42496,46525,49792
 "49033","Rich, UT",7,CAGDP2,92,"...","Private services-providing industries 3/","Thousands of dollars",40743,32497,32854,33492,39350,42893,48579,47062,44317,47221,47066,53163,57271,64092,69406,72195,78802,83446,83172,92773,109766,113494
 "49035","Salt Lake, UT",7,CAGDP2,1,"...","All industry total ","Thousands of dollars",38979641,40721699,41765908,45598364,49631446,55618423,59794869,59868639,57672114,59613507,63764580,67528589,69888793,73723547,78064858,83894014,90203042,98083086,105933486,106489180,120597016,132830230
 "49035","Salt Lake, UT",7,CAGDP2,2,"..."," Private industries ","Thousands of dollars",34139420,35689841,36553139,40106542,43732670,49282094,53125050,52733458,50426443,52171608,56035931,59790095,61917860,65304648,69294534,74632580,80434144,87952384,95344599,95477720,109212564,120699729
 "49035","Salt Lake, UT",7,CAGDP2,3,"11","  Agriculture, forestry, fishing and hunting ","Thousands of dollars",26998,7738,4166,4248,6609,6801,17323,12452,10245,6023,15169,8718,6156,5340,7231,(D),20913,25564,19518,22816,22333,19934
 "49035","Salt Lake, UT",7,CAGDP2,6,"21","  Mining, quarrying, and oil and gas extraction ","Thousands of dollars",283674,231502,235237,319197,506748,719175,795861,921859,1009235,1258454,1409094,1229967,1221688,1345775,923551,883922,1232618,1334971,1407616,1615210,1965700,2019634
 "49035","Salt Lake, UT",7,CAGDP2,10,"22","  Utilities ","Thousands of dollars",238926,259655,156793,166405,177255,223881,212974,233783,235702,240199,228576,225482,246746,259292,295206,(D),400276,540137,665260,954615,1301257,1386352
 "49035","Salt Lake, UT",7,CAGDP2,11,"23","  Construction ","Thousands of dollars",2178256,2007047,2115399,2377579,2766925,3321683,3686813,3356761,2797253,2619066,2763693,3115002,3107640,3594571,4170240,4530022,4764475,5307433,6128468,6683750,7318288,8492766
 "49035","Salt Lake, UT",7,CAGDP2,12,"31-33","  Manufacturing ","Thousands of dollars",3409436,3659608,4097261,4268844,4703727,5405639,6132082,6120408,6900290,7511410,8099031,7480481,7291532,7157064,7419815,6990576,7945956,8725415,9047525,8179234,10388804,12408730
 "49035","Salt Lake, UT",7,CAGDP2,13,"321,327-339","   Durable goods manufacturing ","Thousands of dollars",2176292,2461429,2732923,2685295,3023184,3466377,4149430,4248121,4543572,4857594,5053127,4952178,4610920,4476821,4754758,4514604,4831801,4972879,4985923,5077563,5617660,6286477
 "49035","Salt Lake, UT",7,CAGDP2,25,"311-316,322-326","   Nondurable goods manufacturing ","Thousands of dollars",1233145,1198179,1364337,1583548,1680543,1939262,1982652,1872287,2356718,2653816,3045904,2528302,2680612,2680243,2665057,2475972,3114155,3752536,4061602,3101671,4771144,6122252
 "49035","Salt Lake, UT",7,CAGDP2,34,"42","  Wholesale trade ","Thousands of dollars",2700282,2665351,2750170,3021181,3410769,3713545,4042269,4247062,3995902,4077558,4253681,4579612,4764392,4936247,5138819,5420781,5695954,5933238,6425547,6852865,7575122,8089036
 "49035","Salt Lake, UT",7,CAGDP2,35,"44-45","  Retail trade ","Thousands of dollars",2803565,2841991,2967169,3195014,3460425,3865126,4194334,4036111,3975664,4182514,4450080,5003196,5148632,5129683,5439852,6120809,6362440,6669908,7004168,7625326,9018965,10009567
 "49035","Salt Lake, UT",7,CAGDP2,36,"48-49","  Transportation and warehousing ","Thousands of dollars",1674499,1730035,1763294,2038815,2247212,2399476,2587812,2293014,2255871,2539679,2728676,2854506,2994349,3145874,3714682,3980880,4133017,4469035,4988310,4147032,4832921,6442259
 "49035","Salt Lake, UT",7,CAGDP2,45,"51","  Information ","Thousands of dollars",1835829,2065108,2049843,2182437,2417437,2695168,2543966,2751599,2548820,2541600,2575599,2513481,2732713,2893859,3233575,3728481,4145688,4302400,5015082,5189721,5753922,6549099
 "49035","Salt Lake, UT",7,CAGDP2,50,"52,53","  Finance, insurance, real estate, rental, and leasing ","Thousands of dollars",9609445,10589001,10712631,12405383,13032513,14722339,15744985,14776222,12823015,12902208,14529506,16670183,16935214,18401024,19496755,22022550,24026420,27320642,29652545,29312936,32745252,33366793
 "49035","Salt Lake, UT",7,CAGDP2,51,"52","   Finance and insurance ","Thousands of dollars",5685112,6334292,6416332,7693911,7770438,9027285,9404119,7977867,6426129,6366298,7658313,9325164,9258110,10504704,11233934,12666552,13066341,14967732,17086658,16627103,18626340,18640444
 "49035","Salt Lake, UT",7,CAGDP2,56,"53","   Real estate and rental and leasing ","Thousands of dollars",3924332,4254709,4296299,4711472,5262075,5695054,6340865,6798355,6396886,6535910,6871193,7345018,7677103,7896319,8262821,9355998,10960079,12352909,12565888,12685833,14118912,14726349
 "49035","Salt Lake, UT",7,CAGDP2,59,"54,55,56","  Professional and business services ","Thousands of dollars",4973784,4807431,4883078,5047085,5620250,6325899,6976114,7396485,7054805,7347661,7733806,8400542,9290246,9959077,10397770,10876758,11331993,12326296,13266871,13668276,15332173,17551387
 "49035","Salt Lake, UT",7,CAGDP2,60,"54","   Professional, scientific, and technical services ","Thousands of dollars",2464183,2462861,2549909,2698727,3030172,3418207,3749227,4149823,3994532,4093407,4343317,4690410,5318971,5768680,6045448,6239258,6433592,7306546,7900157,8327184,9631401,11098487
 "49035","Salt Lake, UT",7,CAGDP2,64,"55","   Management of companies and enterprises ","Thousands of dollars",1167303,1022481,1059429,1077851,1154361,1255922,1376444,1412589,1408087,1571474,1573741,1760027,1811784,1811090,1801190,1863815,1921753,1926978,1982951,2059564,2103188,2294986
 "49035","Salt Lake, UT",7,CAGDP2,65,"56","   Administrative and support and waste management and remediation services ","Thousands of dollars",1342298,1322089,1273741,1270507,1435716,1651770,1850443,1834072,1652185,1682780,1816749,1950105,2159491,2379307,2551132,2773685,2976648,3092773,3383763,3281528,3597585,4157914
 "49035","Salt Lake, UT",7,CAGDP2,68,"61,62","  Educational services, health care, and social assistance ","Thousands of dollars",2059155,2188973,2338963,2547562,2750965,3012206,3167298,3515271,3813728,3906788,4116076,4288548,4549071,4594298,4867508,5301291,5525131,5787308,6177444,6281285,7116039,7702707
 "49035","Salt Lake, UT",7,CAGDP2,69,"61","   Educational services ","Thousands of dollars",243295,251518,265443,299477,329475,359304,389263,504710,571052,635769,689676,714196,761720,771010,834304,921550,950421,1031099,1181744,1231842,1503255,1511990
 "49035","Salt Lake, UT",7,CAGDP2,70,"62","   Health care and social assistance ","Thousands of dollars",1815860,1937455,2073520,2248086,2421490,2652902,2778035,3010562,3242676,3271020,3426399,3574353,3787351,3823288,4033204,4379741,4574710,4756209,4995700,5049443,5612785,6190717
 "49035","Salt Lake, UT",7,CAGDP2,75,"71,72","  Arts, entertainment, recreation, accommodation, and food services ","Thousands of dollars",1246653,1446956,1285882,1287390,1360167,1534123,1632170,1630347,1556676,1581721,1632913,1782615,1891401,1997472,2208082,2407334,2677197,2917237,3163198,2503862,3196174,3848248
 "49035","Salt Lake, UT",7,CAGDP2,76,"71","   Arts, entertainment, and recreation ","Thousands of dollars",270868,400270,270496,277205,293948,326722,340591,368416,390983,377741,362736,410269,445394,454727,485167,585598,689420,746560,765651,601637,706951,889510
 "49035","Salt Lake, UT",7,CAGDP2,79,"72","   Accommodation and food services ","Thousands of dollars",975785,1046686,1015386,1010186,1066219,1207401,1291579,1261931,1165692,1203980,1270176,1372346,1446007,1542745,1722915,1821736,1987777,2170677,2397546,1902225,2489223,2958738
 "49035","Salt Lake, UT",7,CAGDP2,82,"81","  Other services (except government and government enterprises) ","Thousands of dollars",1098919,1189444,1193254,1245403,1271667,1337033,1391048,1442086,1449238,1456726,1500030,1637763,1738080,1885073,1981449,(D),2172065,2292801,2383047,2440792,2645613,2813217
 "49035","Salt Lake, UT",7,CAGDP2,83,"92","Government and government enterprises ","Thousands of dollars",4840220,5031859,5212770,5491822,5898776,6336329,6669820,7135181,7245671,7441899,7728649,7738493,7970933,8418899,8770324,9261434,9768898,10130702,10588888,11011460,11384453,12130501
 "49035","Salt Lake, UT",7,CAGDP2,87,"11,21","Natural resources and mining ","Thousands of dollars",310672,239240,239403,323445,513358,725977,813184,934310,1019479,1264477,1424263,1238685,1227845,1351115,930781,(D),1253531,1360535,1427134,1638026,1988033,2039567
 "49035","Salt Lake, UT",7,CAGDP2,88,"42,44-45","Trade ","Thousands of dollars",5503847,5507342,5717339,6216195,6871194,7578671,8236603,8283173,7971566,8260072,8703762,9582808,9913023,10065930,10578671,11541590,12058394,12603146,13429715,14478191,16594088,18098603
 "49035","Salt Lake, UT",7,CAGDP2,89,"22,48-49","Transportation and utilities ","Thousands of dollars",1913425,1989691,1920087,2205220,2424467,2623358,2800786,2526797,2491573,2779878,2957252,3079988,3241095,3405166,4009888,(D),4533293,5009171,5653569,5101647,6134178,7828610
 "49035","Salt Lake, UT",7,CAGDP2,90,"31-33,51","Manufacturing and information ","Thousands of dollars",5245265,5724716,6147104,6451281,7121164,8100806,8676049,8872007,9449109,10053010,10674630,9993961,10024245,10050923,10653390,10719057,12091644,13027815,14062607,13368955,16142726,18957829
 "49035","Salt Lake, UT",7,CAGDP2,91,"...","Private goods-producing industries 2/","Thousands of dollars",5898364,5905895,6452063,6969868,7984010,9453298,10632080,10411479,10717023,11394953,12286987,11834168,11627016,12102750,12520836,(D),13963962,15393382,16603127,16501010,19695125,22941063
 "49035","Salt Lake, UT",7,CAGDP2,92,"...","Private services-providing industries 3/","Thousands of dollars",28241057,29783946,30101076,33136675,35748660,39828796,42492970,42321979,39709420,40776655,43748943,47955927,50290844,53201898,56773698,(D),66470182,72559002,78741471,78976710,89517439,97758666
 "49037","San Juan, UT",7,CAGDP2,1,"...","All industry total ","Thousands of dollars",264216,274926,289287,316948,378398,417797,472416,496741,492709,556491,582910,526323,537428,517216,436937,442145,466332,461712,490840,461087,559457,649832
 "49037","San Juan, UT",7,CAGDP2,2,"..."," Private industries ","Thousands of dollars",186724,195784,207647,226686,286875,326069,374584,395592,393633,454816,480165,426298,434722,412438,327525,328095,348377,347333,374853,344293,439614,522953
 "49037","San Juan, UT",7,CAGDP2,3,"11","  Agriculture, forestry, fishing and hunting ","Thousands of dollars",3797,3054,451,2960,7943,673,9177,9266,5650,6435,1261,3730,3331,1178,957,5276,2574,3370,5510,14805,2608,7344
 "49037","San Juan, UT",7,CAGDP2,6,"21","  Mining, quarrying, and oil and gas extraction ","Thousands of dollars",53597,50881,68512,83970,120071,152098,182399,180257,173849,232844,261148,231495,209076,203110,109295,96919,104630,93111,86417,58560,145513,183099
 "49037","San Juan, UT",7,CAGDP2,10,"22","  Utilities ","Thousands of dollars",594,712,825,877,712,(D),(D),(D),(D),821,831,791,986,1419,1840,5662,9960,11783,(D),22806,31593,36051
 "49037","San Juan, UT",7,CAGDP2,11,"23","  Construction ","Thousands of dollars",7740,11312,9770,8706,14989,13805,16001,13140,11115,20713,16214,14791,37188,17035,17128,15710,18142,18800,20805,15551,16202,30644
 "49037","San Juan, UT",7,CAGDP2,12,"31-33","  Manufacturing ","Thousands of dollars",20329,16392,11134,8042,7531,5330,3173,5543,7916,5587,4867,5711,9278,7337,6368,5606,6500,8292,10976,13030,13930,14618
 "49037","San Juan, UT",7,CAGDP2,13,"321,327-339","   Durable goods manufacturing ","Thousands of dollars",2324,2022,(D),(D),1522,(D),(D),(D),3078,2218,(D),(D),6552,4322,(D),(D),(D),(D),(D),3001,3345,3942
 "49037","San Juan, UT",7,CAGDP2,25,"311-316,322-326","   Nondurable goods manufacturing ","Thousands of dollars",18005,14369,(D),(D),6009,(D),(D),(D),4839,3369,(D),(D),2726,3016,(D),(D),(D),(D),(D),10029,10586,10676
 "49037","San Juan, UT",7,CAGDP2,34,"42","  Wholesale trade ","Thousands of dollars",5043,4770,4637,4923,(D),(D),(D),(D),(D),(D),(D),4997,4398,(D),(D),(D),(D),(D),2445,(D),(D),(D)
 "49037","San Juan, UT",7,CAGDP2,35,"44-45","  Retail trade ","Thousands of dollars",11397,8973,8137,9106,8434,8993,9258,10690,11059,11279,11141,10735,12112,13814,14315,14015,12381,13203,14023,13568,14768,15785
 "49037","San Juan, UT",7,CAGDP2,36,"48-49","  Transportation and warehousing ","Thousands of dollars",3144,3330,3032,2973,3483,3596,3621,3582,3324,2460,3363,(D),(D),4633,6263,(D),(D),2835,3036,3661,3494,(D)
 "49037","San Juan, UT",7,CAGDP2,45,"51","  Information ","Thousands of dollars",(D),509,556,805,2157,10494,9581,17328,8211,(D),(D),(D),(D),(D),(D),(D),(D),(D),(D),(D),(D),(D)
 "49037","San Juan, UT",7,CAGDP2,50,"52,53","  Finance, insurance, real estate, rental, and leasing ","Thousands of dollars",42023,50527,53457,52694,62577,63875,63206,75994,90506,88061,92405,64196,66670,69232,71913,75871,79327,68672,84339,88827,80227,84703
 "49037","San Juan, UT",7,CAGDP2,51,"52","   Finance and insurance ","Thousands of dollars",(D),4687,5075,(D),4797,4923,4107,3208,2481,3388,3172,3860,3309,3662,3848,3960,4693,5237,6176,7767,7413,7209
 "49037","San Juan, UT",7,CAGDP2,56,"53","   Real estate and rental and leasing ","Thousands of dollars",(D),45840,48382,(D),57780,58952,59099,72785,88025,84673,89234,60336,63361,65571,68066,71910,74634,63435,78163,81060,72814,77494
 "49037","San Juan, UT",7,CAGDP2,59,"54,55,56","  Professional and business services ","Thousands of dollars",(D),4000,3932,3942,(D),5717,7564,10172,11676,11623,11704,12635,6171,(D),(D),5310,6123,(D),8040,8254,9659,10091
 "49037","San Juan, UT",7,CAGDP2,60,"54","   Professional, scientific, and technical services ","Thousands of dollars",(D),(D),(D),(D),(D),(D),(D),(D),(D),(D),(D),(D),(D),2732,(D),3320,(D),4684,(D),(D),(D),7554
 "49037","San Juan, UT",7,CAGDP2,64,"55","   Management of companies and enterprises ","Thousands of dollars",0,(D),(D),(D),(D),(D),(D),(D),(D),(D),(D),(D),(D),(D),0,0,(D),(D),(D),(D),(D),(D)
 "49037","San Juan, UT",7,CAGDP2,65,"56","   Administrative and support and waste management and remediation services ","Thousands of dollars",1374,1590,1588,1301,1652,2307,4654,7322,8999,7556,7458,9707,2919,2308,2074,1990,2001,2221,2523,2448,2974,(D)
 "49037","San Juan, UT",7,CAGDP2,68,"61,62","  Educational services, health care, and social assistance ","Thousands of dollars",8884,10073,11326,13628,16416,19576,21097,22394,27183,29291,34125,36528,43580,45647,46923,49510,51727,52889,54468,55034,63584,69715
 "49037","San Juan, UT",7,CAGDP2,69,"61","   Educational services ","Thousands of dollars",(D),(D),(D),2443,2292,2522,2810,(D),(D),(D),(D),(D),4277,5114,5186,5968,5663,(D),(D),(D),(D),4816
 "49037","San Juan, UT",7,CAGDP2,70,"62","   Health care and social assistance ","Thousands of dollars",(D),(D),(D),11185,14125,17054,18287,(D),(D),(D),(D),(D),39303,40533,41737,43543,46063,(D),(D),(D),(D),64899
 "49037","San Juan, UT",7,CAGDP2,75,"71,72","  Arts, entertainment, recreation, accommodation, and food services ","Thousands of dollars",16990,20403,21270,23313,23066,25762,32228,30030,26095,25097,25589,24975,25618,25471,28529,32326,37646,48235,51773,29541,37704,47442
 "49037","San Juan, UT",7,CAGDP2,76,"71","   Arts, entertainment, and recreation ","Thousands of dollars",(D),(D),(D),(D),(D),(D),(D),4982,2453,1722,1748,(D),(D),(D),(D),(D),(D),(D),(D),483,(D),(D)
 "49037","San Juan, UT",7,CAGDP2,79,"72","   Accommodation and food services ","Thousands of dollars",(D),(D),(D),(D),(D),(D),(D),25048,23643,23375,23841,(D),(D),(D),(D),(D),(D),(D),(D),29058,(D),(D)
 "49037","San Juan, UT",7,CAGDP2,82,"81","  Other services (except government and government enterprises) ","Thousands of dollars",9699,10849,10609,10745,9795,10244,11042,11990,12252,11923,11997,12855,(D),13798,13546,(D),(D),15765,16111,(D),17212,(D)
 "49037","San Juan, UT",7,CAGDP2,83,"92","Government and government enterprises ","Thousands of dollars",77492,79142,81640,90262,91523,91728,97832,101149,99076,101675,102746,100025,102706,104778,109412,114050,117955,114379,115987,116795,119844,126878
 "49037","San Juan, UT",7,CAGDP2,87,"11,21","Natural resources and mining ","Thousands of dollars",57394,53935,68963,86930,128013,152772,191577,189522,179500,239279,262409,235225,212407,204288,110252,102196,107204,96482,91926,73365,148121,190444
 "49037","San Juan, UT",7,CAGDP2,88,"42,44-45","Trade ","Thousands of dollars",16440,13743,12774,14030,(D),(D),(D),(D),(D),(D),(D),15731,16510,(D),(D),(D),(D),(D),16468,(D),(D),(D)
 "49037","San Juan, UT",7,CAGDP2,89,"22,48-49","Transportation and utilities ","Thousands of dollars",3738,4041,3857,3850,4195,(D),(D),(D),(D),3281,4194,(D),(D),6052,8103,(D),(D),14618,(D),26467,35087,(D)
 "49037","San Juan, UT",7,CAGDP2,90,"31-33,51","Manufacturing and information ","Thousands of dollars",(D),16900,11690,8847,9687,15824,12753,22871,16128,(D),(D),(D),(D),(D),(D),(D),(D),(D),(D),(D),(D),(D)
 "49037","San Juan, UT",7,CAGDP2,91,"...","Private goods-producing industries 2/","Thousands of dollars",85463,81639,89867,103678,150533,171906,210751,208206,198532,265579,283490,255728,258873,228661,133748,123512,131846,123574,123707,101946,178253,235706
 "49037","San Juan, UT",7,CAGDP2,92,"...","Private services-providing industries 3/","Thousands of dollars",101261,114146,117780,123007,136342,154163,163833,187386,195101,189238,196674,170570,175849,183777,193777,204583,216530,223759,251147,242347,261360,287248
 "49039","Sanpete, UT",7,CAGDP2,1,"...","All industry total ","Thousands of dollars",378390,406477,383392,392899,451438,528839,551835,624039,585820,647569,615347,621987,623298,633520,741384,758036,785789,872874,850506,907231,1025133,1251032
 "49039","Sanpete, UT",7,CAGDP2,2,"..."," Private industries ","Thousands of dollars",275710,301797,276210,278097,329400,399759,418792,481638,442335,500385,466087,474068,478033,482966,586621,593501,615515,676171,642239,695253,807155,1009699
 "49039","Sanpete, UT",7,CAGDP2,3,"11","  Agriculture, forestry, fishing and hunting ","Thousands of dollars",45961,49989,9547,2632,9878,36704,13635,60201,21830,93087,75149,82839,96102,110902,184403,158234,151406,157970,70722,90562,127031,270632
 "49039","Sanpete, UT",7,CAGDP2,6,"21","  Mining, quarrying, and oil and gas extraction ","Thousands of dollars",600,1050,1228,1088,13863,14220,12871,17274,10993,10677,12690,12499,13527,7850,5819,5440,5927,6035,3389,4111,13290,15589
 "49039","Sanpete, UT",7,CAGDP2,10,"22","  Utilities ","Thousands of dollars",(D),991,403,426,713,744,604,1056,1045,1016,1199,1398,1445,1929,2424,2298,(D),6696,8504,15017,22949,(D)
 "49039","Sanpete, UT",7,CAGDP2,11,"23","  Construction ","Thousands of dollars",21334,26390,24172,18000,22592,31597,40503,28365,35279,36243,23810,29485,28043,28328,33465,36777,37291,37834,38665,46690,63286,88488
 "49039","Sanpete, UT",7,CAGDP2,12,"31-33","  Manufacturing ","Thousands of dollars",33684,38432,42508,36766,36294,37638,46083,51003,54982,56416,50314,49930,51381,55837,66162,73370,86126,95881,117979,130532,149461,161090
 "49039","Sanpete, UT",7,CAGDP2,13,"321,327-339","   Durable goods manufacturing ","Thousands of dollars",(D),(D),(D),(D),(D),(D),(D),(D),(D),(D),(D),(D),29028,31570,38797,45712,52532,59941,64579,65103,67709,78076
 "49039","Sanpete, UT",7,CAGDP2,25,"311-316,322-326","   Nondurable goods manufacturing ","Thousands of dollars",(D),(D),(D),(D),(D),(D),(D),(D),(D),(D),(D),(D),22353,24268,27366,27658,33594,35939,53400,65429,81752,83015
 "49039","Sanpete, UT",7,CAGDP2,34,"42","  Wholesale trade ","Thousands of dollars",(D),3890,3748,4391,(D),(D),(D),(D),(D),6035,6525,6097,5909,5811,5980,6482,(D),7708,8742,10188,11105,(D)
 "49039","Sanpete, UT",7,CAGDP2,35,"44-45","  Retail trade ","Thousands of dollars",26622,27162,28523,29730,29556,32677,35880,37441,36110,31921,30868,31506,32682,33346,36871,39489,41925,44621,46607,52372,59374,64748
 "49039","Sanpete, UT",7,CAGDP2,36,"48-49","  Transportation and warehousing ","Thousands of dollars",9595,(D),(D),(D),9789,11867,11343,9783,8614,8031,8360,9964,13132,15013,17926,16689,15854,14828,15365,15900,20703,20999
 "49039","Sanpete, UT",7,CAGDP2,45,"51","  Information ","Thousands of dollars",18638,20010,25048,37152,50572,68264,72170,78025,63786,48337,38317,31506,30338,27950,28455,35302,41109,55615,73950,67455,66395,67775
 "49039","Sanpete, UT",7,CAGDP2,50,"52,53","  Finance, insurance, real estate, rental, and leasing ","Thousands of dollars",67906,78822,81560,84476,95157,100597,115174,119154,129411,133712,139135,132570,117915,102732,104568,109972,110997,125333,133823,143754,144158,147770
 "49039","Sanpete, UT",7,CAGDP2,51,"52","   Finance and insurance ","Thousands of dollars",13435,15823,16662,15470,14852,16604,16187,12969,9445,10139,11355,12943,11906,11590,11868,12166,12851,13054,14027,27104,26011,24961
 "49039","Sanpete, UT",7,CAGDP2,56,"53","   Real estate and rental and leasing ","Thousands of dollars",54471,62999,64897,69006,80305,83993,98987,106185,119966,123573,127780,119628,106009,91142,92700,97806,98146,112280,119795,116650,118146,122810
 "49039","Sanpete, UT",7,CAGDP2,59,"54,55,56","  Professional and business services ","Thousands of dollars",9746,(D),(D),(D),(D),(D),(D),(D),(D),9061,9074,10305,11129,13523,17075,18394,18124,22299,19097,19535,24024,23979
 "49039","Sanpete, UT",7,CAGDP2,60,"54","   Professional, scientific, and technical services ","Thousands of dollars",3367,4038,4591,5066,6443,6248,6647,6684,(D),(D),(D),(D),(D),(D),6516,(D),(D),14504,11837,11436,13514,13619
 "49039","Sanpete, UT",7,CAGDP2,64,"55","   Management of companies and enterprises ","Thousands of dollars",(D),(D),(D),(D),(D),(D),(D),(D),(D),(D),(D),(D),(D),(D),978,(D),(D),788,(D),870,985,1220
 "49039","Sanpete, UT",7,CAGDP2,65,"56","   Administrative and support and waste management and remediation services ","Thousands of dollars",(D),(D),(D),(D),(D),(D),(D),(D),3486,4039,3496,4277,4774,6166,9581,10242,8062,7006,(D),7229,9524,9140
 "49039","Sanpete, UT",7,CAGDP2,68,"61,62","  Educational services, health care, and social assistance ","Thousands of dollars",15553,16755,18491,20857,22238,26108,28918,33483,35640,36836,40084,42924,44801,44623,46037,50937,51869,54833,56831,53425,56041,60064
 "49039","Sanpete, UT",7,CAGDP2,69,"61","   Educational services ","Thousands of dollars",(D),(D),(D),(D),(D),(D),(D),(D),(D),(D),10746,12433,13268,13314,13463,15603,15172,15808,17237,(D),(D),16613
 "49039","Sanpete, UT",7,CAGDP2,70,"62","   Health care and social assistance ","Thousands of dollars",(D),(D),(D),(D),(D),(D),(D),(D),(D),(D),29338,30491,31532,31310,32573,35335,36697,39025,39594,(D),(D),43451
 "49039","Sanpete, UT",7,CAGDP2,75,"71,72","  Arts, entertainment, recreation, accommodation, and food services ","Thousands of dollars",6629,6836,7361,7346,7161,7041,7080,7438,7695,7834,9268,10511,9539,11010,12165,13483,16757,18337,20111,13858,16878,18997
 "49039","Sanpete, UT",7,CAGDP2,76,"71","   Arts, entertainment, and recreation ","Thousands of dollars",788,876,688,794,763,742,826,1010,1068,1286,1840,2067,1225,1432,1233,1137,1371,1403,1541,1453,2041,2490
 "49039","Sanpete, UT",7,CAGDP2,79,"72","   Accommodation and food services ","Thousands of dollars",5841,5960,6673,6552,6398,6299,6254,6428,6627,6549,7428,8444,8314,9578,10933,12345,15386,16934,18570,12405,14836,16507
 "49039","Sanpete, UT",7,CAGDP2,82,"81","  Other services (except government and government enterprises) ","Thousands of dollars",14826,16682,17795,18691,18348,18312,18602,21190,22525,21180,21295,22533,22090,24111,25270,26636,27072,28181,28454,31855,32460,34759
 "49039","Sanpete, UT",7,CAGDP2,83,"92","Government and government enterprises ","Thousands of dollars",102680,104680,107182,114802,122038,129079,133043,142401,143485,147184,149260,147919,145265,150554,154763,164535,170274,196704,208267,211978,217978,241333
 "49039","Sanpete, UT",7,CAGDP2,87,"11,21","Natural resources and mining ","Thousands of dollars",46561,51038,10775,3720,23741,50924,26506,77475,32823,103764,87838,95338,109629,118752,190222,163674,157333,164005,74111,94674,140321,286222
 "49039","Sanpete, UT",7,CAGDP2,88,"42,44-45","Trade ","Thousands of dollars",(D),31052,32271,34120,(D),(D),(D),(D),(D),37956,37393,37603,38591,39157,42850,45971,(D),52329,55349,62559,70479,(D)
 "49039","Sanpete, UT",7,CAGDP2,89,"22,48-49","Transportation and utilities ","Thousands of dollars",(D),(D),(D),(D),10502,12611,11947,10839,9659,9047,9559,11362,14578,16942,20350,18987,(D),21524,23869,30917,43651,(D)
 "49039","Sanpete, UT",7,CAGDP2,90,"31-33,51","Manufacturing and information ","Thousands of dollars",52322,58442,67556,73917,86866,105901,118253,129028,118768,104752,88631,81436,81719,83787,94617,108672,127236,151496,191929,197987,215856,228866
 "49039","Sanpete, UT",7,CAGDP2,91,"...","Private goods-producing industries 2/","Thousands of dollars",101579,115861,77455,58486,82627,120158,113092,156842,123084,196422,161962,174753,189053,202918,289850,273820,280751,297720,230755,271895,353068,535800
 "49039","Sanpete, UT",7,CAGDP2,92,"...","Private services-providing industries 3/","Thousands of dollars",174131,185936,198756,219611,246773,279601,305699,324796,319251,303963,304125,299315,288980,280048,296771,319681,334764,378451,411484,423358,454087,473899
 "49041","Sevier, UT",7,CAGDP2,1,"...","All industry total ","Thousands of dollars",468397,465260,477697,515461,577071,664020,723493,748708,748060,781051,847392,774832,863487,923787,916413,965395,1050188,1114408,1165726,1170693,1352918,1743529
 "49041","Sevier, UT",7,CAGDP2,2,"..."," Private industries ","Thousands of dollars",392128,387400,398209,431886,488973,570919,627376,648129,647159,677117,740960,670692,760634,817375,807792,854023,937662,983170,1032218,1032265,1208938,1588797
 "49041","Sevier, UT",7,CAGDP2,3,"11","  Agriculture, forestry, fishing and hunting ","Thousands of dollars",31106,29153,21875,28608,22513,3190,8771,1522,16034,8306,5367,545,(D),60327,64044,92344,100600,(D),87081,79428,84819,98548
 "49041","Sevier, UT",7,CAGDP2,6,"21","  Mining, quarrying, and oil and gas extraction ","Thousands of dollars",64300,55412,50162,59848,94583,142000,146353,177424,214671,225501,274378,234955,252355,292758,264544,262853,277890,243500,253679,307495,298910,494955
 "49041","Sevier, UT",7,CAGDP2,10,"22","  Utilities ","Thousands of dollars",3621,4579,4587,4977,4947,5522,5632,5513,5652,6041,5780,5448,(D),5914,5774,6535,6486,(D),6514,8513,16036,23298
 "49041","Sevier, UT",7,CAGDP2,11,"23","  Construction ","Thousands of dollars",19489,18469,20440,15997,13950,18327,34535,23968,19497,21336,15829,16706,17908,25113,24404,23031,32218,28914,34094,38664,40202,56680
 "49041","Sevier, UT",7,CAGDP2,12,"31-33","  Manufacturing ","Thousands of dollars",41247,30551,40910,44397,56586,74062,79042,73148,35383,50715,66397,47767,64181,51266,43959,39911,61788,105588,139816,72702,177157,280228
 "49041","Sevier, UT",7,CAGDP2,13,"321,327-339","   Durable goods manufacturing ","Thousands of dollars",12903,12819,13158,14833,16958,18868,23944,19766,14078,21277,24709,17406,17431,17090,18102,18254,24552,27756,27871,28967,32916,38190
 "49041","Sevier, UT",7,CAGDP2,25,"311-316,322-326","   Nondurable goods manufacturing ","Thousands of dollars",28344,17732,27752,29564,39628,55194,55098,53382,21305,29437,41687,30361,46750,34175,25857,21657,37236,77831,111945,43735,144242,242038
 "49041","Sevier, UT",7,CAGDP2,34,"42","  Wholesale trade ","Thousands of dollars",(D),(D),(D),(D),(D),(D),(D),(D),(D),(D),(D),(D),(D),(D),(D),(D),(D),(D),(D),33241,(D),(D)
 "49041","Sevier, UT",7,CAGDP2,35,"44-45","  Retail trade ","Thousands of dollars",45085,46466,49205,57814,56160,59824,62591,61414,58736,57304,56859,59385,63807,64657,70331,75102,80255,85360,88962,97399,107778,117124
 "49041","Sevier, UT",7,CAGDP2,36,"48-49","  Transportation and warehousing ","Thousands of dollars",43370,46565,51525,53640,57624,62255,62800,68841,67582,69072,71257,77155,77398,72875,76722,82648,94320,102331,102651,108156,118955,127148
 "49041","Sevier, UT",7,CAGDP2,45,"51","  Information ","Thousands of dollars",4112,4981,5736,6762,8948,10516,12618,12353,10613,8664,7873,7758,7256,6362,5359,4810,4568,3941,4198,3969,4682,5177
 "49041","Sevier, UT",7,CAGDP2,50,"52,53","  Finance, insurance, real estate, rental, and leasing ","Thousands of dollars",65698,74916,78686,79201,88581,95262,109232,109791,110793,119488,121098,96994,98121,97598,101956,109520,112780,124551,129518,127428,131978,(D)
 "49041","Sevier, UT",7,CAGDP2,51,"52","   Finance and insurance ","Thousands of dollars",13434,16241,16929,17357,16348,18108,17908,14984,12114,13102,12950,13814,13511,14567,15005,16890,17728,17784,19445,22639,23230,23338
 "49041","Sevier, UT",7,CAGDP2,56,"53","   Real estate and rental and leasing ","Thousands of dollars",52264,58675,61758,61844,72232,77154,91323,94807,98680,106386,108149,83180,84609,83031,86952,92631,95052,106767,110073,104789,108748,(D)
 "49041","Sevier, UT",7,CAGDP2,59,"54,55,56","  Professional and business services ","Thousands of dollars",12708,(D),(D),(D),(D),(D),20034,24366,20796,20177,(D),(D),24663,24836,26996,27088,27408,34158,36330,37831,40891,44260
 "49041","Sevier, UT",7,CAGDP2,60,"54","   Professional, scientific, and technical services ","Thousands of dollars",5855,(D),6818,7974,8456,11535,14065,17896,15118,14488,15102,15432,18006,18454,18743,18022,18499,23715,26304,27529,29167,32454
 "49041","Sevier, UT",7,CAGDP2,64,"55","   Management of companies and enterprises ","Thousands of dollars",2002,(D),(D),(D),(D),(D),0,0,0,0,(D),(D),0,0,0,0,0,0,0,0,0,(D)
 "49041","Sevier, UT",7,CAGDP2,65,"56","   Administrative and support and waste management and remediation services ","Thousands of dollars",4852,5593,(D),(D),(D),(D),5969,6470,5678,5689,(D),(D),6658,6382,8253,9066,8909,10443,10025,10302,11725,(D)
 "49041","Sevier, UT",7,CAGDP2,68,"61,62","  Educational services, health care, and social assistance ","Thousands of dollars",(D),21849,22030,23764,25663,29597,(D),(D),(D),(D),36868,41866,46302,(D),(D),(D),(D),66408,(D),62797,(D),76816
 "49041","Sevier, UT",7,CAGDP2,69,"61","   Educational services ","Thousands of dollars",(D),(D),(D),(D),(D),(D),(D),(D),(D),(D),(D),(D),918,(D),(D),(D),(D),1719,(D),(D),(D),(D)
 "49041","Sevier, UT",7,CAGDP2,70,"62","   Health care and social assistance ","Thousands of dollars",(D),(D),(D),(D),(D),(D),(D),(D),(D),(D),(D),(D),45385,(D),(D),(D),(D),64689,(D),(D),(D),(D)
 "49041","Sevier, UT",7,CAGDP2,75,"71,72","  Arts, entertainment, recreation, accommodation, and food services ","Thousands of dollars",13591,14477,14322,15654,15202,17142,19441,21922,20365,21588,21037,21385,20908,21861,24463,25426,27893,28858,31314,26281,33908,38832
 "49041","Sevier, UT",7,CAGDP2,76,"71","   Arts, entertainment, and recreation ","Thousands of dollars",1061,671,868,890,287,176,175,134,196,489,780,1110,1009,668,498,764,821,803,984,872,1872,2764
 "49041","Sevier, UT",7,CAGDP2,79,"72","   Accommodation and food services ","Thousands of dollars",12529,13806,13454,14764,14916,16966,19266,21788,20169,21099,20257,20274,19899,21193,23966,24663,27072,28055,30330,25408,32037,36067
 "49041","Sevier, UT",7,CAGDP2,82,"81","  Other services (except government and government enterprises) ","Thousands of dollars",17911,16887,16644,16747,15589,16091,16588,18377,18570,18244,18471,19534,19651,20269,20761,20563,22226,23105,25142,28362,30291,35573
 "49041","Sevier, UT",7,CAGDP2,83,"92","Government and government enterprises ","Thousands of dollars",76269,77860,79488,83575,88098,93101,96117,100579,100901,103933,106432,104139,102853,106412,108621,111372,112526,131238,133508,138428,143980,154732
 "49041","Sevier, UT",7,CAGDP2,87,"11,21","Natural resources and mining ","Thousands of dollars",95406,84566,72037,88455,117096,145190,155124,178946,230705,233807,279745,235501,(D),353085,328588,355198,378490,(D),340760,386923,383729,593503
 "49041","Sevier, UT",7,CAGDP2,88,"42,44-45","Trade ","Thousands of dollars",(D),(D),(D),(D),(D),(D),(D),(D),(D),(D),(D),(D),(D),(D),(D),(D),(D),(D),(D),130640,(D),(D)
 "49041","Sevier, UT",7,CAGDP2,89,"22,48-49","Transportation and utilities ","Thousands of dollars",46991,51144,56112,58616,62571,67777,68433,74354,73234,75112,77037,82602,(D),78789,82496,89184,100806,(D),109165,116669,134991,150447
 "49041","Sevier, UT",7,CAGDP2,90,"31-33,51","Manufacturing and information ","Thousands of dollars",45360,35532,46646,51159,65535,84578,91660,85500,45995,59379,74270,55525,71437,57627,49318,44721,66356,109528,144015,76671,181839,285405
 "49041","Sevier, UT",7,CAGDP2,91,"...","Private goods-producing industries 2/","Thousands of dollars",156142,133585,133387,148849,187632,237580,268700,276062,285585,305858,361971,299973,(D),429463,396952,418140,472496,(D),514670,498288,601089,930411
 "49041","Sevier, UT",7,CAGDP2,92,"...","Private services-providing industries 3/","Thousands of dollars",235986,253815,264822,283037,301341,333340,358675,372067,361574,371259,378989,370719,(D),387912,410840,435883,465166,(D),517547,533976,607849,658385
 "49043","Summit, UT",7,CAGDP2,1,"...","All industry total ","Thousands of dollars",1193422,1195335,1309676,1551482,1933616,2197305,2167422,2294375,2004588,2119402,2162994,2297203,2427546,2654058,2833824,3018854,3418250,3697290,3791860,3781177,4680916,5162329
 "49043","Summit, UT",7,CAGDP2,2,"..."," Private industries ","Thousands of dollars",1084771,1083743,1189506,1421518,1796199,2044644,2004378,2116739,1823614,1931911,1972031,2112689,2245091,2459544,2631504,2808920,3192283,3466040,3551090,3542001,4438753,4908187
 "49043","Summit, UT",7,CAGDP2,3,"11","  Agriculture, forestry, fishing and hunting ","Thousands of dollars",20979,17930,19332,27220,28620,26410,14497,10398,7644,17619,19070,(D),19403,28277,24757,28001,20600,21331,17719,21828,14673,20358
 "49043","Summit, UT",7,CAGDP2,6,"21","  Mining, quarrying, and oil and gas extraction ","Thousands of dollars",60219,40070,51624,50291,57487,47908,53608,51400,35859,36409,36977,36816,34379,42838,26122,20759,35716,33839,30897,33659,48770,39411
 "49043","Summit, UT",7,CAGDP2,10,"22","  Utilities ","Thousands of dollars",3405,3839,4319,4574,4341,5088,4589,5768,6250,6490,6853,(D),5757,6340,7698,7541,11105,14024,16690,25847,37303,41331
 "49043","Summit, UT",7,CAGDP2,11,"23","  Construction ","Thousands of dollars",141980,112974,90257,119843,178948,252622,287774,266729,134233,125723,80661,72278,96543,135278,136059,146918,233297,230019,237683,241986,402276,533316
 "49043","Summit, UT",7,CAGDP2,12,"31-33","  Manufacturing ","Thousands of dollars",47067,44764,61873,93487,248655,271465,52909,65855,72411,101647,100491,101157,93988,86520,94764,106126,103497,117356,129283,135201,148281,167172
 "49043","Summit, UT",7,CAGDP2,13,"321,327-339","   Durable goods manufacturing ","Thousands of dollars",42981,40714,57795,88555,243603,266362,46925,59114,62059,84981,75141,76388,72671,71376,78035,88567,86120,96305,96382,99220,106579,119207
 "49043","Summit, UT",7,CAGDP2,25,"311-316,322-326","   Nondurable goods manufacturing ","Thousands of dollars",4086,4050,4077,4932,5052,5103,5983,6742,10352,16667,25350,24769,21317,15144,16729,17559,17377,21052,32902,35981,41702,47965
 "49043","Summit, UT",7,CAGDP2,34,"42","  Wholesale trade ","Thousands of dollars",28150,27868,26925,30096,35744,39987,44237,43578,42305,47345,57898,66727,63428,55903,49716,53007,70408,79910,83943,106461,131823,153489
 "49043","Summit, UT",7,CAGDP2,35,"44-45","  Retail trade ","Thousands of dollars",83693,94088,110074,126146,125395,159625,171803,164733,154574,157691,163113,173714,190085,200363,227857,232353,252776,277638,292108,299966,362071,402795
 "49043","Summit, UT",7,CAGDP2,36,"48-49","  Transportation and warehousing ","Thousands of dollars",17252,18692,15035,16131,17636,21613,20299,22960,26205,31033,37751,40570,42004,33835,35561,37032,42601,44325,37744,48445,75834,71664
 "49043","Summit, UT",7,CAGDP2,45,"51","  Information ","Thousands of dollars",27320,31567,33427,37443,42771,53820,57535,50251,49871,48576,40252,(D),46459,52251,60089,(D),68337,82141,96249,114707,118681,126188
 "49043","Summit, UT",7,CAGDP2,50,"52,53","  Finance, insurance, real estate, rental, and leasing ","Thousands of dollars",231714,243423,318536,414482,500194,533386,581175,667638,581638,615148,613730,677487,684860,754505,809231,851614,1003472,1150911,1094661,1175234,1466434,1441423
 "49043","Summit, UT",7,CAGDP2,51,"52","   Finance and insurance ","Thousands of dollars",40473,48311,58230,67946,72484,75882,77272,146801,98546,122007,78522,106241,85967,97653,115389,95599,109909,95426,116191,126591,170517,166714
 "49043","Summit, UT",7,CAGDP2,56,"53","   Real estate and rental and leasing ","Thousands of dollars",191240,195112,260306,346537,427710,457503,503903,520838,483092,493142,535208,571246,598892,656852,693841,756016,893562,1055485,978470,1048644,1295917,1274709
 "49043","Summit, UT",7,CAGDP2,59,"54,55,56","  Professional and business services ","Thousands of dollars",122772,118520,111728,132918,155450,181627,207498,216363,189033,187615,200482,234211,260380,287425,313462,344108,368794,397244,416583,416640,532097,625699
 "49043","Summit, UT",7,CAGDP2,60,"54","   Professional, scientific, and technical services ","Thousands of dollars",92550,84810,78725,94631,111718,129700,130433,144704,133466,133280,145063,167421,190989,212709,226369,244664,263292,288538,299450,309959,402825,473356
 "49043","Summit, UT",7,CAGDP2,64,"55","   Management of companies and enterprises ","Thousands of dollars",7014,9364,8532,9535,10168,11082,28361,20890,10676,13447,11906,14172,14181,19175,30843,33127,35158,34795,37157,29971,35026,53215
 "49043","Summit, UT",7,CAGDP2,65,"56","   Administrative and support and waste management and remediation services ","Thousands of dollars",23207,24346,24472,28752,33564,40845,48704,50769,44891,40887,43513,52617,55210,55540,56250,66316,70344,73911,79976,76710,94247,99128
 "49043","Summit, UT",7,CAGDP2,68,"61,62","  Educational services, health care, and social assistance ","Thousands of dollars",30394,35219,38760,43950,44669,47542,51572,56357,62402,73853,82824,93511,99648,106478,114749,128739,138346,151919,165303,162385,173375,198458
 "49043","Summit, UT",7,CAGDP2,69,"61","   Educational services ","Thousands of dollars",7658,10636,12035,14070,14030,16476,16222,18196,17638,18023,20492,20757,19960,21215,24325,24250,21325,23146,26902,24994,26445,30754
 "49043","Summit, UT",7,CAGDP2,70,"62","   Health care and social assistance ","Thousands of dollars",22736,24583,26725,29880,30640,31065,35350,38161,44764,55831,62332,72753,79688,85263,90424,104489,117021,128773,138401,137391,146930,167704
 "49043","Summit, UT",7,CAGDP2,75,"71,72","  Arts, entertainment, recreation, accommodation, and food services ","Thousands of dollars",227568,241824,253117,265783,292708,337224,393332,430851,395080,416387,466160,491369,535843,591546,653463,695251,749098,762432,825504,654577,814927,963791
 "49043","Summit, UT",7,CAGDP2,76,"71","   Arts, entertainment, and recreation ","Thousands of dollars",103512,106452,113337,127517,139779,159773,184908,172059,169953,191583,207954,217982,245057,274318,281656,312797,350771,336147,338050,306013,366498,432520
 "49043","Summit, UT",7,CAGDP2,79,"72","   Accommodation and food services ","Thousands of dollars",124056,135373,139779,138266,152929,177451,208424,258793,225127,224804,258205,273388,290786,317228,371807,382454,398327,426285,487454,348565,448429,531271
 "49043","Summit, UT",7,CAGDP2,82,"81","  Other services (except government and government enterprises) ","Thousands of dollars",42259,52965,54500,59155,63580,66327,63550,63858,66109,66374,65769,71449,72315,77985,77976,(D),94237,102951,106724,105066,112210,123092
 "49043","Summit, UT",7,CAGDP2,83,"92","Government and government enterprises ","Thousands of dollars",108651,111593,120170,129964,137417,152661,163045,177636,180974,187491,190963,184515,182456,194514,202320,209935,225968,231250,240769,239176,242163,254142
 "49043","Summit, UT",7,CAGDP2,87,"11,21","Natural resources and mining ","Thousands of dollars",81198,58001,70956,77511,86107,74318,68106,61798,43503,54029,56048,(D),53781,71115,50880,48760,56316,55169,48616,55487,63443,59769
 "49043","Summit, UT",7,CAGDP2,88,"42,44-45","Trade ","Thousands of dollars",111843,121955,136999,156242,161139,199612,216040,208311,196879,205036,221011,240441,253513,256266,277573,285360,323184,357548,376051,406426,493893,556284
 "49043","Summit, UT",7,CAGDP2,89,"22,48-49","Transportation and utilities ","Thousands of dollars",20657,22531,19354,20705,21977,26702,24888,28728,32456,37522,44604,(D),47761,40175,43259,44573,53705,58349,54434,74292,113137,112995
 "49043","Summit, UT",7,CAGDP2,90,"31-33,51","Manufacturing and information ","Thousands of dollars",74387,76331,95299,130930,291426,325285,110444,116106,122282,150223,140742,(D),140447,138771,154853,(D),171834,199497,225532,249908,266962,293360
 "49043","Summit, UT",7,CAGDP2,91,"...","Private goods-producing industries 2/","Thousands of dollars",270245,215739,223086,290841,513710,598406,408788,394382,250147,281399,237199,(D),244313,292914,281703,301804,393109,402545,415582,432674,613999,760257
 "49043","Summit, UT",7,CAGDP2,92,"...","Private services-providing industries 3/","Thousands of dollars",814527,868004,966420,1130677,1282489,1446239,1595590,1722357,1573467,1650513,1734832,(D),2000777,2166630,2349801,2507116,2799173,3063495,3135508,3109327,3824754,4147930
 "49045","Tooele, UT",7,CAGDP2,1,"...","All industry total ","Thousands of dollars",866706,912769,1002557,1265959,1456880,1460328,1558071,1533856,1590200,2123635,2274742,1903617,1837296,1776399,1739415,1742347,1751142,1856608,1908740,2100231,2447176,2579069
 "49045","Tooele, UT",7,CAGDP2,2,"..."," Private industries ","Thousands of dollars",633884,665410,728692,973721,1134793,1130725,1212858,1176246,1201539,1735958,1869930,1516172,1486260,1434339,1401307,1390118,1382934,1479638,1503139,1675575,1999465,2093712
 "49045","Tooele, UT",7,CAGDP2,3,"11","  Agriculture, forestry, fishing and hunting ","Thousands of dollars",490,6285,2954,(D),1639,(D),(D),(D),7137,13442,10790,8503,10969,6882,35471,7518,2423,11292,1253,404,18001,46928
 "49045","Tooele, UT",7,CAGDP2,6,"21","  Mining, quarrying, and oil and gas extraction ","Thousands of dollars",5587,9582,3088,3855,5621,3804,4245,5506,27089,34868,40801,29626,32100,45939,29919,28886,37527,32652,46107,65370,69637,55471
 "49045","Tooele, UT",7,CAGDP2,10,"22","  Utilities ","Thousands of dollars",(D),(D),(D),(D),(D),(D),(D),(D),(D),(D),(D),10704,(D),10882,12178,(D),15473,16716,17057,22789,28328,28693
 "49045","Tooele, UT",7,CAGDP2,11,"23","  Construction ","Thousands of dollars",48388,38071,24683,55710,84181,62026,166337,188959,104682,74070,63256,58319,73470,93618,83249,102094,130608,142585,154650,196934,285575,304643
 "49045","Tooele, UT",7,CAGDP2,12,"31-33","  Manufacturing ","Thousands of dollars",145643,134784,191135,378487,420547,373531,274869,201551,261624,702085,837557,417268,378710,384126,366750,321231,245833,247035,278234,343483,453251,449087
 "49045","Tooele, UT",7,CAGDP2,13,"321,327-339","   Durable goods manufacturing ","Thousands of dollars",112227,100189,152547,341399,392106,345212,241729,166338,220797,662248,792330,368389,310979,244875,216036,191829,185641,190403,183774,237707,335732,313168
 "49045","Tooele, UT",7,CAGDP2,25,"311-316,322-326","   Nondurable goods manufacturing ","Thousands of dollars",33416,34595,38587,37088,28442,28319,33139,35212,40827,39837,45226,48879,67731,139251,150714,129403,60192,56632,94461,105775,117519,135919
 "49045","Tooele, UT",7,CAGDP2,34,"42","  Wholesale trade ","Thousands of dollars",(D),(D),(D),(D),(D),(D),(D),(D),(D),(D),(D),13024,(D),14928,17072,18723,17980,19135,18656,19974,20693,24652
 "49045","Tooele, UT",7,CAGDP2,35,"44-45","  Retail trade ","Thousands of dollars",53595,57100,66110,77605,73949,80038,81877,76328,74267,73090,75363,79294,85515,85105,93636,105840,113455,116754,132078,152984,188621,195752
 "49045","Tooele, UT",7,CAGDP2,36,"48-49","  Transportation and warehousing ","Thousands of dollars",12131,11595,10732,13306,54811,82180,84488,82787,76674,71797,65808,86635,93853,98098,100117,124037,128651,124867,114325,119471,135316,142450
 "49045","Tooele, UT",7,CAGDP2,45,"51","  Information ","Thousands of dollars",12649,16083,18194,23677,32399,39519,46212,38191,25791,22057,19554,(D),19731,19504,20522,(D),21749,19536,21493,20557,23667,27205
 "49045","Tooele, UT",7,CAGDP2,50,"52,53","  Finance, insurance, real estate, rental, and leasing ","Thousands of dollars",115647,128044,134248,135191,157251,157266,186097,183714,191204,204190,208071,243428,238223,220531,261224,266349,263637,333540,296124,303638,306433,299279
 "49045","Tooele, UT",7,CAGDP2,51,"52","   Finance and insurance ","Thousands of dollars",11380,14824,15991,14510,14821,16999,17115,15304,14767,16147,18864,27262,19113,19997,19083,19369,19937,20605,26179,32747,33197,34401
 "49045","Tooele, UT",7,CAGDP2,56,"53","   Real estate and rental and leasing ","Thousands of dollars",104266,113221,118257,120681,142430,140266,168982,168411,176438,188043,189208,216166,219110,200534,242141,246980,243701,312935,269945,270892,273236,264877
 "49045","Tooele, UT",7,CAGDP2,59,"54,55,56","  Professional and business services ","Thousands of dollars",161276,173724,184306,184266,197704,196604,224839,243402,277481,351202,336689,355983,336903,279457,196177,183800,189404,178206,165655,170990,176506,198643
 "49045","Tooele, UT",7,CAGDP2,60,"54","   Professional, scientific, and technical services ","Thousands of dollars",(D),(D),(D),37933,43025,46540,51591,57453,(D),(D),(D),(D),(D),(D),(D),(D),(D),(D),52521,(D),60890,64706
 "49045","Tooele, UT",7,CAGDP2,64,"55","   Management of companies and enterprises ","Thousands of dollars",(D),(D),(D),0,0,0,0,0,(D),(D),(D),(D),(D),(D),(D),(D),(D),(D),1002,(D),1003,2691
 "49045","Tooele, UT",7,CAGDP2,65,"56","   Administrative and support and waste management and remediation services ","Thousands of dollars",117754,134144,145313,146333,154679,150064,173248,185948,216603,287477,268820,284272,257601,206323,138273,134019,146316,132573,112133,113672,114613,131246
 "49045","Tooele, UT",7,CAGDP2,68,"61,62","  Educational services, health care, and social assistance ","Thousands of dollars",24041,27464,28872,31844,(D),40129,44267,51199,57581,64746,67940,70709,93294,70177,74195,83910,92827,104789,118311,115164,129047,139789
 "49045","Tooele, UT",7,CAGDP2,69,"61","   Educational services ","Thousands of dollars",(D),(D),(D),162,(D),346,706,921,2115,4110,4625,5380,5809,5900,5334,8988,10748,13934,19530,21108,24231,25359
 "49045","Tooele, UT",7,CAGDP2,70,"62","   Health care and social assistance ","Thousands of dollars",(D),(D),(D),31682,(D),39783,43560,50278,55467,60636,63315,65330,87485,64277,68861,74922,82079,90855,98781,94056,104816,114430
 "49045","Tooele, UT",7,CAGDP2,75,"71,72","  Arts, entertainment, recreation, accommodation, and food services ","Thousands of dollars",20192,(D),22125,21803,24864,29529,33157,35607,34264,60760,77211,70185,43119,44556,48165,48913,53922,58140,60515,53890,70176,79888
 "49045","Tooele, UT",7,CAGDP2,76,"71","   Arts, entertainment, and recreation ","Thousands of dollars",956,(D),1550,1937,2603,4709,6928,9930,10080,34801,50283,41381,13538,13284,13296,11826,12245,12095,10227,8917,11459,11164
 "49045","Tooele, UT",7,CAGDP2,79,"72","   Accommodation and food services ","Thousands of dollars",19236,(D),20575,19866,22261,24819,26228,25677,24184,25959,26928,28804,29581,31272,34869,37087,41678,46045,50288,44974,58718,68724
 "49045","Tooele, UT",7,CAGDP2,82,"81","  Other services (except government and government enterprises) ","Thousands of dollars",28351,32774,35193,37808,37821,40280,44033,47341,49688,49351,51450,(D),57009,60534,62632,66716,69445,74390,78681,89926,94211,101233
 "49045","Tooele, UT",7,CAGDP2,83,"92","Government and government enterprises ","Thousands of dollars",232823,247358,273865,292238,322087,329603,345213,357611,388661,387677,404812,387445,351035,342061,338109,352229,368208,376970,405601,424656,447711,485357
 "49045","Tooele, UT",7,CAGDP2,87,"11,21","Natural resources and mining ","Thousands of dollars",6077,15867,6042,(D),7260,(D),(D),(D),34225,48310,51591,38129,43069,52821,65390,36405,39950,43944,47359,65775,87639,102399
 "49045","Tooele, UT",7,CAGDP2,88,"42,44-45","Trade ","Thousands of dollars",(D),(D),(D),(D),(D),(D),(D),(D),(D),(D),(D),92318,(D),100033,110708,124563,131435,135889,150735,172958,209314,220404
 "49045","Tooele, UT",7,CAGDP2,89,"22,48-49","Transportation and utilities ","Thousands of dollars",(D),(D),(D),(D),(D),(D),(D),(D),(D),(D),(D),97339,(D),108981,112295,(D),144124,141583,131382,142260,163644,171143
 "49045","Tooele, UT",7,CAGDP2,90,"31-33,51","Manufacturing and information ","Thousands of dollars",158292,150866,209328,402164,452946,413050,321080,239741,287415,724141,857111,(D),398441,403631,387272,(D),267582,266571,299727,364040,476918,476292
 "49045","Tooele, UT",7,CAGDP2,91,"...","Private goods-producing industries 2/","Thousands of dollars",200108,188722,221860,(D),511989,(D),(D),(D),400531,824464,952404,513716,495248,530566,515388,459730,416390,433564,480244,606191,826465,856129
 "49045","Tooele, UT",7,CAGDP2,92,"...","Private services-providing industries 3/","Thousands of dollars",433775,476689,506832,(D),622805,(D),(D),(D),801008,911494,917526,1002456,991012,903773,885918,930388,966544,1046074,1022895,1069383,1173000,1237583
 "49047","Uintah, UT",7,CAGDP2,1,"...","All industry total ","Thousands of dollars",878504,840719,975672,1166430,1562938,2027672,2319606,2632681,2085252,2159527,2273725,2214515,2290566,2497051,1859395,1598842,1713241,1712721,1776440,1660062,1855186,2257298
 "49047","Uintah, UT",7,CAGDP2,2,"..."," Private industries ","Thousands of dollars",756476,715344,848525,1033279,1419559,1871077,2159618,2460376,1905205,1971610,2080421,2019602,2088392,2283058,1641252,1377133,1486102,1474602,1533532,1408372,1608736,1996404
 "49047","Uintah, UT",7,CAGDP2,3,"11","  Agriculture, forestry, fishing and hunting ","Thousands of dollars",24379,2358,24682,23076,11111,8723,10840,6770,15086,11238,1937,4711,19424,25826,19895,1750,4368,2742,13892,7723,10757,25487
 "49047","Uintah, UT",7,CAGDP2,6,"21","  Mining, quarrying, and oil and gas extraction ","Thousands of dollars",241479,213620,308153,457357,746299,1033985,1202269,1456998,971635,1027017,1127209,1001460,1048424,1192730,615310,424610,507508,487422,457031,325973,411058,571538
 "49047","Uintah, UT",7,CAGDP2,10,"22","  Utilities ","Thousands of dollars",85161,79029,70564,82736,83409,92840,84243,91362,95843,112308,114788,117464,128554,131036,141718,147618,173896,179157,183184,194086,207881,338147
 "49047","Uintah, UT",7,CAGDP2,11,"23","  Construction ","Thousands of dollars",31908,28323,34254,31334,37358,58201,102658,113631,91930,99475,69243,95234,99945,128230,100619,75836,74304,65498,66100,71799,89366,113059
 "49047","Uintah, UT",7,CAGDP2,12,"31-33","  Manufacturing ","Thousands of dollars",7418,8786,10318,9700,10397,13521,15862,15335,12990,12822,17553,17226,15916,13218,11477,9215,11926,13548,16930,20145,27301,35299
 "49047","Uintah, UT",7,CAGDP2,13,"321,327-339","   Durable goods manufacturing ","Thousands of dollars",4761,5538,7631,7585,8493,10849,12337,11483,9893,10198,14098,15339,14169,(D),9664,7661,9815,11078,13558,16446,21560,29744
 "49047","Uintah, UT",7,CAGDP2,25,"311-316,322-326","   Nondurable goods manufacturing ","Thousands of dollars",2657,3248,2687,2116,1903,2672,3525,3853,3097,2625,3455,1887,1747,(D),1813,1554,2110,2470,3372,3699,5742,5555
 "49047","Uintah, UT",7,CAGDP2,34,"42","  Wholesale trade ","Thousands of dollars",29240,30457,33012,39582,48899,58834,75767,83787,80252,84934,94359,107049,101852,99870,88348,74694,67044,63563,83407,103864,144237,145209
 "49047","Uintah, UT",7,CAGDP2,35,"44-45","  Retail trade ","Thousands of dollars",51228,52923,59244,62255,66452,74459,81692,85362,80625,74300,78176,80457,89067,92651,97330,100405,104097,113600,122836,129141,138770,148454
 "49047","Uintah, UT",7,CAGDP2,36,"48-49","  Transportation and warehousing ","Thousands of dollars",30907,32097,35095,43428,52877,77314,92209,109880,79214,75081,84181,93182,91394,99791,69947,58894,69871,79123,80277,69210,81474,93683
 "49047","Uintah, UT",7,CAGDP2,45,"51","  Information ","Thousands of dollars",(D),9581,12426,15355,18115,22208,(D),(D),30466,27161,22442,19308,23593,26862,33213,31789,25226,15496,15184,14516,15203,15894
 "49047","Uintah, UT",7,CAGDP2,50,"52,53","  Finance, insurance, real estate, rental, and leasing ","Thousands of dollars",135217,140835,150937,164593,228930,294660,310569,293419,280030,271682,281801,279613,261069,266388,268987,276478,276983,267666,295482,280901,264387,277888
 "49047","Uintah, UT",7,CAGDP2,51,"52","   Finance and insurance ","Thousands of dollars",23776,22788,23184,18418,19441,23602,25450,20045,20316,19512,16424,21080,17435,18763,17914,16792,16237,18175,19881,22299,24335,30101
 "49047","Uintah, UT",7,CAGDP2,56,"53","   Real estate and rental and leasing ","Thousands of dollars",111441,118047,127754,146176,209488,271058,285119,273374,259714,252170,265377,258532,243634,247625,251073,259686,260747,249491,275601,258602,240052,247786
 "49047","Uintah, UT",7,CAGDP2,59,"54,55,56","  Professional and business services ","Thousands of dollars",(D),40852,33185,23899,28509,35510,(D),(D),50254,59439,65107,69478,71363,60630,48787,36146,28082,32174,37066,34796,42774,43978
 "49047","Uintah, UT",7,CAGDP2,60,"54","   Professional, scientific, and technical services ","Thousands of dollars",(D),(D),(D),(D),(D),21784,27750,34654,34246,36731,41425,46168,51288,46907,34710,24127,18123,20817,25500,22086,29094,30517
 "49047","Uintah, UT",7,CAGDP2,64,"55","   Management of companies and enterprises ","Thousands of dollars",(D),(D),(D),(D),(D),(D),(D),(D),(D),(D),(D),(D),(D),(D),(D),0,0,(D),(D),105,(D),727
 "49047","Uintah, UT",7,CAGDP2,65,"56","   Administrative and support and waste management and remediation services ","Thousands of dollars",7808,7425,8720,(D),11366,(D),(D),(D),(D),(D),(D),(D),(D),(D),(D),12019,9958,(D),(D),12606,(D),12734
 "49047","Uintah, UT",7,CAGDP2,68,"61,62","  Educational services, health care, and social assistance ","Thousands of dollars",19536,22194,24208,27619,30160,33791,35207,39443,44352,46253,49767,50865,50659,52870,57145,59787,59941,63950,68383,65629,71436,77999
 "49047","Uintah, UT",7,CAGDP2,69,"61","   Educational services ","Thousands of dollars",1105,1264,1302,1262,1162,980,1146,1290,1360,1505,1578,1806,2272,2814,4298,6174,6194,6463,7312,6596,8562,8687
 "49047","Uintah, UT",7,CAGDP2,70,"62","   Health care and social assistance ","Thousands of dollars",18432,20930,22906,26356,28999,32811,34062,38153,42992,44748,48188,49059,48388,50056,52847,53613,53746,57488,61071,59033,62874,69312
 "49047","Uintah, UT",7,CAGDP2,75,"71,72","  Arts, entertainment, recreation, accommodation, and food services ","Thousands of dollars",14195,13653,14397,16802,18674,21904,26915,31213,28147,28195,30175,34574,33969,34803,35059,33363,33145,37638,40146,35255,46431,51341
 "49047","Uintah, UT",7,CAGDP2,76,"71","   Arts, entertainment, and recreation ","Thousands of dollars",1969,1420,1576,1520,1504,1194,876,559,571,816,829,749,782,1136,1069,1136,1021,1199,1273,1423,3357,5000
 "49047","Uintah, UT",7,CAGDP2,79,"72","   Accommodation and food services ","Thousands of dollars",12226,12232,12821,15282,17170,20710,26039,30654,27577,27379,29346,33825,33187,33667,33989,32226,32124,36440,38873,33833,43074,46341
 "49047","Uintah, UT",7,CAGDP2,82,"81","  Other services (except government and government enterprises) ","Thousands of dollars",37757,40637,38050,35543,38369,45126,50189,47216,44381,41704,43685,48980,53162,58152,53417,46548,49711,53024,53614,55333,57662,58429
 "49047","Uintah, UT",7,CAGDP2,83,"92","Government and government enterprises ","Thousands of dollars",122028,125375,127147,133151,143379,156595,159987,172305,180046,187917,193304,194913,202174,213993,218143,221709,227139,238119,242907,251690,246450,260894
 "49047","Uintah, UT",7,CAGDP2,87,"11,21","Natural resources and mining ","Thousands of dollars",265858,215978,332835,480433,757410,1042708,1213109,1463768,986720,1038255,1129146,1006171,1067848,1218556,635205,426360,511876,490164,470922,333696,421815,597025
 "49047","Uintah, UT",7,CAGDP2,88,"42,44-45","Trade ","Thousands of dollars",80468,83379,92256,101837,115351,133294,157459,169149,160877,159234,172535,187506,190918,192520,185678,175099,171141,177163,206243,233005,283007,293662
 "49047","Uintah, UT",7,CAGDP2,89,"22,48-49","Transportation and utilities ","Thousands of dollars",116068,111126,105659,126164,136286,170154,176452,201242,175057,187389,198969,210647,219949,230827,211666,206512,243767,258280,263461,263296,289355,431830
 "49047","Uintah, UT",7,CAGDP2,90,"31-33,51","Manufacturing and information ","Thousands of dollars",(D),18367,22745,25055,28511,35729,(D),(D),43456,39983,39995,36534,39509,40080,44691,41005,37152,29044,32114,34661,42504,51193
 "49047","Uintah, UT",7,CAGDP2,91,"...","Private goods-producing industries 2/","Thousands of dollars",305185,253087,377408,521467,805165,1114430,1331629,1592735,1091640,1150552,1215942,1118631,1183709,1360005,747301,511411,598106,569210,553952,425641,538482,745383
 "49047","Uintah, UT",7,CAGDP2,92,"...","Private services-providing industries 3/","Thousands of dollars",451291,462257,471117,511812,614395,756646,827989,867641,813565,821058,864480,900971,904683,923053,893951,865722,887996,905392,979580,982731,1070254,1251021
 "49049","Utah, UT",7,CAGDP2,1,"...","All industry total ","Thousands of dollars",8817633,9199538,9727422,10654393,11700224,13039590,14572978,15037623,15307532,15774120,16561312,17116194,18206406,19371613,21327251,23180925,25069858,27479554,30625392,32674889,36389837,39877357
 "49049","Utah, UT",7,CAGDP2,2,"..."," Private industries ","Thousands of dollars",7714797,8045489,8527836,9386281,10333118,11583586,13036061,13371859,13617189,14010573,14741080,15294403,16311422,17435714,19375669,21102646,22891497,25260519,28292658,30151518,33750619,37086643
 "49049","Utah, UT",7,CAGDP2,3,"11","  Agriculture, forestry, fishing and hunting ","Thousands of dollars",25541,6019,36502,53834,42781,34786,40909,25168,37931,72438,132219,185604,120411,118116,79471,(D),29479,23340,13676,14469,20977,50315
 "49049","Utah, UT",7,CAGDP2,6,"21","  Mining, quarrying, and oil and gas extraction ","Thousands of dollars",5559,4157,4118,6257,18290,8888,9573,9649,9655,8468,16358,22723,19947,25180,16350,15590,27956,32059,39184,40128,83604,83418
 "49049","Utah, UT",7,CAGDP2,10,"22","  Utilities ","Thousands of dollars",21186,21346,20695,22336,27727,35938,72176,99109,96487,111888,99236,139609,126153,188039,222849,(D),226795,299607,346462,500288,687224,903509
 "49049","Utah, UT",7,CAGDP2,11,"23","  Construction ","Thousands of dollars",532014,540350,527455,688837,814955,1096169,1292976,1036275,689843,620490,664866,995068,1233186,1469785,1775961,2223111,2574535,2943258,3226543,3842308,4105652,4140805
 "49049","Utah, UT",7,CAGDP2,12,"31-33","  Manufacturing ","Thousands of dollars",1153877,1136892,1136543,1168714,1243251,1533721,1904631,1923519,2529808,2722966,2623196,2161739,2045101,2037523,2282635,2224518,2570447,2706780,2842203,3036675,3305211,3684771
 "49049","Utah, UT",7,CAGDP2,13,"321,327-339","   Durable goods manufacturing ","Thousands of dollars",(D),666173,660554,704439,790702,1021640,1366937,1366883,1708230,1970224,1907750,1507364,1449198,1342098,1472859,1399930,1698313,1810018,1794282,1836185,1941260,2166902
 "49049","Utah, UT",7,CAGDP2,25,"311-316,322-326","   Nondurable goods manufacturing ","Thousands of dollars",(D),470719,475989,464275,452550,512081,537695,556636,821578,752742,715446,654375,595902,695425,809776,824588,872134,896762,1047921,1200490,1363951,1517869
 "49049","Utah, UT",7,CAGDP2,34,"42","  Wholesale trade ","Thousands of dollars",334684,324167,336521,438371,561992,645296,(D),688428,633233,672796,716886,744381,854277,921346,1086550,1192569,1310619,1450947,1429103,1296757,1289466,1363179
 "49049","Utah, UT",7,CAGDP2,35,"44-45","  Retail trade ","Thousands of dollars",751113,778551,865329,974598,990650,1075668,1123771,1101749,1085646,1084303,1128068,1183649,1396977,1678919,2075693,2302620,2473655,2650080,2756467,3102231,3582802,4069942
 "49049","Utah, UT",7,CAGDP2,36,"48-49","  Transportation and warehousing ","Thousands of dollars",109206,104304,100743,102318,119880,138208,142084,126776,151631,180479,161311,156473,158030,164380,194410,209379,235595,258216,281906,300496,387339,456726
 "49049","Utah, UT",7,CAGDP2,45,"51","  Information ","Thousands of dollars",803730,936859,1058403,1178598,1315901,1262648,1480703,1650206,1588037,1692999,1971535,2037904,2184743,2303389,2457080,2704070,2751897,2936507,3456279,3891204,4614005,5123080
 "49049","Utah, UT",7,CAGDP2,50,"52,53","  Finance, insurance, real estate, rental, and leasing ","Thousands of dollars",1483726,1592213,1684948,1791883,1992345,2120016,2335230,2435320,2467089,2442526,2597944,2743006,2901027,2898614,3166577,3484140,3859197,4071651,4842142,4989496,5796357,6104156
 "49049","Utah, UT",7,CAGDP2,51,"52","   Finance and insurance ","Thousands of dollars",325748,371680,409568,392151,401810,472945,469124,381337,358851,370176,386530,544759,505981,522340,594543,662461,705768,754454,848407,1020524,1385898,1398485
 "49049","Utah, UT",7,CAGDP2,56,"53","   Real estate and rental and leasing ","Thousands of dollars",1157979,1220532,1275380,1399732,1590536,1647072,1866106,2053983,2108238,2072349,2211414,2198247,2395046,2376274,2572034,2821679,3153429,3317197,3993735,3968972,4410459,4705671
 "49049","Utah, UT",7,CAGDP2,59,"54,55,56","  Professional and business services ","Thousands of dollars",825239,814826,875618,974772,1094673,1301328,1448687,1668296,1575089,1558213,1687432,1812795,2031038,2216126,2413203,2569216,2778777,3481096,4299219,4313771,4496425,5106857
 "49049","Utah, UT",7,CAGDP2,60,"54","   Professional, scientific, and technical services ","Thousands of dollars",525134,517189,570067,591515,665987,794409,917739,1070898,1017425,1001739,1164247,1247912,1449304,1550798,1681451,1797655,1986334,2530169,3219075,3162480,3163354,3705812
 "49049","Utah, UT",7,CAGDP2,64,"55","   Management of companies and enterprises ","Thousands of dollars",62950,67653,62699,81782,84664,123313,98976,119921,128386,96594,89549,89474,95806,105154,106434,122612,125499,173061,186336,200337,213881,296929
 "49049","Utah, UT",7,CAGDP2,65,"56","   Administrative and support and waste management and remediation services ","Thousands of dollars",237155,229983,242853,301474,344022,383606,431972,477477,429278,459880,433636,475409,485928,560174,625318,648950,666943,777866,893808,950955,1119191,1104117
 "49049","Utah, UT",7,CAGDP2,68,"61,62","  Educational services, health care, and social assistance ","Thousands of dollars",1118697,1186359,1248408,1314995,1422556,1580470,1678783,1776896,1916799,1992203,2049113,2132292,2203830,2285832,2372359,2560719,2674621,2903532,3118166,3152661,3435205,3783484
 "49049","Utah, UT",7,CAGDP2,69,"61","   Educational services ","Thousands of dollars",533555,546073,579288,627909,680777,762606,812962,827886,885776,914808,916133,944540,955346,1004274,1009666,1034338,1076660,1131323,1203791,1176183,1258749,1375010
 "49049","Utah, UT",7,CAGDP2,70,"62","   Health care and social assistance ","Thousands of dollars",585142,640286,669120,687086,741779,817865,865821,949011,1031024,1077395,1132980,1187752,1248484,1281559,1362692,1526381,1597961,1772208,1914375,1976478,2176455,2408475
 "49049","Utah, UT",7,CAGDP2,75,"71,72","  Arts, entertainment, recreation, accommodation, and food services ","Thousands of dollars",231197,240614,249124,263175,281511,318763,350632,360097,342729,356575,375481,417961,446613,487571,556227,597292,637529,725682,807940,721172,926731,1114379
 "49049","Utah, UT",7,CAGDP2,76,"71","   Arts, entertainment, and recreation ","Thousands of dollars",46981,38635,41922,44556,47998,48504,51781,57279,62737,66390,70995,83859,88992,102046,118163,124674,114739,130335,153018,138512,189849,271603
 "49049","Utah, UT",7,CAGDP2,79,"72","   Accommodation and food services ","Thousands of dollars",184216,201979,207203,218619,233513,270259,298851,302818,279993,290185,304487,334102,357621,385525,438064,472618,522790,595347,654922,582659,736882,842776
 "49049","Utah, UT",7,CAGDP2,82,"81","  Other services (except government and government enterprises) ","Thousands of dollars",319026,358831,383429,407594,406606,431686,(D),470370,493210,494230,517434,561200,590089,640894,676304,(D),740396,777764,833367,949860,1019621,1102022
 "49049","Utah, UT",7,CAGDP2,83,"92","Government and government enterprises ","Thousands of dollars",1102836,1154049,1199586,1268112,1367106,1456004,1536917,1665764,1690343,1763546,1820232,1821791,1894984,1935898,1951582,2078279,2178362,2219035,2332734,2523371,2639218,2790713
 "49049","Utah, UT",7,CAGDP2,87,"11,21","Natural resources and mining ","Thousands of dollars",31101,10177,40620,60090,61071,43674,50482,34817,47586,80906,148578,208327,140358,143296,95821,(D),57434,55400,52860,54597,104581,133733
 "49049","Utah, UT",7,CAGDP2,88,"42,44-45","Trade ","Thousands of dollars",1085797,1102718,1201850,1412969,1552642,1720964,(D),1790177,1718879,1757098,1844954,1928029,2251254,2600265,3162243,3495188,3784274,4101027,4185570,4398988,4872267,5433121
 "49049","Utah, UT",7,CAGDP2,89,"22,48-49","Transportation and utilities ","Thousands of dollars",130393,125650,121439,124653,147607,174146,214260,225885,248117,292367,260546,296081,284183,352419,417259,(D),462390,557824,628368,800785,1074563,1360235
 "49049","Utah, UT",7,CAGDP2,90,"31-33,51","Manufacturing and information ","Thousands of dollars",1957607,2073751,2194945,2347312,2559153,2796369,3385335,3573726,4117845,4415966,4594731,4199643,4229844,4340912,4739715,4928588,5322344,5643286,6298483,6927880,7919216,8807851
 "49049","Utah, UT",7,CAGDP2,91,"...","Private goods-producing industries 2/","Thousands of dollars",1716991,1687418,1704617,1917641,2119278,2673564,3248089,2994611,3267238,3424362,3436640,3365134,3418645,3650604,4154417,(D),5202417,5705438,6121606,6933581,7515444,7959309
 "49049","Utah, UT",7,CAGDP2,92,"...","Private services-providing industries 3/","Thousands of dollars",5997806,6358071,6823219,7468640,8213840,8910022,9787973,10377248,10349951,10586211,11304440,11929269,12892777,13785111,15221251,(D),17689080,19555081,22171052,23217937,26235175,29127334
 "49051","Wasatch, UT",7,CAGDP2,1,"...","All industry total ","Thousands of dollars",312117,344642,376334,372633,428330,488909,549062,550202,532843,552967,566240,572058,660496,714996,779594,859541,1004858,1042052,1201388,1207875,1415028,1540098
 "49051","Wasatch, UT",7,CAGDP2,2,"..."," Private industries ","Thousands of dollars",256975,287232,315873,310632,360762,414537,468497,461988,442966,460443,472249,478514,563860,610234,669649,743749,879235,906503,1056014,1051856,1248139,1362138
 "49051","Wasatch, UT",7,CAGDP2,3,"11","  Agriculture, forestry, fishing and hunting ","Thousands of dollars",(D),(D),3073,453,1527,5316,(D),7336,6844,6332,913,3293,1105,2825,799,(D),3954,2891,(D),611,1723,1020
 "49051","Wasatch, UT",7,CAGDP2,6,"21","  Mining, quarrying, and oil and gas extraction ","Thousands of dollars",1969,2111,1600,3108,10191,26788,23378,20468,23226,28421,26803,1331,1246,1711,979,680,3513,2241,1670,491,432,(D)
 "49051","Wasatch, UT",7,CAGDP2,10,"22","  Utilities ","Thousands of dollars",(D),(D),1986,2081,(D),2376,2478,3241,2977,3660,3984,3664,3795,2410,(D),(D),8011,10551,(D),20615,29010,(D)
 "49051","Wasatch, UT",7,CAGDP2,11,"23","  Construction ","Thousands of dollars",40970,46674,51593,40892,54847,56844,83323,76873,45318,52899,51698,59557,107251,128753,158186,201972,265255,242495,294111,283847,374506,373867
 "49051","Wasatch, UT",7,CAGDP2,12,"31-33","  Manufacturing ","Thousands of dollars",17195,17972,23297,18900,21644,15700,15005,14980,17555,18731,21463,19915,21833,24821,25726,26364,30245,34186,41758,44663,51641,(D)
 "49051","Wasatch, UT",7,CAGDP2,13,"321,327-339","   Durable goods manufacturing ","Thousands of dollars",(D),(D),(D),(D),(D),12820,12910,10733,9936,9845,11490,10651,11254,13706,14841,15457,17813,19525,21636,23940,28946,30956
 "49051","Wasatch, UT",7,CAGDP2,25,"311-316,322-326","   Nondurable goods manufacturing ","Thousands of dollars",(D),(D),(D),(D),(D),2880,2095,4247,7619,8887,9973,9263,10579,11115,10885,10907,12433,14661,20121,20723,22696,(D)
 "49051","Wasatch, UT",7,CAGDP2,34,"42","  Wholesale trade ","Thousands of dollars",(D),10609,10037,11243,(D),(D),17109,17746,16974,16324,14124,13786,14779,16594,18379,20124,21048,22380,25403,25883,30974,33300
 "49051","Wasatch, UT",7,CAGDP2,35,"44-45","  Retail trade ","Thousands of dollars",24963,27062,29082,27696,24926,(D),31422,34072,30890,31015,35200,42095,48882,51823,60153,66803,82575,95913,96633,101930,114905,125466
 "49051","Wasatch, UT",7,CAGDP2,36,"48-49","  Transportation and warehousing ","Thousands of dollars",14841,15394,17593,15577,13536,(D),(D),7028,(D),(D),(D),(D),14729,12744,11182,10778,15583,15535,17928,20805,24998,27041
 "49051","Wasatch, UT",7,CAGDP2,45,"51","  Information ","Thousands of dollars",2530,3498,4363,5857,9257,15614,17877,15817,14907,14026,13646,13319,17337,16122,17360,18521,22758,18718,21914,24952,26613,31693
 "49051","Wasatch, UT",7,CAGDP2,50,"52,53","  Finance, insurance, real estate, rental, and leasing ","Thousands of dollars",68689,77927,84438,86436,104325,113356,114260,119907,135154,134028,140991,151036,153351,155424,163127,170898,187354,173802,219880,231072,223737,(D)
 "49051","Wasatch, UT",7,CAGDP2,51,"52","   Finance and insurance ","Thousands of dollars",8032,9670,12312,14157,15926,20011,20763,15388,12689,12453,14097,17861,14694,13464,13544,14768,15823,18960,35556,36323,32420,30057
 "49051","Wasatch, UT",7,CAGDP2,56,"53","   Real estate and rental and leasing ","Thousands of dollars",60658,68258,72126,72279,88399,93345,93497,104520,122465,121575,126894,133175,138657,141960,149583,156130,171531,154842,184324,194749,191317,(D)
 "49051","Wasatch, UT",7,CAGDP2,59,"54,55,56","  Professional and business services ","Thousands of dollars",17222,19991,25155,28751,29954,28768,36810,40371,(D),(D),(D),(D),55698,66458,(D),(D),79414,90018,101172,99767,132094,158447
 "49051","Wasatch, UT",7,CAGDP2,60,"54","   Professional, scientific, and technical services ","Thousands of dollars",9871,12728,13642,15930,18444,20983,25826,28845,27302,(D),(D),(D),32616,41728,48976,48782,51306,55692,62760,69750,90445,103802
 "49051","Wasatch, UT",7,CAGDP2,64,"55","   Management of companies and enterprises ","Thousands of dollars",5280,4974,6160,4982,(D),(D),1160,(D),(D),(D),(D),(D),124,159,(D),(D),238,1382,3942,4072,7795,14169
 "49051","Wasatch, UT",7,CAGDP2,65,"56","   Administrative and support and waste management and remediation services ","Thousands of dollars",2071,2289,5353,7839,(D),(D),9824,(D),(D),14166,17642,19728,22958,24571,(D),24585,27870,32944,34470,25945,33854,40476
 "49051","Wasatch, UT",7,CAGDP2,68,"61,62","  Educational services, health care, and social assistance ","Thousands of dollars",15573,15570,16283,17587,17621,22337,24023,28821,31746,35524,39533,43534,47342,48895,53963,60736,60793,63949,68914,75278,79797,94715
 "49051","Wasatch, UT",7,CAGDP2,69,"61","   Educational services ","Thousands of dollars",642,299,431,602,978,950,1180,1459,2624,2870,3612,4836,5389,6241,6554,7241,7574,8151,8611,8464,10380,11553
 "49051","Wasatch, UT",7,CAGDP2,70,"62","   Health care and social assistance ","Thousands of dollars",14931,15270,15852,16985,16643,21387,22843,27362,29123,32653,35921,38698,41952,42655,47409,53495,53219,55798,60303,66815,69417,83162
 "49051","Wasatch, UT",7,CAGDP2,75,"71,72","  Arts, entertainment, recreation, accommodation, and food services ","Thousands of dollars",25103,27892,29939,34025,38488,51762,65660,52686,47626,50685,49717,45958,47980,49155,49346,47844,57074,89012,103657,68518,99786,118200
 "49051","Wasatch, UT",7,CAGDP2,76,"71","   Arts, entertainment, and recreation ","Thousands of dollars",1677,2145,1812,2845,2415,2887,2888,3406,3563,3207,3752,6095,8363,8299,7470,7363,10772,14543,16397,16098,24296,29429
 "49051","Wasatch, UT",7,CAGDP2,79,"72","   Accommodation and food services ","Thousands of dollars",23426,25747,28127,31179,36073,48875,62772,49281,44064,47479,45965,39864,39617,40856,41876,40481,46302,74469,87261,52421,75490,88770
 "49051","Wasatch, UT",7,CAGDP2,82,"81","  Other services (except government and government enterprises) ","Thousands of dollars",15267,17001,17435,18028,18363,20086,21253,22642,23888,23601,24790,26464,28532,32497,35866,38777,41658,44813,49220,53423,57922,61588
 "49051","Wasatch, UT",7,CAGDP2,83,"92","Government and government enterprises ","Thousands of dollars",55142,57410,60461,62002,67568,74372,80565,88214,89877,92524,93990,93544,96636,104762,109945,115792,125623,135549,145374,156019,166889,177960
 "49051","Wasatch, UT",7,CAGDP2,87,"11,21","Natural resources and mining ","Thousands of dollars",(D),(D),4672,3561,11718,32105,(D),27804,30070,34754,27717,4625,2351,4536,1778,(D),7467,5131,(D),1102,2155,(D)
 "49051","Wasatch, UT",7,CAGDP2,88,"42,44-45","Trade ","Thousands of dollars",(D),37670,39120,38939,(D),(D),48531,51818,47864,47339,49325,55881,63661,68417,78533,86928,103623,118294,122036,127813,145879,158766
 "49051","Wasatch, UT",7,CAGDP2,89,"22,48-49","Transportation and utilities ","Thousands of dollars",(D),(D),19579,17658,(D),(D),(D),10269,(D),(D),(D),(D),18524,15155,(D),(D),23594,26087,(D),41420,54007,(D)
 "49051","Wasatch, UT",7,CAGDP2,90,"31-33,51","Manufacturing and information ","Thousands of dollars",19724,21470,27660,24757,30901,31314,32883,30797,32462,32757,35109,33234,39170,40943,43085,44884,53003,52904,63672,69615,78254,(D)
 "49051","Wasatch, UT",7,CAGDP2,91,"...","Private goods-producing industries 2/","Thousands of dollars",(D),(D),79562,63353,88209,104648,(D),119656,92943,106384,100878,84096,131435,158110,185689,(D),302968,281812,(D),329612,428303,(D)
 "49051","Wasatch, UT",7,CAGDP2,92,"...","Private services-providing industries 3/","Thousands of dollars",(D),(D),236311,247279,272553,309888,(D),342331,350023,354059,371372,394418,432425,452124,483959,(D),576267,624691,(D),722244,819837,(D)
 "49053","Washington, UT",7,CAGDP2,1,"...","All industry total ","Thousands of dollars",1962543,2131977,2337675,2629037,3028639,3464741,3713871,3608651,3357018,3348918,3432652,3779575,4194478,4463873,4883989,5471823,6234717,6761919,7221516,7743796,8769698,9561278
 "49053","Washington, UT",7,CAGDP2,2,"..."," Private industries ","Thousands of dollars",1719230,1879255,2066420,2332376,2693402,3089808,3310198,3163434,2878768,2863334,2933746,3279901,3685967,3927305,4332095,4885863,5615483,6095469,6518440,7000337,7978152,8707397
 "49053","Washington, UT",7,CAGDP2,3,"11","  Agriculture, forestry, fishing and hunting ","Thousands of dollars",(D),6275,5135,1236,1847,9403,13555,(D),(D),(D),1543,(D),(D),(D),(D),7151,(D),(D),(D),2028,2594,2586
 "49053","Washington, UT",7,CAGDP2,6,"21","  Mining, quarrying, and oil and gas extraction ","Thousands of dollars",13176,8403,5673,8681,16348,36936,39090,35952,39381,36950,36636,(D),29511,42883,30370,35109,55693,93484,103849,146880,252015,263995
 "49053","Washington, UT",7,CAGDP2,10,"22","  Utilities ","Thousands of dollars",(D),4399,4572,5506,6433,8203,7651,(D),(D),(D),13494,(D),(D),(D),(D),24217,(D),(D),(D),74923,105020,116905
 "49053","Washington, UT",7,CAGDP2,11,"23","  Construction ","Thousands of dollars",191321,203651,241686,299523,382435,475189,508298,356738,208379,164222,165002,207570,311449,356519,413142,545352,752046,774751,789345,980256,1141731,1252400
 "49053","Washington, UT",7,CAGDP2,12,"31-33","  Manufacturing ","Thousands of dollars",104948,116342,141555,151939,172243,190225,215830,201562,175397,172390,183051,220199,219077,235499,267543,255998,296947,332610,335994,359350,386025,422445
 "49053","Washington, UT",7,CAGDP2,13,"321,327-339","   Durable goods manufacturing ","Thousands of dollars",78614,86693,108582,125449,148557,168194,190571,178145,146731,142838,149415,175223,170268,180215,208114,199706,225707,252188,245731,260157,273205,303794
 "49053","Washington, UT",7,CAGDP2,25,"311-316,322-326","   Nondurable goods manufacturing ","Thousands of dollars",26334,29648,32972,26489,23686,22030,25259,23417,28667,29553,33636,44976,48809,55283,59430,56292,71240,80422,90263,99193,112819,118650
 "49053","Washington, UT",7,CAGDP2,34,"42","  Wholesale trade ","Thousands of dollars",53690,56407,59699,66238,74625,87842,99800,104766,95512,99659,110675,123065,141565,148485,161364,188692,213177,212864,212540,224803,256369,305315
 "49053","Washington, UT",7,CAGDP2,35,"44-45","  Retail trade ","Thousands of dollars",259867,272054,297994,356426,382884,417850,421303,385939,353583,339666,333484,345442,391921,422520,474176,540603,579447,626633,680226,748393,893586,983536
 "49053","Washington, UT",7,CAGDP2,36,"48-49","  Transportation and warehousing ","Thousands of dollars",122449,137954,145307,147693,174946,181550,179427,173784,174462,174462,185317,185392,204432,247983,269017,282564,327832,389761,398833,346233,370077,375215
 "49053","Washington, UT",7,CAGDP2,45,"51","  Information ","Thousands of dollars",(D),59815,72794,83551,92830,102759,(D),(D),(D),(D),101665,115642,136362,137501,155085,(D),202404,204292,217945,206596,229318,253826
 "49053","Washington, UT",7,CAGDP2,50,"52,53","  Finance, insurance, real estate, rental, and leasing ","Thousands of dollars",439595,480287,511192,556593,650860,713500,764483,716357,669932,716444,720514,892098,985702,968431,1081987,1234389,1465936,1548719,1721017,1853318,1946712,2046388
 "49053","Washington, UT",7,CAGDP2,51,"52","   Finance and insurance ","Thousands of dollars",84345,100046,111484,128277,145288,169606,158360,121144,98118,102042,103355,117115,120824,125415,134616,160965,193078,200533,224093,304274,276967,263487
 "49053","Washington, UT",7,CAGDP2,56,"53","   Real estate and rental and leasing ","Thousands of dollars",355250,380241,399707,428316,505572,543894,606123,595213,571814,614403,617159,774983,864879,843016,947372,1073423,1272857,1348186,1496924,1549043,1669745,1782901
 "49053","Washington, UT",7,CAGDP2,59,"54,55,56","  Professional and business services ","Thousands of dollars",102860,112766,115968,134724,161476,190753,220835,232297,215662,225905,230413,249337,(D),(D),(D),354914,(D),(D),(D),504973,596754,667678
 "49053","Washington, UT",7,CAGDP2,60,"54","   Professional, scientific, and technical services ","Thousands of dollars",57579,65966,69567,77231,94951,113417,131627,142466,127533,127048,135952,149290,164899,181989,207114,227598,244208,297282,296056,327132,384246,445880
 "49053","Washington, UT",7,CAGDP2,64,"55","   Management of companies and enterprises ","Thousands of dollars",9974,5679,5430,4823,3841,4209,3528,2968,3831,4524,3159,3369,(D),(D),(D),8421,(D),(D),(D),15655,18645,12665
 "49053","Washington, UT",7,CAGDP2,65,"56","   Administrative and support and waste management and remediation services ","Thousands of dollars",35307,41121,40972,52671,62684,73127,85681,86863,84297,94333,91302,96677,104144,113641,115503,118895,125013,138517,159660,162186,193864,209133
 "49053","Washington, UT",7,CAGDP2,68,"61,62","  Educational services, health care, and social assistance ","Thousands of dollars",169734,188499,220797,253761,281553,336066,367415,445073,472407,459773,479862,478942,523803,558940,607394,688360,717731,775506,840513,883315,983259,1083809
 "49053","Washington, UT",7,CAGDP2,69,"61","   Educational services ","Thousands of dollars",4981,5730,4603,6097,7330,7867,8862,9764,13996,18097,18696,23791,27723,29960,27131,28540,31355,37807,43555,45313,50692,55780
 "49053","Washington, UT",7,CAGDP2,70,"62","   Health care and social assistance ","Thousands of dollars",164753,182769,216193,247664,274223,328199,358554,435309,458411,441676,461166,455151,496080,528979,580263,659819,686376,737700,796958,838002,932567,1028029
 "49053","Washington, UT",7,CAGDP2,75,"71,72","  Arts, entertainment, recreation, accommodation, and food services ","Thousands of dollars",122567,132175,138286,151723,169514,204653,221238,218010,202708,206925,223851,251667,280938,300064,320988,330268,363257,400117,433654,362835,475834,556076
 "49053","Washington, UT",7,CAGDP2,76,"71","   Arts, entertainment, and recreation ","Thousands of dollars",14960,18609,21999,22247,23928,27122,29363,28409,31311,33553,38451,39787,53406,55423,50089,52011,59117,66930,66604,55369,75453,90233
 "49053","Washington, UT",7,CAGDP2,79,"72","   Accommodation and food services ","Thousands of dollars",107607,113566,116287,129476,145585,177531,191874,189601,171397,173373,185400,211879,227532,244641,270899,278258,304140,333187,367050,307466,400381,465842
 "49053","Washington, UT",7,CAGDP2,82,"81","  Other services (except government and government enterprises) ","Thousands of dollars",86914,100229,105763,114782,125407,134879,(D),135901,136010,140282,148240,164044,171012,188918,200135,(D),227993,245274,267051,306434,338859,377224
 "49053","Washington, UT",7,CAGDP2,83,"92","Government and government enterprises ","Thousands of dollars",243312,252722,271255,296661,335237,374933,403673,445216,478249,485584,498907,499674,508511,536568,551894,585960,619234,666450,703076,743459,791546,853880
 "49053","Washington, UT",7,CAGDP2,87,"11,21","Natural resources and mining ","Thousands of dollars",(D),14678,10808,9917,18196,46338,52645,(D),(D),(D),38179,(D),(D),(D),(D),42259,(D),(D),(D),148908,254609,266581
 "49053","Washington, UT",7,CAGDP2,88,"42,44-45","Trade ","Thousands of dollars",313558,328461,357693,422664,457509,505692,521103,490705,449094,439325,444159,468506,533487,571005,635539,729295,792624,839497,892766,973196,1149955,1288852
 "49053","Washington, UT",7,CAGDP2,89,"22,48-49","Transportation and utilities ","Thousands of dollars",(D),142352,149879,153199,181379,189754,187078,(D),(D),(D),198811,(D),(D),(D),(D),306781,(D),(D),(D),421156,475097,492120
 "49053","Washington, UT",7,CAGDP2,90,"31-33,51","Manufacturing and information ","Thousands of dollars",(D),176157,214349,235490,265072,292984,(D),(D),(D),(D),284716,335841,355438,372999,422628,(D),499351,536902,553939,565946,615342,676271
 "49053","Washington, UT",7,CAGDP2,91,"...","Private goods-producing industries 2/","Thousands of dollars",(D),334670,394049,461378,572874,711752,776773,(D),(D),(D),386232,(D),(D),(D),(D),843610,(D),(D),(D),1488514,1782364,1941425
 "49053","Washington, UT",7,CAGDP2,92,"...","Private services-providing industries 3/","Thousands of dollars",(D),1544585,1672371,1870998,2120528,2378056,2533425,(D),(D),(D),2547514,(D),(D),(D),(D),4042254,(D),(D),(D),5511823,6195788,6765972
 "49055","Wayne, UT",7,CAGDP2,1,"...","All industry total ","Thousands of dollars",66625,64048,65189,64835,69042,66534,74917,77874,75808,77433,77702,66016,83678,87990,93060,91521,98369,101924,109962,112285,125808,137615
 "49055","Wayne, UT",7,CAGDP2,2,"..."," Private industries ","Thousands of dollars",52627,50204,50914,49677,53753,50448,58497,60090,57520,58457,58475,47538,65590,69165,73855,72043,78518,82028,89100,90236,103346,113562
 "49055","Wayne, UT",7,CAGDP2,3,"11","  Agriculture, forestry, fishing and hunting ","Thousands of dollars",11591,(D),(D),7661,8955,3511,6801,2723,2372,870,1944,689,(D),12319,12513,7955,7045,(D),10889,12380,15141,19365
 "49055","Wayne, UT",7,CAGDP2,6,"21","  Mining, quarrying, and oil and gas extraction ","Thousands of dollars",0,0,0,0,0,0,0,0,1672,2785,1861,2229,3830,6349,9870,8280,10510,322,3346,3403,(D),(D)
 "49055","Wayne, UT",7,CAGDP2,10,"22","  Utilities ","Thousands of dollars",607,744,858,1403,1458,1657,1713,1976,1944,1963,2123,1964,2180,1950,1830,1931,1635,1600,1768,1898,1959,1757
 "49055","Wayne, UT",7,CAGDP2,11,"23","  Construction ","Thousands of dollars",3116,2984,3123,3361,4601,5526,5486,7822,4827,3707,3764,3840,5539,7404,8157,9382,12131,14438,14776,18771,18864,22564
 "49055","Wayne, UT",7,CAGDP2,12,"31-33","  Manufacturing ","Thousands of dollars",2701,(D),(D),949,683,778,760,1223,1665,2067,2491,1314,(D),1331,1066,675,369,(D),456,289,(D),(D)
 "49055","Wayne, UT",7,CAGDP2,13,"321,327-339","   Durable goods manufacturing ","Thousands of dollars",(D),(D),(D),371,332,531,617,887,1185,1623,2464,1224,(D),968,745,420,(D),313,(D),(D),277,353
 "49055","Wayne, UT",7,CAGDP2,25,"311-316,322-326","   Nondurable goods manufacturing ","Thousands of dollars",(D),(D),(D),578,351,246,143,336,480,444,27,90,20,362,321,255,(D),(D),(D),(D),(D),(D)
 "49055","Wayne, UT",7,CAGDP2,34,"42","  Wholesale trade ","Thousands of dollars",(D),(D),(D),(D),(D),(D),(D),776,961,963,925,729,(D),(D),(D),(D),(D),(D),1631,1502,(D),1942
 "49055","Wayne, UT",7,CAGDP2,35,"44-45","  Retail trade ","Thousands of dollars",3598,3673,4593,6159,5238,4094,3691,3291,3412,3195,3009,3104,3490,3773,4194,5086,5742,6139,6633,6784,8186,9078
 "49055","Wayne, UT",7,CAGDP2,36,"48-49","  Transportation and warehousing ","Thousands of dollars",(D),(D),3173,1571,(D),(D),(D),(D),(D),(D),(D),(D),(D),(D),(D),1346,1096,1142,(D),(D),1412,(D)
 "49055","Wayne, UT",7,CAGDP2,45,"51","  Information ","Thousands of dollars",143,170,(D),(D),(D),(D),(D),(D),(D),(D),(D),(D),(D),(D),(D),(D),(D),(D),(D),(D),(D),(D)
 "49055","Wayne, UT",7,CAGDP2,50,"52,53","  Finance, insurance, real estate, rental, and leasing ","Thousands of dollars",10267,11769,11998,12172,13908,14921,17494,17538,17944,19459,19564,14540,14447,(D),13915,14773,14891,16913,(D),16716,17534,17878
 "49055","Wayne, UT",7,CAGDP2,51,"52","   Finance and insurance ","Thousands of dollars",(D),(D),(D),(D),(D),(D),(D),(D),(D),(D),(D),(D),(D),(D),458,(D),(D),(D),(D),(D),(D),848
 "49055","Wayne, UT",7,CAGDP2,56,"53","   Real estate and rental and leasing ","Thousands of dollars",(D),(D),(D),(D),(D),(D),(D),(D),(D),(D),(D),(D),(D),13272,13457,(D),(D),(D),16779,(D),(D),17031
 "49055","Wayne, UT",7,CAGDP2,59,"54,55,56","  Professional and business services ","Thousands of dollars",(D),380,309,263,325,399,478,512,747,1173,937,1253,1320,1789,(D),1739,2017,(D),3639,3508,3678,3018
 "49055","Wayne, UT",7,CAGDP2,60,"54","   Professional, scientific, and technical services ","Thousands of dollars",(D),(D),(D),(D),(D),(D),155,(D),(D),(D),(D),1065,1124,(D),1120,1543,1892,3440,(D),(D),(D),2356
 "49055","Wayne, UT",7,CAGDP2,64,"55","   Management of companies and enterprises ","Thousands of dollars",0,0,0,0,0,0,0,0,0,0,0,0,0,0,0,0,0,0,0,0,0,0
 "49055","Wayne, UT",7,CAGDP2,65,"56","   Administrative and support and waste management and remediation services ","Thousands of dollars",264,(D),(D),(D),(D),(D),323,(D),(D),(D),(D),188,196,(D),(D),196,125,(D),(D),(D),(D),662
 "49055","Wayne, UT",7,CAGDP2,68,"61,62","  Educational services, health care, and social assistance ","Thousands of dollars",9340,(D),8259,9114,11023,11496,11578,11805,10337,9722,7566,3502,4122,4506,4070,5125,5914,6436,6798,7655,8231,9283
 "49055","Wayne, UT",7,CAGDP2,69,"61","   Educational services ","Thousands of dollars",(D),136,106,(D),(D),(D),(D),(D),(D),(D),(D),(D),(D),(D),180,157,64,31,8,55,94,107
 "49055","Wayne, UT",7,CAGDP2,70,"62","   Health care and social assistance ","Thousands of dollars",(D),(D),8152,(D),(D),(D),(D),(D),(D),(D),(D),(D),(D),(D),3890,4968,5850,6405,6790,7600,8137,9176
 "49055","Wayne, UT",7,CAGDP2,75,"71,72","  Arts, entertainment, recreation, accommodation, and food services ","Thousands of dollars",4711,5034,4574,4135,4138,4865,5599,6743,6730,8434,9797,10462,11009,10295,10845,11265,12531,14602,16447,12179,18554,20803
 "49055","Wayne, UT",7,CAGDP2,76,"71","   Arts, entertainment, and recreation ","Thousands of dollars",(D),(D),(D),(D),109,218,275,384,746,813,916,370,416,642,755,1116,1503,1371,1215,1085,1539,1785
 "49055","Wayne, UT",7,CAGDP2,79,"72","   Accommodation and food services ","Thousands of dollars",(D),(D),(D),(D),4030,4647,5323,6359,5984,7621,8881,10093,10593,9653,10090,10149,11028,13232,15232,11095,17015,19017
 "49055","Wayne, UT",7,CAGDP2,82,"81","  Other services (except government and government enterprises) ","Thousands of dollars",1925,1992,2024,2111,2041,1906,1887,2221,2298,2214,2396,2401,2458,2528,2485,2587,2693,2705,2665,3164,3368,(D)
 "49055","Wayne, UT",7,CAGDP2,83,"92","Government and government enterprises ","Thousands of dollars",13998,13844,14275,15157,15289,16085,16420,17784,18288,18976,19227,18478,18088,18825,19205,19478,19851,19896,20861,22049,22462,24053
 "49055","Wayne, UT",7,CAGDP2,87,"11,21","Natural resources and mining ","Thousands of dollars",11591,(D),(D),7661,8955,3511,6801,2723,4044,3655,3806,2918,(D),18667,22383,16236,17555,(D),14235,15782,(D),(D)
 "49055","Wayne, UT",7,CAGDP2,88,"42,44-45","Trade ","Thousands of dollars",(D),(D),(D),(D),(D),(D),(D),4068,4373,4158,3934,3833,(D),(D),(D),(D),(D),(D),8264,8286,(D),11020
 "49055","Wayne, UT",7,CAGDP2,89,"22,48-49","Transportation and utilities ","Thousands of dollars",(D),(D),4031,2974,(D),(D),(D),(D),(D),(D),(D),(D),(D),(D),(D),3277,2731,2742,(D),(D),3371,(D)
 "49055","Wayne, UT",7,CAGDP2,90,"31-33,51","Manufacturing and information ","Thousands of dollars",2844,(D),2037,(D),(D),(D),(D),(D),(D),(D),(D),(D),1972,(D),(D),(D),(D),1232,(D),(D),1156,1424
 "49055","Wayne, UT",7,CAGDP2,91,"...","Private goods-producing industries 2/","Thousands of dollars",17408,12892,14383,11971,14239,9814,13047,11767,10536,9429,10060,8072,24089,27402,31606,26293,30055,26371,29467,34842,38317,43903
 "49055","Wayne, UT",7,CAGDP2,92,"...","Private services-providing industries 3/","Thousands of dollars",35219,37312,36531,37707,39513,40634,45449,48322,46985,49028,48415,39466,41501,41763,42249,45751,48463,55657,59634,55394,65029,69659
 "49057","Weber, UT",7,CAGDP2,1,"...","All industry total ","Thousands of dollars",5284718,5565033,5826864,6134926,6795027,7505325,7942533,7898130,8029097,8141063,8313966,8379756,8413780,8947242,9455071,9982813,10722720,11641154,12434253,12929054,14016191,15384685
 "49057","Weber, UT",7,CAGDP2,2,"..."," Private industries ","Thousands of dollars",4214852,4431323,4672353,4968294,5537745,6180217,6568355,6430532,6557285,6621763,6776130,6846718,6878954,7376583,7871269,8365210,9034289,9872812,10583333,10920935,11877101,13117375
 "49057","Weber, UT",7,CAGDP2,3,"11","  Agriculture, forestry, fishing and hunting ","Thousands of dollars",(D),6884,7529,1883,8032,24618,13006,6786,11491,5448,46340,29698,43717,42200,35655,30151,29697,33588,49978,50092,46152,80955
 "49057","Weber, UT",7,CAGDP2,6,"21","  Mining, quarrying, and oil and gas extraction ","Thousands of dollars",0,0,472,5893,13396,20655,28830,30815,7726,8531,4214,2385,494,4571,5353,6725,7317,9124,14384,16392,27570,32298
 "49057","Weber, UT",7,CAGDP2,10,"22","  Utilities ","Thousands of dollars",(D),22496,22491,23805,23972,27709,25068,29348,29154,29997,30635,26670,26813,28122,28784,30324,32583,34903,39767,52594,59384,63118
 "49057","Weber, UT",7,CAGDP2,11,"23","  Construction ","Thousands of dollars",243721,249072,264930,277732,313472,418879,534628,479384,356970,338913,309434,333913,375213,456421,519754,565074,658443,704613,757633,880684,934931,1091292
 "49057","Weber, UT",7,CAGDP2,12,"31-33","  Manufacturing ","Thousands of dollars",1131164,1083174,1171615,1309428,1308011,1396481,1513070,1457687,1950395,1868099,1849825,1736672,1611169,1626921,1948429,2018204,2209946,2584950,2726080,2785725,3000257,3376651
 "49057","Weber, UT",7,CAGDP2,13,"321,327-339","   Durable goods manufacturing ","Thousands of dollars",851954,797163,900507,1055784,1083781,1173139,1262667,1179090,1496226,1401900,1348382,1289030,1274081,1253313,1513818,1545300,1681132,2115418,2158642,2064718,2175054,2473067
 "49057","Weber, UT",7,CAGDP2,25,"311-316,322-326","   Nondurable goods manufacturing ","Thousands of dollars",279210,286011,271108,253644,224230,223341,250402,278597,454169,466199,501443,447643,337089,373608,434611,472904,528814,469533,567438,721006,825202,903584
 "49057","Weber, UT",7,CAGDP2,34,"42","  Wholesale trade ","Thousands of dollars",224489,225791,214203,237328,255341,288685,316632,330800,315971,323209,338176,358194,399834,451912,490465,545538,653148,696882,753578,798073,894800,964504
 "49057","Weber, UT",7,CAGDP2,35,"44-45","  Retail trade ","Thousands of dollars",433068,453205,480669,485802,518324,588886,583234,579123,538728,534233,537425,561879,616651,640562,698149,757806,791857,893304,954864,1032678,1200603,1328406
 "49057","Weber, UT",7,CAGDP2,36,"48-49","  Transportation and warehousing ","Thousands of dollars",116745,116868,125204,129195,125537,145610,158540,152850,145472,137193,134335,147531,160510,174393,190244,202443,214738,236803,241077,268527,300617,314960
 "49057","Weber, UT",7,CAGDP2,45,"51","  Information ","Thousands of dollars",133344,(D),163427,172870,202527,223189,184695,177416,176042,166731,152542,118144,117932,115127,129813,133183,131651,130299,137491,132081,143755,158867
 "49057","Weber, UT",7,CAGDP2,50,"52,53","  Finance, insurance, real estate, rental, and leasing ","Thousands of dollars",863438,920706,967453,996667,1407311,1571990,1647418,1530311,1364358,1503704,1646746,1709252,1551736,1772431,1626563,1742608,1847878,1936880,2182375,2176017,2287635,2384093
 "49057","Weber, UT",7,CAGDP2,51,"52","   Finance and insurance ","Thousands of dollars",203699,221624,260465,262917,559466,761783,737605,525666,386227,466846,522870,584886,499704,539535,475844,519174,547286,442442,479941,528157,567821,573600
 "49057","Weber, UT",7,CAGDP2,56,"53","   Real estate and rental and leasing ","Thousands of dollars",659739,699082,706988,733750,847845,810207,909813,1004645,978131,1036859,1123875,1124365,1052032,1232897,1150719,1223434,1300592,1494438,1702433,1647860,1719814,1810494
 "49057","Weber, UT",7,CAGDP2,59,"54,55,56","  Professional and business services ","Thousands of dollars",308570,411909,426488,436918,452868,480326,520025,529515,478407,514043,499504,537809,646236,676457,721678,765646,813474,872701,913614,944235,1017728,1134391
 "49057","Weber, UT",7,CAGDP2,60,"54","   Professional, scientific, and technical services ","Thousands of dollars",149267,178032,183138,187679,189831,195719,215475,235198,228504,235204,248372,261047,324050,345674,373653,385982,409062,445395,470150,496978,557869,656523
 "49057","Weber, UT",7,CAGDP2,64,"55","   Management of companies and enterprises ","Thousands of dollars",26208,101012,102454,90265,78661,79950,86759,89663,74678,93255,51788,51228,32670,33493,35842,31435,36017,44370,45739,44320,55838,63730
 "49057","Weber, UT",7,CAGDP2,65,"56","   Administrative and support and waste management and remediation services ","Thousands of dollars",133095,132865,140896,158974,184376,204658,217791,204654,175226,185584,199343,225534,289517,297290,312183,348229,368394,382936,397724,402938,404021,414138
 "49057","Weber, UT",7,CAGDP2,68,"61,62","  Educational services, health care, and social assistance ","Thousands of dollars",(D),(D),458690,487765,504921,577711,611472,661384,712180,727347,754919,786448,808886,846390,902866,971272,994339,1066381,1109591,1083467,1170331,1288226
 "49057","Weber, UT",7,CAGDP2,69,"61","   Educational services ","Thousands of dollars",(D),(D),13800,17650,19943,23472,27471,32297,39179,41753,47325,51252,46680,51386,57958,62689,69015,77592,86861,76530,83889,88139
 "49057","Weber, UT",7,CAGDP2,70,"62","   Health care and social assistance ","Thousands of dollars",378309,410184,444889,470114,484978,554239,584001,629087,673001,685594,707594,735196,762206,795004,844907,908583,925323,988790,1022731,1006937,1086442,1200087
 "49057","Weber, UT",7,CAGDP2,75,"71,72","  Arts, entertainment, recreation, accommodation, and food services ","Thousands of dollars",162360,169692,167293,176726,181815,186031,194532,213965,209111,204740,209336,223423,238529,240290,267110,279648,309454,321487,339390,301265,376385,449046
 "49057","Weber, UT",7,CAGDP2,76,"71","   Arts, entertainment, and recreation ","Thousands of dollars",29722,28486,25938,28472,29425,31454,32890,41135,41941,39402,46047,52654,62076,56781,59912,65360,75862,78476,79500,69420,83000,107477
 "49057","Weber, UT",7,CAGDP2,79,"72","   Accommodation and food services ","Thousands of dollars",132637,141206,141355,148254,152391,154578,161641,172830,167170,165338,163290,170768,176453,183509,207198,214288,233592,243011,259891,231845,293385,341569
 "49057","Weber, UT",7,CAGDP2,82,"81","  Other services (except government and government enterprises) ","Thousands of dollars",175673,190050,201889,226282,222219,229446,237206,251149,261278,259575,262699,274699,281234,300785,306407,316589,339765,350896,363511,399107,416953,450567
 "49057","Weber, UT",7,CAGDP2,83,"92","Government and government enterprises ","Thousands of dollars",1069866,1133710,1154511,1166632,1257282,1325108,1374178,1467598,1471812,1519300,1537835,1533038,1534826,1570659,1583802,1617602,1688432,1768341,1850919,2008119,2139090,2267311
 "49057","Weber, UT",7,CAGDP2,87,"11,21","Natural resources and mining ","Thousands of dollars",(D),6884,8001,7777,21427,45273,41836,37601,19217,13978,50555,32083,44211,46771,41008,36876,37015,42712,64363,66484,73722,113253
 "49057","Weber, UT",7,CAGDP2,88,"42,44-45","Trade ","Thousands of dollars",657557,678996,694872,723129,773665,877571,899866,909923,854699,857442,875601,920074,1016485,1092475,1188613,1303344,1445004,1590186,1708442,1830751,2095403,2292909
 "49057","Weber, UT",7,CAGDP2,89,"22,48-49","Transportation and utilities ","Thousands of dollars",(D),139364,147695,153000,149509,173319,183607,182198,174627,167190,164970,174201,187323,202514,219028,232767,247321,271706,280844,321121,360001,378078
 "49057","Weber, UT",7,CAGDP2,90,"31-33,51","Manufacturing and information ","Thousands of dollars",1264508,(D),1335041,1482298,1510538,1619670,1697765,1635102,2126437,2034830,2002367,1854817,1729101,1742048,2078242,2151387,2341597,2715249,2863571,2917806,3144012,3535518
 "49057","Weber, UT",7,CAGDP2,91,"...","Private goods-producing industries 2/","Thousands of dollars",(D),1339130,1444545,1594937,1642910,1860632,2089534,1974671,2326582,2220990,2209814,2102668,2030593,2130114,2509191,2620155,2905404,3332276,3548075,3732892,4008910,4581196
 "49057","Weber, UT",7,CAGDP2,92,"...","Private services-providing industries 3/","Thousands of dollars",(D),3092193,3227808,3373357,3894835,4319584,4478821,4455860,4230703,4400772,4566316,4744050,4848361,5246469,5362078,5745056,6128885,6540536,7035259,7188043,7868191,8536179
"Note: See the included footnote file."
"CAGDP2: Gross domestic product (GDP) by county and metropolitan area 1."
"Last updated: November 1, 2024 -- revised statistics for 2001-2016."
"U.S. Bureau of Economic Analysis"
