GeoFIPS,GeoName,Region,TableName,LineCode,IndustryClassification,Description,Unit,2001,2002,2003,2004,2005,2006,2007,2008,2009,2010,2011,2012,2013,2014,2015,2016,2017,2018,2019,2020,2021,2022
 "22000","Louisiana",5,CAGDP2,1,"...","All industry total ","Thousands of dollars",138204294,140082830,155198693,170999627,199314180,207249786,203771306,213803512,206111505,226555639,230518675,235960885,231652750,240965026,234324242,227440267,239830737,256444430,257096689,236135861,263162748,291951862
 "22000","Louisiana",5,CAGDP2,2,"..."," Private industries ","Thousands of dollars",120536107,121055013,134844772,149319161,176870529,184927922,182016667,191197268,180758873,199858489,203295648,209072976,205038814,214476324,207586926,200416155,211969463,227541027,227510586,205889764,232559716,260485826
 "22000","Louisiana",5,CAGDP2,3,"11","  Agriculture, forestry, fishing and hunting ","Thousands of dollars",1175846,1055881,1355311,1449688,1291827,1426440,1545693,1392323,1495623,1776226,1843027,2099464,2391613,2037908,1670822,1621054,1740318,1751001,1586561,1671264,2204052,2324666
 "22000","Louisiana",5,CAGDP2,6,"21","  Mining, quarrying, and oil and gas extraction ","Thousands of dollars",17290738,11629773,13065581,14394211,16665187,20406703,21121107,24138246,17949999,19195744,20130751,18484047,17256370,16759069,10597541,7841784,9352128,11123686,10228852,6281246,9873389,13701666
 "22000","Louisiana",5,CAGDP2,10,"22","  Utilities ","Thousands of dollars",3660342,3246922,3429036,3809952,3716254,4011625,3944765,4253224,4029808,4873706,5055019,4631049,4723395,5068252,4871095,4808183,4921849,4925096,5477066,5621195,6287229,6683939
 "22000","Louisiana",5,CAGDP2,11,"23","  Construction ","Thousands of dollars",6671681,6625258,7001663,7529982,8244773,10088558,11333231,11578357,11620481,10709126,10514791,10709937,11293422,12691248,13573399,14485084,16168828,16927753,16222932,14649817,15837061,16324157
 "22000","Louisiana",5,CAGDP2,12,"31-33","  Manufacturing ","Thousands of dollars",18266596,21108637,29938621,37668948,57415733,53059047,46398314,43001872,37499077,49342410,50071431,52278709,43626716,47350950,42765707,36031670,41517917,49941909,46966311,33831894,41717294,51831788
 "22000","Louisiana",5,CAGDP2,13,"321,327-339","   Durable goods manufacturing ","Thousands of dollars",4969543,5110890,5593743,6097772,6897687,7249872,8080587,7689190,7095956,7359785,7607137,7828527,7808925,8531601,7703744,6881926,6804124,7412569,7447992,6757423,7699756,8791679
 "22000","Louisiana",5,CAGDP2,25,"311-316,322-326","   Nondurable goods manufacturing ","Thousands of dollars",13297053,15997748,24344879,31571176,50518046,45809175,38317727,35312683,30403121,41982626,42464294,44450182,35817791,38819349,35061963,29149744,34713792,42529341,39518319,27074471,34017538,43040108
 "22000","Louisiana",5,CAGDP2,34,"42","  Wholesale trade ","Thousands of dollars",7035590,7213198,7481506,8095437,8647708,9394964,9992059,10339104,9867856,10404903,10808833,11528928,12023769,12416120,12261064,12086402,12348371,13033990,13976004,13811834,14715022,15906313
 "22000","Louisiana",5,CAGDP2,35,"44-45","  Retail trade ","Thousands of dollars",9588440,10019627,10456135,10981736,11690428,13463501,13890287,13421852,13113262,13387009,13592578,14151174,14828877,15059364,15513866,16606516,17164133,16891017,17068970,17703133,20287170,21724020
 "22000","Louisiana",5,CAGDP2,36,"48-49","  Transportation and warehousing ","Thousands of dollars",4924553,5046591,5240556,5603984,6206321,7248626,7908344,8941830,7993395,8600296,8787785,9260658,10351547,10763052,10150393,9019263,8822190,9161070,9391630,8279512,9957805,11642940
 "22000","Louisiana",5,CAGDP2,45,"51","  Information ","Thousands of dollars",2960877,3335565,3454583,3909819,4224597,4164959,4467046,4530402,4348463,4747783,4492646,4500415,4918800,4834253,5358670,4969720,5055814,5037927,5094274,4373889,4916961,5496674
 "22000","Louisiana",5,CAGDP2,50,"52,53","  Finance, insurance, real estate, rental, and leasing ","Thousands of dollars",19545987,20402427,21008516,21786751,23479701,24092587,20915496,25562840,28029457,29790339,30903591,32284867,32447671,33552717,34694105,36236530,36825550,39090652,40370244,42482951,44451962,45390031
 "22000","Louisiana",5,CAGDP2,51,"52","   Finance and insurance ","Thousands of dollars",5365207,5837565,6044548,6135855,6932906,6834174,7017454,6780548,6790254,7024662,7252572,7286932,6672731,8058391,9116760,10209412,10881474,11430904,11441127,12615767,12872537,12940668
 "22000","Louisiana",5,CAGDP2,56,"53","   Real estate and rental and leasing ","Thousands of dollars",14180779,14564862,14963969,15650896,16546795,17258414,13898042,18782292,21239204,22765677,23651019,24997935,25774940,25494326,25577345,26027117,25944076,27659748,28929117,29867185,31579425,32449364
 "22000","Louisiana",5,CAGDP2,59,"54,55,56","  Professional and business services ","Thousands of dollars",10283653,10892686,11252306,11617948,12388318,13973401,15342277,17356757,16690318,17572756,17574410,18497776,19349885,20201317,20532408,19930240,20461283,21264941,21946024,20605876,22258124,24400558
 "22000","Louisiana",5,CAGDP2,60,"54","   Professional, scientific, and technical services ","Thousands of dollars",5872050,6286399,6399215,6515925,6638128,7520310,8367605,9727278,9257533,9679482,9968301,10552501,10965904,11504947,11736011,11283543,11448963,11920117,12379101,11470076,12006620,13213793
 "22000","Louisiana",5,CAGDP2,64,"55","   Management of companies and enterprises ","Thousands of dollars",1582964,1627615,1653373,1724834,1862673,1822906,2011544,2241979,2241663,2356288,2373493,2524605,2756482,2689573,2586934,2625662,2745043,2626595,2604206,2529288,2765050,2937251
 "22000","Louisiana",5,CAGDP2,65,"56","   Administrative and support and waste management and remediation services ","Thousands of dollars",2828639,2978673,3199717,3377189,3887517,4630185,4963128,5387500,5191122,5536985,5232616,5420670,5627499,6006798,6209463,6021035,6267277,6718229,6962716,6606512,7486454,8249514
 "22000","Louisiana",5,CAGDP2,68,"61,62","  Educational services, health care, and social assistance ","Thousands of dollars",9589926,10304787,10928353,11645899,11775672,12084374,12893621,14310485,15570809,16424761,16658251,17174323,17722264,18729874,19602838,20564239,20946339,21528414,22586184,22577959,23724957,25915209
 "22000","Louisiana",5,CAGDP2,69,"61","   Educational services ","Thousands of dollars",1150342,1227865,1263711,1372909,1324141,1329796,1445803,1644074,1877601,2061293,2090493,2174430,2254957,2295160,2288572,2474390,2514304,2642006,2826754,2684689,2888493,3067413
 "22000","Louisiana",5,CAGDP2,70,"62","   Health care and social assistance ","Thousands of dollars",8439584,9076922,9664642,10272990,10451531,10754578,11447818,12666411,13693208,14363467,14567758,14999893,15467307,16434715,17314265,18089850,18432036,18886409,19759430,19893270,20836464,22847795
 "22000","Louisiana",5,CAGDP2,75,"71,72","  Arts, entertainment, recreation, accommodation, and food services ","Thousands of dollars",6153998,6530185,6574341,6987748,7272618,7426694,7969841,7940317,8086843,8438146,8329707,8779670,9335314,10031104,10831531,10954163,11371527,11355370,10987659,8773208,10868399,12748606
 "22000","Louisiana",5,CAGDP2,76,"71","   Arts, entertainment, and recreation ","Thousands of dollars",1856210,1958605,1997967,2099972,2159295,2040117,2169336,2288572,2053983,2080005,2034788,2105504,2146451,2199252,2198180,2267932,2376430,2514908,2624139,2064824,2666559,3181789
 "22000","Louisiana",5,CAGDP2,79,"72","   Accommodation and food services ","Thousands of dollars",4297788,4571579,4576375,4887776,5113324,5386577,5800505,5651745,6032860,6358140,6294919,6674166,7188863,7831852,8633351,8686232,8995097,8840462,8363519,6708384,8201840,9566818
 "22000","Louisiana",5,CAGDP2,82,"81","  Other services (except government and government enterprises) ","Thousands of dollars",3387882,3643477,3658262,3837059,3851393,4086442,4294587,4429658,4463480,4595283,4532827,4691957,4769170,4981095,5163488,5261309,5273215,5508203,5607876,5225986,5460290,6395256
 "22000","Louisiana",5,CAGDP2,83,"92","Government and government enterprises ","Thousands of dollars",17668187,19027817,20353921,21680465,22443650,22321864,21754639,22606244,25352632,26697150,27223028,26887909,26613936,26488702,26737315,27024112,27861274,28903403,29586103,30246098,30603032,31466036
 "22000","Louisiana",5,CAGDP2,87,"11,21","Natural resources and mining ","Thousands of dollars",18466584,12685654,14420892,15843898,17957014,21833143,22666799,25530570,19445622,20971970,21973779,20583512,19647983,18796977,12268364,9462837,11092446,12874686,11815413,7952510,12077441,16026333
 "22000","Louisiana",5,CAGDP2,88,"42,44-45","Trade ","Thousands of dollars",16624030,17232825,17937641,19077173,20338136,22858466,23882346,23760956,22981119,23791912,24401411,25680102,26852647,27475484,27774930,28692918,29512504,29925007,31044974,31514967,35002192,37630334
 "22000","Louisiana",5,CAGDP2,89,"22,48-49","Transportation and utilities ","Thousands of dollars",8584894,8293513,8669592,9413936,9922575,11260250,11853109,13195053,12023204,13474002,13842804,13891708,15074942,15831304,15021488,13827445,13744039,14086166,14868695,13900707,16245034,18326880
 "22000","Louisiana",5,CAGDP2,90,"31-33,51","Manufacturing and information ","Thousands of dollars",21227473,24444202,33393205,41578767,61640330,57224007,50865361,47532274,41847540,54090193,54564077,56779124,48545516,52185203,48124377,41001390,46573731,54979836,52060586,38205782,46634255,57328461
 "22000","Louisiana",5,CAGDP2,91,"...","Private goods-producing industries 2/","Thousands of dollars",43404861,40419549,51361177,61042829,83617520,84980748,80398344,80110798,68565180,81023506,82560001,83572158,74568121,78839176,68607470,59979591,68779190,79744348,75004656,56434221,69631796,84182278
 "22000","Louisiana",5,CAGDP2,92,"...","Private services-providing industries 3/","Thousands of dollars",77131246,80635464,83483595,88276333,93253010,99947174,101618323,111086470,112193693,118834982,120735647,125500818,130470693,135637148,138979457,140436564,143190272,147796679,152505931,149455543,162927920,176303548
 "22001","Acadia, LA",5,CAGDP2,1,"...","All industry total ","Thousands of dollars",930231,938024,1046380,1191918,1324314,1430695,1336905,1548787,1502427,1614307,1631057,1662938,1611512,1665842,1551066,1575980,1579324,1642301,1620474,1649117,1699438,1832352
 "22001","Acadia, LA",5,CAGDP2,2,"..."," Private industries ","Thousands of dollars",812389,813497,907820,1054292,1180081,1275347,1186668,1395411,1332151,1434453,1453486,1489322,1436491,1491371,1375655,1399461,1400892,1458823,1436152,1462413,1511168,1622043
 "22001","Acadia, LA",5,CAGDP2,3,"11","  Agriculture, forestry, fishing and hunting ","Thousands of dollars",39464,34461,52122,47847,33078,35452,40634,114152,89789,78108,47936,(D),71309,65641,7700,18235,49059,38089,23687,78880,39936,31889
 "22001","Acadia, LA",5,CAGDP2,6,"21","  Mining, quarrying, and oil and gas extraction ","Thousands of dollars",199268,150938,175209,226484,210565,257527,267771,276407,191306,154873,162905,145985,138386,137357,63631,52317,64006,71954,59629,26512,32089,44778
 "22001","Acadia, LA",5,CAGDP2,10,"22","  Utilities ","Thousands of dollars",1576,17325,57844,76453,85663,49364,36020,39019,46754,117131,109699,(D),145606,184881,243979,243009,195757,176539,215818,237291,228023,281971
 "22001","Acadia, LA",5,CAGDP2,11,"23","  Construction ","Thousands of dollars",50207,51331,55119,66587,57992,77706,97109,111002,112373,118976,130731,119799,112702,106335,115325,124131,131447,133500,113641,107613,130437,122072
 "22001","Acadia, LA",5,CAGDP2,12,"31-33","  Manufacturing ","Thousands of dollars",69317,87900,79089,103131,119528,142223,137561,132876,136214,157994,160972,165801,131876,119299,104470,110884,126774,126809,123160,111658,118257,134806
 "22001","Acadia, LA",5,CAGDP2,13,"321,327-339","   Durable goods manufacturing ","Thousands of dollars",30122,33500,31173,29449,27332,29920,31177,31254,26745,30727,36761,49134,48818,47326,32677,25611,31940,39166,39321,31218,35754,43429
 "22001","Acadia, LA",5,CAGDP2,25,"311-316,322-326","   Nondurable goods manufacturing ","Thousands of dollars",39195,54400,47916,73682,92197,112303,106384,101622,109469,127267,124211,116667,83057,71973,71794,85273,94834,87642,83840,80440,82502,91377
 "22001","Acadia, LA",5,CAGDP2,34,"42","  Wholesale trade ","Thousands of dollars",38487,38535,40654,46925,51210,51817,55925,55003,52484,55116,55931,54452,59415,62912,64096,61945,80935,86219,83541,78665,83694,87601
 "22001","Acadia, LA",5,CAGDP2,35,"44-45","  Retail trade ","Thousands of dollars",72678,79457,83180,84611,89462,106421,108756,113821,113268,115741,115298,117941,124252,125476,126653,132214,132129,129361,137731,156641,172012,179121
 "22001","Acadia, LA",5,CAGDP2,36,"48-49","  Transportation and warehousing ","Thousands of dollars",30291,25896,28403,32381,43183,63934,77175,85783,59394,72174,61333,66536,74863,76325,67789,54308,48206,51941,58097,57321,64634,74138
 "22001","Acadia, LA",5,CAGDP2,45,"51","  Information ","Thousands of dollars",12240,14727,13924,16396,17550,16374,15913,14975,17126,16413,15388,14427,15391,14440,14443,13018,12421,11357,12499,11503,11581,11818
 "22001","Acadia, LA",5,CAGDP2,50,"52,53","  Finance, insurance, real estate, rental, and leasing ","Thousands of dollars",157852,166652,166859,175284,270830,266316,116456,193382,242890,262571,305434,255142,241798,269417,243264,263195,241461,299524,268073,269821,294009,288087
 "22001","Acadia, LA",5,CAGDP2,51,"52","   Finance and insurance ","Thousands of dollars",40729,50656,47374,49407,134148,113619,57202,69195,48318,42727,39939,41175,32171,38747,43657,49419,53487,57302,53411,54603,53253,53640
 "22001","Acadia, LA",5,CAGDP2,56,"53","   Real estate and rental and leasing ","Thousands of dollars",117122,115996,119486,125877,136681,152696,59253,124187,194572,219844,265495,213967,209627,230670,199607,213776,187973,242222,214662,215218,240756,234446
 "22001","Acadia, LA",5,CAGDP2,59,"54,55,56","  Professional and business services ","Thousands of dollars",31476,34375,39067,48467,62795,59659,69018,84772,78336,81711,84678,95631,100287,104494,102312,92828,88255,92839,93416,83329,82746,91891
 "22001","Acadia, LA",5,CAGDP2,60,"54","   Professional, scientific, and technical services ","Thousands of dollars",6518,6573,10638,19202,20708,21652,26599,40172,37054,40066,43090,52534,55771,56200,52519,46363,44679,46889,45529,38731,39269,43032
 "22001","Acadia, LA",5,CAGDP2,64,"55","   Management of companies and enterprises ","Thousands of dollars",8941,10493,10679,9603,9648,9502,13431,15178,14645,16206,14818,14811,18077,16359,17249,13755,13054,13302,13600,13992,15485,16545
 "22001","Acadia, LA",5,CAGDP2,65,"56","   Administrative and support and waste management and remediation services ","Thousands of dollars",16018,17310,17750,19662,32438,28505,28988,29422,26637,25440,26770,28285,26439,31935,32544,32709,30522,32648,34288,30605,27992,32314
 "22001","Acadia, LA",5,CAGDP2,68,"61,62","  Educational services, health care, and social assistance ","Thousands of dollars",64020,63586,66186,73889,75535,82162,93500,100628,112947,118576,117768,(D),123022,124859,119500,133427,133156,143205,151463,156443,161297,168539
 "22001","Acadia, LA",5,CAGDP2,69,"61","   Educational services ","Thousands of dollars",7536,8077,8710,9441,9061,9250,(D),(D),(D),(D),(D),(D),18075,18615,18675,21078,21795,23012,24684,23650,25484,26731
 "22001","Acadia, LA",5,CAGDP2,70,"62","   Health care and social assistance ","Thousands of dollars",56485,55509,57477,64448,66474,72911,(D),(D),(D),(D),(D),101867,104948,106244,100825,112349,111360,120193,126779,132793,135813,141808
 "22001","Acadia, LA",5,CAGDP2,75,"71,72","  Arts, entertainment, recreation, accommodation, and food services ","Thousands of dollars",16576,16859,18067,21604,26173,29618,31049,32885,35457,37838,39610,42705,42564,38124,38669,39283,40760,40977,41170,37892,46373,51939
 "22001","Acadia, LA",5,CAGDP2,76,"71","   Arts, entertainment, and recreation ","Thousands of dollars",1534,3230,3527,4556,4779,5145,5246,6659,6772,7566,8605,10172,9271,8481,8013,7117,6992,7259,7075,6316,8748,9817
 "22001","Acadia, LA",5,CAGDP2,79,"72","   Accommodation and food services ","Thousands of dollars",15042,13629,14540,17048,21394,24473,25803,26226,28685,30272,31005,32533,33292,29643,30656,32166,33769,33718,34094,31577,37624,42122
 "22001","Acadia, LA",5,CAGDP2,82,"81","  Other services (except government and government enterprises) ","Thousands of dollars",28937,31454,32095,34234,36518,36774,39782,40706,43814,47231,45802,50957,55020,61810,63825,60668,56526,56511,54225,48844,46081,53393
 "22001","Acadia, LA",5,CAGDP2,83,"92","Government and government enterprises ","Thousands of dollars",117842,124527,138560,137626,144234,155348,150237,153376,170276,179854,177572,173616,175021,174471,175410,176519,178432,183478,184322,186704,188270,210309
 "22001","Acadia, LA",5,CAGDP2,87,"11,21","Natural resources and mining ","Thousands of dollars",238732,185400,227331,274331,243643,292979,308405,390559,281095,232981,210841,(D),209695,202998,71331,70552,113065,110042,83316,105392,72026,76667
 "22001","Acadia, LA",5,CAGDP2,88,"42,44-45","Trade ","Thousands of dollars",111165,117992,123833,131535,140672,158238,164681,168824,165752,170857,171229,172393,183667,188388,190748,194159,213065,215580,221273,235306,255706,266723
 "22001","Acadia, LA",5,CAGDP2,89,"22,48-49","Transportation and utilities ","Thousands of dollars",31866,43221,86247,108834,128846,113298,113195,124801,106148,189305,171032,(D),220469,261206,311767,297318,243963,228480,273916,294612,292657,356109
 "22001","Acadia, LA",5,CAGDP2,90,"31-33,51","Manufacturing and information ","Thousands of dollars",81556,102628,93013,119526,137078,158597,153473,147850,153340,174407,176360,180228,147267,133739,118913,123901,139195,138166,135659,123161,129838,146624
 "22001","Acadia, LA",5,CAGDP2,91,"...","Private goods-producing industries 2/","Thousands of dollars",358255,324631,361539,444049,421163,512909,543074,634437,529681,509950,502544,(D),454273,428632,291127,305566,371286,370351,320118,324663,320719,333545
 "22001","Acadia, LA",5,CAGDP2,92,"...","Private services-providing industries 3/","Thousands of dollars",454133,488866,546281,610243,758917,762438,643594,760974,802470,924502,950942,(D),982217,1062739,1084528,1093895,1029606,1088472,1116034,1137750,1190449,1288498
 "22003","Allen, LA",5,CAGDP2,1,"...","All industry total ","Thousands of dollars",450194,448912,484296,563427,663970,672919,562152,593475,633050,611328,640242,662563,651575,651177,627217,670364,703014,741510,739554,759593,845406,898617
 "22003","Allen, LA",5,CAGDP2,2,"..."," Private industries ","Thousands of dollars",257852,252652,272260,337545,437215,442998,347961,371360,392452,356927,376246,394926,379503,373519,347364,386258,404839,422987,426855,471867,550149,583512
 "22003","Allen, LA",5,CAGDP2,3,"11","  Agriculture, forestry, fishing and hunting ","Thousands of dollars",(D),(D),(D),15031,(D),(D),(D),12375,12934,11430,5169,12276,(D),17515,7894,18379,15031,13181,7351,15405,11988,14869
 "22003","Allen, LA",5,CAGDP2,6,"21","  Mining, quarrying, and oil and gas extraction ","Thousands of dollars",41084,23459,29520,65776,89982,73178,50519,56607,38373,38083,32793,31249,27147,21317,10221,8732,8120,8820,21366,15549,16643,27862
 "22003","Allen, LA",5,CAGDP2,10,"22","  Utilities ","Thousands of dollars",(D),(D),(D),1324,(D),(D),(D),1954,2286,2369,2351,2176,(D),1840,1695,1925,1892,2043,2149,2464,2208,1912
 "22003","Allen, LA",5,CAGDP2,11,"23","  Construction ","Thousands of dollars",11219,10684,11246,10356,68521,77725,37978,13499,60016,12121,6517,5276,7435,8437,8197,7926,9627,15238,13895,13509,14224,13692
 "22003","Allen, LA",5,CAGDP2,12,"31-33","  Manufacturing ","Thousands of dollars",26414,31668,41198,63513,75971,78622,65321,58071,44538,49946,85710,86342,71932,74927,71077,82515,90230,98145,81867,108575,202106,211748
 "22003","Allen, LA",5,CAGDP2,13,"321,327-339","   Durable goods manufacturing ","Thousands of dollars",(D),(D),(D),(D),(D),(D),(D),(D),(D),(D),(D),(D),67075,71098,69058,(D),(D),(D),71622,97769,190975,199339
 "22003","Allen, LA",5,CAGDP2,25,"311-316,322-326","   Nondurable goods manufacturing ","Thousands of dollars",(D),(D),(D),(D),(D),(D),(D),(D),(D),(D),(D),(D),4856,3829,2019,(D),(D),(D),10246,10806,11131,12408
 "22003","Allen, LA",5,CAGDP2,34,"42","  Wholesale trade ","Thousands of dollars",13211,9292,9428,10114,10286,10291,10370,8910,8034,8694,8289,7891,9189,9490,8746,8699,7716,7742,8700,9231,9644,10637
 "22003","Allen, LA",5,CAGDP2,35,"44-45","  Retail trade ","Thousands of dollars",24468,25840,26725,30933,33014,38260,38402,35182,33504,35278,37800,38611,41159,40905,40573,45176,48770,49540,48007,49023,54295,58333
 "22003","Allen, LA",5,CAGDP2,36,"48-49","  Transportation and warehousing ","Thousands of dollars",9473,9334,10361,12373,12585,15971,18802,19537,14784,17763,15860,17363,13776,13452,13838,13977,12990,13311,13300,13558,14321,17569
 "22003","Allen, LA",5,CAGDP2,45,"51","  Information ","Thousands of dollars",(D),5160,5380,5147,3720,3468,3499,3765,3327,2830,1608,2065,2938,4122,(D),1255,1170,999,1319,1819,2753,2807
 "22003","Allen, LA",5,CAGDP2,50,"52,53","  Finance, insurance, real estate, rental, and leasing ","Thousands of dollars",46935,48989,52720,54065,58796,62079,33028,66065,73866,73638,74876,80763,80315,80424,81417,90767,91818,104887,114115,126086,97085,89339
 "22003","Allen, LA",5,CAGDP2,51,"52","   Finance and insurance ","Thousands of dollars",9801,11827,12512,12114,11390,10718,10860,10857,10484,10398,9780,9072,7755,9821,10534,11392,13900,14756,14539,15641,14218,13608
 "22003","Allen, LA",5,CAGDP2,56,"53","   Real estate and rental and leasing ","Thousands of dollars",37134,37162,40208,41951,47405,51362,22168,55208,63382,63240,65095,71691,72559,70603,70882,79375,77917,90130,99575,110445,82867,75732
 "22003","Allen, LA",5,CAGDP2,59,"54,55,56","  Professional and business services ","Thousands of dollars",18443,18773,19248,18791,20378,21334,23879,34396,37248,37775,39305,44699,34978,33646,36075,37098,37460,33353,37046,40051,42576,43500
 "22003","Allen, LA",5,CAGDP2,60,"54","   Professional, scientific, and technical services ","Thousands of dollars",(D),(D),(D),(D),5137,6086,6858,9707,9340,10519,11327,12712,(D),(D),(D),15573,(D),(D),(D),(D),(D),(D)
 "22003","Allen, LA",5,CAGDP2,64,"55","   Management of companies and enterprises ","Thousands of dollars",0,0,0,0,(D),(D),(D),(D),(D),(D),(D),(D),(D),(D),(D),0,(D),(D),(D),(D),(D),(D)
 "22003","Allen, LA",5,CAGDP2,65,"56","   Administrative and support and waste management and remediation services ","Thousands of dollars",(D),(D),(D),(D),(D),(D),(D),(D),(D),(D),(D),(D),20968,19399,21121,21525,21627,21651,25260,28446,24850,26803
 "22003","Allen, LA",5,CAGDP2,68,"61,62","  Educational services, health care, and social assistance ","Thousands of dollars",20867,23244,24563,25122,26968,28431,30888,34630,35708,38610,39196,38602,39358,37535,34251,34568,40748,41935,46642,48074,52072,56661
 "22003","Allen, LA",5,CAGDP2,69,"61","   Educational services ","Thousands of dollars",(D),(D),(D),(D),(D),(D),(D),(D),(D),(D),(D),(D),(D),(D),(D),(D),1954,2284,2652,2661,2913,3071
 "22003","Allen, LA",5,CAGDP2,70,"62","   Health care and social assistance ","Thousands of dollars",(D),(D),(D),(D),(D),(D),(D),(D),(D),(D),(D),(D),(D),(D),(D),(D),38794,39650,43990,45413,49159,53590
 "22003","Allen, LA",5,CAGDP2,75,"71,72","  Arts, entertainment, recreation, accommodation, and food services ","Thousands of dollars",9472,9972,10167,10645,11351,10675,11000,10407,11636,13262,11638,11335,11736,12543,13513,17408,21546,15840,12769,10553,12761,14516
 "22003","Allen, LA",5,CAGDP2,76,"71","   Arts, entertainment, and recreation ","Thousands of dollars",500,519,735,905,931,139,157,133,181,479,684,944,941,892,973,(D),(D),(D),448,(D),(D),(D)
 "22003","Allen, LA",5,CAGDP2,79,"72","   Accommodation and food services ","Thousands of dollars",8971,9453,9432,9740,10420,10536,10843,10273,11455,12783,10954,10390,10795,11651,12539,(D),(D),(D),12321,(D),(D),(D)
 "22003","Allen, LA",5,CAGDP2,82,"81","  Other services (except government and government enterprises) ","Thousands of dollars",18087,20846,14236,14354,14259,15627,(D),15963,16198,15129,15134,16280,16578,17367,(D),17832,17721,17953,18329,17971,17473,20066
 "22003","Allen, LA",5,CAGDP2,83,"92","Government and government enterprises ","Thousands of dollars",192342,196261,212036,225882,226756,229921,214191,222115,240598,254401,263996,267637,272072,277657,279853,284106,298175,318523,312699,287726,295257,315104
 "22003","Allen, LA",5,CAGDP2,87,"11,21","Natural resources and mining ","Thousands of dollars",(D),(D),(D),80808,(D),(D),(D),68981,51307,49513,37962,43525,(D),38831,18115,27111,23151,22001,28717,30954,28632,42731
 "22003","Allen, LA",5,CAGDP2,88,"42,44-45","Trade ","Thousands of dollars",37679,35133,36153,41048,43299,48551,48772,44092,41538,43971,46089,46503,50348,50395,49319,53875,56486,57283,56707,58254,63939,68970
 "22003","Allen, LA",5,CAGDP2,89,"22,48-49","Transportation and utilities ","Thousands of dollars",(D),(D),(D),13696,(D),(D),(D),21491,17070,20133,18211,19539,(D),15292,15533,15902,14882,15354,15449,16022,16529,19481
 "22003","Allen, LA",5,CAGDP2,90,"31-33,51","Manufacturing and information ","Thousands of dollars",(D),36827,46578,68660,79691,82090,68820,61836,47865,52775,87318,88407,74870,79049,(D),83771,91400,99144,83186,110394,204858,214555
 "22003","Allen, LA",5,CAGDP2,91,"...","Private goods-producing industries 2/","Thousands of dollars",(D),(D),(D),154677,(D),(D),(D),140551,155861,111580,130189,135143,(D),122196,97389,117552,123008,135384,124480,153037,244961,268172
 "22003","Allen, LA",5,CAGDP2,92,"...","Private services-providing industries 3/","Thousands of dollars",(D),(D),(D),182868,(D),(D),(D),230809,236591,245348,246057,259783,(D),251324,249975,268706,281830,287604,302375,318830,305188,315341
 "22005","Ascension, LA",5,CAGDP2,1,"...","All industry total ","Thousands of dollars",2449784,3275416,3600788,5333690,7294401,6159162,4786761,4579626,5099006,6538234,9346380,10539423,8476945,8107794,7849929,7600986,8222868,9146913,9350580,8333455,9322480,10845982
 "22005","Ascension, LA",5,CAGDP2,2,"..."," Private industries ","Thousands of dollars",2275429,3103427,3413442,5130137,7068522,5915366,4551180,4335867,4810481,6215778,9012284,10213520,8121540,7743362,7476501,7208092,7826323,8731664,8920177,7882291,8862893,10361856
 "22005","Ascension, LA",5,CAGDP2,3,"11","  Agriculture, forestry, fishing and hunting ","Thousands of dollars",1643,1199,1693,1180,1066,2415,(D),(D),(D),4270,6192,5546,(D),150,611,(D),(D),(D),333,(D),4072,680
 "22005","Ascension, LA",5,CAGDP2,6,"21","  Mining, quarrying, and oil and gas extraction ","Thousands of dollars",11688,14268,17469,34012,25280,35378,37165,37862,33911,36135,30115,21935,25767,13159,8023,8292,8300,8525,13056,8430,10209,18337
 "22005","Ascension, LA",5,CAGDP2,10,"22","  Utilities ","Thousands of dollars",29444,24787,30441,28770,48911,52245,(D),(D),(D),76927,73805,60207,(D),71494,80971,(D),(D),(D),95395,(D),90383,69567
 "22005","Ascension, LA",5,CAGDP2,11,"23","  Construction ","Thousands of dollars",269472,245947,221478,219686,271876,306479,427375,422603,393272,362887,417711,313633,448190,580533,839868,836931,935992,903421,934501,931920,1124669,1495113
 "22005","Ascension, LA",5,CAGDP2,12,"31-33","  Manufacturing ","Thousands of dollars",1014467,1760831,2015851,3639816,5354185,3921586,2501364,2088028,2446018,3686446,6367959,7450210,5043400,4364994,3715930,3300985,3829057,4766827,4574161,3579797,4036437,4772912
 "22005","Ascension, LA",5,CAGDP2,13,"321,327-339","   Durable goods manufacturing ","Thousands of dollars",64144,56655,60863,63945,74191,89251,86901,96281,97019,94612,127009,158016,146230,267842,275438,203170,182247,192518,203774,171791,151918,174492
 "22005","Ascension, LA",5,CAGDP2,25,"311-316,322-326","   Nondurable goods manufacturing ","Thousands of dollars",950323,1704175,1954987,3575871,5279994,3832335,2414463,1991747,2349000,3591834,6240950,7292194,4897171,4097152,3440493,3097815,3646810,4574310,4370386,3408006,3884519,4598419
 "22005","Ascension, LA",5,CAGDP2,34,"42","  Wholesale trade ","Thousands of dollars",89354,104648,118217,143243,144254,167020,193732,218857,218309,227443,246275,269417,260304,251024,252972,245307,245956,257230,291527,286010,305832,339175
 "22005","Ascension, LA",5,CAGDP2,35,"44-45","  Retail trade ","Thousands of dollars",152681,165231,179818,188296,218295,265452,282979,288798,284944,289861,291457,302350,355614,376626,386363,437431,490906,492219,509142,532423,602750,640811
 "22005","Ascension, LA",5,CAGDP2,36,"48-49","  Transportation and warehousing ","Thousands of dollars",95653,102431,103160,106004,122201,131884,142214,158695,147892,165276,178697,192343,232380,241896,231542,231239,222287,233242,242025,223475,262619,296763
 "22005","Ascension, LA",5,CAGDP2,45,"51","  Information ","Thousands of dollars",45619,54432,60581,78270,84538,83999,77130,84440,91526,106221,114656,141244,152124,146188,169415,(D),(D),(D),169757,173508,198322,198080
 "22005","Ascension, LA",5,CAGDP2,50,"52,53","  Finance, insurance, real estate, rental, and leasing ","Thousands of dollars",276758,305270,330011,347613,404546,451170,310792,386018,503847,598701,638264,753365,768097,880146,854065,1002547,954686,924926,1151903,1226005,1281870,1436906
 "22005","Ascension, LA",5,CAGDP2,51,"52","   Finance and insurance ","Thousands of dollars",49904,55651,60388,60999,73415,73698,77617,73396,70447,67324,64718,69441,64182,77245,86700,99571,101757,105845,99600,109081,119837,114981
 "22005","Ascension, LA",5,CAGDP2,56,"53","   Real estate and rental and leasing ","Thousands of dollars",226854,249619,269623,286615,331131,377472,233175,312623,433401,531377,573547,683924,703916,802901,767366,902976,852928,819081,1052303,1116924,1162033,1321925
 "22005","Ascension, LA",5,CAGDP2,59,"54,55,56","  Professional and business services ","Thousands of dollars",109445,120840,124116,121726,151871,221994,225314,251255,285807,296228,267979,291789,312955,351689,431396,362082,307799,324678,345209,273903,312455,358533
 "22005","Ascension, LA",5,CAGDP2,60,"54","   Professional, scientific, and technical services ","Thousands of dollars",47855,54388,60090,63343,76291,105575,104674,104507,94904,108579,98503,120360,126178,140728,140982,126715,132947,130619,151669,141367,168142,182248
 "22005","Ascension, LA",5,CAGDP2,64,"55","   Management of companies and enterprises ","Thousands of dollars",8724,9727,9816,10808,10366,15909,20159,22515,24840,27962,27300,25755,21084,20829,23140,27095,26924,20849,17036,13726,14993,16574
 "22005","Ascension, LA",5,CAGDP2,65,"56","   Administrative and support and waste management and remediation services ","Thousands of dollars",52867,56726,54209,47574,65213,100509,100482,124233,166064,159688,142176,145673,165693,190132,267274,208272,147928,173210,176504,118809,129321,159712
 "22005","Ascension, LA",5,CAGDP2,68,"61,62","  Educational services, health care, and social assistance ","Thousands of dollars",65923,74487,82637,87179,92746,102520,118523,137799,153631,166073,174537,189666,194886,197864,207637,216345,226271,227580,239396,237003,259121,289350
 "22005","Ascension, LA",5,CAGDP2,69,"61","   Educational services ","Thousands of dollars",8665,10504,11400,12491,12216,13053,14481,15497,17774,19511,13543,14387,15509,15040,15510,17544,17740,19595,22769,22105,24322,28024
 "22005","Ascension, LA",5,CAGDP2,70,"62","   Health care and social assistance ","Thousands of dollars",57258,63983,71238,74688,80530,89468,104042,122302,135857,146563,160994,175279,179377,182824,192127,198801,208531,207985,216627,214898,234799,261326
 "22005","Ascension, LA",5,CAGDP2,75,"71,72","  Arts, entertainment, recreation, accommodation, and food services ","Thousands of dollars",53450,61394,62249,66579,78606,86844,(D),(D),(D),99193,99789,119590,(D),152084,160172,164621,170985,175173,168943,(D),178534,197443
 "22005","Ascension, LA",5,CAGDP2,76,"71","   Arts, entertainment, and recreation ","Thousands of dollars",5338,6994,7077,7571,7841,8658,(D),(D),(D),13110,13919,16892,(D),17556,17299,19247,19872,21217,20769,(D),19112,22276
 "22005","Ascension, LA",5,CAGDP2,79,"72","   Accommodation and food services ","Thousands of dollars",48112,54400,55172,59008,70765,78186,75743,77273,86185,86083,85870,102698,119731,134528,142873,145374,151113,153956,148174,130454,159422,175168
 "22005","Ascension, LA",5,CAGDP2,82,"81","  Other services (except government and government enterprises) ","Thousands of dollars",59831,67663,65721,67764,70148,86378,89507,92867,96947,100117,104847,102227,105286,115517,137536,146965,177786,182758,184827,169851,195620,248187
 "22005","Ascension, LA",5,CAGDP2,83,"92","Government and government enterprises ","Thousands of dollars",174356,171990,187347,203553,225879,243796,235581,243759,288524,322455,334097,325903,355406,364432,373428,392894,396545,415249,430403,451165,459587,484126
 "22005","Ascension, LA",5,CAGDP2,87,"11,21","Natural resources and mining ","Thousands of dollars",13331,15466,19162,35192,26346,37794,(D),(D),(D),40404,36307,27480,(D),13308,8634,(D),(D),(D),13390,(D),14281,19016
 "22005","Ascension, LA",5,CAGDP2,88,"42,44-45","Trade ","Thousands of dollars",242035,269878,298035,331539,362549,432472,476711,507655,503253,517304,537733,571767,615919,627650,639335,682739,736862,749450,800669,818433,908582,979986
 "22005","Ascension, LA",5,CAGDP2,89,"22,48-49","Transportation and utilities ","Thousands of dollars",125097,127217,133601,134773,171112,184130,(D),(D),(D),242203,252502,252550,(D),313389,312513,(D),(D),(D),337421,(D),353002,366330
 "22005","Ascension, LA",5,CAGDP2,90,"31-33,51","Manufacturing and information ","Thousands of dollars",1060086,1815263,2076431,3718086,5438723,4005585,2578495,2172468,2537545,3792667,6482615,7591454,5195524,4511182,3885345,(D),(D),(D),4743918,3753305,4234759,4970992
 "22005","Ascension, LA",5,CAGDP2,91,"...","Private goods-producing industries 2/","Thousands of dollars",1297271,2022244,2256491,3894693,5652407,4265859,(D),(D),(D),4089737,6821977,7791323,(D),4958835,4564433,(D),(D),(D),5522052,(D),5175386,6287041
 "22005","Ascension, LA",5,CAGDP2,92,"...","Private services-providing industries 3/","Thousands of dollars",978158,1081182,1156951,1235444,1416115,1649507,(D),(D),(D),2126042,2190307,2422197,(D),2784527,2912069,(D),(D),(D),3398126,(D),3687507,4074816
 "22007","Assumption, LA",5,CAGDP2,1,"...","All industry total ","Thousands of dollars",564708,536395,552522,568985,490464,545480,528834,542209,521048,553983,564802,586508,603668,523864,462057,439425,470291,497583,527366,495216,549078,554955
 "22007","Assumption, LA",5,CAGDP2,2,"..."," Private industries ","Thousands of dollars",518866,488190,500350,512307,437868,490354,476130,486355,459193,490181,501960,523876,537565,457595,394184,371707,404199,433267,463948,428902,483189,488929
 "22007","Assumption, LA",5,CAGDP2,3,"11","  Agriculture, forestry, fishing and hunting ","Thousands of dollars",2781,2785,6050,1787,(D),10178,7154,7100,8317,16118,22230,16060,17623,1694,2270,1818,2319,2910,12055,13447,26595,9138
 "22007","Assumption, LA",5,CAGDP2,6,"21","  Mining, quarrying, and oil and gas extraction ","Thousands of dollars",234358,168840,162049,187223,154291,141308,122944,125323,67800,51892,45757,44543,36105,39287,25422,18787,14167,15595,11475,7222,9140,9243
 "22007","Assumption, LA",5,CAGDP2,10,"22","  Utilities ","Thousands of dollars",2932,2740,2725,3114,(D),3182,2838,3763,3443,3545,3801,3978,3775,4006,3710,4137,4208,4405,4494,5560,6170,5464
 "22007","Assumption, LA",5,CAGDP2,11,"23","  Construction ","Thousands of dollars",16144,11097,12000,12242,10669,18881,16740,15761,17879,18190,16638,15007,19666,35464,37697,29710,35982,40248,54166,44035,47336,41537
 "22007","Assumption, LA",5,CAGDP2,12,"31-33","  Manufacturing ","Thousands of dollars",134483,164493,174348,155923,104031,128045,166546,154384,137972,147520,160574,168734,140358,90819,64752,65715,71641,77894,85306,78016,89470,110353
 "22007","Assumption, LA",5,CAGDP2,13,"321,327-339","   Durable goods manufacturing ","Thousands of dollars",(D),(D),(D),(D),(D),(D),(D),(D),93868,(D),97711,(D),95944,53506,23461,15012,14320,21088,24971,16510,15907,33378
 "22007","Assumption, LA",5,CAGDP2,25,"311-316,322-326","   Nondurable goods manufacturing ","Thousands of dollars",(D),(D),(D),(D),(D),(D),(D),(D),44104,(D),62863,(D),44414,37313,41291,50703,57321,56806,60335,61507,73563,76975
 "22007","Assumption, LA",5,CAGDP2,34,"42","  Wholesale trade ","Thousands of dollars",(D),(D),(D),(D),(D),(D),(D),(D),(D),(D),(D),(D),(D),(D),(D),(D),(D),(D),(D),(D),(D),(D)
 "22007","Assumption, LA",5,CAGDP2,35,"44-45","  Retail trade ","Thousands of dollars",20536,21505,22279,23343,22808,23496,24449,23571,25708,26851,27167,28069,29859,29211,28516,30147,32240,32079,33474,33714,38292,38648
 "22007","Assumption, LA",5,CAGDP2,36,"48-49","  Transportation and warehousing ","Thousands of dollars",16913,19428,22109,23021,28502,49402,53005,29441,39716,36300,58262,72189,104673,77357,31343,19308,51194,52043,45839,23399,30958,35024
 "22007","Assumption, LA",5,CAGDP2,45,"51","  Information ","Thousands of dollars",1751,1884,1909,1867,1919,(D),(D),(D),(D),(D),(D),(D),(D),(D),(D),(D),(D),(D),(D),(D),882,917
 "22007","Assumption, LA",5,CAGDP2,50,"52,53","  Finance, insurance, real estate, rental, and leasing ","Thousands of dollars",55876,59767,60762,63124,67630,66337,30354,63908,88962,111224,95691,111865,123439,112474,127404,130705,118165,130331,141861,157441,161897,157695
 "22007","Assumption, LA",5,CAGDP2,51,"52","   Finance and insurance ","Thousands of dollars",9410,10041,9869,11574,12421,12554,(D),12827,13542,13598,14957,16640,15651,18896,25236,23273,22582,20739,21755,24657,25777,24778
 "22007","Assumption, LA",5,CAGDP2,56,"53","   Real estate and rental and leasing ","Thousands of dollars",46466,49727,50893,51551,55209,53783,(D),51081,75420,97626,80734,95226,107788,93578,102167,107431,95582,109592,120106,132784,136121,132917
 "22007","Assumption, LA",5,CAGDP2,59,"54,55,56","  Professional and business services ","Thousands of dollars",(D),(D),(D),(D),8966,11830,11175,16264,20675,29083,24008,12751,9707,11858,15675,13495,14760,20187,17393,13667,15387,17885
 "22007","Assumption, LA",5,CAGDP2,60,"54","   Professional, scientific, and technical services ","Thousands of dollars",3934,4245,4140,6472,7384,8194,6584,6716,6200,6869,7741,8184,7727,8634,8823,(D),(D),(D),7837,7730,9256,9991
 "22007","Assumption, LA",5,CAGDP2,64,"55","   Management of companies and enterprises ","Thousands of dollars",(D),(D),(D),0,0,0,0,0,0,0,0,0,0,0,(D),(D),(D),(D),(D),(D),(D),(D)
 "22007","Assumption, LA",5,CAGDP2,65,"56","   Administrative and support and waste management and remediation services ","Thousands of dollars",(D),(D),(D),(D),1582,3636,4592,9548,14475,22213,16267,4567,1980,3224,(D),5177,7716,11807,(D),(D),(D),(D)
 "22007","Assumption, LA",5,CAGDP2,68,"61,62","  Educational services, health care, and social assistance ","Thousands of dollars",10993,12382,13741,15063,15415,17032,20489,24875,27086,27795,26854,26517,27004,28101,26708,(D),21392,21543,22117,21355,23970,27071
 "22007","Assumption, LA",5,CAGDP2,69,"61","   Educational services ","Thousands of dollars",2598,2795,3005,3319,3155,3283,3819,4369,5034,5571,5754,5917,6129,(D),(D),(D),(D),(D),(D),(D),(D),(D)
 "22007","Assumption, LA",5,CAGDP2,70,"62","   Health care and social assistance ","Thousands of dollars",8395,9587,10737,11744,12261,13750,16670,20506,22051,22224,21101,20600,20874,(D),(D),(D),(D),(D),(D),(D),(D),(D)
 "22007","Assumption, LA",5,CAGDP2,75,"71,72","  Arts, entertainment, recreation, accommodation, and food services ","Thousands of dollars",3467,4086,3452,3689,3711,4237,3965,3744,3786,3239,2809,2914,3261,3824,3392,3420,3865,3795,3763,3416,(D),(D)
 "22007","Assumption, LA",5,CAGDP2,76,"71","   Arts, entertainment, and recreation ","Thousands of dollars",2321,2718,1940,1939,1544,1880,1702,1800,1998,1547,1211,(D),1305,1296,784,751,725,779,(D),(D),(D),(D)
 "22007","Assumption, LA",5,CAGDP2,79,"72","   Accommodation and food services ","Thousands of dollars",1146,1368,1511,1751,2167,2358,2263,1944,1788,1692,1598,(D),1956,2529,2608,2669,3141,3015,(D),(D),(D),(D)
 "22007","Assumption, LA",5,CAGDP2,82,"81","  Other services (except government and government enterprises) ","Thousands of dollars",8527,9617,9853,10494,11237,(D),(D),(D),(D),12921,11899,(D),12084,(D),(D),(D),(D),(D),(D),(D),17163,18055
 "22007","Assumption, LA",5,CAGDP2,83,"92","Government and government enterprises ","Thousands of dollars",45843,48205,52172,56677,52596,55126,52704,55854,61855,63802,62842,62632,66103,66269,67873,67718,66091,64316,63419,66314,65889,66025
 "22007","Assumption, LA",5,CAGDP2,87,"11,21","Natural resources and mining ","Thousands of dollars",237139,171625,168099,189010,(D),151486,130099,132423,76117,68010,67988,60604,53728,40981,27693,20606,16486,18505,23530,20669,35735,18381
 "22007","Assumption, LA",5,CAGDP2,88,"42,44-45","Trade ","Thousands of dollars",(D),(D),(D),(D),(D),(D),(D),(D),(D),(D),(D),(D),(D),(D),(D),(D),(D),(D),(D),(D),(D),(D)
 "22007","Assumption, LA",5,CAGDP2,89,"22,48-49","Transportation and utilities ","Thousands of dollars",19845,22167,24834,26135,(D),52584,55844,33203,43159,39845,62063,76167,108448,81363,35052,23445,55402,56448,50333,28959,37128,40488
 "22007","Assumption, LA",5,CAGDP2,90,"31-33,51","Manufacturing and information ","Thousands of dollars",136234,166377,176257,157790,105950,(D),(D),(D),(D),(D),(D),(D),(D),(D),(D),(D),(D),(D),(D),(D),90353,111271
 "22007","Assumption, LA",5,CAGDP2,91,"...","Private goods-producing industries 2/","Thousands of dollars",387766,347215,354447,357175,(D),298412,313385,302567,231969,233720,245200,244344,213752,167263,130142,116031,124108,136647,163003,142720,172542,170271
 "22007","Assumption, LA",5,CAGDP2,92,"...","Private services-providing industries 3/","Thousands of dollars",131099,140975,145903,155132,(D),191943,162745,183788,227225,256461,256760,279531,323813,290332,264042,255677,280091,296620,300945,286182,310647,318658
 "22009","Avoyelles, LA",5,CAGDP2,1,"...","All industry total ","Thousands of dollars",522079,536294,570035,576959,619312,702257,664777,632325,727683,770967,867754,926930,932553,951254,852483,852005,911715,952107,959934,967374,1014116,1023814
 "22009","Avoyelles, LA",5,CAGDP2,2,"..."," Private industries ","Thousands of dollars",363898,378591,409723,411003,445484,515736,492874,461616,532884,575318,669145,726246,734882,750053,654179,655915,718879,759879,754894,770133,814322,809173
 "22009","Avoyelles, LA",5,CAGDP2,3,"11","  Agriculture, forestry, fishing and hunting ","Thousands of dollars",41107,28420,44032,22872,32624,41435,52748,16762,32971,51094,67283,84743,93518,92614,41956,47633,46937,56771,49460,58788,91464,68269
 "22009","Avoyelles, LA",5,CAGDP2,6,"21","  Mining, quarrying, and oil and gas extraction ","Thousands of dollars",9617,4874,4835,6626,7459,12050,11221,19041,26975,35765,84564,79688,68403,47370,19032,13270,17632,19307,15744,10887,13088,5135
 "22009","Avoyelles, LA",5,CAGDP2,10,"22","  Utilities ","Thousands of dollars",2562,3026,3076,3245,3304,3778,3586,4180,4410,4354,4175,3850,3704,4081,3806,3878,3863,4049,4200,5086,4804,4602
 "22009","Avoyelles, LA",5,CAGDP2,11,"23","  Construction ","Thousands of dollars",28282,29679,33064,32049,37484,72680,63969,40989,37539,46166,48605,57756,52236,55301,51223,51785,71437,77251,66700,62402,63933,71351
 "22009","Avoyelles, LA",5,CAGDP2,12,"31-33","  Manufacturing ","Thousands of dollars",13933,23862,24183,28296,29767,35751,35024,25460,24291,20332,22687,25405,18719,19322,19302,17613,19782,22505,19930,21552,23686,21021
 "22009","Avoyelles, LA",5,CAGDP2,13,"321,327-339","   Durable goods manufacturing ","Thousands of dollars",8101,9560,11210,12768,14960,16927,16606,13234,15409,15708,17877,21439,16168,17533,17301,16073,18087,20542,17608,18363,20540,17293
 "22009","Avoyelles, LA",5,CAGDP2,25,"311-316,322-326","   Nondurable goods manufacturing ","Thousands of dollars",5832,14302,12973,15528,14807,18825,18418,12226,8882,4624,4810,3966,2551,1790,2001,1539,1694,1963,2322,3188,3146,3728
 "22009","Avoyelles, LA",5,CAGDP2,34,"42","  Wholesale trade ","Thousands of dollars",11850,11473,11757,13404,13797,16467,18450,22005,26210,32718,40435,53051,53002,54546,52993,46595,47090,50418,56835,58762,73395,77734
 "22009","Avoyelles, LA",5,CAGDP2,35,"44-45","  Retail trade ","Thousands of dollars",58863,62108,62674,68848,71884,65282,67113,64986,72242,77335,76761,82666,90873,94284,91492,95880,96732,100472,102555,107513,115422,123561
 "22009","Avoyelles, LA",5,CAGDP2,36,"48-49","  Transportation and warehousing ","Thousands of dollars",6584,8135,7827,8960,9482,9220,9306,10089,9636,10301,11261,10644,13004,12858,11378,11729,13552,12113,10753,10066,13162,14939
 "22009","Avoyelles, LA",5,CAGDP2,45,"51","  Information ","Thousands of dollars",8847,10347,13155,17290,24511,26943,29386,27274,23939,18354,14455,23454,38718,39907,40814,29133,42375,45255,50824,47334,49543,50617
 "22009","Avoyelles, LA",5,CAGDP2,50,"52,53","  Finance, insurance, real estate, rental, and leasing ","Thousands of dollars",84115,88825,89215,88394,94366,100837,62477,82946,116587,117592,129252,134874,130481,152869,147782,160338,168530,175276,186364,206221,176237,169766
 "22009","Avoyelles, LA",5,CAGDP2,51,"52","   Finance and insurance ","Thousands of dollars",26697,30344,31097,29974,32782,32794,33349,33289,34119,33651,34279,33867,30621,36509,43117,48521,53246,53190,53612,57297,55054,54977
 "22009","Avoyelles, LA",5,CAGDP2,56,"53","   Real estate and rental and leasing ","Thousands of dollars",57418,58481,58118,58420,61584,68043,29128,49657,82467,83942,94972,101008,99860,116360,104665,111817,115284,122086,132752,148924,121183,114789
 "22009","Avoyelles, LA",5,CAGDP2,59,"54,55,56","  Professional and business services ","Thousands of dollars",17927,19257,20916,21769,22115,23374,27363,28733,27545,27718,34273,37196,37853,41554,39305,39499,40849,42406,39771,41308,44267,44423
 "22009","Avoyelles, LA",5,CAGDP2,60,"54","   Professional, scientific, and technical services ","Thousands of dollars",13019,13069,14747,16100,15462,15558,18911,22566,21946,21123,25631,26980,28422,31607,29479,25743,22970,22753,21872,23027,25833,28081
 "22009","Avoyelles, LA",5,CAGDP2,64,"55","   Management of companies and enterprises ","Thousands of dollars",857,1761,1700,1685,1943,1930,2155,2126,2376,3099,3138,3112,2850,3112,3297,2864,2679,3342,3040,3131,2791,4192
 "22009","Avoyelles, LA",5,CAGDP2,65,"56","   Administrative and support and waste management and remediation services ","Thousands of dollars",4051,4426,4468,3984,4711,5885,6298,4041,3223,3497,5504,7105,6581,6835,6529,10892,15200,16311,14859,15150,15643,12150
 "22009","Avoyelles, LA",5,CAGDP2,68,"61,62","  Educational services, health care, and social assistance ","Thousands of dollars",44655,49672,53927,55754,58301,65029,66973,73385,83044,86527,88432,88183,90033,89977,88777,92129,97407,97789,101776,94868,96379,102829
 "22009","Avoyelles, LA",5,CAGDP2,69,"61","   Educational services ","Thousands of dollars",240,256,287,(D),(D),(D),(D),(D),(D),(D),(D),(D),(D),(D),(D),(D),(D),(D),(D),1006,1283,1607
 "22009","Avoyelles, LA",5,CAGDP2,70,"62","   Health care and social assistance ","Thousands of dollars",44415,49417,53640,(D),(D),(D),(D),(D),(D),(D),(D),(D),(D),(D),(D),(D),(D),(D),(D),93862,95096,101222
 "22009","Avoyelles, LA",5,CAGDP2,75,"71,72","  Arts, entertainment, recreation, accommodation, and food services ","Thousands of dollars",13651,14541,16148,17432,14064,15455,17930,18537,19395,18020,18669,16990,16868,17855,17894,18492,20983,22972,20892,18659,22970,24165
 "22009","Avoyelles, LA",5,CAGDP2,76,"71","   Arts, entertainment, and recreation ","Thousands of dollars",(D),(D),7476,7827,3663,4477,5505,5701,5857,5200,4686,4691,4492,4591,4512,4292,4590,5114,4911,4673,6666,6612
 "22009","Avoyelles, LA",5,CAGDP2,79,"72","   Accommodation and food services ","Thousands of dollars",(D),(D),8672,9605,10401,10978,12426,12835,13538,12821,13983,12298,12376,13264,13383,14201,16392,17858,15981,13986,16304,17553
 "22009","Avoyelles, LA",5,CAGDP2,82,"81","  Other services (except government and government enterprises) ","Thousands of dollars",21905,24373,24914,26065,26326,27434,27328,27229,28101,29040,28294,27744,27472,27514,28425,27940,31712,33295,29090,26687,25972,30761
 "22009","Avoyelles, LA",5,CAGDP2,83,"92","Government and government enterprises ","Thousands of dollars",158181,157703,160312,165955,173828,186521,171903,170710,194799,195650,198609,200684,197671,201200,198304,196089,192836,192228,205039,197241,199794,214641
 "22009","Avoyelles, LA",5,CAGDP2,87,"11,21","Natural resources and mining ","Thousands of dollars",50723,33294,48867,29498,40084,53485,63969,35803,59946,86860,151847,164431,161921,139984,60988,60903,64568,76078,65204,69675,104553,73404
 "22009","Avoyelles, LA",5,CAGDP2,88,"42,44-45","Trade ","Thousands of dollars",70713,73580,74431,82252,85681,81749,85563,86991,98452,110053,117195,135717,143875,148830,144485,142475,143821,150890,159391,166275,188817,201295
 "22009","Avoyelles, LA",5,CAGDP2,89,"22,48-49","Transportation and utilities ","Thousands of dollars",9146,11161,10903,12205,12786,12998,12892,14269,14046,14655,15436,14494,16708,16939,15184,15607,17415,16162,14953,15152,17966,19541
 "22009","Avoyelles, LA",5,CAGDP2,90,"31-33,51","Manufacturing and information ","Thousands of dollars",22780,34209,37337,45586,54278,62694,64410,52734,48230,38686,37142,48859,57437,59230,60116,46746,62157,67759,70754,68886,73229,71638
 "22009","Avoyelles, LA",5,CAGDP2,91,"...","Private goods-producing industries 2/","Thousands of dollars",92938,86835,106114,89843,107334,161916,162962,102251,121776,153358,223139,247592,232875,214607,131513,130301,155787,175834,151834,153629,192171,165775
 "22009","Avoyelles, LA",5,CAGDP2,92,"...","Private services-providing industries 3/","Thousands of dollars",270960,291756,303609,321160,338149,353820,329913,359364,411108,421960,446006,478654,502007,535446,522666,525615,563092,584044,603060,616504,622150,643397
 "22011","Beauregard, LA",5,CAGDP2,1,"...","All industry total ","Thousands of dollars",653629,690608,690032,751452,772349,825859,823720,942312,939120,966726,1034019,1035064,1018480,988217,952672,960873,995535,1148925,1193289,1281318,1260707,1402199
 "22011","Beauregard, LA",5,CAGDP2,2,"..."," Private industries ","Thousands of dollars",585952,620826,615443,674818,691605,741726,742262,860585,848654,870736,935111,934189,915005,880344,842930,851957,883488,1033843,1076268,1160158,1146543,1268694
 "22011","Beauregard, LA",5,CAGDP2,3,"11","  Agriculture, forestry, fishing and hunting ","Thousands of dollars",31807,36493,29082,25883,20264,22108,23433,23246,21091,19949,20417,20600,25898,25273,26036,23042,25396,27649,28250,29004,27981,34682
 "22011","Beauregard, LA",5,CAGDP2,6,"21","  Mining, quarrying, and oil and gas extraction ","Thousands of dollars",91287,75023,78278,80056,77459,82424,100052,140621,100579,89179,166898,179810,135918,87446,39783,28329,31990,39786,30765,9142,23954,42924
 "22011","Beauregard, LA",5,CAGDP2,10,"22","  Utilities ","Thousands of dollars",17214,15381,1131,13549,13230,14509,13728,(D),11120,12675,12929,12566,14196,15641,14772,(D),(D),(D),(D),(D),(D),(D)
 "22011","Beauregard, LA",5,CAGDP2,11,"23","  Construction ","Thousands of dollars",28837,29398,33387,34229,31556,47840,50197,71829,75696,84136,61101,58407,60197,63515,49659,34522,29477,38768,48691,51375,64372,83471
 "22011","Beauregard, LA",5,CAGDP2,12,"31-33","  Manufacturing ","Thousands of dollars",154586,180108,169620,201006,206948,218469,235556,224115,246710,254848,252494,228425,227894,217417,230671,245218,275439,382622,391598,462966,432258,478186
 "22011","Beauregard, LA",5,CAGDP2,13,"321,327-339","   Durable goods manufacturing ","Thousands of dollars",12227,5750,5567,5688,5703,4691,4654,5883,4829,4646,5004,7633,9649,9150,8911,7938,7804,6942,6601,7738,9414,10746
 "22011","Beauregard, LA",5,CAGDP2,25,"311-316,322-326","   Nondurable goods manufacturing ","Thousands of dollars",142359,174358,164053,195318,201245,213779,230902,218231,241881,250202,247490,220792,218245,208267,221760,237280,267635,375680,384998,455228,422845,467440
 "22011","Beauregard, LA",5,CAGDP2,34,"42","  Wholesale trade ","Thousands of dollars",13852,13798,13503,14777,13947,14456,14121,14167,14305,(D),14157,15919,15456,(D),(D),(D),(D),(D),(D),(D),(D),(D)
 "22011","Beauregard, LA",5,CAGDP2,35,"44-45","  Retail trade ","Thousands of dollars",48803,51712,56860,61791,65678,66495,63196,61463,60648,65715,67980,66667,68902,68803,68948,73861,75713,75724,80965,85706,97425,102574
 "22011","Beauregard, LA",5,CAGDP2,36,"48-49","  Transportation and warehousing ","Thousands of dollars",16397,16265,17891,19379,20904,21397,22376,22590,(D),22512,(D),(D),(D),23930,22159,24497,24416,23303,21372,22469,28351,32360
 "22011","Beauregard, LA",5,CAGDP2,45,"51","  Information ","Thousands of dollars",4020,4090,3777,4416,4466,5049,5444,(D),(D),(D),(D),(D),(D),(D),(D),1930,1995,2486,2801,2907,3259,3452
 "22011","Beauregard, LA",5,CAGDP2,50,"52,53","  Finance, insurance, real estate, rental, and leasing ","Thousands of dollars",98812,108990,115311,118196,130588,136723,97457,159478,161678,163916,172674,174059,171726,181373,189050,206584,208445,227366,242998,271645,229432,221677
 "22011","Beauregard, LA",5,CAGDP2,51,"52","   Finance and insurance ","Thousands of dollars",42709,48436,51091,50955,52559,51606,56175,59323,61870,64589,64726,58154,54853,67522,75233,78989,82401,81811,82719,91647,89683,91761
 "22011","Beauregard, LA",5,CAGDP2,56,"53","   Real estate and rental and leasing ","Thousands of dollars",56103,60554,64220,67241,78029,85117,41282,100155,99808,99328,107948,115905,116873,113850,113817,127596,126044,145554,160278,179998,139749,129916
 "22011","Beauregard, LA",5,CAGDP2,59,"54,55,56","  Professional and business services ","Thousands of dollars",19191,20290,22299,23027,25157,23822,25368,28477,30929,31464,36824,46854,57069,58483,58324,53423,54961,57926,66725,67595,71827,84185
 "22011","Beauregard, LA",5,CAGDP2,60,"54","   Professional, scientific, and technical services ","Thousands of dollars",5946,(D),(D),(D),(D),(D),9250,10358,(D),(D),(D),(D),(D),(D),(D),(D),23720,24578,(D),(D),36893,45116
 "22011","Beauregard, LA",5,CAGDP2,64,"55","   Management of companies and enterprises ","Thousands of dollars",(D),(D),(D),(D),(D),(D),(D),(D),(D),(D),(D),(D),(D),(D),(D),(D),(D),(D),(D),(D),(D),(D)
 "22011","Beauregard, LA",5,CAGDP2,65,"56","   Administrative and support and waste management and remediation services ","Thousands of dollars",(D),(D),6530,6654,8823,6965,(D),(D),8497,7917,8815,13250,13645,13773,13808,14361,(D),(D),17072,17687,(D),(D)
 "22011","Beauregard, LA",5,CAGDP2,68,"61,62","  Educational services, health care, and social assistance ","Thousands of dollars",31964,36210,40517,43476,44834,49586,54306,60573,63290,67917,66676,63140,63861,67056,73391,77339,75285,78865,81370,78045,80625,86655
 "22011","Beauregard, LA",5,CAGDP2,69,"61","   Educational services ","Thousands of dollars",(D),(D),127,605,130,(D),(D),(D),274,482,472,598,593,934,995,917,598,461,(D),394,(D),603
 "22011","Beauregard, LA",5,CAGDP2,70,"62","   Health care and social assistance ","Thousands of dollars",(D),(D),40390,42870,44704,(D),(D),(D),63016,67435,66204,62542,63268,66122,72396,76422,74686,78404,(D),77651,(D),86052
 "22011","Beauregard, LA",5,CAGDP2,75,"71,72","  Arts, entertainment, recreation, accommodation, and food services ","Thousands of dollars",11178,13094,12761,12791,13811,14276,13321,12471,13653,15614,18376,20413,21363,23548,24802,24777,24075,22077,21914,21945,26622,30813
 "22011","Beauregard, LA",5,CAGDP2,76,"71","   Arts, entertainment, and recreation ","Thousands of dollars",511,590,652,694,1188,1431,1493,731,611,554,629,743,772,(D),(D),(D),(D),575,874,861,1260,(D)
 "22011","Beauregard, LA",5,CAGDP2,79,"72","   Accommodation and food services ","Thousands of dollars",10667,12504,12109,12097,12624,12845,11827,11740,13042,15060,17747,19671,20592,(D),(D),(D),(D),21502,21040,21084,25362,(D)
 "22011","Beauregard, LA",5,CAGDP2,82,"81","  Other services (except government and government enterprises) ","Thousands of dollars",18004,19975,21026,22244,22763,24571,23708,23786,24511,26082,25538,27408,27525,30109,31678,32825,29871,32457,31915,30490,29825,33959
 "22011","Beauregard, LA",5,CAGDP2,83,"92","Government and government enterprises ","Thousands of dollars",67677,69781,74589,76634,80744,84133,81458,81727,90466,95991,98907,100876,103475,107873,109742,108916,112048,115082,117021,121160,114163,133505
 "22011","Beauregard, LA",5,CAGDP2,87,"11,21","Natural resources and mining ","Thousands of dollars",123094,111516,107360,105938,97723,104532,123485,163867,121671,109128,187315,200410,161816,112719,65819,51372,57385,67434,59015,38146,51935,77606
 "22011","Beauregard, LA",5,CAGDP2,88,"42,44-45","Trade ","Thousands of dollars",62655,65510,70363,76568,79625,80951,77317,75631,74953,(D),82136,82586,84358,(D),(D),(D),(D),(D),(D),(D),(D),(D)
 "22011","Beauregard, LA",5,CAGDP2,89,"22,48-49","Transportation and utilities ","Thousands of dollars",33611,31646,19022,32928,34134,35906,36104,(D),(D),35187,(D),(D),(D),39571,36931,(D),(D),(D),(D),(D),(D),(D)
 "22011","Beauregard, LA",5,CAGDP2,90,"31-33,51","Manufacturing and information ","Thousands of dollars",158607,184198,173397,205422,211414,223519,241000,(D),(D),(D),(D),(D),(D),(D),(D),247148,277434,385108,394399,465873,435518,481638
 "22011","Beauregard, LA",5,CAGDP2,91,"...","Private goods-producing industries 2/","Thousands of dollars",306518,321022,310367,341173,336227,370841,409238,459811,444077,448111,500910,487242,449908,393651,346149,331112,362301,488824,499305,552486,548566,639264
 "22011","Beauregard, LA",5,CAGDP2,92,"...","Private services-providing industries 3/","Thousands of dollars",279435,299804,305076,333645,355378,370885,333024,400774,404577,422625,434202,446946,465097,486693,496782,520845,521186,545019,576963,607672,597977,629430
 "22013","Bienville, LA",5,CAGDP2,1,"...","All industry total ","Thousands of dollars",835478,584180,648390,626624,723151,857551,984791,1125820,898124,957896,959770,824671,700593,619569,479182,468584,549223,588736,525079,486456,762933,1002591
 "22013","Bienville, LA",5,CAGDP2,2,"..."," Private industries ","Thousands of dollars",805281,551604,612318,588515,683479,815711,943977,1084401,851582,903721,903940,770831,646964,563617,422049,408753,486148,519247,454589,416294,692060,936278
 "22013","Bienville, LA",5,CAGDP2,3,"11","  Agriculture, forestry, fishing and hunting ","Thousands of dollars",16907,21092,(D),30041,28819,23413,23092,17891,13401,13282,13273,11794,13306,14741,22181,13316,20840,21492,16341,13640,19664,34825
 "22013","Bienville, LA",5,CAGDP2,6,"21","  Mining, quarrying, and oil and gas extraction ","Thousands of dollars",611088,330854,393208,347108,434596,553197,696159,830919,544217,552689,557330,413809,298975,238158,102507,93838,145891,181451,127408,97723,359805,516972
 "22013","Bienville, LA",5,CAGDP2,10,"22","  Utilities ","Thousands of dollars",2356,2195,(D),2487,2702,3009,3016,3305,3339,3068,3017,2938,2989,2971,2585,3407,5101,5807,5818,6507,6623,3453
 "22013","Bienville, LA",5,CAGDP2,11,"23","  Construction ","Thousands of dollars",9454,7426,8414,11466,13388,6191,7067,7486,6442,15918,7797,7652,8499,8728,9807,7248,6504,7297,8319,7025,5917,45341
 "22013","Bienville, LA",5,CAGDP2,12,"31-33","  Manufacturing ","Thousands of dollars",42636,62105,60832,75542,71598,90737,92184,79097,112524,118241,120132,123845,109596,84745,93361,100563,118018,110191,96246,91818,95376,107503
 "22013","Bienville, LA",5,CAGDP2,13,"321,327-339","   Durable goods manufacturing ","Thousands of dollars",15735,19103,20529,22427,26687,27162,28413,22936,27694,(D),(D),(D),23838,17711,22641,19564,20143,22924,20206,16416,15805,21632
 "22013","Bienville, LA",5,CAGDP2,25,"311-316,322-326","   Nondurable goods manufacturing ","Thousands of dollars",26901,43002,40303,53115,44911,63575,63771,56160,84829,(D),(D),(D),85758,67034,70719,80999,97875,87267,76040,75402,79571,85871
 "22013","Bienville, LA",5,CAGDP2,34,"42","  Wholesale trade ","Thousands of dollars",22274,24871,(D),17719,15517,11567,10206,(D),13117,15200,16334,13754,9568,8189,7176,6247,4366,4227,5397,5425,6283,6554
 "22013","Bienville, LA",5,CAGDP2,35,"44-45","  Retail trade ","Thousands of dollars",12055,11905,12361,12655,13338,13211,13744,13640,15124,15937,15890,16073,16563,15698,15868,17073,19673,20741,21984,22977,22872,24794
 "22013","Bienville, LA",5,CAGDP2,36,"48-49","  Transportation and warehousing ","Thousands of dollars",11600,12692,13464,(D),(D),19918,24187,25529,20953,28093,30568,51306,60780,61723,45842,36273,31420,36059,38997,37514,41398,54372
 "22013","Bienville, LA",5,CAGDP2,45,"51","  Information ","Thousands of dollars",1026,793,370,(D),(D),(D),(D),(D),(D),(D),(D),(D),(D),(D),(D),(D),(D),457,472,451,(D),(D)
 "22013","Bienville, LA",5,CAGDP2,50,"52,53","  Finance, insurance, real estate, rental, and leasing ","Thousands of dollars",48531,46261,48803,46642,53485,57706,36512,56628,79887,91616,95547,92738,91247,92444,80311,86895,85356,80540,82471,88070,86500,89803
 "22013","Bienville, LA",5,CAGDP2,51,"52","   Finance and insurance ","Thousands of dollars",9697,10354,10851,10244,11489,11261,11549,12008,11844,11710,12098,11488,10585,13137,16077,18637,19530,18940,17415,17141,16402,16514
 "22013","Bienville, LA",5,CAGDP2,56,"53","   Real estate and rental and leasing ","Thousands of dollars",38834,35907,37951,36398,41996,46445,24963,44620,68043,79906,83449,81250,80662,79307,64233,68258,65827,61600,65056,70929,70098,73289
 "22013","Bienville, LA",5,CAGDP2,59,"54,55,56","  Professional and business services ","Thousands of dollars",4817,5516,6914,7368,9329,(D),(D),10479,12301,(D),11914,(D),(D),(D),(D),7159,9084,9392,7095,4915,(D),4644
 "22013","Bienville, LA",5,CAGDP2,60,"54","   Professional, scientific, and technical services ","Thousands of dollars",(D),(D),2482,3013,(D),(D),(D),3419,3065,3792,(D),(D),4032,(D),(D),(D),(D),(D),(D),(D),1514,1385
 "22013","Bienville, LA",5,CAGDP2,64,"55","   Management of companies and enterprises ","Thousands of dollars",(D),(D),0,(D),(D),(D),(D),(D),(D),(D),0,0,0,0,(D),(D),(D),(D),(D),(D),(D),(D)
 "22013","Bienville, LA",5,CAGDP2,65,"56","   Administrative and support and waste management and remediation services ","Thousands of dollars",(D),3461,4433,(D),5518,7784,10072,(D),(D),(D),(D),1859,(D),2312,(D),3298,5263,6116,4528,3390,(D),(D)
 "22013","Bienville, LA",5,CAGDP2,68,"61,62","  Educational services, health care, and social assistance ","Thousands of dollars",13204,15890,15681,11279,12535,12825,13470,15330,18370,19342,20085,19518,19657,19429,21301,24319,24787,25572,26229,24911,26486,29100
 "22013","Bienville, LA",5,CAGDP2,69,"61","   Educational services ","Thousands of dollars",773,827,867,831,817,860,1046,1172,1320,1481,1478,1528,1539,1566,1583,(D),(D),(D),(D),(D),(D),(D)
 "22013","Bienville, LA",5,CAGDP2,70,"62","   Health care and social assistance ","Thousands of dollars",12431,15063,14814,10448,11718,11965,12424,14157,17051,17861,18607,17990,18117,17863,19718,(D),(D),(D),(D),(D),(D),(D)
 "22013","Bienville, LA",5,CAGDP2,75,"71,72","  Arts, entertainment, recreation, accommodation, and food services ","Thousands of dollars",2913,2623,2417,2444,2610,2970,2742,2668,3007,3299,3459,4091,4706,5109,5342,5290,6060,6460,6304,5636,6556,7761
 "22013","Bienville, LA",5,CAGDP2,76,"71","   Arts, entertainment, and recreation ","Thousands of dollars",(D),286,136,21,34,14,0,0,0,0,0,20,77,177,144,217,(D),(D),(D),(D),(D),(D)
 "22013","Bienville, LA",5,CAGDP2,79,"72","   Accommodation and food services ","Thousands of dollars",(D),2336,2281,2423,2576,2956,2742,2668,3007,3299,3459,4071,4629,4932,5198,5072,(D),(D),(D),(D),(D),(D)
 "22013","Bienville, LA",5,CAGDP2,82,"81","  Other services (except government and government enterprises) ","Thousands of dollars",6418,7382,7101,7146,(D),7597,7705,(D),(D),8690,(D),6800,5202,4815,(D),(D),(D),9561,11506,9683,9393,(D)
 "22013","Bienville, LA",5,CAGDP2,83,"92","Government and government enterprises ","Thousands of dollars",30197,32576,36071,38109,39672,41840,40814,41419,46541,54175,55830,53840,53629,55951,57133,59831,63075,69489,70491,70163,70872,66314
 "22013","Bienville, LA",5,CAGDP2,87,"11,21","Natural resources and mining ","Thousands of dollars",627995,351946,(D),377149,463415,576610,719250,848810,557618,565971,570603,425604,312281,252899,124688,107154,166732,202942,143749,111363,379469,551797
 "22013","Bienville, LA",5,CAGDP2,88,"42,44-45","Trade ","Thousands of dollars",34329,36777,(D),30374,28855,24778,23949,(D),28240,31137,32224,29827,26131,23887,23044,23320,24039,24968,27381,28403,29155,31348
 "22013","Bienville, LA",5,CAGDP2,89,"22,48-49","Transportation and utilities ","Thousands of dollars",13957,14887,(D),(D),(D),22927,27203,28834,24291,31162,33585,54244,63769,64694,48427,39680,36521,41866,44815,44021,48021,57825
 "22013","Bienville, LA",5,CAGDP2,90,"31-33,51","Manufacturing and information ","Thousands of dollars",43663,62898,61202,(D),(D),(D),(D),(D),(D),(D),(D),(D),(D),(D),(D),(D),(D),110648,96718,92268,(D),(D)
 "22013","Bienville, LA",5,CAGDP2,91,"...","Private goods-producing industries 2/","Thousands of dollars",680085,421477,(D),464156,548401,673539,818501,935393,676583,700130,698532,557100,430375,346372,227856,214965,291253,320430,248315,210206,480762,704641
 "22013","Bienville, LA",5,CAGDP2,92,"...","Private services-providing industries 3/","Thousands of dollars",125196,130128,(D),124359,135078,142172,125475,149008,174999,203591,205408,213730,216589,217245,194193,193788,194895,198817,206274,206088,211298,231637
 "22015","Bossier, LA",5,CAGDP2,1,"...","All industry total ","Thousands of dollars",2751865,2767540,3260615,3717237,4427306,4688449,4596129,4978236,4702225,4901192,5279181,5235092,5096239,5200799,5043114,4936022,5236297,5613686,5633372,5280827,6080473,6888547
 "22015","Bossier, LA",5,CAGDP2,2,"..."," Private industries ","Thousands of dollars",2113716,2045967,2468256,2865871,3513259,3750649,3656126,4033341,3675177,3752928,4066082,3991122,3880744,3974584,3849937,3676838,3949430,4298108,4272348,3862941,4608470,5351588
 "22015","Bossier, LA",5,CAGDP2,3,"11","  Agriculture, forestry, fishing and hunting ","Thousands of dollars",9288,9413,10080,11034,12162,16454,15790,12468,8076,14575,8363,10274,10845,9489,8813,8103,9540,10378,11855,12262,13360,16043
 "22015","Bossier, LA",5,CAGDP2,6,"21","  Mining, quarrying, and oil and gas extraction ","Thousands of dollars",469099,309479,452382,675820,1036158,1188709,1232618,1522128,1152807,1087963,1056018,837524,688328,644183,410506,299824,380724,533749,482386,290895,541661,923931
 "22015","Bossier, LA",5,CAGDP2,10,"22","  Utilities ","Thousands of dollars",4258,6011,7324,8755,7144,7173,13477,21584,20275,23631,19680,17890,15016,18242,18561,15748,20152,20890,23478,25897,25207,16312
 "22015","Bossier, LA",5,CAGDP2,11,"23","  Construction ","Thousands of dollars",111567,126972,181749,198976,176259,183662,232773,208593,181765,173483,177303,164572,167735,179745,180011,180273,207376,226777,227066,227506,259557,233634
 "22015","Bossier, LA",5,CAGDP2,12,"31-33","  Manufacturing ","Thousands of dollars",204049,207037,365485,374713,524620,442604,401336,286939,189980,197343,473942,438670,349698,328011,290791,233334,361243,418657,411558,273886,363581,483428
 "22015","Bossier, LA",5,CAGDP2,13,"321,327-339","   Durable goods manufacturing ","Thousands of dollars",75861,64551,70001,76010,95193,95168,98078,84315,85892,101574,121663,117242,113073,114447,122946,114957,123368,133430,150732,139363,146117,178395
 "22015","Bossier, LA",5,CAGDP2,25,"311-316,322-326","   Nondurable goods manufacturing ","Thousands of dollars",128188,142486,295484,298703,429428,347436,303257,202624,104088,95769,352279,321428,236626,213564,167844,118376,237875,285227,260826,134523,217464,305033
 "22015","Bossier, LA",5,CAGDP2,34,"42","  Wholesale trade ","Thousands of dollars",89757,93031,96452,112970,146555,165103,185882,190669,168793,189793,212337,241863,266060,279632,272219,266205,253417,262094,266053,252915,265895,306292
 "22015","Bossier, LA",5,CAGDP2,35,"44-45","  Retail trade ","Thousands of dollars",222182,234194,263042,295876,322604,361906,382927,382622,387727,380171,392368,407062,453964,487716,516676,553653,547108,536979,548117,585025,684948,733191
 "22015","Bossier, LA",5,CAGDP2,36,"48-49","  Transportation and warehousing ","Thousands of dollars",41239,40218,40720,45139,46151,47422,47938,51415,47462,48683,49980,47015,54820,64922,76921,76507,80088,95521,96711,90977,104977,128761
 "22015","Bossier, LA",5,CAGDP2,45,"51","  Information ","Thousands of dollars",14571,18124,22113,27960,35332,48992,53213,65879,70571,73472,72966,82788,92305,91694,97728,87586,84282,75164,84082,79504,83188,87767
 "22015","Bossier, LA",5,CAGDP2,50,"52,53","  Finance, insurance, real estate, rental, and leasing ","Thousands of dollars",311200,342113,366178,387625,426622,442538,228029,361767,521029,586779,624065,737496,725936,758648,818225,780974,782698,789486,825263,844503,949773,908917
 "22015","Bossier, LA",5,CAGDP2,51,"52","   Finance and insurance ","Thousands of dollars",68367,77718,81415,78963,91228,87141,88278,84868,90759,91161,95816,97176,97090,117719,137276,147474,157124,151098,147729,167873,181547,171324
 "22015","Bossier, LA",5,CAGDP2,56,"53","   Real estate and rental and leasing ","Thousands of dollars",242832,264394,284764,308662,335393,355397,139751,276899,430270,495619,528250,640320,628846,640930,680950,633500,625574,638388,677534,676630,768225,737592
 "22015","Bossier, LA",5,CAGDP2,59,"54,55,56","  Professional and business services ","Thousands of dollars",64891,69335,70981,80168,91793,121094,144747,181531,187014,209666,213782,223420,231567,238576,222924,230298,259072,350674,362374,345519,399394,454070
 "22015","Bossier, LA",5,CAGDP2,60,"54","   Professional, scientific, and technical services ","Thousands of dollars",31178,(D),(D),(D),(D),(D),67303,80623,81572,90068,87977,92595,95725,106153,105879,105972,114075,199092,202971,187395,219640,240642
 "22015","Bossier, LA",5,CAGDP2,64,"55","   Management of companies and enterprises ","Thousands of dollars",11142,(D),(D),(D),(D),(D),13841,15114,15767,18206,17482,17889,19196,15741,17303,19629,21648,23655,23324,26155,28113,43491
 "22015","Bossier, LA",5,CAGDP2,65,"56","   Administrative and support and waste management and remediation services ","Thousands of dollars",22571,25306,24241,24941,30045,48725,63604,85793,89675,101393,108323,112936,116645,116681,99742,104697,123348,127927,136080,131970,151640,169937
 "22015","Bossier, LA",5,CAGDP2,68,"61,62","  Educational services, health care, and social assistance ","Thousands of dollars",143407,139629,139179,156852,161868,183352,180562,199323,223805,231809,237194,244551,261471,267679,285949,303061,319001,327294,333862,333614,351363,389925
 "22015","Bossier, LA",5,CAGDP2,69,"61","   Educational services ","Thousands of dollars",3982,4224,4122,4095,4051,4576,6246,7556,9355,9703,9738,11631,15665,16061,14633,15215,10756,13687,15143,15947,18141,19399
 "22015","Bossier, LA",5,CAGDP2,70,"62","   Health care and social assistance ","Thousands of dollars",139425,135405,135058,152757,157817,178777,174316,191766,214450,222106,227456,232920,245806,251618,271316,287846,308245,313607,318719,317667,333222,370526
 "22015","Bossier, LA",5,CAGDP2,75,"71,72","  Arts, entertainment, recreation, accommodation, and food services ","Thousands of dollars",371777,391143,387416,412162,447519,457296,452404,456114,415983,426478,421498,436130,466599,502615,544016,528225,526334,518020,463804,368623,427376,499689
 "22015","Bossier, LA",5,CAGDP2,76,"71","   Arts, entertainment, and recreation ","Thousands of dollars",282039,300023,296982,319483,336824,334560,320239,321973,187693,160412,131757,122431,115364,115954,117666,125240,125564,146119,123118,80021,80672,89003
 "22015","Bossier, LA",5,CAGDP2,79,"72","   Accommodation and food services ","Thousands of dollars",89738,91120,90434,92679,110695,122736,132165,134141,228290,266065,289742,313699,351235,386661,426350,402986,400770,371900,340687,288602,346704,410686
 "22015","Bossier, LA",5,CAGDP2,82,"81","  Other services (except government and government enterprises) ","Thousands of dollars",56431,59266,65154,77822,78472,84344,84431,92308,99890,109082,106585,101865,96401,103432,106598,113049,118394,132423,135740,131816,138191,169627
 "22015","Bossier, LA",5,CAGDP2,83,"92","Government and government enterprises ","Thousands of dollars",638149,721573,792359,851366,914047,937800,940003,944895,1027048,1148264,1213099,1243970,1215495,1226215,1193177,1259183,1286867,1315578,1361024,1417886,1472003,1536959
 "22015","Bossier, LA",5,CAGDP2,87,"11,21","Natural resources and mining ","Thousands of dollars",478387,318892,462462,686854,1048321,1205163,1248408,1534597,1160883,1102538,1064381,847798,699172,653672,419319,307927,390264,544127,494241,303157,555021,939974
 "22015","Bossier, LA",5,CAGDP2,88,"42,44-45","Trade ","Thousands of dollars",311939,327225,359494,408846,469159,527009,568808,573291,556519,569963,604704,648925,720024,767348,788895,819858,800525,799073,814170,837940,950842,1039483
 "22015","Bossier, LA",5,CAGDP2,89,"22,48-49","Transportation and utilities ","Thousands of dollars",45497,46229,48043,53894,53295,54595,61415,72998,67737,72314,69660,64906,69835,83164,95482,92254,100240,116411,120189,116874,130184,145074
 "22015","Bossier, LA",5,CAGDP2,90,"31-33,51","Manufacturing and information ","Thousands of dollars",218620,225161,387598,402673,559952,491596,454548,352819,260552,270815,546908,521458,442003,419705,388519,320920,445525,493821,495639,353390,446769,571195
 "22015","Bossier, LA",5,CAGDP2,91,"...","Private goods-producing industries 2/","Thousands of dollars",794003,652902,1009696,1260543,1749200,1831429,1882517,2030129,1532628,1473364,1715626,1451041,1216606,1161428,890120,721533,958883,1189561,1132864,804549,1178159,1657037
 "22015","Bossier, LA",5,CAGDP2,92,"...","Private services-providing industries 3/","Thousands of dollars",1319713,1393065,1458560,1605328,1764059,1919220,1773609,2003212,2142549,2279564,2350456,2540081,2664138,2813156,2959816,2955305,2990547,3108547,3139483,3058393,3430311,3694551
 "22017","Caddo, LA",5,CAGDP2,1,"...","All industry total ","Thousands of dollars",7604696,7751650,8292726,8995165,10031350,10739620,10153340,10715126,10946969,11720012,12706086,12451854,11986124,12187025,12169301,12149976,12698260,13551127,13767131,12891918,14684287,16769170
 "22017","Caddo, LA",5,CAGDP2,2,"..."," Private industries ","Thousands of dollars",6446083,6526116,6976489,7584805,8570469,9176778,8635411,9189938,9232137,9953744,10868029,10619260,10219507,10570554,10529548,10521739,11038127,11803512,11989576,11033367,12752819,14739458
 "22017","Caddo, LA",5,CAGDP2,3,"11","  Agriculture, forestry, fishing and hunting ","Thousands of dollars",18741,22140,27016,27912,16362,19251,29193,26999,19210,24791,24875,33445,42459,23029,29714,39349,30252,23303,16021,15694,14365,13938
 "22017","Caddo, LA",5,CAGDP2,6,"21","  Mining, quarrying, and oil and gas extraction ","Thousands of dollars",286404,227443,261965,328307,498209,711294,700846,1041051,1045129,1298222,1369247,979267,876288,856634,576089,505803,593268,840442,785782,392647,960240,1785768
 "22017","Caddo, LA",5,CAGDP2,10,"22","  Utilities ","Thousands of dollars",75016,63376,63260,62874,72837,83722,78347,83873,83913,141577,205619,215959,198053,220892,218906,203331,183338,172106,183698,217993,216683,233729
 "22017","Caddo, LA",5,CAGDP2,11,"23","  Construction ","Thousands of dollars",338542,305977,285565,314750,370397,354835,366010,381606,374044,400915,366240,360284,378569,424671,435743,415600,417268,412222,403449,387179,491926,512851
 "22017","Caddo, LA",5,CAGDP2,12,"31-33","  Manufacturing ","Thousands of dollars",895501,897406,1179417,1359692,1734402,1797882,1663147,1284914,995665,1013380,1696854,1600507,1199336,1113753,1100928,988746,1319549,1589149,1505993,884882,1158948,1539227
 "22017","Caddo, LA",5,CAGDP2,13,"321,327-339","   Durable goods manufacturing ","Thousands of dollars",582277,580350,718220,825347,902981,981901,937891,691889,487330,457835,478283,425985,386843,435635,411099,369794,388811,424327,397627,302704,316897,363208
 "22017","Caddo, LA",5,CAGDP2,25,"311-316,322-326","   Nondurable goods manufacturing ","Thousands of dollars",313224,317056,461197,534345,831421,815982,725255,593025,508335,555544,1218570,1174522,812494,678118,689829,618953,930738,1164822,1108367,582178,842051,1176019
 "22017","Caddo, LA",5,CAGDP2,34,"42","  Wholesale trade ","Thousands of dollars",505212,527294,553922,604846,642389,673028,719150,713023,671415,705350,747450,796926,895886,970548,988656,1009454,1055019,1110131,1204003,1228233,1395039,1503555
 "22017","Caddo, LA",5,CAGDP2,35,"44-45","  Retail trade ","Thousands of dollars",653615,671614,690938,734691,789676,844663,850465,835115,831792,892857,948075,999832,997803,976361,950115,1011151,1050998,1042153,1050267,1083513,1244144,1330532
 "22017","Caddo, LA",5,CAGDP2,36,"48-49","  Transportation and warehousing ","Thousands of dollars",240700,242360,257570,300548,343220,380754,370959,396888,357489,385814,402251,395956,381927,390960,426532,417509,409965,430937,460947,433710,509152,576286
 "22017","Caddo, LA",5,CAGDP2,45,"51","  Information ","Thousands of dollars",262870,301118,294011,307066,325262,326274,319248,312179,365126,388886,336706,283389,277743,293962,284285,296160,301555,298940,313109,308469,337861,365374
 "22017","Caddo, LA",5,CAGDP2,50,"52,53","  Finance, insurance, real estate, rental, and leasing ","Thousands of dollars",1106238,1120475,1174443,1201272,1334550,1372188,798479,1160646,1459179,1582582,1652051,1735310,1673733,1781433,1878150,1969864,1957326,2102719,2158089,2364229,2425058,2422398
 "22017","Caddo, LA",5,CAGDP2,51,"52","   Finance and insurance ","Thousands of dollars",298419,323215,338029,341320,374245,353178,362720,360934,379880,384995,388658,412164,371666,446772,508615,573075,607258,591782,588057,670316,697711,696474
 "22017","Caddo, LA",5,CAGDP2,56,"53","   Real estate and rental and leasing ","Thousands of dollars",807819,797260,836414,859952,960305,1019010,435759,799712,1079300,1197586,1263393,1323146,1302067,1334662,1369535,1396789,1350068,1510937,1570032,1693913,1727347,1725924
 "22017","Caddo, LA",5,CAGDP2,59,"54,55,56","  Professional and business services ","Thousands of dollars",567227,572708,565539,610967,688663,760167,796802,885915,858790,896208,868162,865664,884877,938258,939340,915364,919921,961231,1001289,919269,1022700,1093095
 "22017","Caddo, LA",5,CAGDP2,60,"54","   Professional, scientific, and technical services ","Thousands of dollars",291643,310197,314885,334089,377595,403084,435125,451385,432929,436082,433094,440454,462367,492653,502397,484056,487373,501901,531311,502905,549054,602532
 "22017","Caddo, LA",5,CAGDP2,64,"55","   Management of companies and enterprises ","Thousands of dollars",65317,60258,60607,68241,77495,105598,92910,95761,93281,100731,106065,100177,97078,106484,98545,99955,89870,90104,86142,70613,70921,73365
 "22017","Caddo, LA",5,CAGDP2,65,"56","   Administrative and support and waste management and remediation services ","Thousands of dollars",210266,202253,190046,208637,233573,251485,268768,338770,332580,359395,329003,325033,325433,339122,338397,331354,342678,369226,383837,345752,402725,417198
 "22017","Caddo, LA",5,CAGDP2,68,"61,62","  Educational services, health care, and social assistance ","Thousands of dollars",866014,934535,985623,1074673,1107172,1175752,1261461,1360052,1460330,1488192,1520758,1587115,1635883,1787050,1894385,1947538,1977702,1978470,2062519,2058560,2146319,2391184
 "22017","Caddo, LA",5,CAGDP2,69,"61","   Educational services ","Thousands of dollars",49189,47888,49905,54461,54060,58332,64769,76570,85333,91988,94140,95319,96086,96864,96694,102773,102028,102891,107058,101805,107603,111035
 "22017","Caddo, LA",5,CAGDP2,70,"62","   Health care and social assistance ","Thousands of dollars",816825,886648,935718,1020212,1053111,1117420,1196693,1283482,1374996,1396204,1426618,1491796,1539797,1690186,1797691,1844765,1875673,1875579,1955461,1956756,2038716,2280149
 "22017","Caddo, LA",5,CAGDP2,75,"71,72","  Arts, entertainment, recreation, accommodation, and food services ","Thousands of dollars",395652,403243,410586,426143,415420,435472,431437,447028,452160,475409,477789,508825,509033,500457,505670,495894,515960,526440,529430,448745,548644,648671
 "22017","Caddo, LA",5,CAGDP2,76,"71","   Arts, entertainment, and recreation ","Thousands of dollars",205520,207596,215818,223313,193657,196743,188636,195491,191967,192645,192749,208868,198864,183462,163759,118323,118075,128048,128415,99957,119563,159610
 "22017","Caddo, LA",5,CAGDP2,79,"72","   Accommodation and food services ","Thousands of dollars",190132,195647,194768,202830,221762,238729,242801,251537,260194,282764,285040,299957,310170,316994,341911,377571,397885,398392,401015,348788,429081,489062
 "22017","Caddo, LA",5,CAGDP2,82,"81","  Other services (except government and government enterprises) ","Thousands of dollars",234349,236426,226633,231063,231911,241497,249866,260649,257896,259562,251954,256781,267917,292546,301034,305975,306007,315270,314979,290243,281739,322850
 "22017","Caddo, LA",5,CAGDP2,83,"92","Government and government enterprises ","Thousands of dollars",1158614,1225534,1316237,1410360,1460880,1562842,1517929,1525188,1714831,1766268,1838056,1832594,1766617,1616471,1639752,1628237,1660133,1747615,1777555,1858551,1931468,2029712
 "22017","Caddo, LA",5,CAGDP2,87,"11,21","Natural resources and mining ","Thousands of dollars",305146,249583,288981,356219,514571,730544,730039,1068049,1064339,1323013,1394122,1012712,918747,879663,605803,545152,623520,863745,801803,408341,974605,1799706
 "22017","Caddo, LA",5,CAGDP2,88,"42,44-45","Trade ","Thousands of dollars",1158827,1198908,1244860,1339537,1432066,1517691,1569615,1548138,1503207,1598208,1695525,1796758,1893689,1946908,1938772,2020605,2106017,2152284,2254270,2311745,2639183,2834088
 "22017","Caddo, LA",5,CAGDP2,89,"22,48-49","Transportation and utilities ","Thousands of dollars",315716,305736,320830,363422,416057,464475,449306,480761,441402,527391,607870,611915,579979,611852,645438,620840,593302,603043,644646,651703,725834,810015
 "22017","Caddo, LA",5,CAGDP2,90,"31-33,51","Manufacturing and information ","Thousands of dollars",1158371,1198523,1473429,1666758,2059664,2124156,1982394,1597093,1360791,1402266,2033560,1883896,1477080,1407715,1385214,1284906,1621105,1888089,1819103,1193351,1496810,1904600
 "22017","Caddo, LA",5,CAGDP2,91,"...","Private goods-producing industries 2/","Thousands of dollars",1539189,1452966,1753963,2030661,2619370,2883262,2759196,2734570,2434048,2737307,3457215,2973504,2496652,2418087,2142475,1949499,2360337,2865116,2711246,1680402,2625480,3851783
 "22017","Caddo, LA",5,CAGDP2,92,"...","Private services-providing industries 3/","Thousands of dollars",4906894,5073150,5222526,5554144,5951099,6293517,5876215,6455368,6798090,7216437,7410815,7645757,7722855,8152467,8387073,8572240,8677790,8938396,9278331,9352965,10127339,10887675
 "22019","Calcasieu, LA",5,CAGDP2,1,"...","All industry total ","Thousands of dollars",7049380,7448008,10121725,11946623,17241488,15590454,13533736,11698848,9199610,8913964,12649152,12883454,11054692,11397899,11841562,12253305,14990636,16046100,16307013,12438063,14947223,17537785
 "22019","Calcasieu, LA",5,CAGDP2,2,"..."," Private industries ","Thousands of dollars",6482312,6840907,9477346,11252700,16499132,14798980,12772292,10917846,8323835,7992814,11710119,11949649,10131906,10465293,10890804,11247571,13928938,14944272,15176623,11292748,13835314,16389770
 "22019","Calcasieu, LA",5,CAGDP2,3,"11","  Agriculture, forestry, fishing and hunting ","Thousands of dollars",11693,5943,9442,11188,5219,5766,5678,6061,9546,16387,15120,20607,24198,20474,7932,5979,6355,7791,7778,6228,6926,6769
 "22019","Calcasieu, LA",5,CAGDP2,6,"21","  Mining, quarrying, and oil and gas extraction ","Thousands of dollars",391609,268446,259828,350199,453078,552783,564162,577545,371214,286412,291392,251758,218337,172777,88995,58726,62720,66603,61235,36450,52364,69605
 "22019","Calcasieu, LA",5,CAGDP2,10,"22","  Utilities ","Thousands of dollars",373147,362354,376514,447739,(D),451927,442795,484207,425747,468858,501485,463547,525776,492363,429794,401594,446445,416989,452479,456751,733020,840624
 "22019","Calcasieu, LA",5,CAGDP2,11,"23","  Construction ","Thousands of dollars",463523,440219,399340,528637,467369,544083,636737,743863,641822,522037,555179,617653,747590,966100,1224759,1744062,2082376,1851087,1721471,1130138,1284765,1342597
 "22019","Calcasieu, LA",5,CAGDP2,12,"31-33","  Manufacturing ","Thousands of dollars",2444912,2781555,5305267,6666522,11585550,9379533,7062942,4663424,2571688,2173336,5699775,5836699,3657410,3544172,3390735,3128886,5118527,6127453,6337829,3396279,5096810,6857871
 "22019","Calcasieu, LA",5,CAGDP2,13,"321,327-339","   Durable goods manufacturing ","Thousands of dollars",136928,132797,138669,145120,121715,122962,158287,156717,164436,191104,198407,208985,231065,250127,332799,310717,287196,290403,281633,273986,310524,336568
 "22019","Calcasieu, LA",5,CAGDP2,25,"311-316,322-326","   Nondurable goods manufacturing ","Thousands of dollars",2307984,2648758,5166598,6521402,11463836,9256570,6904655,4506707,2407252,1982232,5501368,5627715,3426345,3294045,3057936,2818169,4831331,5837050,6056196,3122293,4786286,6521303
 "22019","Calcasieu, LA",5,CAGDP2,34,"42","  Wholesale trade ","Thousands of dollars",238302,240510,250230,259061,273400,304097,327482,348097,330475,334954,350041,388103,387295,410145,411297,394059,391468,450126,510568,493224,490205,527071
 "22019","Calcasieu, LA",5,CAGDP2,35,"44-45","  Retail trade ","Thousands of dollars",417124,432622,459144,480272,511513,599277,613216,601055,575310,570996,584862,622221,754245,844723,881197,952749,961473,979167,990069,1005739,1152288,1230873
 "22019","Calcasieu, LA",5,CAGDP2,36,"48-49","  Transportation and warehousing ","Thousands of dollars",175186,202093,220731,214058,226332,229013,232253,265877,237848,258804,247280,246799,266499,271820,296750,303021,314194,314079,341981,315452,340243,391459
 "22019","Calcasieu, LA",5,CAGDP2,45,"51","  Information ","Thousands of dollars",154468,163796,159178,167799,(D),159125,153434,192319,215313,242254,196096,179041,151686,158934,166238,165091,184281,175570,174773,151495,166566,175434
 "22019","Calcasieu, LA",5,CAGDP2,50,"52,53","  Finance, insurance, real estate, rental, and leasing ","Thousands of dollars",649222,664061,690853,701923,765941,832643,790779,1032507,951210,1045263,1149152,1110653,1092049,1097941,1233550,1269908,1380328,1434112,1527487,1609578,1602383,1608106
 "22019","Calcasieu, LA",5,CAGDP2,51,"52","   Finance and insurance ","Thousands of dollars",146308,160927,174392,175651,195994,197256,194656,187774,201720,204453,198686,200204,186636,231392,263690,293258,309304,333508,341130,384638,418803,395288
 "22019","Calcasieu, LA",5,CAGDP2,56,"53","   Real estate and rental and leasing ","Thousands of dollars",502914,503134,516461,526272,569947,635387,596123,844733,749490,840811,950467,910449,905412,866549,969860,976650,1071023,1100604,1186357,1224940,1183579,1212818
 "22019","Calcasieu, LA",5,CAGDP2,59,"54,55,56","  Professional and business services ","Thousands of dollars",354116,403183,438874,439221,512314,504862,544060,597203,552260,589554,615837,665433,711339,781639,847995,834046,898492,992668,963803,871997,958464,1105458
 "22019","Calcasieu, LA",5,CAGDP2,60,"54","   Professional, scientific, and technical services ","Thousands of dollars",226982,251786,280683,283517,282545,320488,351849,390714,355291,361582,392528,414333,425780,462038,482421,487529,510567,560911,522517,455835,502056,600451
 "22019","Calcasieu, LA",5,CAGDP2,64,"55","   Management of companies and enterprises ","Thousands of dollars",23111,42751,46974,48585,93206,29958,27902,30178,38327,36199,33809,34732,36166,37837,39477,41510,41314,39340,38868,38893,42093,60192
 "22019","Calcasieu, LA",5,CAGDP2,65,"56","   Administrative and support and waste management and remediation services ","Thousands of dollars",104023,108647,111218,107119,136563,154416,164309,176311,158643,191774,189500,216368,249393,281764,326097,305007,346611,392417,402417,377269,414316,444815
 "22019","Calcasieu, LA",5,CAGDP2,68,"61,62","  Educational services, health care, and social assistance ","Thousands of dollars",382911,409516,448600,491082,510501,561835,592261,639737,677851,712212,741374,771909,785574,834852,867367,920009,938698,958970,1016283,961313,942729,1056405
 "22019","Calcasieu, LA",5,CAGDP2,69,"61","   Educational services ","Thousands of dollars",14486,15965,(D),19298,(D),19450,21695,(D),27314,31177,34239,37532,39725,41316,42085,45588,43442,39903,41765,39737,42043,43836
 "22019","Calcasieu, LA",5,CAGDP2,70,"62","   Health care and social assistance ","Thousands of dollars",368425,393551,(D),471784,(D),542385,570566,(D),650537,681034,707135,734377,745848,793536,825283,874421,895256,919068,974518,921576,900686,1012570
 "22019","Calcasieu, LA",5,CAGDP2,75,"71,72","  Arts, entertainment, recreation, accommodation, and food services ","Thousands of dollars",327175,363675,357574,383441,470924,522846,641741,592701,585362,584969,582219,588007,619568,672978,841605,861002,926631,936324,833303,640846,789637,931005
 "22019","Calcasieu, LA",5,CAGDP2,76,"71","   Arts, entertainment, and recreation ","Thousands of dollars",183261,208520,133505,131472,128186,86121,76198,81590,77708,75812,86931,92276,78675,74808,69474,68394,71583,80486,80805,67894,102649,123411
 "22019","Calcasieu, LA",5,CAGDP2,79,"72","   Accommodation and food services ","Thousands of dollars",143914,155155,224069,251969,342739,436725,565543,511111,507654,509157,495289,495730,540893,598169,772130,792608,855047,855839,752498,572952,686988,807593
 "22019","Calcasieu, LA",5,CAGDP2,82,"81","  Other services (except government and government enterprises) ","Thousands of dollars",98924,102935,101772,111560,126415,151190,164750,173250,178190,186777,180305,187218,190342,196376,202590,208439,216949,233333,237564,217258,218913,246492
 "22019","Calcasieu, LA",5,CAGDP2,83,"92","Government and government enterprises ","Thousands of dollars",567068,607101,644379,693924,742356,791474,761444,781002,875775,921150,939033,933805,922786,932606,950758,1005734,1061699,1101828,1130389,1145315,1111909,1148015
 "22019","Calcasieu, LA",5,CAGDP2,87,"11,21","Natural resources and mining ","Thousands of dollars",403302,274389,269270,361387,458298,558549,569841,583606,380760,302798,306513,272365,242535,193250,96927,64705,69076,74394,69014,42679,59290,76374
 "22019","Calcasieu, LA",5,CAGDP2,88,"42,44-45","Trade ","Thousands of dollars",655426,673132,709374,739333,784913,903374,940698,949151,905785,905950,934903,1010325,1141540,1254868,1292495,1346807,1352941,1429293,1500637,1498963,1642493,1757944
 "22019","Calcasieu, LA",5,CAGDP2,89,"22,48-49","Transportation and utilities ","Thousands of dollars",548333,564447,597246,661797,(D),680941,675048,750085,663595,727662,748765,710345,792274,764182,726544,704616,760639,731068,794460,772203,1073263,1232083
 "22019","Calcasieu, LA",5,CAGDP2,90,"31-33,51","Manufacturing and information ","Thousands of dollars",2599381,2945351,5464444,6834320,(D),9538658,7216377,4855743,2787001,2415591,5895871,6015741,3809096,3703107,3556973,3293977,5302809,6303024,6512601,3547774,5263376,7033306
 "22019","Calcasieu, LA",5,CAGDP2,91,"...","Private goods-producing industries 2/","Thousands of dollars",3311736,3496163,5973877,7556545,12511216,10482164,8269520,5990894,3594269,2998172,6561467,6726718,4647534,4703523,4712421,4937653,7269979,8052934,8128313,4569095,6440865,8276842
 "22019","Calcasieu, LA",5,CAGDP2,92,"...","Private services-providing industries 3/","Thousands of dollars",3170576,3344744,3503469,3696155,3987915,4316815,4502772,4926953,4729566,4994642,5148652,5222931,5484371,5761770,6178384,6309918,6658959,6891337,7048310,6723653,7394448,8112928
 "22021","Caldwell, LA",5,CAGDP2,1,"...","All industry total ","Thousands of dollars",133575,135192,151810,159648,164044,171698,165753,178945,178345,178379,175261,174354,181105,186146,181268,188386,188215,197026,208124,206164,217473,224647
 "22021","Caldwell, LA",5,CAGDP2,2,"..."," Private industries ","Thousands of dollars",110746,111230,125394,131462,135360,140918,132763,145602,140569,140018,138468,138949,145559,149967,144680,152138,150378,157078,168115,165704,176617,185118
 "22021","Caldwell, LA",5,CAGDP2,3,"11","  Agriculture, forestry, fishing and hunting ","Thousands of dollars",8805,(D),13515,10832,11442,13112,12444,6316,5446,5725,7507,(D),(D),(D),(D),(D),(D),(D),8922,(D),11816,7066
 "22021","Caldwell, LA",5,CAGDP2,6,"21","  Mining, quarrying, and oil and gas extraction ","Thousands of dollars",18065,10374,16977,23591,19580,20492,23493,27167,13812,9297,6255,5568,4227,4479,2381,1555,1405,855,569,207,563,280
 "22021","Caldwell, LA",5,CAGDP2,10,"22","  Utilities ","Thousands of dollars",1695,1858,1566,1709,1736,1778,1660,1986,2044,2039,2027,2113,2286,2182,1987,2253,2050,2004,2240,(D),(D),2690
 "22021","Caldwell, LA",5,CAGDP2,11,"23","  Construction ","Thousands of dollars",3405,4258,5828,6051,7966,7709,8125,8602,10018,7693,8354,7621,7801,7732,7339,(D),(D),5305,6973,(D),7188,5348
 "22021","Caldwell, LA",5,CAGDP2,12,"31-33","  Manufacturing ","Thousands of dollars",2686,2502,2618,3767,3488,3362,3237,2868,2902,3422,3473,(D),(D),(D),(D),3950,4510,5445,4557,5173,8411,8791
 "22021","Caldwell, LA",5,CAGDP2,13,"321,327-339","   Durable goods manufacturing ","Thousands of dollars",(D),1971,(D),(D),(D),(D),(D),(D),(D),(D),(D),(D),3642,4064,3539,(D),(D),(D),(D),(D),(D),(D)
 "22021","Caldwell, LA",5,CAGDP2,25,"311-316,322-326","   Nondurable goods manufacturing ","Thousands of dollars",(D),532,(D),(D),(D),(D),(D),(D),(D),(D),(D),(D),(D),(D),(D),(D),(D),(D),(D),(D),(D),(D)
 "22021","Caldwell, LA",5,CAGDP2,34,"42","  Wholesale trade ","Thousands of dollars",782,894,1173,1317,1972,1925,2515,2711,2576,2970,2682,2778,3160,3237,3840,3663,3827,3483,3852,2813,3315,3821
 "22021","Caldwell, LA",5,CAGDP2,35,"44-45","  Retail trade ","Thousands of dollars",15251,16722,17672,16693,17620,18431,19072,18943,19046,19452,19742,20097,17942,16743,12368,12105,12419,12701,14947,19401,23784,26538
 "22021","Caldwell, LA",5,CAGDP2,36,"48-49","  Transportation and warehousing ","Thousands of dollars",6236,4680,4286,4235,5211,7444,8666,9326,6511,7776,6461,7622,9266,10624,12151,14228,13623,14226,18884,12077,14276,20173
 "22021","Caldwell, LA",5,CAGDP2,45,"51","  Information ","Thousands of dollars",1374,(D),1518,1694,(D),1853,2034,2601,2992,2629,(D),(D),2469,2492,(D),(D),(D),(D),(D),(D),(D),(D)
 "22021","Caldwell, LA",5,CAGDP2,50,"52,53","  Finance, insurance, real estate, rental, and leasing ","Thousands of dollars",22561,24555,25190,25184,28344,29559,14293,22679,29041,30461,31791,33968,34199,38062,40905,46302,41962,45382,(D),51840,46653,(D)
 "22021","Caldwell, LA",5,CAGDP2,51,"52","   Finance and insurance ","Thousands of dollars",6902,7951,8160,8056,9152,9269,9142,9480,(D),(D),9237,(D),8188,10928,14332,(D),(D),(D),(D),(D),(D),(D)
 "22021","Caldwell, LA",5,CAGDP2,56,"53","   Real estate and rental and leasing ","Thousands of dollars",15658,16604,17030,17128,19192,20290,5150,13199,(D),(D),22554,(D),26012,27134,26572,(D),(D),(D),27229,(D),(D),(D)
 "22021","Caldwell, LA",5,CAGDP2,59,"54,55,56","  Professional and business services ","Thousands of dollars",5379,5761,5760,5861,4980,4504,5513,6121,6644,6761,6981,9354,10458,11388,10362,11187,11054,10356,12539,11914,12449,13804
 "22021","Caldwell, LA",5,CAGDP2,60,"54","   Professional, scientific, and technical services ","Thousands of dollars",3152,3334,3505,3839,3500,3556,3916,4356,4478,4477,5420,5521,5985,6109,5765,(D),(D),(D),8282,7787,(D),8263
 "22021","Caldwell, LA",5,CAGDP2,64,"55","   Management of companies and enterprises ","Thousands of dollars",(D),(D),(D),(D),(D),(D),(D),(D),(D),(D),(D),(D),(D),(D),(D),(D),(D),(D),(D),(D),(D),(D)
 "22021","Caldwell, LA",5,CAGDP2,65,"56","   Administrative and support and waste management and remediation services ","Thousands of dollars",(D),(D),(D),(D),(D),(D),(D),(D),(D),(D),(D),(D),(D),(D),(D),4827,(D),3247,(D),(D),3413,(D)
 "22021","Caldwell, LA",5,CAGDP2,68,"61,62","  Educational services, health care, and social assistance ","Thousands of dollars",(D),(D),(D),(D),(D),(D),19358,23784,27457,30286,29221,28236,31439,33255,33705,36045,37087,38911,36236,34537,33963,36808
 "22021","Caldwell, LA",5,CAGDP2,69,"61","   Educational services ","Thousands of dollars",0,0,0,3,2,17,61,65,48,28,17,32,20,10,10,86,81,29,27,8,13,13
 "22021","Caldwell, LA",5,CAGDP2,70,"62","   Health care and social assistance ","Thousands of dollars",(D),(D),(D),(D),(D),(D),19297,23719,27409,30258,29204,28204,31419,33245,33695,35959,37006,38882,36209,34529,33950,36795
 "22021","Caldwell, LA",5,CAGDP2,75,"71,72","  Arts, entertainment, recreation, accommodation, and food services ","Thousands of dollars",(D),2804,(D),(D),3208,(D),3206,3150,3600,4303,(D),4225,(D),(D),(D),3923,3752,3580,3543,3531,4259,4782
 "22021","Caldwell, LA",5,CAGDP2,76,"71","   Arts, entertainment, and recreation ","Thousands of dollars",(D),(D),(D),(D),(D),(D),(D),(D),(D),(D),(D),(D),(D),(D),(D),(D),(D),(D),(D),345,548,(D)
 "22021","Caldwell, LA",5,CAGDP2,79,"72","   Accommodation and food services ","Thousands of dollars",(D),(D),(D),(D),(D),(D),(D),(D),(D),(D),(D),(D),(D),(D),(D),(D),(D),(D),(D),3186,3711,(D)
 "22021","Caldwell, LA",5,CAGDP2,82,"81","  Other services (except government and government enterprises) ","Thousands of dollars",6321,10339,9948,9712,9296,8722,9148,9347,8479,7203,7444,(D),(D),(D),5668,(D),(D),(D),(D),7025,6658,7654
 "22021","Caldwell, LA",5,CAGDP2,83,"92","Government and government enterprises ","Thousands of dollars",22829,23962,26416,28186,28684,30780,32991,33343,37776,38361,36793,35405,35546,36179,36587,36248,37837,39947,40008,40460,40855,39529
 "22021","Caldwell, LA",5,CAGDP2,87,"11,21","Natural resources and mining ","Thousands of dollars",26870,(D),30493,34423,31022,33604,35936,33483,19258,15022,13762,(D),(D),(D),(D),(D),(D),(D),9491,(D),12379,7347
 "22021","Caldwell, LA",5,CAGDP2,88,"42,44-45","Trade ","Thousands of dollars",16033,17617,18845,18010,19592,20356,21587,21653,21622,22422,22424,22875,21102,19980,16208,15768,16246,16184,18799,22214,27098,30358
 "22021","Caldwell, LA",5,CAGDP2,89,"22,48-49","Transportation and utilities ","Thousands of dollars",7931,6538,5852,5944,6947,9222,10326,11312,8555,9815,8488,9735,11552,12806,14138,16481,15673,16230,21124,(D),(D),22863
 "22021","Caldwell, LA",5,CAGDP2,90,"31-33,51","Manufacturing and information ","Thousands of dollars",4060,(D),4136,5461,(D),5214,5271,5469,5894,6052,(D),5682,(D),(D),6204,(D),(D),(D),(D),(D),(D),(D)
 "22021","Caldwell, LA",5,CAGDP2,91,"...","Private goods-producing industries 2/","Thousands of dollars",32961,(D),38939,44241,42476,44675,47298,44953,32178,26138,25590,23954,25225,22270,17352,14706,(D),(D),21022,19297,27978,21485
 "22021","Caldwell, LA",5,CAGDP2,92,"...","Private services-providing industries 3/","Thousands of dollars",77785,(D),86455,87221,92884,96243,85465,100648,108391,113881,112878,114995,120334,127697,127329,137432,(D),(D),147094,146407,148639,163633
 "22023","Cameron, LA",5,CAGDP2,1,"...","All industry total ","Thousands of dollars",849088,650176,666568,747086,903445,1178930,1186288,1446102,901445,763383,794040,761421,749432,1028807,1068247,1454604,1652487,1674462,1383272,1079233,1252891,1035889
 "22023","Cameron, LA",5,CAGDP2,2,"..."," Private industries ","Thousands of dollars",815585,616894,630586,710688,865719,1141528,1150699,1408964,858998,716894,745099,713761,701564,979082,1018213,1403220,1600043,1621145,1327882,1022165,1197162,976986
 "22023","Cameron, LA",5,CAGDP2,3,"11","  Agriculture, forestry, fishing and hunting ","Thousands of dollars",11337,9685,10640,11620,5575,20644,5083,3428,6137,8947,8835,(D),16647,17335,7030,6447,6180,2496,1432,5151,975,6078
 "22023","Cameron, LA",5,CAGDP2,6,"21","  Mining, quarrying, and oil and gas extraction ","Thousands of dollars",622441,437168,453525,509180,518926,664083,794576,909528,477782,405121,405779,420041,341615,229470,105440,99285,92384,78333,59507,17590,38443,53728
 "22023","Cameron, LA",5,CAGDP2,10,"22","  Utilities ","Thousands of dollars",(D),(D),837,1051,1433,2198,(D),2233,3077,4903,4306,3986,3721,3369,209,2418,3474,4815,3011,(D),266,0
 "22023","Cameron, LA",5,CAGDP2,11,"23","  Construction ","Thousands of dollars",11165,11589,11853,10698,134788,237826,91968,38440,34721,17963,14504,6851,22108,363410,509178,902014,1131364,1096127,791344,591784,734258,409688
 "22023","Cameron, LA",5,CAGDP2,12,"31-33","  Manufacturing ","Thousands of dollars",20727,29037,30387,43082,64806,69117,74672,152012,107038,106675,154913,(D),151284,179681,195407,219414,198766,249634,272169,243923,248546,322739
 "22023","Cameron, LA",5,CAGDP2,13,"321,327-339","   Durable goods manufacturing ","Thousands of dollars",1507,(D),(D),(D),(D),(D),(D),(D),(D),(D),(D),806,1245,(D),3135,(D),(D),(D),(D),(D),(D),11110
 "22023","Cameron, LA",5,CAGDP2,25,"311-316,322-326","   Nondurable goods manufacturing ","Thousands of dollars",19220,(D),(D),(D),(D),(D),(D),(D),(D),(D),(D),(D),150040,(D),192272,(D),(D),(D),(D),(D),(D),311630
 "22023","Cameron, LA",5,CAGDP2,34,"42","  Wholesale trade ","Thousands of dollars",17597,(D),22921,26929,25863,28278,30785,37025,35552,38264,41046,45574,53467,67474,63844,(D),(D),(D),(D),(D),(D),(D)
 "22023","Cameron, LA",5,CAGDP2,35,"44-45","  Retail trade ","Thousands of dollars",(D),(D),(D),(D),(D),(D),(D),(D),(D),(D),(D),(D),(D),(D),(D),9071,7609,6776,6826,(D),5647,6431
 "22023","Cameron, LA",5,CAGDP2,36,"48-49","  Transportation and warehousing ","Thousands of dollars",65978,42475,37990,35019,39862,38367,38612,43637,36652,39628,35282,35995,39276,44798,45592,44292,34202,36153,35124,27239,30177,39693
 "22023","Cameron, LA",5,CAGDP2,45,"51","  Information ","Thousands of dollars",277,(D),(D),(D),398,185,59,(D),(D),(D),(D),(D),(D),(D),(D),(D),(D),(D),(D),(D),(D),(D)
 "22023","Cameron, LA",5,CAGDP2,50,"52,53","  Finance, insurance, real estate, rental, and leasing ","Thousands of dollars",39700,37889,35249,45167,47776,53716,71029,163768,118699,64410,48993,39490,38421,39397,48213,45325,52875,49156,(D),51624,55447,(D)
 "22023","Cameron, LA",5,CAGDP2,51,"52","   Finance and insurance ","Thousands of dollars",(D),(D),3687,3380,3367,(D),(D),(D),(D),(D),(D),(D),(D),1740,2392,3011,2861,(D),(D),(D),3200,(D)
 "22023","Cameron, LA",5,CAGDP2,56,"53","   Real estate and rental and leasing ","Thousands of dollars",(D),(D),31562,41787,44408,(D),(D),(D),(D),(D),(D),(D),(D),37656,45821,42314,50014,(D),48133,(D),52247,55413
 "22023","Cameron, LA",5,CAGDP2,59,"54,55,56","  Professional and business services ","Thousands of dollars",8132,8028,7752,8184,9074,13351,26184,41621,22144,11194,10176,10952,8791,9700,22624,17909,34328,57573,59450,34179,38070,30788
 "22023","Cameron, LA",5,CAGDP2,60,"54","   Professional, scientific, and technical services ","Thousands of dollars",3322,4193,3758,3689,(D),(D),(D),(D),(D),(D),(D),(D),4458,4919,18324,10212,24650,41708,48363,22104,(D),(D)
 "22023","Cameron, LA",5,CAGDP2,64,"55","   Management of companies and enterprises ","Thousands of dollars",0,0,0,0,(D),(D),(D),(D),(D),(D),(D),(D),0,(D),(D),0,0,0,(D),(D),(D),(D)
 "22023","Cameron, LA",5,CAGDP2,65,"56","   Administrative and support and waste management and remediation services ","Thousands of dollars",4810,3835,3994,4495,5449,8202,19503,35709,16587,6488,5233,4993,4333,(D),(D),7697,9678,15865,(D),(D),26497,21222
 "22023","Cameron, LA",5,CAGDP2,68,"61,62","  Educational services, health care, and social assistance ","Thousands of dollars",2619,4390,(D),4226,(D),2057,3570,(D),4606,4722,4898,6330,5790,5459,5516,5991,6217,6218,6399,6300,6236,6996
 "22023","Cameron, LA",5,CAGDP2,69,"61","   Educational services ","Thousands of dollars",(D),(D),167,142,70,68,131,90,29,14,105,517,206,136,25,77,77,50,29,1,87,98
 "22023","Cameron, LA",5,CAGDP2,70,"62","   Health care and social assistance ","Thousands of dollars",(D),(D),(D),4083,(D),1989,3439,(D),4577,4708,4793,5813,5584,5322,5491,5913,6140,6168,6370,6299,6149,6898
 "22023","Cameron, LA",5,CAGDP2,75,"71,72","  Arts, entertainment, recreation, accommodation, and food services ","Thousands of dollars",(D),(D),3273,3471,2968,2586,(D),2266,2251,2438,3015,5102,5168,4507,2696,2610,2648,2537,2671,(D),4109,(D)
 "22023","Cameron, LA",5,CAGDP2,76,"71","   Arts, entertainment, and recreation ","Thousands of dollars",(D),(D),(D),(D),(D),(D),(D),(D),(D),(D),(D),(D),(D),(D),(D),(D),(D),(D),(D),(D),(D),(D)
 "22023","Cameron, LA",5,CAGDP2,79,"72","   Accommodation and food services ","Thousands of dollars",(D),(D),(D),(D),(D),(D),(D),(D),(D),(D),(D),(D),(D),(D),(D),(D),(D),(D),(D),(D),(D),(D)
 "22023","Cameron, LA",5,CAGDP2,82,"81","  Other services (except government and government enterprises) ","Thousands of dollars",3763,4093,4177,4287,(D),(D),3957,(D),4255,4514,3887,3321,3426,(D),(D),(D),(D),(D),4501,4512,4222,4508
 "22023","Cameron, LA",5,CAGDP2,83,"92","Government and government enterprises ","Thousands of dollars",33503,33282,35982,36398,37727,37402,35589,37139,42447,46489,48941,47660,47868,49725,50034,51384,52444,53317,55390,57068,55729,58903
 "22023","Cameron, LA",5,CAGDP2,87,"11,21","Natural resources and mining ","Thousands of dollars",633779,446853,464165,520800,524500,684727,799658,912956,483919,414068,414615,(D),358262,246806,112470,105732,98564,80829,60939,22740,39418,59806
 "22023","Cameron, LA",5,CAGDP2,88,"42,44-45","Trade ","Thousands of dollars",(D),27433,(D),(D),(D),(D),(D),(D),(D),(D),(D),(D),(D),(D),(D),(D),(D),(D),(D),34750,(D),(D)
 "22023","Cameron, LA",5,CAGDP2,89,"22,48-49","Transportation and utilities ","Thousands of dollars",(D),(D),38827,36070,41295,40564,(D),45870,39728,44531,39588,39981,42997,48167,45801,46709,37676,40968,38135,(D),30443,39693
 "22023","Cameron, LA",5,CAGDP2,90,"31-33,51","Manufacturing and information ","Thousands of dollars",21004,(D),(D),(D),65203,69302,74730,(D),(D),(D),(D),110375,(D),(D),(D),(D),(D),(D),(D),(D),(D),(D)
 "22023","Cameron, LA",5,CAGDP2,91,"...","Private goods-producing industries 2/","Thousands of dollars",665671,487479,506405,574579,724094,991670,966298,1103408,625679,538706,584031,550594,531655,789896,817056,1227160,1428694,1426589,1124452,858447,1022222,792233
 "22023","Cameron, LA",5,CAGDP2,92,"...","Private services-providing industries 3/","Thousands of dollars",149913,129415,124181,136109,141624,149858,184401,305555,233319,178189,161068,163167,169909,189187,201157,176059,171348,194556,203430,163718,174940,184752
 "22025","Catahoula, LA",5,CAGDP2,1,"...","All industry total ","Thousands of dollars",141087,127274,160056,168955,181707,203597,214607,175424,208144,220576,240741,233499,222896,189860,170618,162518,176572,172531,187531,192795,206281,203279
 "22025","Catahoula, LA",5,CAGDP2,2,"..."," Private industries ","Thousands of dollars",114708,99738,128551,137042,148695,170293,183178,142849,172215,181727,201584,195317,184186,151284,133320,125172,140073,137288,151460,150140,166050,160472
 "22025","Catahoula, LA",5,CAGDP2,3,"11","  Agriculture, forestry, fishing and hunting ","Thousands of dollars",23226,(D),36823,29847,(D),39291,57398,(D),21278,16358,31555,41414,40301,6634,6287,4209,12608,6103,15202,12775,23943,8039
 "22025","Catahoula, LA",5,CAGDP2,6,"21","  Mining, quarrying, and oil and gas extraction ","Thousands of dollars",14369,10707,9655,15393,17870,21497,24167,28600,20543,21822,25410,18333,17885,15170,8934,5794,7853,8066,5616,2459,5262,(D)
 "22025","Catahoula, LA",5,CAGDP2,10,"22","  Utilities ","Thousands of dollars",2423,2693,2796,2992,3080,3282,3461,4066,4408,4838,4764,4608,4635,5002,5246,5537,5303,5380,5312,6017,5913,5707
 "22025","Catahoula, LA",5,CAGDP2,11,"23","  Construction ","Thousands of dollars",6048,(D),6264,8752,7957,(D),(D),(D),(D),(D),(D),(D),(D),(D),(D),(D),(D),(D),(D),(D),(D),11855
 "22025","Catahoula, LA",5,CAGDP2,12,"31-33","  Manufacturing ","Thousands of dollars",1512,3273,2534,3500,(D),(D),(D),2915,(D),(D),(D),(D),(D),(D),(D),(D),(D),(D),(D),(D),(D),(D)
 "22025","Catahoula, LA",5,CAGDP2,13,"321,327-339","   Durable goods manufacturing ","Thousands of dollars",(D),(D),(D),(D),354,342,259,(D),(D),(D),(D),320,395,172,109,38,42,34,(D),4,9,31
 "22025","Catahoula, LA",5,CAGDP2,25,"311-316,322-326","   Nondurable goods manufacturing ","Thousands of dollars",(D),(D),(D),(D),(D),(D),(D),(D),(D),(D),(D),(D),(D),(D),(D),(D),(D),(D),3728,(D),(D),(D)
 "22025","Catahoula, LA",5,CAGDP2,34,"42","  Wholesale trade ","Thousands of dollars",6277,4751,4227,4611,6757,7372,9120,9803,10491,12453,12677,13372,14274,16153,13813,11341,10353,10186,11887,12111,14460,17034
 "22025","Catahoula, LA",5,CAGDP2,35,"44-45","  Retail trade ","Thousands of dollars",15377,15773,15379,19282,22768,25037,27577,24763,32518,40973,31484,23154,16341,16269,14727,15807,16126,15354,16659,20265,22695,23995
 "22025","Catahoula, LA",5,CAGDP2,36,"48-49","  Transportation and warehousing ","Thousands of dollars",(D),(D),(D),(D),(D),(D),(D),(D),(D),(D),(D),(D),(D),(D),(D),(D),(D),(D),(D),(D),(D),(D)
 "22025","Catahoula, LA",5,CAGDP2,45,"51","  Information ","Thousands of dollars",667,(D),1562,1819,2190,2107,2403,(D),2387,2360,1968,1853,(D),(D),(D),(D),26,11,51,(D),(D),(D)
 "22025","Catahoula, LA",5,CAGDP2,50,"52,53","  Finance, insurance, real estate, rental, and leasing ","Thousands of dollars",24077,24286,24533,24020,26660,29534,16051,24141,34785,35494,41448,36548,34340,39939,36691,37601,38145,39390,(D),48593,42045,(D)
 "22025","Catahoula, LA",5,CAGDP2,51,"52","   Finance and insurance ","Thousands of dollars",7006,6498,6622,6317,7307,6736,6965,6858,6827,6741,7390,7201,5878,6851,(D),(D),(D),(D),(D),(D),(D),(D)
 "22025","Catahoula, LA",5,CAGDP2,56,"53","   Real estate and rental and leasing ","Thousands of dollars",17071,17788,17912,17703,19352,22799,9086,17283,27958,28753,34058,29348,28461,33088,(D),(D),(D),(D),34625,(D),(D),31748
 "22025","Catahoula, LA",5,CAGDP2,59,"54,55,56","  Professional and business services ","Thousands of dollars",3262,4892,4975,5143,5867,(D),(D),6897,(D),(D),(D),(D),10140,10632,11631,8811,(D),(D),9928,9238,10282,11316
 "22025","Catahoula, LA",5,CAGDP2,60,"54","   Professional, scientific, and technical services ","Thousands of dollars",2235,3395,3220,(D),(D),3658,4360,4953,4919,5976,6380,6551,7849,9024,9928,7006,6502,6902,6518,5214,5871,6461
 "22025","Catahoula, LA",5,CAGDP2,64,"55","   Management of companies and enterprises ","Thousands of dollars",0,(D),(D),(D),(D),(D),(D),(D),(D),(D),(D),(D),(D),(D),(D),(D),(D),(D),(D),(D),(D),(D)
 "22025","Catahoula, LA",5,CAGDP2,65,"56","   Administrative and support and waste management and remediation services ","Thousands of dollars",1027,(D),(D),1420,1498,(D),(D),(D),(D),(D),(D),(D),(D),(D),(D),(D),(D),(D),(D),(D),(D),(D)
 "22025","Catahoula, LA",5,CAGDP2,68,"61,62","  Educational services, health care, and social assistance ","Thousands of dollars",6386,6890,7285,7716,(D),8591,8681,9774,10521,11000,11076,11598,15503,12689,11757,12037,13109,13250,14318,14821,15114,16232
 "22025","Catahoula, LA",5,CAGDP2,69,"61","   Educational services ","Thousands of dollars",(D),(D),(D),(D),88,(D),(D),171,123,96,52,71,1,14,2,71,45,24,(D),(D),(D),(D)
 "22025","Catahoula, LA",5,CAGDP2,70,"62","   Health care and social assistance ","Thousands of dollars",(D),(D),(D),(D),(D),(D),(D),9603,10398,10904,11025,11527,15502,12675,11755,11966,13064,13226,(D),(D),(D),(D)
 "22025","Catahoula, LA",5,CAGDP2,75,"71,72","  Arts, entertainment, recreation, accommodation, and food services ","Thousands of dollars",(D),2566,(D),(D),5791,7203,9332,10492,10906,8984,8376,8373,3652,3429,2695,2357,2080,2312,3359,3277,3942,4201
 "22025","Catahoula, LA",5,CAGDP2,76,"71","   Arts, entertainment, and recreation ","Thousands of dollars",165,(D),159,117,(D),(D),(D),(D),221,81,59,110,104,138,67,18,14,46,26,4,20,58
 "22025","Catahoula, LA",5,CAGDP2,79,"72","   Accommodation and food services ","Thousands of dollars",(D),(D),(D),(D),(D),(D),(D),(D),10684,8903,8318,8264,3548,3291,2629,2339,2066,2266,3333,3273,3922,4143
 "22025","Catahoula, LA",5,CAGDP2,82,"81","  Other services (except government and government enterprises) ","Thousands of dollars",7095,8356,8137,7929,7198,7542,7617,7430,7636,7916,8226,9226,(D),(D),(D),(D),8046,9130,(D),(D),(D),(D)
 "22025","Catahoula, LA",5,CAGDP2,83,"92","Government and government enterprises ","Thousands of dollars",26379,27536,31504,31913,33012,33304,31429,32575,35929,38848,39157,38182,38710,38575,37298,37346,36499,35244,36072,42655,40231,42807
 "22025","Catahoula, LA",5,CAGDP2,87,"11,21","Natural resources and mining ","Thousands of dollars",37595,(D),46479,45239,(D),60788,81565,(D),41822,38181,56965,59747,58186,21805,15221,10003,20461,14169,20818,15235,29205,(D)
 "22025","Catahoula, LA",5,CAGDP2,88,"42,44-45","Trade ","Thousands of dollars",21655,20524,19607,23892,29526,32408,36697,34566,43009,53426,44161,36526,30616,32422,28540,27148,26479,25540,28546,32376,37156,41029
 "22025","Catahoula, LA",5,CAGDP2,89,"22,48-49","Transportation and utilities ","Thousands of dollars",(D),(D),(D),(D),(D),(D),(D),(D),(D),(D),(D),(D),(D),(D),(D),(D),(D),(D),(D),(D),(D),(D)
 "22025","Catahoula, LA",5,CAGDP2,90,"31-33,51","Manufacturing and information ","Thousands of dollars",2179,(D),4096,5318,(D),(D),(D),(D),(D),(D),(D),(D),7865,6228,4891,3673,(D),(D),(D),1719,2890,4227
 "22025","Catahoula, LA",5,CAGDP2,91,"...","Private goods-producing industries 2/","Thousands of dollars",45155,27215,55277,57491,58957,71981,90858,41443,50449,48211,71108,75525,72632,34606,26927,21676,36280,30969,35285,26132,42754,30637
 "22025","Catahoula, LA",5,CAGDP2,92,"...","Private services-providing industries 3/","Thousands of dollars",69553,72523,73274,79551,89738,98312,92320,101406,121766,133517,130476,119792,111554,116678,106393,103496,103793,106319,116175,124009,123295,129835
 "22027","Claiborne, LA",5,CAGDP2,1,"...","All industry total ","Thousands of dollars",549878,444445,599651,847067,1089391,959306,611699,696179,611561,596080,809113,553978,513731,522369,451509,391019,409234,423276,400366,354737,409982,494925
 "22027","Claiborne, LA",5,CAGDP2,2,"..."," Private industries ","Thousands of dollars",482232,370154,522694,767029,1006887,873631,539041,622055,528817,512676,726969,475188,434058,443191,372230,310434,325839,334430,311345,262668,306060,381011
 "22027","Claiborne, LA",5,CAGDP2,3,"11","  Agriculture, forestry, fishing and hunting ","Thousands of dollars",16238,14176,13619,44761,48360,37948,46034,49435,38983,42624,27924,31776,42634,56644,74015,34180,48057,53410,35991,21039,49008,106437
 "22027","Claiborne, LA",5,CAGDP2,6,"21","  Mining, quarrying, and oil and gas extraction ","Thousands of dollars",312765,186544,203294,221453,275000,321505,329162,383208,245848,195213,201883,235452,180347,173413,98272,72325,80802,87288,78445,48300,69282,74033
 "22027","Claiborne, LA",5,CAGDP2,10,"22","  Utilities ","Thousands of dollars",3026,3267,3222,3497,3140,3614,3928,4393,4326,4102,4375,4199,4360,4560,4254,4793,4737,5069,5431,5736,5489,5471
 "22027","Claiborne, LA",5,CAGDP2,11,"23","  Construction ","Thousands of dollars",10317,11034,11898,9122,11191,12238,15085,18165,13123,15593,12037,11279,15978,14074,13766,12048,13732,10616,10532,8242,7511,10458
 "22027","Claiborne, LA",5,CAGDP2,12,"31-33","  Manufacturing ","Thousands of dollars",32852,36407,166276,356690,531661,367854,36032,31827,72651,90929,321177,37635,31854,30420,31127,28632,23569,24649,22531,23665,22738,25210
 "22027","Claiborne, LA",5,CAGDP2,13,"321,327-339","   Durable goods manufacturing ","Thousands of dollars",(D),(D),3641,(D),(D),3034,2126,2187,2501,(D),(D),(D),3112,3527,(D),(D),(D),(D),(D),(D),(D),(D)
 "22027","Claiborne, LA",5,CAGDP2,25,"311-316,322-326","   Nondurable goods manufacturing ","Thousands of dollars",(D),(D),162635,(D),(D),364820,33906,29640,70150,(D),(D),(D),28742,26893,(D),(D),(D),(D),(D),(D),(D),(D)
 "22027","Claiborne, LA",5,CAGDP2,34,"42","  Wholesale trade ","Thousands of dollars",9581,11707,11843,13203,13383,14113,14182,16530,17764,16763,14922,16922,16205,14247,11291,10195,8269,8699,8247,7554,7929,9165
 "22027","Claiborne, LA",5,CAGDP2,35,"44-45","  Retail trade ","Thousands of dollars",14781,15003,16052,17348,17203,17471,16577,16120,17689,21540,21406,20428,21207,22167,21269,21135,20165,21128,20853,24191,25749,28270
 "22027","Claiborne, LA",5,CAGDP2,36,"48-49","  Transportation and warehousing ","Thousands of dollars",16444,18767,21377,24294,23465,17619,18957,24789,21235,22672,20715,18782,19975,21687,22042,22358,21932,19983,18551,16607,17469,19739
 "22027","Claiborne, LA",5,CAGDP2,45,"51","  Information ","Thousands of dollars",1950,2274,2082,2586,3369,2959,2915,2761,2617,2604,2540,2610,2196,1892,(D),(D),(D),(D),(D),(D),(D),(D)
 "22027","Claiborne, LA",5,CAGDP2,50,"52,53","  Finance, insurance, real estate, rental, and leasing ","Thousands of dollars",37727,38833,40117,40281,43518,43147,17812,32504,51273,57829,57499,50207,51656,56382,51376,58879,57097,51630,(D),62846,58495,(D)
 "22027","Claiborne, LA",5,CAGDP2,51,"52","   Finance and insurance ","Thousands of dollars",8318,9546,9302,8639,8706,7727,7830,8011,7799,7753,7875,7426,5435,7070,8435,(D),(D),(D),(D),(D),(D),(D)
 "22027","Claiborne, LA",5,CAGDP2,56,"53","   Real estate and rental and leasing ","Thousands of dollars",29409,29286,30815,31642,34812,35419,9982,24493,43474,50076,49624,42781,46221,49311,42941,(D),(D),(D),48933,(D),(D),49431
 "22027","Claiborne, LA",5,CAGDP2,59,"54,55,56","  Professional and business services ","Thousands of dollars",5919,6630,6937,(D),6463,7853,9610,12206,11320,11695,10387,11619,12568,13249,10933,10741,11415,11532,9832,8451,8489,9169
 "22027","Claiborne, LA",5,CAGDP2,60,"54","   Professional, scientific, and technical services ","Thousands of dollars",3315,3759,3970,(D),3720,4984,6257,8724,8157,7468,5739,5385,5348,(D),5338,4878,4890,4969,5211,4646,4649,5086
 "22027","Claiborne, LA",5,CAGDP2,64,"55","   Management of companies and enterprises ","Thousands of dollars",(D),(D),1276,(D),(D),(D),(D),(D),(D),(D),(D),(D),(D),(D),(D),2934,3592,(D),(D),(D),(D),(D)
 "22027","Claiborne, LA",5,CAGDP2,65,"56","   Administrative and support and waste management and remediation services ","Thousands of dollars",(D),(D),1691,(D),(D),(D),(D),(D),(D),(D),(D),(D),(D),5176,(D),2929,2934,(D),(D),(D),(D),(D)
 "22027","Claiborne, LA",5,CAGDP2,68,"61,62","  Educational services, health care, and social assistance ","Thousands of dollars",10854,14578,(D),13846,16496,16773,17554,18634,20730,21396,21442,22919,23612,23254,22898,24661,26714,30131,32219,25446,22501,22734
 "22027","Claiborne, LA",5,CAGDP2,69,"61","   Educational services ","Thousands of dollars",(D),(D),(D),(D),(D),(D),(D),(D),(D),(D),(D),(D),(D),(D),(D),(D),(D),(D),(D),(D),(D),(D)
 "22027","Claiborne, LA",5,CAGDP2,70,"62","   Health care and social assistance ","Thousands of dollars",(D),(D),(D),(D),(D),(D),(D),(D),(D),(D),(D),(D),(D),(D),(D),(D),(D),(D),(D),(D),(D),(D)
 "22027","Claiborne, LA",5,CAGDP2,75,"71,72","  Arts, entertainment, recreation, accommodation, and food services ","Thousands of dollars",3346,3404,(D),(D),6098,2853,3485,3362,3092,2841,3972,4504,4336,4276,3535,(D),2157,2536,2721,2507,3265,4453
 "22027","Claiborne, LA",5,CAGDP2,76,"71","   Arts, entertainment, and recreation ","Thousands of dollars",682,821,3191,4116,(D),(D),(D),(D),(D),(D),(D),(D),(D),(D),(D),(D),41,78,83,(D),(D),(D)
 "22027","Claiborne, LA",5,CAGDP2,79,"72","   Accommodation and food services ","Thousands of dollars",2664,2584,(D),(D),(D),(D),(D),(D),(D),(D),(D),(D),(D),(D),(D),(D),2116,2458,2638,(D),(D),(D)
 "22027","Claiborne, LA",5,CAGDP2,82,"81","  Other services (except government and government enterprises) ","Thousands of dollars",6433,7530,7388,7583,7540,7685,7709,8120,8166,6873,6692,6855,7130,6926,(D),(D),(D),(D),(D),(D),(D),(D)
 "22027","Claiborne, LA",5,CAGDP2,83,"92","Government and government enterprises ","Thousands of dollars",67646,74291,76957,80038,82504,85675,72658,74124,82744,83404,82144,78790,79673,79178,79279,80586,83395,88847,89022,92069,103922,113914
 "22027","Claiborne, LA",5,CAGDP2,87,"11,21","Natural resources and mining ","Thousands of dollars",329003,200719,216914,266213,323360,359453,375196,432644,284830,237838,229807,267228,222981,230057,172286,106505,128859,140697,114435,69339,118290,180470
 "22027","Claiborne, LA",5,CAGDP2,88,"42,44-45","Trade ","Thousands of dollars",24362,26710,27894,30551,30586,31584,30758,32650,35454,38304,36328,37351,37412,36413,32559,31330,28434,29827,29100,31745,33678,37435
 "22027","Claiborne, LA",5,CAGDP2,89,"22,48-49","Transportation and utilities ","Thousands of dollars",19470,22034,24599,27790,26605,21233,22885,29183,25561,26774,25090,22981,24335,26248,26295,27152,26669,25052,23982,22343,22958,25209
 "22027","Claiborne, LA",5,CAGDP2,90,"31-33,51","Manufacturing and information ","Thousands of dollars",34801,38681,168358,359277,535030,370814,38947,34588,75269,93533,323717,40244,34050,32312,(D),(D),(D),(D),(D),(D),(D),(D)
 "22027","Claiborne, LA",5,CAGDP2,91,"...","Private goods-producing industries 2/","Thousands of dollars",372171,248161,395087,632026,866212,739545,426313,482636,370605,344360,563021,316142,270813,274551,217179,147185,166160,175963,147499,101246,148540,216138
 "22027","Claiborne, LA",5,CAGDP2,92,"...","Private services-providing industries 3/","Thousands of dollars",110061,121994,127607,135003,140675,134087,112728,139419,158212,168316,163948,159046,163245,168640,155051,163249,159679,158467,163846,161423,157520,164872
 "22029","Concordia, LA",5,CAGDP2,1,"...","All industry total ","Thousands of dollars",341872,355818,378454,435512,492667,503644,468667,506710,564161,633487,657768,611827,614185,607166,508242,534500,556070,578477,601264,594200,652808,692671
 "22029","Concordia, LA",5,CAGDP2,2,"..."," Private industries ","Thousands of dollars",282705,293386,310468,361884,413377,421774,391712,429930,477360,540560,560901,517208,519060,510442,412381,437388,457657,478995,494132,487183,547737,582025
 "22029","Concordia, LA",5,CAGDP2,3,"11","  Agriculture, forestry, fishing and hunting ","Thousands of dollars",26623,16855,34677,29435,25451,26005,32591,6584,18859,33158,39166,59987,74144,59756,4186,22184,47605,49916,28979,34172,64344,60504
 "22029","Concordia, LA",5,CAGDP2,6,"21","  Mining, quarrying, and oil and gas extraction ","Thousands of dollars",28568,18739,21045,26807,35777,53880,64471,80146,48030,42726,50886,56972,54331,57086,25980,20388,22690,24435,17545,9568,18551,27233
 "22029","Concordia, LA",5,CAGDP2,10,"22","  Utilities ","Thousands of dollars",30642,29509,31767,37918,28710,28148,31005,41440,43924,43947,41594,26724,41465,45636,39450,42580,39096,47256,62192,54174,(D),51646
 "22029","Concordia, LA",5,CAGDP2,11,"23","  Construction ","Thousands of dollars",(D),(D),(D),9129,11158,15730,9112,10092,11401,10616,8318,8780,7853,8829,9598,10800,9070,12684,9421,12351,14320,25374
 "22029","Concordia, LA",5,CAGDP2,12,"31-33","  Manufacturing ","Thousands of dollars",(D),(D),(D),46657,69585,52143,36438,34263,73597,104984,108041,44391,28683,16640,17698,21463,21389,23887,44684,45634,57023,63752
 "22029","Concordia, LA",5,CAGDP2,13,"321,327-339","   Durable goods manufacturing ","Thousands of dollars",(D),(D),(D),(D),(D),(D),(D),10708,(D),(D),(D),25732,15777,1744,1596,1447,421,1731,2777,3666,3800,5151
 "22029","Concordia, LA",5,CAGDP2,25,"311-316,322-326","   Nondurable goods manufacturing ","Thousands of dollars",(D),(D),(D),(D),(D),(D),(D),23555,(D),(D),(D),18659,12906,14896,16102,20016,20968,22156,41908,41968,53222,58602
 "22029","Concordia, LA",5,CAGDP2,34,"42","  Wholesale trade ","Thousands of dollars",29720,43189,41160,38761,43435,39231,37528,40365,42143,51802,55356,55757,58652,59182,61049,59937,59387,57059,56767,52178,(D),56863
 "22029","Concordia, LA",5,CAGDP2,35,"44-45","  Retail trade ","Thousands of dollars",26988,26904,31957,33262,36290,40049,43360,46565,49001,49386,48983,54362,57876,56114,56931,61994,62651,65351,65130,65235,68852,73023
 "22029","Concordia, LA",5,CAGDP2,36,"48-49","  Transportation and warehousing ","Thousands of dollars",3382,3928,3738,15466,21107,21474,19638,31021,24542,29080,34813,34208,30070,24751,21052,18223,12221,9985,13763,13629,12388,(D)
 "22029","Concordia, LA",5,CAGDP2,45,"51","  Information ","Thousands of dollars",(D),(D),4325,6631,(D),(D),(D),5143,(D),8216,(D),(D),5408,5097,5051,4934,5005,4542,5176,5164,5079,(D)
 "22029","Concordia, LA",5,CAGDP2,50,"52,53","  Finance, insurance, real estate, rental, and leasing ","Thousands of dollars",45702,47144,45909,52707,61776,69024,32565,47644,63997,64294,70006,71216,67430,79159,72573,77420,80319,83186,90256,100482,91049,91995
 "22029","Concordia, LA",5,CAGDP2,51,"52","   Finance and insurance ","Thousands of dollars",14826,14950,13266,12508,15837,14892,15690,14748,14522,13623,14058,13622,11179,14295,16832,18546,19873,20158,20684,21467,19586,18872
 "22029","Concordia, LA",5,CAGDP2,56,"53","   Real estate and rental and leasing ","Thousands of dollars",30876,32194,32644,40199,45939,54132,16874,32896,49475,50671,55949,57594,56251,64864,55741,58874,60446,63028,69572,79015,71463,73124
 "22029","Concordia, LA",5,CAGDP2,59,"54,55,56","  Professional and business services ","Thousands of dollars",11171,11885,12458,13102,(D),(D),(D),21325,(D),24482,(D),(D),23145,25825,25256,25358,28022,29643,28067,23780,28955,32130
 "22029","Concordia, LA",5,CAGDP2,60,"54","   Professional, scientific, and technical services ","Thousands of dollars",4070,4896,5036,5710,6185,6750,(D),(D),(D),(D),(D),(D),(D),(D),(D),(D),(D),(D),(D),(D),(D),7421
 "22029","Concordia, LA",5,CAGDP2,64,"55","   Management of companies and enterprises ","Thousands of dollars",(D),(D),(D),(D),(D),(D),(D),(D),(D),(D),(D),(D),(D),(D),(D),(D),(D),(D),(D),(D),(D),7962
 "22029","Concordia, LA",5,CAGDP2,65,"56","   Administrative and support and waste management and remediation services ","Thousands of dollars",(D),(D),(D),(D),(D),(D),7222,9354,9287,11138,7725,7227,7726,9878,10008,9938,12826,14428,13872,11504,15207,16747
 "22029","Concordia, LA",5,CAGDP2,68,"61,62","  Educational services, health care, and social assistance ","Thousands of dollars",16011,18433,20864,25355,26204,25621,30132,34014,37827,41210,38348,39679,39458,39439,39558,39135,38282,38328,40212,41484,44757,45435
 "22029","Concordia, LA",5,CAGDP2,69,"61","   Educational services ","Thousands of dollars",(D),(D),(D),(D),(D),(D),(D),(D),6543,(D),(D),(D),(D),(D),(D),(D),(D),(D),(D),(D),(D),(D)
 "22029","Concordia, LA",5,CAGDP2,70,"62","   Health care and social assistance ","Thousands of dollars",(D),(D),(D),(D),(D),(D),(D),(D),31284,(D),(D),(D),(D),(D),(D),(D),(D),(D),(D),(D),(D),(D)
 "22029","Concordia, LA",5,CAGDP2,75,"71,72","  Arts, entertainment, recreation, accommodation, and food services ","Thousands of dollars",10486,10948,14571,14309,18341,15291,15935,15800,18796,18504,16984,15639,11955,11709,12347,11919,12078,11884,12076,11017,14214,15419
 "22029","Concordia, LA",5,CAGDP2,76,"71","   Arts, entertainment, and recreation ","Thousands of dollars",2941,3127,5856,5122,8306,4993,5334,6158,8991,8762,8000,6799,2341,2148,2027,2159,2666,2894,2653,2143,3776,4128
 "22029","Concordia, LA",5,CAGDP2,79,"72","   Accommodation and food services ","Thousands of dollars",7545,7820,8715,9187,10035,10298,10601,9642,9806,9743,8984,8840,9614,9561,10320,9760,9412,8990,9422,8874,10438,11291
 "22029","Concordia, LA",5,CAGDP2,82,"81","  Other services (except government and government enterprises) ","Thousands of dollars",(D),(D),11675,12345,12543,13817,14829,15528,16546,18154,17675,19450,18590,21219,21654,21052,19843,20839,19864,18314,17846,20383
 "22029","Concordia, LA",5,CAGDP2,83,"92","Government and government enterprises ","Thousands of dollars",59166,62432,67985,73627,79290,81870,76955,76780,86801,92927,96867,94619,95125,96723,95860,97112,98414,99482,107132,107017,105071,110646
 "22029","Concordia, LA",5,CAGDP2,87,"11,21","Natural resources and mining ","Thousands of dollars",55191,35594,55722,56242,61228,79884,97062,86730,66889,75885,90052,116959,128475,116843,30166,42572,70295,74352,46524,43740,82895,87738
 "22029","Concordia, LA",5,CAGDP2,88,"42,44-45","Trade ","Thousands of dollars",56709,70093,73117,72023,79725,79280,80889,86930,91144,101187,104339,110119,116528,115296,117980,121931,122038,122411,121897,117413,(D),129886
 "22029","Concordia, LA",5,CAGDP2,89,"22,48-49","Transportation and utilities ","Thousands of dollars",34024,33438,35505,53384,49816,49622,50643,72461,68466,73027,76407,60932,71535,70388,60502,60803,51317,57240,75955,67804,(D),(D)
 "22029","Concordia, LA",5,CAGDP2,90,"31-33,51","Manufacturing and information ","Thousands of dollars",32574,41328,(D),53287,(D),(D),(D),39406,(D),113200,(D),(D),34090,21737,22749,26397,26394,28429,49860,50798,62102,(D)
 "22029","Concordia, LA",5,CAGDP2,91,"...","Private goods-producing industries 2/","Thousands of dollars",94761,85388,92044,112028,141970,147758,142612,131085,151888,191485,206411,170129,165010,142311,57462,74836,100754,110923,100629,101725,154238,176864
 "22029","Concordia, LA",5,CAGDP2,92,"...","Private services-providing industries 3/","Thousands of dollars",187944,207998,218424,249857,271406,274016,249100,298845,325472,349075,354489,347079,354049,368131,354920,362552,356903,368072,393503,385458,393500,405161
 "22031","De Soto, LA",5,CAGDP2,1,"...","All industry total ","Thousands of dollars",874784,782815,923486,1030807,1197633,1322821,1359230,1664944,2106177,3582865,4545552,3434926,2914987,2708388,1885495,1783419,2143249,2648355,2497660,1673375,2841623,3704915
 "22031","De Soto, LA",5,CAGDP2,2,"..."," Private industries ","Thousands of dollars",816273,720755,856201,959304,1121733,1243122,1283542,1589241,2011327,3460774,4409716,3300957,2786997,2588796,1766050,1662812,2021188,2520740,2365203,1538211,2707046,3566194
 "22031","De Soto, LA",5,CAGDP2,3,"11","  Agriculture, forestry, fishing and hunting ","Thousands of dollars",9640,6942,8668,14576,12747,16597,13152,6999,6510,5461,5846,(D),6614,8000,8867,7395,7287,8521,9272,9384,11369,8432
 "22031","De Soto, LA",5,CAGDP2,6,"21","  Mining, quarrying, and oil and gas extraction ","Thousands of dollars",332960,249499,351642,432861,587838,655084,748948,991659,1359931,2729862,3487239,2568614,2073722,1871059,1020411,932940,1309730,1750719,1570614,711427,1809943,2673491
 "22031","De Soto, LA",5,CAGDP2,10,"22","  Utilities ","Thousands of dollars",206766,172602,189027,186130,189132,207164,170369,218114,187371,215266,216611,201350,157102,160718,201250,(D),128982,103912,(D),98206,128072,75281
 "22031","De Soto, LA",5,CAGDP2,11,"23","  Construction ","Thousands of dollars",29332,31380,32730,34045,35685,34786,32099,36360,36890,37543,78376,71678,73587,(D),(D),(D),(D),46059,44308,45313,56396,40268
 "22031","De Soto, LA",5,CAGDP2,12,"31-33","  Manufacturing ","Thousands of dollars",102479,115494,116945,123273,108453,124900,141569,128297,193903,209411,351093,(D),213672,(D),(D),(D),(D),291768,293606,326191,338859,390546
 "22031","De Soto, LA",5,CAGDP2,13,"321,327-339","   Durable goods manufacturing ","Thousands of dollars",(D),(D),(D),(D),(D),(D),(D),(D),(D),(D),(D),(D),(D),(D),(D),(D),(D),1875,1798,1740,1915,1805
 "22031","De Soto, LA",5,CAGDP2,25,"311-316,322-326","   Nondurable goods manufacturing ","Thousands of dollars",(D),(D),(D),(D),(D),(D),(D),(D),(D),(D),(D),(D),(D),198010,223534,235210,240706,289893,291808,324451,336944,388741
 "22031","De Soto, LA",5,CAGDP2,34,"42","  Wholesale trade ","Thousands of dollars",4655,3969,3615,3415,3661,4151,4611,4414,4229,4044,4542,5296,6293,8356,8695,8502,7221,6989,6112,6654,7595,10014
 "22031","De Soto, LA",5,CAGDP2,35,"44-45","  Retail trade ","Thousands of dollars",24747,27974,32131,38376,45198,61723,70538,65258,52365,54262,54183,53457,56578,57338,54117,60823,66408,70541,74113,79524,89930,89698
 "22031","De Soto, LA",5,CAGDP2,36,"48-49","  Transportation and warehousing ","Thousands of dollars",3968,3892,4387,5042,5948,7768,9251,10329,9325,17211,23341,26348,26114,28649,29201,29555,27970,54798,68009,59110,54564,57687
 "22031","De Soto, LA",5,CAGDP2,45,"51","  Information ","Thousands of dollars",(D),2655,2818,3136,3434,2994,3039,3205,3174,2884,2309,3121,3867,3938,4031,3659,3534,3419,2959,3135,2766,2801
 "22031","De Soto, LA",5,CAGDP2,50,"52,53","  Finance, insurance, real estate, rental, and leasing ","Thousands of dollars",57903,59008,63003,66156,72497,69007,29081,54893,84983,103967,108158,99139,94227,103266,89319,103096,102818,96663,106292,115889,119991,120518
 "22031","De Soto, LA",5,CAGDP2,51,"52","   Finance and insurance ","Thousands of dollars",11543,12967,12787,12478,13204,12771,13132,14945,14674,15158,17715,15648,12194,15824,18855,21983,22346,24925,23310,24629,25977,25191
 "22031","De Soto, LA",5,CAGDP2,56,"53","   Real estate and rental and leasing ","Thousands of dollars",46360,46042,50216,53678,59292,56235,15949,39949,70309,88809,90443,83492,82033,87442,70465,81113,80472,71738,82982,91260,94014,95327
 "22031","De Soto, LA",5,CAGDP2,59,"54,55,56","  Professional and business services ","Thousands of dollars",(D),11026,13395,11884,13808,13697,15825,18975,17743,23166,22914,21443,18375,18093,18533,17447,20073,19225,(D),15963,17369,19024
 "22031","De Soto, LA",5,CAGDP2,60,"54","   Professional, scientific, and technical services ","Thousands of dollars",4597,5284,4815,(D),(D),(D),(D),(D),9703,12112,11260,10781,8947,8978,8994,7876,8115,(D),(D),8035,8703,9637
 "22031","De Soto, LA",5,CAGDP2,64,"55","   Management of companies and enterprises ","Thousands of dollars",(D),(D),(D),(D),(D),(D),(D),(D),713,739,859,1547,744,777,749,615,1852,(D),(D),(D),2242,2030
 "22031","De Soto, LA",5,CAGDP2,65,"56","   Administrative and support and waste management and remediation services ","Thousands of dollars",4527,(D),(D),6848,8910,(D),9709,8655,7327,10314,10795,9116,8683,8338,8790,8956,10106,9924,7826,(D),6423,7356
 "22031","De Soto, LA",5,CAGDP2,68,"61,62","  Educational services, health care, and social assistance ","Thousands of dollars",16437,19348,20929,22626,25435,26758,26465,29613,32848,31644,31435,30783,31225,32549,31339,(D),38227,39046,39917,38626,39054,41913
 "22031","De Soto, LA",5,CAGDP2,69,"61","   Educational services ","Thousands of dollars",(D),(D),(D),(D),(D),(D),(D),(D),(D),(D),(D),(D),(D),(D),(D),(D),(D),(D),(D),(D),(D),(D)
 "22031","De Soto, LA",5,CAGDP2,70,"62","   Health care and social assistance ","Thousands of dollars",(D),(D),(D),(D),(D),(D),(D),(D),(D),(D),(D),(D),(D),(D),(D),(D),(D),(D),(D),(D),(D),(D)
 "22031","De Soto, LA",5,CAGDP2,75,"71,72","  Arts, entertainment, recreation, accommodation, and food services ","Thousands of dollars",4050,4539,4451,4738,4644,4396,4357,5464,6655,8378,9715,12202,11641,11171,12077,11998,12302,12135,11814,11799,14314,16780
 "22031","De Soto, LA",5,CAGDP2,76,"71","   Arts, entertainment, and recreation ","Thousands of dollars",(D),(D),(D),(D),(D),(D),326,373,565,1486,1716,2238,2288,2198,1572,1403,1303,1540,1601,1512,2307,2969
 "22031","De Soto, LA",5,CAGDP2,79,"72","   Accommodation and food services ","Thousands of dollars",(D),(D),(D),(D),(D),(D),4031,5091,6091,6892,8000,9964,9353,8973,10505,10595,10999,10595,10213,10287,12007,13811
 "22031","De Soto, LA",5,CAGDP2,82,"81","  Other services (except government and government enterprises) ","Thousands of dollars",11208,12428,12461,13046,13253,14098,14239,15662,15401,17674,13952,14013,13981,15660,15937,15881,16515,16943,17427,16992,16825,19739
 "22031","De Soto, LA",5,CAGDP2,83,"92","Government and government enterprises ","Thousands of dollars",58511,62059,67285,71503,75900,79699,75688,75703,94850,122091,135835,133968,127990,119592,119445,120608,122061,127615,132457,135163,134577,138722
 "22031","De Soto, LA",5,CAGDP2,87,"11,21","Natural resources and mining ","Thousands of dollars",342600,256440,360310,447437,600585,671681,762101,998658,1366441,2735323,3493086,(D),2080335,1879058,1029278,940335,1317017,1759241,1579886,720811,1821312,2681923
 "22031","De Soto, LA",5,CAGDP2,88,"42,44-45","Trade ","Thousands of dollars",29401,31943,35746,41791,48859,65874,75149,69672,56594,58307,58725,58753,62871,65694,62812,69325,73628,77531,80224,86177,97525,99712
 "22031","De Soto, LA",5,CAGDP2,89,"22,48-49","Transportation and utilities ","Thousands of dollars",210733,176494,193413,191172,195080,214932,179620,228443,196696,232477,239952,227699,183216,189366,230451,(D),156951,158711,(D),157316,182637,132969
 "22031","De Soto, LA",5,CAGDP2,90,"31-33,51","Manufacturing and information ","Thousands of dollars",(D),118149,119763,126409,111886,127894,144608,131502,197076,212295,353403,(D),217539,(D),(D),(D),(D),295187,296565,329326,341624,393348
 "22031","De Soto, LA",5,CAGDP2,91,"...","Private goods-producing industries 2/","Thousands of dollars",474411,403314,509985,604755,744723,831367,935769,1163314,1597233,2982277,3922555,2833803,2367595,2149057,1301551,1210134,1597140,2097068,1917800,1092316,2216566,3112738
 "22031","De Soto, LA",5,CAGDP2,92,"...","Private services-providing industries 3/","Thousands of dollars",341863,317442,346216,354548,377009,411755,347774,425927,414094,478497,487161,467154,419403,439739,464499,452678,424048,423672,447404,445896,490480,453456
 "22033","East Baton Rouge, LA",5,CAGDP2,1,"...","All industry total ","Thousands of dollars",16114302,17009785,18995905,21000651,24740618,26485243,26358305,26725518,27577915,28591485,32312104,33055783,34780564,40266960,40083692,36562275,33886953,38227967,36417931,34024536,36088588,39377444
 "22033","East Baton Rouge, LA",5,CAGDP2,2,"..."," Private industries ","Thousands of dollars",13670645,14382952,16230202,17966859,21503169,23068904,23164774,23408652,23777677,24706020,28425184,29233068,30981158,36383180,36126003,32551666,29811503,33985578,32095596,29544826,31531202,34655132
 "22033","East Baton Rouge, LA",5,CAGDP2,3,"11","  Agriculture, forestry, fishing and hunting ","Thousands of dollars",11096,9134,9893,7885,6624,9506,5322,3502,1065,3203,2981,2244,2306,1411,2074,2340,1844,2913,1353,(D),2193,1929
 "22033","East Baton Rouge, LA",5,CAGDP2,6,"21","  Mining, quarrying, and oil and gas extraction ","Thousands of dollars",392746,251839,302865,238981,240738,214294,246588,222671,149465,162044,161720,150119,126058,83300,58556,46249,52657,70399,78932,55220,(D),50310
 "22033","East Baton Rouge, LA",5,CAGDP2,10,"22","  Utilities ","Thousands of dollars",145596,212529,226264,219094,208540,215701,219937,235863,222048,240221,246743,228900,286401,280084,259095,269055,276095,268692,291700,(D),(D),321300
 "22033","East Baton Rouge, LA",5,CAGDP2,11,"23","  Construction ","Thousands of dollars",1286483,1325495,1424601,1441101,1679605,2011131,2296473,2388389,2599665,2129439,2008268,2229219,2525825,2816288,2837624,3138229,3247293,3638650,3512060,3185491,3178592,3240641
 "22033","East Baton Rouge, LA",5,CAGDP2,12,"31-33","  Manufacturing ","Thousands of dollars",2447163,2675120,3875285,5045334,7314216,7342316,7390861,6314861,6075063,7218421,10469897,10192154,10609771,15250027,14143839,10210087,7013132,9986637,8156686,5907541,6133246,7258514
 "22033","East Baton Rouge, LA",5,CAGDP2,13,"321,327-339","   Durable goods manufacturing ","Thousands of dollars",242101,236175,(D),(D),(D),303515,374684,383567,367244,344747,381532,453092,488805,444963,473145,417237,430352,460633,539433,494911,468001,543918
 "22033","East Baton Rouge, LA",5,CAGDP2,25,"311-316,322-326","   Nondurable goods manufacturing ","Thousands of dollars",2205062,2438945,(D),(D),(D),7038801,7016177,5931294,5707819,6873674,10088364,9739063,10120966,14805063,13670694,9792851,6582780,9526003,7617253,5412630,5665245,6714596
 "22033","East Baton Rouge, LA",5,CAGDP2,34,"42","  Wholesale trade ","Thousands of dollars",902350,919929,992016,1115481,1228502,1348439,1436114,1458319,1402275,1463726,1529395,1647483,1671976,1631876,1537813,1531134,1498409,1561418,1565165,1583935,1653136,1795120
 "22033","East Baton Rouge, LA",5,CAGDP2,35,"44-45","  Retail trade ","Thousands of dollars",1165278,1206911,1283590,1405561,1567655,1789985,1788590,1695698,1651246,1654874,1663721,1758022,1682131,1581156,1964190,2154121,2169428,1756039,1555167,1567498,1778653,1900471
 "22033","East Baton Rouge, LA",5,CAGDP2,36,"48-49","  Transportation and warehousing ","Thousands of dollars",376307,419349,374747,386494,405452,451475,479435,563743,437811,456904,508827,534641,654546,708084,742477,736035,703209,722016,719742,662376,777800,926533
 "22033","East Baton Rouge, LA",5,CAGDP2,45,"51","  Information ","Thousands of dollars",488048,548704,612636,646487,837998,875789,812179,768267,743597,671772,734389,731678,1223037,1333098,1357873,1061260,1043161,1117151,1070334,(D),(D),1146157
 "22033","East Baton Rouge, LA",5,CAGDP2,50,"52,53","  Finance, insurance, real estate, rental, and leasing ","Thousands of dollars",2280761,2401334,2537153,2701290,2974638,3145562,2344737,2855140,3432787,3470225,3866093,4176728,4254136,4506155,4718724,4843411,5062093,5663289,5543757,6210951,6672322,6869791
 "22033","East Baton Rouge, LA",5,CAGDP2,51,"52","   Finance and insurance ","Thousands of dollars",825202,910668,969372,1020815,1179359,1215962,1327698,1251315,1243935,1226666,1270541,1348365,1256483,1498860,1761113,1940517,2073496,2261502,2301819,2576883,2755525,2931544
 "22033","East Baton Rouge, LA",5,CAGDP2,56,"53","   Real estate and rental and leasing ","Thousands of dollars",1455559,1490666,1567781,1680475,1795278,1929600,1017039,1603825,2188852,2243559,2595552,2828363,2997653,3007295,2957611,2902894,2988596,3401787,3241938,3634068,3916797,3938247
 "22033","East Baton Rouge, LA",5,CAGDP2,59,"54,55,56","  Professional and business services ","Thousands of dollars",1922602,2056787,2101477,2087465,2150582,2507766,2815784,3377396,3313134,3358962,3324171,3516821,3712445,3750185,3876247,3839119,3934439,4330101,4569547,4335721,4495959,4914482
 "22033","East Baton Rouge, LA",5,CAGDP2,60,"54","   Professional, scientific, and technical services ","Thousands of dollars",1206165,1309207,1301448,1248275,1288104,1502057,1790891,2071332,1971095,1997727,2005512,2083388,2177551,2288249,2377043,2314469,2346454,2581201,2705668,2517233,2470720,2751354
 "22033","East Baton Rouge, LA",5,CAGDP2,64,"55","   Management of companies and enterprises ","Thousands of dollars",280726,282611,283729,313937,299427,325390,340591,520803,485974,497006,493463,598248,697038,568018,571314,591297,581622,582768,616339,609223,661467,736298
 "22033","East Baton Rouge, LA",5,CAGDP2,65,"56","   Administrative and support and waste management and remediation services ","Thousands of dollars",435711,464968,516300,525252,563051,680319,684302,785262,856066,864229,825196,835185,837856,893918,927891,933352,1006363,1166133,1247540,1209264,1363772,1426829
 "22033","East Baton Rouge, LA",5,CAGDP2,68,"61,62","  Educational services, health care, and social assistance ","Thousands of dollars",1219931,1277704,1383266,1527485,1643396,1815981,1923254,2122261,2319308,2437145,2485766,2569730,2687672,2812023,2924318,2969413,3045642,3100514,3222772,3262639,3506049,3970959
 "22033","East Baton Rouge, LA",5,CAGDP2,69,"61","   Educational services ","Thousands of dollars",68126,75449,83857,95634,97433,105747,122134,140306,164642,183769,186892,193480,194114,198902,197520,195477,186092,189820,193380,182545,201344,216705
 "22033","East Baton Rouge, LA",5,CAGDP2,70,"62","   Health care and social assistance ","Thousands of dollars",1151805,1202255,1299409,1431850,1545963,1710234,1801120,1981955,2154666,2253376,2298875,2376250,2493558,2613121,2726798,2773935,2859550,2910694,3029392,3080093,3304705,3754254
 "22033","East Baton Rouge, LA",5,CAGDP2,75,"71,72","  Arts, entertainment, recreation, accommodation, and food services ","Thousands of dollars",603860,614758,632266,651623,728288,776995,812153,818897,841490,851303,831211,891340,929979,1009028,1051926,1067118,1076805,1060825,1098858,937108,1280283,1460492
 "22033","East Baton Rouge, LA",5,CAGDP2,76,"71","   Arts, entertainment, and recreation ","Thousands of dollars",171740,168952,176627,173721,191732,185530,186597,192772,199503,208457,215840,251271,258338,253171,250849,245978,241764,243351,305901,250089,418241,485062
 "22033","East Baton Rouge, LA",5,CAGDP2,79,"72","   Accommodation and food services ","Thousands of dollars",432119,445806,455639,477902,536556,591465,625555,626125,641987,642847,615371,640070,671641,755858,801077,821140,835040,817474,792957,687019,862042,975430
 "22033","East Baton Rouge, LA",5,CAGDP2,82,"81","  Other services (except government and government enterprises) ","Thousands of dollars",428424,463360,474142,492578,516935,563963,593349,583645,588723,587781,592000,603988,614876,620466,651247,684097,687299,706934,709523,674374,700951,798434
 "22033","East Baton Rouge, LA",5,CAGDP2,83,"92","Government and government enterprises ","Thousands of dollars",2443657,2626833,2765702,3033793,3237448,3416339,3193530,3316867,3800237,3885464,3886919,3822714,3799406,3883780,3957689,4010609,4075450,4242389,4322335,4479710,4557386,4722312
 "22033","East Baton Rouge, LA",5,CAGDP2,87,"11,21","Natural resources and mining ","Thousands of dollars",403842,260973,312758,246866,247362,223800,251910,226173,150530,165247,164701,152363,128364,84711,60630,48589,54501,73312,80286,(D),(D),52239
 "22033","East Baton Rouge, LA",5,CAGDP2,88,"42,44-45","Trade ","Thousands of dollars",2067628,2126841,2275606,2521042,2796157,3138424,3224703,3154017,3053521,3118600,3193117,3405505,3354106,3213032,3502002,3685255,3667837,3317458,3120332,3151433,3431789,3695590
 "22033","East Baton Rouge, LA",5,CAGDP2,89,"22,48-49","Transportation and utilities ","Thousands of dollars",521903,631878,601012,605588,613993,667176,699372,799606,659859,697125,755571,763542,940947,988168,1001572,1005090,979303,990708,1011442,(D),(D),1247833
 "22033","East Baton Rouge, LA",5,CAGDP2,90,"31-33,51","Manufacturing and information ","Thousands of dollars",2935211,3223824,4487921,5691821,8152214,8218105,8203040,7083128,6818660,7890194,11204286,10923832,11832808,16583124,15501712,11271347,8056293,11103788,9227020,(D),(D),8404670
 "22033","East Baton Rouge, LA",5,CAGDP2,91,"...","Private goods-producing industries 2/","Thousands of dollars",4137488,4261587,5612644,6733301,9241183,9577247,9939244,8929423,8825259,9513108,12642866,12573736,13263961,18151025,17042093,13396905,10314926,13698598,11749032,(D),(D),10551394
 "22033","East Baton Rouge, LA",5,CAGDP2,92,"...","Private services-providing industries 3/","Thousands of dollars",9533157,10121365,10617559,11233558,12261987,13491657,13225530,14479228,14952418,15192913,15782318,16659333,17717197,18232155,19083909,19154761,19496577,20286980,20346565,(D),(D),24103737
 "22035","East Carroll, LA",5,CAGDP2,1,"...","All industry total ","Thousands of dollars",106874,101064,139643,139268,127686,136369,152458,134172,150137,162619,189784,233598,253552,227906,146884,184169,180226,172755,164829,170431,190871,176002
 "22035","East Carroll, LA",5,CAGDP2,2,"..."," Private industries ","Thousands of dollars",76069,69647,106767,104211,91370,96680,114705,96848,107702,121729,148901,199207,213148,187740,111906,149917,144473,135837,128590,135213,156423,143414
 "22035","East Carroll, LA",5,CAGDP2,3,"11","  Agriculture, forestry, fishing and hunting ","Thousands of dollars",19611,10472,44139,37535,20621,(D),48200,23558,(D),37303,58982,105803,116327,91696,17423,52301,47618,37469,34744,38705,55026,34296
 "22035","East Carroll, LA",5,CAGDP2,6,"21","  Mining, quarrying, and oil and gas extraction ","Thousands of dollars",0,0,0,0,121,672,314,0,0,180,0,0,0,0,0,0,0,0,0,0,0,0
 "22035","East Carroll, LA",5,CAGDP2,10,"22","  Utilities ","Thousands of dollars",125,140,137,144,142,145,138,(D),161,237,224,179,195,192,197,220,191,119,89,51,115,116
 "22035","East Carroll, LA",5,CAGDP2,11,"23","  Construction ","Thousands of dollars",2046,2176,1081,964,770,482,453,3103,1168,1124,(D),285,1208,1325,461,458,(D),477,141,(D),(D),(D)
 "22035","East Carroll, LA",5,CAGDP2,12,"31-33","  Manufacturing ","Thousands of dollars",3714,4403,5316,7817,7913,8394,8548,5220,4866,6287,(D),9594,10485,9902,9205,7916,(D),6143,6002,(D),(D),(D)
 "22035","East Carroll, LA",5,CAGDP2,13,"321,327-339","   Durable goods manufacturing ","Thousands of dollars",(D),(D),(D),(D),(D),(D),(D),(D),(D),(D),(D),(D),(D),(D),(D),204,81,46,19,15,(D),28
 "22035","East Carroll, LA",5,CAGDP2,25,"311-316,322-326","   Nondurable goods manufacturing ","Thousands of dollars",(D),(D),(D),(D),(D),(D),(D),(D),(D),(D),(D),(D),(D),(D),(D),7712,(D),6097,5983,(D),6285,(D)
 "22035","East Carroll, LA",5,CAGDP2,34,"42","  Wholesale trade ","Thousands of dollars",15448,13355,15825,16255,17598,19176,19613,19924,20061,23206,25940,26017,27755,25482,22792,22182,19793,20227,18258,20602,25307,27183
 "22035","East Carroll, LA",5,CAGDP2,35,"44-45","  Retail trade ","Thousands of dollars",5778,6265,6556,6881,7115,7923,8416,9229,8790,11477,13635,16769,15214,13907,12578,13044,13318,12784,12302,14217,(D),(D)
 "22035","East Carroll, LA",5,CAGDP2,36,"48-49","  Transportation and warehousing ","Thousands of dollars",(D),(D),(D),(D),(D),(D),(D),(D),(D),(D),(D),(D),(D),(D),(D),(D),(D),(D),(D),(D),(D),(D)
 "22035","East Carroll, LA",5,CAGDP2,45,"51","  Information ","Thousands of dollars",877,717,(D),(D),(D),(D),(D),(D),(D),(D),(D),(D),(D),(D),(D),(D),(D),(D),(D),(D),(D),(D)
 "22035","East Carroll, LA",5,CAGDP2,50,"52,53","  Finance, insurance, real estate, rental, and leasing ","Thousands of dollars",15498,18005,17702,18631,19912,19985,10099,16092,21101,22574,22458,22520,22689,24365,24383,26492,24542,26708,27016,28948,25220,24075
 "22035","East Carroll, LA",5,CAGDP2,51,"52","   Finance and insurance ","Thousands of dollars",3525,5276,4996,5143,4679,4683,4886,5267,5514,6010,6108,6074,5444,6225,7034,7915,7775,8032,7893,(D),8951,7805
 "22035","East Carroll, LA",5,CAGDP2,56,"53","   Real estate and rental and leasing ","Thousands of dollars",11972,12730,12707,13488,15234,15302,5212,10825,15588,16564,16350,16446,17244,18140,17349,18577,16766,18676,19123,(D),16270,16271
 "22035","East Carroll, LA",5,CAGDP2,59,"54,55,56","  Professional and business services ","Thousands of dollars",1396,(D),(D),(D),(D),762,636,661,610,917,1137,1097,1858,2317,5795,7404,9050,9175,9449,(D),(D),9134
 "22035","East Carroll, LA",5,CAGDP2,60,"54","   Professional, scientific, and technical services ","Thousands of dollars",(D),(D),911,729,(D),(D),(D),(D),(D),(D),(D),(D),(D),(D),(D),(D),(D),1445,1356,1066,1104,(D)
 "22035","East Carroll, LA",5,CAGDP2,64,"55","   Management of companies and enterprises ","Thousands of dollars",0,0,0,0,0,0,0,0,0,0,0,0,0,0,0,0,0,(D),(D),0,0,0
 "22035","East Carroll, LA",5,CAGDP2,65,"56","   Administrative and support and waste management and remediation services ","Thousands of dollars",(D),(D),(D),(D),(D),(D),(D),(D),(D),(D),(D),(D),(D),(D),(D),(D),(D),(D),(D),(D),(D),(D)
 "22035","East Carroll, LA",5,CAGDP2,68,"61,62","  Educational services, health care, and social assistance ","Thousands of dollars",4422,5170,6742,6406,6796,6715,(D),8822,9605,9342,8830,8714,8521,8704,8899,(D),8764,8924,8747,8437,7885,8818
 "22035","East Carroll, LA",5,CAGDP2,69,"61","   Educational services ","Thousands of dollars",(D),(D),(D),(D),(D),(D),(D),(D),(D),(D),(D),(D),(D),(D),(D),(D),(D),(D),(D),(D),(D),(D)
 "22035","East Carroll, LA",5,CAGDP2,70,"62","   Health care and social assistance ","Thousands of dollars",(D),(D),(D),(D),(D),(D),(D),(D),(D),(D),(D),(D),(D),(D),(D),(D),(D),(D),(D),(D),(D),(D)
 "22035","East Carroll, LA",5,CAGDP2,75,"71,72","  Arts, entertainment, recreation, accommodation, and food services ","Thousands of dollars",(D),1939,1792,1927,2046,2619,2226,1797,1568,(D),1577,(D),2202,2416,2639,2530,2368,2047,1854,(D),2119,(D)
 "22035","East Carroll, LA",5,CAGDP2,76,"71","   Arts, entertainment, and recreation ","Thousands of dollars",(D),(D),(D),(D),(D),(D),205,193,(D),(D),(D),(D),242,(D),(D),326,220,399,305,(D),(D),(D)
 "22035","East Carroll, LA",5,CAGDP2,79,"72","   Accommodation and food services ","Thousands of dollars",(D),(D),(D),(D),(D),(D),2021,1603,(D),(D),(D),(D),1959,(D),(D),2204,2148,1648,1549,(D),(D),(D)
 "22035","East Carroll, LA",5,CAGDP2,82,"81","  Other services (except government and government enterprises) ","Thousands of dollars",3096,(D),3357,3521,3401,3477,3861,3815,3718,(D),(D),(D),3247,(D),(D),(D),(D),(D),(D),3682,4569,(D)
 "22035","East Carroll, LA",5,CAGDP2,83,"92","Government and government enterprises ","Thousands of dollars",30805,31416,32876,35058,36316,39690,37753,37324,42436,40890,40882,34391,40404,40166,34977,34252,35752,36918,36240,35217,34448,32588
 "22035","East Carroll, LA",5,CAGDP2,87,"11,21","Natural resources and mining ","Thousands of dollars",19611,10472,44139,37535,20742,(D),48514,23558,(D),37483,58982,105803,116327,91696,17423,52301,47618,37469,34744,38705,55026,34296
 "22035","East Carroll, LA",5,CAGDP2,88,"42,44-45","Trade ","Thousands of dollars",21226,19620,22381,23136,24713,27099,28029,29153,28851,34683,39575,42787,42969,39389,35370,35226,33111,33011,30560,34818,(D),(D)
 "22035","East Carroll, LA",5,CAGDP2,89,"22,48-49","Transportation and utilities ","Thousands of dollars",(D),(D),(D),(D),(D),(D),(D),(D),(D),(D),(D),(D),(D),(D),(D),(D),(D),(D),(D),(D),(D),(D)
 "22035","East Carroll, LA",5,CAGDP2,90,"31-33,51","Manufacturing and information ","Thousands of dollars",4591,5120,(D),(D),(D),(D),(D),(D),(D),(D),9544,(D),(D),(D),(D),(D),6477,(D),(D),6133,6971,7473
 "22035","East Carroll, LA",5,CAGDP2,91,"...","Private goods-producing industries 2/","Thousands of dollars",25371,17051,50536,46316,29425,(D),57515,31880,(D),44895,69464,115683,128019,102923,27088,60675,54554,44090,40887,45461,62810,42817
 "22035","East Carroll, LA",5,CAGDP2,92,"...","Private services-providing industries 3/","Thousands of dollars",50698,52596,56231,57894,61945,(D),57190,64968,(D),76835,79437,83524,85129,84817,84818,89242,89919,91748,87703,89753,93613,100597
 "22037","East Feliciana, LA",5,CAGDP2,1,"...","All industry total ","Thousands of dollars",258150,288009,310412,333864,363480,370102,359345,374404,420872,409511,403937,429172,532805,537454,487294,438589,487078,527828,530902,519077,541678,574186
 "22037","East Feliciana, LA",5,CAGDP2,2,"..."," Private industries ","Thousands of dollars",132767,151063,161029,178850,196700,199807,199323,212423,238092,234426,231189,259173,354157,355531,305095,291234,291067,311357,299929,272959,307863,339966
 "22037","East Feliciana, LA",5,CAGDP2,3,"11","  Agriculture, forestry, fishing and hunting ","Thousands of dollars",8734,10246,7007,8387,7249,9525,7425,2750,4010,4184,4600,4156,5195,4799,4168,4523,3553,5366,4608,4587,3439,3930
 "22037","East Feliciana, LA",5,CAGDP2,6,"21","  Mining, quarrying, and oil and gas extraction ","Thousands of dollars",2536,1815,1744,1923,2182,2382,3409,5778,6710,5782,7106,15765,15667,15957,12033,9146,17393,15184,14160,11436,14346,23490
 "22037","East Feliciana, LA",5,CAGDP2,10,"22","  Utilities ","Thousands of dollars",402,416,423,432,487,745,635,(D),(D),(D),(D),614,627,695,650,838,978,1043,(D),1281,1215,1210
 "22037","East Feliciana, LA",5,CAGDP2,11,"23","  Construction ","Thousands of dollars",9581,9923,9371,13023,10828,12237,21136,22665,30749,19771,17467,18571,12492,13005,12785,15195,18544,19052,20950,19361,24104,29558
 "22037","East Feliciana, LA",5,CAGDP2,12,"31-33","  Manufacturing ","Thousands of dollars",15226,20144,26457,30226,37956,36460,38181,28790,35206,29429,35148,30302,135945,121502,72296,37949,40077,45680,43677,38697,49928,53761
 "22037","East Feliciana, LA",5,CAGDP2,13,"321,327-339","   Durable goods manufacturing ","Thousands of dollars",(D),14013,16389,17117,(D),(D),(D),(D),(D),(D),(D),(D),23091,25166,22877,21937,24856,28520,26945,27202,34938,34692
 "22037","East Feliciana, LA",5,CAGDP2,25,"311-316,322-326","   Nondurable goods manufacturing ","Thousands of dollars",(D),6132,10068,13109,(D),(D),(D),(D),(D),(D),(D),(D),112854,96337,49419,16012,15220,17160,16732,11495,14991,19069
 "22037","East Feliciana, LA",5,CAGDP2,34,"42","  Wholesale trade ","Thousands of dollars",(D),2995,(D),(D),(D),5536,8030,(D),(D),(D),(D),(D),(D),(D),(D),8412,8917,7950,8160,9312,11911,17845
 "22037","East Feliciana, LA",5,CAGDP2,35,"44-45","  Retail trade ","Thousands of dollars",14617,16212,16886,18998,19801,22514,24188,21062,20721,22440,22548,22276,18332,17011,18670,21663,22527,22892,21965,23310,24889,25249
 "22037","East Feliciana, LA",5,CAGDP2,36,"48-49","  Transportation and warehousing ","Thousands of dollars",4647,(D),5745,6812,8250,10079,19350,23095,18488,26171,19387,21528,20747,22395,25065,24208,18503,18567,18084,17341,16248,20632
 "22037","East Feliciana, LA",5,CAGDP2,45,"51","  Information ","Thousands of dollars",(D),(D),1786,2007,2342,1682,1331,1061,1380,1447,1842,1840,(D),2235,(D),(D),(D),(D),(D),(D),1790,(D)
 "22037","East Feliciana, LA",5,CAGDP2,50,"52,53","  Finance, insurance, real estate, rental, and leasing ","Thousands of dollars",40821,44722,47936,50245,57959,49968,24203,40830,52073,61454,64535,81403,77309,85977,81759,97461,85029,97830,93130,78342,91795,90552
 "22037","East Feliciana, LA",5,CAGDP2,51,"52","   Finance and insurance ","Thousands of dollars",9718,11168,11488,11743,13469,12944,13388,13618,14144,13352,13080,13738,11850,13292,14699,16872,18694,19283,17697,18306,17832,17218
 "22037","East Feliciana, LA",5,CAGDP2,56,"53","   Real estate and rental and leasing ","Thousands of dollars",31103,33555,36448,38501,44490,37023,10815,27212,37929,48102,51455,67664,65460,72686,67060,80590,66335,78546,75433,60035,73963,73334
 "22037","East Feliciana, LA",5,CAGDP2,59,"54,55,56","  Professional and business services ","Thousands of dollars",(D),6113,5978,5603,5302,5867,5670,7081,6751,7734,8555,9564,(D),13491,15308,15014,15260,14113,11280,9303,12363,16109
 "22037","East Feliciana, LA",5,CAGDP2,60,"54","   Professional, scientific, and technical services ","Thousands of dollars",3871,4539,4402,3819,3790,4118,4141,5092,4240,4570,4990,5255,(D),6218,7143,7010,6748,(D),5486,4493,5540,7398
 "22037","East Feliciana, LA",5,CAGDP2,64,"55","   Management of companies and enterprises ","Thousands of dollars",0,0,0,0,0,0,0,0,0,0,0,0,0,0,0,0,0,(D),(D),(D),(D),(D)
 "22037","East Feliciana, LA",5,CAGDP2,65,"56","   Administrative and support and waste management and remediation services ","Thousands of dollars",(D),1575,1577,1784,1512,1749,1529,1989,2511,3164,3565,4309,4428,7273,8165,8004,8512,8003,(D),(D),(D),(D)
 "22037","East Feliciana, LA",5,CAGDP2,68,"61,62","  Educational services, health care, and social assistance ","Thousands of dollars",13392,17428,20381,22027,24097,25306,26937,31032,35463,31922,28289,32210,34553,35567,36055,38922,42104,44282,46094,42445,39942,37551
 "22037","East Feliciana, LA",5,CAGDP2,69,"61","   Educational services ","Thousands of dollars",(D),(D),(D),(D),(D),(D),(D),(D),(D),(D),(D),(D),(D),(D),3021,3712,3606,3735,4359,4183,4529,(D)
 "22037","East Feliciana, LA",5,CAGDP2,70,"62","   Health care and social assistance ","Thousands of dollars",(D),(D),(D),(D),(D),(D),(D),(D),(D),(D),(D),(D),(D),(D),33033,35210,38498,40547,41735,38262,35413,(D)
 "22037","East Feliciana, LA",5,CAGDP2,75,"71,72","  Arts, entertainment, recreation, accommodation, and food services ","Thousands of dollars",1686,2083,(D),(D),(D),4225,4835,4261,4505,4364,3752,(D),4831,(D),4630,4571,4658,4649,3824,5504,6384,7549
 "22037","East Feliciana, LA",5,CAGDP2,76,"71","   Arts, entertainment, and recreation ","Thousands of dollars",188,(D),(D),(D),(D),(D),131,0,54,0,0,(D),526,(D),(D),(D),(D),(D),(D),(D),(D),(D)
 "22037","East Feliciana, LA",5,CAGDP2,79,"72","   Accommodation and food services ","Thousands of dollars",1499,(D),(D),(D),(D),(D),4704,4261,4451,4364,3752,(D),4306,(D),(D),(D),(D),(D),(D),(D),(D),(D)
 "22037","East Feliciana, LA",5,CAGDP2,82,"81","  Other services (except government and government enterprises) ","Thousands of dollars",10930,12449,11988,12421,12667,13281,13993,14475,13995,13257,11728,10712,9756,9473,(D),(D),(D),(D),(D),(D),9507,(D)
 "22037","East Feliciana, LA",5,CAGDP2,83,"92","Government and government enterprises ","Thousands of dollars",125382,136946,149383,155014,166780,170296,160022,161981,182780,175085,172748,169998,178648,181923,182199,147356,196011,216471,230972,246118,233816,234220
 "22037","East Feliciana, LA",5,CAGDP2,87,"11,21","Natural resources and mining ","Thousands of dollars",11270,12061,8751,10310,9431,11907,10834,8528,10720,9965,11706,19921,20862,20756,16200,13669,20946,20551,18768,16023,17785,27421
 "22037","East Feliciana, LA",5,CAGDP2,88,"42,44-45","Trade ","Thousands of dollars",(D),19207,(D),(D),(D),28050,32218,(D),(D),(D),(D),(D),(D),(D),(D),30076,31444,30842,30126,32622,36800,43094
 "22037","East Feliciana, LA",5,CAGDP2,89,"22,48-49","Transportation and utilities ","Thousands of dollars",5050,(D),6168,7244,8737,10824,19986,(D),(D),(D),(D),22142,21374,23090,25715,25045,19481,19610,(D),18622,17463,21842
 "22037","East Feliciana, LA",5,CAGDP2,90,"31-33,51","Manufacturing and information ","Thousands of dollars",(D),(D),28243,32233,40297,38142,39512,29851,36586,30877,36991,32142,(D),123738,(D),(D),(D),(D),(D),(D),51718,(D)
 "22037","East Feliciana, LA",5,CAGDP2,91,"...","Private goods-producing industries 2/","Thousands of dollars",36076,42128,44579,53560,58214,60604,70151,59983,76676,59166,64321,68794,169298,155263,101282,66813,79566,85282,83396,74081,91818,110739
 "22037","East Feliciana, LA",5,CAGDP2,92,"...","Private services-providing industries 3/","Thousands of dollars",96691,108935,116449,125290,138486,139202,129173,152440,161416,175260,166868,190380,184859,200268,203813,224421,211500,226075,216534,198879,216045,229227
 "22039","Evangeline, LA",5,CAGDP2,1,"...","All industry total ","Thousands of dollars",481484,483881,564031,612895,676735,759906,708320,832384,811884,836242,828676,910069,850103,888194,853608,845777,860264,874802,914461,900930,894163,1049823
 "22039","Evangeline, LA",5,CAGDP2,2,"..."," Private industries ","Thousands of dollars",412714,410303,482510,528265,590074,669121,620171,743310,710232,731383,723978,810209,750825,791127,752571,746328,759955,772453,810877,795528,780147,921416
 "22039","Evangeline, LA",5,CAGDP2,3,"11","  Agriculture, forestry, fishing and hunting ","Thousands of dollars",30282,24274,32597,31511,20131,16701,22998,46817,(D),(D),29540,43091,53160,57912,32253,40295,44022,41147,27157,51188,36798,41336
 "22039","Evangeline, LA",5,CAGDP2,6,"21","  Mining, quarrying, and oil and gas extraction ","Thousands of dollars",52124,35796,69126,111137,146709,151689,136540,180781,112247,134141,134096,165217,119375,77075,35983,31289,35631,29789,21130,6814,(D),(D)
 "22039","Evangeline, LA",5,CAGDP2,10,"22","  Utilities ","Thousands of dollars",3693,5999,45421,33242,(D),96071,67725,81699,78545,36159,17542,54920,44832,73682,118337,108137,100044,119075,168079,168540,142945,(D)
 "22039","Evangeline, LA",5,CAGDP2,11,"23","  Construction ","Thousands of dollars",14694,14322,17927,23572,28063,20076,22603,22356,29254,30876,34290,31512,27304,27182,23348,22991,21501,24187,27571,27938,24121,41616
 "22039","Evangeline, LA",5,CAGDP2,12,"31-33","  Manufacturing ","Thousands of dollars",61674,61244,54720,58705,73460,83740,105759,107525,103734,121668,138114,133195,125253,140118,108682,97877,88647,99457,92564,74793,73104,81247
 "22039","Evangeline, LA",5,CAGDP2,13,"321,327-339","   Durable goods manufacturing ","Thousands of dollars",(D),32625,(D),(D),(D),(D),(D),(D),(D),(D),(D),(D),91259,108256,77207,64345,57156,64273,56233,39224,35520,39129
 "22039","Evangeline, LA",5,CAGDP2,25,"311-316,322-326","   Nondurable goods manufacturing ","Thousands of dollars",(D),28619,(D),(D),(D),(D),(D),(D),(D),(D),(D),(D),33994,31862,31475,33532,31491,35184,36331,35569,37584,42118
 "22039","Evangeline, LA",5,CAGDP2,34,"42","  Wholesale trade ","Thousands of dollars",8258,6429,6826,7079,6767,8013,9423,10788,(D),(D),14230,16266,19859,22199,23449,23123,28843,34318,41773,36084,34965,35379
 "22039","Evangeline, LA",5,CAGDP2,35,"44-45","  Retail trade ","Thousands of dollars",38909,41606,43617,46222,50935,55301,54463,53103,52639,56987,58113,59864,57281,57823,59181,65746,66205,66437,66162,71700,78197,83816
 "22039","Evangeline, LA",5,CAGDP2,36,"48-49","  Transportation and warehousing ","Thousands of dollars",6408,6033,5114,4435,4270,3466,3794,5406,(D),(D),(D),10152,11192,19501,19268,20167,22371,24722,29213,33207,39115,41427
 "22039","Evangeline, LA",5,CAGDP2,45,"51","  Information ","Thousands of dollars",16910,19165,11267,10114,7746,7248,6009,6032,6036,5720,5757,7261,8638,8338,8493,8630,9376,8835,9311,9022,9180,9809
 "22039","Evangeline, LA",5,CAGDP2,50,"52,53","  Finance, insurance, real estate, rental, and leasing ","Thousands of dollars",71328,75989,75738,75369,81476,88975,43789,69603,98141,103998,106509,119854,115714,117900,131881,130805,138005,138073,153219,143222,155330,159495
 "22039","Evangeline, LA",5,CAGDP2,51,"52","   Finance and insurance ","Thousands of dollars",20322,23447,22853,21892,25183,23906,24343,25103,25652,25055,25128,26625,21364,26542,29918,35045,38689,41211,39496,40956,39480,37085
 "22039","Evangeline, LA",5,CAGDP2,56,"53","   Real estate and rental and leasing ","Thousands of dollars",51006,52542,52885,53477,56293,65069,19446,44500,72489,78943,81380,93230,94349,91358,101963,95761,99316,96862,113723,102266,115850,122410
 "22039","Evangeline, LA",5,CAGDP2,59,"54,55,56","  Professional and business services ","Thousands of dollars",19222,21837,23747,25630,20454,26656,30012,37273,37377,42380,39967,29625,26189,47679,49725,46687,54704,33874,34469,34009,35298,36518
 "22039","Evangeline, LA",5,CAGDP2,60,"54","   Professional, scientific, and technical services ","Thousands of dollars",(D),13163,14382,(D),(D),15715,(D),16565,15707,21974,21854,16097,10514,11525,10974,9207,8834,9959,11318,12366,12621,12435
 "22039","Evangeline, LA",5,CAGDP2,64,"55","   Management of companies and enterprises ","Thousands of dollars",(D),1742,1805,(D),(D),(D),(D),4058,6082,8751,7739,1999,1909,1370,1546,1334,1378,1458,1511,1565,1530,819
 "22039","Evangeline, LA",5,CAGDP2,65,"56","   Administrative and support and waste management and remediation services ","Thousands of dollars",(D),6933,7560,8402,8823,(D),11803,16649,15589,11655,10374,11529,13766,34784,37205,36146,44493,22457,21641,20078,21147,23264
 "22039","Evangeline, LA",5,CAGDP2,68,"61,62","  Educational services, health care, and social assistance ","Thousands of dollars",68961,74879,74204,77141,81375,85135,91668,97747,102693,108601,110600,111460,113261,112146,111084,118284,118769,120155,108524,108976,107477,124254
 "22039","Evangeline, LA",5,CAGDP2,69,"61","   Educational services ","Thousands of dollars",1231,1334,1464,1625,1551,1584,1833,2099,2414,2670,2684,(D),(D),(D),(D),(D),(D),(D),(D),(D),4657,4883
 "22039","Evangeline, LA",5,CAGDP2,70,"62","   Health care and social assistance ","Thousands of dollars",67730,73545,72740,75516,79824,83551,89835,95648,100279,105930,107917,(D),(D),(D),(D),(D),(D),(D),(D),(D),102820,119370
 "22039","Evangeline, LA",5,CAGDP2,75,"71,72","  Arts, entertainment, recreation, accommodation, and food services ","Thousands of dollars",4086,4178,4162,4621,(D),4599,4596,4748,5814,6027,(D),5678,6212,5923,6148,6604,6584,6341,5781,5647,(D),8516
 "22039","Evangeline, LA",5,CAGDP2,76,"71","   Arts, entertainment, and recreation ","Thousands of dollars",(D),(D),(D),(D),(D),87,64,(D),(D),(D),(D),(D),(D),(D),393,285,200,213,192,227,(D),916
 "22039","Evangeline, LA",5,CAGDP2,79,"72","   Accommodation and food services ","Thousands of dollars",(D),(D),(D),(D),4718,4511,4532,(D),(D),(D),(D),(D),(D),(D),5755,6319,6384,6127,5589,5420,(D),7600
 "22039","Evangeline, LA",5,CAGDP2,82,"81","  Other services (except government and government enterprises) ","Thousands of dollars",16164,18553,18043,19486,19982,21450,20793,19433,20436,21894,21134,22113,22555,23649,24739,25693,25251,26042,25925,24388,24418,29409
 "22039","Evangeline, LA",5,CAGDP2,83,"92","Government and government enterprises ","Thousands of dollars",68770,73579,81521,84631,86662,90785,88149,89074,101651,104859,104698,99860,99278,97067,101037,99450,100308,102349,103584,105402,114017,128407
 "22039","Evangeline, LA",5,CAGDP2,87,"11,21","Natural resources and mining ","Thousands of dollars",82406,60070,101723,142648,166840,168391,159538,227597,(D),(D),163636,208308,172535,134987,68236,71583,79653,70936,48287,58002,(D),(D)
 "22039","Evangeline, LA",5,CAGDP2,88,"42,44-45","Trade ","Thousands of dollars",47168,48035,50443,53301,57702,63314,63886,63892,(D),(D),72342,76130,77140,80022,82630,88869,95048,100755,107935,107784,113162,119195
 "22039","Evangeline, LA",5,CAGDP2,89,"22,48-49","Transportation and utilities ","Thousands of dollars",10100,12032,50536,37677,(D),99537,71519,87105,(D),(D),(D),65072,56024,93183,137605,128303,122416,143798,197292,201747,182061,(D)
 "22039","Evangeline, LA",5,CAGDP2,90,"31-33,51","Manufacturing and information ","Thousands of dollars",78584,80409,65986,68819,81205,90989,111768,113557,109770,127388,143871,140456,133892,148456,117175,106507,98023,108292,101874,83816,82284,91056
 "22039","Evangeline, LA",5,CAGDP2,91,"...","Private goods-producing industries 2/","Thousands of dollars",158774,135636,174370,224924,268362,272207,287901,357478,(D),(D),336040,373015,325092,302287,200267,192452,189801,194580,168421,160733,(D),(D)
 "22039","Evangeline, LA",5,CAGDP2,92,"...","Private services-providing industries 3/","Thousands of dollars",253940,274667,308140,303341,321711,396914,332271,385831,(D),(D),387938,437194,425733,488840,552304,553876,570154,577873,642456,634795,(D),(D)
 "22041","Franklin, LA",5,CAGDP2,1,"...","All industry total ","Thousands of dollars",267942,282410,320391,348759,362186,395910,381380,332743,380880,399093,525770,580726,614734,509760,410603,412387,434581,455332,494113,506553,549535,543429
 "22041","Franklin, LA",5,CAGDP2,2,"..."," Private industries ","Thousands of dollars",209676,221115,257314,283226,294373,325103,314163,266128,306480,319777,442377,499221,530430,423327,321546,320385,337837,355380,391590,403742,443774,433632
 "22041","Franklin, LA",5,CAGDP2,3,"11","  Agriculture, forestry, fishing and hunting ","Thousands of dollars",41120,39545,68834,73718,73049,93763,105574,40084,68260,54404,100381,80542,101457,46048,29257,45905,58356,46413,51533,60120,85088,56185
 "22041","Franklin, LA",5,CAGDP2,6,"21","  Mining, quarrying, and oil and gas extraction ","Thousands of dollars",3030,2486,2944,4387,6575,5773,9339,13850,7906,25505,90750,153230,156058,104470,22741,757,1168,1718,1703,1158,1494,3130
 "22041","Franklin, LA",5,CAGDP2,10,"22","  Utilities ","Thousands of dollars",3923,4475,4571,5071,4225,4339,4192,4840,5135,5026,4890,4859,5004,4993,4802,5384,5551,6243,6552,7803,7982,7485
 "22041","Franklin, LA",5,CAGDP2,11,"23","  Construction ","Thousands of dollars",7328,10050,11397,13040,17987,17067,16299,13584,18345,17534,22700,23233,31753,29545,27042,17847,14563,13018,15041,10227,9907,13289
 "22041","Franklin, LA",5,CAGDP2,12,"31-33","  Manufacturing ","Thousands of dollars",14929,19239,20131,29540,26021,26177,22665,16327,18106,17681,19560,19736,16233,14826,15386,14141,15290,15177,14380,13693,12994,13600
 "22041","Franklin, LA",5,CAGDP2,13,"321,327-339","   Durable goods manufacturing ","Thousands of dollars",2089,2028,2253,(D),(D),(D),3051,(D),3607,3842,4476,4281,5108,6524,6007,4756,4906,5115,5249,4459,3994,4314
 "22041","Franklin, LA",5,CAGDP2,25,"311-316,322-326","   Nondurable goods manufacturing ","Thousands of dollars",12840,17211,17879,(D),(D),(D),19614,(D),14499,13840,15084,15456,11125,8302,9379,9385,10384,10062,9131,9234,9000,9287
 "22041","Franklin, LA",5,CAGDP2,34,"42","  Wholesale trade ","Thousands of dollars",8116,6953,7820,8939,9964,11024,11146,12199,12548,14121,17281,19240,20606,19052,18230,22813,27287,42481,62635,59152,67888,73746
 "22041","Franklin, LA",5,CAGDP2,35,"44-45","  Retail trade ","Thousands of dollars",36126,37336,39304,40673,42771,47839,46349,45693,45035,48460,48547,50688,50603,50723,51015,55518,61209,63410,68327,71221,80493,82723
 "22041","Franklin, LA",5,CAGDP2,36,"48-49","  Transportation and warehousing ","Thousands of dollars",6130,6225,7026,8193,9254,9298,9182,10017,9009,8859,6967,5967,6004,6678,6950,8259,7734,9195,10118,11407,12745,12225
 "22041","Franklin, LA",5,CAGDP2,45,"51","  Information ","Thousands of dollars",2314,2308,2235,1983,1695,(D),(D),(D),(D),(D),(D),(D),(D),(D),(D),(D),(D),1103,(D),820,(D),(D)
 "22041","Franklin, LA",5,CAGDP2,50,"52,53","  Finance, insurance, real estate, rental, and leasing ","Thousands of dollars",42793,45900,46713,48490,52647,53455,27842,42133,53085,55485,56172,64589,64377,70159,72130,77862,74057,80902,84215,94303,84027,82178
 "22041","Franklin, LA",5,CAGDP2,51,"52","   Finance and insurance ","Thousands of dollars",12284,13498,13815,13807,15978,15337,15549,14879,15279,14764,14604,15176,12882,16230,18889,20977,23186,24221,24613,25748,26038,26404
 "22041","Franklin, LA",5,CAGDP2,56,"53","   Real estate and rental and leasing ","Thousands of dollars",30509,32401,32898,34683,36668,38118,12293,27254,37806,40720,41569,49413,51495,53928,53241,56885,50872,56681,59602,68555,57989,55774
 "22041","Franklin, LA",5,CAGDP2,59,"54,55,56","  Professional and business services ","Thousands of dollars",9143,8382,7781,8933,8488,(D),(D),11603,11355,(D),14786,17033,18774,20049,20334,17400,15716,17480,16773,14282,16276,18284
 "22041","Franklin, LA",5,CAGDP2,60,"54","   Professional, scientific, and technical services ","Thousands of dollars",(D),(D),3385,3845,3673,4281,5116,6746,6165,7284,8369,9345,10818,12382,13146,10580,9032,9260,9634,8118,9071,10839
 "22041","Franklin, LA",5,CAGDP2,64,"55","   Management of companies and enterprises ","Thousands of dollars",(D),(D),(D),(D),(D),(D),(D),(D),(D),(D),(D),(D),(D),(D),(D),(D),4989,6650,4988,(D),(D),(D)
 "22041","Franklin, LA",5,CAGDP2,65,"56","   Administrative and support and waste management and remediation services ","Thousands of dollars",4072,(D),(D),(D),(D),(D),(D),(D),(D),(D),(D),(D),(D),(D),(D),(D),1696,1571,2151,(D),(D),(D)
 "22041","Franklin, LA",5,CAGDP2,68,"61,62","  Educational services, health care, and social assistance ","Thousands of dollars",18449,20477,21203,22025,23662,25665,29074,33983,36117,38130,39461,38146,36205,33074,29389,31240,32094,34237,35290,37401,39425,42741
 "22041","Franklin, LA",5,CAGDP2,69,"61","   Educational services ","Thousands of dollars",(D),(D),(D),(D),(D),(D),(D),(D),(D),(D),(D),(D),(D),(D),(D),(D),(D),(D),(D),(D),(D),(D)
 "22041","Franklin, LA",5,CAGDP2,70,"62","   Health care and social assistance ","Thousands of dollars",(D),(D),(D),(D),(D),(D),(D),(D),(D),(D),(D),(D),(D),(D),(D),(D),(D),(D),(D),(D),(D),(D)
 "22041","Franklin, LA",5,CAGDP2,75,"71,72","  Arts, entertainment, recreation, accommodation, and food services ","Thousands of dollars",5967,6522,6055,6701,6845,7541,8138,(D),7994,8130,7560,7941,8764,9218,10086,9588,9720,9778,9739,9204,12349,12866
 "22041","Franklin, LA",5,CAGDP2,76,"71","   Arts, entertainment, and recreation ","Thousands of dollars",(D),(D),(D),459,394,448,655,(D),668,543,491,485,848,964,994,535,443,519,495,466,727,963
 "22041","Franklin, LA",5,CAGDP2,79,"72","   Accommodation and food services ","Thousands of dollars",(D),(D),(D),6242,6451,7093,7483,(D),7326,7587,7069,7455,7916,8254,9092,9053,9277,9259,9244,8738,11622,11903
 "22041","Franklin, LA",5,CAGDP2,82,"81","  Other services (except government and government enterprises) ","Thousands of dollars",10308,11216,11299,11532,11189,11804,12066,12007,(D),12232,(D),(D),(D),(D),(D),(D),(D),14224,(D),12950,(D),(D)
 "22041","Franklin, LA",5,CAGDP2,83,"92","Government and government enterprises ","Thousands of dollars",58266,61296,63077,65532,67813,70807,67216,66615,74400,79316,83394,81505,84304,86433,89058,92002,96744,99952,102523,102811,105761,109797
 "22041","Franklin, LA",5,CAGDP2,87,"11,21","Natural resources and mining ","Thousands of dollars",44150,42030,71777,78106,79624,99537,114914,53934,76165,79908,191131,233772,257515,150518,51998,46662,59524,48131,53236,61278,86582,59315
 "22041","Franklin, LA",5,CAGDP2,88,"42,44-45","Trade ","Thousands of dollars",44242,44290,47125,49612,52736,58862,57496,57891,57583,62580,65828,69928,71209,69775,69245,78332,88496,105891,130962,130373,148381,156469
 "22041","Franklin, LA",5,CAGDP2,89,"22,48-49","Transportation and utilities ","Thousands of dollars",10053,10700,11598,13264,13479,13638,13374,14858,14144,13885,11857,10826,11008,11670,11751,13644,13285,15438,16670,19210,20727,19710
 "22041","Franklin, LA",5,CAGDP2,90,"31-33,51","Manufacturing and information ","Thousands of dollars",17243,21547,22366,31523,27716,(D),(D),(D),(D),(D),(D),(D),(D),(D),(D),(D),(D),16280,(D),14513,(D),(D)
 "22041","Franklin, LA",5,CAGDP2,91,"...","Private goods-producing industries 2/","Thousands of dollars",66407,71320,103306,120686,123632,142781,153878,83845,112616,115123,233390,276740,305501,194889,94426,78650,89378,76326,82658,85199,109483,86204
 "22041","Franklin, LA",5,CAGDP2,92,"...","Private services-providing industries 3/","Thousands of dollars",143269,149795,154009,162540,170741,182322,160285,182283,193864,204654,208986,222481,224929,228437,227119,241735,248459,279054,308932,318543,334292,347428
 "22043","Grant, LA",5,CAGDP2,1,"...","All industry total ","Thousands of dollars",183765,197915,212580,241573,276959,258111,223323,239541,284888,310066,319500,325168,342472,361540,340955,355405,374953,398809,392316,416176,475476,560659
 "22043","Grant, LA",5,CAGDP2,2,"..."," Private industries ","Thousands of dollars",118116,123567,130938,154145,187851,165813,135570,145779,168785,182604,187975,188591,206969,220491,196940,205841,224161,243271,232389,248940,302657,378520
 "22043","Grant, LA",5,CAGDP2,3,"11","  Agriculture, forestry, fishing and hunting ","Thousands of dollars",12234,10309,(D),10109,9499,10917,9263,6259,7534,8614,(D),7647,7560,5160,5246,4721,5085,5101,5438,5453,5397,5569
 "22043","Grant, LA",5,CAGDP2,6,"21","  Mining, quarrying, and oil and gas extraction ","Thousands of dollars",8462,5990,5537,6878,11117,11478,12725,16723,11935,10802,11643,13138,13434,10702,5926,6023,8482,11049,8418,2224,4592,5348
 "22043","Grant, LA",5,CAGDP2,10,"22","  Utilities ","Thousands of dollars",766,811,(D),729,701,794,748,783,839,(D),1203,1063,1163,1254,1314,1490,(D),1569,1714,1968,1856,1758
 "22043","Grant, LA",5,CAGDP2,11,"23","  Construction ","Thousands of dollars",10968,13603,17111,31080,54654,31062,20860,19373,24527,32444,29892,24088,21925,27286,17533,18488,17465,17242,18406,18166,22829,89671
 "22043","Grant, LA",5,CAGDP2,12,"31-33","  Manufacturing ","Thousands of dollars",21209,25347,23545,26954,26662,20527,21974,17984,20132,24676,(D),25616,32054,29041,24871,27038,33755,42756,31776,47035,91102,96496
 "22043","Grant, LA",5,CAGDP2,13,"321,327-339","   Durable goods manufacturing ","Thousands of dollars",(D),(D),(D),(D),(D),(D),(D),(D),(D),(D),(D),(D),29164,27379,24357,(D),(D),(D),(D),(D),(D),95242
 "22043","Grant, LA",5,CAGDP2,25,"311-316,322-326","   Nondurable goods manufacturing ","Thousands of dollars",(D),(D),(D),(D),(D),(D),(D),(D),(D),(D),(D),(D),2889,1662,514,(D),(D),(D),(D),(D),(D),1254
 "22043","Grant, LA",5,CAGDP2,34,"42","  Wholesale trade ","Thousands of dollars",1293,1558,(D),(D),(D),(D),(D),(D),(D),(D),(D),(D),(D),(D),(D),(D),(D),(D),(D),(D),(D),(D)
 "22043","Grant, LA",5,CAGDP2,35,"44-45","  Retail trade ","Thousands of dollars",5530,3513,4409,6163,8470,9555,10166,11124,10831,10869,12371,13143,14498,14680,14331,14316,15096,17152,19218,23890,29113,30985
 "22043","Grant, LA",5,CAGDP2,36,"48-49","  Transportation and warehousing ","Thousands of dollars",4738,5435,2686,(D),(D),1965,1960,(D),(D),3276,(D),4093,7098,6484,5419,5559,5430,(D),3528,(D),(D),(D)
 "22043","Grant, LA",5,CAGDP2,45,"51","  Information ","Thousands of dollars",(D),(D),3975,(D),8775,7473,4412,4195,3791,3057,2821,2242,(D),(D),(D),(D),777,1068,1235,(D),(D),(D)
 "22043","Grant, LA",5,CAGDP2,50,"52,53","  Finance, insurance, real estate, rental, and leasing ","Thousands of dollars",33680,35336,35062,33545,35188,37316,13944,26117,43424,42943,47773,48978,48284,58254,54183,59436,63270,66001,(D),76790,65240,(D)
 "22043","Grant, LA",5,CAGDP2,51,"52","   Finance and insurance ","Thousands of dollars",5399,(D),5481,4985,5528,4865,4659,(D),(D),(D),(D),(D),(D),(D),(D),(D),(D),(D),(D),(D),(D),(D)
 "22043","Grant, LA",5,CAGDP2,56,"53","   Real estate and rental and leasing ","Thousands of dollars",28282,(D),29581,28560,29660,32451,9285,(D),(D),(D),(D),(D),(D),(D),(D),(D),(D),(D),55266,(D),(D),45252
 "22043","Grant, LA",5,CAGDP2,59,"54,55,56","  Professional and business services ","Thousands of dollars",3451,3562,3202,3293,3259,3756,4519,4932,5883,5802,6314,6487,6385,7922,8589,7621,5287,5614,4948,4768,5216,5158
 "22043","Grant, LA",5,CAGDP2,60,"54","   Professional, scientific, and technical services ","Thousands of dollars",1485,1535,1579,1799,1663,1803,2125,2489,2118,2337,2575,2514,2355,2654,2542,2288,2158,2454,2288,2431,(D),3025
 "22043","Grant, LA",5,CAGDP2,64,"55","   Management of companies and enterprises ","Thousands of dollars",0,0,0,0,0,0,0,0,0,0,0,0,0,0,0,0,0,0,0,0,(D),(D)
 "22043","Grant, LA",5,CAGDP2,65,"56","   Administrative and support and waste management and remediation services ","Thousands of dollars",1967,2027,1623,1494,1597,1953,2394,2443,3766,3465,3739,3973,4031,5268,6047,5333,3129,3161,2660,2337,2141,(D)
 "22043","Grant, LA",5,CAGDP2,68,"61,62","  Educational services, health care, and social assistance ","Thousands of dollars",5518,5498,5785,5023,6001,7752,9594,10991,12218,15696,16365,15186,13860,13199,13749,(D),13120,14486,14849,14711,14100,13328
 "22043","Grant, LA",5,CAGDP2,69,"61","   Educational services ","Thousands of dollars",126,129,114,4,4,(D),(D),(D),(D),(D),(D),(D),(D),(D),(D),46,64,65,24,(D),(D),(D)
 "22043","Grant, LA",5,CAGDP2,70,"62","   Health care and social assistance ","Thousands of dollars",5392,5368,5670,5019,5998,(D),(D),(D),(D),(D),(D),(D),(D),(D),(D),(D),13056,14421,14825,(D),(D),(D)
 "22043","Grant, LA",5,CAGDP2,75,"71,72","  Arts, entertainment, recreation, accommodation, and food services ","Thousands of dollars",(D),(D),874,(D),(D),(D),(D),(D),(D),735,(D),(D),(D),(D),16011,19334,25275,26724,23666,(D),27980,(D)
 "22043","Grant, LA",5,CAGDP2,76,"71","   Arts, entertainment, and recreation ","Thousands of dollars",641,773,407,303,129,1,54,119,197,87,70,(D),(D),(D),(D),(D),(D),(D),(D),(D),(D),(D)
 "22043","Grant, LA",5,CAGDP2,79,"72","   Accommodation and food services ","Thousands of dollars",(D),(D),468,(D),(D),(D),(D),(D),(D),648,(D),(D),692,1036,(D),(D),(D),(D),(D),(D),(D),(D)
 "22043","Grant, LA",5,CAGDP2,82,"81","  Other services (except government and government enterprises) ","Thousands of dollars",(D),8871,8556,9574,10082,10758,10436,10480,10641,10263,10569,12121,12197,12896,(D),(D),11720,12552,12171,(D),(D),(D)
 "22043","Grant, LA",5,CAGDP2,83,"92","Government and government enterprises ","Thousands of dollars",65648,74347,81641,87429,89108,92298,87753,93762,116104,127462,131526,136578,135503,141049,144015,149564,150792,155538,159927,167236,172820,182139
 "22043","Grant, LA",5,CAGDP2,87,"11,21","Natural resources and mining ","Thousands of dollars",20696,16299,(D),16987,20616,22395,21988,22982,19469,19415,(D),20786,20993,15861,11172,10744,13566,16150,13857,7678,9989,10918
 "22043","Grant, LA",5,CAGDP2,88,"42,44-45","Trade ","Thousands of dollars",6823,5071,(D),(D),(D),(D),(D),(D),(D),(D),(D),(D),(D),(D),(D),(D),(D),(D),(D),(D),(D),(D)
 "22043","Grant, LA",5,CAGDP2,89,"22,48-49","Transportation and utilities ","Thousands of dollars",5503,6246,(D),(D),(D),2759,2708,(D),(D),(D),(D),5156,8261,7739,6733,7049,(D),(D),5242,(D),(D),(D)
 "22043","Grant, LA",5,CAGDP2,90,"31-33,51","Manufacturing and information ","Thousands of dollars",(D),(D),27520,(D),35438,28000,26386,22179,23923,27733,(D),27858,(D),(D),(D),(D),34532,43824,33011,(D),(D),(D)
 "22043","Grant, LA",5,CAGDP2,91,"...","Private goods-producing industries 2/","Thousands of dollars",52872,55249,(D),75021,101932,73984,64822,60338,64127,76535,74213,70489,74972,72188,53575,56270,64787,76149,64038,72879,123920,197086
 "22043","Grant, LA",5,CAGDP2,92,"...","Private services-providing industries 3/","Thousands of dollars",65244,68318,(D),79123,85919,91829,70748,85442,104657,106069,113761,118101,131997,148303,143365,149571,159374,167122,168351,176061,178737,181434
 "22045","Iberia, LA",5,CAGDP2,1,"...","All industry total ","Thousands of dollars",2343602,2125210,2204753,2452639,2708075,3372950,3596417,4003261,3661201,3667426,3730349,3992172,3998651,3957458,3482060,3007786,3017553,3164649,3183330,2962177,3038021,3162416
 "22045","Iberia, LA",5,CAGDP2,2,"..."," Private industries ","Thousands of dollars",2169957,1942954,2013236,2244872,2492373,3140728,3376225,3783017,3411496,3408058,3469571,3719435,3720053,3671914,3193760,2706291,2710770,2851841,2868769,2655845,2729942,2851346
 "22045","Iberia, LA",5,CAGDP2,3,"11","  Agriculture, forestry, fishing and hunting ","Thousands of dollars",(D),2857,3921,(D),2611,9587,(D),(D),(D),(D),(D),5708,6491,6754,(D),9418,7958,7746,17768,22693,38575,9140
 "22045","Iberia, LA",5,CAGDP2,6,"21","  Mining, quarrying, and oil and gas extraction ","Thousands of dollars",806370,515021,502995,620657,665978,907391,1046153,1381964,1010833,928994,887990,888260,959977,924434,657795,456499,494513,522591,507964,425611,430267,427098
 "22045","Iberia, LA",5,CAGDP2,10,"22","  Utilities ","Thousands of dollars",(D),14110,13811,(D),14674,15363,(D),(D),(D),(D),(D),14523,14473,15701,(D),16294,12186,13154,12313,13194,12032,11407
 "22045","Iberia, LA",5,CAGDP2,11,"23","  Construction ","Thousands of dollars",115440,118571,149618,190456,188534,242874,251332,244344,256431,212293,253922,271874,238580,216137,172876,137757,141780,149744,137163,120714,125754,121122
 "22045","Iberia, LA",5,CAGDP2,12,"31-33","  Manufacturing ","Thousands of dollars",234463,265788,259756,279226,346017,430834,495734,463496,482670,501490,510111,608243,596642,605779,513758,462861,455096,499331,496609,435301,431758,470604
 "22045","Iberia, LA",5,CAGDP2,13,"321,327-339","   Durable goods manufacturing ","Thousands of dollars",168615,169760,157632,143133,195503,245136,300918,303984,289690,282647,295128,360361,371657,397424,312277,242714,206975,227877,234086,175549,163060,180556
 "22045","Iberia, LA",5,CAGDP2,25,"311-316,322-326","   Nondurable goods manufacturing ","Thousands of dollars",65848,96028,102124,136093,150514,185698,194816,159513,192980,218843,214983,247882,224985,208354,201481,220147,248121,271454,262523,259752,268698,290048
 "22045","Iberia, LA",5,CAGDP2,34,"42","  Wholesale trade ","Thousands of dollars",77083,90262,90359,102238,116844,158967,178403,180310,146260,143573,140611,147073,145848,145091,127162,113977,113528,125427,130577,114935,116044,127216
 "22045","Iberia, LA",5,CAGDP2,35,"44-45","  Retail trade ","Thousands of dollars",155357,161056,175828,182585,190494,214810,228229,223667,215376,217281,221626,228726,240960,251182,245757,257526,261174,255512,256075,275219,302539,326186
 "22045","Iberia, LA",5,CAGDP2,36,"48-49","  Transportation and warehousing ","Thousands of dollars",102846,96803,99459,103295,115916,159487,180771,181099,156182,151844,132422,126682,158588,166656,162267,115970,107364,111824,112387,102228,107279,101177
 "22045","Iberia, LA",5,CAGDP2,45,"51","  Information ","Thousands of dollars",18991,23281,22110,21680,22540,19269,18374,20938,23799,25399,27092,28218,30256,26844,23972,18110,18962,17805,18182,15182,14274,15128
 "22045","Iberia, LA",5,CAGDP2,50,"52,53","  Finance, insurance, real estate, rental, and leasing ","Thousands of dollars",341186,317727,329439,333054,381098,451671,383331,475333,519479,610219,653716,765220,773094,765179,713101,668400,659189,694677,730971,704947,700868,753332
 "22045","Iberia, LA",5,CAGDP2,51,"52","   Finance and insurance ","Thousands of dollars",60948,70866,72512,69256,76352,75793,81341,80813,85338,90851,90611,86745,77243,107592,109083,115757,131754,134180,155769,143312,125990,123321
 "22045","Iberia, LA",5,CAGDP2,56,"53","   Real estate and rental and leasing ","Thousands of dollars",280238,246862,256927,263797,304746,375878,301990,394520,434141,519369,563105,678475,695851,657587,604018,552643,527435,560497,575202,561635,574878,630010
 "22045","Iberia, LA",5,CAGDP2,59,"54,55,56","  Professional and business services ","Thousands of dollars",106261,124276,139252,145161,176112,236927,266463,272034,253197,263625,290542,305775,232201,227359,236653,148315,143438,146386,141641,138555,147723,159066
 "22045","Iberia, LA",5,CAGDP2,60,"54","   Professional, scientific, and technical services ","Thousands of dollars",44049,47684,46482,48433,(D),(D),65840,78013,74580,80051,125896,146419,139570,136732,155917,75188,(D),66242,68837,59484,63455,70259
 "22045","Iberia, LA",5,CAGDP2,64,"55","   Management of companies and enterprises ","Thousands of dollars",28131,25066,28425,12276,(D),(D),10891,11795,12878,14374,13812,13957,12855,10064,7017,6835,(D),10597,10267,12948,11141,12210
 "22045","Iberia, LA",5,CAGDP2,65,"56","   Administrative and support and waste management and remediation services ","Thousands of dollars",34081,51526,64346,84452,114576,166405,189732,182226,165740,169200,150834,145399,79776,80563,73719,66293,68465,69547,62537,66122,73127,76597
 "22045","Iberia, LA",5,CAGDP2,68,"61,62","  Educational services, health care, and social assistance ","Thousands of dollars",96770,105390,113575,(D),134922,140299,146326,164016,175480,182605,187669,188546,188049,183286,185064,170228,165966,168164,171112,163265,164359,179016
 "22045","Iberia, LA",5,CAGDP2,69,"61","   Educational services ","Thousands of dollars",9487,10697,(D),(D),13150,14370,16819,20455,23989,26530,27032,23759,19704,20098,21747,21888,21297,22192,23646,22135,23870,24635
 "22045","Iberia, LA",5,CAGDP2,70,"62","   Health care and social assistance ","Thousands of dollars",87283,94693,(D),114567,121772,125929,129506,143560,151492,156075,160637,164787,168345,163187,163317,148340,144668,145971,147466,141130,140489,154381
 "22045","Iberia, LA",5,CAGDP2,75,"71,72","  Arts, entertainment, recreation, accommodation, and food services ","Thousands of dollars",(D),42339,43154,44868,47061,51034,(D),(D),(D),(D),(D),50280,53247,53342,(D),53154,52710,53397,51941,49008,58512,60289
 "22045","Iberia, LA",5,CAGDP2,76,"71","   Arts, entertainment, and recreation ","Thousands of dollars",(D),6593,6188,6429,5919,6282,(D),(D),(D),(D),(D),4655,4884,4494,(D),3693,3711,4024,3735,3251,4865,5942
 "22045","Iberia, LA",5,CAGDP2,79,"72","   Accommodation and food services ","Thousands of dollars",31702,35746,36966,38438,41142,44752,46615,43711,45619,46140,43625,45625,48362,48848,49957,49461,48999,49374,48206,45758,53646,54347
 "22045","Iberia, LA",5,CAGDP2,82,"81","  Other services (except government and government enterprises) ","Thousands of dollars",61661,65473,69959,76064,89572,102213,109683,108750,102445,98271,94255,90309,81648,84171,75266,77781,76906,86082,84067,74994,79958,90564
 "22045","Iberia, LA",5,CAGDP2,83,"92","Government and government enterprises ","Thousands of dollars",173644,182256,191517,207766,215702,232222,220193,220244,249705,259368,260777,272737,278598,285544,288300,301495,306783,312808,314561,306332,308079,311070
 "22045","Iberia, LA",5,CAGDP2,87,"11,21","Natural resources and mining ","Thousands of dollars",(D),517878,506916,(D),668589,916979,(D),(D),(D),(D),(D),893968,966468,931187,(D),465917,502471,530337,525732,448304,468843,436238
 "22045","Iberia, LA",5,CAGDP2,88,"42,44-45","Trade ","Thousands of dollars",232440,251318,266187,284823,307338,373777,406632,403977,361636,360855,362237,375798,386808,396273,372919,371503,374703,380939,386652,390154,418583,453403
 "22045","Iberia, LA",5,CAGDP2,89,"22,48-49","Transportation and utilities ","Thousands of dollars",(D),110912,113270,(D),130590,174851,(D),(D),(D),(D),(D),141205,173061,182358,(D),132264,119550,124978,124700,115422,119311,112584
 "22045","Iberia, LA",5,CAGDP2,90,"31-33,51","Manufacturing and information ","Thousands of dollars",253455,289068,281866,300906,368557,450103,514108,484434,506469,526889,537203,636461,626898,632623,537730,480970,474058,517137,514791,450483,446032,485732
 "22045","Iberia, LA",5,CAGDP2,91,"...","Private goods-producing industries 2/","Thousands of dollars",(D),902237,916289,(D),1203140,1590687,(D),(D),(D),(D),(D),1774084,1801689,1753104,(D),1066535,1099347,1179412,1159504,1004319,1026354,1027965
 "22045","Iberia, LA",5,CAGDP2,92,"...","Private services-providing industries 3/","Thousands of dollars",(D),1040717,1096946,(D),1289234,1550041,(D),(D),(D),(D),(D),1945351,1918364,1918810,(D),1639756,1611422,1672429,1709265,1651526,1703588,1823382
 "22047","Iberville, LA",5,CAGDP2,1,"...","All industry total ","Thousands of dollars",1604217,1810921,1548746,2140876,2731913,2985822,2654190,2227816,1773029,1764796,1621443,1577109,1625314,1702104,1698728,1757663,2670278,2665642,2756558,2628003,2682582,2771993
 "22047","Iberville, LA",5,CAGDP2,2,"..."," Private industries ","Thousands of dollars",1466347,1663454,1396118,1986676,2569753,2815002,2487642,2051536,1582577,1560853,1409750,1376712,1420231,1489945,1483967,1535550,2431483,2411989,2496760,2369184,2425379,2503917
 "22047","Iberville, LA",5,CAGDP2,3,"11","  Agriculture, forestry, fishing and hunting ","Thousands of dollars",2253,2194,3388,763,1187,9173,9537,10409,11943,18554,23795,19584,25895,13214,8507,7120,7677,7663,17649,17692,31621,13490
 "22047","Iberville, LA",5,CAGDP2,6,"21","  Mining, quarrying, and oil and gas extraction ","Thousands of dollars",68835,46452,52151,63363,66132,76106,101716,115178,74281,98218,89190,87519,50539,76401,47968,51789,46828,23561,14238,6485,10736,15082
 "22047","Iberville, LA",5,CAGDP2,10,"22","  Utilities ","Thousands of dollars",398433,293128,164273,375564,381018,407252,382992,366635,363096,444222,471846,473607,460114,448512,407813,392935,(D),403744,493426,466299,565483,571407
 "22047","Iberville, LA",5,CAGDP2,11,"23","  Construction ","Thousands of dollars",71313,71082,47441,43548,66659,76415,92153,107925,91137,109305,81617,69162,112698,157522,232695,286869,632524,552883,528368,485402,277935,167233
 "22047","Iberville, LA",5,CAGDP2,12,"31-33","  Manufacturing ","Thousands of dollars",601400,908869,760735,1116563,1629120,1820346,1478355,950373,552287,360476,211205,168667,178186,135108,113537,87315,608623,678351,689982,689109,742019,848294
 "22047","Iberville, LA",5,CAGDP2,13,"321,327-339","   Durable goods manufacturing ","Thousands of dollars",20144,24310,24116,22449,23372,26555,32394,33405,33989,36094,41985,45234,48246,44959,43904,38273,37376,43122,44122,43515,47791,57092
 "22047","Iberville, LA",5,CAGDP2,25,"311-316,322-326","   Nondurable goods manufacturing ","Thousands of dollars",581256,884559,736618,1094114,1605748,1793791,1445960,916968,518298,324382,169219,123433,129940,90149,69633,49042,571247,635229,645860,645594,694229,791202
 "22047","Iberville, LA",5,CAGDP2,34,"42","  Wholesale trade ","Thousands of dollars",(D),(D),25814,27970,32088,36519,(D),(D),42027,45624,47365,45071,40262,36815,34208,29721,(D),(D),(D),(D),(D),(D)
 "22047","Iberville, LA",5,CAGDP2,35,"44-45","  Retail trade ","Thousands of dollars",43154,46797,49024,49203,50408,55785,56226,54861,52511,51785,52693,53179,56918,58184,55690,61676,67762,70457,76205,85931,90794,98236
 "22047","Iberville, LA",5,CAGDP2,36,"48-49","  Transportation and warehousing ","Thousands of dollars",57280,59701,66025,68979,77914,84200,84030,95804,74899,89168,85601,93700,125497,140776,140609,135185,150144,174173,164192,148499,173891,204253
 "22047","Iberville, LA",5,CAGDP2,45,"51","  Information ","Thousands of dollars",10407,11611,11756,12821,13251,12091,11887,11764,13730,11788,11977,13976,12945,12530,11078,12279,14600,14228,14693,13432,15070,15353
 "22047","Iberville, LA",5,CAGDP2,50,"52,53","  Finance, insurance, real estate, rental, and leasing ","Thousands of dollars",76667,79597,85087,93087,106245,103704,73738,122029,147612,182797,187636,192333,192635,214339,208636,234727,218328,244766,247503,219126,249026,(D)
 "22047","Iberville, LA",5,CAGDP2,51,"52","   Finance and insurance ","Thousands of dollars",16559,18108,19518,18906,21133,20840,22165,22933,23774,25380,27575,25964,20657,24730,29028,32408,32429,32124,30352,29829,29523,26141
 "22047","Iberville, LA",5,CAGDP2,56,"53","   Real estate and rental and leasing ","Thousands of dollars",60108,61489,65569,74181,85112,82864,51573,99095,123838,157417,160061,166369,171978,189609,179608,202319,185900,212642,217151,189298,219503,(D)
 "22047","Iberville, LA",5,CAGDP2,59,"54,55,56","  Professional and business services ","Thousands of dollars",62110,60296,63060,64338,72243,62609,75100,84070,78834,75573,73876,79748,81304,104253,124610,132091,128336,105298,107668,103198,123731,146553
 "22047","Iberville, LA",5,CAGDP2,60,"54","   Professional, scientific, and technical services ","Thousands of dollars",14902,16411,16999,16423,17831,15237,17086,20908,20817,25806,23477,25786,24056,26248,29630,28036,(D),(D),28251,28819,(D),30309
 "22047","Iberville, LA",5,CAGDP2,64,"55","   Management of companies and enterprises ","Thousands of dollars",4032,4381,4520,4486,4632,5202,4206,2819,4169,2731,2197,2383,2715,3399,1568,2131,(D),(D),2651,3711,(D),8364
 "22047","Iberville, LA",5,CAGDP2,65,"56","   Administrative and support and waste management and remediation services ","Thousands of dollars",43176,39504,41541,43429,49780,42169,53807,60343,53847,47036,48203,51579,54533,74606,93411,101924,83714,77991,76765,70668,91004,107879
 "22047","Iberville, LA",5,CAGDP2,68,"61,62","  Educational services, health care, and social assistance ","Thousands of dollars",27450,30884,35575,37791,38025,35707,(D),39292,36083,42386,43429,45530,48150,54511,56760,59103,52726,(D),(D),(D),59590,64211
 "22047","Iberville, LA",5,CAGDP2,69,"61","   Educational services ","Thousands of dollars",(D),(D),(D),(D),(D),(D),(D),(D),(D),(D),(D),(D),(D),(D),(D),(D),14916,(D),(D),(D),(D),(D)
 "22047","Iberville, LA",5,CAGDP2,70,"62","   Health care and social assistance ","Thousands of dollars",(D),(D),(D),(D),(D),(D),(D),(D),(D),(D),(D),(D),(D),(D),(D),(D),37810,(D),(D),(D),(D),(D)
 "22047","Iberville, LA",5,CAGDP2,75,"71,72","  Arts, entertainment, recreation, accommodation, and food services ","Thousands of dollars",(D),(D),12885,13255,15842,16437,15420,(D),14166,15496,15884,18973,20453,21702,26131,28578,33110,32749,29683,23112,(D),34131
 "22047","Iberville, LA",5,CAGDP2,76,"71","   Arts, entertainment, and recreation ","Thousands of dollars",(D),(D),(D),(D),(D),4610,3583,(D),(D),(D),3732,2248,2290,2390,3093,3843,4658,4796,5235,4542,(D),8571
 "22047","Iberville, LA",5,CAGDP2,79,"72","   Accommodation and food services ","Thousands of dollars",(D),(D),(D),(D),(D),11827,11836,(D),(D),(D),12152,16724,18163,19312,23038,24735,28452,27953,24447,18570,(D),25560
 "22047","Iberville, LA",5,CAGDP2,82,"81","  Other services (except government and government enterprises) ","Thousands of dollars",15057,18513,18904,19431,19621,18657,27116,36436,29974,15462,13636,15661,14635,16079,15727,16162,15588,17455,17379,17668,17291,19224
 "22047","Iberville, LA",5,CAGDP2,83,"92","Government and government enterprises ","Thousands of dollars",137869,147467,152627,154200,162161,170820,166548,176280,190451,203943,211694,200398,205082,212159,214761,222112,238795,253654,259797,258819,257203,268076
 "22047","Iberville, LA",5,CAGDP2,87,"11,21","Natural resources and mining ","Thousands of dollars",71088,48646,55539,64127,67320,85280,111253,125587,86223,116772,112984,107103,76435,89615,56475,58910,54505,31224,31888,24178,42357,28572
 "22047","Iberville, LA",5,CAGDP2,88,"42,44-45","Trade ","Thousands of dollars",(D),(D),74838,77173,82496,92304,(D),(D),94537,97409,100058,98251,97180,94999,89897,91397,(D),(D),(D),(D),(D),(D)
 "22047","Iberville, LA",5,CAGDP2,89,"22,48-49","Transportation and utilities ","Thousands of dollars",455713,352828,230298,444543,458932,491452,467022,462439,437995,533390,557447,567308,585611,589288,548422,528120,(D),577917,657618,614798,739374,775660
 "22047","Iberville, LA",5,CAGDP2,90,"31-33,51","Manufacturing and information ","Thousands of dollars",611807,920480,772491,1129384,1642371,1832437,1490242,962137,566016,372264,223182,182643,191131,147637,124615,99594,623223,692579,704675,702541,757090,863647
 "22047","Iberville, LA",5,CAGDP2,91,"...","Private goods-producing industries 2/","Thousands of dollars",743802,1028597,863714,1224238,1763098,1982042,1681761,1183885,729647,586553,405806,344932,367319,382245,402707,433093,1295652,1262458,1250238,1198689,1062311,1044099
 "22047","Iberville, LA",5,CAGDP2,92,"...","Private services-providing industries 3/","Thousands of dollars",722545,634857,532404,762438,806655,832960,805881,867651,852930,974301,1003944,1031780,1052913,1107701,1081260,1102457,1135831,1149530,1246522,1170495,1363069,1459817
 "22049","Jackson, LA",5,CAGDP2,1,"...","All industry total ","Thousands of dollars",425874,451888,638803,908323,1146855,1062706,888011,869954,675203,604981,507887,466064,491529,546647,509347,462009,461629,475052,478065,499452,516711,592597
 "22049","Jackson, LA",5,CAGDP2,2,"..."," Private industries ","Thousands of dollars",389080,412653,596866,863111,1097909,1012238,839595,820338,620579,542576,443984,399965,427212,479451,442511,391308,388550,401437,395624,412619,434840,510106
 "22049","Jackson, LA",5,CAGDP2,3,"11","  Agriculture, forestry, fishing and hunting ","Thousands of dollars",16443,17358,(D),26859,23524,14817,15396,(D),13895,15932,8670,12060,19751,(D),36647,19108,29028,31453,25434,16829,32247,65481
 "22049","Jackson, LA",5,CAGDP2,6,"21","  Mining, quarrying, and oil and gas extraction ","Thousands of dollars",139032,144293,346033,609507,845163,740281,565183,531448,280418,179896,115517,73296,66853,69022,34458,27344,28152,26704,18963,8352,23570,33946
 "22049","Jackson, LA",5,CAGDP2,10,"22","  Utilities ","Thousands of dollars",19217,17404,18352,18235,17749,20173,19508,20430,18660,(D),(D),17650,19380,19230,19038,20644,23298,21788,24739,26416,24623,23916
 "22049","Jackson, LA",5,CAGDP2,11,"23","  Construction ","Thousands of dollars",10652,6995,8675,(D),(D),(D),(D),(D),(D),49660,56216,42881,(D),63992,(D),(D),(D),(D),(D),(D),(D),(D)
 "22049","Jackson, LA",5,CAGDP2,12,"31-33","  Manufacturing ","Thousands of dollars",113330,129025,(D),(D),(D),(D),(D),135225,(D),152889,119004,122381,(D),(D),(D),(D),(D),(D),(D),(D),(D),(D)
 "22049","Jackson, LA",5,CAGDP2,13,"321,327-339","   Durable goods manufacturing ","Thousands of dollars",(D),(D),(D),(D),(D),(D),(D),(D),(D),(D),(D),(D),(D),(D),(D),(D),(D),(D),(D),(D),(D),1515
 "22049","Jackson, LA",5,CAGDP2,25,"311-316,322-326","   Nondurable goods manufacturing ","Thousands of dollars",(D),(D),(D),(D),(D),(D),(D),(D),(D),(D),(D),(D),146287,158232,164812,156603,137290,146054,151003,169959,150858,(D)
 "22049","Jackson, LA",5,CAGDP2,34,"42","  Wholesale trade ","Thousands of dollars",2917,3551,3565,3526,3668,3541,3029,(D),(D),(D),(D),(D),(D),(D),9955,(D),(D),(D),6135,6353,6706,6844
 "22049","Jackson, LA",5,CAGDP2,35,"44-45","  Retail trade ","Thousands of dollars",16775,18093,19112,21048,20834,22865,25008,24042,23797,25684,26483,27262,27296,26327,25043,26746,29059,29154,30110,32463,32771,34516
 "22049","Jackson, LA",5,CAGDP2,36,"48-49","  Transportation and warehousing ","Thousands of dollars",5448,4459,5550,5452,7211,7849,11085,8323,6757,7020,7066,6230,7966,8234,8223,8752,15574,14083,11124,10809,12497,14723
 "22049","Jackson, LA",5,CAGDP2,45,"51","  Information ","Thousands of dollars",1063,1436,1632,1856,1996,1579,1462,1484,1502,1848,1578,(D),2250,2524,2957,(D),(D),(D),(D),(D),(D),(D)
 "22049","Jackson, LA",5,CAGDP2,50,"52,53","  Finance, insurance, real estate, rental, and leasing ","Thousands of dollars",37631,39490,39704,37638,40907,42995,20874,32003,39512,42169,43140,48072,47686,51722,52970,58375,54972,58820,(D),67862,62344,59659
 "22049","Jackson, LA",5,CAGDP2,51,"52","   Finance and insurance ","Thousands of dollars",9337,11057,10464,9579,10524,10152,10036,10220,9271,9493,9780,9649,7932,10253,12701,15329,16940,18312,(D),19644,21319,20506
 "22049","Jackson, LA",5,CAGDP2,56,"53","   Real estate and rental and leasing ","Thousands of dollars",28294,28433,29241,28059,30384,32843,10838,21783,30241,32676,33360,38423,39754,41469,40268,43046,38033,40508,41420,48219,41025,39153
 "22049","Jackson, LA",5,CAGDP2,59,"54,55,56","  Professional and business services ","Thousands of dollars",5988,6367,5164,5213,5005,5519,5760,(D),(D),6832,7577,7089,(D),(D),6832,5926,(D),5843,(D),5602,15708,16853
 "22049","Jackson, LA",5,CAGDP2,60,"54","   Professional, scientific, and technical services ","Thousands of dollars",(D),(D),2858,3030,2988,3371,3566,4403,4564,4607,5161,4650,(D),4772,4565,4043,3960,4313,4396,4288,4881,4865
 "22049","Jackson, LA",5,CAGDP2,64,"55","   Management of companies and enterprises ","Thousands of dollars",(D),(D),(D),(D),(D),(D),(D),(D),(D),1640,1640,1594,(D),(D),(D),(D),(D),(D),(D),(D),(D),(D)
 "22049","Jackson, LA",5,CAGDP2,65,"56","   Administrative and support and waste management and remediation services ","Thousands of dollars",2271,2563,(D),(D),(D),(D),(D),(D),(D),585,776,845,(D),(D),(D),(D),(D),(D),(D),(D),(D),(D)
 "22049","Jackson, LA",5,CAGDP2,68,"61,62","  Educational services, health care, and social assistance ","Thousands of dollars",8917,11114,12227,11006,12276,10659,12115,14116,14639,15769,15605,14638,15298,15541,16575,18409,(D),19540,20010,21660,24961,33728
 "22049","Jackson, LA",5,CAGDP2,69,"61","   Educational services ","Thousands of dollars",167,172,167,91,61,61,85,(D),(D),(D),(D),(D),(D),(D),(D),(D),106,55,16,20,57,62
 "22049","Jackson, LA",5,CAGDP2,70,"62","   Health care and social assistance ","Thousands of dollars",8750,10942,12060,10915,12215,10598,12030,(D),(D),(D),(D),(D),(D),(D),(D),(D),(D),19485,19994,21640,24904,33666
 "22049","Jackson, LA",5,CAGDP2,75,"71,72","  Arts, entertainment, recreation, accommodation, and food services ","Thousands of dollars",2879,3110,3031,3526,3856,3857,4525,4319,4124,4233,4129,5038,5000,4944,5034,5815,5924,5963,5620,5349,7048,9026
 "22049","Jackson, LA",5,CAGDP2,76,"71","   Arts, entertainment, and recreation ","Thousands of dollars",(D),(D),(D),213,179,175,182,192,141,129,192,328,569,563,528,568,436,506,456,490,858,1226
 "22049","Jackson, LA",5,CAGDP2,79,"72","   Accommodation and food services ","Thousands of dollars",(D),(D),(D),3313,3677,3682,4344,4127,3984,4104,3937,4710,4431,4381,4506,5247,5488,5457,5164,4860,6190,7800
 "22049","Jackson, LA",5,CAGDP2,82,"81","  Other services (except government and government enterprises) ","Thousands of dollars",8788,9958,10886,11419,11569,10847,11579,12624,13407,14617,12702,(D),13393,13968,13709,(D),13623,14037,(D),(D),(D),(D)
 "22049","Jackson, LA",5,CAGDP2,83,"92","Government and government enterprises ","Thousands of dollars",36794,39235,41937,45212,48946,50468,48416,49616,54624,62405,63903,66099,64318,67196,66836,70701,73079,73615,82441,86833,81871,82491
 "22049","Jackson, LA",5,CAGDP2,87,"11,21","Natural resources and mining ","Thousands of dollars",155475,161650,(D),636366,868687,755098,580579,(D),294313,195828,124187,85356,86604,(D),71106,46452,57180,58156,44397,25182,55816,99428
 "22049","Jackson, LA",5,CAGDP2,88,"42,44-45","Trade ","Thousands of dollars",19693,21644,22677,24575,24502,26406,28037,(D),(D),(D),(D),(D),(D),(D),34998,(D),(D),(D),36245,38816,39477,41360
 "22049","Jackson, LA",5,CAGDP2,89,"22,48-49","Transportation and utilities ","Thousands of dollars",24665,21863,23902,23687,24960,28023,30593,28753,25417,(D),(D),23881,27346,27464,27261,29396,38872,35871,35863,37225,37119,38638
 "22049","Jackson, LA",5,CAGDP2,90,"31-33,51","Manufacturing and information ","Thousands of dollars",114393,130461,(D),(D),(D),(D),(D),136709,(D),154737,120581,(D),(D),(D),(D),162381,141295,150130,155326,175690,158778,168768
 "22049","Jackson, LA",5,CAGDP2,91,"...","Private goods-producing industries 2/","Thousands of dollars",279457,297671,477643,744190,972838,882353,724649,693543,487071,398377,299406,250618,274300,321295,282175,222168,210993,223557,216015,216518,226598,287868
 "22049","Jackson, LA",5,CAGDP2,92,"...","Private services-providing industries 3/","Thousands of dollars",109623,114982,119223,118921,125071,129885,114946,126795,133509,144199,144578,149347,152911,158156,160335,169140,177557,177880,179609,196101,208242,222237
 "22051","Jefferson, LA",5,CAGDP2,1,"...","All industry total ","Thousands of dollars",14608576,15048123,15765271,16757900,17615309,19155981,20335667,20764773,20404870,21118618,21215550,21532918,21516449,22079920,22925583,23218227,23753659,24188150,25098153,24148197,26467715,28683297
 "22051","Jefferson, LA",5,CAGDP2,2,"..."," Private industries ","Thousands of dollars",13437243,13787980,14462898,15341091,16161135,17676056,18891997,19281883,18740897,19362362,19479767,19799453,19793480,20319542,21215011,21586629,22101452,22480911,23383477,22383527,24877915,27092936
 "22051","Jefferson, LA",5,CAGDP2,3,"11","  Agriculture, forestry, fishing and hunting ","Thousands of dollars",25102,23799,20219,14245,11877,14874,13018,11653,12858,38425,42062,38361,29499,28183,33618,32798,20969,16122,10128,9919,10228,8166
 "22051","Jefferson, LA",5,CAGDP2,6,"21","  Mining, quarrying, and oil and gas extraction ","Thousands of dollars",933781,624860,604406,571114,705709,857536,829330,852315,603684,552590,514717,499288,406508,367550,252119,169605,191153,148768,145806,80129,70003,66998
 "22051","Jefferson, LA",5,CAGDP2,10,"22","  Utilities ","Thousands of dollars",218089,234723,201103,213537,201053,216340,224386,225979,165740,240220,224249,200590,215434,228800,380750,381738,402785,402636,484475,473988,475510,502433
 "22051","Jefferson, LA",5,CAGDP2,11,"23","  Construction ","Thousands of dollars",782760,798243,843205,838460,848793,1104875,1268029,1379642,1439730,1696201,1667902,1632995,1296371,1260366,1252348,1257515,1262477,1262110,1268749,1171392,1277215,1334631
 "22051","Jefferson, LA",5,CAGDP2,12,"31-33","  Manufacturing ","Thousands of dollars",1054260,1186109,1397456,1581587,1826904,1691980,1744703,1595181,1511532,1514880,1635566,1574255,1318198,1263175,1229329,1214394,1311664,1335434,1361198,1247015,1346681,1511340
 "22051","Jefferson, LA",5,CAGDP2,13,"321,327-339","   Durable goods manufacturing ","Thousands of dollars",(D),625428,691871,732150,753141,729005,882255,941019,886116,899454,843228,757996,668438,615617,515161,467598,445017,455511,489379,445080,472936,527542
 "22051","Jefferson, LA",5,CAGDP2,25,"311-316,322-326","   Nondurable goods manufacturing ","Thousands of dollars",(D),560681,705585,849437,1073764,962975,862448,654161,625416,615426,792338,816259,649760,647558,714168,746796,866647,879923,871819,801935,873746,983798
 "22051","Jefferson, LA",5,CAGDP2,34,"42","  Wholesale trade ","Thousands of dollars",1232994,1271422,1344705,1446617,1546539,1717347,1860556,2016000,1880678,1881504,1779690,1950983,2007385,2031231,2018832,1912785,1843628,2002635,2251349,2405976,2393316,2563946
 "22051","Jefferson, LA",5,CAGDP2,35,"44-45","  Retail trade ","Thousands of dollars",1486526,1528800,1552235,1616128,1669653,2056563,2149332,1977082,1830893,1810025,1837774,1886654,1962907,1968504,1954283,2127869,2243488,2262068,2300981,2343126,2693153,2906895
 "22051","Jefferson, LA",5,CAGDP2,36,"48-49","  Transportation and warehousing ","Thousands of dollars",668477,710526,760840,883466,910303,1011044,1208755,1302329,1119760,1050042,1098773,1109330,1259902,1353777,1424356,1336481,1324850,1341032,1399658,944114,1212610,1570266
 "22051","Jefferson, LA",5,CAGDP2,45,"51","  Information ","Thousands of dollars",382200,430794,452608,539429,538549,571127,590318,545662,506118,552002,458011,421359,483451,457364,475497,430630,442802,429201,449238,390987,439802,495887
 "22051","Jefferson, LA",5,CAGDP2,50,"52,53","  Finance, insurance, real estate, rental, and leasing ","Thousands of dollars",2807937,2895183,3022177,3203901,3324083,3415831,3637348,3604057,3754661,3823776,4095512,4144526,4252747,4436194,4761758,4970894,5135081,5301233,5442068,5597146,6297184,6511650
 "22051","Jefferson, LA",5,CAGDP2,51,"52","   Finance and insurance ","Thousands of dollars",893424,965011,1040028,1099471,1240952,1176643,1220323,1205556,1233844,1253179,1294603,1260325,1217438,1502296,1768311,1919131,2005999,2067938,2119183,2347134,2313034,2374269
 "22051","Jefferson, LA",5,CAGDP2,56,"53","   Real estate and rental and leasing ","Thousands of dollars",1914513,1930172,1982149,2104430,2083131,2239188,2417025,2398501,2520817,2570597,2800909,2884202,3035309,2933898,2993448,3051762,3129081,3233295,3322885,3250013,3984150,4137381
 "22051","Jefferson, LA",5,CAGDP2,59,"54,55,56","  Professional and business services ","Thousands of dollars",1425050,1510053,1512205,1558611,1640259,1860570,2002572,2237017,2168512,2345114,2330993,2420305,2459693,2603904,2599454,2465277,2497777,2493394,2608040,2494884,2814453,3126446
 "22051","Jefferson, LA",5,CAGDP2,60,"54","   Professional, scientific, and technical services ","Thousands of dollars",774503,830840,825034,851024,851134,965303,1040198,1234756,1213780,1279792,1301800,1380520,1364162,1437724,1440542,1338504,1335421,1292278,1350190,1274543,1381606,1493978
 "22051","Jefferson, LA",5,CAGDP2,64,"55","   Management of companies and enterprises ","Thousands of dollars",147247,160901,147954,158433,199551,216774,250598,255238,268580,286777,307605,295621,310445,314495,323502,322609,305362,304953,312649,312427,330500,394837
 "22051","Jefferson, LA",5,CAGDP2,65,"56","   Administrative and support and waste management and remediation services ","Thousands of dollars",503300,518312,539217,549154,589574,678493,711776,747023,686152,778544,721588,744164,785086,851685,835410,804164,856994,896163,945202,907914,1102347,1237630
 "22051","Jefferson, LA",5,CAGDP2,68,"61,62","  Educational services, health care, and social assistance ","Thousands of dollars",1025117,1085654,1211288,1293566,1386613,1461570,1547321,1727386,1940780,2038595,2050905,2128443,2154912,2193932,2434072,2776413,2816800,2848957,2975220,2992754,3258905,3472673
 "22051","Jefferson, LA",5,CAGDP2,69,"61","   Educational services ","Thousands of dollars",95286,97618,112445,121122,114619,112840,125907,143272,167100,182957,181837,183687,188642,190860,194759,224214,230692,247202,261165,250816,278071,289368
 "22051","Jefferson, LA",5,CAGDP2,70,"62","   Health care and social assistance ","Thousands of dollars",929831,988036,1098842,1172444,1271993,1348730,1421414,1584114,1773680,1855638,1869068,1944756,1966270,2003071,2239313,2552199,2586108,2601755,2714055,2741939,2980834,3183305
 "22051","Jefferson, LA",5,CAGDP2,75,"71,72","  Arts, entertainment, recreation, accommodation, and food services ","Thousands of dollars",937271,981751,1030508,1064864,1078382,1167628,1263220,1245250,1254876,1244860,1195868,1208468,1349825,1510983,1775196,1869181,1985759,1990555,2031021,1624932,1925214,2248033
 "22051","Jefferson, LA",5,CAGDP2,76,"71","   Arts, entertainment, and recreation ","Thousands of dollars",401638,423533,451015,462528,481995,505644,584173,610852,624831,618389,580085,547625,597445,674802,869065,995800,1134768,1182791,1233263,960237,1117313,1323090
 "22051","Jefferson, LA",5,CAGDP2,79,"72","   Accommodation and food services ","Thousands of dollars",535633,558217,579493,602336,596387,661984,679047,634398,630046,626471,615783,660843,752380,836181,906131,873381,850992,807764,797757,664694,807902,924943
 "22051","Jefferson, LA",5,CAGDP2,82,"81","  Other services (except government and government enterprises) ","Thousands of dollars",457678,506064,509943,515565,472417,528771,553108,562330,551074,574126,547746,583894,596648,615580,623398,641049,622220,646768,655546,607164,663641,773574
 "22051","Jefferson, LA",5,CAGDP2,83,"92","Government and government enterprises ","Thousands of dollars",1171333,1260143,1302373,1416809,1454174,1479925,1443670,1482890,1663973,1756256,1735783,1733465,1722970,1760378,1710572,1631599,1652207,1707238,1714676,1764670,1589799,1590361
 "22051","Jefferson, LA",5,CAGDP2,87,"11,21","Natural resources and mining ","Thousands of dollars",958883,648658,624624,585360,717586,872410,842348,863968,616542,591015,556778,537649,436008,395732,285737,202403,212122,164890,155934,90048,80231,75164
 "22051","Jefferson, LA",5,CAGDP2,88,"42,44-45","Trade ","Thousands of dollars",2719521,2800222,2896940,3062744,3216192,3773909,4009888,3993083,3711571,3691530,3617464,3837637,3970291,3999735,3973114,4040653,4087116,4264703,4552330,4749103,5086469,5470841
 "22051","Jefferson, LA",5,CAGDP2,89,"22,48-49","Transportation and utilities ","Thousands of dollars",886566,945249,961943,1097003,1111356,1227384,1433141,1528309,1285500,1290262,1323022,1309920,1475336,1582577,1805107,1718220,1727635,1743668,1884133,1418102,1688120,2072699
 "22051","Jefferson, LA",5,CAGDP2,90,"31-33,51","Manufacturing and information ","Thousands of dollars",1436460,1616902,1850064,2121016,2365453,2263108,2335021,2140843,2017650,2066883,2093577,1995614,1801649,1720538,1704826,1645024,1754466,1764635,1810436,1638002,1786483,2007227
 "22051","Jefferson, LA",5,CAGDP2,91,"...","Private goods-producing industries 2/","Thousands of dollars",2795903,2633010,2865285,3005407,3393283,3669266,3855080,3838791,3567804,3802096,3860246,3744900,3050576,2919273,2767415,2674313,2786263,2762434,2785881,2508455,2704127,2921134
 "22051","Jefferson, LA",5,CAGDP2,92,"...","Private services-providing industries 3/","Thousands of dollars",10641340,11154970,11597612,12335683,12767852,14006790,15036917,15443092,15173093,15560266,15619521,16054553,16742903,17400269,18447596,18912316,19315189,19718478,20597596,19875072,22173788,24171802
 "22053","Jefferson Davis, LA",5,CAGDP2,1,"...","All industry total ","Thousands of dollars",1128724,874397,929759,934973,1068589,1158430,1107136,1185350,992567,942976,910468,1002150,974657,960877,866205,874523,873265,876850,876413,888801,895243,949631
 "22053","Jefferson Davis, LA",5,CAGDP2,2,"..."," Private industries ","Thousands of dollars",1066216,807162,856956,858098,983927,1072843,1026428,1092075,886466,827838,785084,876704,845463,831027,735132,736359,736981,736219,733235,741911,746853,807831
 "22053","Jefferson Davis, LA",5,CAGDP2,3,"11","  Agriculture, forestry, fishing and hunting ","Thousands of dollars",35133,25446,44637,46270,27980,16912,27867,81719,66313,45634,27301,43321,55038,52372,11741,42276,53529,48804,30578,79199,43905,58973
 "22053","Jefferson Davis, LA",5,CAGDP2,6,"21","  Mining, quarrying, and oil and gas extraction ","Thousands of dollars",702942,415375,394699,371339,480933,566025,506753,465930,275853,238267,211443,233941,181473,147587,89099,63177,30173,35845,34494,18557,17590,25634
 "22053","Jefferson Davis, LA",5,CAGDP2,10,"22","  Utilities ","Thousands of dollars",2928,3304,3680,3702,4958,4935,5146,5826,5472,5749,5758,5758,5363,5755,5959,6651,6260,7142,7747,10932,8467,8059
 "22053","Jefferson Davis, LA",5,CAGDP2,11,"23","  Construction ","Thousands of dollars",20668,26124,33739,36569,42162,47958,54773,51179,44993,37925,39061,47406,40735,40158,37905,40622,38585,39322,43869,43537,52290,53727
 "22053","Jefferson Davis, LA",5,CAGDP2,12,"31-33","  Manufacturing ","Thousands of dollars",25232,24241,35008,38147,41628,28333,54286,58493,57016,48601,41343,28998,40419,50990,50691,47285,41201,41422,43906,37726,32227,34754
 "22053","Jefferson Davis, LA",5,CAGDP2,13,"321,327-339","   Durable goods manufacturing ","Thousands of dollars",21229,19644,22873,23832,23626,22837,28708,28909,29765,29518,29418,22378,31711,40040,34759,33655,25651,25953,29434,25115,21672,23817
 "22053","Jefferson Davis, LA",5,CAGDP2,25,"311-316,322-326","   Nondurable goods manufacturing ","Thousands of dollars",4003,4597,12136,14315,18002,5496,25577,29584,27251,19083,11925,6620,8707,10950,15932,13630,15550,15469,14473,12611,10555,10937
 "22053","Jefferson Davis, LA",5,CAGDP2,34,"42","  Wholesale trade ","Thousands of dollars",37622,37695,34421,31453,31103,29685,29291,32467,30494,30531,31136,29866,29801,28359,25202,23689,24228,26014,27132,25626,28029,29657
 "22053","Jefferson Davis, LA",5,CAGDP2,35,"44-45","  Retail trade ","Thousands of dollars",54707,58809,61007,61373,66787,73807,72005,69567,68731,70159,68901,71849,75947,77323,76388,82429,85573,88498,90689,96180,108370,114958
 "22053","Jefferson Davis, LA",5,CAGDP2,36,"48-49","  Transportation and warehousing ","Thousands of dollars",6070,9602,9621,7825,8844,11450,13883,12347,8972,10303,12277,11514,15371,17892,15516,14151,14559,16212,17093,18621,21467,21767
 "22053","Jefferson Davis, LA",5,CAGDP2,45,"51","  Information ","Thousands of dollars",3422,4182,7558,8721,10837,12807,15593,15035,13213,10880,8325,10497,9653,10043,5195,6149,7367,7075,7582,6895,8749,9034
 "22053","Jefferson Davis, LA",5,CAGDP2,50,"52,53","  Finance, insurance, real estate, rental, and leasing ","Thousands of dollars",96194,110963,122905,134665,142942,144680,93635,137315,144975,156495,176419,215763,206418,198171,222804,208258,229195,218102,222980,221418,238028,247565
 "22053","Jefferson Davis, LA",5,CAGDP2,51,"52","   Finance and insurance ","Thousands of dollars",22711,25368,23845,23529,26392,25430,24801,23570,23178,22182,22138,22412,19125,23235,27794,31752,34224,34669,35236,39351,41343,33807
 "22053","Jefferson Davis, LA",5,CAGDP2,56,"53","   Real estate and rental and leasing ","Thousands of dollars",73483,85595,99060,111136,116549,119250,68834,113745,121798,134313,154281,193351,187294,174935,195010,176506,194972,183432,187744,182067,196685,213758
 "22053","Jefferson Davis, LA",5,CAGDP2,59,"54,55,56","  Professional and business services ","Thousands of dollars",18179,18680,22767,22426,26881,31130,40345,51415,51065,49567,46244,54597,58645,71160,54659,54763,52306,56400,54469,44562,42989,49090
 "22053","Jefferson Davis, LA",5,CAGDP2,60,"54","   Professional, scientific, and technical services ","Thousands of dollars",7721,8418,9206,9365,10611,12358,15687,19704,18430,18632,18684,18774,17230,17774,17203,17380,15857,15471,13258,10630,11786,11567
 "22053","Jefferson Davis, LA",5,CAGDP2,64,"55","   Management of companies and enterprises ","Thousands of dollars",3068,3486,7007,6900,9107,9886,9369,10430,10360,11346,10935,18920,19530,18942,11844,14183,14365,14985,15371,15595,13065,17181
 "22053","Jefferson Davis, LA",5,CAGDP2,65,"56","   Administrative and support and waste management and remediation services ","Thousands of dollars",7390,6776,6553,6161,7163,8886,15289,21281,22275,19589,16624,16903,21885,34444,25611,23200,22084,25944,25840,18336,18139,20342
 "22053","Jefferson Davis, LA",5,CAGDP2,68,"61,62","  Educational services, health care, and social assistance ","Thousands of dollars",35933,42568,48295,55279,56765,61911,69823,78033,83570,86668,80968,83585,84756,88434,95624,103225,110331,108764,111350,99089,100611,105855
 "22053","Jefferson Davis, LA",5,CAGDP2,69,"61","   Educational services ","Thousands of dollars",(D),(D),(D),(D),3335,3521,(D),(D),(D),(D),(D),6222,6565,6661,6622,7546,8009,8940,9738,9141,(D),(D)
 "22053","Jefferson Davis, LA",5,CAGDP2,70,"62","   Health care and social assistance ","Thousands of dollars",(D),(D),(D),(D),53430,58390,(D),(D),(D),(D),(D),77363,78191,81773,89002,95679,102321,99824,101611,89948,(D),(D)
 "22053","Jefferson Davis, LA",5,CAGDP2,75,"71,72","  Arts, entertainment, recreation, accommodation, and food services ","Thousands of dollars",13370,14801,15277,15431,18214,21138,18996,15548,17005,17522,16265,18505,19937,20184,21822,22294,22727,21441,20387,18887,23676,26055
 "22053","Jefferson Davis, LA",5,CAGDP2,76,"71","   Arts, entertainment, and recreation ","Thousands of dollars",752,871,1345,621,846,1026,1093,1034,1017,1027,1123,1339,1668,1876,1678,1752,1559,1570,1338,1356,2800,3553
 "22053","Jefferson Davis, LA",5,CAGDP2,79,"72","   Accommodation and food services ","Thousands of dollars",12618,13931,13931,14810,17368,20112,17903,14514,15988,16495,15143,17165,18269,18309,20143,20542,21169,19871,19050,17532,20876,22502
 "22053","Jefferson Davis, LA",5,CAGDP2,82,"81","  Other services (except government and government enterprises) ","Thousands of dollars",13817,15372,23341,24898,23893,22071,24033,17203,18794,19537,19642,21103,21907,22601,22527,21390,20947,21179,20958,20682,20454,22702
 "22053","Jefferson Davis, LA",5,CAGDP2,83,"92","Government and government enterprises ","Thousands of dollars",62508,67234,72803,76875,84662,85587,80708,93275,106100,115138,125383,125446,129194,129850,131073,138164,136284,140631,143177,146890,148390,141799
 "22053","Jefferson Davis, LA",5,CAGDP2,87,"11,21","Natural resources and mining ","Thousands of dollars",738074,440820,439336,417609,508913,582938,534620,547649,342165,283901,238744,277262,236511,199958,100840,105453,83702,84649,65072,97756,61496,84607
 "22053","Jefferson Davis, LA",5,CAGDP2,88,"42,44-45","Trade ","Thousands of dollars",92329,96504,95428,92827,97890,103492,101296,102033,99226,100690,100038,101715,105748,105682,101590,106117,109801,114512,117821,121806,136398,144615
 "22053","Jefferson Davis, LA",5,CAGDP2,89,"22,48-49","Transportation and utilities ","Thousands of dollars",8998,12907,13302,11527,13802,16386,19029,18172,14444,16052,18035,17273,20734,23646,21475,20802,20819,23354,24840,29553,29934,29826
 "22053","Jefferson Davis, LA",5,CAGDP2,90,"31-33,51","Manufacturing and information ","Thousands of dollars",28654,28423,42567,46868,52465,41140,69879,73528,70229,59481,49668,39495,50072,61033,55886,53434,48567,48496,51488,44621,40976,43788
 "22053","Jefferson Davis, LA",5,CAGDP2,91,"...","Private goods-producing industries 2/","Thousands of dollars",783974,491185,508083,492325,592703,659228,643678,657321,444174,370427,319149,353666,317665,291106,189436,193360,163488,165393,152847,179019,146013,173089
 "22053","Jefferson Davis, LA",5,CAGDP2,92,"...","Private services-providing industries 3/","Thousands of dollars",282241,315977,348873,365773,391223,413615,382750,434754,442292,457411,465936,523038,527798,539921,545696,542999,573494,570826,580388,562892,600840,634743
 "22055","Lafayette, LA",5,CAGDP2,1,"...","All industry total ","Thousands of dollars",8521684,8247619,8649291,9068986,10178236,12088395,12518568,13207727,12490048,13302426,14174123,14910384,15259370,15893064,14785755,13427462,13732242,14689606,14860288,14422899,15441823,16701683
 "22055","Lafayette, LA",5,CAGDP2,2,"..."," Private industries ","Thousands of dollars",7918698,7587775,7939723,8308781,9375656,11215347,11676757,12352757,11495625,12258592,13103412,13848912,14217137,14856359,13720421,12348634,12621398,13524222,13661843,13169060,14185694,15424274
 "22055","Lafayette, LA",5,CAGDP2,3,"11","  Agriculture, forestry, fishing and hunting ","Thousands of dollars",5204,4744,7518,3552,3231,9430,3443,0,0,6019,9751,7143,11313,9104,12734,13683,7425,8070,6368,8961,14681,7456
 "22055","Lafayette, LA",5,CAGDP2,6,"21","  Mining, quarrying, and oil and gas extraction ","Thousands of dollars",1997034,1489959,1520521,1505777,1709235,2510955,2651589,2907508,2163958,2338860,2419658,2541007,2550869,2973228,2042948,1270265,1386874,1517861,1553515,1009105,1059620,1253814
 "22055","Lafayette, LA",5,CAGDP2,10,"22","  Utilities ","Thousands of dollars",25436,23034,20186,27474,28574,21132,23856,32721,28146,41499,54173,29809,25264,16085,16052,15069,14780,17476,18021,27334,24325,32900
 "22055","Lafayette, LA",5,CAGDP2,11,"23","  Construction ","Thousands of dollars",362417,354839,397373,382957,390986,485191,541088,531967,550011,464827,492214,580410,646027,664135,687297,592817,628736,670646,713386,855188,954068,877601
 "22055","Lafayette, LA",5,CAGDP2,12,"31-33","  Manufacturing ","Thousands of dollars",412935,453552,499495,557245,766034,853698,979446,895127,794237,858573,1211480,1214172,1129381,1221048,1021121,832736,909745,1054215,1084409,827382,890764,1113196
 "22055","Lafayette, LA",5,CAGDP2,13,"321,327-339","   Durable goods manufacturing ","Thousands of dollars",304885,327661,308819,(D),381176,490787,652894,668638,585898,638070,774005,804824,764220,894322,726500,579253,570997,665916,725828,585481,592782,728327
 "22055","Lafayette, LA",5,CAGDP2,25,"311-316,322-326","   Nondurable goods manufacturing ","Thousands of dollars",108050,125891,190676,(D),384858,362911,326552,226489,208339,220503,437475,409348,365161,326726,294621,253483,338748,388300,358581,241901,297982,384869
 "22055","Lafayette, LA",5,CAGDP2,34,"42","  Wholesale trade ","Thousands of dollars",462880,468725,499502,561477,666260,774767,926434,981323,914339,1019562,1097893,1202851,1139711,1101203,964993,842952,812142,830623,834447,828108,916251,987756
 "22055","Lafayette, LA",5,CAGDP2,35,"44-45","  Retail trade ","Thousands of dollars",656858,701368,741334,756544,826949,929155,973813,996290,964728,971288,1002522,1074284,1141040,1170792,1167117,1232092,1295689,1294453,1308715,1355169,1602629,1708075
 "22055","Lafayette, LA",5,CAGDP2,36,"48-49","  Transportation and warehousing ","Thousands of dollars",262202,238282,249646,244845,255555,285227,274065,340262,255075,299912,329253,347690,432006,337810,337150,363208,412292,413895,394996,443132,600277,670567
 "22055","Lafayette, LA",5,CAGDP2,45,"51","  Information ","Thousands of dollars",211690,247295,278076,332867,398693,418861,484071,474819,433616,399634,365005,341101,358623,346514,351577,352189,360150,348189,385047,356005,392686,413370
 "22055","Lafayette, LA",5,CAGDP2,50,"52,53","  Finance, insurance, real estate, rental, and leasing ","Thousands of dollars",1555356,1516221,1532368,1553151,1737778,1990890,1654035,1819248,2011072,2263156,2510394,2649072,2600188,2591810,2652014,2615927,2503631,2839263,2720287,2984345,2873589,2969274
 "22055","Lafayette, LA",5,CAGDP2,51,"52","   Finance and insurance ","Thousands of dollars",284187,319261,340682,344124,401111,394937,404189,377265,398230,416012,410582,454434,422602,509444,582554,626885,657196,707561,735596,826852,814128,812518
 "22055","Lafayette, LA",5,CAGDP2,56,"53","   Real estate and rental and leasing ","Thousands of dollars",1271169,1196960,1191686,1209027,1336667,1595953,1249846,1441983,1612842,1847144,2099812,2194638,2177585,2082367,2069460,1989042,1846435,2131701,1984691,2157494,2059461,2156757
 "22055","Lafayette, LA",5,CAGDP2,59,"54,55,56","  Professional and business services ","Thousands of dollars",825271,842777,866018,932659,1056731,1282893,1442086,1542576,1449262,1515483,1506381,1654731,1863692,1991372,1962488,1679750,1672764,1793132,1806567,1655253,1797234,1937956
 "22055","Lafayette, LA",5,CAGDP2,60,"54","   Professional, scientific, and technical services ","Thousands of dollars",446964,480448,502240,555652,594352,702588,782730,899756,826688,860298,888897,1005582,1052734,1105500,1071624,917416,956193,1052221,1102882,979418,1018539,1131265
 "22055","Lafayette, LA",5,CAGDP2,64,"55","   Management of companies and enterprises ","Thousands of dollars",153585,151095,156937,174858,195758,267640,308317,278662,262209,269445,253681,295746,373193,422351,404287,352091,326929,344679,279923,189388,249534,220821
 "22055","Lafayette, LA",5,CAGDP2,65,"56","   Administrative and support and waste management and remediation services ","Thousands of dollars",224721,211234,206842,202148,266621,312666,351039,364159,360364,385740,363803,353403,437764,463522,486577,410244,389642,396232,423761,486447,529161,585870
 "22055","Lafayette, LA",5,CAGDP2,68,"61,62","  Educational services, health care, and social assistance ","Thousands of dollars",696041,759471,821293,896890,949374,1010399,1066899,1177374,1269919,1412729,1449616,1492318,1544494,1591200,1638367,1682124,1733368,1823159,1961750,2017327,2110943,2341840
 "22055","Lafayette, LA",5,CAGDP2,69,"61","   Educational services ","Thousands of dollars",37980,38355,41577,45638,47999,51103,63268,70100,77363,80999,87650,92224,98670,98317,81701,85089,90542,98531,113421,99066,103782,114495
 "22055","Lafayette, LA",5,CAGDP2,70,"62","   Health care and social assistance ","Thousands of dollars",658060,721116,779716,851253,901374,959296,1003631,1107274,1192557,1331730,1361965,1400094,1445824,1492883,1556666,1597035,1642826,1724629,1848329,1918261,2007162,2227345
 "22055","Lafayette, LA",5,CAGDP2,75,"71,72","  Arts, entertainment, recreation, accommodation, and food services ","Thousands of dollars",280861,312524,331810,362998,396406,437053,442568,426842,448732,480465,466301,494354,525102,567947,574004,551601,562356,569616,529313,480523,615740,714046
 "22055","Lafayette, LA",5,CAGDP2,76,"71","   Arts, entertainment, and recreation ","Thousands of dollars",45781,51270,53872,58686,57459,56634,54895,48403,50905,57985,64888,76930,79875,78709,68716,65471,63939,64985,63366,56158,78388,89714
 "22055","Lafayette, LA",5,CAGDP2,79,"72","   Accommodation and food services ","Thousands of dollars",235080,261255,277938,304312,338946,380419,387673,378439,397827,422480,401413,417423,445227,489238,505288,486130,498416,504631,465946,424365,537352,624333
 "22055","Lafayette, LA",5,CAGDP2,82,"81","  Other services (except government and government enterprises) ","Thousands of dollars",164513,174984,174581,190345,189850,205695,213365,226700,212529,186584,188770,219969,249429,274112,292561,304222,321446,343623,345024,321227,332886,396422
 "22055","Lafayette, LA",5,CAGDP2,83,"92","Government and government enterprises ","Thousands of dollars",602986,659844,709569,760205,802580,873048,841810,854970,994423,1043834,1070711,1061472,1042233,1036706,1065334,1078828,1110844,1165384,1198444,1253839,1256128,1277410
 "22055","Lafayette, LA",5,CAGDP2,87,"11,21","Natural resources and mining ","Thousands of dollars",2002238,1494703,1528039,1509329,1712466,2520385,2655031,2907508,2163958,2344879,2429409,2548151,2562182,2982332,2055682,1283948,1394300,1525931,1559883,1018066,1074301,1261270
 "22055","Lafayette, LA",5,CAGDP2,88,"42,44-45","Trade ","Thousands of dollars",1119738,1170092,1240836,1318021,1493209,1703922,1900247,1977613,1879067,1990850,2100416,2277135,2280751,2271995,2132110,2075043,2107830,2125077,2143161,2183277,2518880,2695831
 "22055","Lafayette, LA",5,CAGDP2,89,"22,48-49","Transportation and utilities ","Thousands of dollars",287638,261316,269833,272318,284129,306359,297922,372983,283221,341411,383426,377499,457269,353894,353201,378277,427072,431371,413017,470466,624602,703467
 "22055","Lafayette, LA",5,CAGDP2,90,"31-33,51","Manufacturing and information ","Thousands of dollars",624625,700847,777570,890112,1164728,1272559,1463517,1369945,1227853,1258207,1576485,1555274,1488004,1567561,1372698,1184925,1269895,1402404,1469456,1183386,1283450,1526566
 "22055","Lafayette, LA",5,CAGDP2,91,"...","Private goods-producing industries 2/","Thousands of dollars",2777590,2303094,2424907,2449530,2869486,3859274,4175565,4334602,3508206,3668279,4133103,4342732,4337589,4867514,3764100,2709501,2932781,3250792,3357678,2700636,2919133,3252066
 "22055","Lafayette, LA",5,CAGDP2,92,"...","Private services-providing industries 3/","Thousands of dollars",5141108,5284681,5514816,5859250,6506169,7356073,7501192,8018155,7987419,8590313,8970309,9506180,9879548,9988845,9956321,9639133,9688617,10273430,10304165,10468424,11266561,12172207
 "22057","Lafourche, LA",5,CAGDP2,1,"...","All industry total ","Thousands of dollars",2604280,2578478,2829535,3030487,3393828,3985584,4384262,4688083,4269613,4567517,4590852,4668506,4987735,5124514,4466751,3922475,3894504,4107735,4195218,3938690,4259006,4801086
 "22057","Lafourche, LA",5,CAGDP2,2,"..."," Private industries ","Thousands of dollars",2303735,2255498,2488935,2662106,3011367,3593872,4017330,4317597,3842164,4110788,4123039,4194286,4494083,4612939,3943738,3391849,3356527,3565018,3639065,3491156,3803464,4350012
 "22057","Lafourche, LA",5,CAGDP2,3,"11","  Agriculture, forestry, fishing and hunting ","Thousands of dollars",20667,19760,20790,15330,16125,40479,23445,53604,45717,70952,69730,61377,52373,52868,59961,41540,31398,35802,(D),37583,47880,41863
 "22057","Lafourche, LA",5,CAGDP2,6,"21","  Mining, quarrying, and oil and gas extraction ","Thousands of dollars",605812,469922,570285,700380,699572,718200,871197,907646,627683,624940,673249,682885,751830,686684,382099,280944,299495,394379,373827,262190,309271,412983
 "22057","Lafourche, LA",5,CAGDP2,10,"22","  Utilities ","Thousands of dollars",(D),4060,4844,4401,5370,5714,6275,6960,6805,6967,6841,6624,6991,8367,7719,8124,7205,6554,(D),11750,10115,9821
 "22057","Lafourche, LA",5,CAGDP2,11,"23","  Construction ","Thousands of dollars",99145,98596,123343,135589,144960,164117,186269,227574,235178,235121,221456,200685,193370,205589,207460,185868,192204,227319,229554,231411,254047,324821
 "22057","Lafourche, LA",5,CAGDP2,12,"31-33","  Manufacturing ","Thousands of dollars",193402,182899,202470,194887,284873,291515,334279,313600,335964,336701,325211,319635,333340,410733,384850,362195,365272,385571,441450,420790,423065,541512
 "22057","Lafourche, LA",5,CAGDP2,13,"321,327-339","   Durable goods manufacturing ","Thousands of dollars",156072,138045,154767,133090,203763,211074,259696,232543,239772,250756,245793,246053,270151,350314,316077,281920,247570,260975,318604,303069,306684,411653
 "22057","Lafourche, LA",5,CAGDP2,25,"311-316,322-326","   Nondurable goods manufacturing ","Thousands of dollars",37330,44854,47704,61797,81110,80441,74584,81057,96192,85945,79418,73582,63189,60419,68773,80275,117702,124596,122846,117721,116381,129859
 "22057","Lafourche, LA",5,CAGDP2,34,"42","  Wholesale trade ","Thousands of dollars",61549,60872,56072,56472,52817,65469,72698,82161,84406,87133,87948,95737,100127,106077,116914,116086,116619,119470,119999,107598,120364,118919
 "22057","Lafourche, LA",5,CAGDP2,35,"44-45","  Retail trade ","Thousands of dollars",145239,155249,161358,160748,178115,218969,234163,224551,218270,226230,227838,239397,242161,243835,221650,232083,244998,252458,253968,256215,277756,294915
 "22057","Lafourche, LA",5,CAGDP2,36,"48-49","  Transportation and warehousing ","Thousands of dollars",330416,361032,398226,436393,590393,921702,1185924,1263401,1020877,1122756,1224085,1241940,1355665,1512043,1288941,884945,879305,901364,910152,746210,842998,1022341
 "22057","Lafourche, LA",5,CAGDP2,45,"51","  Information ","Thousands of dollars",47298,48006,45101,51462,56478,55183,52754,58202,57053,57725,54154,53344,55597,51418,46862,38939,33958,31439,31730,29240,30320,32394
 "22057","Lafourche, LA",5,CAGDP2,50,"52,53","  Finance, insurance, real estate, rental, and leasing ","Thousands of dollars",486296,503299,515368,516847,564761,653940,534621,603161,613227,671328,569438,599645,639271,571447,592182,576754,532375,566154,599579,650944,689705,695082
 "22057","Lafourche, LA",5,CAGDP2,51,"52","   Finance and insurance ","Thousands of dollars",53579,65097,65099,64108,81948,95214,102644,104291,94682,79190,83026,72442,62505,74196,99469,99389,108131,114284,119359,130298,137501,137225
 "22057","Lafourche, LA",5,CAGDP2,56,"53","   Real estate and rental and leasing ","Thousands of dollars",432716,438202,450269,452739,482813,558726,431977,498870,518545,592138,486411,527203,576766,497251,492713,477365,424243,451870,480220,520647,552204,557857
 "22057","Lafourche, LA",5,CAGDP2,59,"54,55,56","  Professional and business services ","Thousands of dollars",130553,158400,179843,165822,180573,194087,223316,259644,248143,278975,275454,311101,383542,373542,231200,251839,251384,231663,196600,211384,230578,234355
 "22057","Lafourche, LA",5,CAGDP2,60,"54","   Professional, scientific, and technical services ","Thousands of dollars",37142,39690,41244,44290,45097,48561,54278,68317,67653,74646,73429,77133,77483,82071,87679,120150,96898,91279,75664,69585,79071,88227
 "22057","Lafourche, LA",5,CAGDP2,64,"55","   Management of companies and enterprises ","Thousands of dollars",44507,66628,65930,59685,71375,69441,69501,70228,82132,108633,107915,124703,149668,167807,20761,23710,33854,25032,27553,42049,39856,26004
 "22057","Lafourche, LA",5,CAGDP2,65,"56","   Administrative and support and waste management and remediation services ","Thousands of dollars",48905,52082,72668,61847,64101,76086,99537,121100,98359,95697,94110,109264,156391,123665,122760,107978,120633,115353,93383,99751,111652,120124
 "22057","Lafourche, LA",5,CAGDP2,68,"61,62","  Educational services, health care, and social assistance ","Thousands of dollars",(D),92622,107237,112515,117405,133159,150158,168944,188888,202300,206349,207099,198763,201648,212243,222870,220519,222279,235145,333367,362620,385836
 "22057","Lafourche, LA",5,CAGDP2,69,"61","   Educational services ","Thousands of dollars",(D),9302,10243,11439,11113,11714,13450,15597,19507,22253,23513,23473,21763,22300,22591,24983,24877,25100,27655,26293,29199,30510
 "22057","Lafourche, LA",5,CAGDP2,70,"62","   Health care and social assistance ","Thousands of dollars",(D),83319,96993,101077,106292,121446,136708,153347,169380,180047,182836,183625,177001,179348,189652,197887,195642,197179,207490,307074,333421,355326
 "22057","Lafourche, LA",5,CAGDP2,75,"71,72","  Arts, entertainment, recreation, accommodation, and food services ","Thousands of dollars",40466,42836,45279,50130,55332,63240,71927,70407,80026,106987,102590,94921,99433,99441,98899,100093,92920,93797,97652,92180,105809,118567
 "22057","Lafourche, LA",5,CAGDP2,76,"71","   Arts, entertainment, and recreation ","Thousands of dollars",7193,8222,8782,10867,14127,16685,18670,18204,20808,37874,36073,29991,36646,35243,25268,24865,17404,17224,18005,18083,22765,24857
 "22057","Lafourche, LA",5,CAGDP2,79,"72","   Accommodation and food services ","Thousands of dollars",33273,34614,36497,39263,41205,46554,53257,52203,59219,69113,66518,64930,62787,64198,73631,75228,75516,76573,79647,74097,83044,93711
 "22057","Lafourche, LA",5,CAGDP2,82,"81","  Other services (except government and government enterprises) ","Thousands of dollars",52207,57944,58718,61130,64592,68097,70304,77741,79928,82672,78697,79897,81620,89246,92759,89569,88874,96770,100877,100295,98937,116604
 "22057","Lafourche, LA",5,CAGDP2,83,"92","Government and government enterprises ","Thousands of dollars",300546,322980,340600,368380,382460,391712,366932,370486,427448,456730,467812,474220,493652,511575,523012,530626,537976,542717,556153,447534,455542,451074
 "22057","Lafourche, LA",5,CAGDP2,87,"11,21","Natural resources and mining ","Thousands of dollars",626479,489682,591075,715710,715698,758678,894642,961250,673399,695892,742978,744262,804202,739552,442060,322485,330893,430181,(D),299773,357150,454846
 "22057","Lafourche, LA",5,CAGDP2,88,"42,44-45","Trade ","Thousands of dollars",206788,216121,217430,217220,230932,284439,306861,306711,302676,313364,315786,335134,342288,349912,338564,348168,361617,371928,373967,363812,398120,413834
 "22057","Lafourche, LA",5,CAGDP2,89,"22,48-49","Transportation and utilities ","Thousands of dollars",(D),365092,403071,440794,595763,927417,1192199,1270362,1027683,1129723,1230926,1248564,1362656,1520410,1296659,893069,886510,907918,(D),757960,853113,1032162
 "22057","Lafourche, LA",5,CAGDP2,90,"31-33,51","Manufacturing and information ","Thousands of dollars",240701,230905,247572,246349,341351,346698,387034,371802,393017,394426,379365,372979,388937,462151,431712,401134,399230,417009,473180,450029,453385,573906
 "22057","Lafourche, LA",5,CAGDP2,91,"...","Private goods-producing industries 2/","Thousands of dollars",919026,771177,916889,1046186,1145531,1214310,1415190,1502425,1244541,1267714,1289645,1264582,1330913,1355874,1034369,870548,888369,1043071,(D),951973,1034262,1321178
 "22057","Lafourche, LA",5,CAGDP2,92,"...","Private services-providing industries 3/","Thousands of dollars",1384709,1484321,1572046,1615920,1865836,2379562,2602140,2815172,2597624,2843074,2833394,2929704,3163171,3257065,2909369,2521300,2468158,2521948,(D),2539182,2769202,3028834
 "22059","LaSalle, LA",5,CAGDP2,1,"...","All industry total ","Thousands of dollars",305684,285652,288306,327041,362679,427476,437336,546046,506594,527191,557472,577802,560466,512778,409841,396641,422686,489304,510763,467333,493258,541893
 "22059","LaSalle, LA",5,CAGDP2,2,"..."," Private industries ","Thousands of dollars",262180,238658,238038,272064,305354,365998,379194,485924,437417,449873,475051,492191,472847,424047,320679,308861,331158,393236,407483,360913,383175,429953
 "22059","LaSalle, LA",5,CAGDP2,3,"11","  Agriculture, forestry, fishing and hunting ","Thousands of dollars",15580,15127,12020,13180,12995,16772,17206,13387,10464,9535,7817,7580,8143,9324,10206,8929,10205,12444,13377,14391,12676,14493
 "22059","LaSalle, LA",5,CAGDP2,6,"21","  Mining, quarrying, and oil and gas extraction ","Thousands of dollars",135790,102803,100622,126089,151576,201122,215475,312839,253231,233454,221460,218832,191796,161768,80595,64619,68127,81326,63192,29813,45544,59711
 "22059","LaSalle, LA",5,CAGDP2,10,"22","  Utilities ","Thousands of dollars",38,52,346,402,419,346,314,355,399,448,432,388,378,(D),(D),(D),683,673,(D),(D),392,424
 "22059","LaSalle, LA",5,CAGDP2,11,"23","  Construction ","Thousands of dollars",6629,5688,9416,6396,8070,15658,20499,16695,10643,10552,13604,13612,12045,11577,10109,9119,9607,31910,38155,17293,10603,11041
 "22059","LaSalle, LA",5,CAGDP2,12,"31-33","  Manufacturing ","Thousands of dollars",14134,12375,11675,17093,13132,5118,4728,8177,9402,10523,13096,12526,16268,17373,16769,19195,23629,34774,39966,42076,56177,58422
 "22059","LaSalle, LA",5,CAGDP2,13,"321,327-339","   Durable goods manufacturing ","Thousands of dollars",(D),(D),(D),(D),(D),(D),(D),(D),(D),(D),(D),(D),(D),15682,16112,19137,23499,34638,(D),(D),(D),(D)
 "22059","LaSalle, LA",5,CAGDP2,25,"311-316,322-326","   Nondurable goods manufacturing ","Thousands of dollars",(D),(D),(D),(D),(D),(D),(D),(D),(D),(D),(D),(D),(D),1691,658,58,130,136,(D),(D),(D),(D)
 "22059","LaSalle, LA",5,CAGDP2,34,"42","  Wholesale trade ","Thousands of dollars",(D),(D),3955,4294,5213,(D),(D),(D),(D),51955,81110,93127,80649,(D),(D),(D),(D),(D),(D),(D),(D),(D)
 "22059","LaSalle, LA",5,CAGDP2,35,"44-45","  Retail trade ","Thousands of dollars",19426,20989,21576,23589,24401,25507,27042,25668,27185,27511,27160,29447,31783,30048,30237,32690,34561,35049,35061,38130,40792,42615
 "22059","LaSalle, LA",5,CAGDP2,36,"48-49","  Transportation and warehousing ","Thousands of dollars",6276,8433,9798,10094,11695,12672,16304,17920,13397,(D),(D),(D),(D),13763,12397,11506,10941,(D),11434,11390,(D),12651
 "22059","LaSalle, LA",5,CAGDP2,45,"51","  Information ","Thousands of dollars",3980,5402,6002,6648,7092,6746,6536,7059,6554,6151,6204,7121,6901,5931,5765,5265,4910,5045,5973,6123,6142,(D)
 "22059","LaSalle, LA",5,CAGDP2,50,"52,53","  Finance, insurance, real estate, rental, and leasing ","Thousands of dollars",29407,33113,33085,31055,33278,35605,20677,30390,41835,41821,45512,45886,43017,51709,50316,54662,56583,58991,63626,69640,57572,55033
 "22059","LaSalle, LA",5,CAGDP2,51,"52","   Finance and insurance ","Thousands of dollars",10055,13082,(D),10531,11030,10047,10996,11183,11332,11131,11378,10925,8578,10873,13802,16375,18069,18917,18862,20248,19814,19798
 "22059","LaSalle, LA",5,CAGDP2,56,"53","   Real estate and rental and leasing ","Thousands of dollars",19352,20031,(D),20524,22247,25558,9681,19208,30503,30690,34134,34961,34439,40836,36515,38287,38514,40074,44764,49393,37758,35235
 "22059","LaSalle, LA",5,CAGDP2,59,"54,55,56","  Professional and business services ","Thousands of dollars",6509,8608,8161,8886,11049,12935,13809,15675,16114,17501,19276,(D),(D),39639,36285,33605,34771,36258,44068,44422,41268,45719
 "22059","LaSalle, LA",5,CAGDP2,60,"54","   Professional, scientific, and technical services ","Thousands of dollars",3457,(D),(D),(D),4887,(D),5992,8394,8756,9869,12164,15744,14476,(D),(D),9468,(D),(D),(D),(D),(D),(D)
 "22059","LaSalle, LA",5,CAGDP2,64,"55","   Management of companies and enterprises ","Thousands of dollars",(D),(D),(D),(D),(D),(D),(D),(D),(D),(D),(D),(D),(D),(D),(D),(D),(D),(D),(D),(D),(D),(D)
 "22059","LaSalle, LA",5,CAGDP2,65,"56","   Administrative and support and waste management and remediation services ","Thousands of dollars",(D),2017,1876,2041,(D),3828,(D),(D),(D),(D),(D),(D),(D),19589,20242,(D),23320,24093,30999,34262,29287,32689
 "22059","LaSalle, LA",5,CAGDP2,68,"61,62","  Educational services, health care, and social assistance ","Thousands of dollars",7916,8676,8216,8122,8535,8808,9764,10814,12058,12990,12736,13260,17483,17786,17858,18452,18067,20495,25118,27200,27951,(D)
 "22059","LaSalle, LA",5,CAGDP2,69,"61","   Educational services ","Thousands of dollars",99,102,104,74,49,70,119,98,57,50,93,195,5,25,12,(D),(D),(D),(D),(D),(D),29
 "22059","LaSalle, LA",5,CAGDP2,70,"62","   Health care and social assistance ","Thousands of dollars",7817,8574,8112,8048,8486,8738,9645,10716,12001,12940,12643,13065,17478,17762,17846,(D),(D),(D),(D),(D),(D),(D)
 "22059","LaSalle, LA",5,CAGDP2,75,"71,72","  Arts, entertainment, recreation, accommodation, and food services ","Thousands of dollars",(D),(D),4116,4128,4164,(D),(D),(D),(D),(D),(D),5518,6639,7104,7170,6980,(D),8472,7962,7632,9098,11006
 "22059","LaSalle, LA",5,CAGDP2,76,"71","   Arts, entertainment, and recreation ","Thousands of dollars",(D),(D),(D),(D),(D),(D),(D),(D),(D),(D),(D),582,972,950,640,531,(D),660,711,674,(D),(D)
 "22059","LaSalle, LA",5,CAGDP2,79,"72","   Accommodation and food services ","Thousands of dollars",(D),(D),(D),(D),(D),(D),(D),(D),(D),(D),(D),4936,5667,6153,6530,6448,(D),7812,7251,6958,(D),(D)
 "22059","LaSalle, LA",5,CAGDP2,82,"81","  Other services (except government and government enterprises) ","Thousands of dollars",8555,9674,9051,12089,13736,13717,13029,8257,8440,8183,7767,7610,7412,7609,7526,6340,9790,10817,12921,7975,2379,(D)
 "22059","LaSalle, LA",5,CAGDP2,83,"92","Government and government enterprises ","Thousands of dollars",43505,46993,50268,54976,57325,61478,58142,60122,69177,77318,82422,85611,87619,88731,89162,87780,91528,96068,103280,106420,110083,111940
 "22059","LaSalle, LA",5,CAGDP2,87,"11,21","Natural resources and mining ","Thousands of dollars",151370,117930,112642,139269,164571,217894,232681,326226,263695,242989,229277,226411,199940,171091,90801,73548,78332,93770,76569,44204,58220,74204
 "22059","LaSalle, LA",5,CAGDP2,88,"42,44-45","Trade ","Thousands of dollars",(D),(D),25531,27883,29615,(D),(D),(D),(D),79467,108270,122574,112432,(D),(D),(D),(D),(D),(D),(D),(D),(D)
 "22059","LaSalle, LA",5,CAGDP2,89,"22,48-49","Transportation and utilities ","Thousands of dollars",6314,8485,10144,10496,12114,13018,16619,18274,13796,(D),(D),(D),(D),(D),(D),(D),11624,(D),(D),(D),(D),13075
 "22059","LaSalle, LA",5,CAGDP2,90,"31-33,51","Manufacturing and information ","Thousands of dollars",18114,17777,17677,23741,20224,11864,11264,15235,15955,16674,19300,19647,23169,23304,22534,24460,28540,39818,45938,48198,62319,(D)
 "22059","LaSalle, LA",5,CAGDP2,91,"...","Private goods-producing industries 2/","Thousands of dollars",172133,135993,133732,162758,185772,238670,257908,351098,283740,264064,255978,252549,228253,200042,117679,101861,111568,160454,154689,103573,125000,143667
 "22059","LaSalle, LA",5,CAGDP2,92,"...","Private services-providing industries 3/","Thousands of dollars",90046,102665,104306,109307,119581,127328,121286,134826,153678,185809,219073,239642,244595,224005,203000,207000,219589,232782,252794,257340,258175,286286
 "22061","Lincoln, LA",5,CAGDP2,1,"...","All industry total ","Thousands of dollars",1195993,1202470,1373934,1455545,1659264,1713508,1620088,1876021,1593454,1585650,1503039,1525720,1693008,1941708,1789295,1863301,2213150,2303144,2200251,2065471,2375359,2562042
 "22061","Lincoln, LA",5,CAGDP2,2,"..."," Private industries ","Thousands of dollars",978369,971928,1134096,1207027,1409761,1448974,1369091,1626144,1311921,1296630,1218919,1244950,1413437,1658699,1502902,1575052,1914664,1983645,1871762,1737030,2036461,2208800
 "22061","Lincoln, LA",5,CAGDP2,3,"11","  Agriculture, forestry, fishing and hunting ","Thousands of dollars",(D),31053,21686,59573,56689,31422,32761,42706,36596,41848,18088,26233,52450,74281,118797,55460,79647,87545,56837,28066,76009,165347
 "22061","Lincoln, LA",5,CAGDP2,6,"21","  Mining, quarrying, and oil and gas extraction ","Thousands of dollars",148710,104419,135214,114696,151282,218397,349023,584030,280945,178241,131883,126055,204816,398896,160873,155759,355617,306838,187583,71740,156632,182369
 "22061","Lincoln, LA",5,CAGDP2,10,"22","  Utilities ","Thousands of dollars",(D),4589,4434,4600,5253,5412,5207,4369,4573,6231,5956,7177,7631,7790,7627,8749,10220,10188,10898,11397,12659,6690
 "22061","Lincoln, LA",5,CAGDP2,11,"23","  Construction ","Thousands of dollars",44120,42279,56337,61816,65864,83953,103708,105549,95995,77802,83566,71478,74123,71005,88464,87747,95336,93412,89424,98866,105422,83011
 "22061","Lincoln, LA",5,CAGDP2,12,"31-33","  Manufacturing ","Thousands of dollars",196508,196396,308483,325299,403641,257886,117285,124044,124625,138047,136797,156019,176397,174560,176989,202602,220631,222699,190554,232288,346109,377020
 "22061","Lincoln, LA",5,CAGDP2,13,"321,327-339","   Durable goods manufacturing ","Thousands of dollars",107108,111376,108230,108942,108523,101093,104404,100982,108280,121648,119964,139158,164078,165625,169744,195501,206157,207594,164273,197755,320815,337016
 "22061","Lincoln, LA",5,CAGDP2,25,"311-316,322-326","   Nondurable goods manufacturing ","Thousands of dollars",89400,85020,200253,216357,295118,156793,12881,23061,16344,16399,16834,16862,12319,8935,7244,7101,14474,15105,26281,34534,25294,40004
 "22061","Lincoln, LA",5,CAGDP2,34,"42","  Wholesale trade ","Thousands of dollars",58907,66497,84420,119689,140995,165958,127436,91100,61898,47256,45371,44238,46068,50330,49974,55444,56012,62919,67736,68919,79900,88371
 "22061","Lincoln, LA",5,CAGDP2,35,"44-45","  Retail trade ","Thousands of dollars",145083,151159,127941,104973,136688,211458,184663,163676,130169,158573,141152,144215,149010,153489,154630,165311,166724,166280,171566,184615,207819,221401
 "22061","Lincoln, LA",5,CAGDP2,36,"48-49","  Transportation and warehousing ","Thousands of dollars",13346,13625,16983,16537,16554,17361,18810,23029,22081,38064,38218,37972,47587,34950,39419,39013,37558,40044,35405,30892,30203,38773
 "22061","Lincoln, LA",5,CAGDP2,45,"51","  Information ","Thousands of dollars",12068,13606,14795,18141,21326,21586,22596,21222,24568,22737,21819,22142,24111,22402,23550,24342,27033,27489,32136,33909,43993,45900
 "22061","Lincoln, LA",5,CAGDP2,50,"52,53","  Finance, insurance, real estate, rental, and leasing ","Thousands of dollars",140208,143762,150934,154430,169544,173869,124585,155842,187421,204972,206574,209899,212198,231061,244615,336900,429366,504775,539823,517397,467360,437490
 "22061","Lincoln, LA",5,CAGDP2,51,"52","   Finance and insurance ","Thousands of dollars",61318,64278,62293,59513,65970,66000,65503,64205,61110,62737,59633,64843,59211,69693,87480,153516,218099,276388,280818,262971,197244,164553
 "22061","Lincoln, LA",5,CAGDP2,56,"53","   Real estate and rental and leasing ","Thousands of dollars",78890,79484,88641,94917,103574,107869,59082,91637,126311,142235,146941,145056,152987,161368,157136,183383,211267,228387,259005,254426,270116,272937
 "22061","Lincoln, LA",5,CAGDP2,59,"54,55,56","  Professional and business services ","Thousands of dollars",39175,41531,43864,48941,53715,61620,68359,77324,86293,95100,93092,104005,115189,127994,131687,132997,140544,155858,163053,154554,159974,172752
 "22061","Lincoln, LA",5,CAGDP2,60,"54","   Professional, scientific, and technical services ","Thousands of dollars",20617,21767,21870,24098,26768,33827,39599,43597,44641,49165,52887,61338,73685,73521,76981,75412,75928,84924,87229,79534,76397,82241
 "22061","Lincoln, LA",5,CAGDP2,64,"55","   Management of companies and enterprises ","Thousands of dollars",6360,7068,8434,10417,9576,8720,8454,10255,11362,12329,11599,13227,14267,23246,27501,24720,30821,33620,33974,33553,41296,44766
 "22061","Lincoln, LA",5,CAGDP2,65,"56","   Administrative and support and waste management and remediation services ","Thousands of dollars",12198,12696,13560,14425,17371,19073,20306,23473,30291,33606,28606,29440,27237,31227,27205,32865,33795,37314,41850,41467,42281,45745
 "22061","Lincoln, LA",5,CAGDP2,68,"61,62","  Educational services, health care, and social assistance ","Thousands of dollars",95576,106666,113724,119822,122822,130404,142849,160376,175984,192453,192067,182381,187174,184011,170706,173619,167865,173628,183381,175469,171552,177644
 "22061","Lincoln, LA",5,CAGDP2,69,"61","   Educational services ","Thousands of dollars",5141,(D),(D),6517,(D),6421,7551,8080,9097,10417,10768,11074,11287,10801,10920,12147,12628,13392,14086,13249,14713,15049
 "22061","Lincoln, LA",5,CAGDP2,70,"62","   Health care and social assistance ","Thousands of dollars",90434,(D),(D),113305,(D),123983,135299,152296,166887,182037,181298,171307,175887,173211,159786,161472,155238,160236,169295,162220,156839,162595
 "22061","Lincoln, LA",5,CAGDP2,75,"71,72","  Arts, entertainment, recreation, accommodation, and food services ","Thousands of dollars",(D),25680,26191,30176,36227,38210,39170,37948,38515,42022,43758,50828,56378,66015,73800,74837,77046,80459,77550,67906,86730,102566
 "22061","Lincoln, LA",5,CAGDP2,76,"71","   Arts, entertainment, and recreation ","Thousands of dollars",(D),587,54,474,2546,1262,0,0,0,0,557,3538,6533,14485,13122,12520,9976,10966,11338,10164,15016,21252
 "22061","Lincoln, LA",5,CAGDP2,79,"72","   Accommodation and food services ","Thousands of dollars",23741,25093,26138,29701,33681,36948,39170,37948,38515,42022,43202,47290,49845,51530,60678,62318,67069,69493,66212,57742,71714,81315
 "22061","Lincoln, LA",5,CAGDP2,82,"81","  Other services (except government and government enterprises) ","Thousands of dollars",28856,30667,29089,28333,29160,31438,32638,34930,42258,53284,60578,62308,60305,61916,61770,62272,51065,51512,65815,61011,92100,109467
 "22061","Lincoln, LA",5,CAGDP2,83,"92","Government and government enterprises ","Thousands of dollars",217625,230542,239838,248519,249503,264533,250996,249877,281532,289020,284119,280770,279571,283009,286393,288249,298487,319498,328489,328441,338898,353241
 "22061","Lincoln, LA",5,CAGDP2,87,"11,21","Natural resources and mining ","Thousands of dollars",(D),135472,156900,174269,207971,249819,381784,626736,317541,220090,149971,152289,257266,473177,279671,211219,435264,394383,244421,99806,232641,347716
 "22061","Lincoln, LA",5,CAGDP2,88,"42,44-45","Trade ","Thousands of dollars",203989,217656,212361,224663,277683,377416,312100,254776,192067,205829,186522,188453,195078,203819,204604,220755,222735,229200,239302,253535,287719,309772
 "22061","Lincoln, LA",5,CAGDP2,89,"22,48-49","Transportation and utilities ","Thousands of dollars",(D),18214,21417,21137,21807,22773,24017,27397,26655,44295,44174,45148,55218,42740,47046,47762,47777,50232,46303,42290,42862,45463
 "22061","Lincoln, LA",5,CAGDP2,90,"31-33,51","Manufacturing and information ","Thousands of dollars",208576,210002,323278,343440,424967,279472,139881,145266,149193,160783,158617,178161,200508,196962,200539,226944,247664,250188,222690,266197,390102,422920
 "22061","Lincoln, LA",5,CAGDP2,91,"...","Private goods-producing industries 2/","Thousands of dollars",(D),374147,521721,561385,677477,591658,602777,856329,538160,435939,370334,379786,507786,718742,545123,501568,751231,710494,524398,430960,684172,807746
 "22061","Lincoln, LA",5,CAGDP2,92,"...","Private services-providing industries 3/","Thousands of dollars",(D),597781,612376,645642,732284,857316,766315,769815,773761,860692,848585,865164,905651,939957,957779,1073484,1163433,1273151,1347364,1306071,1352290,1401054
 "22063","Livingston, LA",5,CAGDP2,1,"...","All industry total ","Thousands of dollars",946005,1040382,1145367,1265893,1475841,1610498,1625752,1876515,1948668,2344233,2499401,2577365,2645945,2639276,2801727,2769712,2891747,3253259,3451927,3377912,3664404,3832788
 "22063","Livingston, LA",5,CAGDP2,2,"..."," Private industries ","Thousands of dollars",783304,860504,947215,1044704,1232669,1352260,1369315,1601366,1639686,2013282,2157050,2242248,2296950,2276282,2425979,2390366,2505531,2854344,3036022,2950299,3216604,3366398
 "22063","Livingston, LA",5,CAGDP2,3,"11","  Agriculture, forestry, fishing and hunting ","Thousands of dollars",5365,5305,6490,7096,6097,9601,7596,7756,7036,6112,6264,6616,7508,11629,16960,16325,17426,17071,(D),13703,15021,15517
 "22063","Livingston, LA",5,CAGDP2,6,"21","  Mining, quarrying, and oil and gas extraction ","Thousands of dollars",19809,16859,22537,30997,30241,30608,35768,39219,62658,85020,92792,81683,57035,47799,35117,20878,25740,26824,23333,35667,36890,21103
 "22063","Livingston, LA",5,CAGDP2,10,"22","  Utilities ","Thousands of dollars",3077,5334,5907,6250,4261,3739,4118,4824,4978,5374,5382,4976,4929,5253,5631,6428,6240,6295,(D),8263,7903,6707
 "22063","Livingston, LA",5,CAGDP2,11,"23","  Construction ","Thousands of dollars",103465,110927,124787,148826,179706,200559,228172,209582,193645,189042,235303,251577,260036,263894,274296,294438,326382,359450,378247,320587,390489,389819
 "22063","Livingston, LA",5,CAGDP2,12,"31-33","  Manufacturing ","Thousands of dollars",106113,104124,111446,124866,155697,173058,198282,170356,167106,168324,188657,216329,230373,254861,252178,242812,270992,284229,304692,265087,279595,321814
 "22063","Livingston, LA",5,CAGDP2,13,"321,327-339","   Durable goods manufacturing ","Thousands of dollars",95954,88083,94613,96845,114992,135577,161921,143213,130536,124793,132967,154156,173696,198765,204918,204224,234103,243327,262951,226994,237327,273819
 "22063","Livingston, LA",5,CAGDP2,25,"311-316,322-326","   Nondurable goods manufacturing ","Thousands of dollars",10159,16041,16832,28021,40705,37481,36361,27143,36569,43531,55690,62173,56677,56096,47260,38589,36889,40902,41741,38094,42268,47994
 "22063","Livingston, LA",5,CAGDP2,34,"42","  Wholesale trade ","Thousands of dollars",34351,34179,38012,42986,45105,47334,54825,59323,59560,69738,77033,87525,85990,91760,92024,89061,94616,104977,122876,131396,146209,159723
 "22063","Livingston, LA",5,CAGDP2,35,"44-45","  Retail trade ","Thousands of dollars",95059,107598,118566,131158,151102,177575,190168,198943,217679,249563,260360,286953,287401,298041,302458,315688,342943,349792,375297,406385,452494,477079
 "22063","Livingston, LA",5,CAGDP2,36,"48-49","  Transportation and warehousing ","Thousands of dollars",24821,25247,26684,28375,31546,34806,35013,31584,26211,23999,27077,27043,29158,32537,33729,39878,56515,61013,59558,57548,60807,67037
 "22063","Livingston, LA",5,CAGDP2,45,"51","  Information ","Thousands of dollars",11357,13722,14671,16216,17794,17750,111646,259925,93728,282109,297754,256686,245169,134951,187990,20654,24271,23043,(D),14287,15255,18206
 "22063","Livingston, LA",5,CAGDP2,50,"52,53","  Finance, insurance, real estate, rental, and leasing ","Thousands of dollars",206339,240191,268772,286781,342612,365862,189307,274195,440886,546533,576170,605031,643258,671781,740642,843608,824411,1073355,1149651,1122975,1174364,1168923
 "22063","Livingston, LA",5,CAGDP2,51,"52","   Finance and insurance ","Thousands of dollars",30603,37373,42046,45811,56112,52425,58307,55367,55639,55352,54707,55144,54729,69274,86141,89050,95930,99323,100736,106836,109763,102263
 "22063","Livingston, LA",5,CAGDP2,56,"53","   Real estate and rental and leasing ","Thousands of dollars",175736,202818,226726,240969,286500,313437,131000,218828,385247,491181,521463,549887,588529,602508,654502,754559,728481,974032,1048914,1016138,1064601,1066660
 "22063","Livingston, LA",5,CAGDP2,59,"54,55,56","  Professional and business services ","Thousands of dollars",55398,60655,68935,73909,104891,103854,115662,130789,135700,140579,138918,150880,168718,168207,167166,174512,180522,192516,209504,214762,233365,262013
 "22063","Livingston, LA",5,CAGDP2,60,"54","   Professional, scientific, and technical services ","Thousands of dollars",(D),(D),32893,(D),59461,52482,56731,62750,62258,(D),(D),71509,(D),(D),68533,65198,(D),79310,89456,95650,104024,111696
 "22063","Livingston, LA",5,CAGDP2,64,"55","   Management of companies and enterprises ","Thousands of dollars",(D),(D),(D),(D),(D),(D),3554,4359,5116,(D),(D),6765,(D),(D),8447,9039,(D),9972,10298,11014,15372,18787
 "22063","Livingston, LA",5,CAGDP2,65,"56","   Administrative and support and waste management and remediation services ","Thousands of dollars",25910,29416,(D),(D),(D),(D),55378,63680,68325,68595,65038,72607,90257,93294,90186,100275,99934,103234,109751,108098,113969,131529
 "22063","Livingston, LA",5,CAGDP2,68,"61,62","  Educational services, health care, and social assistance ","Thousands of dollars",35752,42458,44965,45363,52323,58119,63196,73457,82840,92775,100088,106080,106377,110036,120802,121328,129121,138001,145260,139848,151813,169902
 "22063","Livingston, LA",5,CAGDP2,69,"61","   Educational services ","Thousands of dollars",776,844,1121,1156,1249,1612,1981,2240,2761,3184,2839,3048,3163,3574,4058,4881,4928,5673,5962,5765,7506,8786
 "22063","Livingston, LA",5,CAGDP2,70,"62","   Health care and social assistance ","Thousands of dollars",34976,41614,43844,44207,51074,56508,61215,71217,80078,89591,97249,103032,103215,106461,116744,116446,124193,132328,139298,134083,144307,161116
 "22063","Livingston, LA",5,CAGDP2,75,"71,72","  Arts, entertainment, recreation, accommodation, and food services ","Thousands of dollars",29479,33119,35120,37017,40819,47457,53512,58319,62735,65938,67081,72866,80766,89865,100724,106719,108663,111510,115186,110339,139842,158010
 "22063","Livingston, LA",5,CAGDP2,76,"71","   Arts, entertainment, and recreation ","Thousands of dollars",2477,2543,3651,3321,3790,4597,3298,4672,3706,3734,4725,7541,8271,8292,7304,6146,6187,7678,8856,8361,13061,15806
 "22063","Livingston, LA",5,CAGDP2,79,"72","   Accommodation and food services ","Thousands of dollars",27002,30576,31470,33696,37029,42860,50214,53647,59028,62204,62356,65325,72496,81572,93420,100573,102476,103832,106330,101979,126781,142204
 "22063","Livingston, LA",5,CAGDP2,82,"81","  Other services (except government and government enterprises) ","Thousands of dollars",52917,60787,60323,64865,70476,81937,82051,83094,84926,88175,84172,88003,90232,95667,96261,98037,97690,106268,111148,109452,112558,130546
 "22063","Livingston, LA",5,CAGDP2,83,"92","Government and government enterprises ","Thousands of dollars",162701,179878,198152,221189,243172,258237,256436,275149,308983,330951,342351,335117,348994,362994,375749,379346,386216,398915,415905,427614,447799,466390
 "22063","Livingston, LA",5,CAGDP2,87,"11,21","Natural resources and mining ","Thousands of dollars",25175,22164,29026,38094,36337,40208,43364,46975,69694,91132,99056,88300,64544,59428,52077,37203,43166,43895,(D),49370,51911,36620
 "22063","Livingston, LA",5,CAGDP2,88,"42,44-45","Trade ","Thousands of dollars",129411,141776,156578,174144,196206,224910,244993,258266,277238,319302,337393,374478,373391,389801,394482,404749,437559,454768,498173,537781,598703,636803
 "22063","Livingston, LA",5,CAGDP2,89,"22,48-49","Transportation and utilities ","Thousands of dollars",27898,30581,32591,34624,35807,38545,39130,36408,31189,29373,32459,32019,34087,37791,39360,46306,62755,67308,(D),65811,68710,73744
 "22063","Livingston, LA",5,CAGDP2,90,"31-33,51","Manufacturing and information ","Thousands of dollars",117470,117846,126117,141082,173491,190808,309928,430280,260833,450433,486411,473015,475542,389813,440168,263466,295263,307272,(D),279374,294850,340020
 "22063","Livingston, LA",5,CAGDP2,91,"...","Private goods-producing industries 2/","Thousands of dollars",234753,237215,265259,311786,371740,413825,469818,426912,430444,448499,523015,556205,554953,578183,578551,574453,640540,687574,(D),635044,721994,748252
 "22063","Livingston, LA",5,CAGDP2,92,"...","Private services-providing industries 3/","Thousands of dollars",548551,623289,681957,732919,860929,938435,899497,1174454,1209242,1564784,1634035,1686043,1741998,1698099,1847428,1815914,1864991,2166770,(D),2315255,2494610,2618146
 "22065","Madison, LA",5,CAGDP2,1,"...","All industry total ","Thousands of dollars",201274,206138,269452,281920,323351,327626,303817,266180,275913,271198,481882,466559,401779,342823,307706,327337,372472,409624,390867,330336,410412,449427
 "22065","Madison, LA",5,CAGDP2,2,"..."," Private industries ","Thousands of dollars",144044,142266,204941,225487,264199,266680,247102,206819,214943,207999,418671,404832,336493,286801,251705,271960,315001,352753,332810,269550,346939,380621
 "22065","Madison, LA",5,CAGDP2,3,"11","  Agriculture, forestry, fishing and hunting ","Thousands of dollars",27236,16652,43834,42389,38360,43019,51417,4335,41722,34568,(D),97096,114130,60989,31177,67194,39745,30634,22206,31276,45736,23558
 "22065","Madison, LA",5,CAGDP2,6,"21","  Mining, quarrying, and oil and gas extraction ","Thousands of dollars",0,0,0,0,0,0,0,0,0,350,0,0,0,0,0,0,0,0,37,37,0,0
 "22065","Madison, LA",5,CAGDP2,10,"22","  Utilities ","Thousands of dollars",(D),506,505,(D),527,477,467,537,523,548,407,364,401,462,558,624,635,687,379,212,216,40
 "22065","Madison, LA",5,CAGDP2,11,"23","  Construction ","Thousands of dollars",2543,2254,3911,3406,4066,5624,5303,9437,8285,4770,(D),6527,4592,2733,2324,2999,4003,7418,5799,7395,8571,3226
 "22065","Madison, LA",5,CAGDP2,12,"31-33","  Manufacturing ","Thousands of dollars",27267,31510,60145,74072,111349,102146,90600,80547,44664,40899,214190,165546,74825,67980,58432,37498,110241,151814,136216,54796,105388,156872
 "22065","Madison, LA",5,CAGDP2,13,"321,327-339","   Durable goods manufacturing ","Thousands of dollars",(D),(D),(D),(D),(D),(D),(D),(D),(D),(D),(D),(D),5284,4606,(D),(D),(D),4697,4331,(D),(D),(D)
 "22065","Madison, LA",5,CAGDP2,25,"311-316,322-326","   Nondurable goods manufacturing ","Thousands of dollars",(D),(D),(D),(D),(D),(D),(D),(D),(D),(D),(D),(D),69540,63374,(D),(D),(D),147117,131885,(D),(D),(D)
 "22065","Madison, LA",5,CAGDP2,34,"42","  Wholesale trade ","Thousands of dollars",5359,6035,7262,7619,8846,8696,9177,9785,9435,10371,11418,12958,17113,18694,19367,20333,22051,21054,24534,28905,41731,43917
 "22065","Madison, LA",5,CAGDP2,35,"44-45","  Retail trade ","Thousands of dollars",20913,21630,22063,25918,26611,28590,26404,28843,30303,31624,28908,31385,31644,30029,27815,29553,28614,28689,28465,26050,29836,32645
 "22065","Madison, LA",5,CAGDP2,36,"48-49","  Transportation and warehousing ","Thousands of dollars",2513,2732,2667,2417,2656,(D),(D),(D),(D),(D),(D),(D),(D),(D),(D),(D),(D),(D),(D),(D),(D),(D)
 "22065","Madison, LA",5,CAGDP2,45,"51","  Information ","Thousands of dollars",(D),1120,(D),(D),1826,1544,1110,1343,1613,1613,1494,1201,1345,1465,1647,1166,(D),(D),(D),(D),(D),(D)
 "22065","Madison, LA",5,CAGDP2,50,"52,53","  Finance, insurance, real estate, rental, and leasing ","Thousands of dollars",23708,23773,25634,26250,28714,29738,14114,22747,28864,31602,33992,35585,34665,37250,40251,39455,35900,38670,39956,47105,43672,42410
 "22065","Madison, LA",5,CAGDP2,51,"52","   Finance and insurance ","Thousands of dollars",5483,6487,6413,5659,6373,6027,6345,7098,7170,7282,7887,7811,6040,7145,10579,8488,7869,8321,8466,9116,9357,9151
 "22065","Madison, LA",5,CAGDP2,56,"53","   Real estate and rental and leasing ","Thousands of dollars",18225,17286,19221,20591,22341,23711,7769,15650,21694,24320,26105,27774,28625,30105,29672,30967,28031,30348,31490,37989,34315,33259
 "22065","Madison, LA",5,CAGDP2,59,"54,55,56","  Professional and business services ","Thousands of dollars",5185,5278,(D),5361,5410,(D),(D),(D),(D),(D),(D),(D),(D),(D),(D),(D),13563,13636,15660,15838,14561,16004
 "22065","Madison, LA",5,CAGDP2,60,"54","   Professional, scientific, and technical services ","Thousands of dollars",2090,1974,2091,2244,2323,2426,2500,2462,2165,2152,2250,2048,2179,2268,2524,2709,2115,2239,2627,2431,(D),2734
 "22065","Madison, LA",5,CAGDP2,64,"55","   Management of companies and enterprises ","Thousands of dollars",(D),(D),(D),(D),(D),(D),(D),(D),(D),(D),(D),(D),(D),(D),(D),(D),(D),(D),(D),(D),(D),(D)
 "22065","Madison, LA",5,CAGDP2,65,"56","   Administrative and support and waste management and remediation services ","Thousands of dollars",(D),(D),(D),(D),(D),(D),(D),(D),(D),(D),(D),(D),(D),(D),(D),(D),(D),(D),(D),(D),11345,(D)
 "22065","Madison, LA",5,CAGDP2,68,"61,62","  Educational services, health care, and social assistance ","Thousands of dollars",16043,18224,19386,21268,19304,20402,20689,23025,24041,25979,26606,26960,29958,31128,32172,33563,33765,33157,33075,34677,32437,33846
 "22065","Madison, LA",5,CAGDP2,69,"61","   Educational services ","Thousands of dollars",(D),(D),(D),1722,1615,1850,2018,(D),(D),(D),(D),(D),(D),(D),(D),(D),(D),(D),(D),(D),(D),(D)
 "22065","Madison, LA",5,CAGDP2,70,"62","   Health care and social assistance ","Thousands of dollars",(D),(D),(D),19547,17689,18553,18670,(D),(D),(D),(D),(D),(D),(D),(D),(D),(D),(D),(D),(D),(D),(D)
 "22065","Madison, LA",5,CAGDP2,75,"71,72","  Arts, entertainment, recreation, accommodation, and food services ","Thousands of dollars",7072,7259,7346,8547,9713,10054,10712,10074,10052,10050,9182,7886,8011,8586,9285,9841,9851,9743,9692,9005,11113,12593
 "22065","Madison, LA",5,CAGDP2,76,"71","   Arts, entertainment, and recreation ","Thousands of dollars",2638,2428,2602,3193,3789,4012,3747,3077,2403,1971,1266,1001,1081,1344,1673,2028,2115,2308,2404,2130,3253,3549
 "22065","Madison, LA",5,CAGDP2,79,"72","   Accommodation and food services ","Thousands of dollars",4433,4831,4743,5354,5924,6042,6965,6996,7649,8079,7916,6885,6929,7242,7612,7814,7735,7435,7288,6875,7861,9044
 "22065","Madison, LA",5,CAGDP2,82,"81","  Other services (except government and government enterprises) ","Thousands of dollars",4976,5293,5577,6133,6817,7686,8392,8566,8581,7549,8768,9911,9295,10274,11600,12249,(D),(D),(D),(D),(D),9290
 "22065","Madison, LA",5,CAGDP2,83,"92","Government and government enterprises ","Thousands of dollars",57230,63871,64511,56433,59152,60946,56715,59361,60970,63198,63211,61728,65286,56022,56001,55377,57471,56871,58056,60787,63473,68806
 "22065","Madison, LA",5,CAGDP2,87,"11,21","Natural resources and mining ","Thousands of dollars",27236,16652,43834,42389,38360,43019,51417,4335,41722,34918,(D),97096,114130,60989,31177,67194,39745,30634,22243,31313,45736,23558
 "22065","Madison, LA",5,CAGDP2,88,"42,44-45","Trade ","Thousands of dollars",26272,27664,29325,33537,35457,37286,35581,38628,39738,41995,40326,44343,48758,48723,47182,49886,50665,49743,52999,54956,71567,76562
 "22065","Madison, LA",5,CAGDP2,89,"22,48-49","Transportation and utilities ","Thousands of dollars",(D),3238,3172,(D),3183,(D),(D),(D),(D),(D),(D),(D),(D),(D),(D),(D),(D),(D),(D),(D),(D),(D)
 "22065","Madison, LA",5,CAGDP2,90,"31-33,51","Manufacturing and information ","Thousands of dollars",(D),32630,(D),(D),113175,103690,91710,81890,46276,42512,215684,166748,76170,69446,60079,38663,(D),(D),(D),(D),(D),(D)
 "22065","Madison, LA",5,CAGDP2,91,"...","Private goods-producing industries 2/","Thousands of dollars",57047,50416,107890,119868,153775,150789,147320,94319,94671,80587,288807,269169,193547,131703,91933,107691,153988,189866,164259,93504,159695,183656
 "22065","Madison, LA",5,CAGDP2,92,"...","Private services-providing industries 3/","Thousands of dollars",86997,91850,97051,105619,110424,115891,99782,112500,120272,127412,129864,135662,142946,155098,159772,164269,161013,162887,168551,176046,187244,196964
 "22067","Morehouse, LA",5,CAGDP2,1,"...","All industry total ","Thousands of dollars",534634,543649,593499,576998,574000,591537,596171,546504,582868,546291,575922,721046,721026,670028,604877,638867,584623,587846,610578,627946,669307,664826
 "22067","Morehouse, LA",5,CAGDP2,2,"..."," Private industries ","Thousands of dollars",474820,480980,526281,503503,498381,514108,523666,473821,503852,459523,485954,631564,633075,589946,528001,562049,509901,512596,539280,558353,593888,593781
 "22067","Morehouse, LA",5,CAGDP2,3,"11","  Agriculture, forestry, fishing and hunting ","Thousands of dollars",36573,26420,72847,59307,54644,40549,87833,37819,90422,81069,99171,137021,188071,134170,83249,120192,70047,53969,65160,69553,90752,60692
 "22067","Morehouse, LA",5,CAGDP2,6,"21","  Mining, quarrying, and oil and gas extraction ","Thousands of dollars",24442,15445,19380,20264,23675,22308,19942,19648,13160,9338,6841,4955,5330,5941,2981,2343,2307,3584,2416,2058,2497,3324
 "22067","Morehouse, LA",5,CAGDP2,10,"22","  Utilities ","Thousands of dollars",3480,3132,3075,4430,4618,4189,3494,3679,3656,4044,3518,3173,4527,5182,4843,5694,(D),6254,(D),(D),7502,5173
 "22067","Morehouse, LA",5,CAGDP2,11,"23","  Construction ","Thousands of dollars",15553,14229,17231,22814,19979,21348,16383,17436,20307,20141,20440,22730,23941,30973,27754,27682,28878,32743,37360,31614,34090,32882
 "22067","Morehouse, LA",5,CAGDP2,12,"31-33","  Manufacturing ","Thousands of dollars",140788,153478,141768,142942,129886,144713,145238,110475,74610,31090,38146,128019,67053,56426,58996,51919,50600,56411,63596,75161,80990,88343
 "22067","Morehouse, LA",5,CAGDP2,13,"321,327-339","   Durable goods manufacturing ","Thousands of dollars",(D),(D),(D),(D),(D),(D),(D),(D),(D),5889,3747,3109,3392,4436,7122,8090,11202,15537,15984,19338,20956,24529
 "22067","Morehouse, LA",5,CAGDP2,25,"311-316,322-326","   Nondurable goods manufacturing ","Thousands of dollars",(D),(D),(D),(D),(D),(D),(D),(D),(D),25201,34398,124910,63661,51990,51874,43829,39398,40874,47612,55823,60034,63814
 "22067","Morehouse, LA",5,CAGDP2,34,"42","  Wholesale trade ","Thousands of dollars",16110,16219,15872,17894,21142,23609,26429,28150,27861,32689,36167,41924,47095,46673,44963,42114,43932,44753,45202,46816,48461,52198
 "22067","Morehouse, LA",5,CAGDP2,35,"44-45","  Retail trade ","Thousands of dollars",47858,48739,52910,54683,54408,56491,58709,56068,53730,56054,54283,51034,50209,50858,50918,54239,55288,55515,55875,56401,64513,69026
 "22067","Morehouse, LA",5,CAGDP2,36,"48-49","  Transportation and warehousing ","Thousands of dollars",42548,45284,40488,13520,12194,12322,10717,11444,9298,7461,6356,6829,8674,9281,9806,10977,11861,12311,11926,11859,14535,13623
 "22067","Morehouse, LA",5,CAGDP2,45,"51","  Information ","Thousands of dollars",10108,11535,11058,11469,11710,9271,8939,9111,8617,7366,6043,8485,14303,15918,15636,8589,9669,8400,8848,8485,9905,10205
 "22067","Morehouse, LA",5,CAGDP2,50,"52,53","  Finance, insurance, real estate, rental, and leasing ","Thousands of dollars",61355,65474,66333,66832,73675,76435,39093,60214,76088,81129,82968,88866,87592,95933,94811,102023,92707,98868,102306,118520,110548,112814
 "22067","Morehouse, LA",5,CAGDP2,51,"52","   Finance and insurance ","Thousands of dollars",16096,17601,18320,17100,19025,18220,18314,16597,16144,15491,15185,14982,13398,17378,19942,21731,22145,23283,24267,26675,27033,26690
 "22067","Morehouse, LA",5,CAGDP2,56,"53","   Real estate and rental and leasing ","Thousands of dollars",45259,47872,48013,49732,54650,58214,20778,43617,59943,65638,67783,73884,74193,78554,74868,80291,70561,75585,78039,91844,83514,86124
 "22067","Morehouse, LA",5,CAGDP2,59,"54,55,56","  Professional and business services ","Thousands of dollars",7239,7591,8174,9745,9598,10805,12896,20110,17498,15228,17852,21488,20039,19707,17578,17474,(D),14864,14780,(D),12050,14331
 "22067","Morehouse, LA",5,CAGDP2,60,"54","   Professional, scientific, and technical services ","Thousands of dollars",4910,5340,5823,7069,6247,7051,7919,(D),9790,9368,(D),(D),(D),(D),(D),(D),9369,9250,8388,7259,6841,7553
 "22067","Morehouse, LA",5,CAGDP2,64,"55","   Management of companies and enterprises ","Thousands of dollars",0,0,0,0,0,0,(D),(D),(D),(D),(D),(D),(D),(D),(D),(D),(D),(D),1982,(D),(D),(D)
 "22067","Morehouse, LA",5,CAGDP2,65,"56","   Administrative and support and waste management and remediation services ","Thousands of dollars",2330,2251,2351,2677,3350,3754,(D),10361,(D),(D),8056,11355,11229,10518,8934,7652,(D),(D),4410,(D),(D),(D)
 "22067","Morehouse, LA",5,CAGDP2,68,"61,62","  Educational services, health care, and social assistance ","Thousands of dollars",42402,45331,49688,51436,54135,60852,61044,67422,73603,77471,78974,82072,81072,81075,77923,81193,87154,89183,(D),86414,85369,93691
 "22067","Morehouse, LA",5,CAGDP2,69,"61","   Educational services ","Thousands of dollars",1525,1597,1716,1924,(D),(D),(D),(D),(D),(D),(D),(D),(D),3607,4132,5134,4515,(D),(D),(D),4980,5272
 "22067","Morehouse, LA",5,CAGDP2,70,"62","   Health care and social assistance ","Thousands of dollars",40877,43733,47972,49512,(D),(D),(D),(D),(D),(D),(D),(D),(D),77468,73791,76059,82639,(D),(D),(D),80389,88418
 "22067","Morehouse, LA",5,CAGDP2,75,"71,72","  Arts, entertainment, recreation, accommodation, and food services ","Thousands of dollars",10469,10310,9735,9979,10986,11947,12555,11983,12997,12969,12601,12773,13521,14851,15530,14715,13753,13104,12574,11490,13270,14939
 "22067","Morehouse, LA",5,CAGDP2,76,"71","   Arts, entertainment, and recreation ","Thousands of dollars",(D),(D),(D),(D),(D),(D),(D),(D),(D),(D),(D),(D),(D),(D),814,789,687,703,651,640,1104,1369
 "22067","Morehouse, LA",5,CAGDP2,79,"72","   Accommodation and food services ","Thousands of dollars",(D),(D),(D),(D),(D),(D),(D),(D),(D),(D),(D),(D),(D),(D),14716,13926,13066,12401,11924,10850,12165,13569
 "22067","Morehouse, LA",5,CAGDP2,82,"81","  Other services (except government and government enterprises) ","Thousands of dollars",15896,17794,17722,18187,17731,19269,20397,20262,22004,23474,22596,22195,21646,22958,23011,22895,22630,22638,22595,20125,19406,22542
 "22067","Morehouse, LA",5,CAGDP2,83,"92","Government and government enterprises ","Thousands of dollars",59814,62669,67218,73495,75619,77429,72505,72682,79017,86768,89968,89482,87951,80081,76876,76818,74722,75250,71298,69593,75419,71045
 "22067","Morehouse, LA",5,CAGDP2,87,"11,21","Natural resources and mining ","Thousands of dollars",61015,41866,92227,79572,78319,62857,107775,57466,103582,90407,106013,141976,193401,140111,86230,122536,72354,57552,67577,71611,93250,64016
 "22067","Morehouse, LA",5,CAGDP2,88,"42,44-45","Trade ","Thousands of dollars",63967,64958,68782,72578,75549,80100,85138,84218,81591,88743,90449,92958,97305,97531,95881,96353,99221,100268,101077,103217,112975,121224
 "22067","Morehouse, LA",5,CAGDP2,89,"22,48-49","Transportation and utilities ","Thousands of dollars",46028,48416,43564,17950,16812,16511,14210,15124,12954,11504,9874,10002,13201,14463,14649,16671,(D),18565,(D),(D),22037,18796
 "22067","Morehouse, LA",5,CAGDP2,90,"31-33,51","Manufacturing and information ","Thousands of dollars",150895,165012,152826,154410,141596,153984,154176,119586,83227,38456,44189,136505,81357,72345,74633,60508,60270,64811,72443,83645,90895,98547
 "22067","Morehouse, LA",5,CAGDP2,91,"...","Private goods-producing industries 2/","Thousands of dollars",217355,209572,251226,245327,228184,228918,269396,185378,198499,141638,164598,292725,284395,227511,172981,202136,151832,146706,168532,178386,208330,185241
 "22067","Morehouse, LA",5,CAGDP2,92,"...","Private services-providing industries 3/","Thousands of dollars",257465,271408,275056,258175,270196,285190,254270,288444,305353,317885,321356,338839,348679,362435,355020,359913,358068,365890,370748,379968,385558,408540
 "22069","Natchitoches, LA",5,CAGDP2,1,"...","All industry total ","Thousands of dollars",731898,768888,811479,900678,1007233,1078172,1025056,998310,1139511,1246850,1178209,1164098,1178490,1227318,1283502,1309362,1412923,1423058,1499282,1504199,1820558,2072662
 "22069","Natchitoches, LA",5,CAGDP2,2,"..."," Private industries ","Thousands of dollars",566303,587815,621915,694530,779958,849990,810032,786101,900293,1000187,926228,922154,928188,969301,1015403,1031926,1128219,1128249,1196732,1191708,1498691,1732318
 "22069","Natchitoches, LA",5,CAGDP2,3,"11","  Agriculture, forestry, fishing and hunting ","Thousands of dollars",46209,46462,43242,64000,60182,53251,59610,33774,48008,60027,51973,74154,77922,72864,93018,44963,57232,46983,42462,28672,57278,84656
 "22069","Natchitoches, LA",5,CAGDP2,6,"21","  Mining, quarrying, and oil and gas extraction ","Thousands of dollars",22297,12249,13318,13700,9568,10596,17363,19139,11534,1496,21735,23957,15957,10395,8210,8334,13460,15489,23490,44061,211283,296295
 "22069","Natchitoches, LA",5,CAGDP2,10,"22","  Utilities ","Thousands of dollars",7351,7533,6356,7154,7012,7809,7477,7256,7616,9304,9095,14985,23775,24497,22841,24006,25911,23979,29068,29493,12588,9719
 "22069","Natchitoches, LA",5,CAGDP2,11,"23","  Construction ","Thousands of dollars",42429,32280,35491,38707,34234,38126,45251,49709,48044,49527,47511,52018,42047,42018,40567,39945,39826,46170,55477,52154,52511,49752
 "22069","Natchitoches, LA",5,CAGDP2,12,"31-33","  Manufacturing ","Thousands of dollars",142254,156472,163872,165892,193865,223588,237730,226083,325074,386293,304139,273254,249450,259452,280874,296833,362718,387030,406881,393513,449394,528409
 "22069","Natchitoches, LA",5,CAGDP2,13,"321,327-339","   Durable goods manufacturing ","Thousands of dollars",53416,50656,59543,69434,87523,93659,93081,92894,89147,106879,84368,96221,86544,94864,98433,109566,168940,185493,178448,140854,191885,253946
 "22069","Natchitoches, LA",5,CAGDP2,25,"311-316,322-326","   Nondurable goods manufacturing ","Thousands of dollars",88838,105816,104329,96458,106342,129929,144649,133189,235928,279415,219771,177034,162907,164588,182441,187267,193778,201538,228433,252659,257509,274463
 "22069","Natchitoches, LA",5,CAGDP2,34,"42","  Wholesale trade ","Thousands of dollars",32818,37071,41040,45424,47616,48707,48486,44757,40888,40191,36770,23449,23027,28558,32016,37325,45615,46746,51138,49787,54827,59504
 "22069","Natchitoches, LA",5,CAGDP2,35,"44-45","  Retail trade ","Thousands of dollars",55037,57181,65376,74055,79395,85220,84893,80186,74722,83085,89028,89950,91875,93609,91551,93872,96938,99122,105917,124109,136538,145256
 "22069","Natchitoches, LA",5,CAGDP2,36,"48-49","  Transportation and warehousing ","Thousands of dollars",14811,15607,(D),20284,24989,27347,22788,25277,20633,24807,23726,23450,23275,23706,28611,30572,33334,31024,28780,27609,37359,42794
 "22069","Natchitoches, LA",5,CAGDP2,45,"51","  Information ","Thousands of dollars",13832,15213,18629,24190,31628,27373,24911,21270,20259,16347,14133,16852,20105,22213,23284,22351,20825,20212,22868,20301,19881,19503
 "22069","Natchitoches, LA",5,CAGDP2,50,"52,53","  Finance, insurance, real estate, rental, and leasing ","Thousands of dollars",79025,86811,91522,98606,112137,115174,61781,95170,136301,150481,150095,146851,154416,165364,157339,181550,185526,176207,197740,214180,210410,231368
 "22069","Natchitoches, LA",5,CAGDP2,51,"52","   Finance and insurance ","Thousands of dollars",19390,22001,22534,23010,26837,26434,28300,29310,29856,30005,32727,33452,30980,33845,39702,44808,46944,51924,55559,58572,55614,65140
 "22069","Natchitoches, LA",5,CAGDP2,56,"53","   Real estate and rental and leasing ","Thousands of dollars",59635,64809,68988,75596,85301,88741,33481,65860,106445,120476,117367,113399,123437,131519,117637,136742,138581,124284,142181,155608,154796,166228
 "22069","Natchitoches, LA",5,CAGDP2,59,"54,55,56","  Professional and business services ","Thousands of dollars",37683,41849,(D),45791,49298,54871,45511,45706,45136,49046,53551,62289,73213,69282,72265,73588,78632,84238,87377,74621,104882,87728
 "22069","Natchitoches, LA",5,CAGDP2,60,"54","   Professional, scientific, and technical services ","Thousands of dollars",23679,26547,(D),(D),(D),(D),(D),29461,28076,30907,32669,31251,(D),(D),(D),(D),(D),(D),(D),(D),(D),(D)
 "22069","Natchitoches, LA",5,CAGDP2,64,"55","   Management of companies and enterprises ","Thousands of dollars",(D),(D),(D),(D),(D),(D),(D),4419,4948,4870,5023,4563,(D),(D),(D),(D),(D),(D),(D),(D),(D),(D)
 "22069","Natchitoches, LA",5,CAGDP2,65,"56","   Administrative and support and waste management and remediation services ","Thousands of dollars",(D),(D),(D),15362,18977,23319,(D),11827,12112,13269,15859,26475,37958,36541,35463,37223,43808,46880,48159,36547,58609,39367
 "22069","Natchitoches, LA",5,CAGDP2,68,"61,62","  Educational services, health care, and social assistance ","Thousands of dollars",23099,25735,28566,32419,35451,37934,45131,50165,52901,53663,54150,54378,57047,60453,60154,63543,64376,61819,64425,61841,67356,73259
 "22069","Natchitoches, LA",5,CAGDP2,69,"61","   Educational services ","Thousands of dollars",(D),513,538,591,681,(D),1011,961,(D),(D),(D),(D),764,769,1151,1319,1236,1081,1152,1004,1097,1111
 "22069","Natchitoches, LA",5,CAGDP2,70,"62","   Health care and social assistance ","Thousands of dollars",(D),25222,28028,31827,34771,(D),44121,49204,(D),(D),(D),(D),56282,59684,59003,62223,63140,60739,63273,60837,66259,72148
 "22069","Natchitoches, LA",5,CAGDP2,75,"71,72","  Arts, entertainment, recreation, accommodation, and food services ","Thousands of dollars",26210,27992,30738,40602,69488,94208,83406,61369,42817,50043,44781,39780,48701,67777,74842,85438,74482,58950,51807,43395,56846,72819
 "22069","Natchitoches, LA",5,CAGDP2,76,"71","   Arts, entertainment, and recreation ","Thousands of dollars",868,933,1005,1153,1220,1366,1794,1280,1208,1790,2067,2312,2506,2603,2373,2250,1966,1983,1925,1731,2435,2797
 "22069","Natchitoches, LA",5,CAGDP2,79,"72","   Accommodation and food services ","Thousands of dollars",25342,27059,29733,39449,68268,92842,81611,60089,41608,48253,42714,37468,46194,65174,72469,83187,72516,56967,49883,41664,54411,70022
 "22069","Natchitoches, LA",5,CAGDP2,82,"81","  Other services (except government and government enterprises) ","Thousands of dollars",23247,25361,23829,23709,25093,25786,25693,26239,26361,25878,25539,26788,27376,29113,29829,29608,29346,30280,29303,27974,27540,31255
 "22069","Natchitoches, LA",5,CAGDP2,83,"92","Government and government enterprises ","Thousands of dollars",165596,181073,189564,206147,227275,228181,215024,212208,239218,246663,251981,241943,250302,258018,268099,277436,284704,294809,302550,312491,321867,340345
 "22069","Natchitoches, LA",5,CAGDP2,87,"11,21","Natural resources and mining ","Thousands of dollars",68506,58711,56560,77699,69750,63847,76973,52913,59542,61522,73708,98111,93879,83259,101228,53297,70691,62471,65952,72732,268561,380951
 "22069","Natchitoches, LA",5,CAGDP2,88,"42,44-45","Trade ","Thousands of dollars",87855,94252,106416,119478,127011,133927,133378,124944,115609,123276,125799,113399,114903,122167,123567,131197,142552,145868,157055,173896,191365,204760
 "22069","Natchitoches, LA",5,CAGDP2,89,"22,48-49","Transportation and utilities ","Thousands of dollars",22162,23139,(D),27438,32001,35156,30265,32533,28249,34110,32822,38435,47050,48202,51452,54578,59245,55003,57848,57102,49947,52513
 "22069","Natchitoches, LA",5,CAGDP2,90,"31-33,51","Manufacturing and information ","Thousands of dollars",156086,171684,182501,190082,225493,250960,262641,247353,345333,402641,318273,290107,269556,281665,304158,319184,383543,407242,429749,413814,469274,547912
 "22069","Natchitoches, LA",5,CAGDP2,91,"...","Private goods-producing industries 2/","Thousands of dollars",253189,247463,255923,282298,297849,325561,359954,328705,432661,497343,425359,423383,385377,384729,422670,390075,473235,495672,528310,518399,770466,959112
 "22069","Natchitoches, LA",5,CAGDP2,92,"...","Private services-providing industries 3/","Thousands of dollars",313114,340352,365992,412233,482108,524430,450078,457396,467632,502844,500869,498771,542811,584572,592733,641851,654984,632578,668422,673309,728226,773206
 "22071","Orleans, LA",5,CAGDP2,1,"...","All industry total ","Thousands of dollars",17938888,18474190,18706166,19618005,19239867,16923187,18576479,21963967,21937468,25500360,20509704,21200926,21127420,21793985,22760592,22870521,23831419,24802582,25401663,23466120,25287406,27332844
 "22071","Orleans, LA",5,CAGDP2,2,"..."," Private industries ","Thousands of dollars",14765370,14993448,14894061,15610793,15467642,14090906,15569729,18715163,18340966,21830869,16832360,17583838,17578394,18406855,19299198,19335274,20134487,20915698,21395020,19398085,21190041,23252301
 "22071","Orleans, LA",5,CAGDP2,3,"11","  Agriculture, forestry, fishing and hunting ","Thousands of dollars",10322,9933,9409,6015,3956,2710,2902,3239,1962,9288,8080,10562,8520,9026,13728,41006,50345,67104,52383,43417,29821,36744
 "22071","Orleans, LA",5,CAGDP2,6,"21","  Mining, quarrying, and oil and gas extraction ","Thousands of dollars",767595,562141,608694,607112,636935,732680,733957,861591,712449,708267,631302,551114,535800,633088,558607,410915,414651,424764,464770,434287,411898,475114
 "22071","Orleans, LA",5,CAGDP2,10,"22","  Utilities ","Thousands of dollars",122710,117368,106693,169870,136710,95110,88105,125804,214404,247513,349203,248789,90367,125378,107572,37411,64497,88476,95035,122841,111119,85939
 "22071","Orleans, LA",5,CAGDP2,11,"23","  Construction ","Thousands of dollars",475090,424216,433986,449710,442190,627598,571655,612600,726335,621610,559339,344163,413550,501192,510445,527775,585348,828814,826084,722091,741850,829601
 "22071","Orleans, LA",5,CAGDP2,12,"31-33","  Manufacturing ","Thousands of dollars",693962,720521,719419,978178,1712966,1624001,1394359,2636024,2731450,5505272,912647,1377183,1035721,921173,984704,953472,1279580,1328364,1302835,887171,1066264,1366432
 "22071","Orleans, LA",5,CAGDP2,13,"321,327-339","   Durable goods manufacturing ","Thousands of dollars",363086,361042,321180,346460,434529,404164,(D),(D),379240,355566,227413,209960,204521,213482,199754,203464,201055,245310,257190,229580,254780,289082
 "22071","Orleans, LA",5,CAGDP2,25,"311-316,322-326","   Nondurable goods manufacturing ","Thousands of dollars",330876,359479,398239,631718,1278437,1219838,(D),(D),2352210,5149705,685234,1167223,831200,707691,784949,750008,1078525,1083053,1045645,657591,811484,1077349
 "22071","Orleans, LA",5,CAGDP2,34,"42","  Wholesale trade ","Thousands of dollars",772873,737267,748140,801499,807975,790654,762469,729634,636672,661501,689052,731175,751519,777195,745086,697612,696185,748570,823447,796673,834531,904265
 "22071","Orleans, LA",5,CAGDP2,35,"44-45","  Retail trade ","Thousands of dollars",863745,868040,843187,807717,671664,669801,759912,852543,815887,746349,709346,775766,893847,932620,932115,967746,1041398,1076952,1126078,1126368,1296057,1376732
 "22071","Orleans, LA",5,CAGDP2,36,"48-49","  Transportation and warehousing ","Thousands of dollars",789361,727889,742421,765930,784501,772704,738172,783089,727326,720486,727852,796801,880918,1004778,1000580,850792,794862,766746,787774,672978,792302,901328
 "22071","Orleans, LA",5,CAGDP2,45,"51","  Information ","Thousands of dollars",559246,587411,582037,696265,653694,488884,486069,742005,773607,1056597,989433,1098878,863327,695657,930619,963688,959208,973449,914584,616747,827135,1014500
 "22071","Orleans, LA",5,CAGDP2,50,"52,53","  Finance, insurance, real estate, rental, and leasing ","Thousands of dollars",2816381,2999492,2880472,2892818,2746032,2112160,3250473,3898527,3544193,3617071,3128123,3178280,3314552,3393462,3657076,3899095,4001589,4114666,4270027,4376861,4644500,4715308
 "22071","Orleans, LA",5,CAGDP2,51,"52","   Finance and insurance ","Thousands of dollars",1050685,1078390,1047765,1053566,1088545,988194,971583,867336,822484,886498,893814,936901,824580,1054726,1123122,1378420,1392210,1406131,1317951,1507608,1573120,1500108
 "22071","Orleans, LA",5,CAGDP2,56,"53","   Real estate and rental and leasing ","Thousands of dollars",1765696,1921103,1832707,1839252,1657487,1123965,2278890,3031191,2721709,2730573,2234309,2241379,2489972,2338735,2533954,2520675,2609379,2708535,2952075,2869253,3071381,3215200
 "22071","Orleans, LA",5,CAGDP2,59,"54,55,56","  Professional and business services ","Thousands of dollars",2556857,2610694,2696025,2712075,2659104,2726175,2975603,3303781,3018716,3211204,3326352,3406955,3486692,3558792,3695339,3706585,3811311,3904846,4089017,3952113,4159182,4412339
 "22071","Orleans, LA",5,CAGDP2,60,"54","   Professional, scientific, and technical services ","Thousands of dollars",1626972,1676206,1709917,1648613,1561551,1717511,1853269,2201648,2037879,2154398,2233998,2326523,2491041,2574352,2614347,2586360,2651773,2643034,2775216,2670916,2815413,3057822
 "22071","Orleans, LA",5,CAGDP2,64,"55","   Management of companies and enterprises ","Thousands of dollars",438472,428601,431517,439542,444515,299165,402396,413520,406702,388590,429742,407941,397427,328292,372743,396745,429327,428109,470349,505299,479495,389435
 "22071","Orleans, LA",5,CAGDP2,65,"56","   Administrative and support and waste management and remediation services ","Thousands of dollars",491413,505888,554590,623920,653038,709499,719939,688613,574135,668217,662613,672491,598223,656148,708249,723479,730211,833702,843451,775898,864274,965081
 "22071","Orleans, LA",5,CAGDP2,68,"61,62","  Educational services, health care, and social assistance ","Thousands of dollars",1943552,2093151,2086807,2121923,1743044,1393992,1517725,1788690,1985725,2101408,2124940,2183319,2234389,2568424,2703173,2816494,2830460,2988400,3188098,3242669,3403427,3633635
 "22071","Orleans, LA",5,CAGDP2,69,"61","   Educational services ","Thousands of dollars",648410,697292,684813,728213,690128,666945,687061,787842,893722,967720,991954,1032078,1077621,1090339,1091249,1168228,1148568,1184339,1266696,1257410,1347456,1424238
 "22071","Orleans, LA",5,CAGDP2,70,"62","   Health care and social assistance ","Thousands of dollars",1295142,1395859,1401994,1393709,1052915,727047,830663,1000849,1092004,1133689,1132986,1151240,1156768,1478085,1611924,1648265,1681892,1804061,1921402,1985259,2055971,2209397
 "22071","Orleans, LA",5,CAGDP2,75,"71,72","  Arts, entertainment, recreation, accommodation, and food services ","Thousands of dollars",1945273,2082285,1995472,2120838,2028474,1720845,1914548,1968648,2030532,2194399,2227453,2415406,2566439,2755757,2900278,2904539,3042522,3018282,2846140,1866342,2312012,2818724
 "22071","Orleans, LA",5,CAGDP2,76,"71","   Arts, entertainment, and recreation ","Thousands of dollars",384900,405834,466109,502861,526305,421518,470676,533155,414932,435970,424453,443566,443242,417936,305549,302353,286122,308874,334880,237733,300824,380862
 "22071","Orleans, LA",5,CAGDP2,79,"72","   Accommodation and food services ","Thousands of dollars",1560372,1676451,1529363,1617977,1502169,1299327,1443872,1435492,1615600,1758429,1803000,1971840,2123197,2337820,2594729,2602186,2756400,2709408,2511260,1628609,2011188,2437862
 "22071","Orleans, LA",5,CAGDP2,82,"81","  Other services (except government and government enterprises) ","Thousands of dollars",448400,453039,441299,480842,440397,333591,373778,408988,421709,429902,449239,465446,502753,530314,559877,558145,562530,586266,608750,537525,559943,681640
 "22071","Orleans, LA",5,CAGDP2,83,"92","Government and government enterprises ","Thousands of dollars",3173518,3480743,3812104,4007213,3772224,2832280,3006750,3248804,3596502,3669491,3677344,3617088,3549027,3387130,3461394,3535247,3696932,3886884,4006643,4068035,4097365,4080543
 "22071","Orleans, LA",5,CAGDP2,87,"11,21","Natural resources and mining ","Thousands of dollars",777917,572074,618103,613127,640891,735389,736859,864830,714411,717555,639382,561676,544320,642113,572334,451921,464997,491868,517154,477705,441719,511858
 "22071","Orleans, LA",5,CAGDP2,88,"42,44-45","Trade ","Thousands of dollars",1636619,1605307,1591328,1609216,1479639,1460455,1522381,1582177,1452559,1407850,1398398,1506941,1645366,1709815,1677201,1665358,1737584,1825522,1949525,1923042,2130588,2280997
 "22071","Orleans, LA",5,CAGDP2,89,"22,48-49","Transportation and utilities ","Thousands of dollars",912072,845257,849113,935801,921211,867815,826277,908893,941730,968000,1077054,1045590,971285,1130156,1108151,888202,859360,855222,882809,795820,903421,987267
 "22071","Orleans, LA",5,CAGDP2,90,"31-33,51","Manufacturing and information ","Thousands of dollars",1253209,1307932,1301456,1674443,2366660,2112885,1880428,3378029,3505057,6561869,1902080,2476061,1899048,1616830,1915323,1917160,2238789,2301813,2217418,1503918,1893399,2380932
 "22071","Orleans, LA",5,CAGDP2,91,"...","Private goods-producing industries 2/","Thousands of dollars",1946969,1716811,1771508,2041014,2796047,2986988,2702873,4113454,4172196,6844436,2111368,2283022,1993591,2064478,2067483,1933168,2329924,2649045,2646072,2086966,2249833,2707891
 "22071","Orleans, LA",5,CAGDP2,92,"...","Private services-providing industries 3/","Thousands of dollars",12818401,13276637,13122553,13569779,12671595,11103918,12866856,14601709,14168770,14986433,14720992,15300815,15584802,16342377,17231715,17402106,17804563,18266653,18748949,17311118,18940208,20544410
 "22073","Ouachita, LA",5,CAGDP2,1,"...","All industry total ","Thousands of dollars",4309528,4686160,4889205,5315347,5677260,5835714,5350176,5219381,5473487,5716154,5759428,5916053,6090964,6498865,6817567,7097807,7231511,7512907,7389074,7311866,7643382,8338029
 "22073","Ouachita, LA",5,CAGDP2,2,"..."," Private industries ","Thousands of dollars",3765099,4102673,4284134,4693417,5006921,5132471,4686787,4547246,4711806,4921248,4926187,5095632,5292223,5728926,6041266,6308764,6434665,6691071,6545622,6453917,6795053,7426683
 "22073","Ouachita, LA",5,CAGDP2,3,"11","  Agriculture, forestry, fishing and hunting ","Thousands of dollars",11865,7915,21640,20493,18594,23867,13170,9869,16155,23256,28958,27963,36455,32573,25011,19721,26302,20929,19986,17300,25563,21717
 "22073","Ouachita, LA",5,CAGDP2,6,"21","  Mining, quarrying, and oil and gas extraction ","Thousands of dollars",48697,31679,37383,35590,39016,46476,52581,60604,37715,27649,19940,21963,20854,21412,19770,14495,22901,17709,14437,14470,17375,17537
 "22073","Ouachita, LA",5,CAGDP2,10,"22","  Utilities ","Thousands of dollars",77973,118267,127705,100980,122928,159517,178609,174545,126625,153974,159635,180872,151052,310692,318839,298213,297610,353867,350593,366988,341895,420551
 "22073","Ouachita, LA",5,CAGDP2,11,"23","  Construction ","Thousands of dollars",192839,191315,179762,170962,176217,206293,219669,202181,246243,202814,197562,206976,208540,229662,247313,269787,287997,303365,294280,289882,334351,363144
 "22073","Ouachita, LA",5,CAGDP2,12,"31-33","  Manufacturing ","Thousands of dollars",789885,970863,1118880,1413149,1557567,1453672,1123406,738686,702938,748128,723946,691795,740920,767669,822497,798439,759441,788318,720717,694388,636618,707325
 "22073","Ouachita, LA",5,CAGDP2,13,"321,327-339","   Durable goods manufacturing ","Thousands of dollars",338715,454985,595893,824639,940059,810777,494919,273605,153691,179530,145981,162118,168796,187587,178845,170689,169700,184509,179403,152627,153991,174294
 "22073","Ouachita, LA",5,CAGDP2,25,"311-316,322-326","   Nondurable goods manufacturing ","Thousands of dollars",451170,515878,522986,588510,617508,642895,628488,465081,549247,568598,577965,529677,572124,580082,643652,627749,589741,603809,541314,541762,482627,533031
 "22073","Ouachita, LA",5,CAGDP2,34,"42","  Wholesale trade ","Thousands of dollars",219145,226191,230983,245615,264162,299941,330148,358411,333003,340939,335166,352438,384907,402513,390849,385468,385310,393965,413346,380300,393380,417143
 "22073","Ouachita, LA",5,CAGDP2,35,"44-45","  Retail trade ","Thousands of dollars",365246,377156,391108,433725,449934,485743,489501,491062,504827,533515,533325,505538,539173,552477,564241,593290,610764,679273,711674,709841,825187,889986
 "22073","Ouachita, LA",5,CAGDP2,36,"48-49","  Transportation and warehousing ","Thousands of dollars",87277,87789,92937,102739,111351,108966,99102,108026,100545,101492,108637,114057,114030,127672,131036,120905,116814,124758,121086,119626,132376,145927
 "22073","Ouachita, LA",5,CAGDP2,45,"51","  Information ","Thousands of dollars",149904,171187,170978,206529,212545,229072,240610,235263,249252,217173,209088,226755,257132,359426,522729,661276,706803,722604,706902,691311,698651,748279
 "22073","Ouachita, LA",5,CAGDP2,50,"52,53","  Finance, insurance, real estate, rental, and leasing ","Thousands of dollars",654863,667513,667910,668744,716775,711979,488999,629516,803597,895808,964085,1038659,1032735,1042640,1045837,1112427,1181251,1207872,1099485,1165431,1259539,1287491
 "22073","Ouachita, LA",5,CAGDP2,51,"52","   Finance and insurance ","Thousands of dollars",279571,290229,281392,262647,272726,255904,278537,274794,291032,310024,334448,348565,338212,358681,390469,418450,454779,475743,403940,445059,459180,456506
 "22073","Ouachita, LA",5,CAGDP2,56,"53","   Real estate and rental and leasing ","Thousands of dollars",375292,377284,386518,406096,444049,456075,210462,354722,512566,585784,629637,690095,694523,683959,655368,693978,726472,732129,695544,720373,800360,830985
 "22073","Ouachita, LA",5,CAGDP2,59,"54,55,56","  Professional and business services ","Thousands of dollars",452017,479296,445474,437871,437332,463571,482144,539951,531797,568306,567560,613157,641472,644753,664456,692559,668786,682362,692269,648774,656881,754716
 "22073","Ouachita, LA",5,CAGDP2,60,"54","   Professional, scientific, and technical services ","Thousands of dollars",216797,236180,197215,195486,187631,199257,219456,265092,249927,257027,259149,273456,291421,282519,284375,278004,263822,266472,275535,248766,247128,275502
 "22073","Ouachita, LA",5,CAGDP2,64,"55","   Management of companies and enterprises ","Thousands of dollars",136594,138062,154363,156542,153347,154872,138343,134857,142764,171836,163596,175484,185815,182023,204028,223328,207586,204015,160875,151459,123311,117640
 "22073","Ouachita, LA",5,CAGDP2,65,"56","   Administrative and support and waste management and remediation services ","Thousands of dollars",98627,105053,93896,85844,96354,109442,124345,140002,139107,139443,144815,164217,164236,180211,176053,191227,197379,211874,255858,248548,286442,361574
 "22073","Ouachita, LA",5,CAGDP2,68,"61,62","  Educational services, health care, and social assistance ","Thousands of dollars",454788,495754,519704,558291,593285,610609,628167,664196,695598,716248,716563,740902,782300,838201,860915,901562,920050,933108,958260,944220,976626,1051948
 "22073","Ouachita, LA",5,CAGDP2,69,"61","   Educational services ","Thousands of dollars",12201,14139,16005,16884,19823,21272,22909,25732,30445,34500,27119,27590,28907,29329,28754,31845,30814,32876,35429,38549,44228,47286
 "22073","Ouachita, LA",5,CAGDP2,70,"62","   Health care and social assistance ","Thousands of dollars",442587,481614,503698,541407,573462,589337,605258,638464,665153,681747,689444,713312,753393,808872,832161,869717,889236,900232,922831,905671,932398,1004662
 "22073","Ouachita, LA",5,CAGDP2,75,"71,72","  Arts, entertainment, recreation, accommodation, and food services ","Thousands of dollars",137196,148243,148609,158771,159703,174256,185684,183143,209015,233832,199544,197468,202777,210965,230114,240585,253776,258900,235252,219058,277752,348792
 "22073","Ouachita, LA",5,CAGDP2,76,"71","   Arts, entertainment, and recreation ","Thousands of dollars",11396,11929,13315,15052,15641,16304,17897,20155,20757,21136,22149,23754,24115,28019,27409,24695,25429,27275,25784,22058,34342,40661
 "22073","Ouachita, LA",5,CAGDP2,79,"72","   Accommodation and food services ","Thousands of dollars",125800,136315,135293,143719,144062,157952,167787,162988,188258,212696,177395,173714,178661,182946,202706,215890,228347,231626,209469,197000,243410,308131
 "22073","Ouachita, LA",5,CAGDP2,82,"81","  Other services (except government and government enterprises) ","Thousands of dollars",123405,129505,131063,139956,147511,158510,154997,151795,154495,158116,162179,177089,179876,188272,197660,200038,196860,204041,207335,192328,218859,252125
 "22073","Ouachita, LA",5,CAGDP2,83,"92","Government and government enterprises ","Thousands of dollars",544429,583487,605071,621930,670339,703244,663389,672135,761681,794906,833241,820421,798741,769939,776301,789043,796847,821836,843452,857949,848329,911346
 "22073","Ouachita, LA",5,CAGDP2,87,"11,21","Natural resources and mining ","Thousands of dollars",60562,39594,59023,56084,57611,70343,65751,70473,53870,50904,48898,49926,57309,53984,44780,34215,49203,38638,34423,31770,42937,39255
 "22073","Ouachita, LA",5,CAGDP2,88,"42,44-45","Trade ","Thousands of dollars",584391,603347,622091,679340,714096,785684,819648,849473,837831,874454,868490,857976,924079,954990,955090,978758,996074,1073238,1125020,1090140,1218566,1307129
 "22073","Ouachita, LA",5,CAGDP2,89,"22,48-49","Transportation and utilities ","Thousands of dollars",165250,206056,220642,203720,234279,268482,277711,282570,227170,255467,268271,294928,265082,438364,449875,419118,414424,478625,471679,486615,474272,566478
 "22073","Ouachita, LA",5,CAGDP2,90,"31-33,51","Manufacturing and information ","Thousands of dollars",939788,1142050,1289857,1619678,1770112,1682744,1364016,973949,952190,965300,933034,918550,998052,1127095,1345225,1459715,1466243,1510922,1427619,1385699,1335269,1455605
 "22073","Ouachita, LA",5,CAGDP2,91,"...","Private goods-producing industries 2/","Thousands of dollars",1043286,1201772,1357664,1640196,1791395,1730308,1408827,1011340,1003051,1001846,970407,948697,1006770,1051315,1114590,1102441,1096640,1130322,1049420,1016040,1013906,1109724
 "22073","Ouachita, LA",5,CAGDP2,92,"...","Private services-providing industries 3/","Thousands of dollars",2721813,2900901,2926470,3053222,3215527,3402162,3277960,3535906,3708755,3919403,3955780,4146934,4285453,4677611,4926676,5206322,5338025,5560750,5496201,5437877,5781147,6316959
 "22075","Plaquemines, LA",5,CAGDP2,1,"...","All industry total ","Thousands of dollars",3033186,2424725,2924433,3176232,3472210,4326812,4819600,5198107,3578947,3389569,4226360,4184756,4397334,3789719,2973355,2533888,3011481,3332950,3160691,2297344,2808658,3389951
 "22075","Plaquemines, LA",5,CAGDP2,2,"..."," Private industries ","Thousands of dollars",2871342,2246783,2730854,2981741,3260582,4125285,4626267,4992834,3370118,3163033,3985410,3945216,4163045,3551812,2736054,2303372,2783018,3094447,2921041,2059957,2569495,3161663
 "22075","Plaquemines, LA",5,CAGDP2,3,"11","  Agriculture, forestry, fishing and hunting ","Thousands of dollars",31313,30257,30969,23987,21252,43955,20918,38250,30649,61289,54616,45775,14346,21605,34262,57530,46081,46285,30508,31813,33845,33868
 "22075","Plaquemines, LA",5,CAGDP2,6,"21","  Mining, quarrying, and oil and gas extraction ","Thousands of dollars",1787599,1189171,1386917,1540508,1481393,1947141,2228874,2326125,1543839,1386155,1472085,1484677,1347640,1062712,581261,475996,505793,544579,460842,234457,318424,359881
 "22075","Plaquemines, LA",5,CAGDP2,10,"22","  Utilities ","Thousands of dollars",4702,7931,4410,9960,8280,8657,8781,44577,44051,48856,48599,49588,53143,57487,50651,58655,46439,47004,12361,13693,14145,13261
 "22075","Plaquemines, LA",5,CAGDP2,11,"23","  Construction ","Thousands of dollars",98759,81266,88340,101008,93875,107718,108055,132748,153896,134678,107563,86917,87432,102371,99281,107207,72819,57791,52844,59694,71598,79184
 "22075","Plaquemines, LA",5,CAGDP2,12,"31-33","  Manufacturing ","Thousands of dollars",350997,387407,643205,690206,1001627,1303606,1442528,1475053,687623,543938,1338818,1271379,1531270,1160874,867139,545625,1011153,1229426,1147939,592352,911033,1288482
 "22075","Plaquemines, LA",5,CAGDP2,13,"321,327-339","   Durable goods manufacturing ","Thousands of dollars",70295,67298,60263,55569,63844,64468,83513,107074,103049,97414,106145,102503,105119,98631,92291,88005,84420,91600,99063,88838,99177,132086
 "22075","Plaquemines, LA",5,CAGDP2,25,"311-316,322-326","   Nondurable goods manufacturing ","Thousands of dollars",280701,320108,582942,634637,937783,1239138,1359015,1367978,584574,446524,1232673,1168876,1426151,1062243,774847,457620,926733,1137826,1048877,503514,811856,1156396
 "22075","Plaquemines, LA",5,CAGDP2,34,"42","  Wholesale trade ","Thousands of dollars",74825,78534,77377,80216,86558,103002,129373,124972,122339,122417,129621,142611,155840,172729,168649,164179,167500,170018,176671,173381,195183,209962
 "22075","Plaquemines, LA",5,CAGDP2,35,"44-45","  Retail trade ","Thousands of dollars",(D),(D),(D),(D),(D),(D),(D),(D),(D),(D),(D),(D),40420,41457,(D),(D),44996,45751,50518,51117,54500,59773
 "22075","Plaquemines, LA",5,CAGDP2,36,"48-49","  Transportation and warehousing ","Thousands of dollars",174244,146128,147850,155244,174337,205997,206613,253179,247550,285017,290099,274033,339952,358946,339347,288723,277031,290633,306312,306578,339667,399785
 "22075","Plaquemines, LA",5,CAGDP2,45,"51","  Information ","Thousands of dollars",3076,(D),6710,9455,(D),4761,(D),2955,(D),(D),(D),2075,2863,2530,(D),(D),(D),(D),(D),(D),(D),1662
 "22075","Plaquemines, LA",5,CAGDP2,50,"52,53","  Finance, insurance, real estate, rental, and leasing ","Thousands of dollars",162458,152776,160696,174493,185380,178880,226107,320369,268881,288631,275854,310869,305798,278620,267748,245310,232286,252528,266985,253973,258269,279566
 "22075","Plaquemines, LA",5,CAGDP2,51,"52","   Finance and insurance ","Thousands of dollars",14716,15274,14767,15156,16581,19357,17341,16649,15855,14589,16175,15317,10608,13191,17475,21809,23625,24359,22171,22667,(D),21011
 "22075","Plaquemines, LA",5,CAGDP2,56,"53","   Real estate and rental and leasing ","Thousands of dollars",147742,137502,145929,159337,168798,159522,208766,303720,253026,274042,259679,295551,295190,265428,250273,223501,208661,228169,244814,231306,(D),258556
 "22075","Plaquemines, LA",5,CAGDP2,59,"54,55,56","  Professional and business services ","Thousands of dollars",72382,58909,72614,71345,83622,102670,119541,137176,126634,144504,112476,114498,153869,152598,134536,141544,(D),155281,(D),120835,(D),157431
 "22075","Plaquemines, LA",5,CAGDP2,60,"54","   Professional, scientific, and technical services ","Thousands of dollars",27046,(D),(D),(D),(D),(D),(D),(D),59366,50934,(D),(D),72963,(D),(D),76082,(D),77842,(D),(D),(D),90974
 "22075","Plaquemines, LA",5,CAGDP2,64,"55","   Management of companies and enterprises ","Thousands of dollars",4948,(D),(D),(D),(D),(D),(D),(D),7778,4476,(D),(D),1480,(D),(D),2117,(D),621,(D),(D),(D),(D)
 "22075","Plaquemines, LA",5,CAGDP2,65,"56","   Administrative and support and waste management and remediation services ","Thousands of dollars",40388,27456,35293,35148,43022,49798,55517,58071,59490,89095,64122,54406,79426,78459,70409,63345,67613,76819,69159,54458,(D),(D)
 "22075","Plaquemines, LA",5,CAGDP2,68,"61,62","  Educational services, health care, and social assistance ","Thousands of dollars",(D),22881,(D),(D),33684,(D),33871,(D),39564,41236,42332,(D),49592,59544,76694,113587,162050,190268,210302,157231,161636,195112
 "22075","Plaquemines, LA",5,CAGDP2,69,"61","   Educational services ","Thousands of dollars",(D),(D),(D),(D),(D),(D),(D),(D),(D),(D),(D),(D),(D),(D),(D),(D),145568,172471,190961,137939,138813,169287
 "22075","Plaquemines, LA",5,CAGDP2,70,"62","   Health care and social assistance ","Thousands of dollars",(D),(D),(D),(D),(D),(D),(D),(D),(D),(D),(D),(D),(D),(D),(D),(D),16481,17797,19342,19291,22823,25825
 "22075","Plaquemines, LA",5,CAGDP2,75,"71,72","  Arts, entertainment, recreation, accommodation, and food services ","Thousands of dollars",40190,38682,37707,39074,36309,39889,43965,41450,41698,44054,48715,49545,49138,48822,44531,34308,30777,31007,29219,28224,36621,41102
 "22075","Plaquemines, LA",5,CAGDP2,76,"71","   Arts, entertainment, and recreation ","Thousands of dollars",2255,2700,2455,1789,1434,1291,1934,2597,2275,2562,2845,3114,3885,4178,4555,4422,4441,5181,5218,4970,8106,8454
 "22075","Plaquemines, LA",5,CAGDP2,79,"72","   Accommodation and food services ","Thousands of dollars",37935,35982,35252,37284,34875,38598,42031,38853,39424,41493,45870,46432,45253,44643,39976,29886,26336,25825,24000,23254,28515,32648
 "22075","Plaquemines, LA",5,CAGDP2,82,"81","  Other services (except government and government enterprises) ","Thousands of dollars",23613,24934,24804,26251,24576,26975,23156,22909,20538,23708,25639,31141,31742,31516,28680,26964,30927,(D),(D),(D),36862,42593
 "22075","Plaquemines, LA",5,CAGDP2,83,"92","Government and government enterprises ","Thousands of dollars",161844,177942,193579,194492,211627,201527,193333,205273,208829,226537,240950,239540,234290,237907,237301,230516,228463,238503,239650,237387,239163,228288
 "22075","Plaquemines, LA",5,CAGDP2,87,"11,21","Natural resources and mining ","Thousands of dollars",1818912,1219428,1417887,1564495,1502645,1991096,2249792,2364374,1574488,1447444,1526701,1530452,1361986,1084317,615524,533525,551874,590863,491349,266270,352270,393749
 "22075","Plaquemines, LA",5,CAGDP2,88,"42,44-45","Trade ","Thousands of dollars",(D),(D),(D),(D),(D),(D),(D),(D),(D),(D),(D),(D),196260,214186,(D),(D),212496,215768,227190,224498,249683,269735
 "22075","Plaquemines, LA",5,CAGDP2,89,"22,48-49","Transportation and utilities ","Thousands of dollars",178946,154060,152260,165204,182617,214654,215395,297756,291601,333872,338698,323621,393095,416433,389997,347379,323470,337637,318673,320271,353812,413046
 "22075","Plaquemines, LA",5,CAGDP2,90,"31-33,51","Manufacturing and information ","Thousands of dollars",354073,(D),649914,699661,(D),1308367,(D),1478008,(D),(D),(D),1273454,1534133,1163404,(D),(D),(D),(D),(D),(D),(D),1290144
 "22075","Plaquemines, LA",5,CAGDP2,91,"...","Private goods-producing industries 2/","Thousands of dollars",2268668,1688100,2149432,2355709,2598147,3402420,3800375,3972175,2416007,2126061,2973082,2888747,2980687,2347563,1581943,1186357,1635846,1878080,1692132,918316,1334900,1761415
 "22075","Plaquemines, LA",5,CAGDP2,92,"...","Private services-providing industries 3/","Thousands of dollars",602674,558683,581422,626031,662435,722865,825892,1020659,954111,1036972,1012328,1056469,1182357,1204249,1154110,1117014,1147172,1216367,1228909,1141641,1234595,1400248
 "22077","Pointe Coupee, LA",5,CAGDP2,1,"...","All industry total ","Thousands of dollars",1280456,911256,1132015,1119945,1246235,1486658,1353979,1377929,1127381,1128878,1109435,1012709,1026498,1084947,878882,835844,858965,858263,865847,755224,919897,1000739
 "22077","Pointe Coupee, LA",5,CAGDP2,2,"..."," Private industries ","Thousands of dollars",1227093,857292,1071758,1056060,1185635,1423366,1294706,1318720,1064440,1060050,1034508,944481,957479,1013467,806429,763576,784997,782100,788569,676687,836815,913417
 "22077","Pointe Coupee, LA",5,CAGDP2,3,"11","  Agriculture, forestry, fishing and hunting ","Thousands of dollars",11777,5881,22190,20754,20372,28747,35716,31632,30362,27760,39740,47139,62057,51797,29569,22464,25599,25831,31848,40617,57324,36875
 "22077","Pointe Coupee, LA",5,CAGDP2,6,"21","  Mining, quarrying, and oil and gas extraction ","Thousands of dollars",565885,306700,375982,341466,478226,640151,533998,503605,280394,171839,121533,97931,87246,81535,39507,28968,29539,29202,23743,11023,17326,25417
 "22077","Pointe Coupee, LA",5,CAGDP2,10,"22","  Utilities ","Thousands of dollars",440736,318454,406759,416530,395685,480675,464190,501808,436044,503333,505491,391813,407777,451299,297118,271014,273068,220711,192584,98993,184947,243489
 "22077","Pointe Coupee, LA",5,CAGDP2,11,"23","  Construction ","Thousands of dollars",9380,19075,11474,14202,15227,19881,25079,25605,27561,28409,24069,22566,20298,20016,18493,18551,25309,27237,36753,36579,30109,27599
 "22077","Pointe Coupee, LA",5,CAGDP2,12,"31-33","  Manufacturing ","Thousands of dollars",29574,30635,68648,70914,61143,38627,39834,29176,35205,40957,44217,49174,43627,38105,43358,41587,49235,51046,47823,49412,53730,54236
 "22077","Pointe Coupee, LA",5,CAGDP2,13,"321,327-339","   Durable goods manufacturing ","Thousands of dollars",(D),1425,1813,2136,2499,2409,2473,2363,2341,4118,4512,4705,5198,7008,7099,4457,3187,(D),3320,3309,3841,4229
 "22077","Pointe Coupee, LA",5,CAGDP2,25,"311-316,322-326","   Nondurable goods manufacturing ","Thousands of dollars",(D),29210,66835,68778,58643,36218,37361,26813,32864,36839,39705,44469,38429,31098,36259,37130,46048,(D),44503,46103,49889,50007
 "22077","Pointe Coupee, LA",5,CAGDP2,34,"42","  Wholesale trade ","Thousands of dollars",10497,12208,12541,12908,12704,12668,(D),13584,(D),(D),(D),(D),23227,39815,44764,48246,53039,63259,71574,73921,83873,94437
 "22077","Pointe Coupee, LA",5,CAGDP2,35,"44-45","  Retail trade ","Thousands of dollars",39233,32814,35012,36390,40060,43126,45499,44179,45302,47144,44637,46228,50991,52543,51654,57547,62747,63667,64660,72895,79697,86379
 "22077","Pointe Coupee, LA",5,CAGDP2,36,"48-49","  Transportation and warehousing ","Thousands of dollars",(D),(D),(D),(D),(D),(D),(D),(D),(D),36739,43018,42218,40292,39735,36915,(D),(D),(D),27221,21739,33087,39272
 "22077","Pointe Coupee, LA",5,CAGDP2,45,"51","  Information ","Thousands of dollars",(D),3319,3622,3822,4075,3507,3317,3769,3648,3760,3380,3308,9428,13204,23551,3522,4008,3632,4914,(D),(D),(D)
 "22077","Pointe Coupee, LA",5,CAGDP2,50,"52,53","  Finance, insurance, real estate, rental, and leasing ","Thousands of dollars",62560,63318,68923,68068,78786,69368,41874,60174,79819,98789,104875,132975,124381,134174,128821,153973,144722,173523,181517,168736,185463,183073
 "22077","Pointe Coupee, LA",5,CAGDP2,51,"52","   Finance and insurance ","Thousands of dollars",13056,14944,16782,14903,18954,18465,19138,19116,20220,20821,21863,23859,20764,25673,31326,35965,40922,44124,45239,49407,50726,49682
 "22077","Pointe Coupee, LA",5,CAGDP2,56,"53","   Real estate and rental and leasing ","Thousands of dollars",49504,48374,52141,53165,59832,50903,22736,41058,59600,77968,83012,109116,103617,108500,97495,118008,103800,129398,136278,119328,134736,133392
 "22077","Pointe Coupee, LA",5,CAGDP2,59,"54,55,56","  Professional and business services ","Thousands of dollars",16479,19222,18514,18501,18406,(D),20315,(D),26196,(D),(D),33438,28195,(D),30932,(D),(D),(D),31733,27698,28866,(D)
 "22077","Pointe Coupee, LA",5,CAGDP2,60,"54","   Professional, scientific, and technical services ","Thousands of dollars",(D),9191,9859,10434,(D),12283,12732,18025,17580,16543,(D),(D),15989,(D),(D),(D),(D),(D),18518,17377,18133,18263
 "22077","Pointe Coupee, LA",5,CAGDP2,64,"55","   Management of companies and enterprises ","Thousands of dollars",(D),(D),(D),(D),(D),(D),(D),(D),(D),(D),(D),(D),(D),(D),(D),(D),(D),(D),548,813,(D),(D)
 "22077","Pointe Coupee, LA",5,CAGDP2,65,"56","   Administrative and support and waste management and remediation services ","Thousands of dollars",6001,(D),(D),(D),6421,(D),(D),(D),(D),(D),12181,15668,(D),11153,(D),11260,11527,12111,12668,9508,(D),10535
 "22077","Pointe Coupee, LA",5,CAGDP2,68,"61,62","  Educational services, health care, and social assistance ","Thousands of dollars",12721,16013,17341,17735,20483,22123,24029,25942,27540,31261,32952,33960,33842,34421,33060,36279,37941,41004,43827,42679,44202,49361
 "22077","Pointe Coupee, LA",5,CAGDP2,69,"61","   Educational services ","Thousands of dollars",(D),(D),(D),(D),(D),(D),(D),(D),(D),(D),10206,10672,11173,11462,11180,(D),(D),(D),(D),13752,14817,15243
 "22077","Pointe Coupee, LA",5,CAGDP2,70,"62","   Health care and social assistance ","Thousands of dollars",(D),(D),(D),(D),(D),(D),(D),(D),(D),(D),22746,23288,22669,22959,21880,(D),(D),(D),(D),28927,29385,34118
 "22077","Pointe Coupee, LA",5,CAGDP2,75,"71,72","  Arts, entertainment, recreation, accommodation, and food services ","Thousands of dollars",7329,(D),(D),(D),(D),9559,9955,10198,11244,10848,9635,(D),11576,(D),13992,13417,13631,13367,12730,10932,13647,16176
 "22077","Pointe Coupee, LA",5,CAGDP2,76,"71","   Arts, entertainment, and recreation ","Thousands of dollars",862,(D),(D),(D),(D),910,1052,1087,928,694,627,(D),(D),(D),783,1164,1120,938,1108,1090,2018,2471
 "22077","Pointe Coupee, LA",5,CAGDP2,79,"72","   Accommodation and food services ","Thousands of dollars",6467,(D),(D),(D),(D),8649,8903,9111,10316,10153,9008,(D),(D),(D),13210,12254,12510,12429,11622,9842,11629,13704
 "22077","Pointe Coupee, LA",5,CAGDP2,82,"81","  Other services (except government and government enterprises) ","Thousands of dollars",11645,13629,13038,12472,11263,12828,12834,14018,14429,16365,15020,14867,14542,14654,14694,14238,13692,13653,17642,(D),(D),24007
 "22077","Pointe Coupee, LA",5,CAGDP2,83,"92","Government and government enterprises ","Thousands of dollars",53363,53965,60257,63886,60600,63291,59273,59209,62941,68828,74928,68228,69019,71480,72453,72268,73968,76163,77278,78537,83083,87322
 "22077","Pointe Coupee, LA",5,CAGDP2,87,"11,21","Natural resources and mining ","Thousands of dollars",577662,312581,398172,362220,498598,668898,569714,535238,310756,199599,161273,145069,149303,133332,69077,51432,55138,55033,55591,51639,74650,62293
 "22077","Pointe Coupee, LA",5,CAGDP2,88,"42,44-45","Trade ","Thousands of dollars",49730,45022,47553,49298,52764,55793,(D),57762,(D),(D),(D),(D),74219,92359,96419,105793,115785,126926,136234,146816,163570,180817
 "22077","Pointe Coupee, LA",5,CAGDP2,89,"22,48-49","Transportation and utilities ","Thousands of dollars",(D),(D),(D),(D),(D),(D),(D),(D),(D),540072,548509,434031,448069,491034,334032,(D),(D),(D),219805,120731,218034,282761
 "22077","Pointe Coupee, LA",5,CAGDP2,90,"31-33,51","Manufacturing and information ","Thousands of dollars",(D),33954,72270,74737,65218,42135,43151,32945,38853,44717,47597,52482,53055,51310,66909,45109,53243,54678,52737,(D),(D),(D)
 "22077","Pointe Coupee, LA",5,CAGDP2,91,"...","Private goods-producing industries 2/","Thousands of dollars",616616,362291,478294,447336,574968,727406,634626,590019,373522,268966,229560,216809,213227,191453,130928,111569,129682,133315,140167,137630,158489,144127
 "22077","Pointe Coupee, LA",5,CAGDP2,92,"...","Private services-providing industries 3/","Thousands of dollars",610476,495001,593463,608723,610668,695960,660080,728701,690918,791084,804948,727671,744251,822014,675502,652007,655315,648785,648402,539057,678325,769289
 "22079","Rapides, LA",5,CAGDP2,1,"...","All industry total ","Thousands of dollars",3355423,3527588,3673580,3974361,4371161,4573328,4554399,4661226,4883506,5018664,5140412,5270595,5365295,5482456,5469597,5648562,5706755,5913510,6035524,6054549,6584913,6899296
 "22079","Rapides, LA",5,CAGDP2,2,"..."," Private industries ","Thousands of dollars",2712034,2828197,2928778,3185647,3528032,3689241,3705495,3785090,3937277,4076514,4186544,4333039,4441705,4550048,4525186,4698688,4718161,4880558,4986140,4981869,5492415,5773499
 "22079","Rapides, LA",5,CAGDP2,3,"11","  Agriculture, forestry, fishing and hunting ","Thousands of dollars",23330,21207,40243,27593,38866,54629,61764,58893,78732,94108,109122,112583,83682,71308,44591,39911,62793,94786,114289,115395,153828,152575
 "22079","Rapides, LA",5,CAGDP2,6,"21","  Mining, quarrying, and oil and gas extraction ","Thousands of dollars",105444,59282,53250,47694,47382,50268,51926,60382,62656,53880,57828,53531,45325,42031,15863,13454,14796,12525,4857,7987,10022,20566
 "22079","Rapides, LA",5,CAGDP2,10,"22","  Utilities ","Thousands of dollars",176240,150720,137440,130763,151726,154120,158009,145498,166950,244686,288505,211464,308137,285355,231409,243090,260784,280794,252070,248749,363411,352667
 "22079","Rapides, LA",5,CAGDP2,11,"23","  Construction ","Thousands of dollars",193021,186889,186140,268841,274272,357851,384842,373621,311108,240940,239272,221324,259516,289779,278140,284105,277933,293567,320934,296076,315002,326754
 "22079","Rapides, LA",5,CAGDP2,12,"31-33","  Manufacturing ","Thousands of dollars",250034,313620,291520,335617,449335,432171,578935,503864,543982,538151,518111,517553,450423,447355,476782,510304,486092,544409,498620,505207,627437,626797
 "22079","Rapides, LA",5,CAGDP2,13,"321,327-339","   Durable goods manufacturing ","Thousands of dollars",98794,109550,118762,132161,160211,165306,287009,269422,280678,277596,242710,254483,257179,255671,279930,295312,277915,306123,272436,309639,421507,391512
 "22079","Rapides, LA",5,CAGDP2,25,"311-316,322-326","   Nondurable goods manufacturing ","Thousands of dollars",151239,204070,172757,203457,289124,266865,291925,234442,263303,260555,275402,263070,193244,191684,196851,214992,208176,238286,226183,195568,205930,235285
 "22079","Rapides, LA",5,CAGDP2,34,"42","  Wholesale trade ","Thousands of dollars",137269,139186,160571,187780,203230,227792,226813,225888,217712,237602,238726,256051,256313,251030,245017,236699,232920,240128,261305,276750,309197,337677
 "22079","Rapides, LA",5,CAGDP2,35,"44-45","  Retail trade ","Thousands of dollars",333898,353489,366809,372373,399477,435599,443391,435787,436234,461786,492859,539581,580369,592419,595848,633415,647078,675776,696302,704158,761233,828407
 "22079","Rapides, LA",5,CAGDP2,36,"48-49","  Transportation and warehousing ","Thousands of dollars",94578,93691,104014,107862,114260,120715,125426,132459,113532,117160,116025,113804,131422,140215,142065,140325,171464,167499,160615,147516,185047,222357
 "22079","Rapides, LA",5,CAGDP2,45,"51","  Information ","Thousands of dollars",85565,100802,108486,117859,125190,112375,109288,103095,96121,86463,80476,76141,76042,74282,75976,71480,68546,66575,74382,68942,71212,75864
 "22079","Rapides, LA",5,CAGDP2,50,"52,53","  Finance, insurance, real estate, rental, and leasing ","Thousands of dollars",450113,489272,521353,575643,616820,567744,348322,464918,585887,605908,613552,730711,728585,745658,770201,803686,795699,806553,864479,904954,885042,875000
 "22079","Rapides, LA",5,CAGDP2,51,"52","   Finance and insurance ","Thousands of dollars",127572,136784,145949,152871,168038,161231,167792,163225,156910,160648,163085,162210,151266,167124,195236,211031,228616,235841,228383,243016,240818,238581
 "22079","Rapides, LA",5,CAGDP2,56,"53","   Real estate and rental and leasing ","Thousands of dollars",322542,352488,375404,422773,448782,406513,180530,301693,428976,445259,450467,568501,577319,578534,574965,592655,567083,570712,636096,661937,644224,636419
 "22079","Rapides, LA",5,CAGDP2,59,"54,55,56","  Professional and business services ","Thousands of dollars",240087,254079,260664,267989,305847,330757,339419,361710,352346,368794,387120,417598,426593,474085,474333,517402,483102,466279,486388,496653,540267,555369
 "22079","Rapides, LA",5,CAGDP2,60,"54","   Professional, scientific, and technical services ","Thousands of dollars",110057,116775,126031,133229,148426,148264,159623,172499,169978,178951,189859,194715,201407,206131,203488,201951,194399,187114,196389,194093,191092,208084
 "22079","Rapides, LA",5,CAGDP2,64,"55","   Management of companies and enterprises ","Thousands of dollars",61251,61511,50402,46766,56592,61197,56170,58817,64619,68589,70701,84629,70987,98618,79890,115614,85409,88703,91669,101386,103381,113571
 "22079","Rapides, LA",5,CAGDP2,65,"56","   Administrative and support and waste management and remediation services ","Thousands of dollars",68779,75794,84231,87994,100829,121297,123625,130393,117750,121253,126560,138255,154199,169337,190955,199837,203294,190462,198329,201174,245794,233714
 "22079","Rapides, LA",5,CAGDP2,68,"61,62","  Educational services, health care, and social assistance ","Thousands of dollars",433071,464036,497517,526032,560829,584842,619138,673619,721845,770425,791083,820034,812180,841542,860259,885159,892766,904783,925796,905251,930747,1009322
 "22079","Rapides, LA",5,CAGDP2,69,"61","   Educational services ","Thousands of dollars",20933,22802,23924,25610,24065,24881,27109,32342,38797,43456,44051,46365,49974,50144,49723,(D),52185,55087,56146,55013,59412,60973
 "22079","Rapides, LA",5,CAGDP2,70,"62","   Health care and social assistance ","Thousands of dollars",412138,441233,473593,500422,536764,559961,592029,641277,683048,726970,747032,773669,762206,791398,810536,(D),840581,849696,869651,850238,871336,948350
 "22079","Rapides, LA",5,CAGDP2,75,"71,72","  Arts, entertainment, recreation, accommodation, and food services ","Thousands of dollars",101200,102937,99833,113433,131168,140724,137490,127452,131701,135988,133367,136930,143543,152462,163455,165753,171560,173652,167867,150772,184383,212242
 "22079","Rapides, LA",5,CAGDP2,76,"71","   Arts, entertainment, and recreation ","Thousands of dollars",7976,9043,9125,9922,10441,10278,(D),8393,7850,7327,(D),8799,9515,10043,8127,7544,7676,8123,7246,6751,9402,10873
 "22079","Rapides, LA",5,CAGDP2,79,"72","   Accommodation and food services ","Thousands of dollars",93224,93894,90709,103512,120727,130446,(D),119059,123852,128660,(D),128131,134028,142419,155328,158208,163884,165529,160621,144021,174981,201369
 "22079","Rapides, LA",5,CAGDP2,82,"81","  Other services (except government and government enterprises) ","Thousands of dollars",88185,98988,100937,106166,109629,119654,120732,117903,118471,120625,120499,125734,139575,142526,151248,153903,152628,153234,158236,153458,155587,177901
 "22079","Rapides, LA",5,CAGDP2,83,"92","Government and government enterprises ","Thousands of dollars",643389,699390,744801,788714,843130,884087,848904,876136,946229,942150,953868,937556,923590,932408,944411,949875,988594,1032951,1049383,1072680,1092498,1125797
 "22079","Rapides, LA",5,CAGDP2,87,"11,21","Natural resources and mining ","Thousands of dollars",128774,80489,93493,75288,86248,104897,113690,119276,141388,147988,166950,166115,129007,113339,60454,53365,77589,107311,119145,123382,163850,173141
 "22079","Rapides, LA",5,CAGDP2,88,"42,44-45","Trade ","Thousands of dollars",471168,492675,527381,560153,602708,663391,670204,661675,653947,699388,731585,795632,836682,843449,840865,870114,879998,915904,957607,980908,1070430,1166084
 "22079","Rapides, LA",5,CAGDP2,89,"22,48-49","Transportation and utilities ","Thousands of dollars",270817,244411,241454,238625,265986,274835,283435,277957,280482,361846,404529,325268,439559,425570,373474,383415,432248,448293,412684,396266,548457,575024
 "22079","Rapides, LA",5,CAGDP2,90,"31-33,51","Manufacturing and information ","Thousands of dollars",335599,414422,400006,453476,574525,544545,688223,606959,640103,624613,598587,593694,526466,521637,552758,581784,554638,610984,573002,574150,698649,702661
 "22079","Rapides, LA",5,CAGDP2,91,"...","Private goods-producing industries 2/","Thousands of dollars",571828,580998,571153,679746,809855,894919,1077466,996761,996478,927078,924334,904992,838946,850473,815375,847774,841614,945286,938699,924666,1106289,1126692
 "22079","Rapides, LA",5,CAGDP2,92,"...","Private services-providing industries 3/","Thousands of dollars",2140206,2247199,2357625,2505902,2718176,2794323,2628029,2788329,2940799,3149436,3262210,3428047,3602759,3699574,3709812,3850913,3876548,3935272,4047441,4057204,4386126,4646807
 "22081","Red River, LA",5,CAGDP2,1,"...","All industry total ","Thousands of dollars",140056,143365,156185,166922,170297,166135,165597,235705,561155,1187457,1169262,940001,845408,911764,472587,454576,599235,706018,642471,434005,888002,1225526
 "22081","Red River, LA",5,CAGDP2,2,"..."," Private industries ","Thousands of dollars",116518,120067,133559,143061,146243,141267,141610,211066,529147,1144952,1125239,901196,809672,875314,432729,415053,556984,660797,596633,386831,841875,1175295
 "22081","Red River, LA",5,CAGDP2,3,"11","  Agriculture, forestry, fishing and hunting ","Thousands of dollars",11916,14523,14070,18909,16986,18146,19116,5320,3411,3505,2700,11937,15330,18216,23102,13730,11956,9722,10772,11644,12727,8770
 "22081","Red River, LA",5,CAGDP2,6,"21","  Mining, quarrying, and oil and gas extraction ","Thousands of dollars",21403,14562,18423,18971,25596,26013,25696,80350,401288,976855,957337,715025,623092,680107,238460,223171,363812,447323,396077,185446,609395,925905
 "22081","Red River, LA",5,CAGDP2,10,"22","  Utilities ","Thousands of dollars",0,(D),(D),32,21,(D),(D),258,632,(D),2797,(D),2091,2137,2337,2512,2976,3163,2681,4022,6447,7212
 "22081","Red River, LA",5,CAGDP2,11,"23","  Construction ","Thousands of dollars",6114,3902,4316,3947,(D),(D),6010,20319,4220,13989,8956,9258,10054,10544,8009,7710,8109,21509,10374,7946,9221,6772
 "22081","Red River, LA",5,CAGDP2,12,"31-33","  Manufacturing ","Thousands of dollars",12001,16526,21464,22924,(D),(D),13200,10361,14447,23338,28162,31468,33421,36136,38288,46704,50575,58215,52635,56341,78551,86092
 "22081","Red River, LA",5,CAGDP2,13,"321,327-339","   Durable goods manufacturing ","Thousands of dollars",(D),(D),(D),(D),(D),(D),(D),(D),(D),(D),(D),(D),7714,11461,11720,14317,17145,(D),(D),(D),(D),(D)
 "22081","Red River, LA",5,CAGDP2,25,"311-316,322-326","   Nondurable goods manufacturing ","Thousands of dollars",(D),(D),(D),(D),(D),2115,(D),(D),(D),(D),(D),(D),25706,24674,26568,32386,33430,(D),(D),(D),(D),(D)
 "22081","Red River, LA",5,CAGDP2,34,"42","  Wholesale trade ","Thousands of dollars",2289,2295,(D),(D),(D),2451,(D),(D),(D),(D),3023,(D),3173,(D),(D),(D),(D),(D),(D),(D),(D),(D)
 "22081","Red River, LA",5,CAGDP2,35,"44-45","  Retail trade ","Thousands of dollars",8945,9721,10082,10059,9885,9680,9058,10353,11745,13291,12892,12869,(D),13203,12873,13847,13995,13876,15541,15806,16134,17428
 "22081","Red River, LA",5,CAGDP2,36,"48-49","  Transportation and warehousing ","Thousands of dollars",9574,9846,11615,13180,14737,12844,20081,22130,19082,25368,27509,30497,27341,29679,26311,16439,13593,11928,8286,5637,7063,13468
 "22081","Red River, LA",5,CAGDP2,45,"51","  Information ","Thousands of dollars",(D),(D),1302,1452,1569,1384,1307,1335,1259,1133,1082,1331,1396,1292,1549,1603,1678,1633,1627,1734,(D),(D)
 "22081","Red River, LA",5,CAGDP2,50,"52,53","  Finance, insurance, real estate, rental, and leasing ","Thousands of dollars",20133,22260,23632,21873,23975,23880,12105,22633,32894,42910,40940,40538,38283,38014,33798,38247,37525,35840,40209,44019,43368,42571
 "22081","Red River, LA",5,CAGDP2,51,"52","   Finance and insurance ","Thousands of dollars",6548,7284,7542,6019,5837,(D),6180,7030,7216,7849,8207,7322,5629,7591,9337,10947,11009,12010,12731,13244,12612,12217
 "22081","Red River, LA",5,CAGDP2,56,"53","   Real estate and rental and leasing ","Thousands of dollars",13585,14976,16090,15854,18139,(D),5925,15603,25678,35062,32733,33216,32654,30422,24461,27300,26516,23830,27478,30775,30755,30353
 "22081","Red River, LA",5,CAGDP2,59,"54,55,56","  Professional and business services ","Thousands of dollars",(D),1646,1672,(D),3300,3523,(D),(D),6189,6565,4395,6385,(D),(D),5833,5617,5899,6524,7156,7030,7185,(D)
 "22081","Red River, LA",5,CAGDP2,60,"54","   Professional, scientific, and technical services ","Thousands of dollars",1469,1474,1507,(D),(D),(D),(D),(D),5762,6174,3686,5403,4808,5214,5187,4937,4890,5139,5322,5463,5726,6185
 "22081","Red River, LA",5,CAGDP2,64,"55","   Management of companies and enterprises ","Thousands of dollars",0,0,0,0,0,0,0,0,0,0,0,0,(D),(D),(D),(D),(D),(D),(D),(D),(D),(D)
 "22081","Red River, LA",5,CAGDP2,65,"56","   Administrative and support and waste management and remediation services ","Thousands of dollars",(D),172,165,(D),(D),(D),(D),(D),427,391,709,982,(D),(D),(D),(D),(D),(D),(D),(D),(D),355
 "22081","Red River, LA",5,CAGDP2,68,"61,62","  Educational services, health care, and social assistance ","Thousands of dollars",15106,16448,17799,19057,18457,18645,19991,21427,22474,24466,25845,27283,26247,26482,28314,31699,33023,36646,37808,35882,36416,40333
 "22081","Red River, LA",5,CAGDP2,69,"61","   Educational services ","Thousands of dollars",(D),(D),(D),(D),(D),(D),(D),(D),(D),(D),(D),(D),(D),(D),(D),(D),(D),(D),(D),(D),(D),(D)
 "22081","Red River, LA",5,CAGDP2,70,"62","   Health care and social assistance ","Thousands of dollars",(D),(D),(D),(D),(D),(D),(D),(D),(D),(D),(D),(D),(D),(D),(D),(D),(D),(D),(D),(D),(D),(D)
 "22081","Red River, LA",5,CAGDP2,75,"71,72","  Arts, entertainment, recreation, accommodation, and food services ","Thousands of dollars",2570,2903,2716,2853,(D),(D),3233,3465,(D),3910,4396,4471,4789,4736,(D),(D),(D),(D),(D),(D),5355,6467
 "22081","Red River, LA",5,CAGDP2,76,"71","   Arts, entertainment, and recreation ","Thousands of dollars",9,12,16,(D),(D),(D),(D),(D),(D),18,7,23,119,194,(D),(D),(D),(D),(D),(D),(D),(D)
 "22081","Red River, LA",5,CAGDP2,79,"72","   Accommodation and food services ","Thousands of dollars",2561,2891,2701,(D),(D),(D),(D),(D),(D),3892,4388,4447,4670,4542,(D),(D),(D),(D),(D),(D),(D),(D)
 "22081","Red River, LA",5,CAGDP2,82,"81","  Other services (except government and government enterprises) ","Thousands of dollars",3777,(D),4159,4427,4244,4765,6322,6050,5636,5474,5206,5225,5726,5617,5550,5872,5566,5576,5279,5111,5789,6269
 "22081","Red River, LA",5,CAGDP2,83,"92","Government and government enterprises ","Thousands of dollars",23538,23298,22626,23861,24054,24868,23987,24638,32008,42504,44023,38806,35736,36450,39857,39524,42251,45221,45838,47174,46128,50231
 "22081","Red River, LA",5,CAGDP2,87,"11,21","Natural resources and mining ","Thousands of dollars",33319,29085,32493,37880,42582,44158,44812,85670,404699,980360,960036,726962,638421,698322,261562,236901,375768,457045,406849,197091,622122,934674
 "22081","Red River, LA",5,CAGDP2,88,"42,44-45","Trade ","Thousands of dollars",11234,12016,(D),(D),(D),12131,(D),(D),(D),(D),15914,(D),(D),(D),(D),(D),(D),(D),(D),(D),(D),(D)
 "22081","Red River, LA",5,CAGDP2,89,"22,48-49","Transportation and utilities ","Thousands of dollars",9574,(D),(D),13212,14758,(D),(D),22388,19714,(D),30306,(D),29432,31816,28648,18951,16569,15091,10967,9659,13510,20679
 "22081","Red River, LA",5,CAGDP2,90,"31-33,51","Manufacturing and information ","Thousands of dollars",(D),(D),22765,24376,(D),(D),14507,11697,15706,24472,29245,32800,34816,37427,39837,48306,52253,59848,54261,58075,(D),(D)
 "22081","Red River, LA",5,CAGDP2,91,"...","Private goods-producing industries 2/","Thousands of dollars",51434,49513,58272,64751,64382,61064,64022,116350,423365,1017687,997154,767688,681895,745002,307859,291314,434451,536769,469857,261378,709893,1027538
 "22081","Red River, LA",5,CAGDP2,92,"...","Private services-providing industries 3/","Thousands of dollars",65084,70553,75287,78309,81861,80204,77588,94717,105782,127265,128085,133508,127777,130312,124870,123738,122533,124029,126776,125454,131981,147757
 "22083","Richland, LA",5,CAGDP2,1,"...","All industry total ","Thousands of dollars",290198,294554,327346,352928,394540,441103,428689,401403,437417,462026,509388,527674,556350,504886,507988,544137,640484,672937,705295,676257,755026,804559
 "22083","Richland, LA",5,CAGDP2,2,"..."," Private industries ","Thousands of dollars",241368,245961,274833,297671,338247,382303,370143,342102,370218,389363,434677,458220,487624,436774,441448,476426,569351,605076,636335,604556,682319,727489
 "22083","Richland, LA",5,CAGDP2,3,"11","  Agriculture, forestry, fishing and hunting ","Thousands of dollars",13408,3642,29474,38975,37765,45534,63306,21900,27424,21212,50352,56326,79123,32907,18855,41622,40754,28755,36125,34790,40444,27585
 "22083","Richland, LA",5,CAGDP2,6,"21","  Mining, quarrying, and oil and gas extraction ","Thousands of dollars",1874,970,1040,1092,1829,2854,3810,4606,3549,3737,4935,4120,4676,4554,2342,1534,80763,86760,74871,23127,42859,49747
 "22083","Richland, LA",5,CAGDP2,10,"22","  Utilities ","Thousands of dollars",762,768,721,767,1173,1641,1518,1676,1872,2004,2304,2309,2650,3346,2304,2536,2510,2602,2555,2265,2273,1989
 "22083","Richland, LA",5,CAGDP2,11,"23","  Construction ","Thousands of dollars",17797,20085,20595,17209,16370,19699,15008,17102,27534,37662,29275,18899,20170,23497,29545,25933,(D),21582,24320,26496,29940,38351
 "22083","Richland, LA",5,CAGDP2,12,"31-33","  Manufacturing ","Thousands of dollars",25434,29811,26429,28638,40324,45418,32899,27761,31427,37725,63350,69335,62821,45903,57965,58609,(D),70683,72589,70172,101410,132366
 "22083","Richland, LA",5,CAGDP2,13,"321,327-339","   Durable goods manufacturing ","Thousands of dollars",21036,26394,23295,24848,33142,37295,29785,(D),(D),(D),(D),(D),35477,20663,22355,23854,31772,37386,32074,25434,55116,84292
 "22083","Richland, LA",5,CAGDP2,25,"311-316,322-326","   Nondurable goods manufacturing ","Thousands of dollars",4398,3416,3134,3790,7182,8124,3114,(D),(D),(D),(D),(D),27344,25240,35610,34755,(D),33297,40514,44738,46294,48074
 "22083","Richland, LA",5,CAGDP2,34,"42","  Wholesale trade ","Thousands of dollars",27615,26769,25169,23735,23666,22670,24479,25665,28213,33099,37705,44696,46915,45879,46950,49597,60597,77096,105332,118577,130229,124818
 "22083","Richland, LA",5,CAGDP2,35,"44-45","  Retail trade ","Thousands of dollars",26442,28057,28750,35186,43538,52412,57233,53765,54199,58391,58201,60707,60416,61364,60191,63062,60665,60698,61647,63329,70439,73526
 "22083","Richland, LA",5,CAGDP2,36,"48-49","  Transportation and warehousing ","Thousands of dollars",7179,8002,8480,9423,11113,11907,12410,10861,7628,9432,10920,12894,16397,13269,14521,15021,16135,17452,16710,17517,18141,21125
 "22083","Richland, LA",5,CAGDP2,45,"51","  Information ","Thousands of dollars",5943,6945,7054,5563,5374,4643,4726,3759,2881,2205,1761,3166,4926,(D),(D),7950,(D),(D),(D),(D),8035,8298
 "22083","Richland, LA",5,CAGDP2,50,"52,53","  Finance, insurance, real estate, rental, and leasing ","Thousands of dollars",45575,47863,48908,48565,55512,58506,31050,44319,54651,60732,63391,68710,68474,73361,72847,78851,74887,87104,84534,96089,95445,95124
 "22083","Richland, LA",5,CAGDP2,51,"52","   Finance and insurance ","Thousands of dollars",14006,15323,15715,13774,16972,15836,14523,14763,14399,14256,15367,15897,13524,16659,20888,23785,25959,29387,27598,30475,33490,32975
 "22083","Richland, LA",5,CAGDP2,56,"53","   Real estate and rental and leasing ","Thousands of dollars",31570,32539,33192,34792,38540,42670,16527,29556,40252,46475,48024,52813,54950,56702,51959,55065,48928,57717,56936,65614,61955,62149
 "22083","Richland, LA",5,CAGDP2,59,"54,55,56","  Professional and business services ","Thousands of dollars",9116,9617,11594,12925,19358,23374,26075,28395,28851,26559,25232,28116,26436,24842,24041,22193,22304,27503,27964,23723,23215,25414
 "22083","Richland, LA",5,CAGDP2,60,"54","   Professional, scientific, and technical services ","Thousands of dollars",5399,5563,5678,5554,5795,(D),8293,11659,(D),(D),(D),(D),(D),(D),(D),(D),(D),11890,12511,11538,12522,12806
 "22083","Richland, LA",5,CAGDP2,64,"55","   Management of companies and enterprises ","Thousands of dollars",(D),(D),(D),(D),(D),(D),(D),(D),(D),(D),(D),(D),(D),(D),(D),(D),(D),(D),(D),(D),(D),(D)
 "22083","Richland, LA",5,CAGDP2,65,"56","   Administrative and support and waste management and remediation services ","Thousands of dollars",(D),(D),(D),(D),(D),(D),(D),(D),11101,(D),7577,8390,8081,6160,4812,3517,4238,(D),(D),(D),(D),(D)
 "22083","Richland, LA",5,CAGDP2,68,"61,62","  Educational services, health care, and social assistance ","Thousands of dollars",41408,43984,46322,51770,53315,56726,58377,64749,69166,69171,66541,66603,71036,76157,79024,84703,86319,92843,97396,97878,95485,102068
 "22083","Richland, LA",5,CAGDP2,69,"61","   Educational services ","Thousands of dollars",(D),(D),(D),(D),(D),(D),(D),(D),(D),(D),(D),(D),(D),(D),(D),(D),(D),(D),(D),(D),(D),(D)
 "22083","Richland, LA",5,CAGDP2,70,"62","   Health care and social assistance ","Thousands of dollars",(D),(D),(D),(D),(D),(D),(D),(D),(D),(D),(D),(D),(D),(D),(D),(D),(D),(D),(D),(D),(D),(D)
 "22083","Richland, LA",5,CAGDP2,75,"71,72","  Arts, entertainment, recreation, accommodation, and food services ","Thousands of dollars",7102,6279,6692,6970,7655,7806,8675,9590,10256,9151,9065,9486,9865,9845,9904,10006,10235,10360,10051,9843,11349,12071
 "22083","Richland, LA",5,CAGDP2,76,"71","   Arts, entertainment, and recreation ","Thousands of dollars",(D),(D),(D),(D),(D),(D),(D),435,303,176,294,393,504,551,587,654,490,527,512,424,738,(D)
 "22083","Richland, LA",5,CAGDP2,79,"72","   Accommodation and food services ","Thousands of dollars",(D),(D),(D),(D),(D),(D),(D),9154,9954,8975,8771,9093,9360,9294,9318,9353,9745,9833,9539,9419,10612,(D)
 "22083","Richland, LA",5,CAGDP2,82,"81","  Other services (except government and government enterprises) ","Thousands of dollars",11714,13169,13605,16854,21257,29112,30579,27952,22566,18285,11647,12851,13719,(D),(D),14809,(D),(D),(D),(D),13055,15005
 "22083","Richland, LA",5,CAGDP2,83,"92","Government and government enterprises ","Thousands of dollars",48830,48593,52513,55258,56293,58800,58546,59302,67200,72663,74711,69454,68726,68112,66540,67711,71133,67860,68959,71701,72707,77070
 "22083","Richland, LA",5,CAGDP2,87,"11,21","Natural resources and mining ","Thousands of dollars",15282,4612,30513,40067,39594,48388,67115,26506,30973,24949,55287,60446,83799,37461,21197,43156,121517,115515,110996,57917,83303,77333
 "22083","Richland, LA",5,CAGDP2,88,"42,44-45","Trade ","Thousands of dollars",54057,54826,53919,58921,67203,75082,81712,79430,82412,91490,95905,105404,107330,107243,107141,112659,121262,137794,166979,181907,200667,198344
 "22083","Richland, LA",5,CAGDP2,89,"22,48-49","Transportation and utilities ","Thousands of dollars",7940,8770,9201,10190,12286,13548,13927,12538,9500,11436,13225,15203,19047,16615,16826,17557,18646,20054,19265,19782,20414,23114
 "22083","Richland, LA",5,CAGDP2,90,"31-33,51","Manufacturing and information ","Thousands of dollars",31376,36756,33483,34200,45698,50061,37625,31520,34308,39930,65110,72501,67747,(D),(D),66559,77583,(D),(D),(D),109445,140664
 "22083","Richland, LA",5,CAGDP2,91,"...","Private goods-producing industries 2/","Thousands of dollars",58513,54507,77538,85913,96288,113505,115023,71370,89934,100336,147912,148680,166791,106861,108707,127698,213959,207780,207905,154585,214654,248050
 "22083","Richland, LA",5,CAGDP2,92,"...","Private services-providing industries 3/","Thousands of dollars",182855,191453,197295,211758,241960,268798,255121,270732,280284,289027,286765,309540,320833,329913,332741,348728,355391,397297,428431,449971,467666,479439
 "22085","Sabine, LA",5,CAGDP2,1,"...","All industry total ","Thousands of dollars",343851,349623,377411,447279,483214,456116,416546,497184,494839,768419,1042634,1045848,889321,800634,681280,615300,680607,807322,812223,725279,1141949,1545043
 "22085","Sabine, LA",5,CAGDP2,2,"..."," Private industries ","Thousands of dollars",298156,301054,325949,389978,424944,397265,357899,432618,420296,692600,959063,960842,811459,721247,603649,537292,599619,724831,726723,636306,1048501,1446660
 "22085","Sabine, LA",5,CAGDP2,3,"11","  Agriculture, forestry, fishing and hunting ","Thousands of dollars",44413,48956,38153,73622,67325,44669,46142,60219,57448,77558,45984,47959,83688,109580,153436,79725,117616,130855,95230,61143,118583,238190
 "22085","Sabine, LA",5,CAGDP2,6,"21","  Mining, quarrying, and oil and gas extraction ","Thousands of dollars",24498,17467,21295,24637,32725,31486,31112,34485,28596,181149,424861,485459,336401,211228,73313,58774,80125,171546,208664,105091,326619,574469
 "22085","Sabine, LA",5,CAGDP2,10,"22","  Utilities ","Thousands of dollars",919,1090,1220,1189,(D),1345,1127,1297,1398,1386,1823,1908,1748,2212,1935,2048,1948,1769,1949,1736,1812,1796
 "22085","Sabine, LA",5,CAGDP2,11,"23","  Construction ","Thousands of dollars",14294,10228,12939,12510,12420,13041,13615,14467,14396,17284,17877,19963,25199,30752,24341,22432,19135,23834,26276,25478,28169,33975
 "22085","Sabine, LA",5,CAGDP2,12,"31-33","  Manufacturing ","Thousands of dollars",51842,50406,68221,86924,99235,84591,85620,110047,76633,150007,203169,148643,105240,100515,88652,97511,101886,114278,85733,119433,242733,251751
 "22085","Sabine, LA",5,CAGDP2,13,"321,327-339","   Durable goods manufacturing ","Thousands of dollars",48810,46100,(D),82880,93823,79603,79796,104668,72831,146624,188202,140037,99077,95251,84805,95178,97245,108938,80690,117019,238569,246500
 "22085","Sabine, LA",5,CAGDP2,25,"311-316,322-326","   Nondurable goods manufacturing ","Thousands of dollars",3032,4306,(D),4044,5412,4987,5823,5379,3801,3383,14967,8606,6162,5263,3847,2332,4641,5340,5043,2414,4164,5251
 "22085","Sabine, LA",5,CAGDP2,34,"42","  Wholesale trade ","Thousands of dollars",10447,11042,11698,12788,12975,13281,13849,13555,12193,12590,12893,12957,13985,13257,12056,10905,10749,11003,11548,11189,11742,13008
 "22085","Sabine, LA",5,CAGDP2,35,"44-45","  Retail trade ","Thousands of dollars",35618,36252,37500,40581,43010,45887,45703,44584,46104,50565,48445,43735,41966,42865,43831,46757,51259,53907,56398,63245,65521,69130
 "22085","Sabine, LA",5,CAGDP2,36,"48-49","  Transportation and warehousing ","Thousands of dollars",6497,6638,6808,6308,7184,6617,5799,5193,3456,5160,5608,7191,8065,9202,14166,13927,8174,9361,12882,13098,13587,14059
 "22085","Sabine, LA",5,CAGDP2,45,"51","  Information ","Thousands of dollars",6033,3829,4668,6168,7383,7539,6853,6203,5231,4462,3949,4845,4728,4501,4638,4723,4555,4137,4462,4143,3628,3694
 "22085","Sabine, LA",5,CAGDP2,50,"52,53","  Finance, insurance, real estate, rental, and leasing ","Thousands of dollars",58603,65666,70263,70318,81965,85346,40535,70817,102984,116156,116547,106627,105163,110912,101448,118329,118223,109067,123743,134321,129782,126057
 "22085","Sabine, LA",5,CAGDP2,51,"52","   Finance and insurance ","Thousands of dollars",14219,16433,17379,16216,18908,20537,19952,21427,20517,21202,22290,22990,17150,18036,19798,22597,24397,25276,28127,29641,28656,28117
 "22085","Sabine, LA",5,CAGDP2,56,"53","   Real estate and rental and leasing ","Thousands of dollars",44384,49233,52884,54102,63056,64810,20583,49390,82467,94954,94257,83637,88013,92876,81651,95732,93826,83791,95616,104680,101127,97940
 "22085","Sabine, LA",5,CAGDP2,59,"54,55,56","  Professional and business services ","Thousands of dollars",7300,7837,9430,9446,10108,11792,16023,20724,19678,22927,24571,27289,28538,29914,28134,23431,25188,25656,26742,22788,31343,37876
 "22085","Sabine, LA",5,CAGDP2,60,"54","   Professional, scientific, and technical services ","Thousands of dollars",5794,(D),(D),6668,7276,9061,13301,17744,16194,18228,20062,22404,22327,23086,21276,18323,18587,21623,21995,18085,23386,29332
 "22085","Sabine, LA",5,CAGDP2,64,"55","   Management of companies and enterprises ","Thousands of dollars",(D),(D),(D),(D),(D),(D),(D),(D),(D),2282,2133,2182,2683,2720,2638,2239,(D),(D),(D),(D),3877,4555
 "22085","Sabine, LA",5,CAGDP2,65,"56","   Administrative and support and waste management and remediation services ","Thousands of dollars",(D),(D),(D),(D),(D),(D),(D),(D),(D),2417,2376,2703,3527,4107,4220,2868,(D),(D),(D),(D),4080,3988
 "22085","Sabine, LA",5,CAGDP2,68,"61,62","  Educational services, health care, and social assistance ","Thousands of dollars",16461,18044,20197,20065,(D),21846,21517,22707,23462,25998,26088,26313,26199,25848,27685,30033,32017,37567,40705,44610,43787,47097
 "22085","Sabine, LA",5,CAGDP2,69,"61","   Educational services ","Thousands of dollars",(D),(D),(D),(D),52,(D),180,59,41,9,(D),(D),(D),(D),(D),(D),(D),(D),(D),(D),(D),(D)
 "22085","Sabine, LA",5,CAGDP2,70,"62","   Health care and social assistance ","Thousands of dollars",(D),(D),(D),(D),(D),(D),21337,22648,23421,25989,(D),(D),(D),(D),(D),(D),(D),(D),(D),(D),(D),(D)
 "22085","Sabine, LA",5,CAGDP2,75,"71,72","  Arts, entertainment, recreation, accommodation, and food services ","Thousands of dollars",8534,9238,9381,10575,12686,14366,14655,12884,13088,12642,11923,11867,11833,12118,12202,9691,9196,10416,10595,8591,10408,11460
 "22085","Sabine, LA",5,CAGDP2,76,"71","   Arts, entertainment, and recreation ","Thousands of dollars",1751,2035,1890,(D),1576,1452,(D),889,(D),(D),(D),(D),(D),354,106,(D),(D),(D),(D),(D),(D),(D)
 "22085","Sabine, LA",5,CAGDP2,79,"72","   Accommodation and food services ","Thousands of dollars",6783,7204,7491,(D),11110,12914,(D),11995,(D),(D),(D),(D),(D),11763,12096,(D),(D),(D),(D),(D),(D),(D)
 "22085","Sabine, LA",5,CAGDP2,82,"81","  Other services (except government and government enterprises) ","Thousands of dollars",12697,14362,14174,14847,14908,15459,15349,15436,15630,14717,15325,16085,18707,18343,17810,19007,19548,21434,21797,21440,20788,24098
 "22085","Sabine, LA",5,CAGDP2,83,"92","Government and government enterprises ","Thousands of dollars",45696,48569,51462,57301,58269,58851,58647,64566,74542,75820,83570,85005,77862,79388,77631,78008,80988,82492,85501,88974,93448,98383
 "22085","Sabine, LA",5,CAGDP2,87,"11,21","Natural resources and mining ","Thousands of dollars",68911,66423,59448,98260,100051,76155,77254,94704,86044,258706,470845,533419,420089,320808,226750,138498,197741,302401,303894,166234,445202,812659
 "22085","Sabine, LA",5,CAGDP2,88,"42,44-45","Trade ","Thousands of dollars",46065,47294,49199,53369,55985,59168,59552,58139,58297,63155,61338,56692,55951,56122,55886,57662,62008,64911,67945,74435,77263,82138
 "22085","Sabine, LA",5,CAGDP2,89,"22,48-49","Transportation and utilities ","Thousands of dollars",7415,7728,8028,7497,(D),7962,6925,6490,4855,6546,7431,9098,9813,11414,16102,15975,10122,11130,14831,14834,15399,15854
 "22085","Sabine, LA",5,CAGDP2,90,"31-33,51","Manufacturing and information ","Thousands of dollars",57875,54235,72889,93092,106617,92129,92473,116251,81863,154469,207118,153488,109968,105015,93290,102233,106441,118415,90195,123575,246361,255444
 "22085","Sabine, LA",5,CAGDP2,91,"...","Private goods-producing industries 2/","Thousands of dollars",135048,127058,140608,197694,211706,173787,176490,219218,177072,425997,691892,702025,550528,452075,339743,258441,318762,440513,415903,311144,716104,1098385
 "22085","Sabine, LA",5,CAGDP2,92,"...","Private services-providing industries 3/","Thousands of dollars",163108,173997,185341,192284,213239,223478,181409,213400,243225,266603,267171,258817,260932,269171,263906,278851,280857,284318,310820,325161,332397,348274
 "22087","St. Bernard, LA",5,CAGDP2,1,"...","All industry total ","Thousands of dollars",1326809,1463836,2430505,3182415,4621510,3980351,2890280,2473292,1591032,1535295,2151597,2323843,1667236,1719178,1368651,1597738,1880424,2230050,1497650,1239739,1399287,1650552
 "22087","St. Bernard, LA",5,CAGDP2,2,"..."," Private industries ","Thousands of dollars",1203486,1332873,2288200,3028798,4474178,3897359,2820004,2373313,1469978,1398712,2002149,2171481,1517307,1565206,1209128,1432966,1713997,2063528,1324125,1061013,1217618,1462681
 "22087","St. Bernard, LA",5,CAGDP2,3,"11","  Agriculture, forestry, fishing and hunting ","Thousands of dollars",16972,16144,15031,10750,9334,16914,7760,23383,17414,35342,29568,27901,17260,20602,29210,29470,(D),17724,11976,16433,19430,19043
 "22087","St. Bernard, LA",5,CAGDP2,6,"21","  Mining, quarrying, and oil and gas extraction ","Thousands of dollars",5339,5654,5763,5701,6016,6629,7315,8662,9889,3482,2914,2548,2285,1488,833,897,12737,11532,8010,3564,6721,12096
 "22087","St. Bernard, LA",5,CAGDP2,10,"22","  Utilities ","Thousands of dollars",8856,7525,7467,6228,6229,5837,7168,7427,7531,12116,11033,11076,9355,6099,6839,8000,(D),6502,8106,7864,(D),5608
 "22087","St. Bernard, LA",5,CAGDP2,11,"23","  Construction ","Thousands of dollars",64796,69340,99245,100810,85464,151242,167442,164562,155316,151710,134112,128796,134908,70962,88105,82892,(D),91918,94843,96930,128167,211112
 "22087","St. Bernard, LA",5,CAGDP2,12,"31-33","  Manufacturing ","Thousands of dollars",462709,538286,1474817,2218191,3755458,3323988,1917120,1175665,505028,425758,1177434,1366802,728940,832495,442050,739683,1005158,1339243,545003,333076,371618,480314
 "22087","St. Bernard, LA",5,CAGDP2,13,"321,327-339","   Durable goods manufacturing ","Thousands of dollars",19379,21613,23322,20457,16854,11950,13062,(D),(D),12558,11879,14641,16080,18061,19306,20746,20479,21971,18253,15871,13980,19845
 "22087","St. Bernard, LA",5,CAGDP2,25,"311-316,322-326","   Nondurable goods manufacturing ","Thousands of dollars",443331,516674,1451495,2197734,3738604,3312038,1904059,(D),(D),413200,1165554,1352161,712860,814433,422743,718937,984679,1317272,526750,317205,357639,460469
 "22087","St. Bernard, LA",5,CAGDP2,34,"42","  Wholesale trade ","Thousands of dollars",41437,44266,44688,50356,56430,57925,62250,(D),60179,67044,68484,80261,72940,62872,33621,(D),(D),(D),(D),(D),(D),(D)
 "22087","St. Bernard, LA",5,CAGDP2,35,"44-45","  Retail trade ","Thousands of dollars",103955,103493,91900,86943,63440,39742,51584,69847,68703,64985,71714,85835,76070,66727,96453,91012,93171,75025,75370,72569,79070,86716
 "22087","St. Bernard, LA",5,CAGDP2,36,"48-49","  Transportation and warehousing ","Thousands of dollars",55054,68896,65519,62999,56669,61235,56526,78160,72884,85413,90082,96042,93584,88889,86019,58944,61017,73038,78002,68670,82494,100500
 "22087","St. Bernard, LA",5,CAGDP2,45,"51","  Information ","Thousands of dollars",12228,14423,13382,13978,11825,8782,6767,8019,7407,6373,6130,5531,7049,7552,8736,9268,11841,11342,32609,12918,14631,15217
 "22087","St. Bernard, LA",5,CAGDP2,50,"52,53","  Finance, insurance, real estate, rental, and leasing ","Thousands of dollars",206690,213592,209411,211648,210074,119369,415927,640642,422401,374142,239959,203218,202669,215636,225442,206020,208384,228112,245632,230991,260590,(D)
 "22087","St. Bernard, LA",5,CAGDP2,51,"52","   Finance and insurance ","Thousands of dollars",36604,43426,43349,39550,43399,36277,31198,28133,23016,19606,19288,17295,12292,17199,28693,25868,28449,29734,29659,32817,32841,32316
 "22087","St. Bernard, LA",5,CAGDP2,56,"53","   Real estate and rental and leasing ","Thousands of dollars",170086,170166,166062,172098,166675,83092,384729,612509,399385,354536,220671,185923,190376,198438,196749,180152,179935,198378,215973,198173,227749,(D)
 "22087","St. Bernard, LA",5,CAGDP2,59,"54,55,56","  Professional and business services ","Thousands of dollars",45287,53127,52553,48842,45036,39184,49264,51280,51710,64565,63432,48009,42745,50871,45574,(D),(D),(D),(D),(D),58757,65682
 "22087","St. Bernard, LA",5,CAGDP2,60,"54","   Professional, scientific, and technical services ","Thousands of dollars",20700,22636,24603,23806,17423,12931,13080,17474,16061,17809,15697,13240,13838,14488,15169,(D),(D),(D),(D),21636,23765,(D)
 "22087","St. Bernard, LA",5,CAGDP2,64,"55","   Management of companies and enterprises ","Thousands of dollars",7779,8781,5908,7131,8980,4460,5018,1764,7557,8572,11295,10030,8636,17437,11131,(D),(D),(D),(D),(D),11642,(D)
 "22087","St. Bernard, LA",5,CAGDP2,65,"56","   Administrative and support and waste management and remediation services ","Thousands of dollars",16807,21710,22042,17905,18632,21793,31166,32041,28091,38184,36439,24739,20272,18945,19273,16097,15511,18001,22011,(D),23349,26809
 "22087","St. Bernard, LA",5,CAGDP2,68,"61,62","  Educational services, health care, and social assistance ","Thousands of dollars",93721,103539,115120,120219,94228,29654,24819,(D),34998,40771,40583,44917,57458,63597,70434,70135,71310,71832,78357,77935,82047,84860
 "22087","St. Bernard, LA",5,CAGDP2,69,"61","   Educational services ","Thousands of dollars",6219,(D),(D),7384,6889,6844,(D),(D),(D),(D),(D),(D),(D),(D),(D),(D),(D),17067,18397,17655,18660,19302
 "22087","St. Bernard, LA",5,CAGDP2,70,"62","   Health care and social assistance ","Thousands of dollars",87502,(D),(D),112835,87339,22810,(D),(D),(D),(D),(D),(D),(D),(D),(D),(D),(D),54765,59960,60280,63386,65558
 "22087","St. Bernard, LA",5,CAGDP2,75,"71,72","  Arts, entertainment, recreation, accommodation, and food services ","Thousands of dollars",38506,41393,40095,39643,31221,18315,23891,27551,29040,34121,33413,34431,38136,42048,39072,41303,39045,40260,42491,40389,49135,56335
 "22087","St. Bernard, LA",5,CAGDP2,76,"71","   Arts, entertainment, and recreation ","Thousands of dollars",9456,10837,10451,10577,8143,4525,5219,6226,5484,6271,5717,5594,6619,6834,7120,7234,7165,7341,10493,10536,11667,14514
 "22087","St. Bernard, LA",5,CAGDP2,79,"72","   Accommodation and food services ","Thousands of dollars",29050,30556,29644,29066,23078,13790,18672,21326,23556,27850,27697,28837,31518,35214,31952,34069,31880,32919,31997,29853,37469,41821
 "22087","St. Bernard, LA",5,CAGDP2,82,"81","  Other services (except government and government enterprises) ","Thousands of dollars",47935,53195,53209,52488,42754,18544,22169,22338,27479,32892,33294,36115,33908,35368,36741,35700,35991,34693,34504,33262,38908,46383
 "22087","St. Bernard, LA",5,CAGDP2,83,"92","Government and government enterprises ","Thousands of dollars",123323,130964,142305,153617,147332,82992,70276,99979,121054,136583,149448,152362,149929,153973,159523,164772,166427,166522,173525,178726,181669,187872
 "22087","St. Bernard, LA",5,CAGDP2,87,"11,21","Natural resources and mining ","Thousands of dollars",22311,21798,20793,16452,15349,23543,15075,32046,27303,38824,32482,30448,19545,22090,30043,30367,(D),29256,19986,19997,26151,31138
 "22087","St. Bernard, LA",5,CAGDP2,88,"42,44-45","Trade ","Thousands of dollars",145392,147759,136588,137299,119871,97667,113833,(D),128883,132029,140197,166096,149009,129599,130074,(D),(D),(D),(D),(D),(D),(D)
 "22087","St. Bernard, LA",5,CAGDP2,89,"22,48-49","Transportation and utilities ","Thousands of dollars",63909,76421,72986,69227,62898,67072,63695,85587,80415,97530,101114,107117,102939,94988,92857,66944,(D),79540,86108,76534,(D),106107
 "22087","St. Bernard, LA",5,CAGDP2,90,"31-33,51","Manufacturing and information ","Thousands of dollars",474937,552709,1488200,2232168,3767283,3332770,1923887,1183685,512435,432131,1183563,1372333,735989,840046,450786,748951,1016998,1350585,577612,345994,386249,495531
 "22087","St. Bernard, LA",5,CAGDP2,91,"...","Private goods-producing industries 2/","Thousands of dollars",549817,629424,1594856,2335453,3856272,3498774,2099638,1372272,687647,616291,1344028,1526046,883393,925546,560198,852941,1127573,1460417,659832,450003,525936,722564
 "22087","St. Bernard, LA",5,CAGDP2,92,"...","Private services-providing industries 3/","Thousands of dollars",653669,703449,693344,693345,617906,398585,720366,1001041,782331,782421,658121,645435,633913,639659,648930,580025,586424,603112,664293,611010,691682,740117
 "22089","St. Charles, LA",5,CAGDP2,1,"...","All industry total ","Thousands of dollars",3317523,3335720,4519063,4511806,6611712,6710009,6733690,5897544,4404607,4674592,8446801,7957851,6113066,6658332,6562001,5946180,7586060,8115714,8276510,6690316,8785843,10781244
 "22089","St. Charles, LA",5,CAGDP2,2,"..."," Private industries ","Thousands of dollars",3166987,3170389,4340694,4322249,6411268,6498303,6530083,5686549,4168115,4414446,8183295,7691361,5834664,6380446,6293063,5668698,7304433,7832490,7976106,6385319,8451251,10445274
 "22089","St. Charles, LA",5,CAGDP2,3,"11","  Agriculture, forestry, fishing and hunting ","Thousands of dollars",2801,(D),(D),1194,647,1425,1087,3182,2789,3837,2698,2315,1719,2582,2823,2156,1902,1512,1401,1555,1683,2043
 "22089","St. Charles, LA",5,CAGDP2,6,"21","  Mining, quarrying, and oil and gas extraction ","Thousands of dollars",6016,4187,263,3064,4107,7466,11150,13345,10135,11275,11474,12158,12230,14670,13493,6757,25404,28501,27063,18089,29959,30681
 "22089","St. Charles, LA",5,CAGDP2,10,"22","  Utilities ","Thousands of dollars",680182,516893,683742,696478,617787,663100,689054,733732,682404,841721,813919,714691,810513,857232,775142,865311,873383,906321,1114227,1195387,1254930,1341693
 "22089","St. Charles, LA",5,CAGDP2,11,"23","  Construction ","Thousands of dollars",93564,92057,105907,145312,166420,182594,213299,252339,261312,224279,253320,316981,352626,367167,448743,329526,466498,453838,323375,303115,298439,325528
 "22089","St. Charles, LA",5,CAGDP2,12,"31-33","  Manufacturing ","Thousands of dollars",1672155,1755071,2710695,2569532,4637137,4501387,4459424,3399060,1895537,1933509,5695093,5120014,3069913,3491431,3393159,2848302,4353083,4841183,4830805,3256096,5026761,6717151
 "22089","St. Charles, LA",5,CAGDP2,13,"321,327-339","   Durable goods manufacturing ","Thousands of dollars",9923,9184,12392,18875,22991,23877,31242,42455,38199,43348,58072,63183,63488,82725,81199,79463,81370,86652,88666,73683,70538,94276
 "22089","St. Charles, LA",5,CAGDP2,25,"311-316,322-326","   Nondurable goods manufacturing ","Thousands of dollars",1662232,1745887,2698303,2550656,4614146,4477510,4428182,3356605,1857337,1890161,5637021,5056831,3006425,3408705,3311959,2768839,4271713,4754531,4742139,3182412,4956223,6622874
 "22089","St. Charles, LA",5,CAGDP2,34,"42","  Wholesale trade ","Thousands of dollars",194350,221422,239119,264789,275323,275489,277818,268314,253539,289162,336296,367727,409620,430740,404135,381193,371181,378837,387820,392653,431733,479060
 "22089","St. Charles, LA",5,CAGDP2,35,"44-45","  Retail trade ","Thousands of dollars",77674,79935,84270,89676,85368,127878,137769,126805,119369,116681,118433,129714,112932,103411,126975,140878,(D),123854,136211,116899,137422,151062
 "22089","St. Charles, LA",5,CAGDP2,36,"48-49","  Transportation and warehousing ","Thousands of dollars",(D),(D),(D),(D),148156,194475,219819,296666,284335,281166,287102,318939,395046,401024,378331,317471,302908,324749,324168,306451,410414,483201
 "22089","St. Charles, LA",5,CAGDP2,45,"51","  Information ","Thousands of dollars",18513,28602,13479,16198,16527,12722,12157,12398,14389,13858,11630,11407,10934,12748,13680,12922,11716,(D),9802,9083,8410,8833
 "22089","St. Charles, LA",5,CAGDP2,50,"52,53","  Finance, insurance, real estate, rental, and leasing ","Thousands of dollars",172547,174279,181885,194312,210552,223738,161725,200889,259979,298787,287218,318691,280732,276697,276388,318408,350879,344928,392396,379723,419277,438062
 "22089","St. Charles, LA",5,CAGDP2,51,"52","   Finance and insurance ","Thousands of dollars",31872,34169,38044,35037,37681,39528,46212,43651,49008,50645,50685,52812,36017,35725,43779,44630,47699,49353,51048,56353,58815,60920
 "22089","St. Charles, LA",5,CAGDP2,56,"53","   Real estate and rental and leasing ","Thousands of dollars",140674,140110,143841,159275,172870,184210,115513,157238,210971,248142,236533,265879,244715,240972,232608,273778,303180,295575,341348,323370,360462,377141
 "22089","St. Charles, LA",5,CAGDP2,59,"54,55,56","  Professional and business services ","Thousands of dollars",75645,89915,101510,111605,145557,182823,219674,248213,255502,256975,226696,240011,230616,267972,279051,256964,(D),234213,236388,219659,228173,228510
 "22089","St. Charles, LA",5,CAGDP2,60,"54","   Professional, scientific, and technical services ","Thousands of dollars",34558,33044,34863,38153,44855,63537,74657,83837,92891,(D),109056,127225,132892,171809,174223,157012,133577,(D),149042,136397,133226,(D)
 "22089","St. Charles, LA",5,CAGDP2,64,"55","   Management of companies and enterprises ","Thousands of dollars",6257,6058,6790,7240,7752,7737,23452,23368,21284,(D),19264,18203,17322,17076,17480,16345,(D),(D),3566,2038,4718,(D)
 "22089","St. Charles, LA",5,CAGDP2,65,"56","   Administrative and support and waste management and remediation services ","Thousands of dollars",34831,50813,59858,66212,92950,111550,121565,141009,141327,126325,98376,94583,80402,79086,87348,83606,(D),85765,83780,81224,90228,99957
 "22089","St. Charles, LA",5,CAGDP2,68,"61,62","  Educational services, health care, and social assistance ","Thousands of dollars",(D),31632,35471,(D),39793,45663,48013,52998,61901,71758,66328,64309,67244,73918,88979,93185,86823,89165,91748,91472,96687,106801
 "22089","St. Charles, LA",5,CAGDP2,69,"61","   Educational services ","Thousands of dollars",(D),5483,6779,(D),8411,8730,10422,(D),(D),(D),11181,10957,(D),12300,12020,11898,10014,10609,11772,11079,12006,12512
 "22089","St. Charles, LA",5,CAGDP2,70,"62","   Health care and social assistance ","Thousands of dollars",(D),26149,28692,(D),31382,36933,37591,(D),(D),(D),55146,53351,(D),61618,76958,81287,76809,78556,79976,80393,84681,94290
 "22089","St. Charles, LA",5,CAGDP2,75,"71,72","  Arts, entertainment, recreation, accommodation, and food services ","Thousands of dollars",21803,24395,26096,27995,29917,43008,43389,41917,31459,33661,33815,37822,40294,39634,42019,45487,43545,46604,46652,42024,52508,66829
 "22089","St. Charles, LA",5,CAGDP2,76,"71","   Arts, entertainment, and recreation ","Thousands of dollars",5523,5928,5862,6056,7143,9624,8326,8220,5432,5630,5324,7462,8370,9233,8605,12290,9597,11915,12439,12174,17906,25646
 "22089","St. Charles, LA",5,CAGDP2,79,"72","   Accommodation and food services ","Thousands of dollars",16280,18467,20234,21939,22773,33385,35063,33696,26027,28031,28491,30360,31924,30401,33415,33197,33949,34689,34213,29850,34602,41184
 "22089","St. Charles, LA",5,CAGDP2,82,"81","  Other services (except government and government enterprises) ","Thousands of dollars",25122,28909,28935,32197,33978,36533,35707,36691,35466,37776,39274,36584,40243,41222,50145,50138,46945,(D),54052,53114,54854,65821
 "22089","St. Charles, LA",5,CAGDP2,83,"92","Government and government enterprises ","Thousands of dollars",150537,165331,178370,189556,200444,211706,203607,210994,236492,260147,263506,266491,278402,277886,268938,277481,281627,283224,300404,304996,334592,335970
 "22089","St. Charles, LA",5,CAGDP2,87,"11,21","Natural resources and mining ","Thousands of dollars",8817,(D),(D),4258,4753,8891,12237,16527,12924,15113,14172,14472,13950,17252,16317,8913,27306,30012,28464,19643,31642,32724
 "22089","St. Charles, LA",5,CAGDP2,88,"42,44-45","Trade ","Thousands of dollars",272024,301356,323389,354465,360691,403368,415586,395119,372907,405843,454728,497441,522552,534151,531110,522071,(D),502690,524031,509552,569155,630122
 "22089","St. Charles, LA",5,CAGDP2,89,"22,48-49","Transportation and utilities ","Thousands of dollars",(D),(D),(D),(D),765944,857575,908873,1030397,966739,1122887,1101021,1033629,1205559,1258257,1153473,1182782,1176291,1231071,1438395,1501838,1665344,1824894
 "22089","St. Charles, LA",5,CAGDP2,90,"31-33,51","Manufacturing and information ","Thousands of dollars",1690669,1783673,2724174,2585730,4653663,4514109,4471580,3411458,1909926,1947367,5706723,5131421,3080847,3504178,3406838,2861224,4364799,(D),4840606,3265178,5035171,6725984
 "22089","St. Charles, LA",5,CAGDP2,91,"...","Private goods-producing industries 2/","Thousands of dollars",1774536,(D),(D),2719102,4808311,4692873,4684959,3667926,2169772,2172901,5962585,5451467,3436489,3875849,3858218,3186741,4846887,5325034,5182644,3578854,5356843,7075402
 "22089","St. Charles, LA",5,CAGDP2,92,"...","Private services-providing industries 3/","Thousands of dollars",1392451,(D),(D),1603147,1602958,1805430,1845124,2018623,1998343,2241545,2220710,2239894,2398175,2504597,2434844,2481957,2457546,2507456,2793462,2806466,3094409,3369872
 "22091","St. Helena, LA",5,CAGDP2,1,"...","All industry total ","Thousands of dollars",107566,112502,100933,112879,119717,123407,116703,133205,136275,151158,148397,161047,172879,169265,171115,180375,171398,206484,218932,203767,222376,231490
 "22091","St. Helena, LA",5,CAGDP2,2,"..."," Private industries ","Thousands of dollars",84128,88021,74612,84237,89662,92274,85351,101858,102062,116511,113544,127997,139432,133386,134344,142662,132829,165786,176964,161040,178677,188596
 "22091","St. Helena, LA",5,CAGDP2,3,"11","  Agriculture, forestry, fishing and hunting ","Thousands of dollars",(D),(D),(D),13796,(D),(D),7072,3155,1214,1401,1138,1160,(D),2786,759,576,628,619,540,923,1144,1299
 "22091","St. Helena, LA",5,CAGDP2,6,"21","  Mining, quarrying, and oil and gas extraction ","Thousands of dollars",5960,4319,944,0,0,480,171,0,0,0,0,2179,1813,5533,8615,5685,8120,9458,9944,4801,5109,7330
 "22091","St. Helena, LA",5,CAGDP2,10,"22","  Utilities ","Thousands of dollars",1091,1087,1127,1264,1366,1297,1349,1902,1702,1950,1860,1806,1849,1909,2040,1981,2245,2071,2291,2754,3102,2831
 "22091","St. Helena, LA",5,CAGDP2,11,"23","  Construction ","Thousands of dollars",(D),(D),(D),(D),(D),(D),6332,5784,5528,5990,5260,5165,(D),6155,5969,5527,4830,5850,6949,5811,6037,5513
 "22091","St. Helena, LA",5,CAGDP2,12,"31-33","  Manufacturing ","Thousands of dollars",11840,12533,10527,(D),16551,20005,22444,22982,28469,31696,32887,23887,32273,21738,21939,31040,26570,37504,47432,41351,47198,56302
 "22091","St. Helena, LA",5,CAGDP2,13,"321,327-339","   Durable goods manufacturing ","Thousands of dollars",(D),(D),(D),(D),(D),(D),(D),(D),(D),14178,14997,(D),6412,8683,(D),(D),16739,18877,20905,18021,(D),(D)
 "22091","St. Helena, LA",5,CAGDP2,25,"311-316,322-326","   Nondurable goods manufacturing ","Thousands of dollars",(D),(D),(D),(D),(D),(D),(D),(D),(D),17518,17890,(D),25861,13055,(D),(D),9831,18627,26527,23330,(D),(D)
 "22091","St. Helena, LA",5,CAGDP2,34,"42","  Wholesale trade ","Thousands of dollars",(D),1467,(D),(D),(D),(D),(D),(D),(D),(D),(D),(D),(D),(D),(D),(D),(D),(D),(D),(D),(D),(D)
 "22091","St. Helena, LA",5,CAGDP2,35,"44-45","  Retail trade ","Thousands of dollars",6312,6464,4987,4297,4207,5209,5447,5599,6181,9175,11907,12127,10033,7044,6800,7325,7264,7507,8384,10108,12711,13567
 "22091","St. Helena, LA",5,CAGDP2,36,"48-49","  Transportation and warehousing ","Thousands of dollars",3872,4637,4814,4795,4896,6177,4884,(D),(D),(D),(D),4557,5867,5397,4707,4211,3203,4227,5061,4761,4639,4753
 "22091","St. Helena, LA",5,CAGDP2,45,"51","  Information ","Thousands of dollars",50,58,41,45,75,71,(D),(D),(D),(D),(D),(D),(D),(D),225,(D),(D),(D),(D),(D),(D),(D)
 "22091","St. Helena, LA",5,CAGDP2,50,"52,53","  Finance, insurance, real estate, rental, and leasing ","Thousands of dollars",21606,23788,25589,25933,30258,26687,17190,35410,31742,37761,34563,52715,53525,53645,57342,60785,53761,73413,(D),68554,74386,(D)
 "22091","St. Helena, LA",5,CAGDP2,51,"52","   Finance and insurance ","Thousands of dollars",(D),(D),(D),(D),(D),(D),(D),(D),(D),(D),(D),(D),(D),(D),(D),(D),(D),(D),(D),(D),(D),(D)
 "22091","St. Helena, LA",5,CAGDP2,56,"53","   Real estate and rental and leasing ","Thousands of dollars",(D),(D),(D),(D),(D),(D),(D),(D),(D),(D),(D),(D),(D),(D),(D),(D),(D),(D),67134,(D),(D),67293
 "22091","St. Helena, LA",5,CAGDP2,59,"54,55,56","  Professional and business services ","Thousands of dollars",(D),6293,6446,5429,4381,3646,3695,3918,3630,3542,2977,4506,5834,(D),(D),4857,5354,3630,(D),(D),(D),(D)
 "22091","St. Helena, LA",5,CAGDP2,60,"54","   Professional, scientific, and technical services ","Thousands of dollars",5056,(D),5244,(D),(D),(D),(D),(D),2126,2070,(D),1523,(D),1526,1544,(D),2437,2567,3381,1737,1813,2123
 "22091","St. Helena, LA",5,CAGDP2,64,"55","   Management of companies and enterprises ","Thousands of dollars",0,0,0,0,0,0,0,0,0,(D),(D),(D),(D),(D),(D),0,(D),(D),(D),(D),(D),(D)
 "22091","St. Helena, LA",5,CAGDP2,65,"56","   Administrative and support and waste management and remediation services ","Thousands of dollars",(D),(D),1203,(D),(D),(D),(D),(D),1504,(D),(D),(D),(D),(D),(D),(D),(D),(D),(D),(D),1472,(D)
 "22091","St. Helena, LA",5,CAGDP2,68,"61,62","  Educational services, health care, and social assistance ","Thousands of dollars",4982,5342,5345,5284,6205,6517,8806,9976,10631,9854,8467,8472,8878,9282,6615,6691,6925,(D),7673,6913,7100,7970
 "22091","St. Helena, LA",5,CAGDP2,69,"61","   Educational services ","Thousands of dollars",(D),(D),(D),(D),(D),(D),(D),(D),(D),(D),(D),533,700,820,913,826,(D),(D),(D),(D),(D),(D)
 "22091","St. Helena, LA",5,CAGDP2,70,"62","   Health care and social assistance ","Thousands of dollars",(D),(D),(D),(D),(D),(D),(D),(D),(D),(D),(D),7939,8177,8462,5702,5865,(D),(D),(D),(D),(D),(D)
 "22091","St. Helena, LA",5,CAGDP2,75,"71,72","  Arts, entertainment, recreation, accommodation, and food services ","Thousands of dollars",827,900,(D),(D),(D),(D),1032,1813,2129,2100,2222,2942,3296,3792,(D),3383,3106,3119,2978,(D),5289,(D)
 "22091","St. Helena, LA",5,CAGDP2,76,"71","   Arts, entertainment, and recreation ","Thousands of dollars",313,377,(D),(D),(D),(D),(D),1288,1616,(D),(D),2318,(D),2952,(D),(D),(D),(D),(D),(D),(D),(D)
 "22091","St. Helena, LA",5,CAGDP2,79,"72","   Accommodation and food services ","Thousands of dollars",513,523,(D),(D),(D),(D),(D),525,513,(D),(D),624,(D),840,(D),(D),(D),(D),(D),(D),(D),(D)
 "22091","St. Helena, LA",5,CAGDP2,82,"81","  Other services (except government and government enterprises) ","Thousands of dollars",3641,4174,4294,4612,5575,6520,6389,(D),6540,7151,6615,6971,(D),(D),7587,(D),(D),(D),(D),(D),(D),5158
 "22091","St. Helena, LA",5,CAGDP2,83,"92","Government and government enterprises ","Thousands of dollars",23437,24482,26321,28641,30056,31133,31352,31348,34214,34647,34853,33050,33447,35878,36771,37713,38569,40698,41967,42727,43698,42894
 "22091","St. Helena, LA",5,CAGDP2,87,"11,21","Natural resources and mining ","Thousands of dollars",(D),(D),(D),13796,(D),(D),7243,3155,1214,1401,1138,3339,(D),8319,9374,6260,8749,10077,10484,5724,6253,8629
 "22091","St. Helena, LA",5,CAGDP2,88,"42,44-45","Trade ","Thousands of dollars",(D),7931,(D),(D),(D),(D),(D),(D),(D),(D),(D),(D),(D),(D),(D),(D),(D),(D),(D),(D),(D),(D)
 "22091","St. Helena, LA",5,CAGDP2,89,"22,48-49","Transportation and utilities ","Thousands of dollars",4963,5724,5941,6059,6262,7474,6233,(D),(D),(D),(D),6363,7716,7307,6746,6193,5448,6298,7352,7515,7741,7584
 "22091","St. Helena, LA",5,CAGDP2,90,"31-33,51","Manufacturing and information ","Thousands of dollars",11890,12591,10568,(D),16626,20076,(D),(D),(D),(D),(D),(D),(D),(D),22164,(D),(D),(D),(D),(D),(D),(D)
 "22091","St. Helena, LA",5,CAGDP2,91,"...","Private goods-producing industries 2/","Thousands of dollars",34111,33810,19974,30635,30836,33892,36019,31922,35211,39086,39285,32391,41163,36211,37282,42827,40149,53431,64866,52885,59489,70444
 "22091","St. Helena, LA",5,CAGDP2,92,"...","Private services-providing industries 3/","Thousands of dollars",50018,54211,54639,53603,58825,58382,49332,69936,66851,77424,74260,95606,98268,97175,97062,99835,92680,112355,112099,108155,119188,118152
 "22093","St. James, LA",5,CAGDP2,1,"...","All industry total ","Thousands of dollars",669788,804437,1399344,2015319,3863001,3269944,2401771,1475957,1165943,1665594,2126524,2803627,2471402,2361406,1785980,1858775,3002750,3384997,2980939,2041171,2459804,2961953
 "22093","St. James, LA",5,CAGDP2,2,"..."," Private industries ","Thousands of dollars",607315,739905,1329733,1938215,3782304,3184650,2320255,1392489,1073603,1567255,2024331,2698925,2365024,2252252,1672814,1744141,2882860,3262516,2855631,1913345,2327582,2831758
 "22093","St. James, LA",5,CAGDP2,3,"11","  Agriculture, forestry, fishing and hunting ","Thousands of dollars",800,625,2157,355,176,3614,2798,2434,4667,9331,12869,10524,9959,970,1138,976,1263,1419,9093,8641,16477,8758
 "22093","St. James, LA",5,CAGDP2,6,"21","  Mining, quarrying, and oil and gas extraction ","Thousands of dollars",4239,1652,2748,111,99,110,177,710,1087,625,926,653,49,471,0,0,4077,5128,3510,1136,2702,3291
 "22093","St. James, LA",5,CAGDP2,10,"22","  Utilities ","Thousands of dollars",14979,13897,8631,5994,9002,13736,13916,14613,12385,16187,14618,9579,13053,13447,12281,12580,10360,9832,11466,11238,10420,10966
 "22093","St. James, LA",5,CAGDP2,11,"23","  Construction ","Thousands of dollars",13567,13009,9904,10168,11047,7835,11532,21933,28073,13990,13051,14429,57338,28586,90740,73695,272686,332088,135791,120735,74712,56430
 "22093","St. James, LA",5,CAGDP2,12,"31-33","  Manufacturing ","Thousands of dollars",380846,493881,1089077,1696252,3528071,2894969,2047960,1016096,657682,1110816,1557677,2088466,1646288,1516502,933379,1072621,1987450,2291020,2051790,1201608,1588195,2086493
 "22093","St. James, LA",5,CAGDP2,13,"321,327-339","   Durable goods manufacturing ","Thousands of dollars",(D),(D),96355,107196,134486,138124,(D),113344,133756,144913,177849,158745,151943,117413,118336,119405,152725,211508,194052,160496,170737,204342
 "22093","St. James, LA",5,CAGDP2,25,"311-316,322-326","   Nondurable goods manufacturing ","Thousands of dollars",(D),(D),992722,1589056,3393585,2756845,(D),902752,523926,965903,1379829,1929721,1494344,1399089,815043,953216,1834725,2079512,1857738,1041112,1417458,1882151
 "22093","St. James, LA",5,CAGDP2,34,"42","  Wholesale trade ","Thousands of dollars",(D),(D),(D),(D),(D),(D),(D),(D),(D),(D),(D),(D),(D),(D),(D),(D),(D),(D),(D),(D),74144,73548
 "22093","St. James, LA",5,CAGDP2,35,"44-45","  Retail trade ","Thousands of dollars",24050,25709,25795,28588,30139,34707,35766,35347,34996,35833,33618,32766,34014,32855,33056,36351,40405,41874,44971,50780,54813,60492
 "22093","St. James, LA",5,CAGDP2,36,"48-49","  Transportation and warehousing ","Thousands of dollars",30358,33352,31398,32428,36968,57501,68950,113662,124473,149956,157092,275094,324910,352458,286859,216874,250236,271750,253994,194869,244280,261815
 "22093","St. James, LA",5,CAGDP2,45,"51","  Information ","Thousands of dollars",(D),(D),(D),984,1415,2118,3583,2694,2237,(D),(D),(D),(D),(D),(D),(D),(D),(D),(D),(D),(D),(D)
 "22093","St. James, LA",5,CAGDP2,50,"52,53","  Finance, insurance, real estate, rental, and leasing ","Thousands of dollars",72951,82182,84752,87055,95945,100344,61955,94400,109328,120415,120886,146305,140161,156743,161359,173732,171726,159208,162295,154652,161140,163597
 "22093","St. James, LA",5,CAGDP2,51,"52","   Finance and insurance ","Thousands of dollars",(D),15807,15792,15524,16848,16512,17347,16811,16277,15047,15414,14088,11264,14462,18127,22067,24081,24354,23682,25124,24762,23920
 "22093","St. James, LA",5,CAGDP2,56,"53","   Real estate and rental and leasing ","Thousands of dollars",(D),66375,68960,71531,79098,83832,44608,77589,93051,105368,105472,132217,128897,142282,143232,151665,147645,134854,138614,129528,136379,139677
 "22093","St. James, LA",5,CAGDP2,59,"54,55,56","  Professional and business services ","Thousands of dollars",22288,28745,26833,27832,26727,26878,25555,(D),(D),27336,22770,25167,32757,36267,40613,(D),38277,(D),56755,45284,44565,43785
 "22093","St. James, LA",5,CAGDP2,60,"54","   Professional, scientific, and technical services ","Thousands of dollars",9310,12023,9709,10904,6485,5893,5800,(D),(D),(D),(D),(D),(D),(D),(D),(D),(D),(D),14243,6253,6223,(D)
 "22093","St. James, LA",5,CAGDP2,64,"55","   Management of companies and enterprises ","Thousands of dollars",4566,4691,5261,5657,6667,6329,6451,(D),(D),(D),(D),(D),(D),(D),(D),(D),(D),(D),19262,20560,22018,(D)
 "22093","St. James, LA",5,CAGDP2,65,"56","   Administrative and support and waste management and remediation services ","Thousands of dollars",8411,12030,11863,11271,13575,14655,13304,12531,14136,14190,8949,10397,13133,12759,15317,14473,15422,17301,23249,18471,16324,14396
 "22093","St. James, LA",5,CAGDP2,68,"61,62","  Educational services, health care, and social assistance ","Thousands of dollars",10544,12303,12829,(D),(D),(D),(D),18974,19696,20215,19347,18133,17571,17152,16463,20073,21978,(D),(D),23396,23975,26052
 "22093","St. James, LA",5,CAGDP2,69,"61","   Educational services ","Thousands of dollars",1434,(D),(D),(D),(D),(D),(D),2312,2773,3044,2876,3402,3606,3769,3457,3850,(D),(D),(D),(D),(D),(D)
 "22093","St. James, LA",5,CAGDP2,70,"62","   Health care and social assistance ","Thousands of dollars",9110,(D),(D),(D),(D),(D),(D),16662,16923,17171,16471,14731,13965,13383,13006,16223,(D),(D),(D),(D),(D),(D)
 "22093","St. James, LA",5,CAGDP2,75,"71,72","  Arts, entertainment, recreation, accommodation, and food services ","Thousands of dollars",7956,9636,11419,12064,11108,8591,9778,10940,12890,14136,15016,17138,17378,17121,17350,17909,16596,17192,16292,14024,16727,20649
 "22093","St. James, LA",5,CAGDP2,76,"71","   Arts, entertainment, and recreation ","Thousands of dollars",3188,3904,5312,5584,4540,2161,2205,2788,3652,4232,5425,7266,6526,6026,5574,5489,4986,5216,5198,4219,4588,5779
 "22093","St. James, LA",5,CAGDP2,79,"72","   Accommodation and food services ","Thousands of dollars",4768,5732,6107,6479,6568,6430,7572,8152,9238,9904,9591,9871,10852,11095,11777,12420,11610,11976,11094,9805,12139,14870
 "22093","St. James, LA",5,CAGDP2,82,"81","  Other services (except government and government enterprises) ","Thousands of dollars",(D),9137,8952,8745,6757,7509,8310,9799,11648,12634,12719,11939,11564,(D),(D),(D),(D),(D),(D),(D),(D),(D)
 "22093","St. James, LA",5,CAGDP2,83,"92","Government and government enterprises ","Thousands of dollars",62473,64532,69611,77104,80697,85294,81515,83468,92340,98339,102193,104702,106378,109154,113166,114634,119891,122481,125307,127826,132222,130195
 "22093","St. James, LA",5,CAGDP2,87,"11,21","Natural resources and mining ","Thousands of dollars",5039,2277,4905,466,275,3723,2975,3144,5753,9956,13795,11177,10009,1441,1138,976,5340,6547,12604,9777,19179,12050
 "22093","St. James, LA",5,CAGDP2,88,"42,44-45","Trade ","Thousands of dollars",(D),(D),(D),(D),(D),(D),(D),(D),(D),(D),(D),(D),(D),(D),(D),(D),(D),(D),(D),(D),128957,134039
 "22093","St. James, LA",5,CAGDP2,89,"22,48-49","Transportation and utilities ","Thousands of dollars",45337,47249,40028,38422,45969,71237,82866,128276,136858,166142,171710,284673,337963,365905,299140,229454,260596,281581,265459,206106,254700,272781
 "22093","St. James, LA",5,CAGDP2,90,"31-33,51","Manufacturing and information ","Thousands of dollars",(D),(D),(D),1697236,3529486,2897087,2051544,1018791,659919,(D),(D),(D),(D),(D),(D),(D),(D),(D),(D),(D),(D),(D)
 "22093","St. James, LA",5,CAGDP2,91,"...","Private goods-producing industries 2/","Thousands of dollars",399452,509166,1103886,1706886,3539393,2906528,2062467,1041173,691509,1134762,1584524,2114072,1713634,1546529,1025256,1147292,2265476,2629656,2200185,1332121,1682087,2154973
 "22093","St. James, LA",5,CAGDP2,92,"...","Private services-providing industries 3/","Thousands of dollars",207863,230739,225847,231329,242912,278122,257788,351316,382094,432492,439807,584853,651389,705723,647558,596850,617383,632860,655446,581225,645496,676785
 "22095","St. John the Baptist, LA",5,CAGDP2,1,"...","All industry total ","Thousands of dollars",1096464,1236341,1880915,2209884,3453055,3425863,3390332,7872150,8794581,15426695,2094667,3815985,3477657,3309136,2794812,2278219,3345011,3876456,3713067,2344386,3016758,3821110
 "22095","St. John the Baptist, LA",5,CAGDP2,2,"..."," Private industries ","Thousands of dollars",1008439,1142144,1780791,2103167,3339346,3301172,3268771,7744052,8646073,15268892,1936937,3655807,3316760,3140481,2627466,2107962,3174370,3694981,3526318,2155001,2828489,3635020
 "22095","St. John the Baptist, LA",5,CAGDP2,3,"11","  Agriculture, forestry, fishing and hunting ","Thousands of dollars",(D),(D),(D),(D),(D),(D),(D),(D),(D),(D),(D),(D),(D),(D),(D),(D),1389,1727,(D),(D),117,116
 "22095","St. John the Baptist, LA",5,CAGDP2,6,"21","  Mining, quarrying, and oil and gas extraction ","Thousands of dollars",20835,17089,20038,24237,27221,48614,50050,54268,36342,50734,62180,56324,71074,88289,54929,34577,47893,45505,28652,12455,(D),9756
 "22095","St. John the Baptist, LA",5,CAGDP2,10,"22","  Utilities ","Thousands of dollars",(D),(D),(D),(D),(D),(D),(D),(D),(D),(D),(D),(D),(D),(D),(D),(D),10831,11541,(D),(D),(D),9958
 "22095","St. John the Baptist, LA",5,CAGDP2,11,"23","  Construction ","Thousands of dollars",63623,70973,63371,61466,66889,71285,315852,242486,120053,88625,91611,103775,102355,115123,141499,149379,183016,222412,156823,118476,115490,131405
 "22095","St. John the Baptist, LA",5,CAGDP2,12,"31-33","  Manufacturing ","Thousands of dollars",515053,599003,1208845,1478594,2619021,2440680,2186526,6658596,7645863,14204042,834497,2489590,2089615,1909570,1518951,986257,2014964,2521211,2408708,1135799,1767408,2479103
 "22095","St. John the Baptist, LA",5,CAGDP2,13,"321,327-339","   Durable goods manufacturing ","Thousands of dollars",40960,62907,50562,62484,92386,142854,155680,191318,150220,99867,114315,119542,116730,103985,109372,92993,94351,102525,99148,52843,51542,45457
 "22095","St. John the Baptist, LA",5,CAGDP2,25,"311-316,322-326","   Nondurable goods manufacturing ","Thousands of dollars",474093,536096,1158283,1416109,2526634,2297826,2030846,6467278,7495643,14104175,720183,2370047,1972885,1805585,1409579,893264,1920613,2418686,2309560,1082956,1715866,2433645
 "22095","St. John the Baptist, LA",5,CAGDP2,34,"42","  Wholesale trade ","Thousands of dollars",53112,(D),(D),(D),(D),(D),(D),(D),(D),(D),(D),(D),(D),(D),122982,(D),96959,(D),(D),(D),(D),(D)
 "22095","St. John the Baptist, LA",5,CAGDP2,35,"44-45","  Retail trade ","Thousands of dollars",54565,65858,78848,94845,104633,122936,108416,101713,91056,96033,97815,105432,113823,116768,116273,124390,127364,126648,132825,153837,171392,179583
 "22095","St. John the Baptist, LA",5,CAGDP2,36,"48-49","  Transportation and warehousing ","Thousands of dollars",48332,50639,49841,56892,85443,102307,104211,128303,121694,127124,154022,200529,274298,259827,170763,173863,140141,132961,120004,116930,132324,143890
 "22095","St. John the Baptist, LA",5,CAGDP2,45,"51","  Information ","Thousands of dollars",12238,13958,14537,18558,20134,22381,23531,21169,19155,18379,17938,20446,20776,20102,18561,19213,21671,20850,24686,31392,22906,23499
 "22095","St. John the Baptist, LA",5,CAGDP2,50,"52,53","  Finance, insurance, real estate, rental, and leasing ","Thousands of dollars",111673,123721,134668,146367,163660,180115,138137,178959,223104,259847,262550,287138,264749,240721,233639,266400,290773,254874,278665,256167,271439,(D)
 "22095","St. John the Baptist, LA",5,CAGDP2,51,"52","   Finance and insurance ","Thousands of dollars",22812,25262,26386,28002,30876,35116,42373,44133,50286,59690,66581,58464,54755,37803,43363,45004,44622,47053,47478,48481,42829,43792
 "22095","St. John the Baptist, LA",5,CAGDP2,56,"53","   Real estate and rental and leasing ","Thousands of dollars",88861,98460,108281,118365,132785,144999,95763,134826,172817,200157,195970,228674,209993,202919,190276,221396,246151,207822,231187,207686,228610,(D)
 "22095","St. John the Baptist, LA",5,CAGDP2,59,"54,55,56","  Professional and business services ","Thousands of dollars",33258,35764,37633,44070,58082,87896,97305,101434,102450,115552,103671,101927,89089,89492,91881,96841,98464,114528,124463,106641,102169,137534
 "22095","St. John the Baptist, LA",5,CAGDP2,60,"54","   Professional, scientific, and technical services ","Thousands of dollars",14611,15254,15143,15679,16164,22874,27283,33779,34412,38611,41809,45228,36910,32124,34161,37631,36286,35011,37062,29237,32618,(D)
 "22095","St. John the Baptist, LA",5,CAGDP2,64,"55","   Management of companies and enterprises ","Thousands of dollars",4223,4394,4395,4498,4678,5743,7324,8547,10628,12956,12176,12235,10349,9565,10204,11080,11802,12626,12702,13128,13731,(D)
 "22095","St. John the Baptist, LA",5,CAGDP2,65,"56","   Administrative and support and waste management and remediation services ","Thousands of dollars",14424,16116,18096,23893,37240,59278,62699,59109,57411,63985,49686,44464,41831,47803,47516,48131,50376,66891,74700,64276,55820,87509
 "22095","St. John the Baptist, LA",5,CAGDP2,68,"61,62","  Educational services, health care, and social assistance ","Thousands of dollars",42307,48194,53992,53348,56431,63881,67675,75824,83316,83899,79145,74965,73412,75603,65822,64235,63125,(D),77141,75052,78511,79631
 "22095","St. John the Baptist, LA",5,CAGDP2,69,"61","   Educational services ","Thousands of dollars",5369,5821,6173,6593,6228,6700,7858,9211,10359,10318,10725,10464,11737,13241,12086,11741,(D),(D),14689,13471,13871,14666
 "22095","St. John the Baptist, LA",5,CAGDP2,70,"62","   Health care and social assistance ","Thousands of dollars",36938,42374,47819,46755,50203,57181,59817,66613,72956,73581,68420,64501,61675,62361,53736,52494,(D),(D),62452,61581,64640,64964
 "22095","St. John the Baptist, LA",5,CAGDP2,75,"71,72","  Arts, entertainment, recreation, accommodation, and food services ","Thousands of dollars",(D),24333,27105,29897,32573,38717,41827,39979,42870,42297,40760,41704,41061,42157,(D),44358,46520,45704,44544,38703,45988,51834
 "22095","St. John the Baptist, LA",5,CAGDP2,76,"71","   Arts, entertainment, and recreation ","Thousands of dollars",(D),5221,6113,6656,7255,7309,6880,7020,6920,7707,7547,7792,7213,6940,(D),6140,6711,7470,7406,5899,9429,11110
 "22095","St. John the Baptist, LA",5,CAGDP2,79,"72","   Accommodation and food services ","Thousands of dollars",17987,19112,20991,23240,25318,31408,34947,32959,35951,34591,33213,33912,33848,35217,37203,38218,39810,38234,37138,32804,36559,40724
 "22095","St. John the Baptist, LA",5,CAGDP2,82,"81","  Other services (except government and government enterprises) ","Thousands of dollars",20452,23293,24062,24666,29001,32734,34011,36668,37690,35516,38747,32659,33473,36225,35315,34170,31261,31016,31825,28794,27554,31357
 "22095","St. John the Baptist, LA",5,CAGDP2,83,"92","Government and government enterprises ","Thousands of dollars",88026,94197,100124,106717,113709,124690,121562,128099,148508,157803,157730,160178,160897,168655,167346,170257,170640,181474,186749,189384,188270,186090
 "22095","St. John the Baptist, LA",5,CAGDP2,87,"11,21","Natural resources and mining ","Thousands of dollars",(D),(D),(D),(D),(D),(D),(D),(D),(D),(D),(D),(D),(D),(D),(D),(D),49282,47232,(D),(D),(D),9872
 "22095","St. John the Baptist, LA",5,CAGDP2,88,"42,44-45","Trade ","Thousands of dollars",107677,(D),(D),(D),(D),(D),(D),(D),(D),(D),(D),(D),(D),(D),239255,(D),224323,(D),(D),(D),(D),(D)
 "22095","St. John the Baptist, LA",5,CAGDP2,89,"22,48-49","Transportation and utilities ","Thousands of dollars",(D),(D),(D),(D),(D),(D),(D),(D),(D),(D),(D),(D),(D),(D),(D),(D),150972,144502,(D),(D),(D),153848
 "22095","St. John the Baptist, LA",5,CAGDP2,90,"31-33,51","Manufacturing and information ","Thousands of dollars",527291,612961,1223382,1497152,2639155,2463061,2210057,6679765,7665018,14222420,852436,2510036,2110391,1929672,1537512,1005470,2036635,2542061,2433394,1167191,1790314,2502602
 "22095","St. John the Baptist, LA",5,CAGDP2,91,"...","Private goods-producing industries 2/","Thousands of dollars",(D),(D),(D),(D),(D),(D),(D),(D),(D),(D),(D),(D),(D),(D),(D),(D),2247262,2790854,(D),(D),(D),2620379
 "22095","St. John the Baptist, LA",5,CAGDP2,92,"...","Private services-providing industries 3/","Thousands of dollars",(D),(D),(D),(D),(D),(D),(D),(D),(D),(D),(D),(D),(D),(D),(D),(D),927108,904127,(D),(D),(D),1014641
 "22097","St. Landry, LA",5,CAGDP2,1,"...","All industry total ","Thousands of dollars",1324804,1369715,1576920,1684938,2013918,2313818,2316275,2157656,1947353,2001727,2372122,2324906,2223240,2309236,2292455,2230481,2441672,2512615,2589077,2473660,2699155,2937826
 "22097","St. Landry, LA",5,CAGDP2,2,"..."," Private industries ","Thousands of dollars",1106517,1136973,1332829,1425020,1739980,2020951,2040444,1877344,1622185,1644477,2008354,1995025,1878401,1950244,1942914,1887143,2093816,2150675,2215764,2086584,2307395,2529509
 "22097","St. Landry, LA",5,CAGDP2,3,"11","  Agriculture, forestry, fishing and hunting ","Thousands of dollars",8054,2763,11547,7357,12452,(D),36479,51237,33823,25869,14637,33912,50214,49797,10913,37943,26302,28247,28694,44917,52205,34199
 "22097","St. Landry, LA",5,CAGDP2,6,"21","  Mining, quarrying, and oil and gas extraction ","Thousands of dollars",20761,40196,45297,51142,52848,76474,71384,65919,48928,50235,46103,59543,64189,78993,64648,30403,45071,55385,48918,46074,67562,(D)
 "22097","St. Landry, LA",5,CAGDP2,10,"22","  Utilities ","Thousands of dollars",7419,6661,6428,6850,7193,(D),7196,7785,7459,12571,13930,17817,13656,14501,15746,16577,15706,17124,17184,19367,19074,(D)
 "22097","St. Landry, LA",5,CAGDP2,11,"23","  Construction ","Thousands of dollars",71462,70254,76408,89425,101427,98998,105086,105968,97061,104636,93419,116420,122502,155526,138112,128594,109996,121791,124679,147043,150613,128867
 "22097","St. Landry, LA",5,CAGDP2,12,"31-33","  Manufacturing ","Thousands of dollars",290805,253313,370146,364659,593864,755668,813304,545472,253677,216315,614830,500540,332823,294149,286144,203953,371848,395582,341181,196848,306103,422988
 "22097","St. Landry, LA",5,CAGDP2,13,"321,327-339","   Durable goods manufacturing ","Thousands of dollars",40802,44192,48870,51816,50907,55721,45269,42265,42351,46901,48750,43802,37295,35858,28500,24309,25618,25018,23709,23226,30296,33512
 "22097","St. Landry, LA",5,CAGDP2,25,"311-316,322-326","   Nondurable goods manufacturing ","Thousands of dollars",250003,209121,321276,312843,542956,699947,768035,503208,211326,169414,566080,456738,295528,258290,257645,179644,346230,370564,317472,173622,275807,389476
 "22097","St. Landry, LA",5,CAGDP2,34,"42","  Wholesale trade ","Thousands of dollars",59273,63980,69578,74259,75568,77828,81193,85469,81649,93961,97510,105698,120614,136781,149105,153442,163726,173954,189069,167606,161420,167444
 "22097","St. Landry, LA",5,CAGDP2,35,"44-45","  Retail trade ","Thousands of dollars",130700,155592,169029,165524,180593,205210,218946,221358,211074,212905,214644,223095,249939,260733,266693,291123,304181,303415,314456,355795,422151,458346
 "22097","St. Landry, LA",5,CAGDP2,36,"48-49","  Transportation and warehousing ","Thousands of dollars",63784,54942,79727,114135,130000,140055,127343,138536,136864,140965,123973,118904,113717,107067,99507,114480,108786,110779,106571,112708,127181,148334
 "22097","St. Landry, LA",5,CAGDP2,45,"51","  Information ","Thousands of dollars",15410,19151,18286,19104,20227,19888,20953,19431,19377,21568,17066,14752,15442,17133,17526,16706,19616,18265,19337,17637,16584,16211
 "22097","St. Landry, LA",5,CAGDP2,50,"52,53","  Finance, insurance, real estate, rental, and leasing ","Thousands of dollars",188654,198126,201041,203304,220628,244948,137220,192136,261216,289197,296075,324570,317963,344967,387716,383188,397401,402066,487306,484996,482851,(D)
 "22097","St. Landry, LA",5,CAGDP2,51,"52","   Finance and insurance ","Thousands of dollars",59279,64779,69247,69819,79149,80058,77113,76035,81667,85720,90639,84198,75436,93097,114402,136667,152471,162001,154489,162128,156929,160810
 "22097","St. Landry, LA",5,CAGDP2,56,"53","   Real estate and rental and leasing ","Thousands of dollars",129375,133347,131794,133485,141479,164891,60106,116101,179548,203477,205435,240372,242527,251870,273314,246521,244930,240066,332817,322868,325922,(D)
 "22097","St. Landry, LA",5,CAGDP2,59,"54,55,56","  Professional and business services ","Thousands of dollars",56637,67519,63977,74557,78997,81624,88866,89897,93633,97008,112747,114353,112502,112464,107653,101514,111424,109327,116035,108547,113430,122888
 "22097","St. Landry, LA",5,CAGDP2,60,"54","   Professional, scientific, and technical services ","Thousands of dollars",39814,41658,41575,46787,52228,54737,61409,65252,66579,68504,85330,85316,85916,86004,82036,77131,85822,78400,79100,72898,75870,81703
 "22097","St. Landry, LA",5,CAGDP2,64,"55","   Management of companies and enterprises ","Thousands of dollars",3458,1923,(D),2307,2152,2340,2402,2463,3508,3622,3550,3367,2947,2726,2586,2667,3168,3356,6214,5947,5341,6399
 "22097","St. Landry, LA",5,CAGDP2,65,"56","   Administrative and support and waste management and remediation services ","Thousands of dollars",13365,23938,(D),25463,24617,24547,25055,22181,23545,24882,23867,25670,23639,23734,23031,21716,22434,27571,30722,29702,32218,34786
 "22097","St. Landry, LA",5,CAGDP2,68,"61,62","  Educational services, health care, and social assistance ","Thousands of dollars",120901,124843,138313,153126,153445,164665,185814,210011,225609,225210,219481,219663,223416,226835,233114,237297,244944,244521,265932,248968,242460,262187
 "22097","St. Landry, LA",5,CAGDP2,69,"61","   Educational services ","Thousands of dollars",10375,11687,12417,13430,12409,13057,15678,17669,19723,21699,22239,23122,24307,24591,24541,27291,28077,29909,32780,31476,33646,34881
 "22097","St. Landry, LA",5,CAGDP2,70,"62","   Health care and social assistance ","Thousands of dollars",110525,113157,125895,139696,141036,151608,170136,192342,205887,203511,197241,196542,199109,202244,208574,210007,216868,214612,233152,217492,208814,227307
 "22097","St. Landry, LA",5,CAGDP2,75,"71,72","  Arts, entertainment, recreation, accommodation, and food services ","Thousands of dollars",26757,28650,31421,46048,53091,57913,75249,78088,83653,83209,76791,76736,72153,72829,80923,81580,86462,83272,77996,69570,80951,91781
 "22097","St. Landry, LA",5,CAGDP2,76,"71","   Arts, entertainment, and recreation ","Thousands of dollars",3776,4546,7023,20706,25251,29139,44492,47451,51403,49590,43844,41333,32378,29046,9884,9314,6566,6157,6187,5774,7661,8782
 "22097","St. Landry, LA",5,CAGDP2,79,"72","   Accommodation and food services ","Thousands of dollars",22981,24104,24398,25342,27841,28774,30757,30637,32250,33620,32947,35403,39775,43783,71039,72266,79896,77114,71808,63796,73290,82999
 "22097","St. Landry, LA",5,CAGDP2,82,"81","  Other services (except government and government enterprises) ","Thousands of dollars",45901,50984,51632,55530,59647,69544,71409,66036,68161,70828,67149,69023,69272,78471,85113,90343,88353,86947,78407,66508,64812,72154
 "22097","St. Landry, LA",5,CAGDP2,83,"92","Government and government enterprises ","Thousands of dollars",218287,232742,244091,259918,273938,292868,275832,280312,325168,357250,363768,329881,344839,358992,349541,343338,347856,361940,373313,387076,391760,408317
 "22097","St. Landry, LA",5,CAGDP2,87,"11,21","Natural resources and mining ","Thousands of dollars",28815,42959,56844,58500,65299,(D),107864,117157,82751,76104,60740,93455,114403,128790,75561,68346,71373,83632,77613,90991,119767,(D)
 "22097","St. Landry, LA",5,CAGDP2,88,"42,44-45","Trade ","Thousands of dollars",189973,219573,238607,239783,256162,283038,300139,306828,292724,306866,312154,328793,370553,397513,415798,444565,467906,477369,503525,523401,583571,625790
 "22097","St. Landry, LA",5,CAGDP2,89,"22,48-49","Transportation and utilities ","Thousands of dollars",71204,61602,86155,120984,137193,(D),134540,146321,144322,153536,137902,136721,127373,121568,115253,131057,124492,127903,123755,132075,146255,(D)
 "22097","St. Landry, LA",5,CAGDP2,90,"31-33,51","Manufacturing and information ","Thousands of dollars",306215,272464,388432,383763,614091,775556,834258,564904,273054,237883,631896,515291,348265,311282,303670,220659,391464,413848,360518,214485,322686,439200
 "22097","St. Landry, LA",5,CAGDP2,91,"...","Private goods-producing industries 2/","Thousands of dollars",391082,366526,503397,512583,760590,(D),1026254,768597,433489,397056,768989,710414,569728,578464,499818,400892,553217,601005,543473,434882,576482,(D)
 "22097","St. Landry, LA",5,CAGDP2,92,"...","Private services-providing industries 3/","Thousands of dollars",715436,770447,829431,912437,979390,(D),1014189,1108747,1188696,1247421,1239365,1284611,1308674,1371780,1443096,1486251,1540599,1549670,1672292,1651702,1730913,(D)
 "22099","St. Martin, LA",5,CAGDP2,1,"...","All industry total ","Thousands of dollars",520593,539370,587156,636481,683919,820042,792677,914406,1056934,1141781,1228153,1368301,1507214,1493774,1335985,1243572,1312763,1358569,1396646,1319388,1464443,1638976
 "22099","St. Martin, LA",5,CAGDP2,2,"..."," Private industries ","Thousands of dollars",430606,442004,484060,527598,573195,701126,682063,801073,931290,1007149,1090903,1214957,1358466,1363531,1209307,1114994,1183740,1226434,1259681,1174473,1312319,1480110
 "22099","St. Martin, LA",5,CAGDP2,3,"11","  Agriculture, forestry, fishing and hunting ","Thousands of dollars",4633,4033,4723,2883,2802,7138,3764,9602,11360,21287,20545,17691,21101,7389,3518,3328,(D),4560,14930,17971,27666,13984
 "22099","St. Martin, LA",5,CAGDP2,6,"21","  Mining, quarrying, and oil and gas extraction ","Thousands of dollars",40253,25112,29251,30640,28374,53717,48982,61016,42906,54363,62943,67276,169621,80333,53538,31366,91283,98646,97513,38407,72643,110239
 "22099","St. Martin, LA",5,CAGDP2,10,"22","  Utilities ","Thousands of dollars",533,550,511,519,636,722,723,754,1195,1221,1098,996,1073,1245,1181,2530,(D),6064,6037,6442,(D),7750
 "22099","St. Martin, LA",5,CAGDP2,11,"23","  Construction ","Thousands of dollars",38687,45116,52350,52033,49167,71048,70524,75776,63671,59627,40468,61047,62780,71204,63180,55416,59578,73061,73902,71746,83401,82881
 "22099","St. Martin, LA",5,CAGDP2,12,"31-33","  Manufacturing ","Thousands of dollars",53982,50003,56676,86380,82669,104563,105356,97894,146444,166188,170791,205662,254616,358756,288300,244990,228285,237012,238137,200996,189324,244570
 "22099","St. Martin, LA",5,CAGDP2,13,"321,327-339","   Durable goods manufacturing ","Thousands of dollars",(D),(D),(D),(D),(D),27002,39438,42622,56524,63076,81102,106699,182765,294423,213703,166705,155701,175473,182245,146263,135075,187198
 "22099","St. Martin, LA",5,CAGDP2,25,"311-316,322-326","   Nondurable goods manufacturing ","Thousands of dollars",(D),(D),(D),(D),(D),77561,65918,55272,89921,103113,89689,98962,71851,64333,74598,78285,72584,61540,55892,54733,54249,57372
 "22099","St. Martin, LA",5,CAGDP2,34,"42","  Wholesale trade ","Thousands of dollars",21035,27718,30769,27980,29736,31026,36125,39174,36871,41037,40547,45718,57052,61922,60269,52138,48015,53067,74456,67112,70647,89470
 "22099","St. Martin, LA",5,CAGDP2,35,"44-45","  Retail trade ","Thousands of dollars",57211,66805,71223,75070,84091,90301,96118,102786,106264,102585,109978,122232,143321,151479,146358,152546,164910,166944,172627,205397,245995,275503
 "22099","St. Martin, LA",5,CAGDP2,36,"48-49","  Transportation and warehousing ","Thousands of dollars",5531,4816,5859,6353,9986,11321,27692,49899,54165,16730,19108,25658,53601,54581,36900,28872,29889,35576,34460,32356,30804,38936
 "22099","St. Martin, LA",5,CAGDP2,45,"51","  Information ","Thousands of dollars",8946,9748,9846,10505,11449,11007,10766,11438,10741,10037,8833,7695,6062,5379,4964,4705,(D),3662,3027,2938,(D),(D)
 "22099","St. Martin, LA",5,CAGDP2,50,"52,53","  Finance, insurance, real estate, rental, and leasing ","Thousands of dollars",110328,118436,127530,135717,162637,194256,143972,197998,286508,346919,425932,449094,362283,334097,317968,308329,313729,307107,313234,324951,354295,365689
 "22099","St. Martin, LA",5,CAGDP2,51,"52","   Finance and insurance ","Thousands of dollars",19990,22771,24321,24525,28379,25364,25937,25787,24193,22832,23978,24130,23134,27819,30581,34178,40806,40065,38610,39687,38587,34713
 "22099","St. Martin, LA",5,CAGDP2,56,"53","   Real estate and rental and leasing ","Thousands of dollars",90338,95665,103209,111192,134258,168891,118035,172211,262315,324086,401954,424964,339149,306278,287387,274152,272923,267042,274624,285263,315709,330976
 "22099","St. Martin, LA",5,CAGDP2,59,"54,55,56","  Professional and business services ","Thousands of dollars",15349,16596,19758,19931,26447,33954,38196,42795,47422,52064,55605,65815,76054,81567,69740,66196,69048,71207,69361,60739,66650,76056
 "22099","St. Martin, LA",5,CAGDP2,60,"54","   Professional, scientific, and technical services ","Thousands of dollars",7500,8156,9949,10315,15798,(D),19043,(D),25310,28313,29658,35423,(D),44976,43435,41682,42870,46285,46097,39022,42270,47448
 "22099","St. Martin, LA",5,CAGDP2,64,"55","   Management of companies and enterprises ","Thousands of dollars",(D),(D),(D),(D),(D),(D),(D),(D),(D),(D),(D),(D),(D),(D),(D),(D),5694,(D),(D),(D),5329,6796
 "22099","St. Martin, LA",5,CAGDP2,65,"56","   Administrative and support and waste management and remediation services ","Thousands of dollars",(D),(D),(D),(D),(D),12573,(D),16286,(D),(D),(D),(D),(D),(D),(D),(D),20484,(D),(D),(D),19051,21813
 "22099","St. Martin, LA",5,CAGDP2,68,"61,62","  Educational services, health care, and social assistance ","Thousands of dollars",32514,28049,30793,33047,37348,37707,44275,53815,61846,67568,71336,74084,76202,75578,77151,81463,85348,88103,83124,73123,74008,72219
 "22099","St. Martin, LA",5,CAGDP2,69,"61","   Educational services ","Thousands of dollars",4657,(D),5965,6562,6098,6398,7411,8402,10133,(D),11367,12393,13248,12731,12227,13834,14625,16092,17488,16142,17162,16873
 "22099","St. Martin, LA",5,CAGDP2,70,"62","   Health care and social assistance ","Thousands of dollars",27857,(D),24828,26485,31249,31310,36864,45413,51713,(D),59968,61691,62954,62847,64924,67629,70723,72011,65636,56981,56846,55347
 "22099","St. Martin, LA",5,CAGDP2,75,"71,72","  Arts, entertainment, recreation, accommodation, and food services ","Thousands of dollars",16785,17338,17024,18712,21159,25716,25515,26855,29126,31838,32850,37502,39329,40845,42517,42757,41855,41885,40392,35953,48347,55048
 "22099","St. Martin, LA",5,CAGDP2,76,"71","   Arts, entertainment, and recreation ","Thousands of dollars",1135,1175,(D),904,1608,4872,3299,3976,4202,5750,7640,10342,10409,10932,10099,8888,7944,8106,8149,7323,12199,13809
 "22099","St. Martin, LA",5,CAGDP2,79,"72","   Accommodation and food services ","Thousands of dollars",15649,16163,(D),17808,19551,20844,22216,22879,24924,26088,25210,27160,28920,29913,32418,33870,33911,33779,32243,28630,36147,41239
 "22099","St. Martin, LA",5,CAGDP2,82,"81","  Other services (except government and government enterprises) ","Thousands of dollars",24820,27686,27746,27828,26693,28649,30055,31268,32772,35685,30870,34488,35369,39157,43722,40358,38244,39540,38481,36343,38384,(D)
 "22099","St. Martin, LA",5,CAGDP2,83,"92","Government and government enterprises ","Thousands of dollars",89987,97365,103096,108883,110724,118916,110614,113334,125644,134632,137250,153344,148748,130243,126678,128578,129023,132135,136965,144915,152125,158867
 "22099","St. Martin, LA",5,CAGDP2,87,"11,21","Natural resources and mining ","Thousands of dollars",44886,29145,33974,33524,31176,60856,52746,70619,54266,75650,83487,84967,190722,87722,57056,34694,(D),103206,112444,56378,100309,124222
 "22099","St. Martin, LA",5,CAGDP2,88,"42,44-45","Trade ","Thousands of dollars",78246,94523,101992,103050,113827,121327,132242,141960,143134,143622,150525,167950,200373,213401,206626,204683,212925,220011,247083,272509,316642,364972
 "22099","St. Martin, LA",5,CAGDP2,89,"22,48-49","Transportation and utilities ","Thousands of dollars",6063,5366,6370,6872,10622,12043,28415,50653,55359,17951,20207,26655,54674,55826,38081,31402,(D),41640,40497,38797,(D),46686
 "22099","St. Martin, LA",5,CAGDP2,90,"31-33,51","Manufacturing and information ","Thousands of dollars",62928,59751,66522,96885,94119,115570,116122,109332,157185,176226,179624,213357,260678,364135,293264,249695,(D),240674,241164,203934,(D),(D)
 "22099","St. Martin, LA",5,CAGDP2,91,"...","Private goods-producing industries 2/","Thousands of dollars",137555,124264,143000,171936,163013,236466,228627,244289,264382,301465,294746,351675,508119,517682,408537,335099,(D),413279,424483,329120,373034,451674
 "22099","St. Martin, LA",5,CAGDP2,92,"...","Private services-providing industries 3/","Thousands of dollars",293051,317741,341060,355662,410182,464659,453436,556783,666908,705684,796157,863282,850347,845849,800770,779894,(D),813155,835198,845353,939285,1028436
 "22101","St. Mary, LA",5,CAGDP2,1,"...","All industry total ","Thousands of dollars",1845242,1810520,1832715,1805713,1994224,2415746,2499411,2808912,2738517,2870868,2887751,2998306,2972191,3055858,2801929,2429352,2484902,2596909,2587518,2492885,2819029,3147683
 "22101","St. Mary, LA",5,CAGDP2,2,"..."," Private industries ","Thousands of dollars",1638756,1597561,1608592,1571235,1751979,2153524,2251308,2561225,2459293,2577834,2580572,2701096,2659551,2746441,2492193,2121283,2171651,2286205,2280229,2207572,2534447,2859808
 "22101","St. Mary, LA",5,CAGDP2,3,"11","  Agriculture, forestry, fishing and hunting ","Thousands of dollars",6256,5843,5906,3496,3525,9520,8908,1974,2241,3863,3599,3655,3336,3655,4980,3741,2867,(D),(D),(D),35858,22659
 "22101","St. Mary, LA",5,CAGDP2,6,"21","  Mining, quarrying, and oil and gas extraction ","Thousands of dollars",186543,151582,149007,105294,132364,190207,170684,409045,335334,404702,364253,380249,438945,486935,438325,332600,476716,515843,388763,317119,383930,477736
 "22101","St. Mary, LA",5,CAGDP2,10,"22","  Utilities ","Thousands of dollars",59469,30775,40164,34955,36466,33177,40977,39902,33926,48866,39300,42682,24534,12699,11172,16087,44555,(D),(D),(D),(D),(D)
 "22101","St. Mary, LA",5,CAGDP2,11,"23","  Construction ","Thousands of dollars",131108,142101,148354,140033,143366,176157,218940,91144,89743,109571,113873,114487,93136,113918,99829,87701,71471,79544,92449,85706,104792,112736
 "22101","St. Mary, LA",5,CAGDP2,12,"31-33","  Manufacturing ","Thousands of dollars",238651,249156,261248,273310,355206,409757,522279,531115,578223,598472,660438,698305,696211,756231,630464,548842,495923,524350,537186,582632,688791,803873
 "22101","St. Mary, LA",5,CAGDP2,13,"321,327-339","   Durable goods manufacturing ","Thousands of dollars",168440,158831,181529,160580,191865,259750,359527,373745,371070,366872,370084,399416,416512,504048,404083,314143,272700,274780,260391,248014,246629,267974
 "22101","St. Mary, LA",5,CAGDP2,25,"311-316,322-326","   Nondurable goods manufacturing ","Thousands of dollars",70211,90325,79719,112729,163341,150007,162753,157371,207152,231600,290354,298889,279699,252183,226381,234699,223223,249571,276795,334618,442162,535899
 "22101","St. Mary, LA",5,CAGDP2,34,"42","  Wholesale trade ","Thousands of dollars",73012,67826,76951,80135,82089,(D),125712,135355,123684,130608,127085,134315,127804,118453,101623,73868,63658,67160,69983,67308,71543,77656
 "22101","St. Mary, LA",5,CAGDP2,35,"44-45","  Retail trade ","Thousands of dollars",98074,104267,100064,91169,96113,119844,126890,129512,123775,111612,121986,135836,121929,112012,133725,143864,135325,119571,97837,96981,106236,110946
 "22101","St. Mary, LA",5,CAGDP2,36,"48-49","  Transportation and warehousing ","Thousands of dollars",260122,247358,239800,249116,274630,365413,365735,414706,360700,351866,305940,311677,269340,267794,217061,148213,117796,129230,161102,146647,173207,230610
 "22101","St. Mary, LA",5,CAGDP2,45,"51","  Information ","Thousands of dollars",80506,100477,78702,60935,40979,33438,20307,19742,19104,18470,17325,16729,15577,15882,15146,14721,13488,(D),(D),(D),(D),(D)
 "22101","St. Mary, LA",5,CAGDP2,50,"52,53","  Finance, insurance, real estate, rental, and leasing ","Thousands of dollars",314353,297031,298423,303888,333712,413666,319634,425501,427368,430170,457530,474997,469266,458281,450233,414564,417300,427490,462402,497127,529027,(D)
 "22101","St. Mary, LA",5,CAGDP2,51,"52","   Finance and insurance ","Thousands of dollars",43484,49869,51341,49784,55551,55237,56925,56029,56711,57209,56574,59345,48729,59577,70072,71107,76813,79887,82737,87356,87592,86769
 "22101","St. Mary, LA",5,CAGDP2,56,"53","   Real estate and rental and leasing ","Thousands of dollars",270869,247162,247082,254104,278161,358429,262709,369473,370657,372961,400956,415652,420537,398704,380161,343457,340487,347603,379665,409771,441435,(D)
 "22101","St. Mary, LA",5,CAGDP2,59,"54,55,56","  Professional and business services ","Thousands of dollars",63885,71241,73779,87850,94280,117896,146472,170705,167410,168507,173896,186344,185873,174156,168828,133749,128005,139246,158961,132705,142631,148445
 "22101","St. Mary, LA",5,CAGDP2,60,"54","   Professional, scientific, and technical services ","Thousands of dollars",(D),(D),39650,41932,41894,47787,56955,67120,61323,62806,64563,71782,74388,70686,70189,53177,42470,41316,43993,38469,39073,39974
 "22101","St. Mary, LA",5,CAGDP2,64,"55","   Management of companies and enterprises ","Thousands of dollars",(D),(D),1165,711,776,1349,3258,2667,3805,3318,3627,3834,3232,2334,12159,7540,5348,9059,11752,8302,5047,6410
 "22101","St. Mary, LA",5,CAGDP2,65,"56","   Administrative and support and waste management and remediation services ","Thousands of dollars",27161,33022,32964,45208,51609,68760,86259,100918,102282,102382,105706,110728,108253,101136,86480,73032,80188,88871,103216,85933,98510,102061
 "22101","St. Mary, LA",5,CAGDP2,68,"61,62","  Educational services, health care, and social assistance ","Thousands of dollars",41769,44673,46843,51231,55527,(D),56446,62710,67044,70450,67927,69275,73016,76230,76696,73475,74302,82092,84822,85270,106889,118749
 "22101","St. Mary, LA",5,CAGDP2,69,"61","   Educational services ","Thousands of dollars",(D),(D),(D),(D),(D),(D),(D),(D),(D),(D),(D),(D),(D),(D),(D),(D),(D),15000,16309,15294,16189,16930
 "22101","St. Mary, LA",5,CAGDP2,70,"62","   Health care and social assistance ","Thousands of dollars",(D),(D),(D),(D),(D),(D),(D),(D),(D),(D),(D),(D),(D),(D),(D),(D),(D),67091,68513,69975,90700,101818
 "22101","St. Mary, LA",5,CAGDP2,75,"71,72","  Arts, entertainment, recreation, accommodation, and food services ","Thousands of dollars",40267,38406,39187,44942,55035,63633,71500,65872,66505,70409,72541,75345,81532,84129,80258,72610,74564,72469,67181,58098,70912,78215
 "22101","St. Mary, LA",5,CAGDP2,76,"71","   Arts, entertainment, and recreation ","Thousands of dollars",2373,2518,3152,3805,5060,7286,17477,20857,21493,21329,22556,23217,22146,21270,18396,18462,20906,22437,21684,17376,26085,28476
 "22101","St. Mary, LA",5,CAGDP2,79,"72","   Accommodation and food services ","Thousands of dollars",37894,35888,36035,41138,49975,56347,54023,45014,45013,49080,49985,52128,59385,62859,61862,54148,53658,50032,45497,40722,44828,49739
 "22101","St. Mary, LA",5,CAGDP2,82,"81","  Other services (except government and government enterprises) ","Thousands of dollars",44740,46826,50164,44881,48687,60379,56826,63943,64237,60269,54880,57201,59054,66067,63853,57247,55680,58558,62203,56203,54679,62653
 "22101","St. Mary, LA",5,CAGDP2,83,"92","Government and government enterprises ","Thousands of dollars",206487,212959,224124,234478,242245,262222,248103,247687,279224,293034,307179,297210,312640,309417,309737,308070,313251,310705,307289,285312,284581,287875
 "22101","St. Mary, LA",5,CAGDP2,87,"11,21","Natural resources and mining ","Thousands of dollars",192799,157425,154913,108791,135889,199727,179592,411019,337575,408564,367852,383905,442280,490590,443305,336341,479583,(D),(D),(D),419788,500394
 "22101","St. Mary, LA",5,CAGDP2,88,"42,44-45","Trade ","Thousands of dollars",171087,172093,177015,171304,178202,(D),252601,264866,247459,242220,249071,270151,249733,230465,235349,217732,198983,186731,167821,164289,177780,188602
 "22101","St. Mary, LA",5,CAGDP2,89,"22,48-49","Transportation and utilities ","Thousands of dollars",319591,278133,279964,284071,311097,398589,406712,454608,394626,400732,345240,354359,293874,280493,228232,164300,162352,(D),(D),(D),(D),(D)
 "22101","St. Mary, LA",5,CAGDP2,90,"31-33,51","Manufacturing and information ","Thousands of dollars",319157,349633,339950,334244,396185,443195,542586,550857,597327,616942,677763,715034,711789,772113,645610,563563,509412,(D),(D),(D),(D),(D)
 "22101","St. Mary, LA",5,CAGDP2,91,"...","Private goods-producing industries 2/","Thousands of dollars",562558,548682,564515,522133,634462,785641,920811,1033279,1005541,1116607,1142162,1196697,1231627,1360739,1173598,972884,1046977,(D),(D),(D),1213371,1417004
 "22101","St. Mary, LA",5,CAGDP2,92,"...","Private services-providing industries 3/","Thousands of dollars",1076198,1048879,1044076,1049102,1117518,1367883,1330497,1527947,1453752,1461227,1438410,1504400,1427924,1385702,1318595,1148399,1124675,(D),(D),(D),1321076,1442805
 "22103","St. Tammany, LA",5,CAGDP2,1,"...","All industry total ","Thousands of dollars",4327382,4713682,4933452,5270830,5637855,6399567,7058746,6882056,7424059,7952529,8248397,8487656,8938410,9652294,10224493,11035279,11814260,12433125,13184673,12833458,14364021,15409734
 "22103","St. Tammany, LA",5,CAGDP2,2,"..."," Private industries ","Thousands of dollars",3765093,4098777,4294468,4564996,4850174,5602265,6301476,6135776,6580515,6891414,7175739,7450761,7917808,8580270,9111442,9911926,10609683,11173626,11894710,11493608,12964299,13947124
 "22103","St. Tammany, LA",5,CAGDP2,3,"11","  Agriculture, forestry, fishing and hunting ","Thousands of dollars",2566,3008,2986,3349,3123,9282,4855,2962,5480,11542,12460,8895,10086,5827,7727,6947,5733,8051,6781,6725,7405,7846
 "22103","St. Tammany, LA",5,CAGDP2,6,"21","  Mining, quarrying, and oil and gas extraction ","Thousands of dollars",34313,13477,13573,18654,31704,67285,74487,83397,97065,108162,183650,296502,323638,384219,329736,279174,108584,327301,325608,244196,165732,216252
 "22103","St. Tammany, LA",5,CAGDP2,10,"22","  Utilities ","Thousands of dollars",20224,20325,19494,20708,22830,24916,24399,25293,25180,24136,24654,24228,24515,25764,29729,31931,28804,28449,30251,32352,32294,30510
 "22103","St. Tammany, LA",5,CAGDP2,11,"23","  Construction ","Thousands of dollars",254275,260383,338905,376494,372580,466795,581229,561719,551451,454513,406464,442290,477474,584398,657768,693063,713844,823989,808409,798987,927182,892475
 "22103","St. Tammany, LA",5,CAGDP2,12,"31-33","  Manufacturing ","Thousands of dollars",131874,145898,131826,156801,192802,204964,285663,311399,347708,383936,458218,456969,412607,447251,500380,648061,861861,973420,1036909,946990,1048551,1182668
 "22103","St. Tammany, LA",5,CAGDP2,13,"321,327-339","   Durable goods manufacturing ","Thousands of dollars",74933,73678,74021,75896,101795,110614,191226,213717,230422,252990,252194,251797,271216,290157,282460,277962,281048,276181,269939,250512,286911,339939
 "22103","St. Tammany, LA",5,CAGDP2,25,"311-316,322-326","   Nondurable goods manufacturing ","Thousands of dollars",56941,72220,57805,80905,91007,94349,94437,97682,117286,130946,206023,205172,141391,157094,217920,370098,580813,697240,766970,696478,761640,842729
 "22103","St. Tammany, LA",5,CAGDP2,34,"42","  Wholesale trade ","Thousands of dollars",756991,765662,676261,644764,624220,602413,513383,545440,661647,717712,794642,721059,926348,1172344,1452941,1736660,2064771,2127409,2291489,2094912,2251092,2420771
 "22103","St. Tammany, LA",5,CAGDP2,35,"44-45","  Retail trade ","Thousands of dollars",441289,491053,551382,618857,678370,852762,868974,710969,741056,814080,853787,813078,886549,927525,953181,1015547,1018174,988976,1020692,1047890,1281180,1382456
 "22103","St. Tammany, LA",5,CAGDP2,36,"48-49","  Transportation and warehousing ","Thousands of dollars",67984,108026,134972,168120,208357,290497,331641,465925,571433,801920,753893,769409,684943,563547,449203,447511,412449,490576,540529,508090,729831,783598
 "22103","St. Tammany, LA",5,CAGDP2,45,"51","  Information ","Thousands of dollars",77707,92252,110828,133932,155333,224674,450246,187058,153520,142586,142256,137018,159692,159066,172123,181710,192482,173507,191631,178011,196155,214268
 "22103","St. Tammany, LA",5,CAGDP2,50,"52,53","  Finance, insurance, real estate, rental, and leasing ","Thousands of dollars",934959,1036748,1079753,1082395,1190633,1254490,1411279,1285823,1428356,1349514,1443097,1576800,1644972,1770845,1860798,2101909,2207556,2284240,2540653,2713995,2995097,3044557
 "22103","St. Tammany, LA",5,CAGDP2,51,"52","   Finance and insurance ","Thousands of dollars",198366,230629,249420,250214,297747,337491,349710,319975,310880,317707,311907,324648,304990,370473,443622,501369,575852,619812,655100,688961,794082,804676
 "22103","St. Tammany, LA",5,CAGDP2,56,"53","   Real estate and rental and leasing ","Thousands of dollars",736593,806119,830333,832180,892886,916998,1061569,965848,1117476,1031807,1131190,1252152,1339983,1400372,1417176,1600540,1631704,1664428,1885553,2025035,2201015,2239881
 "22103","St. Tammany, LA",5,CAGDP2,59,"54,55,56","  Professional and business services ","Thousands of dollars",303853,344729,389603,467641,471669,575645,640504,762173,747363,764493,790271,836419,923443,978576,1048088,1038308,1239437,1128892,1191014,1109322,1318612,1498574
 "22103","St. Tammany, LA",5,CAGDP2,60,"54","   Professional, scientific, and technical services ","Thousands of dollars",202992,235937,254612,292357,286625,324218,370102,453385,453629,480119,505504,511703,534267,568947,607244,597666,619630,656470,692876,647217,692689,773665
 "22103","St. Tammany, LA",5,CAGDP2,64,"55","   Management of companies and enterprises ","Thousands of dollars",51118,50798,54870,71267,70073,83099,75783,113111,113754,117940,116377,108222,125954,134125,145834,144111,312269,184143,181977,171248,302106,347916
 "22103","St. Tammany, LA",5,CAGDP2,65,"56","   Administrative and support and waste management and remediation services ","Thousands of dollars",49743,57993,80122,104017,114972,168329,194619,195677,179980,166434,168390,216493,263222,275504,295011,296532,307538,288280,316160,290857,323817,376993
 "22103","St. Tammany, LA",5,CAGDP2,68,"61,62","  Educational services, health care, and social assistance ","Thousands of dollars",441230,492308,499144,499274,517312,584483,630685,705735,752709,796025,782815,809712,850549,916291,963605,1015290,1015180,1054315,1135102,1098105,1167602,1281665
 "22103","St. Tammany, LA",5,CAGDP2,69,"61","   Educational services ","Thousands of dollars",25630,26886,30512,32391,30301,31507,38719,40337,42337,51658,48229,53876,55219,57547,59400,68046,72606,79964,87582,70270,79376,87317
 "22103","St. Tammany, LA",5,CAGDP2,70,"62","   Health care and social assistance ","Thousands of dollars",415600,465422,468632,466883,487011,552976,591966,665398,710371,744367,734586,755835,795330,858744,904205,947245,942574,974350,1047519,1027835,1088227,1194348
 "22103","St. Tammany, LA",5,CAGDP2,75,"71,72","  Arts, entertainment, recreation, accommodation, and food services ","Thousands of dollars",169489,183957,196511,210859,213074,249123,273486,281413,291230,305713,312725,331789,356427,383630,416489,431618,458024,460666,462980,419758,522035,604255
 "22103","St. Tammany, LA",5,CAGDP2,76,"71","   Arts, entertainment, and recreation ","Thousands of dollars",28673,29398,30033,31703,32513,37476,43417,46961,45769,50504,56219,64063,63593,66440,69258,67422,67124,69541,68464,58329,79044,91457
 "22103","St. Tammany, LA",5,CAGDP2,79,"72","   Accommodation and food services ","Thousands of dollars",140816,154559,166478,179156,180561,211647,230069,234452,245461,255209,256506,267726,292833,317190,347231,364195,390901,391124,394516,361429,442991,512798
 "22103","St. Tammany, LA",5,CAGDP2,82,"81","  Other services (except government and government enterprises) ","Thousands of dollars",128339,140951,149230,163149,168167,194936,210645,206470,206317,217082,216809,226595,236566,260987,269674,284199,282782,303835,312664,294275,321531,387228
 "22103","St. Tammany, LA",5,CAGDP2,83,"92","Government and government enterprises ","Thousands of dollars",562289,614906,638984,705835,787682,797302,757270,746281,843544,1061115,1072658,1036894,1020603,1072024,1113050,1123353,1204577,1259500,1289963,1339850,1399722,1462610
 "22103","St. Tammany, LA",5,CAGDP2,87,"11,21","Natural resources and mining ","Thousands of dollars",36879,16486,16559,22003,34826,76567,79342,86359,102546,119704,196109,305397,333724,390046,337463,286121,114318,335352,332389,250921,173137,224097
 "22103","St. Tammany, LA",5,CAGDP2,88,"42,44-45","Trade ","Thousands of dollars",1198281,1256715,1227643,1263621,1302589,1455175,1382357,1256409,1402704,1531792,1648429,1534137,1812896,2099868,2406122,2752206,3082945,3116385,3312181,3142802,3532272,3803228
 "22103","St. Tammany, LA",5,CAGDP2,89,"22,48-49","Transportation and utilities ","Thousands of dollars",88208,128350,154466,188828,231187,315413,356040,491218,596613,826056,778547,793637,709458,589312,478932,479443,441253,519025,570780,540442,762124,814108
 "22103","St. Tammany, LA",5,CAGDP2,90,"31-33,51","Manufacturing and information ","Thousands of dollars",209580,238150,242654,290733,348135,429638,735909,498457,501228,526522,600473,593987,572299,606317,672503,829770,1054344,1146927,1228539,1125001,1244707,1396936
 "22103","St. Tammany, LA",5,CAGDP2,91,"...","Private goods-producing industries 2/","Thousands of dollars",423028,422766,487290,555298,600209,748326,946235,959476,1001705,958154,1060791,1204655,1223805,1421695,1495611,1627244,1690024,2132761,2177706,1996899,2148871,2299240
 "22103","St. Tammany, LA",5,CAGDP2,92,"...","Private services-providing industries 3/","Thousands of dollars",3342065,3676010,3807178,4009698,4249965,4853939,5355241,5176299,5578810,5933260,6114949,6246106,6694003,7158574,7615832,8284682,8919659,9040864,9717003,9496709,10815429,11647884
 "22105","Tangipahoa, LA",5,CAGDP2,1,"...","All industry total ","Thousands of dollars",1755522,1858691,2073899,2355303,2759937,3350688,3308232,3446350,3273870,3550371,4168669,3893553,3658409,3702660,3543681,3700123,4086210,4261035,4545957,4463921,4969998,5446545
 "22105","Tangipahoa, LA",5,CAGDP2,2,"..."," Private industries ","Thousands of dollars",1320167,1404733,1580109,1816909,2192199,2749390,2715313,2822856,2560998,2806869,3414021,3135491,2948579,2975952,2791729,2939555,3233244,3373517,3636361,3524498,4005847,4446272
 "22105","Tangipahoa, LA",5,CAGDP2,3,"11","  Agriculture, forestry, fishing and hunting ","Thousands of dollars",25362,19177,13660,25975,15839,23529,23956,18046,3385,12829,19406,14679,9468,12067,3170,2908,3465,3706,4470,12783,12546,4459
 "22105","Tangipahoa, LA",5,CAGDP2,6,"21","  Mining, quarrying, and oil and gas extraction ","Thousands of dollars",1761,2225,1737,3534,6711,11521,11775,14432,14064,15450,13679,18151,16610,26100,30303,16425,14647,18382,21838,23608,27085,60335
 "22105","Tangipahoa, LA",5,CAGDP2,10,"22","  Utilities ","Thousands of dollars",10701,12504,13101,15114,14790,19947,22755,25323,26274,27346,26614,24340,24210,28104,27354,31264,30725,30695,32607,37018,34508,20194
 "22105","Tangipahoa, LA",5,CAGDP2,11,"23","  Construction ","Thousands of dollars",87524,76238,82114,108672,123383,149814,186572,177372,135736,140466,123641,158802,128382,134268,117618,137905,165079,196569,238630,251985,265340,301162
 "22105","Tangipahoa, LA",5,CAGDP2,12,"31-33","  Manufacturing ","Thousands of dollars",121164,152181,238517,315989,500919,716246,730574,621806,337935,278540,761417,527763,360360,313765,280180,238996,394266,488214,634816,462004,668409,833784
 "22105","Tangipahoa, LA",5,CAGDP2,13,"321,327-339","   Durable goods manufacturing ","Thousands of dollars",48813,49635,57614,64924,76329,80768,90076,80315,67803,64038,75308,93253,76718,68935,57703,44707,43959,48486,47635,45098,51027,57264
 "22105","Tangipahoa, LA",5,CAGDP2,25,"311-316,322-326","   Nondurable goods manufacturing ","Thousands of dollars",72351,102545,180904,251065,424591,635478,640499,541491,270132,214502,686109,434510,283642,244830,222478,194290,350307,439728,587182,416906,617383,776520
 "22105","Tangipahoa, LA",5,CAGDP2,34,"42","  Wholesale trade ","Thousands of dollars",119916,121390,128931,144704,144707,162556,178713,179783,169204,178418,195137,212089,221854,218070,213105,236623,283491,309168,319595,324751,365942,395920
 "22105","Tangipahoa, LA",5,CAGDP2,35,"44-45","  Retail trade ","Thousands of dollars",271691,270021,297649,330386,408584,484428,453358,392881,373246,392656,402347,436042,459530,488086,488484,534306,559075,556341,572467,617000,740769,790777
 "22105","Tangipahoa, LA",5,CAGDP2,36,"48-49","  Transportation and warehousing ","Thousands of dollars",78740,90061,91574,95273,114910,128843,155296,171073,154904,154265,150850,152069,155485,154674,157979,151605,142876,149848,145906,149979,173167,200077
 "22105","Tangipahoa, LA",5,CAGDP2,45,"51","  Information ","Thousands of dollars",44248,53777,58114,63795,67501,67747,60171,58088,58729,59609,59633,50256,53675,55180,57559,56623,68551,59881,61528,53113,56265,58111
 "22105","Tangipahoa, LA",5,CAGDP2,50,"52,53","  Finance, insurance, real estate, rental, and leasing ","Thousands of dollars",237464,258673,275231,295454,344339,468599,333293,524867,607014,764177,870789,744192,727472,769030,601233,656288,676637,685455,698903,715852,705289,702709
 "22105","Tangipahoa, LA",5,CAGDP2,51,"52","   Finance and insurance ","Thousands of dollars",55641,62919,68216,72098,85916,151300,135443,189296,177163,303679,396522,272701,235170,278932,123743,134433,142205,155293,150765,193265,153991,148097
 "22105","Tangipahoa, LA",5,CAGDP2,56,"53","   Real estate and rental and leasing ","Thousands of dollars",181823,195754,207015,223356,258423,317299,197849,335571,429851,460498,474267,471491,492301,490098,477490,521855,534432,530163,548139,522587,551297,554612
 "22105","Tangipahoa, LA",5,CAGDP2,59,"54,55,56","  Professional and business services ","Thousands of dollars",70801,81726,90323,98199,108335,135577,146197,169913,171535,184186,180742,182683,179917,190636,201391,242813,273435,239317,253861,244520,260300,296315
 "22105","Tangipahoa, LA",5,CAGDP2,60,"54","   Professional, scientific, and technical services ","Thousands of dollars",36903,40919,43059,45148,47059,56280,60115,67605,67277,69822,78580,87324,90539,96360,105513,134095,162518,120992,126227,117903,128120,145892
 "22105","Tangipahoa, LA",5,CAGDP2,64,"55","   Management of companies and enterprises ","Thousands of dollars",8982,7852,10054,10773,10439,12062,13838,22556,29733,38917,30896,25806,30315,35084,28964,31574,23333,26451,27813,30094,31622,32592
 "22105","Tangipahoa, LA",5,CAGDP2,65,"56","   Administrative and support and waste management and remediation services ","Thousands of dollars",24916,32955,37211,42278,50838,67235,72244,79753,74525,75447,71267,69553,59062,59192,66913,77143,87584,91874,99821,96523,100558,117831
 "22105","Tangipahoa, LA",5,CAGDP2,68,"61,62","  Educational services, health care, and social assistance ","Thousands of dollars",117560,123210,138086,156172,171806,186106,208474,232607,248801,249602,254026,264364,316529,321365,327499,336916,316272,337194,356880,357856,382653,421553
 "22105","Tangipahoa, LA",5,CAGDP2,69,"61","   Educational services ","Thousands of dollars",15124,15583,16727,17721,16356,17340,20194,22792,26094,31043,29625,31416,32536,32909,33341,37439,38040,39305,40088,39273,41739,43276
 "22105","Tangipahoa, LA",5,CAGDP2,70,"62","   Health care and social assistance ","Thousands of dollars",102436,107626,121359,138451,155450,168766,188280,209816,222708,218559,224401,232948,283993,288455,294158,299477,278232,297889,316793,318584,340914,378277
 "22105","Tangipahoa, LA",5,CAGDP2,75,"71,72","  Arts, entertainment, recreation, accommodation, and food services ","Thousands of dollars",64253,70744,76779,84971,92629,106142,108010,105557,106315,110672,112869,121958,130840,138730,151785,157515,168377,170105,164326,147201,181870,205950
 "22105","Tangipahoa, LA",5,CAGDP2,76,"71","   Arts, entertainment, and recreation ","Thousands of dollars",5931,4387,4993,6458,7928,9881,9968,10406,11017,11255,12833,15133,18281,19517,17005,14476,15847,17091,14838,11952,17104,18191
 "22105","Tangipahoa, LA",5,CAGDP2,79,"72","   Accommodation and food services ","Thousands of dollars",58322,66357,71786,78513,84701,96261,98042,95151,95298,99417,100036,106825,112559,119213,134780,143039,152530,153014,149488,135249,164766,187760
 "22105","Tangipahoa, LA",5,CAGDP2,82,"81","  Other services (except government and government enterprises) ","Thousands of dollars",68981,72808,74290,78670,77745,88334,96169,131107,153856,238653,242869,228103,164248,125877,134067,139370,136349,128642,130535,126828,131704,154926
 "22105","Tangipahoa, LA",5,CAGDP2,83,"92","Government and government enterprises ","Thousands of dollars",435355,453958,493790,538394,567738,601298,592918,623494,712873,743501,754648,758063,709830,726708,751951,760568,852966,887518,909595,939423,964151,1000274
 "22105","Tangipahoa, LA",5,CAGDP2,87,"11,21","Natural resources and mining ","Thousands of dollars",27123,21402,15397,29509,22549,35050,35732,32479,17449,28278,33086,32830,26077,38167,33473,19333,18112,22088,26308,36391,39631,64794
 "22105","Tangipahoa, LA",5,CAGDP2,88,"42,44-45","Trade ","Thousands of dollars",391607,391411,426580,475090,553291,646985,632071,572664,542450,571074,597484,648130,681384,706156,701589,770929,842566,865508,892062,941750,1106711,1186697
 "22105","Tangipahoa, LA",5,CAGDP2,89,"22,48-49","Transportation and utilities ","Thousands of dollars",89442,102564,104676,110388,129701,148789,178051,196396,181177,181611,177465,176409,179695,182778,185333,182869,173601,180544,178513,186997,207675,220271
 "22105","Tangipahoa, LA",5,CAGDP2,90,"31-33,51","Manufacturing and information ","Thousands of dollars",165413,205958,296632,379785,568421,783993,790746,679893,396664,338150,821050,578019,414035,368945,337740,295619,462817,548095,696344,515117,724674,891895
 "22105","Tangipahoa, LA",5,CAGDP2,91,"...","Private goods-producing industries 2/","Thousands of dollars",235811,249820,336029,454170,646852,901110,952878,831657,491119,447285,918144,719395,514819,486199,431272,396234,577456,706870,899754,750380,973380,1199740
 "22105","Tangipahoa, LA",5,CAGDP2,92,"...","Private services-providing industries 3/","Thousands of dollars",1084355,1154913,1244080,1362739,1545347,1848280,1762436,1991199,2069878,2359584,2495877,2416096,2433760,2489753,2360457,2543321,2655788,2666646,2736607,2774118,3032467,3246532
 "22107","Tensas, LA",5,CAGDP2,1,"...","All industry total ","Thousands of dollars",93883,83376,114023,108566,116637,134429,138806,111576,151241,132111,185582,172741,201565,138465,97338,126085,134527,130526,134576,120395,151913,139883
 "22107","Tensas, LA",5,CAGDP2,2,"..."," Private industries ","Thousands of dollars",75631,63927,93981,87178,93922,110395,116407,89119,130512,108103,162563,153365,181657,118654,77879,106848,114704,110566,116214,102457,133831,120800
 "22107","Tensas, LA",5,CAGDP2,3,"11","  Agriculture, forestry, fishing and hunting ","Thousands of dollars",15194,6858,38255,26484,24878,28852,50154,6646,(D),(D),(D),(D),(D),(D),(D),(D),(D),28977,34476,(D),44316,23747
 "22107","Tensas, LA",5,CAGDP2,6,"21","  Mining, quarrying, and oil and gas extraction ","Thousands of dollars",13825,10663,8589,10741,12038,14854,15843,21068,15381,12803,15751,15921,16318,11924,4674,3085,3784,4989,3833,1028,2968,(D)
 "22107","Tensas, LA",5,CAGDP2,10,"22","  Utilities ","Thousands of dollars",57,0,0,(D),258,797,1203,218,125,42,(D),(D),(D),(D),2,0,14,25,26,31,15,(D)
 "22107","Tensas, LA",5,CAGDP2,11,"23","  Construction ","Thousands of dollars",(D),(D),(D),618,(D),(D),(D),1722,(D),(D),(D),(D),3019,(D),(D),(D),(D),3962,4566,(D),2884,3317
 "22107","Tensas, LA",5,CAGDP2,12,"31-33","  Manufacturing ","Thousands of dollars",(D),(D),(D),1906,(D),(D),(D),2451,2147,2278,2506,2900,2947,3154,2850,2854,2260,2348,2145,2193,2857,2920
 "22107","Tensas, LA",5,CAGDP2,13,"321,327-339","   Durable goods manufacturing ","Thousands of dollars",(D),(D),(D),1690,(D),(D),(D),(D),2009,2017,2168,(D),2436,2540,1997,1962,1103,1382,1319,(D),(D),(D)
 "22107","Tensas, LA",5,CAGDP2,25,"311-316,322-326","   Nondurable goods manufacturing ","Thousands of dollars",137,237,174,216,(D),(D),(D),(D),138,261,338,(D),511,614,852,892,1158,966,826,(D),(D),(D)
 "22107","Tensas, LA",5,CAGDP2,34,"42","  Wholesale trade ","Thousands of dollars",9781,9101,7665,8591,9244,9209,10672,13202,12058,12384,12836,14850,16023,18043,18090,17733,18998,(D),(D),(D),(D),29438
 "22107","Tensas, LA",5,CAGDP2,35,"44-45","  Retail trade ","Thousands of dollars",3759,4175,4249,3484,3791,4063,4585,4636,5175,6375,8169,9585,(D),(D),5566,(D),(D),6162,6223,(D),(D),(D)
 "22107","Tensas, LA",5,CAGDP2,36,"48-49","  Transportation and warehousing ","Thousands of dollars",(D),(D),(D),1523,(D),(D),(D),(D),(D),(D),1595,1843,2400,3138,2803,2874,2004,(D),(D),(D),(D),(D)
 "22107","Tensas, LA",5,CAGDP2,45,"51","  Information ","Thousands of dollars",11,7,3,32,34,20,21,(D),(D),(D),(D),(D),(D),(D),(D),(D),(D),8,16,38,115,120
 "22107","Tensas, LA",5,CAGDP2,50,"52,53","  Finance, insurance, real estate, rental, and leasing ","Thousands of dollars",14166,15081,15703,15784,17225,17439,7997,12866,16892,18835,20240,21260,21594,23489,23927,26330,24515,27867,(D),33712,30603,(D)
 "22107","Tensas, LA",5,CAGDP2,51,"52","   Finance and insurance ","Thousands of dollars",3702,4244,4246,(D),(D),3895,(D),(D),(D),(D),2991,(D),(D),(D),(D),(D),(D),(D),(D),(D),(D),(D)
 "22107","Tensas, LA",5,CAGDP2,56,"53","   Real estate and rental and leasing ","Thousands of dollars",10464,10837,11457,(D),(D),13543,(D),(D),(D),(D),17249,(D),(D),(D),(D),(D),(D),(D),24785,(D),(D),23763
 "22107","Tensas, LA",5,CAGDP2,59,"54,55,56","  Professional and business services ","Thousands of dollars",8060,7470,8512,10513,12472,17967,10769,14268,16863,14052,14372,6515,6958,6365,5867,5161,5211,5311,5777,(D),5983,6695
 "22107","Tensas, LA",5,CAGDP2,60,"54","   Professional, scientific, and technical services ","Thousands of dollars",5285,4834,5498,7325,8247,(D),(D),(D),(D),(D),10804,(D),(D),(D),(D),(D),(D),(D),(D),(D),(D),(D)
 "22107","Tensas, LA",5,CAGDP2,64,"55","   Management of companies and enterprises ","Thousands of dollars",(D),(D),(D),(D),(D),(D),(D),(D),(D),(D),(D),(D),(D),(D),(D),(D),(D),(D),(D),(D),(D),(D)
 "22107","Tensas, LA",5,CAGDP2,65,"56","   Administrative and support and waste management and remediation services ","Thousands of dollars",(D),(D),(D),(D),(D),(D),(D),4577,(D),(D),(D),(D),3888,(D),(D),(D),(D),(D),(D),3085,(D),4198
 "22107","Tensas, LA",5,CAGDP2,68,"61,62","  Educational services, health care, and social assistance ","Thousands of dollars",(D),(D),(D),(D),(D),3981,(D),4901,(D),(D),(D),4366,4426,4429,4682,(D),(D),5683,6026,6411,6918,(D)
 "22107","Tensas, LA",5,CAGDP2,69,"61","   Educational services ","Thousands of dollars",(D),(D),(D),(D),(D),(D),(D),(D),(D),(D),(D),(D),(D),(D),(D),(D),(D),(D),(D),(D),(D),(D)
 "22107","Tensas, LA",5,CAGDP2,70,"62","   Health care and social assistance ","Thousands of dollars",(D),(D),(D),(D),(D),(D),(D),(D),(D),(D),(D),(D),(D),(D),(D),(D),(D),(D),(D),(D),(D),(D)
 "22107","Tensas, LA",5,CAGDP2,75,"71,72","  Arts, entertainment, recreation, accommodation, and food services ","Thousands of dollars",(D),(D),954,1099,1216,1351,1352,1277,1138,1019,(D),(D),1035,1012,992,1022,(D),1367,(D),1146,(D),(D)
 "22107","Tensas, LA",5,CAGDP2,76,"71","   Arts, entertainment, and recreation ","Thousands of dollars",(D),(D),559,439,445,475,438,457,400,433,(D),(D),488,488,480,516,(D),752,(D),652,(D),(D)
 "22107","Tensas, LA",5,CAGDP2,79,"72","   Accommodation and food services ","Thousands of dollars",(D),(D),395,660,771,877,914,820,738,586,532,537,547,524,511,506,588,615,597,494,(D),(D)
 "22107","Tensas, LA",5,CAGDP2,82,"81","  Other services (except government and government enterprises) ","Thousands of dollars",2394,2483,2632,2852,2983,(D),3421,(D),(D),(D),(D),(D),(D),(D),(D),(D),(D),2529,(D),2332,(D),1978
 "22107","Tensas, LA",5,CAGDP2,83,"92","Government and government enterprises ","Thousands of dollars",18252,19449,20043,21388,22715,24035,22400,22458,20729,24008,23019,19377,19908,19811,19460,19237,19823,19960,18362,17938,18082,19083
 "22107","Tensas, LA",5,CAGDP2,87,"11,21","Natural resources and mining ","Thousands of dollars",29019,17521,46844,37224,36916,43706,65997,27714,(D),(D),(D),(D),(D),(D),(D),(D),(D),33966,38309,(D),47284,(D)
 "22107","Tensas, LA",5,CAGDP2,88,"42,44-45","Trade ","Thousands of dollars",13540,13277,11914,12075,13035,13272,15257,17838,17233,18759,21006,24436,(D),(D),23655,(D),(D),(D),(D),22453,31481,(D)
 "22107","Tensas, LA",5,CAGDP2,89,"22,48-49","Transportation and utilities ","Thousands of dollars",(D),(D),(D),(D),(D),(D),(D),(D),(D),(D),(D),(D),(D),(D),2805,2874,2018,(D),(D),(D),(D),(D)
 "22107","Tensas, LA",5,CAGDP2,90,"31-33,51","Manufacturing and information ","Thousands of dollars",(D),(D),(D),1938,(D),(D),(D),(D),(D),(D),(D),(D),(D),(D),(D),(D),(D),2356,2161,2230,2972,3040
 "22107","Tensas, LA",5,CAGDP2,91,"...","Private goods-producing industries 2/","Thousands of dollars",32419,(D),(D),39748,(D),(D),(D),31887,(D),(D),96781,90588,(D),(D),13255,(D),(D),40276,45021,29324,53025,(D)
 "22107","Tensas, LA",5,CAGDP2,92,"...","Private services-providing industries 3/","Thousands of dollars",43212,(D),(D),47429,(D),(D),(D),57231,(D),(D),65782,62777,(D),(D),64624,(D),(D),70290,71193,73133,80805,(D)
 "22109","Terrebonne, LA",5,CAGDP2,1,"...","All industry total ","Thousands of dollars",4524080,4028051,4333415,4514924,5214851,6362974,6457051,6861246,6010060,6136948,5992956,6235350,6693678,6928069,6355766,5459064,5346558,5698302,5701896,5251779,5484553,6011329
 "22109","Terrebonne, LA",5,CAGDP2,2,"..."," Private industries ","Thousands of dollars",4280599,3771622,4058538,4226305,4912936,6048696,6159686,6502468,5599329,5702211,5559583,5809306,6300326,6560418,5973133,5064594,4947176,5287837,5288798,4831301,5052765,5573989
 "22109","Terrebonne, LA",5,CAGDP2,3,"11","  Agriculture, forestry, fishing and hunting ","Thousands of dollars",(D),(D),40847,20909,23877,42617,22373,51165,38608,65065,63645,52390,39124,42021,51732,39711,30813,33140,33923,29479,36141,31053
 "22109","Terrebonne, LA",5,CAGDP2,6,"21","  Mining, quarrying, and oil and gas extraction ","Thousands of dollars",2013360,1357289,1502973,1530137,1769442,2240811,2122935,2204812,1584964,1357818,1143583,1137642,1286008,1291321,1088581,697320,729553,895620,882090,595399,656441,727381
 "22109","Terrebonne, LA",5,CAGDP2,10,"22","  Utilities ","Thousands of dollars",(D),(D),9194,10409,9950,9682,8614,10558,10508,11170,12669,12705,11543,11177,12313,12598,12274,13545,15757,16357,22124,20545
 "22109","Terrebonne, LA",5,CAGDP2,11,"23","  Construction ","Thousands of dollars",161326,196231,180832,186673,224563,353367,339820,336611,304411,304700,302646,370395,412865,394653,351676,291871,281796,288357,294886,262856,300593,312141
 "22109","Terrebonne, LA",5,CAGDP2,12,"31-33","  Manufacturing ","Thousands of dollars",284181,277604,339088,370973,524739,609134,811835,744481,667232,700294,783406,837057,848051,987531,747293,552787,502263,532391,530496,431935,437936,506786
 "22109","Terrebonne, LA",5,CAGDP2,13,"321,327-339","   Durable goods manufacturing ","Thousands of dollars",268171,254574,298183,305188,(D),469518,(D),(D),601208,647245,724232,762365,760671,894750,680500,509121,445054,469642,470526,380345,380873,441050
 "22109","Terrebonne, LA",5,CAGDP2,25,"311-316,322-326","   Nondurable goods manufacturing ","Thousands of dollars",16009,23030,40905,65786,(D),139616,(D),(D),66024,53049,59175,74692,87381,92781,66793,43666,57208,62749,59969,51590,57063,65736
 "22109","Terrebonne, LA",5,CAGDP2,34,"42","  Wholesale trade ","Thousands of dollars",(D),(D),135579,147606,178017,213202,249070,252066,229303,241836,252791,269829,270176,257186,229829,204226,192321,209124,221117,217014,243861,267305
 "22109","Terrebonne, LA",5,CAGDP2,35,"44-45","  Retail trade ","Thousands of dollars",277151,288257,304214,316192,364920,450441,474910,440214,444740,447529,437581,436968,450503,458019,442912,445733,456462,471181,490340,505453,567849,614667
 "22109","Terrebonne, LA",5,CAGDP2,36,"48-49","  Transportation and warehousing ","Thousands of dollars",175578,205132,203876,205030,223374,276632,315797,374375,350552,430242,424068,463747,592992,664862,553620,448182,363284,381765,423373,378370,406557,471741
 "22109","Terrebonne, LA",5,CAGDP2,45,"51","  Information ","Thousands of dollars",39283,46253,46553,48071,51838,56106,57732,54099,53393,50805,50647,57564,61416,57429,55255,49935,36329,30331,31660,26382,33796,35324
 "22109","Terrebonne, LA",5,CAGDP2,50,"52,53","  Finance, insurance, real estate, rental, and leasing ","Thousands of dollars",583918,604932,641460,707363,797589,890008,730830,917415,821037,928650,969903,994048,1045063,1013299,1066082,990452,986896,1035490,1020124,1137344,1053135,1136577
 "22109","Terrebonne, LA",5,CAGDP2,51,"52","   Finance and insurance ","Thousands of dollars",97845,108347,109957,112112,137045,140544,152046,128009,127941,121726,123407,125369,109423,138317,175920,213362,234092,244260,260232,290722,277217,286670
 "22109","Terrebonne, LA",5,CAGDP2,56,"53","   Real estate and rental and leasing ","Thousands of dollars",486072,496585,531503,595251,660544,749464,578784,789407,693096,806923,846497,868679,935640,874982,890162,777090,752805,791231,759892,846623,775919,849907
 "22109","Terrebonne, LA",5,CAGDP2,59,"54,55,56","  Professional and business services ","Thousands of dollars",151946,169982,180099,197578,235714,316076,379478,433530,400361,460536,430030,468788,517339,555005,537173,503420,520749,550926,477049,398925,429375,529810
 "22109","Terrebonne, LA",5,CAGDP2,60,"54","   Professional, scientific, and technical services ","Thousands of dollars",89644,98806,98581,102464,104322,131797,144838,175197,170718,188783,196143,214056,252658,281833,295031,282343,270940,293672,258870,210913,214428,241528
 "22109","Terrebonne, LA",5,CAGDP2,64,"55","   Management of companies and enterprises ","Thousands of dollars",23029,21054,21620,22400,27273,25078,24809,25107,23575,25352,22622,25983,28721,27135,25818,24129,26098,39846,40410,36394,40207,73873
 "22109","Terrebonne, LA",5,CAGDP2,65,"56","   Administrative and support and waste management and remediation services ","Thousands of dollars",39273,50122,59898,72714,104119,159201,209832,233225,206068,246402,211265,228749,235959,246037,216323,196947,223711,217408,177770,151618,174739,214409
 "22109","Terrebonne, LA",5,CAGDP2,68,"61,62","  Educational services, health care, and social assistance ","Thousands of dollars",214226,228759,255849,264569,282277,296804,314481,332333,352519,379014,389425,396423,427600,467552,482305,504317,519580,513227,529291,518521,524095,538502
 "22109","Terrebonne, LA",5,CAGDP2,69,"61","   Educational services ","Thousands of dollars",9963,10596,9859,12005,13567,13286,14267,16277,17358,20065,21018,28253,30965,35367,29507,29425,29341,29091,30086,27640,28812,29267
 "22109","Terrebonne, LA",5,CAGDP2,70,"62","   Health care and social assistance ","Thousands of dollars",204262,218163,245991,252563,268710,283518,300215,316056,335161,358949,368407,368170,396635,432185,452798,474892,490240,484136,499205,490881,495283,509236
 "22109","Terrebonne, LA",5,CAGDP2,75,"71,72","  Arts, entertainment, recreation, accommodation, and food services ","Thousands of dollars",98294,103553,108206,113218,122769,156357,166536,173850,174096,174115,166396,178658,192937,203918,195351,182028,177007,178495,175554,159808,184578,205369
 "22109","Terrebonne, LA",5,CAGDP2,76,"71","   Arts, entertainment, and recreation ","Thousands of dollars",11329,11256,10767,10333,11714,13393,16245,16062,15205,14715,13687,13261,14327,21621,18493,16683,12075,13573,12692,12343,18077,21964
 "22109","Terrebonne, LA",5,CAGDP2,79,"72","   Accommodation and food services ","Thousands of dollars",86965,92297,97439,102886,111056,142964,150291,157788,158891,159400,152708,165397,178610,182297,176857,165345,164932,164922,162862,147466,166501,183405
 "22109","Terrebonne, LA",5,CAGDP2,82,"81","  Other services (except government and government enterprises) ","Thousands of dollars",113020,114390,109769,107577,103868,137460,165276,176960,167606,150439,132793,133092,144709,156445,159011,142014,137849,154245,163138,153457,156285,176788
 "22109","Terrebonne, LA",5,CAGDP2,83,"92","Government and government enterprises ","Thousands of dollars",243480,256429,274877,288619,301914,314278,297366,358778,410730,434737,433373,426044,393352,367652,382633,394469,399381,410465,413098,420478,431788,437340
 "22109","Terrebonne, LA",5,CAGDP2,87,"11,21","Natural resources and mining ","Thousands of dollars",(D),(D),1543819,1551047,1793319,2283428,2145308,2255977,1623571,1422883,1207228,1190032,1325132,1333342,1140313,737030,760366,928761,916013,624879,692581,758434
 "22109","Terrebonne, LA",5,CAGDP2,88,"42,44-45","Trade ","Thousands of dollars",(D),(D),439794,463798,542937,663643,723979,692280,674042,689365,690372,706797,720679,715205,672742,649959,648783,680305,711457,722467,811709,881972
 "22109","Terrebonne, LA",5,CAGDP2,89,"22,48-49","Transportation and utilities ","Thousands of dollars",(D),(D),213069,215439,233324,286314,324410,384933,361060,441411,436737,476451,604535,676039,565933,460780,375558,395310,439130,394727,428681,492286
 "22109","Terrebonne, LA",5,CAGDP2,90,"31-33,51","Manufacturing and information ","Thousands of dollars",323464,323857,385640,419045,576577,665240,869567,798580,720625,751098,834053,894621,909467,1044960,802548,602722,538592,562722,562156,458316,471732,542109
 "22109","Terrebonne, LA",5,CAGDP2,91,"...","Private goods-producing industries 2/","Thousands of dollars",(D),(D),2063739,2108693,2542620,3245929,3296963,3337068,2595215,2427876,2293280,2397484,2586049,2715527,2239282,1581689,1544426,1749508,1741395,1319669,1431110,1577361
 "22109","Terrebonne, LA",5,CAGDP2,92,"...","Private services-providing industries 3/","Thousands of dollars",(D),(D),1994799,2117612,2370316,2802767,2862723,3165399,3004115,3274335,3266302,3411822,3714278,3844891,3733851,3482905,3402751,3538328,3547403,3511631,3621654,3996628
 "22111","Union, LA",5,CAGDP2,1,"...","All industry total ","Thousands of dollars",341876,382828,378000,384068,387891,394581,377242,408520,477136,529848,379481,435145,1054309,843498,841099,639160,514670,518791,502800,483519,533063,647244
 "22111","Union, LA",5,CAGDP2,2,"..."," Private industries ","Thousands of dollars",300038,336941,329114,331534,335437,338165,323410,354395,418351,468785,315198,377170,999663,789465,784891,582723,451199,454927,439701,420624,470464,591146
 "22111","Union, LA",5,CAGDP2,3,"11","  Agriculture, forestry, fishing and hunting ","Thousands of dollars",49667,(D),(D),(D),(D),(D),(D),49450,42404,49175,24796,(D),(D),76311,(D),55508,79771,88099,(D),34649,79235,172953
 "22111","Union, LA",5,CAGDP2,6,"21","  Mining, quarrying, and oil and gas extraction ","Thousands of dollars",43888,27690,30766,29668,32418,37613,35109,32555,19723,14774,11898,12591,25136,21089,9827,7432,6224,7807,5315,1637,2917,3574
 "22111","Union, LA",5,CAGDP2,10,"22","  Utilities ","Thousands of dollars",2245,2507,2610,2949,2639,3204,3325,3765,3705,3491,3574,(D),3319,3571,3721,4036,(D),(D),(D),4201,4258,3923
 "22111","Union, LA",5,CAGDP2,11,"23","  Construction ","Thousands of dollars",16396,17987,15897,15352,17258,18724,16531,16878,16911,(D),(D),28172,26411,25157,25550,25300,25758,27573,37999,27999,27258,28038
 "22111","Union, LA",5,CAGDP2,12,"31-33","  Manufacturing ","Thousands of dollars",66677,(D),(D),(D),(D),(D),(D),103389,176709,(D),(D),(D),(D),457961,(D),259061,114476,98079,(D),101416,100678,107117
 "22111","Union, LA",5,CAGDP2,13,"321,327-339","   Durable goods manufacturing ","Thousands of dollars",(D),(D),(D),(D),(D),(D),(D),(D),3065,(D),(D),(D),(D),4770,(D),4011,4743,4806,(D),4455,5654,5836
 "22111","Union, LA",5,CAGDP2,25,"311-316,322-326","   Nondurable goods manufacturing ","Thousands of dollars",(D),(D),(D),(D),(D),(D),(D),(D),173644,(D),(D),(D),(D),453191,416994,255050,109734,93273,91926,96961,95024,101282
 "22111","Union, LA",5,CAGDP2,34,"42","  Wholesale trade ","Thousands of dollars",5871,5436,5169,5568,6544,7032,7192,7000,6987,7878,8618,8197,9059,10041,12469,15056,18118,19361,18811,17855,18160,20439
 "22111","Union, LA",5,CAGDP2,35,"44-45","  Retail trade ","Thousands of dollars",20431,22606,24907,27307,28512,33045,35240,34026,34147,34556,34122,34039,36522,37279,37716,40579,42989,45531,46115,54381,61077,62196
 "22111","Union, LA",5,CAGDP2,36,"48-49","  Transportation and warehousing ","Thousands of dollars",5145,4518,4665,4839,5193,4707,4693,6809,6631,4720,5633,5959,9856,9240,9658,9670,9261,10332,10309,9116,12245,13436
 "22111","Union, LA",5,CAGDP2,45,"51","  Information ","Thousands of dollars",7377,6988,5126,4206,5625,5891,5120,5268,5055,4476,4509,5281,8130,11564,16751,16257,7623,7248,7223,7225,7919,8470
 "22111","Union, LA",5,CAGDP2,50,"52,53","  Finance, insurance, real estate, rental, and leasing ","Thousands of dollars",43420,47067,49088,49353,54618,55778,23612,39928,53739,58203,60305,67919,69398,74792,77117,84144,74993,77634,80986,89650,78649,76083
 "22111","Union, LA",5,CAGDP2,51,"52","   Finance and insurance ","Thousands of dollars",9810,11748,12323,11315,13150,12076,12411,12176,12022,12047,12426,12466,10009,11499,14489,15813,16109,16566,16306,17667,17159,16521
 "22111","Union, LA",5,CAGDP2,56,"53","   Real estate and rental and leasing ","Thousands of dollars",33610,35319,36765,38038,41467,43701,11201,27752,41716,46155,47879,55453,59389,63293,62628,68331,58884,61069,64679,71983,61490,59562
 "22111","Union, LA",5,CAGDP2,59,"54,55,56","  Professional and business services ","Thousands of dollars",5363,7180,5990,6480,9692,10388,10637,11023,11174,12243,12766,12774,16588,17711,17464,16129,(D),(D),(D),15921,18566,29091
 "22111","Union, LA",5,CAGDP2,60,"54","   Professional, scientific, and technical services ","Thousands of dollars",(D),4885,3537,3839,5130,5696,5632,6516,6725,6911,7601,8114,8480,(D),(D),(D),(D),(D),(D),(D),(D),(D)
 "22111","Union, LA",5,CAGDP2,64,"55","   Management of companies and enterprises ","Thousands of dollars",0,0,0,0,0,0,0,0,0,0,0,0,(D),(D),(D),(D),(D),(D),(D),(D),(D),(D)
 "22111","Union, LA",5,CAGDP2,65,"56","   Administrative and support and waste management and remediation services ","Thousands of dollars",(D),2296,2452,2641,4562,4691,5005,4507,4450,5331,5165,4660,(D),8643,7584,7798,(D),7392,9274,8835,9980,18570
 "22111","Union, LA",5,CAGDP2,68,"61,62","  Educational services, health care, and social assistance ","Thousands of dollars",19477,21856,24591,24076,19793,22962,22384,25608,21792,23390,25379,(D),26976,25075,26019,27768,29518,31949,33108,35491,37898,40670
 "22111","Union, LA",5,CAGDP2,69,"61","   Educational services ","Thousands of dollars",(D),(D),(D),(D),(D),(D),(D),(D),(D),(D),(D),(D),1191,1363,1330,1490,1542,1811,2033,1906,2099,2351
 "22111","Union, LA",5,CAGDP2,70,"62","   Health care and social assistance ","Thousands of dollars",(D),(D),(D),(D),(D),(D),(D),(D),(D),(D),(D),25285,25785,23712,24688,26278,27976,30137,31075,33585,35799,38318
 "22111","Union, LA",5,CAGDP2,75,"71,72","  Arts, entertainment, recreation, accommodation, and food services ","Thousands of dollars",4483,5301,5488,5581,5385,5223,5717,5804,6028,6433,6000,5972,5951,6535,7260,7644,7515,8162,7851,6891,7817,9363
 "22111","Union, LA",5,CAGDP2,76,"71","   Arts, entertainment, and recreation ","Thousands of dollars",(D),904,802,615,(D),(D),255,263,180,(D),(D),365,698,830,781,760,688,773,776,646,1171,1744
 "22111","Union, LA",5,CAGDP2,79,"72","   Accommodation and food services ","Thousands of dollars",(D),4397,4686,4966,(D),(D),5463,5542,5848,(D),(D),5607,5253,5705,6479,6884,6828,7389,7075,6245,6646,7619
 "22111","Union, LA",5,CAGDP2,82,"81","  Other services (except government and government enterprises) ","Thousands of dollars",9598,10467,10193,10480,10565,12450,13061,12893,13345,14023,12566,12019,11839,13140,13433,14139,13957,14831,15243,14192,13787,15793
 "22111","Union, LA",5,CAGDP2,83,"92","Government and government enterprises ","Thousands of dollars",41838,45888,48886,52534,52454,56417,53832,54125,58785,61063,64283,57975,54646,54032,56208,56436,63471,63864,63099,62894,62599,56098
 "22111","Union, LA",5,CAGDP2,87,"11,21","Natural resources and mining ","Thousands of dollars",93554,(D),(D),(D),(D),(D),(D),82004,62127,63948,36695,(D),(D),97400,(D),62939,85995,95906,(D),36285,82151,176527
 "22111","Union, LA",5,CAGDP2,88,"42,44-45","Trade ","Thousands of dollars",26302,28041,30076,32875,35056,40076,42432,41027,41135,42433,42740,42236,45581,47320,50186,55635,61107,64892,64926,72236,79238,82635
 "22111","Union, LA",5,CAGDP2,89,"22,48-49","Transportation and utilities ","Thousands of dollars",7391,7025,7276,7788,7832,7911,8018,10573,10335,8212,9207,(D),13175,12811,13379,13706,(D),(D),(D),13317,16503,17359
 "22111","Union, LA",5,CAGDP2,90,"31-33,51","Manufacturing and information ","Thousands of dollars",74055,(D),(D),(D),(D),(D),(D),108657,181765,(D),(D),(D),(D),469525,(D),275318,122099,105327,(D),108641,108597,115587
 "22111","Union, LA",5,CAGDP2,91,"...","Private goods-producing industries 2/","Thousands of dollars",176627,203016,191287,190695,186871,177486,192428,202271,255747,299373,141727,195358,802025,580518,563283,347300,226229,221558,199467,165701,210087,311682
 "22111","Union, LA",5,CAGDP2,92,"...","Private services-providing industries 3/","Thousands of dollars",123411,133925,137827,140839,148566,160679,130982,152124,162604,169412,173471,181812,197638,208948,221608,235423,224970,233369,240233,254924,260376,279464
 "22113","Vermilion, LA",5,CAGDP2,1,"...","All industry total ","Thousands of dollars",2068358,1529105,1704106,1833251,1906354,2168867,2064980,2345056,1867879,1771419,1742457,1876545,1849298,1922323,1602927,1434849,1473678,1565727,1489991,1436027,1593939,1660275
 "22113","Vermilion, LA",5,CAGDP2,2,"..."," Private industries ","Thousands of dollars",1949523,1402096,1571926,1692805,1756054,2013867,1914953,2190749,1691733,1584244,1550139,1682705,1651619,1716048,1389938,1217682,1248677,1334468,1253336,1194938,1347878,1406476
 "22113","Vermilion, LA",5,CAGDP2,3,"11","  Agriculture, forestry, fishing and hunting ","Thousands of dollars",31329,12239,37697,39316,27585,29088,35561,119981,93906,132440,118214,125535,115922,132731,124610,107798,117706,132332,116814,129553,155313,162026
 "22113","Vermilion, LA",5,CAGDP2,6,"21","  Mining, quarrying, and oil and gas extraction ","Thousands of dollars",1304103,743020,854908,943776,947491,1104044,997718,1091799,618803,424709,429369,467444,510576,527968,298707,195159,246062,249587,188646,117634,155697,163864
 "22113","Vermilion, LA",5,CAGDP2,10,"22","  Utilities ","Thousands of dollars",627,920,953,1258,1246,1420,1385,1941,1848,5809,3161,3388,3248,3388,3844,4212,3934,4065,4324,4526,4290,4220
 "22113","Vermilion, LA",5,CAGDP2,11,"23","  Construction ","Thousands of dollars",46929,45207,48309,48726,54355,84915,85386,99927,98239,94356,77496,82930,89874,100203,90127,71376,72360,79078,95066,90605,114314,118216
 "22113","Vermilion, LA",5,CAGDP2,12,"31-33","  Manufacturing ","Thousands of dollars",56074,66778,80142,102857,134475,149955,147740,148644,136214,143045,161231,168304,110362,119028,109719,98333,95306,86576,79906,79117,83294,85937
 "22113","Vermilion, LA",5,CAGDP2,13,"321,327-339","   Durable goods manufacturing ","Thousands of dollars",28801,17881,15836,14974,23362,38096,50602,75858,61796,63339,56863,59539,39699,52478,39608,32408,25501,28751,28641,29707,35870,38976
 "22113","Vermilion, LA",5,CAGDP2,25,"311-316,322-326","   Nondurable goods manufacturing ","Thousands of dollars",27273,48897,64306,87883,111112,111858,97138,72786,74418,79706,104368,108765,70663,66550,70110,65924,69805,57825,51265,49409,47424,46961
 "22113","Vermilion, LA",5,CAGDP2,34,"42","  Wholesale trade ","Thousands of dollars",57599,60861,65644,71161,73039,86647,99735,105001,101960,92277,93484,95100,83420,81287,72317,62147,58978,64289,68259,66599,67993,71020
 "22113","Vermilion, LA",5,CAGDP2,35,"44-45","  Retail trade ","Thousands of dollars",85572,87289,90295,95347,101993,117613,126511,124257,124550,131384,132587,135404,138514,139206,133014,133877,131776,130837,133682,142912,164922,175130
 "22113","Vermilion, LA",5,CAGDP2,36,"48-49","  Transportation and warehousing ","Thousands of dollars",32103,37149,40004,37032,42650,46150,49934,50181,39057,40287,35387,44885,55081,56121,51591,38351,36223,35445,37782,40888,43292,53967
 "22113","Vermilion, LA",5,CAGDP2,45,"51","  Information ","Thousands of dollars",16205,18456,19298,21413,24188,25605,25891,25264,24377,23102,20880,27058,29380,27436,20093,18769,20951,20224,21761,20320,21727,22185
 "22113","Vermilion, LA",5,CAGDP2,50,"52,53","  Finance, insurance, real estate, rental, and leasing ","Thousands of dollars",205235,206369,201126,194505,205782,216159,183764,249643,273406,304418,280448,310971,295191,298816,258860,270091,238395,291935,256305,264934,285450,273879
 "22113","Vermilion, LA",5,CAGDP2,51,"52","   Finance and insurance ","Thousands of dollars",35026,38272,38085,36565,38622,39972,43062,41991,42543,42129,42325,45038,39320,47645,53718,55038,54959,57411,55893,59936,61317,56201
 "22113","Vermilion, LA",5,CAGDP2,56,"53","   Real estate and rental and leasing ","Thousands of dollars",170209,168097,163040,157940,167160,176187,140702,207652,230863,262289,238123,265933,255871,251171,205142,215053,183436,234523,200412,204998,224132,217677
 "22113","Vermilion, LA",5,CAGDP2,59,"54,55,56","  Professional and business services ","Thousands of dollars",24922,27631,29087,29914,31171,37615,41832,47758,48053,52994,54681,65697,62231,69257,67403,57075,59604,63787,66672,62967,70484,75122
 "22113","Vermilion, LA",5,CAGDP2,60,"54","   Professional, scientific, and technical services ","Thousands of dollars",(D),18564,18193,20516,21168,25838,28968,34404,34600,38512,41363,50543,44780,50424,46936,41575,43990,44545,44685,38177,41489,45269
 "22113","Vermilion, LA",5,CAGDP2,64,"55","   Management of companies and enterprises ","Thousands of dollars",(D),(D),(D),(D),642,547,(D),(D),1094,1209,928,(D),(D),1125,673,1350,(D),(D),1643,(D),1919,2071
 "22113","Vermilion, LA",5,CAGDP2,65,"56","   Administrative and support and waste management and remediation services ","Thousands of dollars",9633,(D),(D),(D),9361,11229,(D),(D),12359,13274,12390,(D),(D),17708,19794,14150,(D),(D),20345,(D),27077,27783
 "22113","Vermilion, LA",5,CAGDP2,68,"61,62","  Educational services, health care, and social assistance ","Thousands of dollars",39747,43044,44517,43802,46838,42843,48525,56501,61991,67186,69277,69486,70689,72705,74498,77542,87069,92514,98528,95307,96116,102663
 "22113","Vermilion, LA",5,CAGDP2,69,"61","   Educational services ","Thousands of dollars",(D),(D),3273,(D),(D),(D),(D),(D),5083,(D),(D),(D),(D),6683,7995,9036,13360,14163,(D),(D),16297,16878
 "22113","Vermilion, LA",5,CAGDP2,70,"62","   Health care and social assistance ","Thousands of dollars",(D),(D),41245,(D),(D),(D),(D),(D),56909,(D),(D),(D),(D),66022,66503,68506,73709,78351,(D),(D),79819,85784
 "22113","Vermilion, LA",5,CAGDP2,75,"71,72","  Arts, entertainment, recreation, accommodation, and food services ","Thousands of dollars",17029,16968,18577,22108,23628,25528,28145,28384,30273,31600,33472,37902,37785,34136,32662,30840,29594,29914,30997,28897,34893,38803
 "22113","Vermilion, LA",5,CAGDP2,76,"71","   Arts, entertainment, and recreation ","Thousands of dollars",1511,1522,1626,2250,2559,2804,2700,2748,3466,3931,4774,5836,4867,4219,3562,3584,2807,3000,2749,2774,4082,5549
 "22113","Vermilion, LA",5,CAGDP2,79,"72","   Accommodation and food services ","Thousands of dollars",15517,15446,16952,19858,21069,22724,25445,25636,26807,27669,28698,32066,32918,29917,29100,27257,26787,26914,28248,26122,30811,33254
 "22113","Vermilion, LA",5,CAGDP2,82,"81","  Other services (except government and government enterprises) ","Thousands of dollars",32049,36166,41369,41589,41615,46285,42827,41466,39055,40636,40452,48601,49348,53765,52493,52114,50721,53885,54594,50680,50093,59446
 "22113","Vermilion, LA",5,CAGDP2,83,"92","Government and government enterprises ","Thousands of dollars",118835,127009,132180,140446,150300,155000,150027,154308,176146,187175,192318,193840,197680,206275,212989,217167,225001,231259,236655,241090,246061,253798
 "22113","Vermilion, LA",5,CAGDP2,87,"11,21","Natural resources and mining ","Thousands of dollars",1335432,755259,892605,983092,975076,1133132,1033279,1211780,712709,557149,547583,592980,626497,660699,423317,302957,363767,381919,305460,247187,311010,325890
 "22113","Vermilion, LA",5,CAGDP2,88,"42,44-45","Trade ","Thousands of dollars",143171,148149,155939,166508,175032,204259,226245,229259,226510,223661,226072,230503,221934,220494,205331,196024,190754,195126,201941,209511,232915,246150
 "22113","Vermilion, LA",5,CAGDP2,89,"22,48-49","Transportation and utilities ","Thousands of dollars",32729,38069,40958,38290,43896,47570,51318,52122,40905,46096,38548,48273,58329,59509,55435,42563,40157,39510,42106,45414,47582,58187
 "22113","Vermilion, LA",5,CAGDP2,90,"31-33,51","Manufacturing and information ","Thousands of dollars",72280,85233,99440,124270,158662,175560,173631,173909,160591,166147,182111,195362,139741,146464,129812,117102,116257,106800,101667,99437,105021,108122
 "22113","Vermilion, LA",5,CAGDP2,91,"...","Private goods-producing industries 2/","Thousands of dollars",1438435,867243,1021056,1134675,1163905,1368001,1266405,1460351,947163,794550,786310,844213,826733,879930,623163,472665,531433,547572,480432,416908,508618,530043
 "22113","Vermilion, LA",5,CAGDP2,92,"...","Private services-providing industries 3/","Thousands of dollars",511088,534853,550870,558130,592149,645866,648548,730397,744571,789693,763830,838492,824886,836118,766775,745017,717244,786896,772903,778029,839260,876434
 "22115","Vernon, LA",5,CAGDP2,1,"...","All industry total ","Thousands of dollars",1280677,1267847,1362227,1448782,1599309,1672509,1624550,1811465,1939601,2069632,2178197,2177016,2124257,2059238,2032123,2030428,2054837,2052064,2135835,2161282,2324047,2404838
 "22115","Vernon, LA",5,CAGDP2,2,"..."," Private industries ","Thousands of dollars",566727,497313,512462,593119,683142,711758,627749,699091,767060,799868,814502,867398,870104,864060,869258,874862,889948,891812,940322,915481,1003482,1075081
 "22115","Vernon, LA",5,CAGDP2,3,"11","  Agriculture, forestry, fishing and hunting ","Thousands of dollars",11353,11506,12197,15308,15383,16677,17866,14088,13023,14378,13181,12569,12111,15958,22914,19207,(D),(D),20308,15863,25003,43216
 "22115","Vernon, LA",5,CAGDP2,6,"21","  Mining, quarrying, and oil and gas extraction ","Thousands of dollars",175126,76835,54603,44057,37467,42964,26079,26911,13954,13566,31924,34131,39110,27827,11226,8105,7556,7255,4074,2908,8219,10621
 "22115","Vernon, LA",5,CAGDP2,10,"22","  Utilities ","Thousands of dollars",3070,3485,3030,3044,(D),3511,3485,3631,5278,5227,5258,5380,5351,5434,5629,6093,(D),(D),7227,8697,7924,8169
 "22115","Vernon, LA",5,CAGDP2,11,"23","  Construction ","Thousands of dollars",30715,35718,35072,48518,80008,61592,49164,38663,77157,62468,58419,53392,45739,56776,62633,51011,47277,50262,65402,57704,77476,73380
 "22115","Vernon, LA",5,CAGDP2,12,"31-33","  Manufacturing ","Thousands of dollars",23632,20842,22708,30317,20084,27102,29976,30450,36334,48903,43819,49539,44658,47505,54727,21992,13573,14953,17280,26483,44917,49931
 "22115","Vernon, LA",5,CAGDP2,13,"321,327-339","   Durable goods manufacturing ","Thousands of dollars",19128,(D),(D),(D),(D),(D),(D),(D),(D),(D),36338,(D),40603,44132,50991,18673,10421,12313,14635,23248,41157,45949
 "22115","Vernon, LA",5,CAGDP2,25,"311-316,322-326","   Nondurable goods manufacturing ","Thousands of dollars",4504,(D),(D),(D),(D),(D),(D),(D),(D),(D),7481,(D),4054,3373,3736,3318,3152,2641,2645,3235,3760,3982
 "22115","Vernon, LA",5,CAGDP2,34,"42","  Wholesale trade ","Thousands of dollars",8145,8436,8351,9618,9934,10565,11149,12385,13406,16732,20720,23729,21972,19171,18599,17723,13531,14924,15647,13931,12059,11885
 "22115","Vernon, LA",5,CAGDP2,35,"44-45","  Retail trade ","Thousands of dollars",48896,53305,57524,61073,67991,75690,78416,76833,79590,81265,83305,86736,91614,94069,91849,95994,101101,103895,107332,115398,131941,140198
 "22115","Vernon, LA",5,CAGDP2,36,"48-49","  Transportation and warehousing ","Thousands of dollars",16030,14758,15108,17587,21517,20494,18898,17079,16409,17893,17812,19625,20585,25946,26337,26422,31032,23755,24954,23652,27352,35841
 "22115","Vernon, LA",5,CAGDP2,45,"51","  Information ","Thousands of dollars",15810,18170,18867,21676,19807,18437,17986,18241,18017,16185,14935,15365,18189,23032,21797,26884,31387,28659,30853,31526,35196,36774
 "22115","Vernon, LA",5,CAGDP2,50,"52,53","  Finance, insurance, real estate, rental, and leasing ","Thousands of dollars",102454,109670,113705,124718,139642,151707,71143,137140,176328,182346,196405,219042,248992,244942,246137,253080,251351,253871,275263,278738,268325,267840
 "22115","Vernon, LA",5,CAGDP2,51,"52","   Finance and insurance ","Thousands of dollars",18803,17442,16936,17909,19451,17472,18985,20247,21239,22983,23750,22020,18132,21777,25799,27551,28059,28799,27122,28850,26245,25320
 "22115","Vernon, LA",5,CAGDP2,56,"53","   Real estate and rental and leasing ","Thousands of dollars",83651,92228,96769,106808,120191,134235,52158,116893,155088,159363,172654,197022,230861,223165,220339,225529,223293,225072,248141,249889,242080,242520
 "22115","Vernon, LA",5,CAGDP2,59,"54,55,56","  Professional and business services ","Thousands of dollars",26784,34402,61136,89500,129149,136011,152956,169142,149668,160519,146517,156392,138168,125682,131740,176102,185507,184210,198943,173164,185025,198805
 "22115","Vernon, LA",5,CAGDP2,60,"54","   Professional, scientific, and technical services ","Thousands of dollars",15958,21035,47052,72937,91280,102006,117616,125638,108868,113306,100858,102422,81347,80045,90369,138957,147341,147205,162323,134872,143742,151767
 "22115","Vernon, LA",5,CAGDP2,64,"55","   Management of companies and enterprises ","Thousands of dollars",(D),(D),(D),(D),(D),(D),(D),(D),(D),(D),(D),(D),3856,(D),(D),(D),(D),(D),(D),(D),(D),5713
 "22115","Vernon, LA",5,CAGDP2,65,"56","   Administrative and support and waste management and remediation services ","Thousands of dollars",(D),(D),(D),(D),(D),(D),(D),(D),(D),(D),(D),(D),52965,(D),(D),(D),(D),(D),(D),(D),(D),41325
 "22115","Vernon, LA",5,CAGDP2,68,"61,62","  Educational services, health care, and social assistance ","Thousands of dollars",58342,60492,59329,71092,75860,83514,86758,90145,96376,101624,111196,113871,106861,97528,92648,91377,96525,101076,98444,97670,97863,101226
 "22115","Vernon, LA",5,CAGDP2,69,"61","   Educational services ","Thousands of dollars",22534,21163,(D),22676,23828,25950,25702,22570,27184,30850,35089,36267,32001,25183,18844,3329,9514,13447,14156,11735,9929,5481
 "22115","Vernon, LA",5,CAGDP2,70,"62","   Health care and social assistance ","Thousands of dollars",35808,39329,(D),48416,52032,57564,61056,67575,69192,70774,76107,77604,74859,72345,73804,88047,87011,87629,84289,85935,87934,95746
 "22115","Vernon, LA",5,CAGDP2,75,"71,72","  Arts, entertainment, recreation, accommodation, and food services ","Thousands of dollars",24394,26515,26033,30480,(D),33698,35932,35556,42303,46999,40686,44692,42983,44501,47720,45395,44581,41367,38622,33084,41333,51724
 "22115","Vernon, LA",5,CAGDP2,76,"71","   Arts, entertainment, and recreation ","Thousands of dollars",1333,1209,1112,847,(D),67,23,(D),(D),(D),315,460,(D),(D),(D),(D),(D),875,(D),(D),(D),(D)
 "22115","Vernon, LA",5,CAGDP2,79,"72","   Accommodation and food services ","Thousands of dollars",23061,25306,24921,29633,33668,33631,35909,(D),(D),(D),40371,44232,(D),(D),(D),(D),(D),40492,(D),(D),(D),(D)
 "22115","Vernon, LA",5,CAGDP2,82,"81","  Other services (except government and government enterprises) ","Thousands of dollars",21975,23178,24799,26131,29111,29795,27942,28828,29218,31763,30325,32937,33772,35691,35304,35478,36354,36603,35972,36663,40849,45470
 "22115","Vernon, LA",5,CAGDP2,83,"92","Government and government enterprises ","Thousands of dollars",713950,770534,849764,855663,916167,960751,996801,1112374,1172542,1269764,1363695,1309618,1254153,1195177,1162865,1155566,1164888,1160252,1195514,1245801,1320565,1329757
 "22115","Vernon, LA",5,CAGDP2,87,"11,21","Natural resources and mining ","Thousands of dollars",186479,88341,66800,59365,52850,59641,43946,40999,26977,27943,45105,46700,51221,43785,34140,27312,(D),(D),24383,18772,33221,53837
 "22115","Vernon, LA",5,CAGDP2,88,"42,44-45","Trade ","Thousands of dollars",57041,61741,65875,70691,77925,86255,89565,89217,92996,97997,104025,110465,113586,113239,110447,113717,114631,118819,122979,129329,144000,152083
 "22115","Vernon, LA",5,CAGDP2,89,"22,48-49","Transportation and utilities ","Thousands of dollars",19100,18243,18138,20631,(D),24005,22382,20710,21686,23120,23070,25004,25936,31379,31966,32516,(D),(D),32181,32349,35276,44010
 "22115","Vernon, LA",5,CAGDP2,90,"31-33,51","Manufacturing and information ","Thousands of dollars",39442,39012,41575,51993,39891,45539,47962,48691,54351,65088,58755,64904,62847,70538,76524,48876,44960,43612,48133,58009,80114,86705
 "22115","Vernon, LA",5,CAGDP2,91,"...","Private goods-producing industries 2/","Thousands of dollars",240827,144901,124581,138201,152942,148336,123086,110112,140468,139315,147342,149630,141618,148066,151499,100314,(D),(D),107064,102958,155615,177148
 "22115","Vernon, LA",5,CAGDP2,92,"...","Private services-providing industries 3/","Thousands of dollars",325901,352412,387882,454918,530201,563422,504663,588979,626592,660553,667159,717768,728487,715995,717759,774547,(D),(D),833257,812522,847867,897933
 "22117","Washington, LA",5,CAGDP2,1,"...","All industry total ","Thousands of dollars",690861,736197,746007,813029,857727,902123,803330,876124,1012734,1024108,1122212,1013951,1014905,1064963,1092124,1101182,1120766,1173827,1162837,1086975,1186888,1285379
 "22117","Washington, LA",5,CAGDP2,2,"..."," Private industries ","Thousands of dollars",553788,582582,577768,638971,671198,710510,615628,686985,797396,804516,896378,794117,797053,870937,914313,921100,937212,983583,970733,890335,978005,1067870
 "22117","Washington, LA",5,CAGDP2,3,"11","  Agriculture, forestry, fishing and hunting ","Thousands of dollars",20849,18351,10751,13397,5079,11929,10016,3169,3095,3887,6739,6575,4050,6094,4266,4169,3512,3775,2262,4173,5034,1358
 "22117","Washington, LA",5,CAGDP2,6,"21","  Mining, quarrying, and oil and gas extraction ","Thousands of dollars",4786,5821,6675,7419,9248,7634,10507,11356,14003,7106,6189,5407,5482,6839,10162,6730,5317,5097,4151,4542,3815,17541
 "22117","Washington, LA",5,CAGDP2,10,"22","  Utilities ","Thousands of dollars",24033,21836,7906,22898,24468,27244,25741,26839,23427,27663,25892,24191,25313,27754,(D),29410,(D),(D),30908,30371,42845,59112
 "22117","Washington, LA",5,CAGDP2,11,"23","  Construction ","Thousands of dollars",26356,28633,30718,30639,44727,46234,47767,40259,33069,41347,42589,50465,59987,63819,57953,58613,56133,54606,56152,39442,58986,45053
 "22117","Washington, LA",5,CAGDP2,12,"31-33","  Manufacturing ","Thousands of dollars",134725,135739,123244,140356,137726,166537,173702,177873,217103,229103,278571,270636,253212,288215,324554,299242,294286,327529,292514,236214,265856,289932
 "22117","Washington, LA",5,CAGDP2,13,"321,327-339","   Durable goods manufacturing ","Thousands of dollars",(D),(D),(D),(D),(D),(D),(D),(D),(D),(D),(D),(D),25428,28111,29002,34947,40069,47157,36053,58057,97248,95740
 "22117","Washington, LA",5,CAGDP2,25,"311-316,322-326","   Nondurable goods manufacturing ","Thousands of dollars",(D),(D),(D),(D),(D),(D),(D),(D),(D),(D),(D),(D),227784,260104,295551,264295,254218,280373,256461,178157,168608,194191
 "22117","Washington, LA",5,CAGDP2,34,"42","  Wholesale trade ","Thousands of dollars",15924,16513,15929,15109,15520,16206,17583,15570,18149,20263,20749,17410,18465,17732,13512,14998,18177,18902,19562,19729,28042,28154
 "22117","Washington, LA",5,CAGDP2,35,"44-45","  Retail trade ","Thousands of dollars",55361,57753,63390,64535,68025,77735,78639,74528,68403,70012,66246,66258,70520,71616,69531,77324,83650,86613,88567,96896,105865,111658
 "22117","Washington, LA",5,CAGDP2,36,"48-49","  Transportation and warehousing ","Thousands of dollars",9555,9759,10316,10904,11719,11312,11328,13237,11097,10963,8688,9301,11044,10862,10618,10911,11528,12475,9450,9930,12324,15592
 "22117","Washington, LA",5,CAGDP2,45,"51","  Information ","Thousands of dollars",8497,14377,24442,36485,32217,19148,11890,14348,16319,17908,17436,16570,12646,11094,10533,10877,10600,9502,9336,8310,8378,8614
 "22117","Washington, LA",5,CAGDP2,50,"52,53","  Finance, insurance, real estate, rental, and leasing ","Thousands of dollars",139304,160053,174262,190224,212837,208973,104577,178990,260137,239043,285950,183899,188427,193262,192781,214453,216078,218771,229938,219322,220192,214412
 "22117","Washington, LA",5,CAGDP2,51,"52","   Finance and insurance ","Thousands of dollars",24030,26681,27423,28605,32411,32351,32889,30805,28032,29270,29941,27113,22522,28440,31981,33951,33966,37106,36984,39280,39803,38659
 "22117","Washington, LA",5,CAGDP2,56,"53","   Real estate and rental and leasing ","Thousands of dollars",115274,133372,146839,161619,180426,176622,71687,148185,232105,209773,256009,156786,165905,164822,160800,180502,182112,181665,192954,180042,180389,175754
 "22117","Washington, LA",5,CAGDP2,59,"54,55,56","  Professional and business services ","Thousands of dollars",29746,32834,31094,25364,26010,28504,32996,34458,31695,34268,33568,33151,34062,45698,51995,47118,53965,57694,58436,59059,59651,84393
 "22117","Washington, LA",5,CAGDP2,60,"54","   Professional, scientific, and technical services ","Thousands of dollars",18734,21521,13438,11712,(D),(D),(D),(D),(D),(D),(D),(D),(D),(D),(D),(D),(D),(D),12798,11008,12140,(D)
 "22117","Washington, LA",5,CAGDP2,64,"55","   Management of companies and enterprises ","Thousands of dollars",(D),(D),(D),(D),(D),(D),(D),(D),(D),(D),(D),(D),(D),(D),(D),(D),(D),(D),0,0,0,(D)
 "22117","Washington, LA",5,CAGDP2,65,"56","   Administrative and support and waste management and remediation services ","Thousands of dollars",(D),(D),(D),(D),14654,16169,20487,20422,19115,20859,18208,(D),19719,31064,35027,35032,42669,45738,45638,48051,47512,69021
 "22117","Washington, LA",5,CAGDP2,68,"61,62","  Educational services, health care, and social assistance ","Thousands of dollars",46906,40045,37691,37316,38528,42177,45657,52379,56659,57747,57979,60756,61886,74188,86506,91366,94354,100552,109934,107702,108619,124012
 "22117","Washington, LA",5,CAGDP2,69,"61","   Educational services ","Thousands of dollars",(D),(D),(D),(D),(D),(D),(D),(D),(D),(D),(D),(D),(D),(D),(D),(D),(D),(D),(D),(D),(D),(D)
 "22117","Washington, LA",5,CAGDP2,70,"62","   Health care and social assistance ","Thousands of dollars",(D),(D),(D),(D),(D),(D),(D),(D),(D),(D),(D),(D),(D),(D),(D),(D),(D),(D),(D),(D),(D),(D)
 "22117","Washington, LA",5,CAGDP2,75,"71,72","  Arts, entertainment, recreation, accommodation, and food services ","Thousands of dollars",13438,14440,15061,16721,17522,17492,16421,14564,15348,15972,15590,17464,19001,19638,(D),21764,(D),(D),20558,18896,24275,27850
 "22117","Washington, LA",5,CAGDP2,76,"71","   Arts, entertainment, and recreation ","Thousands of dollars",1962,1954,1741,1607,1553,1440,1349,1304,1346,1167,1330,1635,1606,1402,(D),1046,(D),(D),1046,1390,3153,4173
 "22117","Washington, LA",5,CAGDP2,79,"72","   Accommodation and food services ","Thousands of dollars",11477,12487,13321,15115,15969,16052,15072,13260,14002,14804,14260,15830,17395,18236,19118,20718,20697,19765,19512,17507,21122,23676
 "22117","Washington, LA",5,CAGDP2,82,"81","  Other services (except government and government enterprises) ","Thousands of dollars",24307,26426,26289,27604,27573,29386,28806,29415,28893,29234,30192,32032,32956,34127,34325,34125,36278,37802,38967,35750,34124,40189
 "22117","Washington, LA",5,CAGDP2,83,"92","Government and government enterprises ","Thousands of dollars",137073,153615,168239,174057,186529,191613,187702,189140,215338,219593,225834,219834,217852,194026,177811,180082,183554,190243,192103,196641,208883,217509
 "22117","Washington, LA",5,CAGDP2,87,"11,21","Natural resources and mining ","Thousands of dollars",25635,24171,17426,20816,14327,19564,20523,14525,17097,10993,12928,11981,9532,12932,14428,10899,8830,8873,6414,8715,8849,18899
 "22117","Washington, LA",5,CAGDP2,88,"42,44-45","Trade ","Thousands of dollars",71285,74266,79319,79644,83545,93941,96222,90098,86552,90275,86995,83669,88985,89348,83043,92321,101827,105514,108129,116624,133906,139812
 "22117","Washington, LA",5,CAGDP2,89,"22,48-49","Transportation and utilities ","Thousands of dollars",33589,31596,18222,33802,36187,38556,37069,40076,34524,38626,34580,33493,36357,38617,(D),40322,(D),(D),40358,40300,55168,74704
 "22117","Washington, LA",5,CAGDP2,90,"31-33,51","Manufacturing and information ","Thousands of dollars",143223,150116,147685,176841,169943,185685,185591,192221,233423,247011,296006,287207,265859,299309,335087,310119,304886,337031,301849,244524,274234,298545
 "22117","Washington, LA",5,CAGDP2,91,"...","Private goods-producing industries 2/","Thousands of dollars",186716,188543,171388,191811,196780,232335,241991,232658,267269,281443,334088,333083,322732,364966,396935,368753,359249,391007,355079,284372,333690,353884
 "22117","Washington, LA",5,CAGDP2,92,"...","Private services-providing industries 3/","Thousands of dollars",367071,394038,406380,447160,474419,478176,373637,454327,530127,523073,562290,461034,474321,505971,517378,552347,577963,592576,615654,605963,644315,713986
 "22119","Webster, LA",5,CAGDP2,1,"...","All industry total ","Thousands of dollars",1008884,943842,1067150,1144745,1311289,1330154,1275480,1384453,1358203,1406217,1354414,1327205,1276009,1286189,1194087,1145214,1152170,1218432,1225487,1184316,1286893,1383263
 "22119","Webster, LA",5,CAGDP2,2,"..."," Private industries ","Thousands of dollars",923167,853104,968631,1040208,1203632,1220765,1159600,1266990,1224289,1263812,1212332,1190807,1141821,1147582,1054945,1005849,1013139,1073669,1078154,1032227,1136572,1226454
 "22119","Webster, LA",5,CAGDP2,3,"11","  Agriculture, forestry, fishing and hunting ","Thousands of dollars",11189,12228,9705,10256,8452,9186,5643,5263,4577,5953,4827,4572,7640,4996,5127,(D),2804,(D),(D),(D),2929,2464
 "22119","Webster, LA",5,CAGDP2,6,"21","  Mining, quarrying, and oil and gas extraction ","Thousands of dollars",312272,189123,249220,296436,395585,383695,372196,404191,268501,251712,236547,193229,161175,152547,90772,56941,89172,113884,101814,68430,91954,118074
 "22119","Webster, LA",5,CAGDP2,10,"22","  Utilities ","Thousands of dollars",(D),1337,891,(D),1296,1517,1555,1753,1877,2008,2078,2198,2325,2241,2027,(D),2452,(D),(D),(D),4151,1882
 "22119","Webster, LA",5,CAGDP2,11,"23","  Construction ","Thousands of dollars",41723,36355,35642,40187,53630,64445,94936,95238,69745,74622,60008,64059,65499,69905,72628,80730,63606,67762,73396,74132,80995,85005
 "22119","Webster, LA",5,CAGDP2,12,"31-33","  Manufacturing ","Thousands of dollars",180522,205277,235609,226343,231448,225063,231890,224563,263572,264451,230139,236235,217873,205276,166582,155710,159600,186807,183869,163096,171590,195438
 "22119","Webster, LA",5,CAGDP2,13,"321,327-339","   Durable goods manufacturing ","Thousands of dollars",94285,92545,104782,114128,121693,119155,122419,118488,127975,121529,77247,89392,104039,(D),(D),(D),(D),96242,93529,81904,85121,98738
 "22119","Webster, LA",5,CAGDP2,25,"311-316,322-326","   Nondurable goods manufacturing ","Thousands of dollars",86238,112733,130827,112215,109755,105908,109471,106075,135597,142921,152892,146843,113834,(D),(D),(D),(D),90565,90341,81192,86469,96700
 "22119","Webster, LA",5,CAGDP2,34,"42","  Wholesale trade ","Thousands of dollars",32846,37475,42073,46510,49962,50650,56356,62875,64262,75976,77780,86056,84209,82840,72303,64833,55735,56255,56665,56402,60797,67215
 "22119","Webster, LA",5,CAGDP2,35,"44-45","  Retail trade ","Thousands of dollars",71247,73885,78577,83082,89440,96824,104213,102521,98843,100247,100069,105305,111546,114189,109642,115191,116773,119706,123807,139236,158720,168202
 "22119","Webster, LA",5,CAGDP2,36,"48-49","  Transportation and warehousing ","Thousands of dollars",15352,16192,17856,18075,20822,17497,17068,20134,23693,31777,35403,34528,31498,37138,38428,36603,46975,45796,42749,39233,45656,53199
 "22119","Webster, LA",5,CAGDP2,45,"51","  Information ","Thousands of dollars",8164,9606,9606,10355,11168,9812,9772,9449,8966,8669,8046,8078,8578,8433,9411,8462,8198,7434,8376,7809,7674,7806
 "22119","Webster, LA",5,CAGDP2,50,"52,53","  Finance, insurance, real estate, rental, and leasing ","Thousands of dollars",136959,147501,154548,162467,184193,199474,102551,167163,237292,259309,268678,262006,253389,260744,270672,251705,247748,245665,258773,249814,275609,266201
 "22119","Webster, LA",5,CAGDP2,51,"52","   Finance and insurance ","Thousands of dollars",29840,34449,34485,34295,36600,37552,37270,38940,43562,41593,39100,38129,28513,31139,36761,42890,50351,52389,47371,47693,47733,44884
 "22119","Webster, LA",5,CAGDP2,56,"53","   Real estate and rental and leasing ","Thousands of dollars",107119,113052,120064,128172,147593,161922,65281,128223,193730,217716,229578,223877,224876,229605,233911,208815,197397,193276,211402,202121,227875,221316
 "22119","Webster, LA",5,CAGDP2,59,"54,55,56","  Professional and business services ","Thousands of dollars",(D),18977,24087,26358,30142,30495,30379,33150,31461,33031,32901,33244,35785,41215,45275,49250,51568,54200,(D),48597,59220,65334
 "22119","Webster, LA",5,CAGDP2,60,"54","   Professional, scientific, and technical services ","Thousands of dollars",(D),9863,(D),(D),10805,11541,13339,(D),16408,17921,17853,(D),17048,18806,19967,23882,(D),(D),(D),22164,(D),25288
 "22119","Webster, LA",5,CAGDP2,64,"55","   Management of companies and enterprises ","Thousands of dollars",(D),(D),(D),(D),1718,1521,1334,(D),(D),(D),1470,(D),2387,2226,1999,2050,(D),(D),(D),(D),(D),3247
 "22119","Webster, LA",5,CAGDP2,65,"56","   Administrative and support and waste management and remediation services ","Thousands of dollars",7863,(D),12834,14542,17618,17434,15706,15090,(D),(D),13578,14655,16350,20183,23309,23318,27618,29088,24822,(D),31978,36799
 "22119","Webster, LA",5,CAGDP2,68,"61,62","  Educational services, health care, and social assistance ","Thousands of dollars",58621,65919,70709,76425,84080,86722,87916,93676,100436,101399,104829,110451,112829,119228,122141,(D),115389,115525,114025,123870,120027,128216
 "22119","Webster, LA",5,CAGDP2,69,"61","   Educational services ","Thousands of dollars",(D),(D),1993,2201,(D),(D),(D),(D),(D),3231,3304,(D),(D),(D),(D),(D),(D),(D),(D),(D),(D),(D)
 "22119","Webster, LA",5,CAGDP2,70,"62","   Health care and social assistance ","Thousands of dollars",(D),(D),68716,74223,(D),(D),(D),(D),(D),98168,101524,(D),(D),(D),(D),(D),(D),(D),(D),(D),(D),(D)
 "22119","Webster, LA",5,CAGDP2,75,"71,72","  Arts, entertainment, recreation, accommodation, and food services ","Thousands of dollars",14525,17513,17537,(D),20430,21672,20839,21726,24564,27842,26110,25682,26099,26493,27367,27190,27766,26687,26619,24104,26375,31904
 "22119","Webster, LA",5,CAGDP2,76,"71","   Arts, entertainment, and recreation ","Thousands of dollars",757,728,649,(D),544,885,1116,527,495,832,1050,1281,1516,1813,1629,1756,2370,2222,2106,2111,3559,5002
 "22119","Webster, LA",5,CAGDP2,79,"72","   Accommodation and food services ","Thousands of dollars",13768,16785,16888,19434,19887,20787,19724,21198,24070,27010,25060,24401,24583,24680,25738,25434,25396,24466,24513,21993,22816,26902
 "22119","Webster, LA",5,CAGDP2,82,"81","  Other services (except government and government enterprises) ","Thousands of dollars",20637,21715,22572,22888,22983,23713,24286,25288,26499,26817,24919,25163,23377,22336,22571,23494,25354,27704,31038,31111,30875,35514
 "22119","Webster, LA",5,CAGDP2,83,"92","Government and government enterprises ","Thousands of dollars",85717,90738,98519,104537,107657,109389,115881,117463,133914,142406,142082,136398,134187,138607,139142,139366,139032,144763,147334,152088,150321,156809
 "22119","Webster, LA",5,CAGDP2,87,"11,21","Natural resources and mining ","Thousands of dollars",323462,201351,258925,306691,404037,392880,377839,409454,273078,257665,241374,197802,168814,157543,95899,(D),91975,(D),(D),(D),94883,120538
 "22119","Webster, LA",5,CAGDP2,88,"42,44-45","Trade ","Thousands of dollars",104093,111360,120649,129593,139402,147474,160569,165396,163105,176223,177848,191361,195755,197029,181945,180024,172508,175961,180472,195639,219517,235417
 "22119","Webster, LA",5,CAGDP2,89,"22,48-49","Transportation and utilities ","Thousands of dollars",(D),17529,18747,(D),22119,19014,18623,21886,25570,33785,37481,36726,33824,39379,40455,(D),49427,(D),(D),(D),49807,55081
 "22119","Webster, LA",5,CAGDP2,90,"31-33,51","Manufacturing and information ","Thousands of dollars",188686,214883,245214,236698,242616,234875,241662,234012,272538,273120,238185,244313,226451,213709,175993,164171,167798,194241,192246,170906,179264,203243
 "22119","Webster, LA",5,CAGDP2,91,"...","Private goods-producing industries 2/","Thousands of dollars",545707,442984,530176,573221,689116,682388,704664,729255,606396,596738,531521,498096,452186,432725,335109,(D),315181,(D),(D),(D),347468,400981
 "22119","Webster, LA",5,CAGDP2,92,"...","Private services-providing industries 3/","Thousands of dollars",377460,410120,438455,466987,514516,538376,454936,537735,617893,667073,680811,692710,689635,714858,719836,(D),697958,(D),(D),(D),789104,825473
 "22121","West Baton Rouge, LA",5,CAGDP2,1,"...","All industry total ","Thousands of dollars",828131,919610,1094301,1183926,1470681,1478706,1424142,1469468,1234419,1204801,1808375,1726464,1604052,1930220,1859378,1721495,1793469,1942798,2136242,1710684,2130516,2538942
 "22121","West Baton Rouge, LA",5,CAGDP2,2,"..."," Private industries ","Thousands of dollars",768020,855534,1026813,1113240,1397355,1394273,1331668,1372848,1137367,1105886,1706832,1624925,1497602,1818885,1743676,1600503,1666989,1810797,2001554,1571206,1986946,2391789
 "22121","West Baton Rouge, LA",5,CAGDP2,3,"11","  Agriculture, forestry, fishing and hunting ","Thousands of dollars",26800,39088,16326,21048,16141,12466,4005,3666,546,9911,1967,1037,1044,1154,1161,6131,9260,12011,13952,12554,17347,12579
 "22121","West Baton Rouge, LA",5,CAGDP2,6,"21","  Mining, quarrying, and oil and gas extraction ","Thousands of dollars",10627,10885,13190,9857,15847,14315,13893,36423,30773,32703,23068,27261,23905,19808,8960,4472,4536,6936,4845,2356,4604,11364
 "22121","West Baton Rouge, LA",5,CAGDP2,10,"22","  Utilities ","Thousands of dollars",6211,6275,5641,3793,3834,4069,4261,4489,4711,4901,4733,4123,2759,2618,2353,4306,4221,4181,4764,6326,10472,8983
 "22121","West Baton Rouge, LA",5,CAGDP2,11,"23","  Construction ","Thousands of dollars",90955,70246,63456,60518,72764,94217,138823,232110,192899,153108,174970,181708,206622,232535,252760,256759,252280,227938,266628,218102,238902,267843
 "22121","West Baton Rouge, LA",5,CAGDP2,12,"31-33","  Manufacturing ","Thousands of dollars",242584,310248,494205,560798,812048,737837,677774,558396,356453,347858,938389,879104,707095,939588,821695,638830,704974,828907,944144,586547,839015,1129177
 "22121","West Baton Rouge, LA",5,CAGDP2,13,"321,327-339","   Durable goods manufacturing ","Thousands of dollars",42470,44011,34147,40929,35635,34624,65187,70136,65569,68418,81853,85353,88751,135665,131167,146661,138148,150701,168758,148980,157445,171068
 "22121","West Baton Rouge, LA",5,CAGDP2,25,"311-316,322-326","   Nondurable goods manufacturing ","Thousands of dollars",200114,266237,460058,519869,776413,703213,612588,488260,290884,279440,856536,793751,618344,803923,690527,492170,566826,678207,775386,437567,681569,958110
 "22121","West Baton Rouge, LA",5,CAGDP2,34,"42","  Wholesale trade ","Thousands of dollars",94661,(D),(D),(D),(D),(D),(D),(D),(D),(D),(D),(D),(D),(D),(D),(D),(D),(D),(D),(D),(D),(D)
 "22121","West Baton Rouge, LA",5,CAGDP2,35,"44-45","  Retail trade ","Thousands of dollars",(D),37132,38631,40160,46916,64499,79004,89125,98557,103653,98956,98770,90051,91509,91138,97759,94745,93360,86261,90397,98593,106605
 "22121","West Baton Rouge, LA",5,CAGDP2,36,"48-49","  Transportation and warehousing ","Thousands of dollars",69897,64790,72167,77369,85502,98378,98767,123352,123851,121063,120654,129127,143531,167483,183993,183751,174422,174406,186119,173755,244031,261581
 "22121","West Baton Rouge, LA",5,CAGDP2,45,"51","  Information ","Thousands of dollars",16211,14323,15139,15686,14521,(D),(D),6749,4393,2324,1474,(D),(D),(D),(D),(D),(D),(D),(D),(D),2632,2855
 "22121","West Baton Rouge, LA",5,CAGDP2,50,"52,53","  Finance, insurance, real estate, rental, and leasing ","Thousands of dollars",102237,126520,133816,141794,132985,141521,65766,96840,125112,125290,148194,100784,100810,127674,136242,167300,171762,202806,(D),222277,254457,(D)
 "22121","West Baton Rouge, LA",5,CAGDP2,51,"52","   Finance and insurance ","Thousands of dollars",5965,6886,7392,7661,8892,8586,9028,8614,8433,7978,8511,9042,7867,11084,13921,(D),(D),(D),(D),20155,20452,21915
 "22121","West Baton Rouge, LA",5,CAGDP2,56,"53","   Real estate and rental and leasing ","Thousands of dollars",96272,119634,126424,134133,124093,132935,56738,88226,116679,117311,139683,91742,92943,116590,122320,(D),(D),(D),207887,202122,234005,(D)
 "22121","West Baton Rouge, LA",5,CAGDP2,59,"54,55,56","  Professional and business services ","Thousands of dollars",14630,15093,21181,22848,25783,34771,42648,41074,34289,41568,44012,46855,46377,48942,50434,45349,43012,47908,51690,50431,48946,57412
 "22121","West Baton Rouge, LA",5,CAGDP2,60,"54","   Professional, scientific, and technical services ","Thousands of dollars",(D),5777,(D),(D),(D),(D),(D),(D),(D),(D),(D),(D),(D),(D),(D),(D),(D),28833,30963,29321,(D),34532
 "22121","West Baton Rouge, LA",5,CAGDP2,64,"55","   Management of companies and enterprises ","Thousands of dollars",(D),(D),(D),(D),(D),(D),(D),(D),(D),(D),(D),(D),(D),(D),(D),(D),(D),1910,1789,(D),(D),(D)
 "22121","West Baton Rouge, LA",5,CAGDP2,65,"56","   Administrative and support and waste management and remediation services ","Thousands of dollars",5325,(D),7021,8227,9206,12162,13823,19232,16046,19534,18843,16954,16560,16271,19499,18461,17525,17165,18938,(D),(D),(D)
 "22121","West Baton Rouge, LA",5,CAGDP2,68,"61,62","  Educational services, health care, and social assistance ","Thousands of dollars",(D),(D),(D),(D),(D),12481,14066,(D),(D),(D),(D),18133,18558,18318,19575,17075,17649,18587,17082,19016,(D),24872
 "22121","West Baton Rouge, LA",5,CAGDP2,69,"61","   Educational services ","Thousands of dollars",(D),(D),(D),(D),(D),(D),400,(D),(D),(D),(D),(D),968,(D),(D),1291,(D),1518,(D),1697,(D),2307
 "22121","West Baton Rouge, LA",5,CAGDP2,70,"62","   Health care and social assistance ","Thousands of dollars",(D),(D),(D),(D),(D),(D),13666,(D),(D),(D),(D),(D),17589,(D),(D),15784,(D),17069,(D),17319,(D),22565
 "22121","West Baton Rouge, LA",5,CAGDP2,75,"71,72","  Arts, entertainment, recreation, accommodation, and food services ","Thousands of dollars",32317,34893,34600,36433,40531,44779,45622,45865,38315,39624,39133,40124,44195,49763,54252,54468,54883,53265,50610,45300,58352,68401
 "22121","West Baton Rouge, LA",5,CAGDP2,76,"71","   Arts, entertainment, and recreation ","Thousands of dollars",16622,17706,16500,16763,16693,14908,14883,14897,13893,13720,12747,11329,10782,12523,12078,12034,12750,16805,16682,15156,19407,22200
 "22121","West Baton Rouge, LA",5,CAGDP2,79,"72","   Accommodation and food services ","Thousands of dollars",15696,17186,18101,19670,23838,29871,30740,30967,24422,25903,26386,28795,33413,37240,42175,42433,42133,36460,33928,30143,38945,46201
 "22121","West Baton Rouge, LA",5,CAGDP2,82,"81","  Other services (except government and government enterprises) ","Thousands of dollars",21589,26125,21798,22364,30850,30888,33277,30145,28980,29236,27740,27561,28230,31173,30228,27875,29084,30691,30362,27093,26854,32248
 "22121","West Baton Rouge, LA",5,CAGDP2,83,"92","Government and government enterprises ","Thousands of dollars",60111,64075,67488,70686,73326,84433,92474,96620,97052,98914,101543,101539,106450,111335,115703,120992,126481,132001,134688,139478,143571,147152
 "22121","West Baton Rouge, LA",5,CAGDP2,87,"11,21","Natural resources and mining ","Thousands of dollars",37427,49973,29516,30904,31988,26781,17897,40089,31319,42614,25035,28298,24949,20962,10121,10603,13796,18947,18797,14910,21951,23943
 "22121","West Baton Rouge, LA",5,CAGDP2,88,"42,44-45","Trade ","Thousands of dollars",(D),(D),(D),(D),(D),(D),(D),(D),(D),(D),(D),(D),(D),(D),(D),(D),(D),(D),(D),(D),(D),(D)
 "22121","West Baton Rouge, LA",5,CAGDP2,89,"22,48-49","Transportation and utilities ","Thousands of dollars",76108,71065,77809,81162,89336,102447,103028,127841,128563,125963,125386,133250,146290,170101,186347,188057,178643,178587,190883,180081,254503,270564
 "22121","West Baton Rouge, LA",5,CAGDP2,90,"31-33,51","Manufacturing and information ","Thousands of dollars",258795,324572,509344,576484,826569,(D),(D),565145,360846,350182,939863,(D),(D),(D),(D),(D),(D),(D),(D),(D),841647,1132032
 "22121","West Baton Rouge, LA",5,CAGDP2,91,"...","Private goods-producing industries 2/","Thousands of dollars",370965,430467,587177,652220,916799,858835,834495,830595,580670,543581,1138394,1089110,938666,1193085,1084576,906192,971050,1075793,1229569,819559,1099867,1420963
 "22121","West Baton Rouge, LA",5,CAGDP2,92,"...","Private services-providing industries 3/","Thousands of dollars",397055,425068,439637,461020,480556,535438,497173,542253,556697,562306,568438,535815,558936,625799,659100,694310,695939,735004,771986,751647,887078,970826
 "22123","West Carroll, LA",5,CAGDP2,1,"...","All industry total ","Thousands of dollars",151408,158043,164549,163780,188685,223518,168361,145057,174644,184406,191240,203892,217236,207255,187820,222637,218428,236085,194220,210853,221058,213323
 "22123","West Carroll, LA",5,CAGDP2,2,"..."," Private industries ","Thousands of dollars",118291,123820,127671,125082,146571,179848,127903,103714,128195,135220,142141,154392,165153,158057,138271,170717,163948,180230,139555,153790,167036,155965
 "22123","West Carroll, LA",5,CAGDP2,3,"11","  Agriculture, forestry, fishing and hunting ","Thousands of dollars",28731,28110,39705,34595,33948,32712,38450,(D),20715,28018,34988,42629,50692,36102,16110,32941,23899,19252,18288,26461,33729,20259
 "22123","West Carroll, LA",5,CAGDP2,6,"21","  Mining, quarrying, and oil and gas extraction ","Thousands of dollars",0,0,0,12,62,177,122,90,103,85,158,275,348,377,213,83,50,63,81,74,75,61
 "22123","West Carroll, LA",5,CAGDP2,10,"22","  Utilities ","Thousands of dollars",1109,1391,1432,1538,1277,1299,(D),1651,1707,1644,1620,1392,1486,1779,1862,2119,2086,2168,2173,2203,2278,1988
 "22123","West Carroll, LA",5,CAGDP2,11,"23","  Construction ","Thousands of dollars",7636,6824,(D),(D),(D),11308,(D),(D),(D),8824,(D),(D),8590,(D),(D),9738,(D),(D),(D),8983,11225,(D)
 "22123","West Carroll, LA",5,CAGDP2,12,"31-33","  Manufacturing ","Thousands of dollars",9485,9832,(D),(D),(D),12378,(D),13438,(D),8276,(D),(D),9217,(D),(D),6456,(D),(D),(D),5846,7543,(D)
 "22123","West Carroll, LA",5,CAGDP2,13,"321,327-339","   Durable goods manufacturing ","Thousands of dollars",(D),(D),(D),(D),(D),(D),(D),(D),(D),(D),(D),(D),7804,7699,7458,6397,(D),(D),(D),5478,7158,8623
 "22123","West Carroll, LA",5,CAGDP2,25,"311-316,322-326","   Nondurable goods manufacturing ","Thousands of dollars",(D),(D),(D),1222,1817,(D),(D),(D),(D),(D),(D),(D),1413,(D),(D),59,111,135,189,368,385,(D)
 "22123","West Carroll, LA",5,CAGDP2,34,"42","  Wholesale trade ","Thousands of dollars",4796,4876,4094,4286,4255,3491,3217,2756,2235,2146,2321,2592,6140,8826,5408,4234,4168,4041,3646,3827,4207,3599
 "22123","West Carroll, LA",5,CAGDP2,35,"44-45","  Retail trade ","Thousands of dollars",9698,10245,11044,11757,13229,14608,15567,16604,17624,18046,17483,18309,19540,20366,19522,22150,22812,22985,24021,25198,28331,29088
 "22123","West Carroll, LA",5,CAGDP2,36,"48-49","  Transportation and warehousing ","Thousands of dollars",14578,16639,8468,7065,6006,5466,5312,5278,4402,5526,4303,4351,4538,5177,5559,5563,4983,11436,4500,4545,6463,7884
 "22123","West Carroll, LA",5,CAGDP2,45,"51","  Information ","Thousands of dollars",2567,2769,2934,2940,(D),1968,2029,1839,(D),1495,1910,1830,1727,1411,1313,1033,854,756,702,536,637,647
 "22123","West Carroll, LA",5,CAGDP2,50,"52,53","  Finance, insurance, real estate, rental, and leasing ","Thousands of dollars",23782,25677,25647,24928,26082,26063,10876,19373,26058,27790,28659,30755,31743,34451,34771,37267,34589,37698,(D),44614,41374,(D)
 "22123","West Carroll, LA",5,CAGDP2,51,"52","   Finance and insurance ","Thousands of dollars",7231,8215,7989,7134,6868,5936,5920,6095,6069,5741,5738,5034,(D),(D),(D),8324,8997,9276,(D),(D),(D),(D)
 "22123","West Carroll, LA",5,CAGDP2,56,"53","   Real estate and rental and leasing ","Thousands of dollars",16550,17461,17659,17793,19214,20126,4956,13278,19990,22049,22922,25721,(D),(D),(D),28943,25592,28423,29619,(D),(D),30504
 "22123","West Carroll, LA",5,CAGDP2,59,"54,55,56","  Professional and business services ","Thousands of dollars",(D),2621,2961,3413,22996,52675,8354,11310,15667,11483,9450,8741,8102,8879,11808,24132,31358,43555,(D),7649,8131,(D)
 "22123","West Carroll, LA",5,CAGDP2,60,"54","   Professional, scientific, and technical services ","Thousands of dollars",(D),(D),1607,(D),(D),(D),(D),(D),(D),(D),4168,(D),(D),(D),(D),(D),(D),3936,3399,2805,2807,3511
 "22123","West Carroll, LA",5,CAGDP2,64,"55","   Management of companies and enterprises ","Thousands of dollars",0,0,0,0,0,0,0,0,0,0,0,0,0,0,0,0,0,(D),(D),(D),(D),(D)
 "22123","West Carroll, LA",5,CAGDP2,65,"56","   Administrative and support and waste management and remediation services ","Thousands of dollars",(D),(D),1354,(D),(D),(D),(D),(D),(D),(D),5281,(D),(D),(D),(D),(D),(D),(D),(D),(D),(D),(D)
 "22123","West Carroll, LA",5,CAGDP2,68,"61,62","  Educational services, health care, and social assistance ","Thousands of dollars",(D),6622,7261,7521,7111,7830,9172,10359,10803,10995,11195,11964,11086,12097,12483,11950,12465,12382,13194,12501,10970,10798
 "22123","West Carroll, LA",5,CAGDP2,69,"61","   Educational services ","Thousands of dollars",(D),(D),(D),(D),(D),(D),(D),(D),(D),(D),(D),(D),(D),1120,1120,1260,1296,1371,(D),(D),(D),(D)
 "22123","West Carroll, LA",5,CAGDP2,70,"62","   Health care and social assistance ","Thousands of dollars",(D),(D),(D),(D),(D),(D),(D),(D),(D),(D),(D),(D),(D),10977,11364,10690,11169,11011,(D),(D),(D),(D)
 "22123","West Carroll, LA",5,CAGDP2,75,"71,72","  Arts, entertainment, recreation, accommodation, and food services ","Thousands of dollars",2029,2150,2013,2306,(D),2842,(D),2728,(D),2789,3152,4080,4109,4198,4386,4216,4004,3947,3757,3702,4518,5043
 "22123","West Carroll, LA",5,CAGDP2,76,"71","   Arts, entertainment, and recreation ","Thousands of dollars",530,(D),(D),(D),(D),(D),(D),(D),(D),(D),(D),250,248,254,211,(D),203,249,(D),(D),(D),(D)
 "22123","West Carroll, LA",5,CAGDP2,79,"72","   Accommodation and food services ","Thousands of dollars",1499,(D),(D),(D),(D),(D),(D),(D),(D),(D),(D),3830,3861,3944,4176,(D),3801,3698,(D),(D),(D),(D)
 "22123","West Carroll, LA",5,CAGDP2,82,"81","  Other services (except government and government enterprises) ","Thousands of dollars",6203,6065,5900,5731,6399,7031,7154,7264,7146,8104,7522,7595,7835,8188,8017,8836,8638,8774,8273,7651,7554,8657
 "22123","West Carroll, LA",5,CAGDP2,83,"92","Government and government enterprises ","Thousands of dollars",33117,34223,36878,38699,42114,43670,40457,41343,46449,49186,49099,49500,52083,49198,49550,51920,54480,55855,54665,57063,54023,57358
 "22123","West Carroll, LA",5,CAGDP2,87,"11,21","Natural resources and mining ","Thousands of dollars",28731,28110,39705,34607,34009,32888,38572,(D),20818,28103,35146,42904,51041,36478,16323,33024,23949,19316,18370,26535,33805,20320
 "22123","West Carroll, LA",5,CAGDP2,88,"42,44-45","Trade ","Thousands of dollars",14494,15122,15139,16043,17485,18099,18784,19360,19859,20192,19804,20901,25680,29192,24930,26384,26980,27026,27667,29025,32538,32687
 "22123","West Carroll, LA",5,CAGDP2,89,"22,48-49","Transportation and utilities ","Thousands of dollars",15687,18030,9900,8602,7283,6765,(D),6929,6109,7171,5922,5743,6023,6956,7421,7682,7069,13604,6673,6748,8741,9872
 "22123","West Carroll, LA",5,CAGDP2,90,"31-33,51","Manufacturing and information ","Thousands of dollars",12053,12601,(D),(D),13296,14345,(D),15277,11541,9771,(D),(D),10944,(D),(D),7489,(D),(D),(D),6382,8180,(D)
 "22123","West Carroll, LA",5,CAGDP2,91,"...","Private goods-producing industries 2/","Thousands of dollars",45852,44766,55916,53598,54898,56574,62064,24552,38159,45203,54527,62783,68848,52684,33141,49217,37991,32488,30130,41364,52572,38169
 "22123","West Carroll, LA",5,CAGDP2,92,"...","Private services-providing industries 3/","Thousands of dollars",72439,79054,71755,71484,91672,123274,65839,79162,90035,90018,87614,91609,96305,105372,105129,121500,125957,147742,109425,112426,114463,117796
 "22125","West Feliciana, LA",5,CAGDP2,1,"...","All industry total ","Thousands of dollars",702219,688173,675060,679158,683920,694992,664707,686609,789562,816149,767900,792115,852286,877680,826141,825308,873327,921978,1005403,1063533,1148266,1222894
 "22125","West Feliciana, LA",5,CAGDP2,2,"..."," Private industries ","Thousands of dollars",579252,554651,537051,536293,531891,543257,517472,535395,617052,650067,604793,629369,683237,704127,650383,646554,691199,732971,810423,866452,955277,1017928
 "22125","West Feliciana, LA",5,CAGDP2,3,"11","  Agriculture, forestry, fishing and hunting ","Thousands of dollars",3369,5042,1858,(D),1913,(D),1749,4866,9385,12110,14276,16962,(D),16032,10346,1378,379,(D),(D),(D),469,525
 "22125","West Feliciana, LA",5,CAGDP2,6,"21","  Mining, quarrying, and oil and gas extraction ","Thousands of dollars",3066,2285,1529,1792,2283,1757,1691,1707,1846,1745,1669,3164,2845,4957,2681,1729,1465,1133,854,573,(D),863
 "22125","West Feliciana, LA",5,CAGDP2,10,"22","  Utilities ","Thousands of dollars",371202,325360,325629,316714,319851,332047,319970,312433,344717,398841,375793,359277,383199,413521,355177,361905,402295,401025,441871,498856,540809,592123
 "22125","West Feliciana, LA",5,CAGDP2,11,"23","  Construction ","Thousands of dollars",6989,7919,8423,(D),9844,(D),16221,33100,41672,38966,37173,31828,(D),25324,31709,24546,33766,31935,53529,34387,51844,50276
 "22125","West Feliciana, LA",5,CAGDP2,12,"31-33","  Manufacturing ","Thousands of dollars",115457,125291,108742,109829,95235,94172,85224,66916,94568,69712,43209,63509,86541,77182,81116,78363,78061,(D),(D),(D),(D),134963
 "22125","West Feliciana, LA",5,CAGDP2,13,"321,327-339","   Durable goods manufacturing ","Thousands of dollars",(D),(D),(D),(D),(D),(D),(D),(D),(D),(D),(D),(D),7393,6321,(D),(D),(D),5190,(D),(D),4907,(D)
 "22125","West Feliciana, LA",5,CAGDP2,25,"311-316,322-326","   Nondurable goods manufacturing ","Thousands of dollars",(D),(D),(D),(D),(D),(D),(D),(D),(D),(D),(D),(D),79148,70861,(D),(D),(D),(D),(D),(D),(D),(D)
 "22125","West Feliciana, LA",5,CAGDP2,34,"42","  Wholesale trade ","Thousands of dollars",4293,4953,6350,6600,6817,6866,8038,8170,(D),(D),(D),(D),(D),(D),7307,6293,5342,5540,5589,5637,5943,6211
 "22125","West Feliciana, LA",5,CAGDP2,35,"44-45","  Retail trade ","Thousands of dollars",9222,9494,10052,11132,11774,13384,15017,16058,16915,20021,19067,20134,20889,22578,22641,26103,28437,30119,26256,36104,44368,43111
 "22125","West Feliciana, LA",5,CAGDP2,36,"48-49","  Transportation and warehousing ","Thousands of dollars",(D),(D),(D),(D),(D),(D),(D),(D),(D),6055,5638,6065,7758,(D),(D),(D),(D),(D),(D),(D),(D),(D)
 "22125","West Feliciana, LA",5,CAGDP2,45,"51","  Information ","Thousands of dollars",2272,2173,2122,2230,2145,(D),1297,1765,2260,2123,1827,1816,1909,2006,1832,(D),(D),1945,2517,2397,2530,2569
 "22125","West Feliciana, LA",5,CAGDP2,50,"52,53","  Finance, insurance, real estate, rental, and leasing ","Thousands of dollars",26580,26035,27313,29884,32259,29183,14943,25527,33165,40308,44468,60473,58680,64220,61631,70673,65079,83232,89619,90320,89964,(D)
 "22125","West Feliciana, LA",5,CAGDP2,51,"52","   Finance and insurance ","Thousands of dollars",6107,4542,4653,4200,4849,5266,6045,6231,6382,6240,5872,6329,5842,6984,8571,9860,11846,14351,14468,15028,15050,14955
 "22125","West Feliciana, LA",5,CAGDP2,56,"53","   Real estate and rental and leasing ","Thousands of dollars",20473,21493,22660,25684,27410,23917,8898,19296,26783,34069,38596,54144,52838,57237,53059,60813,53233,68882,75151,75292,74914,(D)
 "22125","West Feliciana, LA",5,CAGDP2,59,"54,55,56","  Professional and business services ","Thousands of dollars",(D),14330,13944,13589,14217,13689,16482,26479,24043,16635,16664,18187,18353,20526,24999,17160,18020,(D),32720,31252,36278,23251
 "22125","West Feliciana, LA",5,CAGDP2,60,"54","   Professional, scientific, and technical services ","Thousands of dollars",3066,(D),(D),3783,3666,3421,4264,(D),(D),(D),(D),(D),8083,(D),(D),(D),(D),12978,(D),(D),12440,(D)
 "22125","West Feliciana, LA",5,CAGDP2,64,"55","   Management of companies and enterprises ","Thousands of dollars",(D),(D),(D),0,0,0,0,(D),(D),(D),(D),(D),171,(D),(D),(D),(D),(D),(D),(D),0,(D)
 "22125","West Feliciana, LA",5,CAGDP2,65,"56","   Administrative and support and waste management and remediation services ","Thousands of dollars",(D),8433,8804,9806,10551,10268,12219,20885,18463,10297,10456,11043,10098,10961,13477,5008,5346,(D),18093,19151,23838,(D)
 "22125","West Feliciana, LA",5,CAGDP2,68,"61,62","  Educational services, health care, and social assistance ","Thousands of dollars",4938,6750,6119,6840,7893,8826,9057,10551,13119,15653,17225,18743,19464,19802,20225,(D),23227,24278,(D),(D),(D),26970
 "22125","West Feliciana, LA",5,CAGDP2,69,"61","   Educational services ","Thousands of dollars",48,50,49,33,10,2,4,2,2,7,7,9,(D),(D),(D),(D),(D),(D),(D),(D),(D),(D)
 "22125","West Feliciana, LA",5,CAGDP2,70,"62","   Health care and social assistance ","Thousands of dollars",4890,6700,6070,6807,7883,8824,9053,10549,13117,15646,17218,18734,(D),(D),(D),(D),(D),(D),(D),(D),(D),(D)
 "22125","West Feliciana, LA",5,CAGDP2,75,"71,72","  Arts, entertainment, recreation, accommodation, and food services ","Thousands of dollars",9061,(D),(D),(D),(D),12641,(D),(D),11247,(D),(D),(D),(D),14494,(D),18241,17963,18792,19629,17854,24782,29298
 "22125","West Feliciana, LA",5,CAGDP2,76,"71","   Arts, entertainment, and recreation ","Thousands of dollars",3226,(D),(D),(D),(D),(D),(D),(D),(D),(D),(D),(D),(D),(D),(D),(D),2409,(D),2171,2070,2978,(D)
 "22125","West Feliciana, LA",5,CAGDP2,79,"72","   Accommodation and food services ","Thousands of dollars",5835,(D),(D),(D),(D),(D),(D),(D),(D),(D),(D),(D),(D),(D),(D),(D),15554,(D),17458,15784,21804,(D)
 "22125","West Feliciana, LA",5,CAGDP2,82,"81","  Other services (except government and government enterprises) ","Thousands of dollars",6490,7431,7608,8114,8294,8473,10123,10735,13095,8424,8442,9497,10078,8372,10369,12680,12346,12958,12560,11974,11860,14381
 "22125","West Feliciana, LA",5,CAGDP2,83,"92","Government and government enterprises ","Thousands of dollars",122967,133521,138009,142865,152029,151734,147234,151214,172510,166082,163107,162746,169049,173553,175757,178754,182128,189007,194980,197080,192988,204965
 "22125","West Feliciana, LA",5,CAGDP2,87,"11,21","Natural resources and mining ","Thousands of dollars",6436,7328,3387,(D),4196,(D),3440,6573,11231,13855,15945,20126,(D),20988,13027,3107,1844,(D),(D),(D),(D),1388
 "22125","West Feliciana, LA",5,CAGDP2,88,"42,44-45","Trade ","Thousands of dollars",13515,14447,16402,17732,18591,20250,23055,24228,(D),(D),(D),(D),(D),(D),29947,32396,33780,35659,31845,41740,50311,49322
 "22125","West Feliciana, LA",5,CAGDP2,89,"22,48-49","Transportation and utilities ","Thousands of dollars",(D),(D),(D),(D),(D),(D),(D),(D),(D),404896,381431,365342,390957,(D),(D),(D),(D),(D),(D),(D),(D),(D)
 "22125","West Feliciana, LA",5,CAGDP2,90,"31-33,51","Manufacturing and information ","Thousands of dollars",117729,127464,110864,112058,97381,(D),86522,68682,96828,71835,45035,65325,88450,79188,82948,(D),(D),(D),(D),(D),(D),137532
 "22125","West Feliciana, LA",5,CAGDP2,91,"...","Private goods-producing industries 2/","Thousands of dollars",128882,140538,120552,123259,109275,110014,104885,106589,147472,122533,96326,115463,143112,123494,125852,106016,113671,133397,152751,146548,170459,186628
 "22125","West Feliciana, LA",5,CAGDP2,92,"...","Private services-providing industries 3/","Thousands of dollars",450370,414113,416499,413034,422616,433243,412587,428806,469580,527534,508467,513905,540125,580633,524531,540538,577528,599573,657672,719904,784818,831301
 "22127","Winn, LA",5,CAGDP2,1,"...","All industry total ","Thousands of dollars",263349,269857,299926,328386,353377,351676,346082,367137,389447,415315,428874,471914,507490,482228,444114,438180,454621,488932,475394,520203,649754,701170
 "22127","Winn, LA",5,CAGDP2,2,"..."," Private industries ","Thousands of dollars",228288,232359,259485,286629,310998,308835,305589,326262,344492,369838,382127,426861,462118,434737,396585,393288,406293,440215,418423,450742,583511,627691
 "22127","Winn, LA",5,CAGDP2,3,"11","  Agriculture, forestry, fishing and hunting ","Thousands of dollars",18216,19577,19969,23117,24357,26220,30813,28007,25806,26681,23833,24542,32456,36979,40723,26779,31331,34313,31288,30813,35513,44020
 "22127","Winn, LA",5,CAGDP2,6,"21","  Mining, quarrying, and oil and gas extraction ","Thousands of dollars",22250,16459,16267,18784,22186,29065,30206,40314,30956,26793,26390,27884,24624,21143,13064,10315,12048,13389,10721,5661,7883,9728
 "22127","Winn, LA",5,CAGDP2,10,"22","  Utilities ","Thousands of dollars",121,21,154,225,229,208,178,233,242,(D),238,219,197,201,216,188,205,212,197,180,172,175
 "22127","Winn, LA",5,CAGDP2,11,"23","  Construction ","Thousands of dollars",6677,7656,9048,8525,9258,10649,15441,12734,17496,17733,17762,18119,15006,12822,9735,9395,18492,18757,16924,12672,17890,22176
 "22127","Winn, LA",5,CAGDP2,12,"31-33","  Manufacturing ","Thousands of dollars",51898,53656,72030,89143,92587,68367,62709,48842,60137,72016,71214,90185,148585,116174,91249,102655,108823,130028,90349,122300,227668,244480
 "22127","Winn, LA",5,CAGDP2,13,"321,327-339","   Durable goods manufacturing ","Thousands of dollars",(D),(D),(D),(D),(D),(D),(D),(D),(D),(D),(D),(D),(D),(D),(D),(D),(D),(D),(D),(D),(D),(D)
 "22127","Winn, LA",5,CAGDP2,25,"311-316,322-326","   Nondurable goods manufacturing ","Thousands of dollars",(D),(D),(D),(D),(D),(D),(D),(D),(D),(D),(D),(D),(D),(D),(D),(D),(D),(D),(D),(D),(D),(D)
 "22127","Winn, LA",5,CAGDP2,34,"42","  Wholesale trade ","Thousands of dollars",11153,(D),12771,15098,19994,20408,24647,28874,26448,29472,33540,37601,19944,14362,11934,10028,9449,9673,10241,9994,10633,11729
 "22127","Winn, LA",5,CAGDP2,35,"44-45","  Retail trade ","Thousands of dollars",20386,21982,22614,22422,22153,23794,22720,22465,21255,21658,21800,21735,21522,21967,22323,24102,24532,24525,24805,27167,29099,30338
 "22127","Winn, LA",5,CAGDP2,36,"48-49","  Transportation and warehousing ","Thousands of dollars",7842,8101,6877,7031,8732,7293,8170,8982,6476,4829,4809,4982,6408,7109,7824,6408,5446,4637,(D),(D),(D),(D)
 "22127","Winn, LA",5,CAGDP2,45,"51","  Information ","Thousands of dollars",1828,2364,2727,2689,2587,2019,1836,1462,1773,(D),1852,2184,1747,2623,2657,1801,1616,1189,(D),(D),(D),(D)
 "22127","Winn, LA",5,CAGDP2,50,"52,53","  Finance, insurance, real estate, rental, and leasing ","Thousands of dollars",36620,38778,38622,37616,41289,44027,22697,39466,51916,55719,64367,70963,63833,71380,69199,74095,73527,80378,97956,117803,112879,110463
 "22127","Winn, LA",5,CAGDP2,51,"52","   Finance and insurance ","Thousands of dollars",8178,9733,9760,8716,10730,10413,9841,10466,10283,11477,11355,11508,10026,11740,12951,12893,12757,12543,12573,12986,13110,12598
 "22127","Winn, LA",5,CAGDP2,56,"53","   Real estate and rental and leasing ","Thousands of dollars",28441,29046,28862,28900,30559,33614,12857,29000,41633,44242,53012,59456,53807,59640,56248,61202,60769,67835,85383,104817,99768,97865
 "22127","Winn, LA",5,CAGDP2,59,"54,55,56","  Professional and business services ","Thousands of dollars",20937,22717,24032,25303,26389,29015,32033,34903,36728,37568,38869,38956,39938,41131,40464,36066,35175,37600,40330,(D),32697,35333
 "22127","Winn, LA",5,CAGDP2,60,"54","   Professional, scientific, and technical services ","Thousands of dollars",3551,(D),(D),(D),(D),(D),(D),(D),(D),(D),(D),(D),(D),(D),(D),7559,6760,7125,7881,7015,(D),(D)
 "22127","Winn, LA",5,CAGDP2,64,"55","   Management of companies and enterprises ","Thousands of dollars",0,(D),(D),(D),(D),(D),(D),(D),(D),(D),(D),(D),(D),(D),(D),0,0,0,0,223,(D),(D)
 "22127","Winn, LA",5,CAGDP2,65,"56","   Administrative and support and waste management and remediation services ","Thousands of dollars",17386,18500,20230,21367,22619,25018,27536,29320,30594,30561,31049,30307,30875,31614,31361,28507,28415,30475,32449,(D),25291,27236
 "22127","Winn, LA",5,CAGDP2,68,"61,62","  Educational services, health care, and social assistance ","Thousands of dollars",19326,19274,22205,24041,29673,34202,38229,41285,47947,55136,56676,65465,66450,63681,60404,63681,69922,69299,73799,71489,85845,92541
 "22127","Winn, LA",5,CAGDP2,69,"61","   Educational services ","Thousands of dollars",119,127,144,133,115,133,294,382,277,529,444,504,628,380,452,245,235,267,(D),(D),(D),(D)
 "22127","Winn, LA",5,CAGDP2,70,"62","   Health care and social assistance ","Thousands of dollars",19208,19147,22061,23908,29558,34069,37935,40903,47670,54607,56232,64961,65822,63301,59953,63436,69687,69031,(D),(D),(D),(D)
 "22127","Winn, LA",5,CAGDP2,75,"71,72","  Arts, entertainment, recreation, accommodation, and food services ","Thousands of dollars",3536,(D),4031,4416,4945,4581,5210,5203,5480,5699,5388,6170,6028,7841,7938,6281,6353,6691,6723,6130,8052,9713
 "22127","Winn, LA",5,CAGDP2,76,"71","   Arts, entertainment, and recreation ","Thousands of dollars",(D),(D),(D),(D),375,286,430,194,288,62,(D),(D),(D),(D),(D),(D),(D),(D),(D),583,1745,2730
 "22127","Winn, LA",5,CAGDP2,79,"72","   Accommodation and food services ","Thousands of dollars",(D),(D),(D),(D),4570,4295,4780,5010,5192,5637,(D),(D),(D),(D),(D),(D),(D),(D),(D),5547,6307,6983
 "22127","Winn, LA",5,CAGDP2,82,"81","  Other services (except government and government enterprises) ","Thousands of dollars",7499,8531,8138,8219,6620,8989,10700,13494,11832,14275,15390,17857,15379,17325,18854,21492,9374,9525,(D),(D),(D),(D)
 "22127","Winn, LA",5,CAGDP2,83,"92","Government and government enterprises ","Thousands of dollars",35060,37497,40441,41757,42379,42841,40493,40875,44955,45477,46747,45052,45372,47490,47529,44893,48328,48717,56971,69461,66244,73479
 "22127","Winn, LA",5,CAGDP2,87,"11,21","Natural resources and mining ","Thousands of dollars",40466,36035,36236,41902,46543,55285,61019,68321,56762,53474,50223,52426,57080,58122,53787,37094,43379,47701,42009,36474,43397,53748
 "22127","Winn, LA",5,CAGDP2,88,"42,44-45","Trade ","Thousands of dollars",31539,(D),35385,37520,42147,44201,47368,51339,47703,51130,55340,59336,41466,36329,34257,34130,33981,34198,35046,37161,39733,42067
 "22127","Winn, LA",5,CAGDP2,89,"22,48-49","Transportation and utilities ","Thousands of dollars",7963,8122,7031,7256,8961,7501,8348,9215,6718,(D),5046,5201,6606,7310,8041,6596,5651,4849,(D),(D),(D),(D)
 "22127","Winn, LA",5,CAGDP2,90,"31-33,51","Manufacturing and information ","Thousands of dollars",53726,56019,74757,91831,95174,70385,64545,50303,61910,(D),73066,92369,150332,118797,93906,104456,110439,131217,(D),(D),(D),(D)
 "22127","Winn, LA",5,CAGDP2,91,"...","Private goods-producing industries 2/","Thousands of dollars",99040,97347,117314,139569,148387,134301,139169,129896,134395,143222,139199,160729,220671,187118,154770,149144,170694,196486,149282,171446,288954,320404
 "22127","Winn, LA",5,CAGDP2,92,"...","Private services-providing industries 3/","Thousands of dollars",129248,135012,142170,147060,162611,174534,166420,196366,210097,226616,242928,266132,241447,247619,241814,244144,235598,243729,269141,279296,294556,307288
"Note: See the included footnote file."
"CAGDP2: Gross domestic product (GDP) by county and metropolitan area 1."
"Last updated: November 1, 2024 -- revised statistics for 2001-2016."
"U.S. Bureau of Economic Analysis"
