GeoFIPS,GeoName,Region,TableName,LineCode,IndustryClassification,Description,Unit,2001,2002,2003,2004,2005,2006,2007,2008,2009,2010,2011,2012,2013,2014,2015,2016,2017,2018,2019,2020,2021,2022
 "31000","Nebraska",4,CAGDP2,1,"...","All industry total ","Thousands of dollars",59634294,61569514,66471731,70445368,74886671,79287464,84291943,86146577,87325516,91940720,100526513,102949652,107246985,112763301,117402320,119389831,123219865,127954392,132740975,135284956,149360327,164933937
 "31000","Nebraska",4,CAGDP2,2,"..."," Private industries ","Thousands of dollars",51317545,52584181,57194712,60895708,65071183,68539575,73480418,74808292,75804177,79146954,87594335,89844863,94122766,98852000,103137194,104473860,107859285,112072151,116309134,118111801,131977797,146698723
 "31000","Nebraska",4,CAGDP2,3,"11","  Agriculture, forestry, fishing and hunting ","Thousands of dollars",2519454,2268035,4042681,4367608,4084112,3346643,4967801,5361893,4921286,5571008,9463854,7573951,10104810,8631045,7953269,6900601,5502777,5817863,6282329,6292853,10216606,9493954
 "31000","Nebraska",4,CAGDP2,6,"21","  Mining, quarrying, and oil and gas extraction ","Thousands of dollars",80151,108158,105811,109664,131207,131957,212277,153947,131268,185795,237059,259470,215206,204988,178243,114305,135629,141331,138873,182378,192900,213651
 "31000","Nebraska",4,CAGDP2,10,"22","  Utilities ","Thousands of dollars",682523,686129,639043,982780,574679,749050,1003550,1399296,1850132,2115486,2553512,2798993,2451757,2153203,2505325,3227277,3150640,2408175,2173320,1801184,3017769,4575182
 "31000","Nebraska",4,CAGDP2,11,"23","  Construction ","Thousands of dollars",2558730,2670375,2917671,3175025,3228031,3303867,3676442,3535451,3811291,3689935,3567489,3327503,3558606,3820600,4312501,4600564,5086420,5335943,5890002,6287437,6562285,7223833
 "31000","Nebraska",4,CAGDP2,12,"31-33","  Manufacturing ","Thousands of dollars",7764909,7396494,7602200,7594961,8254645,9435307,9144841,9930765,10233094,10890099,12108543,12751268,13147110,12777873,12371064,12111267,11914845,13624518,13985747,14806638,17248440,18992923
 "31000","Nebraska",4,CAGDP2,13,"321,327-339","   Durable goods manufacturing ","Thousands of dollars",3714618,3769474,3887267,4118267,4359493,4500009,4643130,4648807,3926914,4434973,5560894,5799286,6276533,5573907,5323535,5045788,5252872,5421939,5759662,5811261,6225141,7119982
 "31000","Nebraska",4,CAGDP2,25,"311-316,322-326","   Nondurable goods manufacturing ","Thousands of dollars",4050291,3627020,3714933,3476694,3895152,4935298,4501711,5281957,6306180,6455127,6547649,6951982,6870576,7203966,7047529,7065479,6661973,8202580,8226085,8995377,11023299,11872941
 "31000","Nebraska",4,CAGDP2,34,"42","  Wholesale trade ","Thousands of dollars",3603208,3705886,3772949,4163494,4417338,4580439,4800503,5470426,5537141,5928840,6054144,6565146,6904933,7539300,7822083,7562134,7432438,7969384,8421800,8436594,8933259,9971057
 "31000","Nebraska",4,CAGDP2,35,"44-45","  Retail trade ","Thousands of dollars",4177615,4275648,4615415,4783396,4864034,4889946,4982315,5106215,5085546,5220520,5272662,5613139,6071042,6107137,6441485,6706353,6932623,6949440,7177050,7717948,8475063,8597301
 "31000","Nebraska",4,CAGDP2,36,"48-49","  Transportation and warehousing ","Thousands of dollars",4035462,3978689,4431499,4964111,5453643,5986252,6096960,6743998,6173353,6563418,8025309,8190063,7778911,9834957,10052896,9546648,10095302,10673258,9495096,9103242,10633432,11935809
 "31000","Nebraska",4,CAGDP2,45,"51","  Information ","Thousands of dollars",1829058,2297686,2560981,2758388,2699116,2721016,3219259,3027437,2914085,2927054,3096920,2872061,3090694,3112675,3385027,3723852,3684977,3636343,3975675,4020983,4586028,4720749
 "31000","Nebraska",4,CAGDP2,50,"52,53","  Finance, insurance, real estate, rental, and leasing ","Thousands of dollars",11057733,11337553,12035279,12535852,14995051,16000550,17339059,14727964,15392772,15753635,16501136,17717882,18023697,20930560,22987760,23948410,26892753,27035365,28992611,30139830,30242476,35841114
 "31000","Nebraska",4,CAGDP2,51,"52","   Finance and insurance ","Thousands of dollars",4836503,4890850,5532367,5823738,7832837,8609799,9467863,6428005,7035475,6922101,7048183,8190638,8141592,10470515,12013987,12535047,15005148,14368621,16170877,16917048,16235214,20928301
 "31000","Nebraska",4,CAGDP2,56,"53","   Real estate and rental and leasing ","Thousands of dollars",6221230,6446703,6502912,6712114,7162215,7390751,7871197,8299959,8357296,8831535,9452953,9527244,9882105,10460045,10973773,11413363,11887604,12666744,12821733,13222782,14007262,14912814
 "31000","Nebraska",4,CAGDP2,59,"54,55,56","  Professional and business services ","Thousands of dollars",5066847,5439953,5591246,5952552,6446946,7074440,7490056,8138549,8101080,8286346,8397092,9188504,9503879,9988390,10622465,10771708,11247137,11689316,12100954,12255782,13065114,14571855
 "31000","Nebraska",4,CAGDP2,60,"54","   Professional, scientific, and technical services ","Thousands of dollars",2346736,2563168,2727782,2947300,3167253,3457751,3598430,4142755,4156357,4329781,4426166,4821730,4602210,4652727,4803094,4946887,5150668,5516359,5721443,5850341,6361407,6976336
 "31000","Nebraska",4,CAGDP2,64,"55","   Management of companies and enterprises ","Thousands of dollars",1071315,1210792,1191819,1287516,1423523,1627943,1878331,1884426,1926547,1922169,1860588,2089747,2479790,2662552,2984717,2806386,2868594,2701692,2717022,2853714,2878289,3200049
 "31000","Nebraska",4,CAGDP2,65,"56","   Administrative and support and waste management and remediation services ","Thousands of dollars",1648796,1665993,1671645,1717737,1856171,1988747,2013295,2111368,2018176,2034396,2110337,2277027,2421879,2673112,2834653,3018435,3227875,3471265,3662488,3551727,3825418,4395469
 "31000","Nebraska",4,CAGDP2,68,"61,62","  Educational services, health care, and social assistance ","Thousands of dollars",4639878,4965242,5342177,5746543,6004523,6316714,6588209,7151518,7539671,7659874,7880734,8354094,8456484,8634425,9075499,9593255,9932588,10593700,11126033,11081370,11847288,12653558
 "31000","Nebraska",4,CAGDP2,69,"61","   Educational services ","Thousands of dollars",558760,572165,605115,664171,674097,720113,748816,809377,894192,925980,933015,965039,918806,913199,933868,983868,984189,1035958,1061633,989616,1029516,1059835
 "31000","Nebraska",4,CAGDP2,70,"62","   Health care and social assistance ","Thousands of dollars",4081118,4393076,4737062,5082372,5330426,5596601,5839392,6342141,6645479,6733894,6947718,7389055,7537678,7721225,8141631,8609386,8948399,9557742,10064400,10091755,10817771,11593722
 "31000","Nebraska",4,CAGDP2,75,"71,72","  Arts, entertainment, recreation, accommodation, and food services ","Thousands of dollars",1714648,1754168,1843803,1921985,2011025,2062571,2121304,2202408,2238401,2386905,2458616,2566028,2674788,2858842,3066860,3244789,3332837,3523277,3743054,3146559,3876841,4571539
 "31000","Nebraska",4,CAGDP2,76,"71","   Arts, entertainment, and recreation ","Thousands of dollars",304138,324809,348189,364894,382609,395053,388583,405520,423359,459846,484116,527512,547366,588948,587338,628921,652498,698183,731516,602411,740847,870552
 "31000","Nebraska",4,CAGDP2,79,"72","   Accommodation and food services ","Thousands of dollars",1410510,1429359,1495614,1557091,1628416,1667518,1732721,1796888,1815042,1927059,1974500,2038516,2127422,2269894,2479522,2615868,2680339,2825094,3011538,2544148,3135994,3700986
 "31000","Nebraska",4,CAGDP2,82,"81","  Other services (except government and government enterprises) ","Thousands of dollars",1587326,1700165,1693957,1839349,1906832,1940823,1837840,1858426,1875057,1968038,1977265,2066761,2140851,2258005,2362719,2422699,2518320,2674238,2806589,2839001,3080297,3336198
 "31000","Nebraska",4,CAGDP2,83,"92","Government and government enterprises ","Thousands of dollars",8316749,8985334,9277019,9549660,9815488,10747889,10811525,11338285,11521339,12793766,12932178,13104790,13124218,13911301,14265126,14915971,15360580,15882241,16431841,17173155,17382530,18235215
 "31000","Nebraska",4,CAGDP2,87,"11,21","Natural resources and mining ","Thousands of dollars",2599606,2376193,4148491,4477272,4215319,3478601,5180078,5515840,5052554,5756803,9700913,7833420,10320016,8836033,8131512,7014905,5638406,5959194,6421203,6475231,10409505,9707606
 "31000","Nebraska",4,CAGDP2,88,"42,44-45","Trade ","Thousands of dollars",7780823,7981533,8388364,8946889,9281372,9470385,9782818,10576640,10622688,11149360,11326806,12178285,12975975,13646437,14263568,14268487,14365060,14918824,15598850,16154542,17408322,18568358
 "31000","Nebraska",4,CAGDP2,89,"22,48-49","Transportation and utilities ","Thousands of dollars",4717985,4664818,5070542,5946891,6028322,6735302,7100511,8143294,8023485,8678905,10578821,10989056,10230667,11988160,12558221,12773925,13245942,13081433,11668416,10904426,13651201,16510991
 "31000","Nebraska",4,CAGDP2,90,"31-33,51","Manufacturing and information ","Thousands of dollars",9593968,9694180,10163181,10353349,10953761,12156323,12364101,12958202,13147179,13817153,15205463,15623330,16237804,15890548,15756091,15835118,15599823,17260861,17961423,18827621,21834469,23713672
 "31000","Nebraska",4,CAGDP2,91,"...","Private goods-producing industries 2/","Thousands of dollars",12923245,12443062,14668363,15247258,15697995,16217774,18001361,18982055,19096939,20336838,25376945,23912192,27025731,25434506,24815077,23726736,22639671,24919655,26296952,27569307,34220230,35924362
 "31000","Nebraska",4,CAGDP2,92,"...","Private services-providing industries 3/","Thousands of dollars",38394299,40141118,42526349,45648450,49373188,52321801,55479057,55826237,56707238,58810116,62217390,65932671,67097035,73417493,78322117,80747125,85219614,87152496,90012182,90542494,97757567,110774361
 "31001","Adams, NE",4,CAGDP2,1,"...","All industry total ","Thousands of dollars",925434,961343,987974,1010053,1121483,1261223,1379309,1449339,1402087,1396216,1570347,1640550,1821659,1820785,1814290,1858480,1836139,1874455,1939697,1913437,2221016,2509771
 "31001","Adams, NE",4,CAGDP2,2,"..."," Private industries ","Thousands of dollars",796700,825804,850849,872239,985749,1112568,1235398,1303118,1254321,1229426,1399437,1468931,1651037,1640609,1630533,1666226,1642403,1675722,1736514,1702847,2007589,2286743
 "31001","Adams, NE",4,CAGDP2,3,"11","  Agriculture, forestry, fishing and hunting ","Thousands of dollars",56728,78552,87559,81662,85057,97038,121898,126853,98860,99150,178345,191255,243767,208157,202539,171086,124708,107107,117077,117309,197288,184061
 "31001","Adams, NE",4,CAGDP2,6,"21","  Mining, quarrying, and oil and gas extraction ","Thousands of dollars",0,0,532,0,0,0,0,0,0,0,0,0,0,0,0,0,0,0,0,0,0,1031
 "31001","Adams, NE",4,CAGDP2,10,"22","  Utilities ","Thousands of dollars",(D),8201,10705,14785,10909,12778,11164,14153,17792,15046,49995,48872,87086,68009,59111,77497,56680,50368,51338,34470,71902,114066
 "31001","Adams, NE",4,CAGDP2,11,"23","  Construction ","Thousands of dollars",37386,38247,42785,38999,41306,39144,76205,48616,68075,59112,51216,46749,45955,55685,61901,77197,83895,79778,78655,77610,85504,135601
 "31001","Adams, NE",4,CAGDP2,12,"31-33","  Manufacturing ","Thousands of dollars",169104,166061,158932,171820,207879,247865,231450,262363,237246,240478,286564,267645,304424,297040,304045,312766,321788,363134,369742,397235,422010,504859
 "31001","Adams, NE",4,CAGDP2,13,"321,327-339","   Durable goods manufacturing ","Thousands of dollars",76620,76638,73087,87750,107634,105797,104492,132414,96864,109048,137859,136548,180322,161814,160192,148169,160525,145221,174263,189769,193541,252810
 "31001","Adams, NE",4,CAGDP2,25,"311-316,322-326","   Nondurable goods manufacturing ","Thousands of dollars",92484,89424,85845,84071,100245,142068,126958,129949,140382,131430,148705,131098,124103,135226,143853,164597,161263,217914,195479,207466,228470,252049
 "31001","Adams, NE",4,CAGDP2,34,"42","  Wholesale trade ","Thousands of dollars",37178,40031,42656,46478,56822,62768,70129,72076,71235,80901,90658,110141,113438,120524,119544,107416,98561,91527,93875,103404,106659,118026
 "31001","Adams, NE",4,CAGDP2,35,"44-45","  Retail trade ","Thousands of dollars",65235,67371,69122,69824,74096,70252,69758,73555,74564,74403,75040,79181,86477,88577,92293,96122,99680,104632,106964,118401,121624,123093
 "31001","Adams, NE",4,CAGDP2,36,"48-49","  Transportation and warehousing ","Thousands of dollars",76494,64735,75709,69881,107085,145145,191728,253980,(D),(D),(D),(D),(D),(D),(D),(D),(D),(D),(D),(D),(D),(D)
 "31001","Adams, NE",4,CAGDP2,45,"51","  Information ","Thousands of dollars",12337,13670,15125,15373,15669,15944,18664,17654,16854,15479,16618,18045,18323,16271,16226,14980,12137,11439,13154,12174,14530,14698
 "31001","Adams, NE",4,CAGDP2,50,"52,53","  Finance, insurance, real estate, rental, and leasing ","Thousands of dollars",127191,134772,128447,126362,138793,162846,173265,150567,165209,177028,173009,184557,217083,218198,226729,250395,225372,240514,263943,250345,260895,(D)
 "31001","Adams, NE",4,CAGDP2,51,"52","   Finance and insurance ","Thousands of dollars",31190,37545,38447,37152,47392,50290,53827,42354,49825,49738,47962,59035,56111,63813,68185,69855,74893,75900,85249,83749,84629,98664
 "31001","Adams, NE",4,CAGDP2,56,"53","   Real estate and rental and leasing ","Thousands of dollars",96001,97228,90000,89209,91401,112556,119438,108213,115384,127290,125047,125522,160972,154385,158544,180540,150479,164615,178693,166595,176265,(D)
 "31001","Adams, NE",4,CAGDP2,59,"54,55,56","  Professional and business services ","Thousands of dollars",(D),35924,37746,44722,45920,47876,54561,56356,58068,60991,61043,77287,75869,74591,73058,73815,80246,87077,90859,86402,96953,105835
 "31001","Adams, NE",4,CAGDP2,60,"54","   Professional, scientific, and technical services ","Thousands of dollars",(D),23368,23535,24264,24825,25542,26215,28463,29000,30706,31337,34018,33603,34249,33194,34204,33994,37566,39700,36637,40711,44160
 "31001","Adams, NE",4,CAGDP2,64,"55","   Management of companies and enterprises ","Thousands of dollars",(D),1208,1280,5304,5302,5489,8640,8273,11794,12012,9120,10720,10791,10950,12016,12494,15209,14529,15469,12025,13315,15361
 "31001","Adams, NE",4,CAGDP2,65,"56","   Administrative and support and waste management and remediation services ","Thousands of dollars",14007,11348,12931,15154,15793,16846,19705,19620,17274,18273,20586,32549,31475,29392,27848,27117,31043,34982,35690,37741,42926,46314
 "31001","Adams, NE",4,CAGDP2,68,"61,62","  Educational services, health care, and social assistance ","Thousands of dollars",117324,123173,125823,135366,139395,149066,155417,165188,(D),(D),(D),(D),(D),(D),(D),(D),(D),(D),(D),(D),(D),247807
 "31001","Adams, NE",4,CAGDP2,69,"61","   Educational services ","Thousands of dollars",(D),(D),(D),(D),(D),(D),(D),(D),(D),(D),(D),(D),(D),(D),(D),(D),(D),(D),(D),(D),(D),(D)
 "31001","Adams, NE",4,CAGDP2,70,"62","   Health care and social assistance ","Thousands of dollars",(D),(D),(D),(D),(D),(D),(D),(D),(D),(D),(D),(D),(D),(D),(D),(D),(D),(D),(D),(D),(D),(D)
 "31001","Adams, NE",4,CAGDP2,75,"71,72","  Arts, entertainment, recreation, accommodation, and food services ","Thousands of dollars",26577,27737,28306,28723,31550,31251,31367,32981,35415,37466,37175,37586,37729,38567,42752,46913,50049,51518,55022,44919,52521,62206
 "31001","Adams, NE",4,CAGDP2,76,"71","   Arts, entertainment, and recreation ","Thousands of dollars",4947,5555,5788,5599,5021,4928,4923,4882,5181,6116,6489,6318,5734,5567,5517,5860,6316,6911,7673,6564,7728,8634
 "31001","Adams, NE",4,CAGDP2,79,"72","   Accommodation and food services ","Thousands of dollars",21630,22182,22517,23124,26529,26323,26444,28098,30234,31350,30686,31269,31996,33000,37235,41053,43733,44608,47349,38355,44793,53572
 "31001","Adams, NE",4,CAGDP2,82,"81","  Other services (except government and government enterprises) ","Thousands of dollars",25626,27330,27403,28244,31269,30595,29794,28776,30408,30957,31385,33629,34929,36971,38710,39363,39419,40600,42881,42881,46877,50321
 "31001","Adams, NE",4,CAGDP2,83,"92","Government and government enterprises ","Thousands of dollars",128733,135539,137125,137814,135734,148655,143911,146221,147766,166790,170910,171619,170622,180175,183757,192254,193736,198734,203183,210591,213427,223028
 "31001","Adams, NE",4,CAGDP2,87,"11,21","Natural resources and mining ","Thousands of dollars",56728,78552,88091,81662,85057,97038,121898,126853,98860,99150,178345,191255,243767,208157,202539,171086,124708,107107,117077,117309,197288,185091
 "31001","Adams, NE",4,CAGDP2,88,"42,44-45","Trade ","Thousands of dollars",102414,107402,111778,116302,130917,133021,139886,145631,145800,155304,165697,189322,199916,209102,211836,203538,198241,196159,200839,221805,228283,241119
 "31001","Adams, NE",4,CAGDP2,89,"22,48-49","Transportation and utilities ","Thousands of dollars",(D),72936,86414,84666,117994,157923,202892,268133,(D),(D),(D),(D),(D),(D),(D),(D),(D),(D),(D),(D),(D),(D)
 "31001","Adams, NE",4,CAGDP2,90,"31-33,51","Manufacturing and information ","Thousands of dollars",181441,179731,174057,187193,223549,263809,250114,280017,254100,255957,303182,285691,322747,313311,320271,327746,333925,374573,382896,409408,436540,519557
 "31001","Adams, NE",4,CAGDP2,91,"...","Private goods-producing industries 2/","Thousands of dollars",263218,282860,289807,292482,334241,384046,429552,437832,404181,398740,516125,505649,594147,560882,568485,561048,530390,550019,565474,592153,704802,825552
 "31001","Adams, NE",4,CAGDP2,92,"...","Private services-providing industries 3/","Thousands of dollars",533482,542944,561042,579757,651507,728522,805846,865286,850141,830687,883312,963282,1056890,1079728,1062048,1105177,1112013,1125703,1171040,1110694,1302786,1461191
 "31003","Antelope, NE",4,CAGDP2,1,"...","All industry total ","Thousands of dollars",169558,183188,211600,229114,252315,239301,286789,276817,288339,308142,363275,341866,371222,382583,371293,456369,419674,433247,525561,600951,683888,717968
 "31003","Antelope, NE",4,CAGDP2,2,"..."," Private industries ","Thousands of dollars",145752,158027,187190,204537,227504,211272,258953,250927,262428,279679,335191,314112,343279,352820,340915,424510,386821,398636,488986,562705,644059,676244
 "31003","Antelope, NE",4,CAGDP2,3,"11","  Agriculture, forestry, fishing and hunting ","Thousands of dollars",43813,51653,79262,82405,75832,70241,108800,97365,90170,(D),(D),129220,(D),130689,(D),(D),79417,81983,132405,136994,203184,152112
 "31003","Antelope, NE",4,CAGDP2,6,"21","  Mining, quarrying, and oil and gas extraction ","Thousands of dollars",47,24,62,53,48,63,116,71,130,214,198,208,223,176,180,100,88,81,82,60,65,70
 "31003","Antelope, NE",4,CAGDP2,10,"22","  Utilities ","Thousands of dollars",0,0,0,0,0,0,0,0,169,169,168,162,394,22578,38078,79607,60168,49273,64822,79928,110173,159019
 "31003","Antelope, NE",4,CAGDP2,11,"23","  Construction ","Thousands of dollars",3638,4117,4391,4740,4649,4628,5085,8477,10396,10404,12093,13902,14450,16933,15120,15532,20754,26054,21047,54536,26917,22354
 "31003","Antelope, NE",4,CAGDP2,12,"31-33","  Manufacturing ","Thousands of dollars",8802,7572,7362,6314,6005,6819,6131,5777,8185,7913,8942,9496,9969,9824,10554,11779,9881,9842,9929,10974,11545,14924
 "31003","Antelope, NE",4,CAGDP2,13,"321,327-339","   Durable goods manufacturing ","Thousands of dollars",1296,1598,1328,1263,1113,601,349,459,(D),(D),1157,2280,3056,2438,1977,2722,2145,2368,1968,1759,(D),(D)
 "31003","Antelope, NE",4,CAGDP2,25,"311-316,322-326","   Nondurable goods manufacturing ","Thousands of dollars",7506,5974,6034,5051,4892,6217,5782,5318,(D),(D),7786,7217,6913,7386,8577,9057,7736,7474,7961,9215,(D),(D)
 "31003","Antelope, NE",4,CAGDP2,34,"42","  Wholesale trade ","Thousands of dollars",21497,20224,20289,22338,24438,20256,20597,24921,26850,31476,30410,31132,31792,38087,43491,49112,58468,66677,72329,79862,84808,93946
 "31003","Antelope, NE",4,CAGDP2,35,"44-45","  Retail trade ","Thousands of dollars",8977,9275,10139,10150,9661,9669,9329,9335,9289,10280,11151,12288,13738,14021,14445,13209,12283,11823,12928,14064,14603,14428
 "31003","Antelope, NE",4,CAGDP2,36,"48-49","  Transportation and warehousing ","Thousands of dollars",11889,14859,14380,27540,53797,48448,56796,50285,(D),(D),(D),(D),(D),(D),(D),(D),(D),(D),(D),(D),(D),(D)
 "31003","Antelope, NE",4,CAGDP2,45,"51","  Information ","Thousands of dollars",1209,1339,2313,2329,2181,2148,2159,1729,1688,1689,1952,1886,2292,2333,2361,2691,2046,3116,3232,2637,3722,3617
 "31003","Antelope, NE",4,CAGDP2,50,"52,53","  Finance, insurance, real estate, rental, and leasing ","Thousands of dollars",25583,27821,28050,27471,29534,27737,29280,30758,32596,36508,39874,43801,44042,44962,45933,48986,54491,50479,55980,50265,56527,62443
 "31003","Antelope, NE",4,CAGDP2,51,"52","   Finance and insurance ","Thousands of dollars",(D),8471,8467,(D),8581,8762,8914,(D),(D),(D),(D),(D),(D),12630,13621,14565,16666,16956,18889,18839,(D),21569
 "31003","Antelope, NE",4,CAGDP2,56,"53","   Real estate and rental and leasing ","Thousands of dollars",(D),19350,19583,(D),20953,18975,20367,(D),(D),(D),(D),(D),(D),32332,32312,34421,37826,33523,37091,31426,(D),40874
 "31003","Antelope, NE",4,CAGDP2,59,"54,55,56","  Professional and business services ","Thousands of dollars",1091,1157,1446,1459,1457,1540,1633,1784,(D),2097,1902,(D),1766,(D),2383,2421,(D),(D),(D),(D),(D),(D)
 "31003","Antelope, NE",4,CAGDP2,60,"54","   Professional, scientific, and technical services ","Thousands of dollars",920,(D),(D),(D),(D),(D),(D),(D),(D),1551,1462,(D),1338,(D),1794,1949,(D),(D),(D),2423,2264,2576
 "31003","Antelope, NE",4,CAGDP2,64,"55","   Management of companies and enterprises ","Thousands of dollars",0,0,0,0,0,0,0,0,0,0,0,0,0,0,0,0,0,0,0,(D),(D),(D)
 "31003","Antelope, NE",4,CAGDP2,65,"56","   Administrative and support and waste management and remediation services ","Thousands of dollars",171,(D),(D),(D),(D),(D),(D),(D),(D),546,440,(D),427,(D),589,472,(D),(D),(D),(D),(D),(D)
 "31003","Antelope, NE",4,CAGDP2,68,"61,62","  Educational services, health care, and social assistance ","Thousands of dollars",11744,11833,11259,10988,11233,11286,11827,13364,13927,14239,14639,15399,15853,16591,17838,18299,19338,19943,21531,21813,22563,23634
 "31003","Antelope, NE",4,CAGDP2,69,"61","   Educational services ","Thousands of dollars",4287,3469,2567,1737,1527,1275,1267,1424,1470,1381,1367,1139,1114,1170,1202,1261,1308,1564,1700,1768,1565,1582
 "31003","Antelope, NE",4,CAGDP2,70,"62","   Health care and social assistance ","Thousands of dollars",7457,8363,8692,9251,9706,10012,10561,11940,12457,12858,13272,14261,14739,15421,16636,17038,18030,18379,19830,20044,20998,22053
 "31003","Antelope, NE",4,CAGDP2,75,"71,72","  Arts, entertainment, recreation, accommodation, and food services ","Thousands of dollars",2243,2296,2480,2618,2503,2415,2166,2100,2113,2219,2278,2393,2414,2256,2195,2040,2030,2254,2407,2194,2554,2679
 "31003","Antelope, NE",4,CAGDP2,76,"71","   Arts, entertainment, and recreation ","Thousands of dollars",631,689,931,996,941,855,758,702,649,655,605,662,670,736,735,793,838,1034,1061,999,916,1055
 "31003","Antelope, NE",4,CAGDP2,79,"72","   Accommodation and food services ","Thousands of dollars",1611,1606,1549,1622,1562,1560,1408,1398,1464,1564,1673,1731,1744,1519,1459,1247,1192,1220,1346,1196,1638,1624
 "31003","Antelope, NE",4,CAGDP2,82,"81","  Other services (except government and government enterprises) ","Thousands of dollars",5218,5857,5757,6131,6167,6022,5033,4961,5399,6458,6703,7475,7350,7260,6891,6699,7036,7159,7433,7375,7343,7800
 "31003","Antelope, NE",4,CAGDP2,83,"92","Government and government enterprises ","Thousands of dollars",23807,25161,24411,24577,24811,28029,27835,25890,25911,28462,28085,27754,27943,29763,30378,31858,32853,34611,36575,38246,39828,41725
 "31003","Antelope, NE",4,CAGDP2,87,"11,21","Natural resources and mining ","Thousands of dollars",43860,51677,79324,82458,75880,70305,108917,97436,90300,(D),(D),129428,(D),130865,(D),(D),79504,82064,132487,137054,203249,152182
 "31003","Antelope, NE",4,CAGDP2,88,"42,44-45","Trade ","Thousands of dollars",30474,29500,30428,32488,34099,29925,29926,34255,36139,41757,41561,43420,45530,52108,57937,62321,70751,78500,85257,93926,99412,108375
 "31003","Antelope, NE",4,CAGDP2,89,"22,48-49","Transportation and utilities ","Thousands of dollars",11889,14859,14380,27540,53797,48448,56796,50285,(D),(D),(D),(D),(D),(D),(D),(D),(D),(D),(D),(D),(D),(D)
 "31003","Antelope, NE",4,CAGDP2,90,"31-33,51","Manufacturing and information ","Thousands of dollars",10011,8911,9675,8644,8185,8966,8290,7506,9873,9602,10894,11382,12261,12157,12915,14470,11927,12957,13161,13610,15266,18541
 "31003","Antelope, NE",4,CAGDP2,91,"...","Private goods-producing industries 2/","Thousands of dollars",56300,63366,91077,93512,86533,81751,120132,111690,108881,(D),(D),152826,(D),157623,(D),(D),110140,117959,163464,202563,241711,189460
 "31003","Antelope, NE",4,CAGDP2,92,"...","Private services-providing industries 3/","Thousands of dollars",89451,94661,96113,111025,140970,129521,138821,139237,153547,(D),(D),161287,(D),195198,(D),(D),276681,280677,325522,360142,402349,486784
 "31005","Arthur, NE",4,CAGDP2,1,"...","All industry total ","Thousands of dollars",5169,6383,6655,7289,7596,9180,5858,5874,6045,8662,13514,6288,9741,21829,26471,20362,19993,16344,18553,19545,19506,16084
 "31005","Arthur, NE",4,CAGDP2,2,"..."," Private industries ","Thousands of dollars",3892,4898,5226,5816,6043,7425,4141,4042,4135,6361,11231,4016,7518,19268,23493,17103,16624,12950,15270,16092,15844,12427
 "31005","Arthur, NE",4,CAGDP2,3,"11","  Agriculture, forestry, fishing and hunting ","Thousands of dollars",(D),1127,1819,2733,(D),(D),228,218,(D),2539,7223,162,3519,13859,17276,(D),(D),(D),(D),9840,9413,5594
 "31005","Arthur, NE",4,CAGDP2,6,"21","  Mining, quarrying, and oil and gas extraction ","Thousands of dollars",0,0,0,0,0,0,0,0,0,0,0,0,0,0,0,0,0,0,0,0,0,0
 "31005","Arthur, NE",4,CAGDP2,10,"22","  Utilities ","Thousands of dollars",11,19,0,0,0,0,0,2,24,72,102,(D),23,(D),49,(D),(D),(D),(D),(D),61,(D)
 "31005","Arthur, NE",4,CAGDP2,11,"23","  Construction ","Thousands of dollars",(D),(D),(D),(D),194,233,(D),(D),125,(D),(D),(D),(D),(D),(D),(D),(D),(D),(D),(D),(D),(D)
 "31005","Arthur, NE",4,CAGDP2,12,"31-33","  Manufacturing ","Thousands of dollars",178,(D),(D),(D),(D),(D),(D),(D),(D),(D),(D),(D),(D),(D),(D),25,68,111,163,(D),(D),(D)
 "31005","Arthur, NE",4,CAGDP2,13,"321,327-339","   Durable goods manufacturing ","Thousands of dollars",32,44,20,10,5,3,1,16,18,15,7,5,9,7,9,8,16,52,79,75,18,20
 "31005","Arthur, NE",4,CAGDP2,25,"311-316,322-326","   Nondurable goods manufacturing ","Thousands of dollars",146,(D),(D),(D),(D),(D),(D),(D),(D),(D),(D),(D),(D),(D),(D),17,52,59,84,(D),(D),(D)
 "31005","Arthur, NE",4,CAGDP2,34,"42","  Wholesale trade ","Thousands of dollars",(D),(D),76,42,47,94,(D),(D),(D),(D),(D),16,28,27,26,33,(D),(D),(D),(D),(D),(D)
 "31005","Arthur, NE",4,CAGDP2,35,"44-45","  Retail trade ","Thousands of dollars",219,(D),189,141,(D),(D),(D),(D),(D),(D),(D),(D),(D),(D),(D),(D),(D),(D),(D),(D),(D),(D)
 "31005","Arthur, NE",4,CAGDP2,36,"48-49","  Transportation and warehousing ","Thousands of dollars",(D),60,21,67,140,156,284,375,447,378,469,318,256,1322,1859,1391,1007,583,659,511,800,834
 "31005","Arthur, NE",4,CAGDP2,45,"51","  Information ","Thousands of dollars",9,10,20,19,16,(D),(D),(D),(D),(D),(D),(D),(D),(D),(D),(D),(D),(D),(D),(D),(D),(D)
 "31005","Arthur, NE",4,CAGDP2,50,"52,53","  Finance, insurance, real estate, rental, and leasing ","Thousands of dollars",(D),1874,1744,1606,1784,1620,2024,1806,1869,1962,2020,1965,2010,2251,2432,2458,2111,2312,(D),2721,2624,(D)
 "31005","Arthur, NE",4,CAGDP2,51,"52","   Finance and insurance ","Thousands of dollars",(D),87,59,46,56,53,50,56,58,72,137,102,240,262,201,106,92,74,(D),(D),(D),(D)
 "31005","Arthur, NE",4,CAGDP2,56,"53","   Real estate and rental and leasing ","Thousands of dollars",1843,1787,1685,1561,1729,1567,1974,1750,1810,1890,1884,1863,1770,1990,2231,2352,2018,2237,2223,(D),(D),2779
 "31005","Arthur, NE",4,CAGDP2,59,"54,55,56","  Professional and business services ","Thousands of dollars",(D),(D),(D),(D),(D),(D),(D),(D),(D),(D),(D),(D),(D),(D),(D),(D),(D),(D),(D),(D),484,(D)
 "31005","Arthur, NE",4,CAGDP2,60,"54","   Professional, scientific, and technical services ","Thousands of dollars",(D),(D),(D),(D),(D),(D),(D),(D),(D),(D),(D),(D),(D),(D),(D),(D),(D),(D),(D),(D),(D),(D)
 "31005","Arthur, NE",4,CAGDP2,64,"55","   Management of companies and enterprises ","Thousands of dollars",0,0,0,0,0,0,0,0,0,0,0,0,0,0,0,0,0,0,0,0,0,0
 "31005","Arthur, NE",4,CAGDP2,65,"56","   Administrative and support and waste management and remediation services ","Thousands of dollars",32,36,28,18,16,23,26,22,21,24,21,16,21,24,25,39,69,87,99,64,(D),40
 "31005","Arthur, NE",4,CAGDP2,68,"61,62","  Educational services, health care, and social assistance ","Thousands of dollars",28,31,24,25,23,22,21,10,13,27,36,40,(D),(D),(D),(D),(D),(D),(D),(D),(D),(D)
 "31005","Arthur, NE",4,CAGDP2,69,"61","   Educational services ","Thousands of dollars",5,5,5,5,4,4,6,10,11,12,8,6,3,6,9,6,56,80,86,42,2,2
 "31005","Arthur, NE",4,CAGDP2,70,"62","   Health care and social assistance ","Thousands of dollars",23,26,19,20,19,18,15,0,2,15,28,34,(D),(D),(D),(D),(D),(D),(D),(D),(D),(D)
 "31005","Arthur, NE",4,CAGDP2,75,"71,72","  Arts, entertainment, recreation, accommodation, and food services ","Thousands of dollars",(D),(D),(D),21,26,(D),(D),(D),(D),(D),(D),(D),(D),(D),(D),(D),(D),(D),526,(D),(D),(D)
 "31005","Arthur, NE",4,CAGDP2,76,"71","   Arts, entertainment, and recreation ","Thousands of dollars",19,21,21,9,7,3,2,9,0,8,11,4,6,14,12,36,75,136,188,103,40,49
 "31005","Arthur, NE",4,CAGDP2,79,"72","   Accommodation and food services ","Thousands of dollars",(D),(D),(D),12,19,(D),(D),(D),(D),(D),(D),(D),(D),(D),(D),(D),(D),(D),338,(D),(D),(D)
 "31005","Arthur, NE",4,CAGDP2,82,"81","  Other services (except government and government enterprises) ","Thousands of dollars",(D),(D),(D),(D),(D),(D),(D),(D),(D),(D),(D),(D),(D),(D),(D),(D),(D),(D),(D),(D),(D),(D)
 "31005","Arthur, NE",4,CAGDP2,83,"92","Government and government enterprises ","Thousands of dollars",1277,1485,1429,1473,1553,1755,1716,1832,1910,2301,2283,2271,2223,2560,2978,3259,3370,3394,3283,3453,3662,3658
 "31005","Arthur, NE",4,CAGDP2,87,"11,21","Natural resources and mining ","Thousands of dollars",(D),1127,1819,2733,(D),(D),228,218,(D),2539,7223,162,3519,13859,17276,(D),(D),(D),(D),9840,9413,5594
 "31005","Arthur, NE",4,CAGDP2,88,"42,44-45","Trade ","Thousands of dollars",(D),386,265,184,(D),(D),484,453,469,359,330,(D),(D),(D),(D),(D),500,645,771,675,592,632
 "31005","Arthur, NE",4,CAGDP2,89,"22,48-49","Transportation and utilities ","Thousands of dollars",(D),79,21,67,140,156,284,377,471,450,571,(D),279,(D),1908,(D),(D),(D),(D),(D),860,(D)
 "31005","Arthur, NE",4,CAGDP2,90,"31-33,51","Manufacturing and information ","Thousands of dollars",187,(D),(D),(D),(D),109,101,142,132,127,127,124,125,87,81,(D),(D),(D),(D),230,240,296
 "31005","Arthur, NE",4,CAGDP2,91,"...","Private goods-producing industries 2/","Thousands of dollars",554,1619,2254,3016,3091,4550,357,396,424,2717,7377,503,3828,14242,17688,11424,11238,7429,9171,10492,9942,6077
 "31005","Arthur, NE",4,CAGDP2,92,"...","Private services-providing industries 3/","Thousands of dollars",3338,3279,2972,2800,2953,2875,3785,3646,3711,3644,3854,3513,3690,5027,5805,5679,5386,5521,6099,5600,5902,6349
 "31007","Banner, NE",4,CAGDP2,1,"...","All industry total ","Thousands of dollars",12000,11170,25748,22631,28623,24486,22368,27177,12119,26742,48128,37396,57920,67427,70537,74795,37411,36518,38064,38037,45347,50534
 "31007","Banner, NE",4,CAGDP2,2,"..."," Private industries ","Thousands of dollars",9203,8152,22629,19465,25403,21154,19148,23897,8647,22621,44009,33316,54018,63252,66278,70485,32935,31946,33265,32919,40100,44995
 "31007","Banner, NE",4,CAGDP2,3,"11","  Agriculture, forestry, fishing and hunting ","Thousands of dollars",(D),(D),(D),(D),(D),(D),(D),(D),(D),(D),(D),(D),(D),(D),(D),(D),(D),(D),(D),25301,33300,37784
 "31007","Banner, NE",4,CAGDP2,6,"21","  Mining, quarrying, and oil and gas extraction ","Thousands of dollars",119,251,331,545,902,1226,1462,1705,711,774,1135,765,637,620,248,244,236,282,228,167,301,389
 "31007","Banner, NE",4,CAGDP2,10,"22","  Utilities ","Thousands of dollars",20,(D),(D),18,0,0,0,0,0,0,0,0,0,0,0,0,0,0,0,0,0,0
 "31007","Banner, NE",4,CAGDP2,11,"23","  Construction ","Thousands of dollars",(D),(D),(D),(D),(D),(D),(D),(D),(D),(D),(D),(D),(D),(D),(D),(D),(D),(D),(D),236,136,160
 "31007","Banner, NE",4,CAGDP2,12,"31-33","  Manufacturing ","Thousands of dollars",458,648,387,118,107,390,375,153,163,156,112,128,142,131,162,233,551,405,761,96,39,46
 "31007","Banner, NE",4,CAGDP2,13,"321,327-339","   Durable goods manufacturing ","Thousands of dollars",102,126,54,36,20,12,6,37,65,60,23,30,36,18,16,17,34,120,106,96,39,46
 "31007","Banner, NE",4,CAGDP2,25,"311-316,322-326","   Nondurable goods manufacturing ","Thousands of dollars",356,522,333,82,87,378,369,117,98,96,89,98,105,113,146,216,517,285,655,0,0,0
 "31007","Banner, NE",4,CAGDP2,34,"42","  Wholesale trade ","Thousands of dollars",436,406,217,122,81,75,55,129,119,135,103,134,113,57,40,79,178,203,175,0,0,0
 "31007","Banner, NE",4,CAGDP2,35,"44-45","  Retail trade ","Thousands of dollars",338,356,216,67,93,170,161,188,284,348,225,274,287,237,232,573,730,679,603,295,171,208
 "31007","Banner, NE",4,CAGDP2,36,"48-49","  Transportation and warehousing ","Thousands of dollars",433,286,174,469,620,472,(D),(D),(D),(D),(D),(D),(D),(D),(D),2027,1645,2974,1309,684,(D),746
 "31007","Banner, NE",4,CAGDP2,45,"51","  Information ","Thousands of dollars",28,30,69,64,33,48,12,92,63,98,33,19,16,12,7,10,82,133,186,13,(D),0
 "31007","Banner, NE",4,CAGDP2,50,"52,53","  Finance, insurance, real estate, rental, and leasing ","Thousands of dollars",2370,2598,2652,2647,2951,2914,3398,3463,3848,3662,5222,5064,4879,5674,5838,5543,5492,5196,(D),5216,4324,(D)
 "31007","Banner, NE",4,CAGDP2,51,"52","   Finance and insurance ","Thousands of dollars",(D),(D),(D),(D),(D),(D),(D),(D),(D),(D),(D),(D),(D),(D),(D),(D),(D),(D),(D),(D),(D),(D)
 "31007","Banner, NE",4,CAGDP2,56,"53","   Real estate and rental and leasing ","Thousands of dollars",(D),(D),(D),(D),(D),(D),(D),(D),(D),(D),(D),(D),(D),(D),(D),(D),(D),(D),3429,(D),(D),(D)
 "31007","Banner, NE",4,CAGDP2,59,"54,55,56","  Professional and business services ","Thousands of dollars",159,171,144,116,115,146,133,172,140,171,122,119,(D),(D),137,278,346,(D),398,291,274,(D)
 "31007","Banner, NE",4,CAGDP2,60,"54","   Professional, scientific, and technical services ","Thousands of dollars",68,71,66,56,51,61,56,88,61,70,52,54,44,49,56,130,168,189,190,95,71,81
 "31007","Banner, NE",4,CAGDP2,64,"55","   Management of companies and enterprises ","Thousands of dollars",0,0,0,0,0,0,0,0,0,0,0,0,0,0,(D),(D),(D),0,(D),(D),(D),(D)
 "31007","Banner, NE",4,CAGDP2,65,"56","   Administrative and support and waste management and remediation services ","Thousands of dollars",91,100,78,60,64,85,77,84,79,101,70,65,(D),(D),(D),(D),(D),(D),(D),(D),(D),63
 "31007","Banner, NE",4,CAGDP2,68,"61,62","  Educational services, health care, and social assistance ","Thousands of dollars",80,86,76,98,106,101,62,39,44,92,125,179,(D),(D),(D),(D),(D),73,80,0,149,171
 "31007","Banner, NE",4,CAGDP2,69,"61","   Educational services ","Thousands of dollars",17,17,21,22,18,15,12,39,44,57,27,18,11,12,12,9,102,73,79,0,0,0
 "31007","Banner, NE",4,CAGDP2,70,"62","   Health care and social assistance ","Thousands of dollars",63,69,55,76,88,86,50,0,0,35,98,161,(D),(D),(D),(D),(D),0,1,0,149,171
 "31007","Banner, NE",4,CAGDP2,75,"71,72","  Arts, entertainment, recreation, accommodation, and food services ","Thousands of dollars",159,173,146,(D),(D),(D),(D),40,61,111,69,42,40,57,78,(D),(D),(D),(D),(D),(D),(D)
 "31007","Banner, NE",4,CAGDP2,76,"71","   Arts, entertainment, and recreation ","Thousands of dollars",55,58,63,40,24,(D),(D),2,3,30,23,14,17,20,18,78,150,221,263,114,43,53
 "31007","Banner, NE",4,CAGDP2,79,"72","   Accommodation and food services ","Thousands of dollars",104,115,83,(D),(D),(D),23,38,58,81,46,28,23,37,61,(D),(D),(D),(D),(D),(D),(D)
 "31007","Banner, NE",4,CAGDP2,82,"81","  Other services (except government and government enterprises) ","Thousands of dollars",524,(D),(D),(D),(D),(D),(D),(D),(D),(D),(D),(D),(D),(D),(D),(D),(D),(D),(D),(D),(D),(D)
 "31007","Banner, NE",4,CAGDP2,83,"92","Government and government enterprises ","Thousands of dollars",2797,3017,3119,3167,3220,3331,3220,3280,3472,4121,4119,4080,3902,4175,4259,4310,4476,4573,4799,5118,5247,5540
 "31007","Banner, NE",4,CAGDP2,87,"11,21","Natural resources and mining ","Thousands of dollars",(D),(D),(D),(D),(D),(D),(D),(D),(D),(D),(D),(D),(D),(D),(D),(D),(D),(D),(D),25468,33601,38173
 "31007","Banner, NE",4,CAGDP2,88,"42,44-45","Trade ","Thousands of dollars",774,762,433,189,174,245,216,317,403,482,327,408,400,295,273,652,908,882,778,295,171,208
 "31007","Banner, NE",4,CAGDP2,89,"22,48-49","Transportation and utilities ","Thousands of dollars",453,(D),(D),487,620,472,(D),(D),(D),(D),(D),(D),(D),(D),(D),2027,1645,2974,1309,684,(D),746
 "31007","Banner, NE",4,CAGDP2,90,"31-33,51","Manufacturing and information ","Thousands of dollars",485,678,456,183,139,438,387,245,226,254,145,147,158,142,168,243,633,539,947,109,(D),46
 "31007","Banner, NE",4,CAGDP2,91,"...","Private goods-producing industries 2/","Thousands of dollars",4657,3394,18346,15194,20958,16836,14424,18444,2441,16298,36658,26124,47176,54351,56518,61281,23377,21157,24336,25800,33776,38379
 "31007","Banner, NE",4,CAGDP2,92,"...","Private services-providing industries 3/","Thousands of dollars",4546,4759,4283,4271,4445,4318,4723,5452,6206,6323,7351,7191,6842,8900,9760,9204,9559,10789,8929,7119,6323,6616
 "31009","Blaine, NE",4,CAGDP2,1,"...","All industry total ","Thousands of dollars",12905,15106,17935,15851,14870,12303,12358,12178,10440,15803,22306,17311,31677,46281,50965,45146,31517,30422,28783,28671,26026,27492
 "31009","Blaine, NE",4,CAGDP2,2,"..."," Private industries ","Thousands of dollars",9247,11518,14351,12035,10993,8089,8406,8290,6303,10944,17478,12562,27288,41770,46187,40170,25970,24430,22725,22210,19576,21015
 "31009","Blaine, NE",4,CAGDP2,3,"11","  Agriculture, forestry, fishing and hunting ","Thousands of dollars",(D),2020,(D),(D),(D),(D),(D),(D),(D),(D),(D),(D),(D),(D),(D),(D),(D),17663,15616,15759,14300,15208
 "31009","Blaine, NE",4,CAGDP2,6,"21","  Mining, quarrying, and oil and gas extraction ","Thousands of dollars",0,0,0,0,0,0,0,0,0,0,0,0,0,0,0,0,0,0,0,0,(D),(D)
 "31009","Blaine, NE",4,CAGDP2,10,"22","  Utilities ","Thousands of dollars",0,0,0,0,0,0,0,0,0,0,0,0,0,0,0,(D),0,0,0,0,0,0
 "31009","Blaine, NE",4,CAGDP2,11,"23","  Construction ","Thousands of dollars",(D),372,(D),(D),(D),(D),(D),(D),(D),(D),(D),(D),(D),(D),(D),(D),(D),394,326,270,(D),(D)
 "31009","Blaine, NE",4,CAGDP2,12,"31-33","  Manufacturing ","Thousands of dollars",946,1379,989,35,16,112,116,44,41,45,35,43,49,26,9,14,5,48,70,87,26,31
 "31009","Blaine, NE",4,CAGDP2,13,"321,327-339","   Durable goods manufacturing ","Thousands of dollars",252,299,107,7,5,4,1,19,26,21,12,5,19,7,6,14,5,39,58,75,26,31
 "31009","Blaine, NE",4,CAGDP2,25,"311-316,322-326","   Nondurable goods manufacturing ","Thousands of dollars",694,1079,882,28,11,108,115,25,15,24,23,38,30,19,3,0,0,9,12,12,0,0
 "31009","Blaine, NE",4,CAGDP2,34,"42","  Wholesale trade ","Thousands of dollars",1514,1379,748,(D),(D),(D),(D),(D),(D),(D),(D),(D),(D),(D),(D),(D),(D),(D),(D),318,192,218
 "31009","Blaine, NE",4,CAGDP2,35,"44-45","  Retail trade ","Thousands of dollars",(D),(D),(D),(D),(D),(D),(D),(D),(D),(D),(D),(D),(D),(D),(D),(D),(D),(D),(D),(D),(D),(D)
 "31009","Blaine, NE",4,CAGDP2,36,"48-49","  Transportation and warehousing ","Thousands of dollars",(D),(D),(D),(D),(D),542,(D),(D),(D),(D),(D),(D),(D),(D),616,540,(D),(D),(D),(D),(D),(D)
 "31009","Blaine, NE",4,CAGDP2,45,"51","  Information ","Thousands of dollars",0,0,0,0,0,8,0,0,1,0,0,0,0,0,0,0,0,0,0,0,0,0
 "31009","Blaine, NE",4,CAGDP2,50,"52,53","  Finance, insurance, real estate, rental, and leasing ","Thousands of dollars",2868,3121,3144,2790,2960,2831,2753,3043,3057,3454,4275,3724,3517,3156,3615,4004,3567,3977,(D),4214,3498,(D)
 "31009","Blaine, NE",4,CAGDP2,51,"52","   Finance and insurance ","Thousands of dollars",(D),(D),(D),(D),(D),(D),(D),(D),(D),(D),(D),(D),(D),(D),(D),(D),(D),(D),(D),(D),(D),(D)
 "31009","Blaine, NE",4,CAGDP2,56,"53","   Real estate and rental and leasing ","Thousands of dollars",(D),(D),(D),(D),(D),(D),(D),(D),(D),(D),(D),(D),(D),(D),(D),(D),(D),(D),3648,(D),(D),3149
 "31009","Blaine, NE",4,CAGDP2,59,"54,55,56","  Professional and business services ","Thousands of dollars",(D),(D),(D),(D),(D),(D),45,46,43,54,71,78,65,43,22,32,59,78,107,68,(D),85
 "31009","Blaine, NE",4,CAGDP2,60,"54","   Professional, scientific, and technical services ","Thousands of dollars",(D),(D),(D),(D),(D),(D),19,24,19,22,30,33,27,19,11,19,31,30,48,33,41,46
 "31009","Blaine, NE",4,CAGDP2,64,"55","   Management of companies and enterprises ","Thousands of dollars",0,0,0,0,0,0,0,0,0,0,0,0,0,0,0,0,0,0,0,0,0,(D)
 "31009","Blaine, NE",4,CAGDP2,65,"56","   Administrative and support and waste management and remediation services ","Thousands of dollars",240,263,178,11,19,23,26,22,24,32,41,45,38,24,11,13,28,48,59,35,(D),(D)
 "31009","Blaine, NE",4,CAGDP2,68,"61,62","  Educational services, health care, and social assistance ","Thousands of dollars",300,378,238,52,55,49,20,0,2,27,53,73,(D),(D),(D),82,(D),(D),(D),(D),(D),(D)
 "31009","Blaine, NE",4,CAGDP2,69,"61","   Educational services ","Thousands of dollars",152,216,130,32,19,9,3,0,0,0,0,0,0,3,3,9,5,4,0,0,0,0
 "31009","Blaine, NE",4,CAGDP2,70,"62","   Health care and social assistance ","Thousands of dollars",148,162,108,20,36,40,17,0,2,27,53,73,(D),(D),(D),74,(D),(D),(D),(D),(D),(D)
 "31009","Blaine, NE",4,CAGDP2,75,"71,72","  Arts, entertainment, recreation, accommodation, and food services ","Thousands of dollars",(D),(D),(D),(D),(D),(D),(D),(D),(D),(D),(D),(D),(D),(D),(D),(D),(D),(D),(D),49,(D),(D)
 "31009","Blaine, NE",4,CAGDP2,76,"71","   Arts, entertainment, and recreation ","Thousands of dollars",130,140,87,9,7,3,3,0,0,11,14,9,11,8,4,10,32,33,36,0,0,0
 "31009","Blaine, NE",4,CAGDP2,79,"72","   Accommodation and food services ","Thousands of dollars",(D),(D),(D),(D),(D),(D),(D),(D),(D),(D),(D),(D),(D),(D),(D),(D),(D),(D),(D),49,(D),(D)
 "31009","Blaine, NE",4,CAGDP2,82,"81","  Other services (except government and government enterprises) ","Thousands of dollars",(D),(D),(D),216,192,177,189,242,247,(D),(D),280,(D),(D),(D),247,260,284,303,281,324,344
 "31009","Blaine, NE",4,CAGDP2,83,"92","Government and government enterprises ","Thousands of dollars",3658,3588,3584,3816,3878,4214,3952,3888,4138,4859,4828,4749,4389,4511,4779,4976,5548,5992,6058,6461,6450,6476
 "31009","Blaine, NE",4,CAGDP2,87,"11,21","Natural resources and mining ","Thousands of dollars",(D),2020,(D),(D),(D),(D),(D),(D),(D),(D),(D),(D),(D),(D),(D),(D),(D),17663,15616,15759,(D),(D)
 "31009","Blaine, NE",4,CAGDP2,88,"42,44-45","Trade ","Thousands of dollars",(D),(D),(D),336,352,354,338,401,486,523,561,680,734,636,583,432,510,653,728,(D),(D),(D)
 "31009","Blaine, NE",4,CAGDP2,89,"22,48-49","Transportation and utilities ","Thousands of dollars",(D),(D),(D),(D),(D),542,(D),(D),(D),(D),(D),(D),(D),(D),616,(D),(D),(D),(D),(D),(D),(D)
 "31009","Blaine, NE",4,CAGDP2,90,"31-33,51","Manufacturing and information ","Thousands of dollars",946,1379,989,35,16,120,116,44,42,45,35,43,49,26,9,14,5,48,70,87,26,31
 "31009","Blaine, NE",4,CAGDP2,91,"...","Private goods-producing industries 2/","Thousands of dollars",1783,3771,8237,8153,6815,3968,4554,3919,1743,5917,11380,7092,22124,36771,40970,34763,21189,18106,16012,16116,14603,15530
 "31009","Blaine, NE",4,CAGDP2,92,"...","Private services-providing industries 3/","Thousands of dollars",7464,7748,6114,3881,4178,4121,3853,4372,4559,5026,6098,5469,5163,4999,5217,5407,4780,6325,6713,6094,4972,5485
 "31011","Boone, NE",4,CAGDP2,1,"...","All industry total ","Thousands of dollars",164104,183484,190400,199268,212272,206851,240306,243099,268828,328680,430011,389282,456260,434628,405138,394374,343972,386037,432919,449997,548270,505415
 "31011","Boone, NE",4,CAGDP2,2,"..."," Private industries ","Thousands of dollars",138839,156998,163188,171623,183654,176159,209871,210408,235193,289938,390589,348447,413609,390032,359485,346453,294905,334495,378385,392427,488574,444968
 "31011","Boone, NE",4,CAGDP2,3,"11","  Agriculture, forestry, fishing and hunting ","Thousands of dollars",53400,63242,67831,69515,76454,32773,47818,60316,74921,111328,183529,122186,167361,154702,127305,104351,47774,61318,107337,111016,175282,96910
 "31011","Boone, NE",4,CAGDP2,6,"21","  Mining, quarrying, and oil and gas extraction ","Thousands of dollars",590,116,0,0,0,0,0,0,0,0,0,0,0,0,0,0,0,0,0,0,0,0
 "31011","Boone, NE",4,CAGDP2,10,"22","  Utilities ","Thousands of dollars",0,0,0,0,0,0,0,0,1473,1438,12517,19713,27544,23542,22428,31322,23296,19161,16893,20380,28251,34393
 "31011","Boone, NE",4,CAGDP2,11,"23","  Construction ","Thousands of dollars",2551,2648,2998,2600,3209,15414,19555,4258,3545,4902,5301,6493,5097,5774,8974,10816,12284,9512,9172,15174,20740,14222
 "31011","Boone, NE",4,CAGDP2,12,"31-33","  Manufacturing ","Thousands of dollars",4642,5491,5674,6126,7169,10134,13762,17206,23405,31117,39439,41500,41262,37740,32350,33596,33165,39652,33121,34146,36538,40884
 "31011","Boone, NE",4,CAGDP2,13,"321,327-339","   Durable goods manufacturing ","Thousands of dollars",(D),4086,3789,(D),(D),(D),(D),(D),4803,(D),(D),5999,6216,5712,6223,6602,7887,6735,6826,6589,6596,7125
 "31011","Boone, NE",4,CAGDP2,25,"311-316,322-326","   Nondurable goods manufacturing ","Thousands of dollars",(D),1405,1885,(D),(D),(D),(D),(D),18602,(D),(D),35501,35046,32028,26127,26994,25278,32917,26295,27557,29943,33760
 "31011","Boone, NE",4,CAGDP2,34,"42","  Wholesale trade ","Thousands of dollars",13058,14840,15276,16691,18230,18551,19611,22325,23147,25395,27338,30185,35206,41947,43301,41406,36735,39812,42957,48003,52343,58581
 "31011","Boone, NE",4,CAGDP2,35,"44-45","  Retail trade ","Thousands of dollars",7930,8113,8774,8848,9370,10336,10464,10231,10870,12256,13051,14906,16102,14682,13686,13841,13434,16519,18027,20143,19102,20417
 "31011","Boone, NE",4,CAGDP2,36,"48-49","  Transportation and warehousing ","Thousands of dollars",19888,23049,22804,27610,26781,48034,56047,50023,(D),(D),(D),(D),(D),51515,(D),(D),(D),79257,73283,75267,75465,89266
 "31011","Boone, NE",4,CAGDP2,45,"51","  Information ","Thousands of dollars",435,433,598,697,691,784,1005,1572,1838,1853,1810,1520,1062,881,970,(D),(D),(D),(D),(D),(D),(D)
 "31011","Boone, NE",4,CAGDP2,50,"52,53","  Finance, insurance, real estate, rental, and leasing ","Thousands of dollars",23682,25074,24586,24241,26430,25009,26398,28029,28875,31551,35737,37937,38508,39387,40680,43695,48347,45540,(D),43549,53941,60393
 "31011","Boone, NE",4,CAGDP2,51,"52","   Finance and insurance ","Thousands of dollars",(D),8751,8616,8112,9332,9475,9641,9356,9219,9407,11358,(D),13826,14278,14473,(D),(D),(D),(D),(D),17594,19888
 "31011","Boone, NE",4,CAGDP2,56,"53","   Real estate and rental and leasing ","Thousands of dollars",(D),16323,15970,16129,17097,15534,16757,18674,19656,22145,24379,(D),24682,25109,26207,(D),(D),(D),32077,(D),36347,40505
 "31011","Boone, NE",4,CAGDP2,59,"54,55,56","  Professional and business services ","Thousands of dollars",1408,1599,1643,1697,1615,1678,1784,2195,(D),(D),2617,2662,2659,2617,(D),2761,2463,2895,3028,3290,3918,4479
 "31011","Boone, NE",4,CAGDP2,60,"54","   Professional, scientific, and technical services ","Thousands of dollars",(D),1210,1235,1226,1250,1272,1269,1437,1495,1712,1749,1694,1762,1870,2080,2299,1923,2267,2404,2599,2932,3571
 "31011","Boone, NE",4,CAGDP2,64,"55","   Management of companies and enterprises ","Thousands of dollars",(D),(D),(D),(D),(D),(D),(D),(D),(D),(D),(D),(D),(D),(D),(D),(D),(D),(D),(D),(D),(D),(D)
 "31011","Boone, NE",4,CAGDP2,65,"56","   Administrative and support and waste management and remediation services ","Thousands of dollars",(D),(D),(D),(D),(D),(D),(D),(D),(D),(D),(D),(D),(D),(D),(D),(D),(D),(D),(D),(D),(D),(D)
 "31011","Boone, NE",4,CAGDP2,68,"61,62","  Educational services, health care, and social assistance ","Thousands of dollars",5464,6136,6549,6871,6903,6611,6540,7679,8141,8289,8289,9000,9248,9787,10160,9807,10201,10766,11604,11024,10394,11473
 "31011","Boone, NE",4,CAGDP2,69,"61","   Educational services ","Thousands of dollars",532,643,679,777,731,571,556,587,715,787,763,589,585,595,590,638,699,761,764,693,680,685
 "31011","Boone, NE",4,CAGDP2,70,"62","   Health care and social assistance ","Thousands of dollars",4932,5492,5870,6094,6173,6040,5984,7092,7425,7503,7527,8412,8663,9193,9570,9169,9502,10005,10840,10331,9715,10788
 "31011","Boone, NE",4,CAGDP2,75,"71,72","  Arts, entertainment, recreation, accommodation, and food services ","Thousands of dollars",2158,2391,2500,2597,2431,2350,2542,2554,2486,2537,(D),(D),(D),2555,2712,3139,3256,3680,4097,3227,4692,5517
 "31011","Boone, NE",4,CAGDP2,76,"71","   Arts, entertainment, and recreation ","Thousands of dollars",(D),(D),(D),(D),(D),(D),(D),(D),(D),(D),(D),(D),(D),(D),(D),(D),(D),(D),(D),(D),(D),(D)
 "31011","Boone, NE",4,CAGDP2,79,"72","   Accommodation and food services ","Thousands of dollars",(D),(D),(D),(D),(D),(D),(D),(D),(D),(D),(D),(D),(D),(D),(D),(D),(D),(D),(D),(D),(D),(D)
 "31011","Boone, NE",4,CAGDP2,82,"81","  Other services (except government and government enterprises) ","Thousands of dollars",3633,3866,3957,4131,4372,4486,4345,4019,4352,4617,4843,5154,5162,4903,5240,(D),(D),(D),(D),(D),(D),(D)
 "31011","Boone, NE",4,CAGDP2,83,"92","Government and government enterprises ","Thousands of dollars",25264,26486,27212,27645,28619,30691,30435,32691,33635,38742,39422,40835,42651,44596,45653,47921,49066,51542,54534,57569,59696,60447
 "31011","Boone, NE",4,CAGDP2,87,"11,21","Natural resources and mining ","Thousands of dollars",53989,63358,67831,69515,76454,32773,47818,60316,74921,111328,183529,122186,167361,154702,127305,104351,47774,61318,107337,111016,175282,96910
 "31011","Boone, NE",4,CAGDP2,88,"42,44-45","Trade ","Thousands of dollars",20988,22953,24050,25539,27600,28886,30075,32556,34016,37651,40388,45090,51308,56629,56987,55247,50169,56331,60984,68145,71445,78997
 "31011","Boone, NE",4,CAGDP2,89,"22,48-49","Transportation and utilities ","Thousands of dollars",19888,23049,22804,27610,26781,48034,56047,50023,(D),(D),(D),(D),(D),75057,(D),(D),(D),98418,90176,95647,103715,123659
 "31011","Boone, NE",4,CAGDP2,90,"31-33,51","Manufacturing and information ","Thousands of dollars",5077,5924,6272,6823,7859,10918,14767,18778,25243,32970,41249,43020,42325,38620,33320,(D),(D),(D),(D),(D),(D),(D)
 "31011","Boone, NE",4,CAGDP2,91,"...","Private goods-producing industries 2/","Thousands of dollars",61183,71497,76503,78241,86831,58320,81135,81780,101870,147347,228268,170179,213721,198216,168628,148763,93223,110483,149630,160336,232560,152016
 "31011","Boone, NE",4,CAGDP2,92,"...","Private services-providing industries 3/","Thousands of dollars",77656,85501,86685,93382,96822,117839,128736,128628,133323,142591,162321,178268,199888,191816,190857,197690,201682,224012,228755,232092,256014,292952
 "31013","Box Butte, NE",4,CAGDP2,1,"...","All industry total ","Thousands of dollars",328418,323240,360638,376746,413535,428702,442387,494393,446945,462796,564507,615695,603279,625024,610246,590631,624123,631191,634194,605068,651726,691799
 "31013","Box Butte, NE",4,CAGDP2,2,"..."," Private industries ","Thousands of dollars",278693,270794,306839,323532,358919,370026,382824,428688,380904,386539,485988,535028,524020,543726,531160,509315,541029,545103,543685,512361,554650,594348
 "31013","Box Butte, NE",4,CAGDP2,3,"11","  Agriculture, forestry, fishing and hunting ","Thousands of dollars",4211,3321,35341,23688,37676,25588,29231,57816,31889,25814,83451,89637,103038,98775,72656,77684,91208,82825,78769,80676,127047,135505
 "31013","Box Butte, NE",4,CAGDP2,6,"21","  Mining, quarrying, and oil and gas extraction ","Thousands of dollars",0,0,0,0,0,0,0,0,0,0,0,0,0,0,0,0,0,0,0,0,0,0
 "31013","Box Butte, NE",4,CAGDP2,10,"22","  Utilities ","Thousands of dollars",2455,2562,2039,2038,1361,2154,2208,2230,2930,3068,3191,2919,3227,3147,3112,2860,3238,3607,4007,4559,4509,4179
 "31013","Box Butte, NE",4,CAGDP2,11,"23","  Construction ","Thousands of dollars",8044,8885,8701,8005,6959,7655,8066,7427,8586,6163,3802,8716,4046,4165,11062,13345,16675,12530,12085,14349,14839,15655
 "31013","Box Butte, NE",4,CAGDP2,12,"31-33","  Manufacturing ","Thousands of dollars",17249,15919,15492,17705,18550,21087,22208,19458,21892,24170,29717,28921,31560,31358,33365,28872,27289,28981,26430,24619,28997,34811
 "31013","Box Butte, NE",4,CAGDP2,13,"321,327-339","   Durable goods manufacturing ","Thousands of dollars",(D),(D),(D),(D),(D),(D),(D),(D),(D),(D),(D),(D),2951,3267,3659,3638,3253,3506,2810,3298,3442,3704
 "31013","Box Butte, NE",4,CAGDP2,25,"311-316,322-326","   Nondurable goods manufacturing ","Thousands of dollars",(D),(D),(D),(D),(D),(D),(D),(D),(D),(D),(D),(D),28609,28092,29705,25234,24036,25475,23620,21321,25555,31107
 "31013","Box Butte, NE",4,CAGDP2,34,"42","  Wholesale trade ","Thousands of dollars",20269,21305,22097,23918,25655,25554,26727,29390,28831,29826,31424,36177,39171,41286,39916,36550,35347,38201,37779,37928,36702,38309
 "31013","Box Butte, NE",4,CAGDP2,35,"44-45","  Retail trade ","Thousands of dollars",18030,17712,18294,19583,19512,17771,16979,18098,19988,21602,22626,24303,25318,24179,24243,25149,26125,26377,26814,28775,28261,28529
 "31013","Box Butte, NE",4,CAGDP2,36,"48-49","  Transportation and warehousing ","Thousands of dollars",(D),(D),(D),(D),(D),(D),(D),(D),(D),(D),(D),(D),(D),(D),(D),(D),(D),(D),(D),(D),(D),(D)
 "31013","Box Butte, NE",4,CAGDP2,45,"51","  Information ","Thousands of dollars",6215,5756,6278,7299,7866,8882,10843,10938,10979,11250,11346,10390,10455,10268,11148,11983,11411,10711,10827,9767,10713,11153
 "31013","Box Butte, NE",4,CAGDP2,50,"52,53","  Finance, insurance, real estate, rental, and leasing ","Thousands of dollars",38165,40073,40343,41048,46470,45039,51951,50193,55237,51320,65145,62219,55811,72776,74756,76974,78316,68559,77221,87998,77344,85746
 "31013","Box Butte, NE",4,CAGDP2,51,"52","   Finance and insurance ","Thousands of dollars",11866,13017,12989,13091,15176,15684,15934,13015,13946,13684,14474,17465,17905,23239,25319,24392,26379,23162,26187,26086,24497,30582
 "31013","Box Butte, NE",4,CAGDP2,56,"53","   Real estate and rental and leasing ","Thousands of dollars",26298,27056,27355,27957,31294,29355,36016,37178,41291,37636,50671,44754,37906,49537,49438,52582,51937,45397,51034,61912,52847,55164
 "31013","Box Butte, NE",4,CAGDP2,59,"54,55,56","  Professional and business services ","Thousands of dollars",(D),7721,(D),(D),(D),(D),(D),(D),(D),(D),11589,12756,14786,14411,14889,(D),(D),(D),(D),(D),15551,18666
 "31013","Box Butte, NE",4,CAGDP2,60,"54","   Professional, scientific, and technical services ","Thousands of dollars",4696,(D),(D),(D),4472,4863,5419,5181,4975,4818,(D),(D),(D),8266,9163,8688,8893,9410,10116,9357,9670,12320
 "31013","Box Butte, NE",4,CAGDP2,64,"55","   Management of companies and enterprises ","Thousands of dollars",(D),(D),(D),(D),(D),(D),(D),(D),(D),(D),(D),(D),(D),(D),(D),(D),(D),(D),(D),(D),(D),(D)
 "31013","Box Butte, NE",4,CAGDP2,65,"56","   Administrative and support and waste management and remediation services ","Thousands of dollars",(D),2156,2186,2497,(D),(D),(D),(D),(D),(D),4394,(D),4654,(D),(D),(D),(D),(D),(D),(D),(D),(D)
 "31013","Box Butte, NE",4,CAGDP2,68,"61,62","  Educational services, health care, and social assistance ","Thousands of dollars",13673,14731,14435,13800,13611,14679,15691,16102,15871,15472,15271,15792,16570,17364,17182,17364,16563,15308,14413,14162,14146,14716
 "31013","Box Butte, NE",4,CAGDP2,69,"61","   Educational services ","Thousands of dollars",(D),(D),(D),(D),(D),(D),(D),(D),(D),(D),(D),(D),1050,1077,(D),(D),(D),(D),(D),(D),(D),(D)
 "31013","Box Butte, NE",4,CAGDP2,70,"62","   Health care and social assistance ","Thousands of dollars",(D),(D),(D),(D),(D),(D),(D),(D),(D),(D),(D),(D),15521,16287,(D),(D),(D),(D),(D),(D),(D),(D)
 "31013","Box Butte, NE",4,CAGDP2,75,"71,72","  Arts, entertainment, recreation, accommodation, and food services ","Thousands of dollars",6556,(D),6775,7468,8634,9258,9871,10329,9791,10293,(D),(D),(D),(D),(D),13683,14257,12537,13215,10682,(D),(D)
 "31013","Box Butte, NE",4,CAGDP2,76,"71","   Arts, entertainment, and recreation ","Thousands of dollars",461,(D),540,635,(D),(D),(D),(D),(D),(D),(D),(D),(D),(D),(D),319,278,317,364,258,(D),(D)
 "31013","Box Butte, NE",4,CAGDP2,79,"72","   Accommodation and food services ","Thousands of dollars",6095,(D),6235,6833,(D),(D),(D),(D),(D),(D),(D),(D),(D),(D),(D),13363,13979,12219,12851,10424,(D),(D)
 "31013","Box Butte, NE",4,CAGDP2,82,"81","  Other services (except government and government enterprises) ","Thousands of dollars",10267,11323,10904,10852,10844,10295,10040,10055,10160,10636,10766,11069,11056,11212,11446,11454,11221,12471,12929,13661,14087,15220
 "31013","Box Butte, NE",4,CAGDP2,83,"92","Government and government enterprises ","Thousands of dollars",49724,52446,53799,53214,54615,58676,59564,65704,66041,76256,78518,80667,79259,81298,79085,81316,83095,86088,90508,92707,97076,97451
 "31013","Box Butte, NE",4,CAGDP2,87,"11,21","Natural resources and mining ","Thousands of dollars",4211,3321,35341,23688,37676,25588,29231,57816,31889,25814,83451,89637,103038,98775,72656,77684,91208,82825,78769,80676,127047,135505
 "31013","Box Butte, NE",4,CAGDP2,88,"42,44-45","Trade ","Thousands of dollars",38299,39017,40390,43502,45167,43324,43707,47488,48819,51429,54050,60479,64490,65465,64159,61699,61472,64577,64593,66703,64963,66837
 "31013","Box Butte, NE",4,CAGDP2,89,"22,48-49","Transportation and utilities ","Thousands of dollars",(D),(D),(D),(D),(D),(D),(D),(D),(D),(D),(D),(D),(D),(D),(D),(D),(D),(D),(D),(D),(D),(D)
 "31013","Box Butte, NE",4,CAGDP2,90,"31-33,51","Manufacturing and information ","Thousands of dollars",23464,21675,21769,25004,26416,29969,33051,30396,32871,35420,41062,39311,42015,41626,44512,40854,38700,39692,37258,34386,39710,45965
 "31013","Box Butte, NE",4,CAGDP2,91,"...","Private goods-producing industries 2/","Thousands of dollars",29505,28125,59533,49398,63186,54329,59506,84701,62367,56147,116969,127274,138644,134299,117082,119900,135173,124336,117284,119644,170883,185972
 "31013","Box Butte, NE",4,CAGDP2,92,"...","Private services-providing industries 3/","Thousands of dollars",249189,242669,247306,274135,295734,315697,323318,343987,318537,330392,369019,407754,385376,409427,414078,389415,405856,420767,426401,392717,383767,408376
 "31015","Boyd, NE",4,CAGDP2,1,"...","All industry total ","Thousands of dollars",40825,37102,51666,45668,51822,52762,53189,59908,66013,78561,98021,82192,77382,91565,100255,101533,116093,121471,119083,111921,139059,170012
 "31015","Boyd, NE",4,CAGDP2,2,"..."," Private industries ","Thousands of dollars",31121,26704,41128,36640,42786,43192,43625,49361,55681,66745,86159,70349,65371,78680,86934,87961,102260,106851,104918,97223,124592,158258
 "31015","Boyd, NE",4,CAGDP2,3,"11","  Agriculture, forestry, fishing and hunting ","Thousands of dollars",(D),(D),(D),(D),(D),(D),17366,21887,26317,38334,50852,34049,29470,38321,42024,39382,52523,59069,51176,41401,66155,94910
 "31015","Boyd, NE",4,CAGDP2,6,"21","  Mining, quarrying, and oil and gas extraction ","Thousands of dollars",0,0,0,0,0,0,0,0,0,0,0,0,0,361,391,202,639,748,632,1650,1808,1979
 "31015","Boyd, NE",4,CAGDP2,10,"22","  Utilities ","Thousands of dollars",212,194,234,313,247,274,277,364,529,404,470,385,486,506,513,704,519,372,111,0,0,0
 "31015","Boyd, NE",4,CAGDP2,11,"23","  Construction ","Thousands of dollars",(D),(D),(D),(D),(D),(D),707,746,1112,1349,1343,1219,588,1006,1484,2692,2030,1884,2358,(D),1743,1749
 "31015","Boyd, NE",4,CAGDP2,12,"31-33","  Manufacturing ","Thousands of dollars",868,762,827,1010,1168,1132,1050,1152,1071,996,1200,1256,1406,1272,1309,1391,1828,1611,1554,(D),1103,1410
 "31015","Boyd, NE",4,CAGDP2,13,"321,327-339","   Durable goods manufacturing ","Thousands of dollars",(D),(D),671,819,(D),(D),(D),(D),(D),(D),(D),(D),809,605,465,(D),(D),(D),(D),(D),(D),(D)
 "31015","Boyd, NE",4,CAGDP2,25,"311-316,322-326","   Nondurable goods manufacturing ","Thousands of dollars",(D),(D),157,191,(D),(D),(D),(D),(D),(D),(D),(D),597,667,844,(D),(D),(D),(D),937,(D),(D)
 "31015","Boyd, NE",4,CAGDP2,34,"42","  Wholesale trade ","Thousands of dollars",1482,1428,1273,1356,1366,1353,1403,1822,1940,2083,2356,2768,3143,3478,(D),3776,3808,4325,4878,5388,5019,4974
 "31015","Boyd, NE",4,CAGDP2,35,"44-45","  Retail trade ","Thousands of dollars",2321,2342,2199,2281,2065,2212,1920,1761,1864,1917,1868,1935,2024,2209,2317,2489,2454,2538,2728,2904,2953,3138
 "31015","Boyd, NE",4,CAGDP2,36,"48-49","  Transportation and warehousing ","Thousands of dollars",2759,2602,2437,2396,1612,1820,2202,2529,2445,1447,2619,3959,5092,6082,(D),8658,10333,9544,10703,10628,15981,16841
 "31015","Boyd, NE",4,CAGDP2,45,"51","  Information ","Thousands of dollars",(D),(D),(D),(D),(D),(D),(D),(D),(D),(D),(D),(D),(D),(D),(D),(D),(D),(D),(D),(D),(D),(D)
 "31015","Boyd, NE",4,CAGDP2,50,"52,53","  Finance, insurance, real estate, rental, and leasing ","Thousands of dollars",7782,8909,9274,9209,10397,10113,11642,11858,12815,11715,15665,14294,12727,15653,16102,17585,16858,15012,16952,19691,16389,17252
 "31015","Boyd, NE",4,CAGDP2,51,"52","   Finance and insurance ","Thousands of dollars",2466,2963,2981,2834,3082,3219,3150,3200,3095,2975,3525,3735,3808,3726,4110,4777,4583,4341,4912,4974,4860,5184
 "31015","Boyd, NE",4,CAGDP2,56,"53","   Real estate and rental and leasing ","Thousands of dollars",5315,5946,6293,6375,7315,6894,8491,8657,9720,8740,12140,10559,8919,11927,11992,12808,12274,10671,12041,14716,11529,12069
 "31015","Boyd, NE",4,CAGDP2,59,"54,55,56","  Professional and business services ","Thousands of dollars",646,731,713,(D),(D),(D),(D),(D),(D),(D),(D),(D),(D),(D),(D),(D),940,1374,1832,1768,1871,2018
 "31015","Boyd, NE",4,CAGDP2,60,"54","   Professional, scientific, and technical services ","Thousands of dollars",(D),(D),629,(D),(D),(D),(D),(D),(D),(D),(D),(D),(D),(D),(D),(D),(D),(D),(D),(D),(D),(D)
 "31015","Boyd, NE",4,CAGDP2,64,"55","   Management of companies and enterprises ","Thousands of dollars",0,0,0,0,0,0,0,0,0,0,0,0,0,0,0,0,0,0,0,0,0,0
 "31015","Boyd, NE",4,CAGDP2,65,"56","   Administrative and support and waste management and remediation services ","Thousands of dollars",(D),(D),84,100,100,120,128,84,83,109,128,126,116,162,155,150,(D),(D),(D),(D),(D),(D)
 "31015","Boyd, NE",4,CAGDP2,68,"61,62","  Educational services, health care, and social assistance ","Thousands of dollars",1592,1781,2138,2367,2450,2431,2411,2478,2377,2584,2844,3268,3291,2919,2647,2691,3164,3405,3490,2814,3027,4901
 "31015","Boyd, NE",4,CAGDP2,69,"61","   Educational services ","Thousands of dollars",0,0,0,0,0,0,9,19,38,55,49,33,17,29,42,66,107,63,43,0,2,2
 "31015","Boyd, NE",4,CAGDP2,70,"62","   Health care and social assistance ","Thousands of dollars",1592,1781,2138,2367,2450,2431,2402,2459,2339,2529,2795,3235,3274,2890,2605,2625,3057,3342,3447,2814,3025,4899
 "31015","Boyd, NE",4,CAGDP2,75,"71,72","  Arts, entertainment, recreation, accommodation, and food services ","Thousands of dollars",535,599,580,511,410,389,250,305,370,442,468,430,355,364,501,722,787,1120,1438,1064,944,1115
 "31015","Boyd, NE",4,CAGDP2,76,"71","   Arts, entertainment, and recreation ","Thousands of dollars",(D),(D),(D),(D),(D),(D),(D),(D),(D),(D),(D),(D),29,57,62,88,107,245,382,324,165,203
 "31015","Boyd, NE",4,CAGDP2,79,"72","   Accommodation and food services ","Thousands of dollars",(D),(D),(D),(D),(D),(D),(D),(D),(D),(D),(D),(D),326,307,440,634,680,875,1056,740,779,912
 "31015","Boyd, NE",4,CAGDP2,82,"81","  Other services (except government and government enterprises) ","Thousands of dollars",(D),(D),(D),(D),1166,1187,1278,1194,1193,1178,1212,1280,(D),(D),(D),1753,(D),(D),(D),(D),(D),(D)
 "31015","Boyd, NE",4,CAGDP2,83,"92","Government and government enterprises ","Thousands of dollars",9704,10398,10538,9028,9036,9570,9564,10547,10332,11816,11862,11843,12011,12885,13320,13572,13833,14621,14166,14698,14467,11755
 "31015","Boyd, NE",4,CAGDP2,87,"11,21","Natural resources and mining ","Thousands of dollars",(D),(D),(D),(D),(D),(D),17366,21887,26317,38334,50852,34049,29470,38682,42416,39584,53162,59816,51808,43052,67963,96889
 "31015","Boyd, NE",4,CAGDP2,88,"42,44-45","Trade ","Thousands of dollars",3803,3770,3472,3637,3431,3565,3323,3583,3804,4000,4224,4703,5167,5687,(D),6266,6262,6863,7605,8292,7973,8112
 "31015","Boyd, NE",4,CAGDP2,89,"22,48-49","Transportation and utilities ","Thousands of dollars",2970,2796,2670,2708,1859,2094,2478,2893,2974,1850,3089,4344,5577,6587,(D),9361,10852,9916,10814,10628,15981,16841
 "31015","Boyd, NE",4,CAGDP2,90,"31-33,51","Manufacturing and information ","Thousands of dollars",(D),(D),(D),(D),(D),(D),(D),(D),(D),(D),(D),(D),(D),(D),(D),(D),(D),(D),(D),6699,(D),(D)
 "31015","Boyd, NE",4,CAGDP2,91,"...","Private goods-producing industries 2/","Thousands of dollars",11799,5859,19807,14834,20656,20622,19123,23786,28500,40678,53394,36524,31464,40960,45208,43667,57020,63311,55720,45823,70810,100048
 "31015","Boyd, NE",4,CAGDP2,92,"...","Private services-providing industries 3/","Thousands of dollars",19322,20845,21321,21805,22130,22570,24502,25575,27181,26066,32765,33825,33907,37720,41726,44294,45240,43539,49198,51400,53782,58209
 "31017","Brown, NE",4,CAGDP2,1,"...","All industry total ","Thousands of dollars",60502,65552,81918,83690,105984,109917,97916,89881,89918,125259,160241,154038,192023,236003,256411,281022,206874,203305,216684,215449,224546,237810
 "31017","Brown, NE",4,CAGDP2,2,"..."," Private industries ","Thousands of dollars",42258,46173,62151,63694,85445,87726,75886,66729,66477,98801,133233,126095,163160,205229,224873,247102,172750,168474,180753,178916,186306,197886
 "31017","Brown, NE",4,CAGDP2,3,"11","  Agriculture, forestry, fishing and hunting ","Thousands of dollars",3032,6721,22604,20689,37409,35979,21762,9731,2846,35248,61495,54371,89854,126189,141567,159486,90615,85310,90157,81563,87503,93316
 "31017","Brown, NE",4,CAGDP2,6,"21","  Mining, quarrying, and oil and gas extraction ","Thousands of dollars",164,190,60,66,106,0,0,0,0,0,0,0,0,0,0,0,0,0,0,0,0,0
 "31017","Brown, NE",4,CAGDP2,10,"22","  Utilities ","Thousands of dollars",0,0,0,0,1199,5333,(D),(D),(D),5395,6440,6118,9015,7885,8203,10846,7742,6005,4570,4521,4853,6466
 "31017","Brown, NE",4,CAGDP2,11,"23","  Construction ","Thousands of dollars",2245,1865,1918,2082,2800,2224,3314,2959,4554,5770,4988,3907,4500,5746,6356,6600,5960,6260,5363,4987,5537,6026
 "31017","Brown, NE",4,CAGDP2,12,"31-33","  Manufacturing ","Thousands of dollars",2126,2256,2119,2134,2285,2483,1663,2172,2366,2276,2324,2319,2535,2973,5905,5747,5201,6023,6956,7004,8299,8782
 "31017","Brown, NE",4,CAGDP2,13,"321,327-339","   Durable goods manufacturing ","Thousands of dollars",(D),(D),(D),(D),(D),(D),(D),(D),(D),(D),(D),(D),(D),(D),2568,2073,2066,2286,2405,2348,2397,2394
 "31017","Brown, NE",4,CAGDP2,25,"311-316,322-326","   Nondurable goods manufacturing ","Thousands of dollars",(D),(D),(D),(D),(D),(D),(D),(D),(D),(D),(D),(D),(D),(D),3336,3674,3135,3737,4551,4656,5903,6389
 "31017","Brown, NE",4,CAGDP2,34,"42","  Wholesale trade ","Thousands of dollars",4519,4552,3886,4320,4860,5350,7110,8194,8621,9060,11218,12980,13315,13704,11507,11194,12326,13953,19239,20884,19864,18405
 "31017","Brown, NE",4,CAGDP2,35,"44-45","  Retail trade ","Thousands of dollars",5118,5581,6111,7125,6840,6778,6616,7279,7649,7921,8085,9064,9697,9117,10317,11130,12190,10987,10006,8962,8810,9304
 "31017","Brown, NE",4,CAGDP2,36,"48-49","  Transportation and warehousing ","Thousands of dollars",1456,1295,1469,1930,2196,2512,2697,3212,3761,3765,(D),(D),(D),(D),(D),(D),(D),(D),(D),(D),(D),(D)
 "31017","Brown, NE",4,CAGDP2,45,"51","  Information ","Thousands of dollars",(D),(D),(D),(D),(D),(D),(D),(D),(D),(D),(D),(D),(D),(D),(D),(D),(D),(D),(D),(D),(D),(D)
 "31017","Brown, NE",4,CAGDP2,50,"52,53","  Finance, insurance, real estate, rental, and leasing ","Thousands of dollars",14016,14117,13598,14498,16264,15174,15915,15587,16947,16030,20944,19346,16865,20731,21580,23381,22716,21756,(D),27375,22947,(D)
 "31017","Brown, NE",4,CAGDP2,51,"52","   Finance and insurance ","Thousands of dollars",(D),(D),(D),(D),6275,5842,(D),(D),(D),(D),(D),(D),(D),(D),5064,(D),(D),(D),(D),(D),(D),(D)
 "31017","Brown, NE",4,CAGDP2,56,"53","   Real estate and rental and leasing ","Thousands of dollars",(D),(D),(D),(D),9990,9332,(D),(D),(D),(D),(D),(D),(D),(D),16516,(D),(D),(D),17590,(D),(D),17664
 "31017","Brown, NE",4,CAGDP2,59,"54,55,56","  Professional and business services ","Thousands of dollars",1276,1260,1340,1564,(D),(D),2541,2531,2451,2409,2181,(D),1717,(D),(D),(D),2394,2765,(D),(D),4651,4422
 "31017","Brown, NE",4,CAGDP2,60,"54","   Professional, scientific, and technical services ","Thousands of dollars",826,(D),(D),1020,(D),(D),(D),(D),(D),1003,(D),795,(D),1418,1457,1615,1591,1760,2025,2110,2265,2051
 "31017","Brown, NE",4,CAGDP2,64,"55","   Management of companies and enterprises ","Thousands of dollars",0,0,0,0,0,0,(D),(D),(D),(D),(D),(D),(D),(D),(D),(D),(D),(D),(D),(D),(D),(D)
 "31017","Brown, NE",4,CAGDP2,65,"56","   Administrative and support and waste management and remediation services ","Thousands of dollars",450,(D),(D),544,594,548,645,629,704,(D),1345,827,(D),612,612,630,(D),(D),1174,1526,(D),(D)
 "31017","Brown, NE",4,CAGDP2,68,"61,62","  Educational services, health care, and social assistance ","Thousands of dollars",3939,3845,3935,4117,3788,4162,3983,4139,4386,4516,4364,3917,3497,3446,2871,2574,3745,4040,4768,5026,4778,5481
 "31017","Brown, NE",4,CAGDP2,69,"61","   Educational services ","Thousands of dollars",(D),(D),(D),(D),(D),17,28,22,55,77,88,56,31,29,45,112,148,132,90,74,36,37
 "31017","Brown, NE",4,CAGDP2,70,"62","   Health care and social assistance ","Thousands of dollars",(D),(D),(D),(D),(D),4145,3955,4117,4331,4439,4276,3861,3466,3417,2826,2462,3597,3908,4678,4952,4742,5444
 "31017","Brown, NE",4,CAGDP2,75,"71,72","  Arts, entertainment, recreation, accommodation, and food services ","Thousands of dollars",1577,1624,2069,2170,2383,2337,2209,2400,2308,(D),2244,2425,2479,2739,2771,2824,3174,3180,2768,2677,3246,3670
 "31017","Brown, NE",4,CAGDP2,76,"71","   Arts, entertainment, and recreation ","Thousands of dollars",(D),(D),(D),(D),(D),(D),561,(D),(D),(D),(D),(D),(D),(D),(D),(D),(D),(D),(D),(D),(D),(D)
 "31017","Brown, NE",4,CAGDP2,79,"72","   Accommodation and food services ","Thousands of dollars",(D),(D),(D),(D),(D),(D),1648,(D),(D),(D),(D),(D),(D),(D),(D),(D),(D),(D),(D),(D),(D),(D)
 "31017","Brown, NE",4,CAGDP2,82,"81","  Other services (except government and government enterprises) ","Thousands of dollars",(D),(D),(D),(D),2961,2974,3152,3015,3245,3637,(D),3164,(D),3418,3754,3924,(D),(D),4619,5046,(D),(D)
 "31017","Brown, NE",4,CAGDP2,83,"92","Government and government enterprises ","Thousands of dollars",18244,19379,19766,19996,20539,22191,22030,23152,23441,26458,27008,27942,28862,30774,31537,33920,34123,34830,35930,36534,38241,39924
 "31017","Brown, NE",4,CAGDP2,87,"11,21","Natural resources and mining ","Thousands of dollars",3196,6911,22665,20756,37515,35979,21762,9731,2846,35248,61495,54371,89854,126189,141567,159486,90615,85310,90157,81563,87503,93316
 "31017","Brown, NE",4,CAGDP2,88,"42,44-45","Trade ","Thousands of dollars",9637,10133,9997,11445,11700,12128,13726,15473,16270,16980,19303,22044,23013,22822,21824,22324,24516,24940,29245,29846,28673,27709
 "31017","Brown, NE",4,CAGDP2,89,"22,48-49","Transportation and utilities ","Thousands of dollars",1456,1295,1469,1930,3396,7846,(D),(D),(D),9160,(D),(D),(D),(D),(D),(D),(D),(D),(D),(D),(D),(D)
 "31017","Brown, NE",4,CAGDP2,90,"31-33,51","Manufacturing and information ","Thousands of dollars",(D),(D),(D),(D),(D),(D),(D),(D),(D),(D),(D),(D),(D),(D),(D),(D),(D),(D),(D),(D),(D),(D)
 "31017","Brown, NE",4,CAGDP2,91,"...","Private goods-producing industries 2/","Thousands of dollars",7568,11033,26702,24972,42600,40686,26739,14863,9766,43293,68807,60598,96889,134908,153828,171832,101776,97593,102477,93554,101339,108124
 "31017","Brown, NE",4,CAGDP2,92,"...","Private services-providing industries 3/","Thousands of dollars",34690,35140,35450,38722,42845,47040,49147,51866,56711,55507,64426,65497,66271,70321,71046,75270,70975,70881,78276,85362,84966,89762
 "31019","Buffalo, NE",4,CAGDP2,1,"...","All industry total ","Thousands of dollars",1418059,1446902,1580385,1613239,1684049,1777873,1916658,1956869,1871995,2069854,2280766,2480105,2564300,2580383,2625014,2699077,2763470,3033998,3248551,3249479,3739526,4066964
 "31019","Buffalo, NE",4,CAGDP2,2,"..."," Private industries ","Thousands of dollars",1238274,1248513,1374350,1402639,1466437,1537452,1670441,1697077,1612236,1780132,1987602,2183279,2263593,2261228,2296470,2355843,2410434,2670074,2852993,2840119,3328068,3628033
 "31019","Buffalo, NE",4,CAGDP2,3,"11","  Agriculture, forestry, fishing and hunting ","Thousands of dollars",(D),(D),75305,62438,71627,57716,101486,87234,93930,89225,143302,183770,222951,205887,144226,109545,76257,83074,101745,118329,182341,151906
 "31019","Buffalo, NE",4,CAGDP2,6,"21","  Mining, quarrying, and oil and gas extraction ","Thousands of dollars",3367,4424,3943,4191,4318,3567,7696,4971,5235,7671,9499,9002,6319,6483,5876,4121,4104,4136,4319,5487,6095,5865
 "31019","Buffalo, NE",4,CAGDP2,10,"22","  Utilities ","Thousands of dollars",1153,1101,882,947,804,1322,1406,1207,5949,6003,6411,6511,6747,7922,9073,6097,8511,7042,7772,7132,8154,7305
 "31019","Buffalo, NE",4,CAGDP2,11,"23","  Construction ","Thousands of dollars",53027,57776,61717,61199,67177,79852,92877,69200,68945,37188,7869,28659,49369,70749,96189,126393,127584,142934,147437,156836,157971,179018
 "31019","Buffalo, NE",4,CAGDP2,12,"31-33","  Manufacturing ","Thousands of dollars",324887,331647,341097,328893,317383,331663,329439,321789,244678,373562,494098,527510,487938,405139,405363,379200,444055,625514,715875,665544,896908,1022083
 "31019","Buffalo, NE",4,CAGDP2,13,"321,327-339","   Durable goods manufacturing ","Thousands of dollars",258230,258366,264305,256878,236607,230772,222709,183239,92279,204263,313270,340214,304352,244556,230878,196187,217840,370426,440032,411563,457837,550439
 "31019","Buffalo, NE",4,CAGDP2,25,"311-316,322-326","   Nondurable goods manufacturing ","Thousands of dollars",66658,73282,76793,72014,80776,100891,106730,138549,152399,169299,180828,187296,183586,160583,174485,183013,226215,255089,275843,253981,439071,471645
 "31019","Buffalo, NE",4,CAGDP2,34,"42","  Wholesale trade ","Thousands of dollars",62272,64587,65420,74493,83846,86193,93183,105655,114828,127209,138022,151559,158505,169003,174465,177699,176896,194636,208454,226685,257067,286262
 "31019","Buffalo, NE",4,CAGDP2,35,"44-45","  Retail trade ","Thousands of dollars",116646,125157,134735,140573,150178,155057,159733,162502,164873,166637,177450,192131,196035,198425,203212,214728,220652,219564,223626,237787,253547,259328
 "31019","Buffalo, NE",4,CAGDP2,36,"48-49","  Transportation and warehousing ","Thousands of dollars",(D),(D),(D),(D),(D),(D),(D),(D),119954,121369,165278,173262,180666,208814,183542,188723,181150,189879,195717,200531,244526,286084
 "31019","Buffalo, NE",4,CAGDP2,45,"51","  Information ","Thousands of dollars",34942,39839,47043,48304,32381,31984,42552,44720,48791,49502,51157,47846,45114,40026,44721,49276,50658,50849,48483,47805,60635,62223
 "31019","Buffalo, NE",4,CAGDP2,50,"52,53","  Finance, insurance, real estate, rental, and leasing ","Thousands of dollars",181386,185879,185987,179382,194573,227671,242671,217410,228252,244751,245487,269427,327363,326927,362862,404876,393810,397624,417805,408275,412285,453169
 "31019","Buffalo, NE",4,CAGDP2,51,"52","   Finance and insurance ","Thousands of dollars",53610,56463,57254,57088,68288,72610,73717,62615,68805,68637,69722,81276,84230,95992,111057,120426,143866,135795,143242,147180,139059,168696
 "31019","Buffalo, NE",4,CAGDP2,56,"53","   Real estate and rental and leasing ","Thousands of dollars",127776,129417,128733,122294,126285,155060,168954,154795,159446,176114,175765,188151,243133,230935,251805,284450,249944,261829,274563,261094,273226,284473
 "31019","Buffalo, NE",4,CAGDP2,59,"54,55,56","  Professional and business services ","Thousands of dollars",82583,76200,(D),(D),(D),(D),(D),(D),139641,167073,142715,173723,156465,166695,178324,175984,190823,196478,201203,202394,236781,266278
 "31019","Buffalo, NE",4,CAGDP2,60,"54","   Professional, scientific, and technical services ","Thousands of dollars",23274,27500,(D),(D),(D),(D),(D),(D),47762,54886,61236,63408,64730,(D),(D),81002,89602,(D),(D),90761,106376,115953
 "31019","Buffalo, NE",4,CAGDP2,64,"55","   Management of companies and enterprises ","Thousands of dollars",38085,23451,(D),(D),(D),(D),(D),(D),(D),(D),(D),(D),(D),(D),(D),(D),60391,(D),(D),60442,71732,86544
 "31019","Buffalo, NE",4,CAGDP2,65,"56","   Administrative and support and waste management and remediation services ","Thousands of dollars",21224,25249,25187,26701,31158,35177,39363,36793,(D),(D),(D),(D),(D),41917,(D),(D),40829,48618,49152,51192,58672,63781
 "31019","Buffalo, NE",4,CAGDP2,68,"61,62","  Educational services, health care, and social assistance ","Thousands of dollars",167979,178811,191153,212030,219847,224763,229640,240749,242364,243892,257042,268396,268701,284243,305138,326271,341776,359969,377135,371230,387315,387381
 "31019","Buffalo, NE",4,CAGDP2,69,"61","   Educational services ","Thousands of dollars",3064,3102,3158,3471,3322,3555,3528,3616,3870,4039,4391,4869,5473,5750,5995,6585,6113,7243,8126,7322,7789,8039
 "31019","Buffalo, NE",4,CAGDP2,70,"62","   Health care and social assistance ","Thousands of dollars",164915,175709,187994,208559,216525,221207,226112,237133,238494,239853,252651,263527,263228,278494,299143,319686,335663,352726,369009,363908,379526,379343
 "31019","Buffalo, NE",4,CAGDP2,75,"71,72","  Arts, entertainment, recreation, accommodation, and food services ","Thousands of dollars",60561,63702,66746,68521,68740,69259,71451,76469,81820,90840,92647,92443,94498,103887,113016,118674,117032,118516,119302,106240,130029,158389
 "31019","Buffalo, NE",4,CAGDP2,76,"71","   Arts, entertainment, and recreation ","Thousands of dollars",7847,8577,8939,7941,7912,7445,6733,7406,7952,8680,9716,10545,9729,12762,14488,16744,15611,15534,13318,10619,11861,13796
 "31019","Buffalo, NE",4,CAGDP2,79,"72","   Accommodation and food services ","Thousands of dollars",52715,55125,57807,60579,60828,61814,64718,69062,73868,82160,82931,81898,84769,91125,98527,101930,101421,102982,105984,95622,118169,144592
 "31019","Buffalo, NE",4,CAGDP2,82,"81","  Other services (except government and government enterprises) ","Thousands of dollars",42367,45556,46062,46901,46665,45435,48819,51365,52976,55210,56625,59041,62923,67026,70466,74257,77125,79860,84120,85845,94414,102742
 "31019","Buffalo, NE",4,CAGDP2,83,"92","Government and government enterprises ","Thousands of dollars",179785,198389,206035,210600,217612,240421,246217,259792,259759,289722,293165,296826,300707,319155,328543,343234,353036,363923,395558,409360,411458,438931
 "31019","Buffalo, NE",4,CAGDP2,87,"11,21","Natural resources and mining ","Thousands of dollars",(D),(D),79248,66629,75945,61283,109181,92205,99164,96896,152801,192771,229270,212370,150101,113666,80361,87210,106064,123816,188436,157771
 "31019","Buffalo, NE",4,CAGDP2,88,"42,44-45","Trade ","Thousands of dollars",178919,189744,200155,215066,234024,241250,252916,268157,279701,293846,315472,343690,354540,367428,377677,392427,397548,414199,432080,464472,510614,545590
 "31019","Buffalo, NE",4,CAGDP2,89,"22,48-49","Transportation and utilities ","Thousands of dollars",(D),(D),(D),(D),(D),(D),(D),(D),125903,127372,171689,179773,187413,216737,192615,194821,189661,196922,203489,207662,252681,293389
 "31019","Buffalo, NE",4,CAGDP2,90,"31-33,51","Manufacturing and information ","Thousands of dollars",359829,371486,388141,377196,349764,363646,371991,366509,293470,423064,545254,575356,533051,445165,450084,428476,494713,676363,764358,713349,957543,1084306
 "31019","Buffalo, NE",4,CAGDP2,91,"...","Private goods-producing industries 2/","Thousands of dollars",(D),(D),482062,456721,460505,472797,531497,483194,412788,507646,654767,748940,766576,688258,651653,619259,652001,855658,969377,946196,1243315,1358873
 "31019","Buffalo, NE",4,CAGDP2,92,"...","Private services-providing industries 3/","Thousands of dollars",(D),(D),892287,945919,1005932,1064655,1138944,1213883,1199448,1272485,1332835,1434339,1497016,1572970,1644818,1736584,1758433,1814416,1883616,1893923,2084753,2269161
 "31021","Burt, NE",4,CAGDP2,1,"...","All industry total ","Thousands of dollars",138521,144041,161045,173741,165967,152094,198121,213344,223322,239614,268554,256248,274408,259455,277087,266703,279952,305937,319933,294391,397728,397602
 "31021","Burt, NE",4,CAGDP2,2,"..."," Private industries ","Thousands of dollars",112632,116235,132955,145426,137411,121074,167082,184391,194162,207063,236024,222798,240229,224091,240776,228356,240478,263441,277243,249122,352654,351279
 "31021","Burt, NE",4,CAGDP2,3,"11","  Agriculture, forestry, fishing and hunting ","Thousands of dollars",33576,34380,50299,62225,45393,30167,55048,54900,76852,67511,108618,80882,101805,82023,82427,65214,83472,93331,110488,82877,156401,137358
 "31021","Burt, NE",4,CAGDP2,6,"21","  Mining, quarrying, and oil and gas extraction ","Thousands of dollars",0,0,0,0,0,0,0,0,0,0,0,0,0,0,0,0,0,0,0,0,0,0
 "31021","Burt, NE",4,CAGDP2,10,"22","  Utilities ","Thousands of dollars",0,0,0,0,0,1,1,0,0,0,0,0,1,0,0,0,0,0,0,0,54,0
 "31021","Burt, NE",4,CAGDP2,11,"23","  Construction ","Thousands of dollars",5585,5693,5015,4283,4329,4360,6271,5641,5406,6642,6775,6070,7385,7995,8193,9683,10185,9624,9068,8983,11476,11123
 "31021","Burt, NE",4,CAGDP2,12,"31-33","  Manufacturing ","Thousands of dollars",6250,6235,6667,7938,9436,9247,9304,8005,8062,9469,13254,15885,18336,15455,14239,12659,10646,9539,10910,11942,14791,18961
 "31021","Burt, NE",4,CAGDP2,13,"321,327-339","   Durable goods manufacturing ","Thousands of dollars",4527,4701,(D),(D),8148,7492,7542,6456,(D),(D),11984,(D),(D),(D),12113,10125,9208,7684,8731,9480,10846,13655
 "31021","Burt, NE",4,CAGDP2,25,"311-316,322-326","   Nondurable goods manufacturing ","Thousands of dollars",1723,1534,(D),(D),1289,1755,1762,1549,(D),(D),1270,(D),(D),(D),2126,2534,1438,1854,2179,2462,3946,5306
 "31021","Burt, NE",4,CAGDP2,34,"42","  Wholesale trade ","Thousands of dollars",8439,8791,8035,7357,8709,8265,8848,10379,10458,12835,13905,16875,18287,21344,24502,23283,24282,29603,31617,33175,30360,35207
 "31021","Burt, NE",4,CAGDP2,35,"44-45","  Retail trade ","Thousands of dollars",7889,7933,8483,8251,7667,6903,6436,6593,7726,8067,6664,6005,6146,7095,7379,7569,8081,8574,9387,10300,10719,10558
 "31021","Burt, NE",4,CAGDP2,36,"48-49","  Transportation and warehousing ","Thousands of dollars",2631,2418,2273,2325,2281,2570,18306,36055,21101,34508,13887,23358,15497,17701,30424,33975,21911,33664,21068,22552,34742,39707
 "31021","Burt, NE",4,CAGDP2,45,"51","  Information ","Thousands of dollars",(D),(D),(D),(D),(D),(D),(D),(D),(D),(D),(D),(D),(D),(D),(D),(D),(D),(D),(D),3956,(D),(D)
 "31021","Burt, NE",4,CAGDP2,50,"52,53","  Finance, insurance, real estate, rental, and leasing ","Thousands of dollars",28869,30480,31409,30504,33781,33149,35729,35046,36034,38529,41322,39625,39458,39723,40855,42962,48537,44562,49378,43296,50618,54489
 "31021","Burt, NE",4,CAGDP2,51,"52","   Finance and insurance ","Thousands of dollars",8027,8523,(D),8218,9686,10926,(D),(D),(D),(D),(D),10439,11187,11994,(D),(D),(D),(D),14510,14348,(D),16720
 "31021","Burt, NE",4,CAGDP2,56,"53","   Real estate and rental and leasing ","Thousands of dollars",20842,21957,(D),22286,24095,22223,(D),(D),(D),(D),(D),29187,28272,27729,(D),(D),(D),(D),34868,28948,(D),37769
 "31021","Burt, NE",4,CAGDP2,59,"54,55,56","  Professional and business services ","Thousands of dollars",4564,4705,4791,5102,5603,6170,6852,7511,7571,8481,9613,10169,9620,9352,9032,8977,9245,9882,10285,10285,12020,12193
 "31021","Burt, NE",4,CAGDP2,60,"54","   Professional, scientific, and technical services ","Thousands of dollars",4305,4418,(D),4765,4907,5336,5842,6477,6194,6862,7575,8064,(D),7327,6898,6826,7027,7890,8466,8538,9576,9775
 "31021","Burt, NE",4,CAGDP2,64,"55","   Management of companies and enterprises ","Thousands of dollars",0,0,0,0,0,0,0,0,0,0,0,0,0,(D),(D),(D),(D),(D),(D),(D),(D),(D)
 "31021","Burt, NE",4,CAGDP2,65,"56","   Administrative and support and waste management and remediation services ","Thousands of dollars",259,287,(D),337,696,834,1010,1035,1378,1620,2038,2106,(D),(D),(D),(D),(D),(D),(D),(D),(D),(D)
 "31021","Burt, NE",4,CAGDP2,68,"61,62","  Educational services, health care, and social assistance ","Thousands of dollars",4937,5060,5144,5760,5833,6674,7043,7502,7625,7537,7953,9077,9401,8936,8676,8022,8403,8646,8834,8496,7753,6644
 "31021","Burt, NE",4,CAGDP2,69,"61","   Educational services ","Thousands of dollars",22,22,24,30,18,8,3,14,44,30,5,8,3,12,15,48,43,29,9,13,56,57
 "31021","Burt, NE",4,CAGDP2,70,"62","   Health care and social assistance ","Thousands of dollars",4915,5038,5120,5730,5815,6666,7040,7488,7581,7507,7948,9069,9398,8924,8661,7973,8360,8617,8825,8483,7697,6587
 "31021","Burt, NE",4,CAGDP2,75,"71,72","  Arts, entertainment, recreation, accommodation, and food services ","Thousands of dollars",2199,2203,2224,2191,2500,2608,2442,2493,2858,2882,2882,3111,2894,3443,3796,4102,3795,3695,3487,3647,4567,4940
 "31021","Burt, NE",4,CAGDP2,76,"71","   Arts, entertainment, and recreation ","Thousands of dollars",(D),780,780,791,865,1002,1121,1248,1301,1179,1158,1341,995,1420,1660,(D),1733,1609,1505,1569,1918,2091
 "31021","Burt, NE",4,CAGDP2,79,"72","   Accommodation and food services ","Thousands of dollars",(D),1424,1443,1401,1635,1606,1321,1246,1557,1702,1724,1769,1899,2022,2137,(D),2062,2086,1983,2078,2649,2849
 "31021","Burt, NE",4,CAGDP2,82,"81","  Other services (except government and government enterprises) ","Thousands of dollars",(D),(D),(D),(D),(D),(D),(D),(D),(D),(D),(D),(D),(D),(D),(D),(D),(D),(D),(D),9613,(D),(D)
 "31021","Burt, NE",4,CAGDP2,83,"92","Government and government enterprises ","Thousands of dollars",25888,27806,28090,28315,28555,31020,31039,28953,29160,32552,32530,33450,34179,35363,36311,38347,39474,42496,42689,45268,45074,46322
 "31021","Burt, NE",4,CAGDP2,87,"11,21","Natural resources and mining ","Thousands of dollars",33576,34380,50299,62225,45393,30167,55048,54900,76852,67511,108618,80882,101805,82023,82427,65214,83472,93331,110488,82877,156401,137358
 "31021","Burt, NE",4,CAGDP2,88,"42,44-45","Trade ","Thousands of dollars",16328,16724,16518,15608,16377,15168,15283,16972,18184,20902,20569,22880,24433,28439,31881,30853,32362,38178,41004,43475,41078,45765
 "31021","Burt, NE",4,CAGDP2,89,"22,48-49","Transportation and utilities ","Thousands of dollars",2631,2418,2273,2326,2281,2571,18307,36055,21102,34509,13888,23358,15498,17701,30424,33975,21911,33664,21068,22552,34796,39707
 "31021","Burt, NE",4,CAGDP2,90,"31-33,51","Manufacturing and information ","Thousands of dollars",(D),(D),(D),(D),(D),(D),(D),(D),(D),(D),(D),(D),(D),(D),(D),(D),(D),(D),(D),15898,(D),(D)
 "31021","Burt, NE",4,CAGDP2,91,"...","Private goods-producing industries 2/","Thousands of dollars",45411,46308,61981,74446,59159,43774,70622,68547,90320,83622,128647,102837,127527,105473,104859,87556,104302,112494,130466,103802,182668,167442
 "31021","Burt, NE",4,CAGDP2,92,"...","Private services-providing industries 3/","Thousands of dollars",67221,69927,70974,70980,78253,77299,96460,115843,103842,123441,107377,119961,112702,118619,135917,140799,136176,150947,146778,145320,169986,183837
 "31023","Butler, NE",4,CAGDP2,1,"...","All industry total ","Thousands of dollars",156199,143806,172370,207414,190099,182178,247807,263367,262224,263063,334053,296496,327682,317934,311531,245781,260396,291525,306119,343463,427565,452517
 "31023","Butler, NE",4,CAGDP2,2,"..."," Private industries ","Thousands of dollars",132155,117518,145107,178670,159963,149009,214607,227641,226020,222225,292439,254974,285486,271323,263484,195036,207550,235972,247773,281402,364377,387453
 "31023","Butler, NE",4,CAGDP2,3,"11","  Agriculture, forestry, fishing and hunting ","Thousands of dollars",31482,14126,44320,72026,48592,27277,89461,89222,88153,78646,135809,90244,116429,76347,69745,5008,16415,38512,50907,56864,128034,120286
 "31023","Butler, NE",4,CAGDP2,6,"21","  Mining, quarrying, and oil and gas extraction ","Thousands of dollars",0,0,0,0,0,0,544,331,304,424,502,818,518,529,368,216,260,247,397,385,578,500
 "31023","Butler, NE",4,CAGDP2,10,"22","  Utilities ","Thousands of dollars",16,12,3,2,0,0,15,31,46,90,122,146,59,44,70,89,137,94,(D),28,(D),175
 "31023","Butler, NE",4,CAGDP2,11,"23","  Construction ","Thousands of dollars",5382,5763,5862,6410,4482,5121,4762,4799,5601,6469,6539,5824,6348,8873,10081,10404,9503,11070,14528,10958,(D),(D)
 "31023","Butler, NE",4,CAGDP2,12,"31-33","  Manufacturing ","Thousands of dollars",17570,17991,18463,22079,25553,30362,29907,36790,34181,37991,38669,40944,38093,46867,48425,40858,39030,41835,41360,41455,(D),(D)
 "31023","Butler, NE",4,CAGDP2,13,"321,327-339","   Durable goods manufacturing ","Thousands of dollars",(D),(D),(D),(D),(D),(D),(D),(D),(D),(D),(D),(D),29828,37852,(D),(D),(D),(D),(D),(D),32248,47378
 "31023","Butler, NE",4,CAGDP2,25,"311-316,322-326","   Nondurable goods manufacturing ","Thousands of dollars",(D),(D),(D),(D),(D),(D),(D),(D),(D),(D),(D),(D),8265,9015,(D),(D),(D),(D),(D),(D),(D),(D)
 "31023","Butler, NE",4,CAGDP2,34,"42","  Wholesale trade ","Thousands of dollars",4349,4530,5471,5774,9047,9146,11383,12896,13735,15724,17363,20169,24600,30167,31810,31202,29928,31349,31589,28217,28334,29581
 "31023","Butler, NE",4,CAGDP2,35,"44-45","  Retail trade ","Thousands of dollars",14500,15012,15132,14286,11171,10835,10723,10850,11096,11851,11471,11195,8981,8356,8244,8276,8114,7475,7454,8029,8088,8254
 "31023","Butler, NE",4,CAGDP2,36,"48-49","  Transportation and warehousing ","Thousands of dollars",9893,8930,3104,4071,2843,6977,9858,9552,9025,6644,8782,8732,11008,20559,15044,18772,19521,17256,11089,44850,44122,50435
 "31023","Butler, NE",4,CAGDP2,45,"51","  Information ","Thousands of dollars",580,676,758,(D),807,(D),(D),(D),(D),(D),(D),(D),(D),(D),(D),(D),(D),(D),(D),386,553,477
 "31023","Butler, NE",4,CAGDP2,50,"52,53","  Finance, insurance, real estate, rental, and leasing ","Thousands of dollars",27666,28764,29048,29234,32592,34977,32219,36154,35475,33947,41884,44207,45142,44749,45733,45025,48494,50423,49013,50782,57403,60623
 "31023","Butler, NE",4,CAGDP2,51,"52","   Finance and insurance ","Thousands of dollars",(D),(D),(D),(D),10224,9950,9331,8824,(D),(D),(D),(D),(D),(D),(D),(D),(D),(D),14883,15379,15780,17167
 "31023","Butler, NE",4,CAGDP2,56,"53","   Real estate and rental and leasing ","Thousands of dollars",(D),(D),(D),(D),22367,25027,22888,27330,(D),(D),(D),(D),(D),(D),(D),(D),(D),(D),34129,35403,41623,43456
 "31023","Butler, NE",4,CAGDP2,59,"54,55,56","  Professional and business services ","Thousands of dollars",4208,4395,5146,5533,5637,5519,7157,8199,7060,7385,7086,(D),8552,8422,7931,8095,8544,8608,8600,8017,8807,9536
 "31023","Butler, NE",4,CAGDP2,60,"54","   Professional, scientific, and technical services ","Thousands of dollars",2281,2309,2970,3348,3315,2695,3152,4104,4372,4104,3848,3913,4243,3851,3821,4059,(D),4001,4359,3585,3439,3976
 "31023","Butler, NE",4,CAGDP2,64,"55","   Management of companies and enterprises ","Thousands of dollars",0,0,0,0,0,0,0,0,0,0,0,(D),235,204,241,226,(D),260,400,463,442,504
 "31023","Butler, NE",4,CAGDP2,65,"56","   Administrative and support and waste management and remediation services ","Thousands of dollars",1927,2086,2176,2185,2322,2824,4005,4095,2688,3281,3238,3523,4075,4367,3870,3810,4326,4347,3841,3968,4926,5057
 "31023","Butler, NE",4,CAGDP2,68,"61,62","  Educational services, health care, and social assistance ","Thousands of dollars",10180,10289,10836,11531,11404,10625,10403,10788,12173,12927,13651,14399,15109,15882,15847,16913,16255,16795,17519,17179,16316,16411
 "31023","Butler, NE",4,CAGDP2,69,"61","   Educational services ","Thousands of dollars",(D),(D),(D),(D),(D),(D),(D),(D),(D),(D),(D),(D),(D),(D),(D),(D),(D),(D),(D),(D),(D),2905
 "31023","Butler, NE",4,CAGDP2,70,"62","   Health care and social assistance ","Thousands of dollars",(D),(D),(D),(D),(D),(D),(D),(D),(D),(D),(D),(D),(D),(D),(D),(D),(D),(D),(D),(D),(D),13506
 "31023","Butler, NE",4,CAGDP2,75,"71,72","  Arts, entertainment, recreation, accommodation, and food services ","Thousands of dollars",1433,1369,1360,1126,1577,1844,1849,2034,2331,2582,2892,(D),2869,2717,2571,2681,2736,3298,4334,2997,4671,4985
 "31023","Butler, NE",4,CAGDP2,76,"71","   Arts, entertainment, and recreation ","Thousands of dollars",(D),(D),(D),(D),192,240,227,199,180,439,770,(D),776,(D),596,(D),504,546,856,605,692,834
 "31023","Butler, NE",4,CAGDP2,79,"72","   Accommodation and food services ","Thousands of dollars",(D),(D),(D),(D),1385,1603,1622,1835,2151,2143,2122,2014,2093,(D),1975,(D),2232,2751,3478,2392,3979,4151
 "31023","Butler, NE",4,CAGDP2,82,"81","  Other services (except government and government enterprises) ","Thousands of dollars",4896,5659,5603,(D),6260,(D),(D),(D),(D),(D),(D),7307,(D),(D),(D),(D),(D),(D),10522,11253,(D),13393
 "31023","Butler, NE",4,CAGDP2,83,"92","Government and government enterprises ","Thousands of dollars",24044,26288,27263,28744,30136,33169,33200,35726,36204,40838,41614,41522,42196,46612,48047,50745,52846,55552,58346,62061,63188,65064
 "31023","Butler, NE",4,CAGDP2,87,"11,21","Natural resources and mining ","Thousands of dollars",31482,14126,44320,72026,48592,27277,90006,89554,88457,79069,136311,91063,116947,76876,70113,5224,16675,38759,51303,57250,128611,120786
 "31023","Butler, NE",4,CAGDP2,88,"42,44-45","Trade ","Thousands of dollars",18849,19542,20603,20060,20219,19981,22106,23746,24831,27576,28834,31363,33580,38523,40054,39478,38042,38824,39043,36246,36422,37835
 "31023","Butler, NE",4,CAGDP2,89,"22,48-49","Transportation and utilities ","Thousands of dollars",9909,8943,3106,4074,2843,6977,9873,9583,9071,6735,8904,8877,11067,20603,15114,18861,19658,17350,(D),44878,(D),50610
 "31023","Butler, NE",4,CAGDP2,90,"31-33,51","Manufacturing and information ","Thousands of dollars",18150,18668,19222,(D),26360,(D),(D),(D),(D),(D),(D),(D),(D),(D),(D),(D),(D),(D),(D),41841,(D),(D)
 "31023","Butler, NE",4,CAGDP2,91,"...","Private goods-producing industries 2/","Thousands of dollars",54434,37880,68645,100515,78627,62760,124675,131143,128239,123529,181519,137830,161388,132616,128618,56486,65208,91665,107192,109662,184059,193583
 "31023","Butler, NE",4,CAGDP2,92,"...","Private services-providing industries 3/","Thousands of dollars",77721,79638,76461,78155,81336,86249,89931,96498,97781,98696,110920,117143,124098,138706,134866,138551,142342,144307,140582,171740,180318,193870
 "31025","Cass, NE",4,CAGDP2,1,"...","All industry total ","Thousands of dollars",346544,342606,384802,431937,433983,447947,500391,514313,547432,563919,666451,611185,640383,629127,659569,672466,715242,760172,800798,838911,1001779,1045904
 "31025","Cass, NE",4,CAGDP2,2,"..."," Private industries ","Thousands of dollars",293190,283750,322384,366823,365405,374044,424722,433716,465171,472573,575236,518755,547603,532072,559752,568717,609342,652551,687285,721340,881966,921612
 "31025","Cass, NE",4,CAGDP2,3,"11","  Agriculture, forestry, fishing and hunting ","Thousands of dollars",26797,331,31729,71801,40900,38945,52940,76963,104754,85505,140783,53193,73251,17790,9693,2288,(D),(D),(D),34456,111612,84194
 "31025","Cass, NE",4,CAGDP2,6,"21","  Mining, quarrying, and oil and gas extraction ","Thousands of dollars",4829,6953,13100,13571,16066,15232,46239,28154,26059,39237,52527,56584,51625,46887,41617,29003,31703,29832,31526,39909,42994,44503
 "31025","Cass, NE",4,CAGDP2,10,"22","  Utilities ","Thousands of dollars",1446,1354,518,1388,1661,2922,2867,2411,824,1563,2282,4236,4365,1223,1062,2101,(D),(D),(D),5716,10776,14416
 "31025","Cass, NE",4,CAGDP2,11,"23","  Construction ","Thousands of dollars",19233,20096,20303,20368,20675,19964,20270,17411,17947,19467,8729,14836,13379,20461,24083,35537,42338,42650,39091,47381,50164,55625
 "31025","Cass, NE",4,CAGDP2,12,"31-33","  Manufacturing ","Thousands of dollars",30436,32654,32021,34122,36674,35580,33239,29962,37588,36850,41507,46254,48893,52260,56979,58695,63099,65417,70445,76870,77334,88255
 "31025","Cass, NE",4,CAGDP2,13,"321,327-339","   Durable goods manufacturing ","Thousands of dollars",(D),26834,25416,27122,27524,25140,25253,(D),24182,23081,24503,27264,29557,31345,33304,34765,41131,40172,44280,44444,50731,58450
 "31025","Cass, NE",4,CAGDP2,25,"311-316,322-326","   Nondurable goods manufacturing ","Thousands of dollars",(D),5820,6605,7000,9150,10440,7986,(D),13406,13770,17004,18990,19336,20915,23675,23931,21968,25245,26165,32426,26603,29805
 "31025","Cass, NE",4,CAGDP2,34,"42","  Wholesale trade ","Thousands of dollars",(D),15607,15556,16969,(D),(D),(D),(D),(D),(D),(D),(D),(D),(D),(D),(D),(D),(D),(D),(D),(D),(D)
 "31025","Cass, NE",4,CAGDP2,35,"44-45","  Retail trade ","Thousands of dollars",25759,26342,27652,30556,32402,33109,32500,33172,32615,32659,29797,34120,38342,44381,47355,52515,54948,55450,55943,64402,69467,67348
 "31025","Cass, NE",4,CAGDP2,36,"48-49","  Transportation and warehousing ","Thousands of dollars",26875,24535,24852,21649,29832,31521,45840,41935,37592,32069,48529,61924,53853,57859,57256,62588,54220,54645,51740,47384,87885,103433
 "31025","Cass, NE",4,CAGDP2,45,"51","  Information ","Thousands of dollars",3978,3236,2796,2361,2199,2623,2739,2236,2471,2425,2159,1829,3437,4461,5023,2774,3738,3358,3714,3395,7574,5053
 "31025","Cass, NE",4,CAGDP2,50,"52,53","  Finance, insurance, real estate, rental, and leasing ","Thousands of dollars",90957,100071,100019,99101,109064,115188,109265,115173,114696,129868,150299,139572,134697,140148,150621,150406,162097,169686,167806,185529,193537,214861
 "31025","Cass, NE",4,CAGDP2,51,"52","   Finance and insurance ","Thousands of dollars",14875,17872,18419,17951,21065,21419,20532,18642,20996,22118,20922,25198,22750,25638,26699,28203,30535,30845,32704,32538,30845,37579
 "31025","Cass, NE",4,CAGDP2,56,"53","   Real estate and rental and leasing ","Thousands of dollars",76082,82199,81600,81151,87999,93769,88732,96531,93700,107750,129378,114375,111947,114510,123922,122204,131562,138841,135102,152992,162693,177282
 "31025","Cass, NE",4,CAGDP2,59,"54,55,56","  Professional and business services ","Thousands of dollars",(D),10632,11257,10951,(D),(D),(D),(D),(D),(D),14982,(D),(D),(D),(D),(D),25659,28240,30180,(D),(D),34922
 "31025","Cass, NE",4,CAGDP2,60,"54","   Professional, scientific, and technical services ","Thousands of dollars",6047,7437,7700,7432,7202,7689,7833,9742,10522,8098,8790,9705,11522,12645,13466,13486,13409,15215,16311,(D),15233,17147
 "31025","Cass, NE",4,CAGDP2,64,"55","   Management of companies and enterprises ","Thousands of dollars",(D),438,746,465,(D),(D),(D),(D),(D),(D),743,(D),(D),(D),(D),(D),1024,459,499,(D),(D),884
 "31025","Cass, NE",4,CAGDP2,65,"56","   Administrative and support and waste management and remediation services ","Thousands of dollars",(D),2757,2812,3054,(D),(D),(D),(D),(D),(D),5450,(D),(D),(D),(D),(D),11226,12566,13371,14052,(D),16890
 "31025","Cass, NE",4,CAGDP2,68,"61,62","  Educational services, health care, and social assistance ","Thousands of dollars",12505,13366,14322,15257,16618,16745,14968,15355,16515,16237,(D),19430,20538,21271,20938,(D),21470,21396,23069,24097,(D),(D)
 "31025","Cass, NE",4,CAGDP2,69,"61","   Educational services ","Thousands of dollars",1003,1117,1168,1332,1298,(D),(D),(D),(D),(D),(D),(D),1551,1535,1553,(D),1477,1562,1655,1501,(D),(D)
 "31025","Cass, NE",4,CAGDP2,70,"62","   Health care and social assistance ","Thousands of dollars",11501,12248,13154,13925,15320,(D),(D),(D),(D),(D),(D),(D),18988,19736,19384,(D),19993,19834,21414,22595,(D),(D)
 "31025","Cass, NE",4,CAGDP2,75,"71,72","  Arts, entertainment, recreation, accommodation, and food services ","Thousands of dollars",12556,12852,12674,12748,12897,13031,12806,13251,14067,14603,15029,15311,14973,16314,16086,18340,19835,21751,24096,20883,24727,29224
 "31025","Cass, NE",4,CAGDP2,76,"71","   Arts, entertainment, and recreation ","Thousands of dollars",5558,6011,5382,5261,5282,4863,4021,4825,5735,5737,6842,7222,6958,7058,6887,7252,7691,8330,9168,8181,9189,10530
 "31025","Cass, NE",4,CAGDP2,79,"72","   Accommodation and food services ","Thousands of dollars",6998,6841,7292,7487,7614,8167,8784,8426,8332,8866,8187,8089,8015,9255,9199,11087,12144,13421,14928,12702,15538,18694
 "31025","Cass, NE",4,CAGDP2,82,"81","  Other services (except government and government enterprises) ","Thousands of dollars",13909,15722,15585,15980,16874,17429,17590,16475,16164,16834,18126,19342,19333,21170,22231,23394,23682,25033,25808,26046,28755,29786
 "31025","Cass, NE",4,CAGDP2,83,"92","Government and government enterprises ","Thousands of dollars",53354,58856,62419,65114,68578,73903,75669,80597,82261,91346,91215,92430,92780,97055,99817,103749,105900,107621,113513,117571,119813,124293
 "31025","Cass, NE",4,CAGDP2,87,"11,21","Natural resources and mining ","Thousands of dollars",31626,7285,44829,85373,56966,54177,99179,105116,130813,124742,193310,109777,124876,64676,51310,31290,(D),(D),(D),74365,154607,128698
 "31025","Cass, NE",4,CAGDP2,88,"42,44-45","Trade ","Thousands of dollars",(D),41949,43208,47525,(D),(D),(D),(D),(D),(D),(D),(D),(D),(D),(D),(D),(D),(D),(D),(D),(D),(D)
 "31025","Cass, NE",4,CAGDP2,89,"22,48-49","Transportation and utilities ","Thousands of dollars",28321,25889,25370,23037,31493,34443,48707,44347,38416,33631,50811,66160,58218,59082,58318,64688,(D),(D),(D),53100,98661,117849
 "31025","Cass, NE",4,CAGDP2,90,"31-33,51","Manufacturing and information ","Thousands of dollars",34413,35890,34817,36483,38873,38203,35979,32198,40059,39275,43667,48083,52330,56721,62003,61469,66837,68776,74159,80265,84908,93308
 "31025","Cass, NE",4,CAGDP2,91,"...","Private goods-producing industries 2/","Thousands of dollars",81295,60034,97153,139863,114315,109721,152688,152489,186348,181059,243546,170867,187148,137397,132373,125523,(D),(D),(D),198616,282105,272578
 "31025","Cass, NE",4,CAGDP2,92,"...","Private services-providing industries 3/","Thousands of dollars",211896,223716,225231,226961,251090,264323,272034,281227,278823,291514,331690,347888,360455,394675,427378,443194,(D),(D),(D),522724,599861,649034
 "31027","Cedar, NE",4,CAGDP2,1,"...","All industry total ","Thousands of dollars",214395,222902,236623,275904,268154,255787,286121,285908,292918,350972,445919,367676,381044,357075,376619,384036,360357,401877,402125,448790,572705,592908
 "31027","Cedar, NE",4,CAGDP2,2,"..."," Private industries ","Thousands of dollars",184537,191316,204102,242433,233682,218664,249059,247942,254837,308818,403301,325041,339593,312228,329317,333871,307791,347199,345988,390638,512432,530956
 "31027","Cedar, NE",4,CAGDP2,3,"11","  Agriculture, forestry, fishing and hunting ","Thousands of dollars",60620,62602,74863,105933,91606,(D),102889,(D),(D),(D),(D),(D),(D),(D),(D),47485,27691,63683,63712,83823,162193,130750
 "31027","Cedar, NE",4,CAGDP2,6,"21","  Mining, quarrying, and oil and gas extraction ","Thousands of dollars",683,1009,624,587,686,617,1710,949,907,1239,780,602,1290,562,511,252,180,144,161,196,183,251
 "31027","Cedar, NE",4,CAGDP2,10,"22","  Utilities ","Thousands of dollars",11286,11795,13060,16662,11347,(D),10661,(D),21138,17356,20198,25971,32633,26390,37533,41357,37673,25644,22432,25026,35618,48938
 "31027","Cedar, NE",4,CAGDP2,11,"23","  Construction ","Thousands of dollars",8709,9293,8757,9267,9851,9483,9740,11191,12586,14120,13897,14197,13683,15150,16345,18289,18172,18244,16833,15690,17703,22413
 "31027","Cedar, NE",4,CAGDP2,12,"31-33","  Manufacturing ","Thousands of dollars",14589,14764,12056,12832,16523,16063,14816,14746,11631,15536,24544,28936,34572,27468,24356,20806,19203,17939,19076,19539,21276,24262
 "31027","Cedar, NE",4,CAGDP2,13,"321,327-339","   Durable goods manufacturing ","Thousands of dollars",(D),(D),(D),(D),(D),(D),(D),(D),(D),13585,21833,(D),30487,22641,18964,15201,16109,15309,16653,17027,18273,20875
 "31027","Cedar, NE",4,CAGDP2,25,"311-316,322-326","   Nondurable goods manufacturing ","Thousands of dollars",(D),(D),(D),(D),(D),(D),(D),(D),(D),1951,2712,(D),4085,4826,5392,5605,3094,2629,2422,2512,3002,3387
 "31027","Cedar, NE",4,CAGDP2,34,"42","  Wholesale trade ","Thousands of dollars",11206,11581,10776,11436,13118,13790,15263,17848,18982,21743,24957,28305,29389,30800,31258,29497,31612,35514,40265,43071,44548,49381
 "31027","Cedar, NE",4,CAGDP2,35,"44-45","  Retail trade ","Thousands of dollars",8691,8566,10381,12566,13047,13007,13386,14483,16929,18765,20478,21591,17684,16290,15031,14792,13926,15168,17211,19262,19991,20270
 "31027","Cedar, NE",4,CAGDP2,36,"48-49","  Transportation and warehousing ","Thousands of dollars",8367,7373,8770,8519,8739,9504,10062,11735,(D),(D),(D),(D),(D),(D),(D),(D),(D),(D),(D),(D),(D),(D)
 "31027","Cedar, NE",4,CAGDP2,45,"51","  Information ","Thousands of dollars",2422,2618,3356,2979,4353,4811,5530,6543,7306,7248,7033,6020,5762,5423,5600,6359,3702,3836,3874,4048,3884,3973
 "31027","Cedar, NE",4,CAGDP2,50,"52,53","  Finance, insurance, real estate, rental, and leasing ","Thousands of dollars",35931,37641,37925,36929,40193,38038,40534,43203,45135,51093,53894,58318,61248,63904,65585,68872,76310,71824,76845,67350,75996,82614
 "31027","Cedar, NE",4,CAGDP2,51,"52","   Finance and insurance ","Thousands of dollars",9239,11082,11389,11030,13010,13279,13864,13097,13918,15043,14501,16971,17410,18677,19095,20104,21662,21586,23315,23297,24262,27295
 "31027","Cedar, NE",4,CAGDP2,56,"53","   Real estate and rental and leasing ","Thousands of dollars",26692,26559,26536,25899,27184,24759,26670,30107,31217,36049,39393,41347,43838,45227,46490,48768,54648,50238,53530,44053,51734,55320
 "31027","Cedar, NE",4,CAGDP2,59,"54,55,56","  Professional and business services ","Thousands of dollars",4770,5262,4996,5325,5067,(D),6021,(D),6904,6764,7537,8100,8191,8522,8502,8635,8931,9126,9473,9072,10449,11368
 "31027","Cedar, NE",4,CAGDP2,60,"54","   Professional, scientific, and technical services ","Thousands of dollars",(D),(D),(D),(D),(D),(D),3819,4277,4141,3989,4414,4801,4928,5338,5520,5608,5561,5774,5833,5858,6498,7565
 "31027","Cedar, NE",4,CAGDP2,64,"55","   Management of companies and enterprises ","Thousands of dollars",0,0,(D),(D),(D),0,0,0,0,0,0,0,0,0,0,0,0,0,0,0,0,0
 "31027","Cedar, NE",4,CAGDP2,65,"56","   Administrative and support and waste management and remediation services ","Thousands of dollars",(D),(D),1941,2039,1747,1923,2202,(D),2763,2775,3122,3299,3263,3184,2982,3027,3370,3352,3640,3214,3951,3803
 "31027","Cedar, NE",4,CAGDP2,68,"61,62","  Educational services, health care, and social assistance ","Thousands of dollars",8372,8771,8533,8808,8624,8183,8308,9078,10027,10646,10980,11401,12012,12152,12813,(D),(D),(D),(D),(D),(D),(D)
 "31027","Cedar, NE",4,CAGDP2,69,"61","   Educational services ","Thousands of dollars",1981,2076,1959,1955,1860,1644,1631,1770,2283,2591,2648,2518,2642,2987,3150,(D),(D),(D),(D),(D),(D),(D)
 "31027","Cedar, NE",4,CAGDP2,70,"62","   Health care and social assistance ","Thousands of dollars",6391,6695,6573,6853,6764,6539,6677,7309,7745,8055,8332,8884,9370,9165,9663,(D),(D),(D),(D),(D),(D),(D)
 "31027","Cedar, NE",4,CAGDP2,75,"71,72","  Arts, entertainment, recreation, accommodation, and food services ","Thousands of dollars",1815,2000,1963,2238,1907,1890,1770,1816,1922,1961,1985,1879,2496,3166,3324,3316,2569,2876,3389,2239,3345,3894
 "31027","Cedar, NE",4,CAGDP2,76,"71","   Arts, entertainment, and recreation ","Thousands of dollars",391,411,414,430,447,425,392,431,492,543,530,493,899,1546,1606,1472,812,771,687,648,867,1106
 "31027","Cedar, NE",4,CAGDP2,79,"72","   Accommodation and food services ","Thousands of dollars",1424,1589,1550,1809,1460,1465,1378,1385,1431,1418,1456,1386,1597,1620,1718,1844,1757,2105,2702,1591,2478,2787
 "31027","Cedar, NE",4,CAGDP2,82,"81","  Other services (except government and government enterprises) ","Thousands of dollars",7075,8040,8042,8352,8620,8733,8369,8205,8949,10050,10855,11693,11717,11945,12232,11964,11937,11849,11210,10368,10602,10886
 "31027","Cedar, NE",4,CAGDP2,83,"92","Government and government enterprises ","Thousands of dollars",29858,31586,32521,33472,34473,37123,37063,37966,38081,42154,42618,42635,41451,44847,47301,50165,52566,54678,56137,58152,60273,61953
 "31027","Cedar, NE",4,CAGDP2,87,"11,21","Natural resources and mining ","Thousands of dollars",61303,63611,75488,106520,92291,(D),104599,(D),(D),(D),(D),(D),(D),(D),(D),47737,27871,63828,63873,84019,162377,131000
 "31027","Cedar, NE",4,CAGDP2,88,"42,44-45","Trade ","Thousands of dollars",19897,20147,21157,24002,26165,26797,28649,32331,35912,40508,45435,49896,47073,47091,46289,44289,45538,50682,57476,62332,64539,69651
 "31027","Cedar, NE",4,CAGDP2,89,"22,48-49","Transportation and utilities ","Thousands of dollars",19653,19169,21830,25181,20086,(D),20723,(D),(D),(D),(D),(D),(D),(D),(D),(D),(D),(D),(D),(D),(D),(D)
 "31027","Cedar, NE",4,CAGDP2,90,"31-33,51","Manufacturing and information ","Thousands of dollars",17011,17382,15412,15811,20876,20873,20346,21289,18937,22784,31578,34956,40334,32891,29956,27165,22905,21775,22950,23587,25159,28235
 "31027","Cedar, NE",4,CAGDP2,91,"...","Private goods-producing industries 2/","Thousands of dollars",84601,87668,96300,128619,118665,(D),129154,(D),(D),(D),(D),(D),(D),(D),(D),86832,65247,100010,99781,119248,201356,177675
 "31027","Cedar, NE",4,CAGDP2,92,"...","Private services-providing industries 3/","Thousands of dollars",99936,103648,107802,113814,115017,(D),119904,(D),(D),(D),(D),(D),(D),(D),(D),247039,242544,247189,246207,271390,311077,353281
 "31029","Chase, NE",4,CAGDP2,1,"...","All industry total ","Thousands of dollars",114931,124370,149210,148378,155692,149862,172339,176788,129241,181603,202386,291967,310003,273750,282343,341049,326509,311062,331893,346501,408567,467467
 "31029","Chase, NE",4,CAGDP2,2,"..."," Private industries ","Thousands of dollars",94830,102064,125923,124952,131527,125034,148964,152269,104058,152165,172337,260967,278536,240485,248694,306928,293952,276706,292058,305398,367354,423266
 "31029","Chase, NE",4,CAGDP2,3,"11","  Agriculture, forestry, fishing and hunting ","Thousands of dollars",26322,31052,53609,(D),52372,43045,65914,57112,4050,45531,56850,144667,160969,115225,103507,153870,138668,120587,134071,138940,195632,232572
 "31029","Chase, NE",4,CAGDP2,6,"21","  Mining, quarrying, and oil and gas extraction ","Thousands of dollars",1,2,62,5,8,12,384,1173,1138,1010,777,859,563,242,100,95,101,80,52,38,56,63
 "31029","Chase, NE",4,CAGDP2,10,"22","  Utilities ","Thousands of dollars",36,71,64,(D),0,0,0,0,88,50,134,90,166,133,121,121,352,448,470,364,488,478
 "31029","Chase, NE",4,CAGDP2,11,"23","  Construction ","Thousands of dollars",2621,2789,3061,2979,2441,2678,2357,2440,3463,3686,4709,5535,7329,7954,8073,8508,6637,4672,5334,6391,3135,3340
 "31029","Chase, NE",4,CAGDP2,12,"31-33","  Manufacturing ","Thousands of dollars",2488,2862,2367,1603,1469,2204,1952,2414,2189,1932,1825,2137,2156,2348,2510,2692,3230,3041,4028,3256,3202,4402
 "31029","Chase, NE",4,CAGDP2,13,"321,327-339","   Durable goods manufacturing ","Thousands of dollars",(D),(D),(D),(D),(D),(D),(D),(D),(D),(D),(D),(D),(D),(D),805,702,646,809,543,704,(D),(D)
 "31029","Chase, NE",4,CAGDP2,25,"311-316,322-326","   Nondurable goods manufacturing ","Thousands of dollars",(D),(D),(D),(D),(D),(D),(D),(D),(D),(D),(D),(D),(D),(D),1705,1989,2584,2232,3485,2552,(D),(D)
 "31029","Chase, NE",4,CAGDP2,34,"42","  Wholesale trade ","Thousands of dollars",16618,16865,17084,17862,(D),(D),24114,25673,26744,29344,28117,30685,32710,35824,48706,51214,52669,46063,49441,53653,57149,66292
 "31029","Chase, NE",4,CAGDP2,35,"44-45","  Retail trade ","Thousands of dollars",10566,11002,11434,11410,11139,11463,11030,12518,13395,14652,17828,18250,18943,19654,18527,18989,20565,20988,21655,22644,22100,21456
 "31029","Chase, NE",4,CAGDP2,36,"48-49","  Transportation and warehousing ","Thousands of dollars",6843,6810,5794,5132,(D),(D),4650,10946,(D),(D),(D),(D),(D),(D),(D),(D),(D),(D),(D),(D),(D),(D)
 "31029","Chase, NE",4,CAGDP2,45,"51","  Information ","Thousands of dollars",(D),(D),4041,6770,8334,6680,6082,7676,13077,13561,13324,9655,9051,6987,8873,9379,8353,8179,9207,9205,10127,10465
 "31029","Chase, NE",4,CAGDP2,50,"52,53","  Finance, insurance, real estate, rental, and leasing ","Thousands of dollars",19302,19335,19233,18655,20849,20332,23256,21143,21847,22574,23157,26357,27047,29752,32322,34251,33024,35059,37064,41147,41655,47579
 "31029","Chase, NE",4,CAGDP2,51,"52","   Finance and insurance ","Thousands of dollars",(D),(D),7402,7015,8296,8670,8688,7701,7645,7647,8276,9641,10638,11057,11791,12621,(D),15015,16749,17969,18113,21995
 "31029","Chase, NE",4,CAGDP2,56,"53","   Real estate and rental and leasing ","Thousands of dollars",(D),(D),11831,11640,12553,11662,14568,13442,14202,14927,14881,16716,16408,18695,20531,21630,(D),20044,20315,23178,23542,25583
 "31029","Chase, NE",4,CAGDP2,59,"54,55,56","  Professional and business services ","Thousands of dollars",(D),(D),1619,1548,1374,1548,1730,3504,(D),(D),(D),(D),(D),(D),4430,4727,5995,(D),7146,7169,7055,7528
 "31029","Chase, NE",4,CAGDP2,60,"54","   Professional, scientific, and technical services ","Thousands of dollars",(D),(D),1105,1100,(D),(D),(D),1637,1554,1729,2013,(D),(D),(D),2565,2758,2948,3171,3445,3141,3608,4088
 "31029","Chase, NE",4,CAGDP2,64,"55","   Management of companies and enterprises ","Thousands of dollars",0,0,0,0,0,0,0,(D),(D),(D),(D),(D),(D),(D),(D),(D),(D),(D),(D),(D),(D),(D)
 "31029","Chase, NE",4,CAGDP2,65,"56","   Administrative and support and waste management and remediation services ","Thousands of dollars",497,544,514,448,(D),(D),(D),(D),(D),(D),(D),(D),515,593,(D),(D),(D),(D),(D),(D),(D),(D)
 "31029","Chase, NE",4,CAGDP2,68,"61,62","  Educational services, health care, and social assistance ","Thousands of dollars",2733,2849,2614,2717,2570,2152,1671,2011,2265,2379,2687,2659,2528,2743,2528,2933,5532,5927,3868,3710,3748,3850
 "31029","Chase, NE",4,CAGDP2,69,"61","   Educational services ","Thousands of dollars",36,37,50,25,0,1,4,101,95,90,0,280,255,302,39,83,154,34,58,43,48,56
 "31029","Chase, NE",4,CAGDP2,70,"62","   Health care and social assistance ","Thousands of dollars",2697,2812,2564,2692,2570,2151,1667,1910,2170,2289,2687,2379,2272,2442,2489,2849,5378,5893,3810,3667,3700,3794
 "31029","Chase, NE",4,CAGDP2,75,"71,72","  Arts, entertainment, recreation, accommodation, and food services ","Thousands of dollars",1679,1763,1845,(D),1823,2004,2109,2398,2450,2511,2933,4109,3869,3803,(D),(D),(D),3552,(D),(D),(D),(D)
 "31029","Chase, NE",4,CAGDP2,76,"71","   Arts, entertainment, and recreation ","Thousands of dollars",(D),(D),(D),147,156,156,188,220,272,332,992,1572,1508,1531,(D),(D),(D),541,(D),(D),(D),(D)
 "31029","Chase, NE",4,CAGDP2,79,"72","   Accommodation and food services ","Thousands of dollars",(D),(D),(D),(D),1667,1849,1921,2179,2178,2179,1942,2536,2361,2272,(D),(D),(D),3011,(D),(D),(D),(D)
 "31029","Chase, NE",4,CAGDP2,82,"81","  Other services (except government and government enterprises) ","Thousands of dollars",2953,3154,3098,3599,3833,3960,3714,3260,3446,3799,3904,3940,3760,3868,4241,4557,4301,4218,3779,3999,3779,4199
 "31029","Chase, NE",4,CAGDP2,83,"92","Government and government enterprises ","Thousands of dollars",20101,22306,23287,23426,24166,24828,23375,24520,25182,29439,30049,31000,31466,33265,33649,34121,32557,34356,39836,41103,41213,44201
 "31029","Chase, NE",4,CAGDP2,87,"11,21","Natural resources and mining ","Thousands of dollars",26323,31054,53671,(D),52381,43058,66298,58285,5188,46541,57628,145526,161532,115467,103606,153965,138769,120667,134123,138978,195689,232635
 "31029","Chase, NE",4,CAGDP2,88,"42,44-45","Trade ","Thousands of dollars",27185,27868,28518,29272,(D),(D),35144,38191,40139,43996,45945,48935,51653,55478,67233,70203,73234,67051,71096,76297,79249,87747
 "31029","Chase, NE",4,CAGDP2,89,"22,48-49","Transportation and utilities ","Thousands of dollars",6879,6881,5858,(D),(D),(D),4650,10946,(D),(D),(D),(D),(D),(D),(D),(D),(D),(D),(D),(D),(D),(D)
 "31029","Chase, NE",4,CAGDP2,90,"31-33,51","Manufacturing and information ","Thousands of dollars",(D),(D),6408,8373,9804,8884,8034,10090,15265,15493,15149,11792,11207,9335,11382,12071,11583,11220,13235,12461,13329,14867
 "31029","Chase, NE",4,CAGDP2,91,"...","Private goods-producing industries 2/","Thousands of dollars",31432,36705,59098,(D),56291,47940,70607,63140,10840,52159,64162,153198,171017,125768,114189,165164,148636,128381,143485,148624,202025,240377
 "31029","Chase, NE",4,CAGDP2,92,"...","Private services-providing industries 3/","Thousands of dollars",63398,65359,66825,(D),75236,77094,78357,89129,93218,100006,108175,107769,107519,114717,134505,141764,145316,148325,148572,156773,165329,182888
 "31031","Cherry, NE",4,CAGDP2,1,"...","All industry total ","Thousands of dollars",108030,121470,153720,154904,158587,150043,131957,131428,137980,169066,226228,235294,294646,372020,391865,368459,300532,283632,278505,314225,323679,324164
 "31031","Cherry, NE",4,CAGDP2,2,"..."," Private industries ","Thousands of dollars",84224,95719,125428,125826,130019,119194,101599,99617,105438,132048,189394,196741,256596,330798,350290,324982,254939,235751,229187,263380,270696,269572
 "31031","Cherry, NE",4,CAGDP2,3,"11","  Agriculture, forestry, fishing and hunting ","Thousands of dollars",1699,9180,38971,37975,40039,29087,9868,3159,3843,27996,72020,75858,139180,195916,198600,166943,92638,76708,60426,84118,78637,67208
 "31031","Cherry, NE",4,CAGDP2,6,"21","  Mining, quarrying, and oil and gas extraction ","Thousands of dollars",35,132,151,171,84,0,0,0,0,0,0,0,0,19,46,37,0,0,0,0,0,0
 "31031","Cherry, NE",4,CAGDP2,10,"22","  Utilities ","Thousands of dollars",440,474,375,354,188,325,316,334,372,426,368,223,55,179,372,568,588,586,730,590,825,1050
 "31031","Cherry, NE",4,CAGDP2,11,"23","  Construction ","Thousands of dollars",6690,7674,7543,7406,7646,8019,7909,8744,8209,9098,10251,10579,9566,12308,12255,13345,14443,13233,12334,12430,12531,12419
 "31031","Cherry, NE",4,CAGDP2,12,"31-33","  Manufacturing ","Thousands of dollars",2008,2295,2299,2350,3117,3346,3239,3211,2766,2899,3417,3801,4258,3674,4196,4041,4832,3972,4648,4404,6104,6420
 "31031","Cherry, NE",4,CAGDP2,13,"321,327-339","   Durable goods manufacturing ","Thousands of dollars",1040,1032,960,1423,(D),2349,2154,2154,1770,1883,2390,(D),3077,2460,2830,2511,2538,1895,2001,2202,2506,3123
 "31031","Cherry, NE",4,CAGDP2,25,"311-316,322-326","   Nondurable goods manufacturing ","Thousands of dollars",968,1263,1339,927,(D),996,1085,1057,995,1016,1027,(D),1181,1214,1366,1530,2294,2077,2647,2202,3598,3297
 "31031","Cherry, NE",4,CAGDP2,34,"42","  Wholesale trade ","Thousands of dollars",8982,8736,7931,7421,7155,6335,5997,6267,7241,7464,8244,9315,12610,16295,22685,27126,37408,36175,35731,37112,36063,38869
 "31031","Cherry, NE",4,CAGDP2,35,"44-45","  Retail trade ","Thousands of dollars",15930,16402,16996,17973,17679,17585,16616,16097,17157,17956,17628,18686,19883,19486,21289,21593,21070,19614,20287,22760,27320,27706
 "31031","Cherry, NE",4,CAGDP2,36,"48-49","  Transportation and warehousing ","Thousands of dollars",(D),(D),(D),(D),(D),(D),(D),(D),(D),(D),(D),(D),(D),(D),(D),(D),(D),(D),(D),(D),(D),(D)
 "31031","Cherry, NE",4,CAGDP2,45,"51","  Information ","Thousands of dollars",(D),(D),(D),1834,1667,1616,1777,2057,2131,1920,1767,1737,1648,1452,1231,1056,982,1382,1210,(D),(D),731
 "31031","Cherry, NE",4,CAGDP2,50,"52,53","  Finance, insurance, real estate, rental, and leasing ","Thousands of dollars",22525,24370,23962,24682,26949,26944,29020,29605,30821,27985,36362,33321,29630,36419,37066,38328,37706,33668,40231,48322,42139,(D)
 "31031","Cherry, NE",4,CAGDP2,51,"52","   Finance and insurance ","Thousands of dollars",7052,8082,7829,8715,9466,(D),8252,6875,5674,4637,5657,6146,6746,6107,6657,7098,7601,7279,9257,10153,10274,10923
 "31031","Cherry, NE",4,CAGDP2,56,"53","   Real estate and rental and leasing ","Thousands of dollars",15473,16288,16133,15967,17483,(D),20769,22730,25147,23348,30706,27176,22883,30313,30409,31229,30105,26389,30974,38170,31865,(D)
 "31031","Cherry, NE",4,CAGDP2,59,"54,55,56","  Professional and business services ","Thousands of dollars",4837,4970,4803,(D),(D),(D),(D),(D),(D),(D),(D),(D),(D),(D),(D),(D),(D),(D),(D),11173,12707,13735
 "31031","Cherry, NE",4,CAGDP2,60,"54","   Professional, scientific, and technical services ","Thousands of dollars",3495,3995,3970,4021,3873,(D),4158,5553,5481,5544,5020,5344,6059,6912,6955,6780,6778,7356,7884,7592,8647,9041
 "31031","Cherry, NE",4,CAGDP2,64,"55","   Management of companies and enterprises ","Thousands of dollars",0,(D),(D),(D),(D),0,(D),(D),(D),(D),(D),(D),(D),(D),(D),(D),(D),(D),(D),(D),(D),(D)
 "31031","Cherry, NE",4,CAGDP2,65,"56","   Administrative and support and waste management and remediation services ","Thousands of dollars",1342,(D),(D),(D),(D),(D),(D),(D),(D),(D),(D),(D),(D),(D),(D),(D),(D),(D),(D),(D),(D),(D)
 "31031","Cherry, NE",4,CAGDP2,68,"61,62","  Educational services, health care, and social assistance ","Thousands of dollars",5822,6084,6555,6751,7210,7869,8217,9182,8877,8767,8662,10376,10306,10859,11104,11150,11072,11842,12317,10846,12466,12387
 "31031","Cherry, NE",4,CAGDP2,69,"61","   Educational services ","Thousands of dollars",142,121,253,295,275,178,231,300,282,197,162,135,140,146,232,308,409,346,311,292,832,856
 "31031","Cherry, NE",4,CAGDP2,70,"62","   Health care and social assistance ","Thousands of dollars",5680,5962,6302,6457,6934,7691,7986,8882,8594,8570,8500,10241,10166,10713,10872,10842,10663,11496,12007,10554,11634,11531
 "31031","Cherry, NE",4,CAGDP2,75,"71,72","  Arts, entertainment, recreation, accommodation, and food services ","Thousands of dollars",5924,6333,6727,6743,6844,6520,6616,7168,8148,10713,11616,12116,11104,11987,13107,13270,10507,11257,14520,13206,17382,18623
 "31031","Cherry, NE",4,CAGDP2,76,"71","   Arts, entertainment, and recreation ","Thousands of dollars",343,441,436,328,263,154,175,283,1174,3079,3768,4383,3162,3796,3730,3657,415,1187,3907,(D),(D),(D)
 "31031","Cherry, NE",4,CAGDP2,79,"72","   Accommodation and food services ","Thousands of dollars",5581,5892,6291,6414,6582,6366,6441,6885,6974,7634,7847,7733,7943,8191,9376,9613,10092,10070,10613,(D),(D),(D)
 "31031","Cherry, NE",4,CAGDP2,82,"81","  Other services (except government and government enterprises) ","Thousands of dollars",(D),(D),(D),5660,5316,5251,5334,4985,5220,5677,5939,6487,6386,6847,7461,9585,8826,9042,7979,(D),(D),9954
 "31031","Cherry, NE",4,CAGDP2,83,"92","Government and government enterprises ","Thousands of dollars",23805,25751,28292,29078,28568,30850,30358,31811,32543,37018,36834,38553,38050,41221,41574,43477,45593,47881,49318,50846,52983,54592
 "31031","Cherry, NE",4,CAGDP2,87,"11,21","Natural resources and mining ","Thousands of dollars",1734,9312,39121,38146,40124,29087,9868,3159,3843,27996,72020,75858,139180,195936,198645,166980,92638,76708,60426,84118,78637,67208
 "31031","Cherry, NE",4,CAGDP2,88,"42,44-45","Trade ","Thousands of dollars",24912,25138,24927,25394,24834,23920,22612,22364,24399,25419,25872,28001,32493,35780,43974,48719,58477,55790,56018,59873,63383,66576
 "31031","Cherry, NE",4,CAGDP2,89,"22,48-49","Transportation and utilities ","Thousands of dollars",(D),(D),(D),(D),(D),(D),(D),(D),(D),(D),(D),(D),(D),(D),(D),(D),(D),(D),(D),(D),(D),(D)
 "31031","Cherry, NE",4,CAGDP2,90,"31-33,51","Manufacturing and information ","Thousands of dollars",(D),(D),(D),4184,4784,4961,5016,5268,4896,4819,5184,5538,5906,5126,5427,5098,5814,5354,5858,(D),(D),7151
 "31031","Cherry, NE",4,CAGDP2,91,"...","Private goods-producing industries 2/","Thousands of dollars",10432,19281,48964,47901,50887,40451,21016,15114,14818,39993,85688,90238,153004,211918,215097,184367,111914,93914,77408,100952,97272,86047
 "31031","Cherry, NE",4,CAGDP2,92,"...","Private services-providing industries 3/","Thousands of dollars",73793,76438,76464,77925,79131,78742,80584,84504,90620,92055,103706,106503,103593,118881,135194,140615,143025,141837,151780,162428,173423,183525
 "31033","Cheyenne, NE",4,CAGDP2,1,"...","All industry total ","Thousands of dollars",316501,325551,397198,412914,428285,466211,545539,600003,556405,597103,703728,729887,777530,772254,727549,748937,743319,617784,567447,556497,605792,678298
 "31033","Cheyenne, NE",4,CAGDP2,2,"..."," Private industries ","Thousands of dollars",279317,285055,355653,371464,387192,421375,500309,552498,508088,542417,650595,677305,724710,715183,668963,688589,681991,556203,504906,491226,539731,611540
 "31033","Cheyenne, NE",4,CAGDP2,3,"11","  Agriculture, forestry, fishing and hunting ","Thousands of dollars",15454,11300,40287,28104,27232,24950,55102,79111,55775,66789,106389,68519,99849,93280,75778,100587,38910,54285,47817,54631,74331,113792
 "31033","Cheyenne, NE",4,CAGDP2,6,"21","  Mining, quarrying, and oil and gas extraction ","Thousands of dollars",2721,2398,2837,2722,4890,4985,4794,4538,1975,1722,1518,1434,1508,1402,750,595,658,718,634,572,648,1058
 "31033","Cheyenne, NE",4,CAGDP2,10,"22","  Utilities ","Thousands of dollars",2387,2347,2035,2076,1429,2260,(D),(D),4526,4784,4885,4372,4666,5492,5460,5219,6115,6649,7477,7517,6161,7631
 "31033","Cheyenne, NE",4,CAGDP2,11,"23","  Construction ","Thousands of dollars",7508,7984,7855,8036,8207,9197,13959,11619,9514,7361,10386,10926,9056,7955,12444,15149,10867,9281,9591,10971,12594,15243
 "31033","Cheyenne, NE",4,CAGDP2,12,"31-33","  Manufacturing ","Thousands of dollars",22579,18607,18790,24562,33077,40292,39281,39156,35409,34335,41901,42298,31397,29193,26088,23064,21841,20285,22831,23934,26041,30620
 "31033","Cheyenne, NE",4,CAGDP2,13,"321,327-339","   Durable goods manufacturing ","Thousands of dollars",16602,13950,14044,20425,26417,28606,27934,28447,21927,20422,26944,28094,22689,22107,19963,15094,10082,10796,12032,11315,11966,13418
 "31033","Cheyenne, NE",4,CAGDP2,25,"311-316,322-326","   Nondurable goods manufacturing ","Thousands of dollars",5977,4657,4746,4138,6660,11686,11347,10709,13481,13913,14957,14204,8707,7086,6125,7969,11759,9489,10799,12619,14075,17201
 "31033","Cheyenne, NE",4,CAGDP2,34,"42","  Wholesale trade ","Thousands of dollars",83377,62251,66497,74068,89204,(D),(D),(D),108831,95926,93911,104622,107691,123494,114856,102843,100096,93568,65798,39963,47198,58345
 "31033","Cheyenne, NE",4,CAGDP2,35,"44-45","  Retail trade ","Thousands of dollars",30448,34944,41324,45414,42155,42166,44830,53735,52542,60332,66617,83735,92443,83919,85715,88453,99034,86685,91963,122127,131287,123785
 "31033","Cheyenne, NE",4,CAGDP2,36,"48-49","  Transportation and warehousing ","Thousands of dollars",(D),(D),(D),(D),(D),42671,53219,56149,46421,45392,53654,52373,52546,64928,55918,52124,55783,58705,74219,48382,60895,71477
 "31033","Cheyenne, NE",4,CAGDP2,45,"51","  Information ","Thousands of dollars",(D),2649,4100,4813,3392,4481,6475,4526,4308,4274,4137,3546,3562,2975,2977,3312,4193,3453,4630,4503,5535,5817
 "31033","Cheyenne, NE",4,CAGDP2,50,"52,53","  Finance, insurance, real estate, rental, and leasing ","Thousands of dollars",38818,42533,39282,38568,43415,42514,47019,47186,54450,47573,73315,72705,74686,74171,72753,83441,81073,56689,63718,74722,65548,69262
 "31033","Cheyenne, NE",4,CAGDP2,51,"52","   Finance and insurance ","Thousands of dollars",14063,15949,15333,15047,17596,18517,17883,17861,21553,17569,32066,33942,41175,29448,29529,37901,37722,18277,20296,22606,22771,24885
 "31033","Cheyenne, NE",4,CAGDP2,56,"53","   Real estate and rental and leasing ","Thousands of dollars",24755,26584,23949,23521,25818,23997,29136,29325,32896,30005,41249,38763,33511,44723,43224,45539,43352,38412,43421,52116,42777,44377
 "31033","Cheyenne, NE",4,CAGDP2,59,"54,55,56","  Professional and business services ","Thousands of dollars",(D),42375,67359,67663,64441,70700,78357,92648,87980,125022,140134,175947,187563,165190,150320,143224,190183,90285,40998,31075,33707,31733
 "31033","Cheyenne, NE",4,CAGDP2,60,"54","   Professional, scientific, and technical services ","Thousands of dollars",5932,6822,(D),(D),(D),(D),(D),(D),(D),13306,(D),(D),13543,11008,11342,10939,10150,(D),7543,(D),12467,12193
 "31033","Cheyenne, NE",4,CAGDP2,64,"55","   Management of companies and enterprises ","Thousands of dollars",501,(D),(D),(D),(D),(D),(D),(D),(D),(D),(D),(D),(D),(D),(D),(D),(D),(D),23833,(D),12525,12240
 "31033","Cheyenne, NE",4,CAGDP2,65,"56","   Administrative and support and waste management and remediation services ","Thousands of dollars",(D),(D),11748,11943,10898,13013,15589,20695,18060,(D),9645,9489,(D),(D),(D),(D),(D),5967,9621,10618,8714,7300
 "31033","Cheyenne, NE",4,CAGDP2,68,"61,62","  Educational services, health care, and social assistance ","Thousands of dollars",14125,14704,15572,16610,17016,18180,18655,20730,23184,24023,26998,30215,32507,35443,37313,41749,45254,47359,46836,48398,(D),52929
 "31033","Cheyenne, NE",4,CAGDP2,69,"61","   Educational services ","Thousands of dollars",41,42,29,6,2,17,138,56,13,65,88,101,73,33,1,5,7,1,1,5,30,(D)
 "31033","Cheyenne, NE",4,CAGDP2,70,"62","   Health care and social assistance ","Thousands of dollars",14084,14662,15543,16604,17014,18163,18517,20674,23171,23958,26910,30114,32434,35410,37312,41744,45247,47358,46835,48393,(D),(D)
 "31033","Cheyenne, NE",4,CAGDP2,75,"71,72","  Arts, entertainment, recreation, accommodation, and food services ","Thousands of dollars",10072,(D),(D),(D),(D),(D),13934,14739,15307,16985,17360,16373,16973,16893,17646,17621,17060,17144,18249,15593,(D),20656
 "31033","Cheyenne, NE",4,CAGDP2,76,"71","   Arts, entertainment, and recreation ","Thousands of dollars",483,(D),(D),(D),(D),(D),314,267,232,(D),(D),(D),(D),(D),(D),(D),(D),(D),(D),(D),(D),(D)
 "31033","Cheyenne, NE",4,CAGDP2,79,"72","   Accommodation and food services ","Thousands of dollars",9589,(D),(D),(D),(D),(D),13620,14472,15075,(D),(D),(D),(D),(D),(D),(D),(D),(D),(D),(D),(D),(D)
 "31033","Cheyenne, NE",4,CAGDP2,82,"81","  Other services (except government and government enterprises) ","Thousands of dollars",6343,7301,7244,7323,7033,6715,7717,7586,7867,7899,9390,10240,10265,10849,10945,11209,10924,11098,10146,8840,8731,9193
 "31033","Cheyenne, NE",4,CAGDP2,83,"92","Government and government enterprises ","Thousands of dollars",37184,40495,41545,41451,41094,44836,45229,47505,48318,54686,53133,52582,52820,57070,58586,60349,61328,61581,62541,65272,66061,66758
 "31033","Cheyenne, NE",4,CAGDP2,87,"11,21","Natural resources and mining ","Thousands of dollars",18175,13698,43124,30826,32122,29934,59896,83649,57750,68511,107907,69953,101357,94682,76528,101182,39568,55003,48451,55203,74979,114849
 "31033","Cheyenne, NE",4,CAGDP2,88,"42,44-45","Trade ","Thousands of dollars",113825,97195,107821,119482,131360,(D),(D),(D),161373,156259,160528,188357,200134,207413,200571,191296,199129,180253,157761,162090,178485,182131
 "31033","Cheyenne, NE",4,CAGDP2,89,"22,48-49","Transportation and utilities ","Thousands of dollars",(D),(D),(D),(D),(D),44931,(D),(D),50946,50176,58539,56745,57212,70420,61378,57343,61897,65354,81696,55898,67057,79108
 "31033","Cheyenne, NE",4,CAGDP2,90,"31-33,51","Manufacturing and information ","Thousands of dollars",(D),21256,22890,29375,36469,44773,45756,43681,39716,38609,46038,45844,34959,32167,29064,26376,26035,23738,27461,28437,31576,36437
 "31033","Cheyenne, NE",4,CAGDP2,91,"...","Private goods-producing industries 2/","Thousands of dollars",48262,40289,69768,63424,73406,79424,113136,134423,102673,110207,160194,123176,141809,131830,115060,139395,72277,84569,80873,90108,113614,160712
 "31033","Cheyenne, NE",4,CAGDP2,92,"...","Private services-providing industries 3/","Thousands of dollars",231055,244766,285884,308039,313786,341952,387174,418074,405415,432211,490401,554128,582901,583353,553903,549194,609715,471634,424033,401118,426117,450828
 "31035","Clay, NE",4,CAGDP2,1,"...","All industry total ","Thousands of dollars",162536,163457,203596,218442,241194,212168,238532,277408,239432,274089,371102,342124,417111,357916,319602,323647,279918,292047,327732,346336,436598,398117
 "31035","Clay, NE",4,CAGDP2,2,"..."," Private industries ","Thousands of dollars",123287,122779,162681,176160,197940,165928,192564,230804,193908,222811,320883,291427,367238,304843,264849,266928,220888,230522,264414,279653,370788,332119
 "31035","Clay, NE",4,CAGDP2,3,"11","  Agriculture, forestry, fishing and hunting ","Thousands of dollars",30675,25167,57183,59083,61678,30360,61644,94041,55164,72339,148699,105350,162933,115010,78979,78100,34230,43790,67857,79043,152648,110650
 "31035","Clay, NE",4,CAGDP2,6,"21","  Mining, quarrying, and oil and gas extraction ","Thousands of dollars",683,1042,875,793,903,946,2463,1604,1656,3599,5026,5320,4170,3731,3523,2754,2782,2566,3089,3929,3949,4103
 "31035","Clay, NE",4,CAGDP2,10,"22","  Utilities ","Thousands of dollars",0,0,0,0,0,0,0,0,924,864,1190,1116,1317,1368,1477,1169,1326,1252,1473,1455,1723,1688
 "31035","Clay, NE",4,CAGDP2,11,"23","  Construction ","Thousands of dollars",5565,5914,6048,6504,7165,7589,7608,8829,10750,11252,10850,11475,12478,15566,15462,16907,15899,14477,15156,18620,18708,20856
 "31035","Clay, NE",4,CAGDP2,12,"31-33","  Manufacturing ","Thousands of dollars",14953,14802,21174,32402,46605,33862,26691,29485,21232,27090,42814,47399,59789,41847,33477,30085,32703,31640,31755,33589,36069,24584
 "31035","Clay, NE",4,CAGDP2,13,"321,327-339","   Durable goods manufacturing ","Thousands of dollars",10423,12217,(D),(D),44210,30445,23370,(D),(D),(D),(D),(D),52618,35488,27638,23499,23751,22196,23771,25318,29609,17459
 "31035","Clay, NE",4,CAGDP2,25,"311-316,322-326","   Nondurable goods manufacturing ","Thousands of dollars",4530,2585,(D),(D),2395,3418,3320,(D),(D),(D),(D),(D),7171,6359,5839,6585,8952,9445,7984,8271,6460,7125
 "31035","Clay, NE",4,CAGDP2,34,"42","  Wholesale trade ","Thousands of dollars",9953,10439,10851,12918,15638,16721,19414,22887,26045,28113,29242,30360,31886,34277,34492,34421,36581,37405,40597,42211,44322,48220
 "31035","Clay, NE",4,CAGDP2,35,"44-45","  Retail trade ","Thousands of dollars",7644,8361,9326,8780,8141,7891,7410,8534,9809,11368,12528,15210,15397,14016,13472,12530,12429,12156,12802,13305,14201,14132
 "31035","Clay, NE",4,CAGDP2,36,"48-49","  Transportation and warehousing ","Thousands of dollars",14350,15356,16357,15502,14560,19628,15096,16240,(D),(D),(D),(D),(D),(D),(D),16707,(D),(D),(D),(D),(D),(D)
 "31035","Clay, NE",4,CAGDP2,45,"51","  Information ","Thousands of dollars",(D),(D),(D),(D),(D),(D),(D),(D),612,597,708,(D),(D),(D),(D),(D),(D),(D),(D),(D),(D),(D)
 "31035","Clay, NE",4,CAGDP2,50,"52,53","  Finance, insurance, real estate, rental, and leasing ","Thousands of dollars",24301,25643,25620,25260,27504,32793,35197,31249,34362,36594,36021,35150,42513,41797,46418,51829,46058,46781,(D),48332,48011,(D)
 "31035","Clay, NE",4,CAGDP2,51,"52","   Finance and insurance ","Thousands of dollars",(D),(D),(D),(D),(D),(D),(D),(D),(D),(D),(D),(D),(D),(D),11605,(D),(D),(D),(D),(D),(D),(D)
 "31035","Clay, NE",4,CAGDP2,56,"53","   Real estate and rental and leasing ","Thousands of dollars",(D),(D),(D),(D),(D),(D),(D),(D),(D),(D),(D),(D),(D),(D),34813,(D),(D),(D),38675,(D),(D),35022
 "31035","Clay, NE",4,CAGDP2,59,"54,55,56","  Professional and business services ","Thousands of dollars",3562,3552,(D),(D),2747,3071,(D),3106,(D),3201,3262,3684,3030,(D),(D),4091,(D),(D),(D),(D),(D),(D)
 "31035","Clay, NE",4,CAGDP2,60,"54","   Professional, scientific, and technical services ","Thousands of dollars",1469,1586,1783,1959,2340,2519,2695,2661,2305,2493,2524,2871,2089,2373,2782,2976,3895,4091,4142,3208,3905,4607
 "31035","Clay, NE",4,CAGDP2,64,"55","   Management of companies and enterprises ","Thousands of dollars",(D),(D),(D),(D),(D),(D),0,(D),(D),(D),(D),(D),(D),(D),(D),(D),(D),(D),(D),0,0,0
 "31035","Clay, NE",4,CAGDP2,65,"56","   Administrative and support and waste management and remediation services ","Thousands of dollars",(D),(D),(D),(D),(D),(D),(D),(D),(D),(D),(D),(D),(D),651,576,(D),754,249,270,(D),(D),(D)
 "31035","Clay, NE",4,CAGDP2,68,"61,62","  Educational services, health care, and social assistance ","Thousands of dollars",5804,6300,6605,6897,7297,7333,7418,7986,8102,8262,8042,8449,8556,8373,7880,7980,8121,8708,9428,9307,(D),9277
 "31035","Clay, NE",4,CAGDP2,69,"61","   Educational services ","Thousands of dollars",219,377,389,383,357,268,255,212,272,262,275,38,40,44,39,109,175,161,137,103,124,127
 "31035","Clay, NE",4,CAGDP2,70,"62","   Health care and social assistance ","Thousands of dollars",5584,5923,6216,6514,6941,7065,7162,7774,7830,8000,7767,8411,8516,8330,7841,7871,7946,8547,9291,9204,(D),9150
 "31035","Clay, NE",4,CAGDP2,75,"71,72","  Arts, entertainment, recreation, accommodation, and food services ","Thousands of dollars",1125,1149,1143,976,(D),(D),1627,1612,1804,(D),(D),2114,1952,2164,2340,(D),1823,2091,2603,1736,2755,2979
 "31035","Clay, NE",4,CAGDP2,76,"71","   Arts, entertainment, and recreation ","Thousands of dollars",276,322,370,346,(D),(D),339,320,321,(D),(D),(D),(D),(D),(D),(D),557,(D),(D),(D),(D),927
 "31035","Clay, NE",4,CAGDP2,79,"72","   Accommodation and food services ","Thousands of dollars",849,827,773,629,(D),(D),1288,1292,1483,(D),(D),(D),(D),(D),(D),1407,1266,(D),(D),(D),(D),2052
 "31035","Clay, NE",4,CAGDP2,82,"81","  Other services (except government and government enterprises) ","Thousands of dollars",(D),(D),4589,4093,3990,3603,4397,(D),5152,5311,5257,5735,6240,6705,7236,7962,8468,8281,7668,7455,7716,8385
 "31035","Clay, NE",4,CAGDP2,83,"92","Government and government enterprises ","Thousands of dollars",39249,40678,40915,42281,43254,46240,45967,46604,45524,51279,50219,50697,49873,53072,54754,56720,59030,61526,63319,66682,65810,65998
 "31035","Clay, NE",4,CAGDP2,87,"11,21","Natural resources and mining ","Thousands of dollars",31358,26209,58058,59876,62581,31305,64107,95645,56820,75938,153726,110670,167102,118741,82503,80854,37012,46356,70947,82972,156598,114753
 "31035","Clay, NE",4,CAGDP2,88,"42,44-45","Trade ","Thousands of dollars",17597,18800,20178,21698,23779,24613,26824,31421,35854,39481,41770,45570,47283,48293,47965,46951,49010,49561,53400,55516,58523,62351
 "31035","Clay, NE",4,CAGDP2,89,"22,48-49","Transportation and utilities ","Thousands of dollars",14350,15356,16357,15502,14560,19628,15096,16240,(D),(D),(D),(D),(D),(D),(D),17876,(D),(D),(D),(D),(D),(D)
 "31035","Clay, NE",4,CAGDP2,90,"31-33,51","Manufacturing and information ","Thousands of dollars",(D),(D),(D),(D),(D),(D),(D),(D),21844,27688,43522,(D),(D),(D),(D),(D),(D),(D),(D),(D),(D),(D)
 "31035","Clay, NE",4,CAGDP2,91,"...","Private goods-producing industries 2/","Thousands of dollars",51876,46925,85280,98782,116351,72756,98406,133959,88802,114280,207390,169544,239369,176154,131442,127845,85614,92473,117858,135181,211375,160192
 "31035","Clay, NE",4,CAGDP2,92,"...","Private services-providing industries 3/","Thousands of dollars",71411,75854,77400,77378,81589,93172,94159,96845,105106,108530,113493,121883,127869,128690,133407,139083,135274,138049,146556,144472,159413,171927
 "31037","Colfax, NE",4,CAGDP2,1,"...","All industry total ","Thousands of dollars",302519,331553,344507,354091,370234,407797,389484,518268,697921,701402,490960,484218,520612,550093,610258,656887,640467,680373,694183,747132,949052,964494
 "31037","Colfax, NE",4,CAGDP2,2,"..."," Private industries ","Thousands of dollars",276671,303693,315765,324418,338766,373850,354877,482065,660145,657974,447554,439834,477042,503024,561997,605595,585557,622008,633407,684610,887167,902225
 "31037","Colfax, NE",4,CAGDP2,3,"11","  Agriculture, forestry, fishing and hunting ","Thousands of dollars",53037,65378,71322,84985,74987,74030,70196,(D),73677,(D),(D),78158,118480,109732,108106,112159,103769,106779,114982,108619,170178,151715
 "31037","Colfax, NE",4,CAGDP2,6,"21","  Mining, quarrying, and oil and gas extraction ","Thousands of dollars",358,519,434,444,429,360,1054,564,371,516,740,1091,752,512,441,374,470,496,553,673,807,895
 "31037","Colfax, NE",4,CAGDP2,10,"22","  Utilities ","Thousands of dollars",0,0,0,0,0,0,0,0,0,(D),(D),0,74,199,203,227,229,248,269,277,307,293
 "31037","Colfax, NE",4,CAGDP2,11,"23","  Construction ","Thousands of dollars",(D),(D),(D),(D),(D),(D),(D),(D),(D),9123,7564,(D),(D),(D),(D),(D),(D),(D),(D),(D),(D),(D)
 "31037","Colfax, NE",4,CAGDP2,12,"31-33","  Manufacturing ","Thousands of dollars",(D),(D),(D),(D),(D),(D),(D),278499,(D),(D),(D),(D),(D),(D),(D),(D),(D),(D),(D),(D),(D),(D)
 "31037","Colfax, NE",4,CAGDP2,13,"321,327-339","   Durable goods manufacturing ","Thousands of dollars",(D),(D),(D),(D),(D),(D),(D),(D),(D),(D),(D),(D),2079,1253,(D),(D),(D),(D),1053,1212,1114,(D)
 "31037","Colfax, NE",4,CAGDP2,25,"311-316,322-326","   Nondurable goods manufacturing ","Thousands of dollars",(D),(D),(D),(D),(D),(D),(D),(D),(D),(D),(D),(D),(D),(D),(D),(D),(D),(D),(D),(D),(D),(D)
 "31037","Colfax, NE",4,CAGDP2,34,"42","  Wholesale trade ","Thousands of dollars",16296,15510,17371,20269,23809,24745,30565,33424,34271,36257,37814,39454,43139,46945,48045,62911,56318,61299,66382,71533,74415,79974
 "31037","Colfax, NE",4,CAGDP2,35,"44-45","  Retail trade ","Thousands of dollars",12349,12656,13750,13709,13548,13995,14296,14792,14353,14308,14373,14958,15073,12880,12721,12823,(D),11761,12129,13701,13969,14538
 "31037","Colfax, NE",4,CAGDP2,36,"48-49","  Transportation and warehousing ","Thousands of dollars",11654,12062,14791,17643,15386,18004,17064,17769,17513,19108,26806,34480,(D),(D),(D),(D),43986,(D),(D),(D),(D),(D)
 "31037","Colfax, NE",4,CAGDP2,45,"51","  Information ","Thousands of dollars",784,1009,1691,1834,1561,1363,1321,1812,1331,1409,1307,1235,1184,683,549,545,344,(D),(D),(D),449,831
 "31037","Colfax, NE",4,CAGDP2,50,"52,53","  Finance, insurance, real estate, rental, and leasing ","Thousands of dollars",36627,38042,37552,34260,37336,35571,37865,39510,40887,44184,47196,48017,48188,47606,49867,53610,61744,55287,62808,55650,64394,(D)
 "31037","Colfax, NE",4,CAGDP2,51,"52","   Finance and insurance ","Thousands of dollars",9432,10963,10902,10187,11639,12136,12481,11462,11404,10919,11057,12238,13319,13793,14953,15773,17937,16696,19554,20138,20284,23979
 "31037","Colfax, NE",4,CAGDP2,56,"53","   Real estate and rental and leasing ","Thousands of dollars",27195,27078,26649,24073,25696,23435,25384,28048,29484,33264,36139,35779,34869,33813,34914,37837,43807,38592,43254,35512,44110,(D)
 "31037","Colfax, NE",4,CAGDP2,59,"54,55,56","  Professional and business services ","Thousands of dollars",6181,7304,8042,8203,7988,8047,8731,9686,9788,6500,6265,6493,7265,12650,14027,13870,14102,14221,14403,14436,14706,15688
 "31037","Colfax, NE",4,CAGDP2,60,"54","   Professional, scientific, and technical services ","Thousands of dollars",(D),(D),(D),(D),2223,2181,2527,3180,3237,4223,4412,4669,5219,5706,6041,5467,4911,4470,3974,4009,3592,(D)
 "31037","Colfax, NE",4,CAGDP2,64,"55","   Management of companies and enterprises ","Thousands of dollars",0,(D),(D),(D),0,0,0,0,0,0,0,0,0,0,0,0,0,0,0,0,0,(D)
 "31037","Colfax, NE",4,CAGDP2,65,"56","   Administrative and support and waste management and remediation services ","Thousands of dollars",(D),4495,5132,5351,5765,5866,6205,6506,6551,2276,1853,1824,2046,6944,7986,8403,9191,9751,10430,10428,11114,11651
 "31037","Colfax, NE",4,CAGDP2,68,"61,62","  Educational services, health care, and social assistance ","Thousands of dollars",8769,9664,10537,12672,12508,12668,12193,13145,13692,13833,14392,15534,(D),(D),(D),(D),(D),14340,13104,12663,(D),15671
 "31037","Colfax, NE",4,CAGDP2,69,"61","   Educational services ","Thousands of dollars",(D),(D),(D),(D),(D),(D),(D),(D),753,662,530,(D),(D),(D),(D),(D),(D),(D),(D),(D),(D),(D)
 "31037","Colfax, NE",4,CAGDP2,70,"62","   Health care and social assistance ","Thousands of dollars",(D),(D),(D),(D),(D),(D),(D),(D),12939,13171,13862,(D),(D),(D),(D),(D),(D),(D),(D),(D),(D),(D)
 "31037","Colfax, NE",4,CAGDP2,75,"71,72","  Arts, entertainment, recreation, accommodation, and food services ","Thousands of dollars",4157,4230,3962,3703,3596,3264,2843,2991,3890,(D),(D),2936,2851,3163,3495,4894,4695,4828,5015,4506,5695,6809
 "31037","Colfax, NE",4,CAGDP2,76,"71","   Arts, entertainment, and recreation ","Thousands of dollars",440,497,648,629,619,536,477,421,(D),(D),(D),607,640,626,647,690,793,760,808,691,874,1043
 "31037","Colfax, NE",4,CAGDP2,79,"72","   Accommodation and food services ","Thousands of dollars",3717,3733,3314,3074,2978,2728,2366,2569,(D),3982,3717,2329,2210,2537,2848,4205,3902,4068,4206,3815,4821,5765
 "31037","Colfax, NE",4,CAGDP2,82,"81","  Other services (except government and government enterprises) ","Thousands of dollars",7047,7503,6996,7340,7462,7438,7371,7250,7621,11188,11255,11231,11798,8138,8410,8502,8615,(D),(D),(D),10596,10702
 "31037","Colfax, NE",4,CAGDP2,83,"92","Government and government enterprises ","Thousands of dollars",25847,27859,28742,29673,31469,33948,34608,36203,37776,43428,43406,44385,43571,47068,48261,51292,54910,58365,60775,62521,61886,62269
 "31037","Colfax, NE",4,CAGDP2,87,"11,21","Natural resources and mining ","Thousands of dollars",53395,65898,71756,85429,75415,74390,71250,(D),74048,(D),(D),79249,119232,110244,108547,112533,104239,107275,115535,109292,170985,152611
 "31037","Colfax, NE",4,CAGDP2,88,"42,44-45","Trade ","Thousands of dollars",28646,28166,31121,33978,37357,38740,44861,48215,48625,50566,52187,54412,58212,59825,60767,75733,(D),73059,78511,85234,88384,94513
 "31037","Colfax, NE",4,CAGDP2,89,"22,48-49","Transportation and utilities ","Thousands of dollars",11654,12062,14791,17643,15386,18004,17064,17769,17513,(D),(D),34480,(D),(D),(D),(D),44215,(D),(D),(D),(D),(D)
 "31037","Colfax, NE",4,CAGDP2,90,"31-33,51","Manufacturing and information ","Thousands of dollars",(D),(D),(D),(D),(D),(D),(D),280311,(D),(D),(D),(D),(D),(D),(D),(D),(D),287768,286823,341238,(D),(D)
 "31037","Colfax, NE",4,CAGDP2,91,"...","Private goods-producing industries 2/","Thousands of dollars",172807,195715,201074,204784,215573,248754,222628,341687,516798,506726,283826,265495,303472,321426,370392,392488,369302,411607,418172,463901,623441,615948
 "31037","Colfax, NE",4,CAGDP2,92,"...","Private services-providing industries 3/","Thousands of dollars",103865,107979,114691,119634,123193,125096,132249,140378,143347,151248,163728,174338,173570,181599,191605,213106,216255,210401,215235,220709,263725,286277
 "31039","Cuming, NE",4,CAGDP2,1,"...","All industry total ","Thousands of dollars",354120,421491,407204,403723,431744,465979,452471,431450,469902,591236,735351,608352,735709,842894,910997,966943,830936,840280,807327,769080,890995,1020186
 "31039","Cuming, NE",4,CAGDP2,2,"..."," Private industries ","Thousands of dollars",325245,391214,376296,371721,398505,431012,417730,391864,428701,544226,689513,561776,689512,793336,860979,915146,778119,785455,751561,709435,831128,955809
 "31039","Cuming, NE",4,CAGDP2,3,"11","  Agriculture, forestry, fishing and hunting ","Thousands of dollars",151444,214320,201237,195026,212915,244042,218551,182023,198381,306383,430485,289759,415294,510164,559893,614741,468575,476146,427558,370437,453018,547591
 "31039","Cuming, NE",4,CAGDP2,6,"21","  Mining, quarrying, and oil and gas extraction ","Thousands of dollars",934,1318,1144,1155,1325,1201,3907,2258,1985,2691,3084,2840,2336,1994,1804,1232,1441,1330,1606,2052,2293,2445
 "31039","Cuming, NE",4,CAGDP2,10,"22","  Utilities ","Thousands of dollars",25,22,16,6,0,0,11,28,45,98,136,165,60,48,80,98,156,109,96,486,809,918
 "31039","Cuming, NE",4,CAGDP2,11,"23","  Construction ","Thousands of dollars",8319,9046,9352,9905,9224,11134,11608,11460,11588,9669,9767,15898,13429,15187,15789,16730,20248,18890,19208,18465,20204,18593
 "31039","Cuming, NE",4,CAGDP2,12,"31-33","  Manufacturing ","Thousands of dollars",41151,41333,41133,37435,41264,37174,37609,43129,54585,48996,56871,49156,52854,53634,55308,47437,39096,39779,40850,46196,54665,60679
 "31039","Cuming, NE",4,CAGDP2,13,"321,327-339","   Durable goods manufacturing ","Thousands of dollars",7163,7224,7008,7553,8722,9440,10518,10122,7742,8484,12121,13178,17061,14355,13759,12463,12299,11505,12908,13935,14691,17110
 "31039","Cuming, NE",4,CAGDP2,25,"311-316,322-326","   Nondurable goods manufacturing ","Thousands of dollars",33987,34110,34125,29882,32541,27734,27091,33007,46843,40513,44750,35978,35793,39279,41549,34974,26797,28274,27942,32261,39974,43569
 "31039","Cuming, NE",4,CAGDP2,34,"42","  Wholesale trade ","Thousands of dollars",20179,18462,18067,18972,18819,19185,20354,22616,24636,26178,27475,29964,34200,38274,40902,38053,35767,36845,39229,41870,43416,47761
 "31039","Cuming, NE",4,CAGDP2,35,"44-45","  Retail trade ","Thousands of dollars",14084,14797,16204,17418,17694,17277,17203,18040,19427,21075,21238,23194,22003,20966,20668,20309,20257,20640,22958,25439,25059,23641
 "31039","Cuming, NE",4,CAGDP2,36,"48-49","  Transportation and warehousing ","Thousands of dollars",7297,6695,6597,7465,7645,8289,8586,10025,11238,12217,18967,21635,16987,19067,25276,25826,31251,31044,24669,(D),(D),(D)
 "31039","Cuming, NE",4,CAGDP2,45,"51","  Information ","Thousands of dollars",4275,4367,4560,5104,5883,6567,8404,6789,6883,7470,8032,7794,8365,8033,8672,9275,9957,9821,10880,11223,12487,13102
 "31039","Cuming, NE",4,CAGDP2,50,"52,53","  Finance, insurance, real estate, rental, and leasing ","Thousands of dollars",42961,43957,42004,41122,44027,43163,47127,48529,50840,56710,58560,63987,63122,63290,67157,75411,84979,80021,90537,87829,94140,105736
 "31039","Cuming, NE",4,CAGDP2,51,"52","   Finance and insurance ","Thousands of dollars",14574,17005,15921,15092,17351,18836,19834,19612,20832,22276,20845,25783,25383,25810,28480,33702,36878,36684,41827,47573,(D),55492
 "31039","Cuming, NE",4,CAGDP2,56,"53","   Real estate and rental and leasing ","Thousands of dollars",28387,26952,26084,26031,26676,24327,27293,28918,30008,34434,37716,38204,37739,37480,38677,41709,48101,43337,48710,40256,(D),50244
 "31039","Cuming, NE",4,CAGDP2,59,"54,55,56","  Professional and business services ","Thousands of dollars",5060,4853,4677,5120,5032,6955,6500,7365,7754,9753,9987,10934,11724,11762,11905,12804,13309,14909,16769,16599,18760,(D)
 "31039","Cuming, NE",4,CAGDP2,60,"54","   Professional, scientific, and technical services ","Thousands of dollars",3002,3080,3044,3049,2989,(D),(D),(D),3908,4903,5192,5894,6804,7514,8143,9534,9954,11323,13034,13004,14986,17188
 "31039","Cuming, NE",4,CAGDP2,64,"55","   Management of companies and enterprises ","Thousands of dollars",(D),0,0,0,0,(D),(D),(D),492,647,517,(D),(D),641,590,519,600,628,580,613,655,(D)
 "31039","Cuming, NE",4,CAGDP2,65,"56","   Administrative and support and waste management and remediation services ","Thousands of dollars",(D),1773,1633,2071,2042,(D),3113,3537,3354,4203,4278,(D),(D),3608,3172,2750,2755,2958,3155,2982,3118,(D)
 "31039","Cuming, NE",4,CAGDP2,68,"61,62","  Educational services, health care, and social assistance ","Thousands of dollars",17291,19072,17924,18487,19632,21296,22196,23960,25048,25953,26816,27680,29292,29503,31048,30960,31050,33958,35062,(D),(D),44695
 "31039","Cuming, NE",4,CAGDP2,69,"61","   Educational services ","Thousands of dollars",2207,2482,2349,(D),(D),(D),(D),(D),(D),2680,2739,2631,2978,3118,(D),(D),(D),(D),(D),(D),(D),(D)
 "31039","Cuming, NE",4,CAGDP2,70,"62","   Health care and social assistance ","Thousands of dollars",15084,16589,15575,(D),(D),(D),(D),(D),(D),23273,24076,25049,26314,26385,(D),(D),(D),(D),(D),(D),(D),(D)
 "31039","Cuming, NE",4,CAGDP2,75,"71,72","  Arts, entertainment, recreation, accommodation, and food services ","Thousands of dollars",4623,4854,5014,5091,5321,5359,5766,5557,5889,6235,6901,6999,7419,7506,8085,8499,7879,7459,7122,6970,8259,8913
 "31039","Cuming, NE",4,CAGDP2,76,"71","   Arts, entertainment, and recreation ","Thousands of dollars",(D),(D),(D),699,731,821,991,588,599,896,988,537,972,1194,904,683,443,489,605,774,965,788
 "31039","Cuming, NE",4,CAGDP2,79,"72","   Accommodation and food services ","Thousands of dollars",(D),(D),(D),4392,4591,4538,4775,4969,5290,5340,5913,6462,6447,6312,7181,7816,7436,6969,6517,6196,7293,8125
 "31039","Cuming, NE",4,CAGDP2,82,"81","  Other services (except government and government enterprises) ","Thousands of dollars",7602,8119,8366,9414,9725,9370,9907,10085,10401,10798,11194,11770,12429,13907,14393,13770,14155,14502,15017,15496,15579,16872
 "31039","Cuming, NE",4,CAGDP2,83,"92","Government and government enterprises ","Thousands of dollars",28875,30277,30908,32003,33239,34967,34741,39587,41201,47009,45838,46576,46197,49558,50018,51797,52816,54825,55766,59646,59867,64376
 "31039","Cuming, NE",4,CAGDP2,87,"11,21","Natural resources and mining ","Thousands of dollars",152379,215638,202382,196181,214240,245244,222458,184281,200365,309074,433569,292600,417629,512158,561697,615974,470016,477477,429165,372489,455311,550037
 "31039","Cuming, NE",4,CAGDP2,88,"42,44-45","Trade ","Thousands of dollars",34263,33259,34271,36390,36513,36462,37557,40656,44064,47253,48713,53159,56202,59241,61570,58362,56024,57484,62187,67310,68475,71402
 "31039","Cuming, NE",4,CAGDP2,89,"22,48-49","Transportation and utilities ","Thousands of dollars",7322,6717,6613,7471,7645,8289,8597,10052,11284,12315,19103,21801,17047,19115,25357,25925,31407,31154,24765,(D),(D),(D)
 "31039","Cuming, NE",4,CAGDP2,90,"31-33,51","Manufacturing and information ","Thousands of dollars",45426,45700,45693,42539,47147,43741,46013,49918,61468,56467,64904,56949,61218,61667,63979,56711,49052,49601,51730,57419,67152,73782
 "31039","Cuming, NE",4,CAGDP2,91,"...","Private goods-producing industries 2/","Thousands of dollars",201848,266017,252867,243521,264728,293552,271676,238870,266538,367739,500207,357654,483912,580979,632793,680140,529360,536146,489223,437149,530181,629309
 "31039","Cuming, NE",4,CAGDP2,92,"...","Private services-providing industries 3/","Thousands of dollars",123397,125197,123429,128200,133777,137461,146054,152993,162162,176487,189306,204123,205599,212357,228186,235005,248759,249309,262338,272285,300947,326500
 "31041","Custer, NE",4,CAGDP2,1,"...","All industry total ","Thousands of dollars",298289,283988,345367,285451,296642,264598,360889,414112,413131,482473,629812,601682,744380,752154,787922,841871,662673,655036,659407,718984,804741,816586
 "31041","Custer, NE",4,CAGDP2,2,"..."," Private industries ","Thousands of dollars",258668,241261,302595,242699,253392,217196,313036,364546,362938,426403,574214,545137,687501,690983,725831,777517,595563,586600,587449,645196,729817,739845
 "31041","Custer, NE",4,CAGDP2,3,"11","  Agriculture, forestry, fishing and hunting ","Thousands of dollars",56406,42610,(D),(D),69440,(D),82544,(D),(D),(D),(D),(D),(D),315061,314055,312387,132259,113323,129396,164678,214425,169614
 "31041","Custer, NE",4,CAGDP2,6,"21","  Mining, quarrying, and oil and gas extraction ","Thousands of dollars",0,0,0,0,0,0,0,0,0,0,0,0,0,0,0,0,0,0,0,0,0,0
 "31041","Custer, NE",4,CAGDP2,10,"22","  Utilities ","Thousands of dollars",36,45,(D),(D),35,(D),22,(D),294,252,267,1041,15280,17179,26703,39655,28393,21961,20711,21880,31815,47201
 "31041","Custer, NE",4,CAGDP2,11,"23","  Construction ","Thousands of dollars",6577,7420,8531,7799,9582,8687,8990,11029,12322,13275,12579,14077,19308,21953,28851,24121,26024,24486,22513,24750,(D),(D)
 "31041","Custer, NE",4,CAGDP2,12,"31-33","  Manufacturing ","Thousands of dollars",75205,64281,73879,38493,38646,41507,79524,105598,105834,100758,109312,117699,130557,134153,130405,154882,174669,178022,151215,154198,(D),(D)
 "31041","Custer, NE",4,CAGDP2,13,"321,327-339","   Durable goods manufacturing ","Thousands of dollars",(D),(D),(D),(D),(D),(D),(D),(D),(D),(D),(D),(D),117067,121706,118085,138705,156762,158311,132932,134264,141127,157381
 "31041","Custer, NE",4,CAGDP2,25,"311-316,322-326","   Nondurable goods manufacturing ","Thousands of dollars",(D),(D),(D),(D),(D),(D),(D),(D),(D),(D),(D),(D),13490,12447,12320,16176,17907,19711,18283,19934,(D),(D)
 "31041","Custer, NE",4,CAGDP2,34,"42","  Wholesale trade ","Thousands of dollars",11364,11702,11424,11791,12266,12691,13274,15571,16985,18696,19892,23340,23213,22112,21646,21645,19733,20095,19985,20900,22884,25369
 "31041","Custer, NE",4,CAGDP2,35,"44-45","  Retail trade ","Thousands of dollars",17739,18395,18290,17611,18133,18388,19206,19496,20362,19836,19950,21569,22323,22599,24344,26381,29068,30355,32043,35318,36131,36782
 "31041","Custer, NE",4,CAGDP2,36,"48-49","  Transportation and warehousing ","Thousands of dollars",7882,7723,7565,8415,8053,7929,8004,7395,(D),(D),(D),(D),(D),(D),(D),(D),(D),(D),(D),(D),(D),(D)
 "31041","Custer, NE",4,CAGDP2,45,"51","  Information ","Thousands of dollars",2770,3387,3881,4156,4394,(D),4709,(D),4984,5388,5971,6043,6455,6107,6823,7523,8237,7709,12173,11857,13194,14016
 "31041","Custer, NE",4,CAGDP2,50,"52,53","  Finance, insurance, real estate, rental, and leasing ","Thousands of dollars",44522,46936,47103,46357,51529,53009,54057,57982,56456,63876,74153,73668,73928,70836,80555,90463,84731,91241,103964,99530,100006,106141
 "31041","Custer, NE",4,CAGDP2,51,"52","   Finance and insurance ","Thousands of dollars",11263,13000,12848,12099,14202,15498,16284,16073,15617,15725,16582,20144,21674,23614,25562,28808,32394,31757,34723,35507,36646,39640
 "31041","Custer, NE",4,CAGDP2,56,"53","   Real estate and rental and leasing ","Thousands of dollars",33258,33935,34255,34257,37326,37511,37773,41910,40840,48151,57571,53524,52255,47222,54993,61656,52337,59484,69241,64022,63359,66501
 "31041","Custer, NE",4,CAGDP2,59,"54,55,56","  Professional and business services ","Thousands of dollars",4010,4147,(D),4765,5158,5733,6453,7798,8496,9377,10335,11247,11141,11435,12354,13295,13608,(D),14514,(D),(D),16503
 "31041","Custer, NE",4,CAGDP2,60,"54","   Professional, scientific, and technical services ","Thousands of dollars",3011,3249,3400,3504,3746,3979,4302,5279,5690,6014,6411,7032,7459,7861,8691,9548,9943,10283,10851,9924,10983,11944
 "31041","Custer, NE",4,CAGDP2,64,"55","   Management of companies and enterprises ","Thousands of dollars",(D),(D),0,0,0,0,0,0,0,0,0,0,0,0,0,0,0,(D),(D),(D),(D),(D)
 "31041","Custer, NE",4,CAGDP2,65,"56","   Administrative and support and waste management and remediation services ","Thousands of dollars",(D),(D),(D),1261,1412,1754,2150,2519,2806,3363,3924,4216,3682,3574,3663,3747,3665,(D),(D),(D),(D),(D)
 "31041","Custer, NE",4,CAGDP2,68,"61,62","  Educational services, health care, and social assistance ","Thousands of dollars",19378,20743,20498,20770,21273,22510,23025,25734,26841,26521,27480,28478,28992,(D),31288,(D),(D),32838,33532,33500,34413,(D)
 "31041","Custer, NE",4,CAGDP2,69,"61","   Educational services ","Thousands of dollars",29,30,37,30,14,2,3,5,8,10,8,9,13,(D),(D),(D),(D),(D),(D),(D),(D),18
 "31041","Custer, NE",4,CAGDP2,70,"62","   Health care and social assistance ","Thousands of dollars",19349,20713,20461,20740,21259,22508,23022,25729,26833,26511,27472,28469,28980,(D),(D),(D),(D),(D),(D),(D),(D),(D)
 "31041","Custer, NE",4,CAGDP2,75,"71,72","  Arts, entertainment, recreation, accommodation, and food services ","Thousands of dollars",4983,5463,5526,(D),6800,6447,6394,6982,7485,8478,7783,7064,6044,7033,(D),8531,9691,10937,(D),9547,12046,13610
 "31041","Custer, NE",4,CAGDP2,76,"71","   Arts, entertainment, and recreation ","Thousands of dollars",863,(D),1197,(D),1010,671,529,537,441,387,461,554,541,566,(D),610,565,561,(D),416,582,675
 "31041","Custer, NE",4,CAGDP2,79,"72","   Accommodation and food services ","Thousands of dollars",4120,(D),4329,4647,5789,5776,5865,6445,7044,8090,7321,6509,5503,6467,(D),7922,9126,10376,(D),9130,11464,12935
 "31041","Custer, NE",4,CAGDP2,82,"81","  Other services (except government and government enterprises) ","Thousands of dollars",7798,8410,8281,8382,8085,7209,6833,6948,7257,7187,7585,8489,9366,10533,11476,13048,13336,13839,13654,13871,14921,16240
 "31041","Custer, NE",4,CAGDP2,83,"92","Government and government enterprises ","Thousands of dollars",39621,42726,42772,42752,43250,47402,47853,49566,50193,56069,55599,56545,56878,61171,62091,64354,67110,68436,71958,73787,74924,76740
 "31041","Custer, NE",4,CAGDP2,87,"11,21","Natural resources and mining ","Thousands of dollars",56406,42610,(D),(D),69440,(D),82544,(D),(D),(D),(D),(D),(D),315061,314055,312387,132259,113323,129396,164678,214425,169614
 "31041","Custer, NE",4,CAGDP2,88,"42,44-45","Trade ","Thousands of dollars",29102,30097,29714,29402,30398,31078,32480,35067,37347,38533,39842,44910,45536,44712,45990,48025,48801,50450,52029,56218,59015,62151
 "31041","Custer, NE",4,CAGDP2,89,"22,48-49","Transportation and utilities ","Thousands of dollars",7918,7768,(D),(D),8088,(D),8026,(D),(D),(D),(D),(D),(D),(D),(D),(D),(D),(D),(D),(D),(D),(D)
 "31041","Custer, NE",4,CAGDP2,90,"31-33,51","Manufacturing and information ","Thousands of dollars",77975,67668,77760,42649,43039,(D),84233,(D),110817,106146,115283,123742,137012,140260,137228,162405,182906,185731,163388,166055,(D),(D)
 "31041","Custer, NE",4,CAGDP2,91,"...","Private goods-producing industries 2/","Thousands of dollars",138188,114311,(D),(D),117668,(D),171058,(D),(D),(D),(D),(D),(D),471167,473311,491389,332952,315832,303123,343626,401960,376250
 "31041","Custer, NE",4,CAGDP2,92,"...","Private services-providing industries 3/","Thousands of dollars",120481,126950,(D),(D),135725,(D),141978,(D),(D),(D),(D),(D),(D),219816,252520,286128,262611,270768,284325,301570,327857,363595
 "31043","Dakota, NE",4,CAGDP2,1,"...","All industry total ","Thousands of dollars",1058253,674674,719996,736356,845301,941981,915149,956786,1000633,1054558,1096924,1099704,1113954,1184904,1282394,1339222,1463664,1550704,1615356,1600350,1901981,2152583
 "31043","Dakota, NE",4,CAGDP2,2,"..."," Private industries ","Thousands of dollars",1009978,620922,661814,675717,780073,869342,840276,878555,920614,965379,1006532,1006527,1022314,1090504,1187022,1238368,1360743,1444434,1506047,1485876,1787769,2034086
 "31043","Dakota, NE",4,CAGDP2,3,"11","  Agriculture, forestry, fishing and hunting ","Thousands of dollars",14684,14986,17155,19195,11100,604,21534,22946,31972,38069,46863,26342,36763,2183,3275,717,7953,13963,17021,15498,54331,53149
 "31043","Dakota, NE",4,CAGDP2,6,"21","  Mining, quarrying, and oil and gas extraction ","Thousands of dollars",333,637,472,0,0,0,0,97,270,489,920,944,851,0,16,0,0,0,0,0,0,0
 "31043","Dakota, NE",4,CAGDP2,10,"22","  Utilities ","Thousands of dollars",327,951,114,76,185,0,0,0,0,0,0,0,0,0,0,689,3134,93,102,93,228,294
 "31043","Dakota, NE",4,CAGDP2,11,"23","  Construction ","Thousands of dollars",21336,22867,22211,22616,27606,30880,32399,32230,28715,25885,22640,25932,33766,36180,35095,40900,45905,46721,50320,48824,48598,55174
 "31043","Dakota, NE",4,CAGDP2,12,"31-33","  Manufacturing ","Thousands of dollars",688735,301429,300855,272626,333885,408830,326785,389048,426270,431969,475982,466691,451105,471208,495257,535255,582543,661973,628580,615272,735879,800249
 "31043","Dakota, NE",4,CAGDP2,13,"321,327-339","   Durable goods manufacturing ","Thousands of dollars",(D),(D),(D),(D),(D),(D),(D),(D),(D),(D),(D),(D),24901,27250,27154,24973,29243,34386,29195,45758,49350,55129
 "31043","Dakota, NE",4,CAGDP2,25,"311-316,322-326","   Nondurable goods manufacturing ","Thousands of dollars",(D),(D),(D),(D),(D),(D),(D),(D),(D),(D),(D),(D),426204,443958,468103,510282,553299,627586,599385,569514,686529,745120
 "31043","Dakota, NE",4,CAGDP2,34,"42","  Wholesale trade ","Thousands of dollars",(D),(D),(D),(D),(D),18894,19250,20736,21087,24320,24689,34245,34009,35498,33502,(D),(D),41231,57585,54212,50494,54587
 "31043","Dakota, NE",4,CAGDP2,35,"44-45","  Retail trade ","Thousands of dollars",30043,32436,31790,31706,32490,34981,36529,37179,39647,38627,39269,37574,40492,44053,49653,51779,53796,58054,61300,62948,64094,64079
 "31043","Dakota, NE",4,CAGDP2,36,"48-49","  Transportation and warehousing ","Thousands of dollars",50190,36232,47924,73097,80192,91268,88331,106268,94331,116061,108809,109904,116651,135461,170960,172068,179574,198446,217648,231066,353549,406965
 "31043","Dakota, NE",4,CAGDP2,45,"51","  Information ","Thousands of dollars",7826,7859,8858,9296,9028,8632,11128,12744,15248,15745,15518,13177,12971,12314,13244,13386,11363,9944,11933,13173,15900,16463
 "31043","Dakota, NE",4,CAGDP2,50,"52,53","  Finance, insurance, real estate, rental, and leasing ","Thousands of dollars",107114,111452,124637,128825,169575,178473,204775,151375,156715,165561,170509,185801,183210,233768,258363,262849,308598,275385,315829,305924,319204,416820
 "31043","Dakota, NE",4,CAGDP2,51,"52","   Finance and insurance ","Thousands of dollars",60717,62348,75408,78828,115493,126696,151414,91385,95171,96737,98048,112017,109172,160044,183517,182498,219649,194854,226844,230768,(D),319264
 "31043","Dakota, NE",4,CAGDP2,56,"53","   Real estate and rental and leasing ","Thousands of dollars",46397,49103,49229,49996,54082,51777,53361,59990,61544,68824,72462,73784,74039,73724,74846,80351,88949,80531,88986,75156,(D),97556
 "31043","Dakota, NE",4,CAGDP2,59,"54,55,56","  Professional and business services ","Thousands of dollars",(D),21391,32825,33412,34025,33752,33737,35969,36733,34222,20652,30099,33287,40277,39228,(D),(D),54359,56636,55479,54745,59745
 "31043","Dakota, NE",4,CAGDP2,60,"54","   Professional, scientific, and technical services ","Thousands of dollars",(D),6073,(D),(D),(D),(D),(D),(D),(D),(D),(D),(D),(D),(D),(D),(D),(D),(D),(D),(D),(D),(D)
 "31043","Dakota, NE",4,CAGDP2,64,"55","   Management of companies and enterprises ","Thousands of dollars",(D),2962,(D),(D),(D),(D),(D),(D),(D),(D),(D),(D),(D),(D),(D),(D),(D),(D),(D),(D),(D),(D)
 "31043","Dakota, NE",4,CAGDP2,65,"56","   Administrative and support and waste management and remediation services ","Thousands of dollars",11368,12356,13364,13750,15152,14699,15507,16504,17364,13650,13698,22376,25304,31901,31156,38163,44106,46246,48371,47203,45075,48444
 "31043","Dakota, NE",4,CAGDP2,68,"61,62","  Educational services, health care, and social assistance ","Thousands of dollars",20121,(D),(D),(D),(D),22326,21301,22530,22841,23657,24274,25019,24952,26077,30536,33206,34186,33282,36344,34679,36278,42750
 "31043","Dakota, NE",4,CAGDP2,69,"61","   Educational services ","Thousands of dollars",(D),(D),(D),(D),(D),568,582,623,(D),(D),(D),1051,1140,1553,1675,1945,2634,3209,3176,2536,2067,2124
 "31043","Dakota, NE",4,CAGDP2,70,"62","   Health care and social assistance ","Thousands of dollars",(D),(D),(D),(D),(D),21758,20718,21907,(D),(D),(D),23968,23813,24524,28861,31261,31551,30073,33168,32143,34211,40627
 "31043","Dakota, NE",4,CAGDP2,75,"71,72","  Arts, entertainment, recreation, accommodation, and food services ","Thousands of dollars",16881,16659,17300,19261,18212,17877,18510,20654,20818,22017,21634,21722,23237,25005,27050,29104,28305,29522,30553,25376,30249,37504
 "31043","Dakota, NE",4,CAGDP2,76,"71","   Arts, entertainment, and recreation ","Thousands of dollars",2022,2334,2283,2115,1832,1618,1542,2605,2515,2697,3143,3798,3926,4047,3661,3790,3755,3754,3818,3340,4461,5687
 "31043","Dakota, NE",4,CAGDP2,79,"72","   Accommodation and food services ","Thousands of dollars",14860,14324,15017,17146,16380,16259,16968,18049,18304,19319,18491,17924,19311,20958,23390,25314,24550,25768,26736,22036,25788,31817
 "31043","Dakota, NE",4,CAGDP2,82,"81","  Other services (except government and government enterprises) ","Thousands of dollars",13807,15249,16354,24476,23530,22825,25996,26779,25967,28757,34773,29078,31018,28479,30843,18996,20466,21462,22195,23331,24220,26308
 "31043","Dakota, NE",4,CAGDP2,83,"92","Government and government enterprises ","Thousands of dollars",48275,53752,58182,60639,65228,72639,74872,78231,80020,89180,90392,93177,91640,94401,95372,100854,102922,106270,109309,114474,114211,118497
 "31043","Dakota, NE",4,CAGDP2,87,"11,21","Natural resources and mining ","Thousands of dollars",15017,15622,17627,19195,11100,604,21534,23043,32242,38558,47783,27286,37614,2183,3291,717,7953,13963,17021,15498,54331,53149
 "31043","Dakota, NE",4,CAGDP2,88,"42,44-45","Trade ","Thousands of dollars",(D),(D),(D),(D),(D),53874,55779,57915,60733,62948,63959,71819,74501,79551,83154,(D),(D),99285,118885,117160,114588,118666
 "31043","Dakota, NE",4,CAGDP2,89,"22,48-49","Transportation and utilities ","Thousands of dollars",50517,37183,48038,73173,80377,91268,88331,106268,94331,116061,108809,109904,116651,135461,170960,172757,182708,198539,217750,231160,353777,407259
 "31043","Dakota, NE",4,CAGDP2,90,"31-33,51","Manufacturing and information ","Thousands of dollars",696561,309288,309713,281922,342914,417462,337913,401792,441518,447714,491500,479868,464076,483522,508501,548642,593906,671917,640513,628445,751779,816712
 "31043","Dakota, NE",4,CAGDP2,91,"...","Private goods-producing industries 2/","Thousands of dollars",725087,339918,340694,314437,372591,440314,380718,444320,487227,496412,546404,519908,522485,509572,533643,576872,636401,722657,695921,679594,838808,908571
 "31043","Dakota, NE",4,CAGDP2,92,"...","Private services-providing industries 3/","Thousands of dollars",284891,281004,321121,361280,407482,429028,459558,434235,433387,468967,460128,486619,499829,580932,653379,661496,724342,721777,810126,806282,948962,1125515
 "31045","Dawes, NE",4,CAGDP2,1,"...","All industry total ","Thousands of dollars",171146,189268,203635,200071,214603,219428,235476,236084,232864,250451,285052,278703,275776,309970,311696,308701,284043,279167,289515,321941,332676,330222
 "31045","Dawes, NE",4,CAGDP2,2,"..."," Private industries ","Thousands of dollars",118449,132779,144620,140591,154684,152727,169952,167826,163404,171586,208763,201370,197881,226984,227027,218989,191852,185112,195151,223639,233678,230004
 "31045","Dawes, NE",4,CAGDP2,3,"11","  Agriculture, forestry, fishing and hunting ","Thousands of dollars",2547,9127,(D),10794,(D),(D),9060,11556,(D),(D),22682,19199,(D),47124,(D),36234,6998,(D),(D),(D),28412,10650
 "31045","Dawes, NE",4,CAGDP2,6,"21","  Mining, quarrying, and oil and gas extraction ","Thousands of dollars",4133,5976,5092,5787,7279,9256,22407,14519,14631,21656,26499,29014,20770,15721,12180,7593,5677,5289,3383,4360,(D),(D)
 "31045","Dawes, NE",4,CAGDP2,10,"22","  Utilities ","Thousands of dollars",19,13,13,11,7,11,10,9,258,248,281,262,296,287,259,252,314,307,269,285,285,258
 "31045","Dawes, NE",4,CAGDP2,11,"23","  Construction ","Thousands of dollars",7121,7728,7554,7769,6751,8193,9881,10638,9310,11073,10539,6493,3119,7100,8741,9934,10231,9725,8539,10239,8531,11670
 "31045","Dawes, NE",4,CAGDP2,12,"31-33","  Manufacturing ","Thousands of dollars",830,1063,1208,1048,1153,1236,1110,833,1023,902,853,899,(D),1023,(D),1083,898,(D),(D),(D),(D),(D)
 "31045","Dawes, NE",4,CAGDP2,13,"321,327-339","   Durable goods manufacturing ","Thousands of dollars",422,(D),734,736,782,743,(D),(D),(D),(D),(D),(D),(D),(D),(D),(D),(D),354,(D),(D),(D),(D)
 "31045","Dawes, NE",4,CAGDP2,25,"311-316,322-326","   Nondurable goods manufacturing ","Thousands of dollars",408,(D),474,313,371,493,(D),(D),(D),(D),(D),(D),(D),(D),(D),(D),(D),(D),(D),(D),(D),(D)
 "31045","Dawes, NE",4,CAGDP2,34,"42","  Wholesale trade ","Thousands of dollars",6652,6761,6217,6281,6481,6024,5386,5509,5839,6114,6449,6364,5968,5740,5589,5538,5565,6307,6470,7076,6902,7457
 "31045","Dawes, NE",4,CAGDP2,35,"44-45","  Retail trade ","Thousands of dollars",21049,22871,25829,28004,30478,30999,30381,30734,30671,32333,31048,31455,33487,34657,36705,37202,37424,37991,38732,42306,47006,47167
 "31045","Dawes, NE",4,CAGDP2,36,"48-49","  Transportation and warehousing ","Thousands of dollars",(D),(D),(D),(D),(D),(D),(D),(D),(D),(D),(D),(D),(D),(D),(D),(D),(D),(D),(D),(D),(D),(D)
 "31045","Dawes, NE",4,CAGDP2,45,"51","  Information ","Thousands of dollars",2855,4543,4908,4101,3753,3901,4130,6424,8717,9471,8590,5693,5826,5422,6221,5858,5434,4496,4402,4321,4788,5086
 "31045","Dawes, NE",4,CAGDP2,50,"52,53","  Finance, insurance, real estate, rental, and leasing ","Thousands of dollars",27205,27789,27332,26998,30296,29089,34047,34026,37369,33837,44452,43566,38868,47442,47381,49682,48543,44311,48581,56781,48117,(D)
 "31045","Dawes, NE",4,CAGDP2,51,"52","   Finance and insurance ","Thousands of dollars",6203,7151,6844,6469,7402,7447,7959,7360,7566,6685,7839,8788,8936,9040,9448,9937,10252,10062,10317,10808,11287,12763
 "31045","Dawes, NE",4,CAGDP2,56,"53","   Real estate and rental and leasing ","Thousands of dollars",21002,20638,20487,20529,22894,21642,26088,26666,29803,27152,36613,34779,29932,38401,37933,39744,38292,34249,38263,45973,36830,(D)
 "31045","Dawes, NE",4,CAGDP2,59,"54,55,56","  Professional and business services ","Thousands of dollars",(D),(D),5939,(D),6029,4921,5410,5447,5592,5676,(D),(D),(D),7151,7736,(D),(D),(D),(D),10326,(D),12564
 "31045","Dawes, NE",4,CAGDP2,60,"54","   Professional, scientific, and technical services ","Thousands of dollars",(D),(D),3094,(D),3236,3458,3653,3777,3596,3458,(D),(D),3823,4285,4858,4960,4894,4661,4603,4506,5273,5972
 "31045","Dawes, NE",4,CAGDP2,64,"55","   Management of companies and enterprises ","Thousands of dollars",(D),(D),0,0,0,0,0,0,0,0,(D),(D),(D),0,0,(D),(D),(D),(D),(D),(D),(D)
 "31045","Dawes, NE",4,CAGDP2,65,"56","   Administrative and support and waste management and remediation services ","Thousands of dollars",3245,3033,2845,(D),2793,1463,1756,1670,1997,2218,3632,(D),(D),2866,2877,(D),(D),(D),(D),(D),(D),(D)
 "31045","Dawes, NE",4,CAGDP2,68,"61,62","  Educational services, health care, and social assistance ","Thousands of dollars",13690,14758,15475,16966,17684,18937,19607,19809,20429,21311,23858,25236,25360,25995,26307,25931,26913,28441,29997,31031,32182,32499
 "31045","Dawes, NE",4,CAGDP2,69,"61","   Educational services ","Thousands of dollars",650,694,1108,1431,1336,920,(D),859,661,630,563,577,608,634,558,511,495,616,701,686,897,930
 "31045","Dawes, NE",4,CAGDP2,70,"62","   Health care and social assistance ","Thousands of dollars",13040,14064,14367,15535,16349,18017,(D),18950,19768,20682,23295,24659,24752,25361,25749,25420,26418,27826,29296,30345,31285,31569
 "31045","Dawes, NE",4,CAGDP2,75,"71,72","  Arts, entertainment, recreation, accommodation, and food services ","Thousands of dollars",7674,8693,8098,8439,8846,8876,(D),(D),10064,10835,10309,10424,10311,(D),(D),12765,12554,12351,13418,(D),12979,15335
 "31045","Dawes, NE",4,CAGDP2,76,"71","   Arts, entertainment, and recreation ","Thousands of dollars",413,472,556,561,630,533,(D),(D),329,452,593,703,(D),(D),(D),(D),(D),(D),(D),(D),(D),(D)
 "31045","Dawes, NE",4,CAGDP2,79,"72","   Accommodation and food services ","Thousands of dollars",7261,8221,7542,7878,8217,8342,(D),(D),9735,10383,9716,9721,(D),(D),(D),(D),(D),(D),(D),(D),(D),(D)
 "31045","Dawes, NE",4,CAGDP2,82,"81","  Other services (except government and government enterprises) ","Thousands of dollars",6743,7530,7625,7666,7834,6180,6404,6927,6809,6863,6358,6767,6911,7042,7493,7479,7546,7652,7726,7950,8306,9026
 "31045","Dawes, NE",4,CAGDP2,83,"92","Government and government enterprises ","Thousands of dollars",52697,56489,59015,59480,59919,66701,65525,68258,69459,78864,76289,77333,77895,82986,84668,89712,92191,94056,94365,98303,98998,100218
 "31045","Dawes, NE",4,CAGDP2,87,"11,21","Natural resources and mining ","Thousands of dollars",6680,15103,(D),16581,(D),(D),31467,26074,(D),(D),49180,48213,(D),62846,(D),43828,12675,(D),(D),(D),(D),(D)
 "31045","Dawes, NE",4,CAGDP2,88,"42,44-45","Trade ","Thousands of dollars",27701,29631,32046,34285,36959,37024,35768,36243,36510,38447,37498,37819,39456,40397,42294,42739,42989,44298,45202,49382,53908,54624
 "31045","Dawes, NE",4,CAGDP2,89,"22,48-49","Transportation and utilities ","Thousands of dollars",(D),(D),(D),(D),(D),(D),(D),(D),(D),(D),(D),(D),(D),(D),(D),(D),(D),(D),(D),(D),(D),(D)
 "31045","Dawes, NE",4,CAGDP2,90,"31-33,51","Manufacturing and information ","Thousands of dollars",3684,5606,6116,5150,4906,5137,5240,7258,9740,10372,9443,6593,(D),6445,(D),6940,6332,(D),(D),(D),(D),(D)
 "31045","Dawes, NE",4,CAGDP2,91,"...","Private goods-producing industries 2/","Thousands of dollars",14631,23894,(D),25398,(D),(D),42459,37546,(D),(D),60573,55605,55245,70969,60806,54845,23804,20219,20654,39993,42978,29140
 "31045","Dawes, NE",4,CAGDP2,92,"...","Private services-providing industries 3/","Thousands of dollars",103818,108885,(D),115193,(D),(D),127493,130280,(D),(D),148190,145765,142636,156015,166221,164145,168048,164893,174496,183646,190701,200864
 "31047","Dawson, NE",4,CAGDP2,1,"...","All industry total ","Thousands of dollars",719051,768009,798766,778538,875525,980691,986958,996700,972537,1054725,1177860,1210135,1353509,1438295,1481627,1494787,1447853,1490998,1543938,1627278,1893246,2028263
 "31047","Dawson, NE",4,CAGDP2,2,"..."," Private industries ","Thousands of dollars",630383,670606,696538,675031,768260,861846,866470,868253,842033,909266,1031096,1057396,1197894,1268148,1303516,1310358,1256778,1292724,1335734,1407783,1668117,1793183
 "31047","Dawson, NE",4,CAGDP2,3,"11","  Agriculture, forestry, fishing and hunting ","Thousands of dollars",113443,140442,147165,129143,(D),(D),(D),136476,131383,126887,234658,229320,351451,345463,330485,303607,273996,(D),264028,239461,309092,299541
 "31047","Dawson, NE",4,CAGDP2,6,"21","  Mining, quarrying, and oil and gas extraction ","Thousands of dollars",376,503,405,443,586,540,3143,3373,2518,4161,5884,5218,3049,2574,2883,2002,1923,1963,2114,2680,2822,2447
 "31047","Dawson, NE",4,CAGDP2,10,"22","  Utilities ","Thousands of dollars",365,361,283,271,189,263,253,265,1568,1524,1705,1324,1612,1601,1614,1546,2307,2566,2872,2930,3716,4258
 "31047","Dawson, NE",4,CAGDP2,11,"23","  Construction ","Thousands of dollars",10916,11289,12065,11418,12607,12270,38754,16467,14642,13459,12155,10950,16672,21652,21910,27569,27326,25880,28413,26877,30578,34651
 "31047","Dawson, NE",4,CAGDP2,12,"31-33","  Manufacturing ","Thousands of dollars",239828,229083,232901,212777,246395,287806,260810,284698,294200,308714,330040,333905,345607,361491,394279,393997,367020,425194,417006,477762,574680,617949
 "31047","Dawson, NE",4,CAGDP2,13,"321,327-339","   Durable goods manufacturing ","Thousands of dollars",(D),78055,(D),(D),(D),81978,83385,66690,(D),(D),(D),(D),(D),60441,57993,45256,36425,30817,27576,30888,32609,38307
 "31047","Dawson, NE",4,CAGDP2,25,"311-316,322-326","   Nondurable goods manufacturing ","Thousands of dollars",(D),151028,(D),(D),(D),205829,177425,218008,(D),(D),(D),(D),(D),301050,336286,348741,330596,394376,389430,446874,542071,579641
 "31047","Dawson, NE",4,CAGDP2,34,"42","  Wholesale trade ","Thousands of dollars",34225,37532,38299,42405,45749,47896,51554,55056,51617,56819,63601,69771,73999,81690,86076,83923,81654,83578,90221,100395,110434,126696
 "31047","Dawson, NE",4,CAGDP2,35,"44-45","  Retail trade ","Thousands of dollars",45374,43595,45229,47921,48035,47760,48677,50021,53904,54938,57209,60860,65800,65761,68455,71316,75702,77275,78161,90203,97918,94651
 "31047","Dawson, NE",4,CAGDP2,36,"48-49","  Transportation and warehousing ","Thousands of dollars",(D),(D),(D),(D),(D),(D),(D),(D),77267,125605,105024,97427,(D),123413,(D),133479,148924,(D),150872,147548,197707,231614
 "31047","Dawson, NE",4,CAGDP2,45,"51","  Information ","Thousands of dollars",10094,10689,11487,11395,10919,10753,12132,13323,13553,12337,13401,13861,14025,15752,20729,21588,19320,17098,16868,13623,15235,18158
 "31047","Dawson, NE",4,CAGDP2,50,"52,53","  Finance, insurance, real estate, rental, and leasing ","Thousands of dollars",86696,91442,91331,87945,94717,91411,107415,98914,100979,101633,105142,117859,118302,128844,137970,140651,127487,134911,138416,161334,169395,185850
 "31047","Dawson, NE",4,CAGDP2,51,"52","   Finance and insurance ","Thousands of dollars",22964,26228,27026,24663,27852,29542,30761,28159,26874,24056,27464,29791,32183,33225,35005,36807,40539,39856,44205,47854,52033,56795
 "31047","Dawson, NE",4,CAGDP2,56,"53","   Real estate and rental and leasing ","Thousands of dollars",63732,65214,64305,63281,66865,61869,76654,70755,74105,77577,77678,88068,86119,95619,102965,103844,86948,95055,94211,113479,117362,129056
 "31047","Dawson, NE",4,CAGDP2,59,"54,55,56","  Professional and business services ","Thousands of dollars",(D),21664,24112,24795,26258,26927,28789,32259,34644,35431,32597,43645,39248,42375,44728,50495,48511,53879,56020,58352,59238,72487
 "31047","Dawson, NE",4,CAGDP2,60,"54","   Professional, scientific, and technical services ","Thousands of dollars",(D),9257,9020,9443,10196,11166,12006,14190,14746,15053,(D),(D),17112,18362,18331,18164,17273,18321,18248,17337,18074,18936
 "31047","Dawson, NE",4,CAGDP2,64,"55","   Management of companies and enterprises ","Thousands of dollars",(D),2241,4341,4224,4008,4119,4406,5050,5761,6044,(D),(D),4194,4520,6023,13694,10240,12187,13027,17674,14163,22106
 "31047","Dawson, NE",4,CAGDP2,65,"56","   Administrative and support and waste management and remediation services ","Thousands of dollars",7387,10166,10751,11129,12055,11643,12377,13020,14137,14335,14656,19793,17942,19493,20374,18637,20998,23370,24745,23340,27000,31444
 "31047","Dawson, NE",4,CAGDP2,68,"61,62","  Educational services, health care, and social assistance ","Thousands of dollars",18259,(D),(D),(D),24396,25816,26555,(D),29690,29776,31243,32672,(D),33806,(D),33304,33186,33731,34586,34220,35652,36712
 "31047","Dawson, NE",4,CAGDP2,69,"61","   Educational services ","Thousands of dollars",(D),(D),(D),(D),1248,1455,1463,(D),(D),(D),275,229,(D),(D),(D),(D),(D),822,(D),674,910,1048
 "31047","Dawson, NE",4,CAGDP2,70,"62","   Health care and social assistance ","Thousands of dollars",(D),(D),(D),(D),23148,24362,25093,(D),(D),(D),30969,32443,(D),(D),(D),(D),(D),32909,(D),33546,34742,35664
 "31047","Dawson, NE",4,CAGDP2,75,"71,72","  Arts, entertainment, recreation, accommodation, and food services ","Thousands of dollars",14272,14654,15410,15269,15151,14950,15437,16578,16931,18614,19167,19888,20841,22371,23544,24673,26065,27370,30173,25427,32535,36919
 "31047","Dawson, NE",4,CAGDP2,76,"71","   Arts, entertainment, and recreation ","Thousands of dollars",1235,1385,1446,1343,1346,1361,1402,1440,1619,1732,1925,2033,2125,2263,2519,2850,3492,3495,3683,3175,3620,4220
 "31047","Dawson, NE",4,CAGDP2,79,"72","   Accommodation and food services ","Thousands of dollars",13037,13269,13964,13925,13804,13590,14036,15138,15312,16882,17241,17855,18717,20108,21024,21823,22573,23875,26490,22251,28915,32699
 "31047","Dawson, NE",4,CAGDP2,82,"81","  Other services (except government and government enterprises) ","Thousands of dollars",10246,10690,11127,15584,15980,15217,16337,17930,19136,19368,19268,20697,20990,21356,22417,22209,23358,24689,25984,26973,29116,31249
 "31047","Dawson, NE",4,CAGDP2,83,"92","Government and government enterprises ","Thousands of dollars",88669,97403,102228,103507,107265,118845,120488,128447,130504,145459,146764,152739,155615,170147,178112,184429,191075,198274,208204,219495,225130,235080
 "31047","Dawson, NE",4,CAGDP2,87,"11,21","Natural resources and mining ","Thousands of dollars",113818,140945,147570,129586,(D),(D),(D),139850,133902,131048,240542,234538,354500,348037,333368,305609,275919,(D),266142,242141,311914,301988
 "31047","Dawson, NE",4,CAGDP2,88,"42,44-45","Trade ","Thousands of dollars",79599,81128,83528,90325,93784,95657,100231,105077,105521,111757,120811,130631,139799,147450,154531,155239,157356,160853,168382,190598,208353,221346
 "31047","Dawson, NE",4,CAGDP2,89,"22,48-49","Transportation and utilities ","Thousands of dollars",(D),(D),(D),(D),(D),(D),(D),(D),78835,127129,106728,98750,(D),125014,(D),135025,151232,(D),153744,150478,201422,235872
 "31047","Dawson, NE",4,CAGDP2,90,"31-33,51","Manufacturing and information ","Thousands of dollars",249922,239772,244388,224172,257314,298559,272942,298021,307754,321051,343441,347766,359632,377243,415008,415585,386340,442292,433874,491385,589915,636107
 "31047","Dawson, NE",4,CAGDP2,91,"...","Private goods-producing industries 2/","Thousands of dollars",364562,381317,392536,353782,(D),(D),(D),441015,442743,453221,582738,579393,716779,731180,749558,727175,670265,(D),711561,746779,917172,954588
 "31047","Dawson, NE",4,CAGDP2,92,"...","Private services-providing industries 3/","Thousands of dollars",265821,289289,304002,321249,(D),(D),(D),427238,399290,456045,448358,478003,481116,536968,553958,583183,586514,(D),624174,661004,750945,838595
 "31049","Deuel, NE",4,CAGDP2,1,"...","All industry total ","Thousands of dollars",43986,43861,62299,45244,42187,39860,56467,56559,51466,48907,93311,72238,80646,76797,79822,83806,66730,93057,85312,80660,95732,118177
 "31049","Deuel, NE",4,CAGDP2,2,"..."," Private industries ","Thousands of dollars",34606,34611,53790,36681,33269,30433,47153,47157,41721,38142,82416,61178,69419,64774,67764,71391,54011,79733,71454,66203,80992,103037
 "31049","Deuel, NE",4,CAGDP2,3,"11","  Agriculture, forestry, fishing and hunting ","Thousands of dollars",8377,5737,22137,11355,5793,1714,12052,16176,(D),(D),31569,14774,(D),(D),(D),(D),(D),(D),(D),(D),25814,41697
 "31049","Deuel, NE",4,CAGDP2,6,"21","  Mining, quarrying, and oil and gas extraction ","Thousands of dollars",51,83,145,199,320,317,561,1098,326,224,141,23,4,2,11,17,0,0,0,0,(D),(D)
 "31049","Deuel, NE",4,CAGDP2,10,"22","  Utilities ","Thousands of dollars",2,4,4,2,0,0,0,0,564,588,637,596,657,662,607,554,685,544,884,1099,1167,995
 "31049","Deuel, NE",4,CAGDP2,11,"23","  Construction ","Thousands of dollars",(D),(D),(D),(D),(D),(D),(D),(D),(D),(D),222,528,(D),(D),(D),(D),(D),(D),(D),(D),(D),(D)
 "31049","Deuel, NE",4,CAGDP2,12,"31-33","  Manufacturing ","Thousands of dollars",(D),(D),(D),(D),(D),(D),(D),(D),709,592,680,302,405,406,503,529,343,136,177,135,145,160
 "31049","Deuel, NE",4,CAGDP2,13,"321,327-339","   Durable goods manufacturing ","Thousands of dollars",(D),(D),(D),(D),(D),(D),8,38,103,113,314,52,63,21,22,15,24,32,29,0,0,0
 "31049","Deuel, NE",4,CAGDP2,25,"311-316,322-326","   Nondurable goods manufacturing ","Thousands of dollars",(D),(D),(D),(D),(D),(D),(D),(D),606,480,366,250,342,385,482,514,319,104,148,135,145,160
 "31049","Deuel, NE",4,CAGDP2,34,"42","  Wholesale trade ","Thousands of dollars",3718,3970,3553,2882,2527,(D),(D),(D),4197,5671,6731,6996,6737,5165,5524,6506,5631,5967,6217,6305,6354,6984
 "31049","Deuel, NE",4,CAGDP2,35,"44-45","  Retail trade ","Thousands of dollars",2914,3316,3483,3151,3289,3982,4521,4858,5067,6046,7117,8740,8913,8412,8364,8603,9102,9335,10320,14200,16840,16460
 "31049","Deuel, NE",4,CAGDP2,36,"48-49","  Transportation and warehousing ","Thousands of dollars",3615,5517,8519,4027,4528,(D),(D),(D),(D),(D),(D),(D),(D),(D),(D),(D),(D),(D),(D),(D),(D),(D)
 "31049","Deuel, NE",4,CAGDP2,45,"51","  Information ","Thousands of dollars",(D),(D),(D),(D),(D),(D),(D),(D),(D),(D),(D),(D),(D),(D),(D),(D),(D),(D),(D),(D),(D),(D)
 "31049","Deuel, NE",4,CAGDP2,50,"52,53","  Finance, insurance, real estate, rental, and leasing ","Thousands of dollars",6973,7840,8311,8214,10638,9354,10202,9165,10059,9278,12164,11634,10647,13383,13642,14220,14183,12724,(D),16529,13884,(D)
 "31049","Deuel, NE",4,CAGDP2,51,"52","   Finance and insurance ","Thousands of dollars",(D),(D),(D),(D),(D),(D),(D),(D),(D),(D),(D),3579,(D),(D),(D),(D),(D),(D),(D),(D),(D),(D)
 "31049","Deuel, NE",4,CAGDP2,56,"53","   Real estate and rental and leasing ","Thousands of dollars",(D),(D),(D),(D),(D),(D),(D),(D),(D),(D),(D),8055,(D),(D),(D),(D),(D),(D),9209,(D),(D),9130
 "31049","Deuel, NE",4,CAGDP2,59,"54,55,56","  Professional and business services ","Thousands of dollars",666,709,567,517,(D),906,2322,2566,1992,2460,2143,1713,(D),780,726,734,655,791,906,873,804,822
 "31049","Deuel, NE",4,CAGDP2,60,"54","   Professional, scientific, and technical services ","Thousands of dollars",(D),(D),(D),(D),(D),327,(D),(D),(D),(D),443,(D),441,(D),(D),(D),(D),(D),(D),(D),(D),(D)
 "31049","Deuel, NE",4,CAGDP2,64,"55","   Management of companies and enterprises ","Thousands of dollars",(D),(D),0,0,0,0,0,0,0,0,0,0,0,0,0,0,0,0,0,0,0,(D)
 "31049","Deuel, NE",4,CAGDP2,65,"56","   Administrative and support and waste management and remediation services ","Thousands of dollars",295,288,(D),(D),(D),578,(D),(D),(D),(D),1700,(D),(D),(D),(D),(D),(D),(D),(D),(D),(D),(D)
 "31049","Deuel, NE",4,CAGDP2,68,"61,62","  Educational services, health care, and social assistance ","Thousands of dollars",1683,(D),(D),(D),1677,1682,(D),(D),(D),(D),2243,2492,2615,2383,2212,2139,2009,1331,1297,1076,(D),1160
 "31049","Deuel, NE",4,CAGDP2,69,"61","   Educational services ","Thousands of dollars",34,35,42,52,(D),(D),6,0,49,70,82,44,40,41,42,29,94,159,185,166,70,(D)
 "31049","Deuel, NE",4,CAGDP2,70,"62","   Health care and social assistance ","Thousands of dollars",1649,(D),(D),(D),(D),(D),(D),(D),(D),(D),2161,2448,2575,2342,2171,2111,1915,1172,1112,910,(D),(D)
 "31049","Deuel, NE",4,CAGDP2,75,"71,72","  Arts, entertainment, recreation, accommodation, and food services ","Thousands of dollars",1286,1445,1280,1081,1022,675,351,528,950,1513,1918,2215,2135,1940,1911,1871,1821,1989,2314,1774,2137,3425
 "31049","Deuel, NE",4,CAGDP2,76,"71","   Arts, entertainment, and recreation ","Thousands of dollars",130,140,135,78,55,(D),(D),(D),(D),(D),(D),(D),(D),(D),(D),(D),(D),(D),(D),(D),(D),(D)
 "31049","Deuel, NE",4,CAGDP2,79,"72","   Accommodation and food services ","Thousands of dollars",1156,1304,1145,1003,967,(D),(D),(D),(D),(D),(D),(D),(D),(D),(D),(D),(D),(D),(D),(D),(D),(D)
 "31049","Deuel, NE",4,CAGDP2,82,"81","  Other services (except government and government enterprises) ","Thousands of dollars",(D),1094,1262,1407,1465,1532,1251,1563,1445,1351,1431,1585,1590,1457,1559,1762,2013,2126,2080,2019,(D),2471
 "31049","Deuel, NE",4,CAGDP2,83,"92","Government and government enterprises ","Thousands of dollars",9380,9249,8509,8563,8918,9427,9314,9402,9745,10764,10895,11060,11228,12023,12058,12416,12719,13324,13858,14457,14741,15140
 "31049","Deuel, NE",4,CAGDP2,87,"11,21","Natural resources and mining ","Thousands of dollars",8428,5820,22282,11554,6112,2032,12613,17274,(D),(D),31710,14797,(D),(D),(D),(D),(D),(D),(D),(D),(D),(D)
 "31049","Deuel, NE",4,CAGDP2,88,"42,44-45","Trade ","Thousands of dollars",6632,7286,7036,6033,5816,(D),(D),(D),9264,11717,13848,15735,15651,13577,13888,15109,14733,15303,16537,20505,23195,23444
 "31049","Deuel, NE",4,CAGDP2,89,"22,48-49","Transportation and utilities ","Thousands of dollars",3617,5521,8523,4030,4528,(D),(D),(D),(D),(D),(D),(D),(D),(D),(D),(D),(D),(D),(D),(D),(D),(D)
 "31049","Deuel, NE",4,CAGDP2,90,"31-33,51","Manufacturing and information ","Thousands of dollars",2558,2412,2236,1507,1125,1720,1557,783,(D),(D),(D),(D),(D),(D),(D),(D),(D),(D),(D),(D),(D),(D)
 "31049","Deuel, NE",4,CAGDP2,91,"...","Private goods-producing industries 2/","Thousands of dollars",11702,8962,24974,13603,7489,4066,14443,18232,9794,2754,32612,15627,29637,21432,16459,17145,3783,20370,8878,11833,26208,42644
 "31049","Deuel, NE",4,CAGDP2,92,"...","Private services-providing industries 3/","Thousands of dollars",22905,25650,28816,23078,25780,26367,32709,28925,31927,35389,49803,45551,39781,43342,51305,54246,50228,59362,62577,54369,54784,60393
 "31051","Dixon, NE",4,CAGDP2,1,"...","All industry total ","Thousands of dollars",120606,131233,132193,142343,153009,131550,141647,173661,189985,224582,221763,200483,208437,197262,194590,184807,175300,198380,264870,292402,410646,421799
 "31051","Dixon, NE",4,CAGDP2,2,"..."," Private industries ","Thousands of dollars",104357,113858,114070,123698,134102,111828,121807,152766,168693,200365,197184,176365,184560,171194,170902,159990,148239,170524,237784,262605,381789,391040
 "31051","Dixon, NE",4,CAGDP2,3,"11","  Agriculture, forestry, fishing and hunting ","Thousands of dollars",(D),(D),(D),(D),(D),(D),(D),44327,(D),(D),(D),(D),(D),42328,(D),(D),(D),(D),(D),(D),97802,67309
 "31051","Dixon, NE",4,CAGDP2,6,"21","  Mining, quarrying, and oil and gas extraction ","Thousands of dollars",0,0,0,0,0,0,0,0,0,0,0,0,0,0,0,0,0,0,0,0,(D),(D)
 "31051","Dixon, NE",4,CAGDP2,10,"22","  Utilities ","Thousands of dollars",5,4,0,4,5,4,8,(D),3,2,2,4,4,4,2,2,2,1,(D),43342,60078,83159
 "31051","Dixon, NE",4,CAGDP2,11,"23","  Construction ","Thousands of dollars",4559,5343,5224,5624,5069,7673,10394,14105,12794,6663,6616,9618,8719,(D),10011,10861,10476,9746,8553,9731,18260,19157
 "31051","Dixon, NE",4,CAGDP2,12,"31-33","  Manufacturing ","Thousands of dollars",(D),(D),(D),(D),(D),(D),(D),54405,(D),(D),(D),(D),(D),(D),(D),(D),(D),(D),(D),(D),(D),(D)
 "31051","Dixon, NE",4,CAGDP2,13,"321,327-339","   Durable goods manufacturing ","Thousands of dollars",(D),(D),(D),(D),(D),(D),(D),(D),(D),(D),(D),(D),(D),(D),(D),(D),(D),(D),(D),(D),(D),(D)
 "31051","Dixon, NE",4,CAGDP2,25,"311-316,322-326","   Nondurable goods manufacturing ","Thousands of dollars",(D),(D),(D),(D),(D),(D),(D),(D),(D),(D),(D),(D),55226,68975,69256,74724,71133,84014,82959,96413,130867,142627
 "31051","Dixon, NE",4,CAGDP2,34,"42","  Wholesale trade ","Thousands of dollars",4646,5184,4389,3800,3795,3622,3700,4065,4309,5108,5262,6132,6374,6229,4976,4883,5284,5296,6494,6696,7512,8467
 "31051","Dixon, NE",4,CAGDP2,35,"44-45","  Retail trade ","Thousands of dollars",2449,2460,2593,2454,2104,2116,1798,1604,1780,1753,1470,1749,1986,1840,1871,2070,2419,2853,3071,3425,3420,3295
 "31051","Dixon, NE",4,CAGDP2,36,"48-49","  Transportation and warehousing ","Thousands of dollars",2543,2570,2714,2976,2688,2475,2476,2360,2437,2487,2822,2615,2073,2289,3253,3457,4017,4898,3997,5582,11214,11833
 "31051","Dixon, NE",4,CAGDP2,45,"51","  Information ","Thousands of dollars",338,391,554,641,607,574,589,825,831,929,830,687,591,(D),(D),(D),(D),(D),423,779,(D),(D)
 "31051","Dixon, NE",4,CAGDP2,50,"52,53","  Finance, insurance, real estate, rental, and leasing ","Thousands of dollars",17101,18188,18734,18219,19772,18231,19201,20600,21198,23772,25924,26296,26829,26372,27193,29279,32809,29125,33116,28472,34453,(D)
 "31051","Dixon, NE",4,CAGDP2,51,"52","   Finance and insurance ","Thousands of dollars",(D),(D),(D),(D),(D),(D),(D),(D),(D),(D),(D),4497,5238,4847,4819,5150,5297,5116,5982,6298,(D),(D)
 "31051","Dixon, NE",4,CAGDP2,56,"53","   Real estate and rental and leasing ","Thousands of dollars",(D),(D),(D),(D),(D),(D),(D),(D),(D),(D),(D),21799,21591,21525,22374,24129,27512,24010,27134,22174,(D),(D)
 "31051","Dixon, NE",4,CAGDP2,59,"54,55,56","  Professional and business services ","Thousands of dollars",733,473,466,499,734,1222,(D),2028,2234,(D),(D),1864,2017,(D),(D),3345,2998,3376,3959,4520,5199,5014
 "31051","Dixon, NE",4,CAGDP2,60,"54","   Professional, scientific, and technical services ","Thousands of dollars",(D),(D),(D),(D),(D),(D),(D),(D),(D),(D),(D),(D),(D),(D),(D),1758,(D),(D),(D),(D),(D),1348
 "31051","Dixon, NE",4,CAGDP2,64,"55","   Management of companies and enterprises ","Thousands of dollars",0,0,0,0,0,0,0,0,0,0,0,0,0,0,0,0,0,0,0,0,0,0
 "31051","Dixon, NE",4,CAGDP2,65,"56","   Administrative and support and waste management and remediation services ","Thousands of dollars",(D),(D),(D),(D),(D),(D),(D),(D),(D),(D),(D),(D),(D),(D),(D),1587,(D),(D),(D),(D),(D),3666
 "31051","Dixon, NE",4,CAGDP2,68,"61,62","  Educational services, health care, and social assistance ","Thousands of dollars",2655,2754,2732,2577,2528,2652,2625,2825,3431,3448,3399,3556,3640,3648,3539,3591,3908,(D),(D),(D),3342,3403
 "31051","Dixon, NE",4,CAGDP2,69,"61","   Educational services ","Thousands of dollars",(D),(D),(D),81,53,29,12,39,57,70,44,21,17,3,0,6,32,31,32,48,76,77
 "31051","Dixon, NE",4,CAGDP2,70,"62","   Health care and social assistance ","Thousands of dollars",(D),(D),(D),2497,2475,2624,2613,2786,3374,3377,3355,3535,3623,3645,3539,3585,3876,(D),(D),(D),3266,3326
 "31051","Dixon, NE",4,CAGDP2,75,"71,72","  Arts, entertainment, recreation, accommodation, and food services ","Thousands of dollars",1094,1079,1209,1101,1775,1806,(D),(D),2056,(D),(D),2829,2677,(D),2437,(D),2491,2302,(D),(D),1996,2112
 "31051","Dixon, NE",4,CAGDP2,76,"71","   Arts, entertainment, and recreation ","Thousands of dollars",(D),293,362,(D),(D),(D),(D),(D),(D),(D),(D),(D),(D),(D),(D),(D),(D),(D),(D),(D),(D),1485
 "31051","Dixon, NE",4,CAGDP2,79,"72","   Accommodation and food services ","Thousands of dollars",(D),786,847,(D),(D),(D),(D),(D),(D),(D),(D),(D),(D),(D),(D),(D),(D),(D),(D),(D),(D),628
 "31051","Dixon, NE",4,CAGDP2,82,"81","  Other services (except government and government enterprises) ","Thousands of dollars",3196,3536,3181,3400,3619,4064,3866,3602,3846,5135,5141,5389,5372,(D),(D),(D),(D),(D),5740,7247,(D),(D)
 "31051","Dixon, NE",4,CAGDP2,83,"92","Government and government enterprises ","Thousands of dollars",16249,17374,18123,18645,18907,19722,19840,20895,21293,24217,24579,24118,23877,26067,23688,24818,27061,27856,27086,29797,28858,30759
 "31051","Dixon, NE",4,CAGDP2,87,"11,21","Natural resources and mining ","Thousands of dollars",(D),(D),(D),(D),(D),(D),(D),44327,(D),(D),(D),(D),(D),42328,(D),(D),(D),(D),(D),(D),(D),(D)
 "31051","Dixon, NE",4,CAGDP2,88,"42,44-45","Trade ","Thousands of dollars",7095,7644,6981,6254,5899,5738,5498,5669,6088,6861,6732,7881,8360,8069,6846,6952,7703,8148,9565,10122,10932,11762
 "31051","Dixon, NE",4,CAGDP2,89,"22,48-49","Transportation and utilities ","Thousands of dollars",2548,2574,2714,2980,2693,2479,2484,(D),2440,2489,2824,2619,2077,2293,3255,3459,4018,4899,(D),48924,71292,94992
 "31051","Dixon, NE",4,CAGDP2,90,"31-33,51","Manufacturing and information ","Thousands of dollars",(D),(D),(D),(D),(D),(D),(D),55230,(D),(D),(D),(D),(D),70064,70263,75748,71894,84973,(D),(D),132004,143896
 "31051","Dixon, NE",4,CAGDP2,91,"...","Private goods-producing industries 2/","Thousands of dollars",69596,77219,77498,88025,96474,75061,84090,112837,126569,154215,148393,125244,132997,119985,119003,105110,88765,112977,139025,157364,247565,229843
 "31051","Dixon, NE",4,CAGDP2,92,"...","Private services-providing industries 3/","Thousands of dollars",34761,36640,36572,35672,37628,36767,37717,39929,42124,46150,48790,51121,51563,51210,51899,54880,59474,57548,98759,105241,134224,161198
 "31053","Dodge, NE",4,CAGDP2,1,"...","All industry total ","Thousands of dollars",1048785,1052839,1077522,1155438,1193891,1325620,1363599,1428875,1451367,1500724,1635220,1643842,1739953,1771286,1835638,1850516,1962272,2084076,2103540,2261833,2625315,2847979
 "31053","Dodge, NE",4,CAGDP2,2,"..."," Private industries ","Thousands of dollars",911172,904696,925624,997829,1031672,1146361,1183148,1240689,1264455,1293077,1416614,1424010,1513295,1524153,1584578,1584835,1692393,1805532,1902842,2052182,2410487,2619807
 "31053","Dodge, NE",4,CAGDP2,3,"11","  Agriculture, forestry, fishing and hunting ","Thousands of dollars",29544,28612,52230,97932,81198,(D),150284,110147,140234,110283,174938,115055,151683,112761,120734,99689,141067,141835,127140,105427,199192,209694
 "31053","Dodge, NE",4,CAGDP2,6,"21","  Mining, quarrying, and oil and gas extraction ","Thousands of dollars",53,101,133,135,379,322,1926,1332,1416,2257,2464,2323,1828,1827,1449,908,1051,1048,912,1210,1391,1808
 "31053","Dodge, NE",4,CAGDP2,10,"22","  Utilities ","Thousands of dollars",7467,7394,8807,13364,11027,13513,12682,14841,12231,13750,14637,15934,23278,19008,18097,28000,21505,17020,22771,21798,26391,31922
 "31053","Dodge, NE",4,CAGDP2,11,"23","  Construction ","Thousands of dollars",32340,32594,34562,34264,36096,39341,43980,39328,37440,30688,22848,23970,32449,34462,50359,62317,89342,111879,103737,97312,95633,121230
 "31053","Dodge, NE",4,CAGDP2,12,"31-33","  Manufacturing ","Thousands of dollars",192407,188107,183141,177570,200499,227702,234492,265818,283835,272959,284451,345570,362668,371270,378024,348337,324693,343387,384293,476706,614864,650576
 "31053","Dodge, NE",4,CAGDP2,13,"321,327-339","   Durable goods manufacturing ","Thousands of dollars",58003,62445,65551,73555,85605,87448,88377,85487,71087,71740,85033,93399,106327,96750,102458,102338,119648,124636,141447,142434,170343,180900
 "31053","Dodge, NE",4,CAGDP2,25,"311-316,322-326","   Nondurable goods manufacturing ","Thousands of dollars",134405,125662,117589,104016,114894,140254,146114,180331,212748,201219,199418,252170,256342,274520,275566,245999,205046,218751,242846,334272,444521,469676
 "31053","Dodge, NE",4,CAGDP2,34,"42","  Wholesale trade ","Thousands of dollars",90828,92979,80838,75502,75996,81112,79460,92335,92175,107950,105536,111605,126771,140915,152035,153684,168972,175550,181577,185815,209945,236778
 "31053","Dodge, NE",4,CAGDP2,35,"44-45","  Retail trade ","Thousands of dollars",117424,122168,127925,127455,126442,124608,120606,128085,134904,141110,149227,156916,162601,155580,158667,159547,158400,165569,174644,187609,201846,209940
 "31053","Dodge, NE",4,CAGDP2,36,"48-49","  Transportation and warehousing ","Thousands of dollars",(D),(D),(D),(D),(D),(D),(D),(D),(D),(D),(D),(D),(D),(D),(D),(D),(D),(D),(D),(D),(D),(D)
 "31053","Dodge, NE",4,CAGDP2,45,"51","  Information ","Thousands of dollars",7475,9618,13225,18401,21465,22222,15177,21424,32337,44166,52760,56167,52983,45974,41097,61275,76111,98233,101160,105407,92530,90833
 "31053","Dodge, NE",4,CAGDP2,50,"52,53","  Finance, insurance, real estate, rental, and leasing ","Thousands of dollars",157478,170233,171858,172151,191356,200775,197075,203275,202165,222915,261486,244417,238729,242368,254630,256472,271804,289267,286391,325871,329536,(D)
 "31053","Dodge, NE",4,CAGDP2,51,"52","   Finance and insurance ","Thousands of dollars",41766,48152,48467,44896,52614,54732,53804,45998,46886,45046,46818,53878,53940,56862,58761,63493,69338,71404,76021,77093,76354,82000
 "31053","Dodge, NE",4,CAGDP2,56,"53","   Real estate and rental and leasing ","Thousands of dollars",115711,122081,123391,127255,138743,146043,143270,157277,155279,177869,214668,190539,184788,185506,195870,192979,202466,217863,210369,248777,253182,(D)
 "31053","Dodge, NE",4,CAGDP2,59,"54,55,56","  Professional and business services ","Thousands of dollars",(D),(D),(D),(D),54572,58977,60800,66548,64626,61228,(D),64221,67188,75535,81242,83354,87982,89620,104087,112604,152551,179733
 "31053","Dodge, NE",4,CAGDP2,60,"54","   Professional, scientific, and technical services ","Thousands of dollars",(D),(D),(D),(D),21296,23202,17697,19674,19984,21192,(D),22657,26422,33027,39137,35634,34691,31162,40560,46505,72928,80743
 "31053","Dodge, NE",4,CAGDP2,64,"55","   Management of companies and enterprises ","Thousands of dollars",(D),(D),(D),(D),1431,1480,2631,1425,2717,2324,(D),1638,1434,1248,1622,1095,1240,1548,1363,2279,2204,2120
 "31053","Dodge, NE",4,CAGDP2,65,"56","   Administrative and support and waste management and remediation services ","Thousands of dollars",24268,22647,27345,29833,31846,34295,40472,45448,41926,37712,36839,39927,39332,41261,40483,46625,52051,56910,62164,63820,77419,96870
 "31053","Dodge, NE",4,CAGDP2,68,"61,62","  Educational services, health care, and social assistance ","Thousands of dollars",70574,73107,73640,79937,(D),86526,(D),(D),(D),(D),106364,(D),(D),(D),(D),(D),(D),(D),(D),(D),(D),(D)
 "31053","Dodge, NE",4,CAGDP2,69,"61","   Educational services ","Thousands of dollars",(D),(D),(D),(D),(D),14751,(D),(D),(D),(D),(D),(D),(D),(D),(D),(D),(D),(D),(D),(D),(D),(D)
 "31053","Dodge, NE",4,CAGDP2,70,"62","   Health care and social assistance ","Thousands of dollars",(D),(D),(D),(D),(D),71775,(D),(D),(D),(D),(D),(D),(D),(D),(D),(D),(D),(D),(D),(D),(D),(D)
 "31053","Dodge, NE",4,CAGDP2,75,"71,72","  Arts, entertainment, recreation, accommodation, and food services ","Thousands of dollars",31304,31049,33057,33994,34158,35177,38231,38751,38282,39483,39205,38305,37821,39203,42937,44729,50264,52094,53840,46473,53899,63689
 "31053","Dodge, NE",4,CAGDP2,76,"71","   Arts, entertainment, and recreation ","Thousands of dollars",3850,3982,3881,4161,4223,4095,4225,4161,4233,4578,4568,4852,5129,5954,6066,6065,6631,7319,7950,6606,8212,9248
 "31053","Dodge, NE",4,CAGDP2,79,"72","   Accommodation and food services ","Thousands of dollars",27454,27067,29176,29834,29935,31082,34006,34590,34049,34904,34638,33453,32692,33249,36871,38664,43633,44775,45890,39868,45687,54441
 "31053","Dodge, NE",4,CAGDP2,82,"81","  Other services (except government and government enterprises) ","Thousands of dollars",30720,33698,32850,29896,29233,28749,31420,32136,33972,33927,35782,37524,36367,40857,42574,42421,41741,43031,44592,44574,51768,55297
 "31053","Dodge, NE",4,CAGDP2,83,"92","Government and government enterprises ","Thousands of dollars",137613,148143,151898,157609,162219,179259,180451,188186,186913,207648,218606,219832,226658,247133,251060,265681,269879,278545,200698,209651,214827,228172
 "31053","Dodge, NE",4,CAGDP2,87,"11,21","Natural resources and mining ","Thousands of dollars",29597,28713,52363,98067,81577,(D),152210,111479,141650,112540,177402,117378,153511,114587,122182,100597,142118,142884,128052,106637,200583,211502
 "31053","Dodge, NE",4,CAGDP2,88,"42,44-45","Trade ","Thousands of dollars",208252,215147,208762,202957,202438,205720,200066,220420,227079,249059,254763,268521,289372,296495,310702,313230,327371,341120,356221,373424,411791,446718
 "31053","Dodge, NE",4,CAGDP2,89,"22,48-49","Transportation and utilities ","Thousands of dollars",(D),(D),(D),(D),(D),(D),(D),(D),(D),(D),(D),(D),(D),(D),(D),(D),(D),(D),(D),(D),(D),(D)
 "31053","Dodge, NE",4,CAGDP2,90,"31-33,51","Manufacturing and information ","Thousands of dollars",199882,197724,196366,195971,221964,249924,249669,287241,316172,317124,337210,401737,415652,417244,419120,409612,400805,441619,485453,582113,707393,741410
 "31053","Dodge, NE",4,CAGDP2,91,"...","Private goods-producing industries 2/","Thousands of dollars",254344,249413,270066,309901,318172,(D),430682,416624,462925,416187,484700,486918,548628,520319,550565,511251,556153,598149,616083,680656,911079,983308
 "31053","Dodge, NE",4,CAGDP2,92,"...","Private services-providing industries 3/","Thousands of dollars",656828,655283,655558,687928,713499,(D),752465,824065,801530,876890,931914,937092,964667,1003834,1034013,1073584,1136240,1207383,1286760,1371526,1499408,1636499
 "31055","Douglas, NE",4,CAGDP2,1,"...","All industry total ","Thousands of dollars",22520855,23401530,24768204,26575332,28465605,30555751,32358456,32064487,32714918,34284552,37097885,38303748,38081022,41980556,44305608,44903186,48132749,49662657,51375458,51658584,54685403,62849131
 "31055","Douglas, NE",4,CAGDP2,2,"..."," Private industries ","Thousands of dollars",20304049,21031443,22336918,24066194,25865310,27690593,29471947,29031221,29619277,30847326,33657100,34829878,34607906,38305043,40523753,40949210,44049117,45403451,46955045,47004791,49962126,57892342
 "31055","Douglas, NE",4,CAGDP2,3,"11","  Agriculture, forestry, fishing and hunting ","Thousands of dollars",22722,21753,18763,22739,13213,4222,13211,14085,34915,28079,39635,31701,24708,11133,13717,10768,15023,23058,23125,20514,56710,46737
 "31055","Douglas, NE",4,CAGDP2,6,"21","  Mining, quarrying, and oil and gas extraction ","Thousands of dollars",32012,51427,42535,42069,49807,44111,6913,5922,5643,7830,9609,9887,8314,7731,7464,4836,4757,5205,4733,8073,8453,12176
 "31055","Douglas, NE",4,CAGDP2,10,"22","  Utilities ","Thousands of dollars",154736,186009,84367,195733,0,51233,293563,563493,644834,1051652,1417345,1624034,734740,608214,874791,1003485,1475587,1061549,826328,438763,966045,1728676
 "31055","Douglas, NE",4,CAGDP2,11,"23","  Construction ","Thousands of dollars",1136200,1188707,1372791,1531718,1487066,1497703,1592702,1687542,2028589,2301716,2398766,2301534,2209492,1924526,1892456,1600969,1619890,1723107,2142197,2337901,2343765,2560884
 "31055","Douglas, NE",4,CAGDP2,12,"31-33","  Manufacturing ","Thousands of dollars",1878025,1824972,1884433,1908854,2006065,2323798,2247635,2424205,2415977,2517626,3032765,3071212,3341754,3146449,2925857,2767807,2750306,3281780,3346500,3591625,4066475,4430154
 "31055","Douglas, NE",4,CAGDP2,13,"321,327-339","   Durable goods manufacturing ","Thousands of dollars",906830,856737,(D),(D),(D),(D),(D),(D),998377,1137273,1520940,1455334,1697052,1463720,1262168,1094586,1038944,999174,1020372,1050475,1084640,1182306
 "31055","Douglas, NE",4,CAGDP2,25,"311-316,322-326","   Nondurable goods manufacturing ","Thousands of dollars",971196,968236,(D),(D),(D),(D),(D),(D),1417599,1380353,1511826,1615878,1644702,1682729,1663689,1673221,1711362,2282606,2326127,2541151,2981834,3247848
 "31055","Douglas, NE",4,CAGDP2,34,"42","  Wholesale trade ","Thousands of dollars",1639868,1620326,1674122,1899613,1976591,2074455,2140796,2495385,2458565,2569641,2518581,2635979,2677942,2972920,3028119,2865406,2678498,2996695,3157381,2951856,3163477,3566619
 "31055","Douglas, NE",4,CAGDP2,35,"44-45","  Retail trade ","Thousands of dollars",1565338,1565111,1680606,1764031,1791817,1819415,1809808,1821522,1724366,1732299,1678245,1770046,1959111,1994406,2144809,2281866,2392445,2387328,2445214,2581790,2881484,2938535
 "31055","Douglas, NE",4,CAGDP2,36,"48-49","  Transportation and warehousing ","Thousands of dollars",1146436,1111048,1302757,1473489,1583346,1647362,1640955,1626934,1461651,1704542,2921605,2547543,2255802,3734397,3563536,3262459,3522889,3691254,2619996,2118070,2293974,2605850
 "31055","Douglas, NE",4,CAGDP2,45,"51","  Information ","Thousands of dollars",1087116,1508605,1686556,1825860,1754136,1772037,2124047,1935476,1831905,1824968,1936860,1679590,1796404,1831796,2058290,2201536,2188354,2085317,2259671,2308271,2541679,2627384
 "31055","Douglas, NE",4,CAGDP2,50,"52,53","  Finance, insurance, real estate, rental, and leasing ","Thousands of dollars",5230911,5201332,5589311,5845424,7134123,7732752,8636678,6835659,7247838,7195840,7509174,8135694,8224065,10201669,11356399,11817728,13743784,13849140,15130374,15844909,15581750,19329078
 "31055","Douglas, NE",4,CAGDP2,51,"52","   Finance and insurance ","Thousands of dollars",2773975,2684479,3072552,3232987,4354806,4873237,5562169,3642197,4082950,3915636,4039359,4658032,4624952,6235522,7282015,7594929,9271573,8945606,10139310,10721950,10162645,13515061
 "31055","Douglas, NE",4,CAGDP2,56,"53","   Real estate and rental and leasing ","Thousands of dollars",2456936,2516853,2516758,2612437,2779316,2859515,3074510,3193462,3164888,3280204,3469815,3477661,3599113,3966148,4074383,4222799,4472211,4903533,4991064,5122958,5419105,5814017
 "31055","Douglas, NE",4,CAGDP2,59,"54,55,56","  Professional and business services ","Thousands of dollars",3084238,3284355,3281829,3507673,3798218,4212323,4400488,4732382,4761281,4808917,4900911,5407917,5675398,6010866,6461991,6554284,6795023,6948020,7258029,7339211,7829368,8866882
 "31055","Douglas, NE",4,CAGDP2,60,"54","   Professional, scientific, and technical services ","Thousands of dollars",1242435,1330115,1443940,1604975,1748156,1927355,2020401,2398833,2425355,2549218,2583260,2856013,2667085,2668133,2718937,2826571,2951891,3154084,3296708,3344104,3596437,3952125
 "31055","Douglas, NE",4,CAGDP2,64,"55","   Management of companies and enterprises ","Thousands of dollars",774884,877769,799263,844230,939431,1093718,1262338,1189791,1256090,1195036,1201924,1360048,1709080,1896340,2174174,2021928,2007797,1876053,1942535,2093830,2172730,2385448
 "31055","Douglas, NE",4,CAGDP2,65,"56","   Administrative and support and waste management and remediation services ","Thousands of dollars",1066918,1076471,1038626,1058468,1110631,1191250,1117749,1143758,1079836,1064663,1115727,1191856,1299232,1446393,1568880,1705786,1835335,1917883,2018786,1901276,2060201,2529309
 "31055","Douglas, NE",4,CAGDP2,68,"61,62","  Educational services, health care, and social assistance ","Thousands of dollars",2058147,2156914,2376311,2542631,2669575,2853508,3012221,3300026,3446685,3463737,3658964,3901411,3909227,3946201,4155566,4424427,4604026,4928196,5180517,5140463,5528761,6096457
 "31055","Douglas, NE",4,CAGDP2,69,"61","   Educational services ","Thousands of dollars",319364,328724,352589,383885,391010,423142,436800,476314,525319,546474,554897,570407,515160,486860,501294,529245,529765,557765,567774,529471,551075,566978
 "31055","Douglas, NE",4,CAGDP2,70,"62","   Health care and social assistance ","Thousands of dollars",1738783,1828191,2023721,2158746,2278565,2430366,2575421,2823712,2921367,2917264,3104067,3331003,3394067,3459342,3654271,3895182,4074261,4370430,4612742,4610991,4977686,5529479
 "31055","Douglas, NE",4,CAGDP2,75,"71,72","  Arts, entertainment, recreation, accommodation, and food services ","Thousands of dollars",702549,706626,746363,808612,861242,885389,925266,950419,945761,983792,1008159,1066879,1111576,1185243,1267795,1342145,1379340,1470813,1556787,1319949,1616443,1901532
 "31055","Douglas, NE",4,CAGDP2,76,"71","   Arts, entertainment, and recreation ","Thousands of dollars",143218,152468,165570,185901,202054,211455,203628,217251,225645,234718,242299,263134,259272,270677,269458,297251,303565,329064,338571,287845,353332,410089
 "31055","Douglas, NE",4,CAGDP2,79,"72","   Accommodation and food services ","Thousands of dollars",559332,554159,580792,622711,659187,673934,721637,733167,720115,749075,765860,803746,852304,914566,998336,1044894,1075775,1141749,1218216,1032104,1263111,1491443
 "31055","Douglas, NE",4,CAGDP2,82,"81","  Other services (except government and government enterprises) ","Thousands of dollars",565750,604257,596171,697747,740111,772283,627664,638173,611267,656686,626481,646453,679373,729490,772965,811493,879195,951991,1004194,1003396,1083743,1181377
 "31055","Douglas, NE",4,CAGDP2,83,"92","Government and government enterprises ","Thousands of dollars",2216807,2370087,2431286,2509139,2600296,2865159,2886509,3033266,3095641,3437226,3440785,3473869,3473117,3675513,3781855,3953976,4083632,4259206,4420413,4653793,4723277,4956789
 "31055","Douglas, NE",4,CAGDP2,87,"11,21","Natural resources and mining ","Thousands of dollars",54734,73181,61299,64808,63020,48334,20123,20006,40559,35910,49244,41587,33022,18864,21181,15605,19780,28263,27858,28587,65164,58913
 "31055","Douglas, NE",4,CAGDP2,88,"42,44-45","Trade ","Thousands of dollars",3205206,3185437,3354728,3663644,3768408,3893870,3950603,4316906,4182932,4301940,4196826,4406025,4637053,4967326,5172928,5147273,5070942,5384023,5602594,5533646,6044961,6505154
 "31055","Douglas, NE",4,CAGDP2,89,"22,48-49","Transportation and utilities ","Thousands of dollars",1301172,1297057,1387125,1669223,1583346,1698595,1934519,2190427,2106484,2756193,4338949,4171577,2990542,4342611,4438326,4265944,4998476,4752803,3446324,2556832,3260018,4334526
 "31055","Douglas, NE",4,CAGDP2,90,"31-33,51","Manufacturing and information ","Thousands of dollars",2965142,3333577,3570989,3734714,3760201,4095836,4371682,4359680,4247881,4342594,4969625,4750801,5138157,4978245,4984147,4969342,4938660,5367097,5606171,5899897,6608153,7057538
 "31055","Douglas, NE",4,CAGDP2,91,"...","Private goods-producing industries 2/","Thousands of dollars",3068960,3086860,3318524,3505380,3556151,3869835,3860460,4131753,4485124,4855252,5480775,5414333,5584268,5089839,4839493,4384380,4389976,5033150,5516555,5958114,6475403,7049951
 "31055","Douglas, NE",4,CAGDP2,92,"...","Private services-providing industries 3/","Thousands of dollars",17235089,17944584,19018394,20560814,22309158,23820758,25611486,24899468,25134153,25992074,28176324,29415545,29023638,33215203,35684260,36564830,39659141,40370301,41438490,41046677,43486723,50842391
 "31057","Dundy, NE",4,CAGDP2,1,"...","All industry total ","Thousands of dollars",49559,44859,61052,54312,64231,66519,91915,101797,89333,118997,132729,135031,151790,147017,166918,165342,168020,165987,180051,195257,203065,236801
 "31057","Dundy, NE",4,CAGDP2,2,"..."," Private industries ","Thousands of dollars",39155,33395,49310,42406,52575,53818,78653,87532,75052,103687,117298,119220,135635,130695,149335,147363,149427,147248,160729,174777,181270,214434
 "31057","Dundy, NE",4,CAGDP2,3,"11","  Agriculture, forestry, fishing and hunting ","Thousands of dollars",8135,1989,19916,14322,23454,24618,43490,49833,37352,65872,73803,71148,85236,76063,72404,73225,61137,50921,48781,67073,89553,109312
 "31057","Dundy, NE",4,CAGDP2,6,"21","  Mining, quarrying, and oil and gas extraction ","Thousands of dollars",271,307,325,336,556,975,2566,2970,1079,1075,843,1128,1624,1775,1094,858,689,709,503,381,806,1110
 "31057","Dundy, NE",4,CAGDP2,10,"22","  Utilities ","Thousands of dollars",1,2,2,1,0,0,0,0,77,77,15,92,96,198,204,264,273,190,175,158,100,86
 "31057","Dundy, NE",4,CAGDP2,11,"23","  Construction ","Thousands of dollars",(D),(D),(D),(D),980,1274,1277,1540,1578,1850,2741,2115,1879,2964,1564,1622,2375,3695,4449,4151,3297,3520
 "31057","Dundy, NE",4,CAGDP2,12,"31-33","  Manufacturing ","Thousands of dollars",(D),(D),(D),(D),517,1517,1491,1283,1220,984,940,1085,1455,1415,1430,1495,1846,2376,2461,2837,2947,3346
 "31057","Dundy, NE",4,CAGDP2,13,"321,327-339","   Durable goods manufacturing ","Thousands of dollars",(D),(D),(D),(D),(D),184,(D),(D),744,543,(D),642,989,975,1063,987,1149,1496,1395,1566,1348,1685
 "31057","Dundy, NE",4,CAGDP2,25,"311-316,322-326","   Nondurable goods manufacturing ","Thousands of dollars",(D),(D),(D),(D),(D),1333,(D),(D),475,441,(D),443,466,440,367,508,697,880,1066,1271,1599,1660
 "31057","Dundy, NE",4,CAGDP2,34,"42","  Wholesale trade ","Thousands of dollars",3605,3350,2747,(D),2467,2431,(D),2773,(D),3525,4902,6597,7036,6151,5087,5549,8002,10263,13420,13018,15968,18325
 "31057","Dundy, NE",4,CAGDP2,35,"44-45","  Retail trade ","Thousands of dollars",(D),(D),(D),(D),(D),(D),2086,1911,2110,2357,2715,2934,4016,3606,3803,3891,4300,4463,5033,4985,5197,5537
 "31057","Dundy, NE",4,CAGDP2,36,"48-49","  Transportation and warehousing ","Thousands of dollars",(D),(D),(D),(D),(D),(D),(D),6513,(D),(D),(D),(D),(D),(D),(D),(D),(D),(D),(D),(D),(D),(D)
 "31057","Dundy, NE",4,CAGDP2,45,"51","  Information ","Thousands of dollars",(D),(D),(D),(D),(D),(D),(D),(D),(D),(D),(D),(D),(D),(D),(D),(D),(D),(D),(D),(D),(D),(D)
 "31057","Dundy, NE",4,CAGDP2,50,"52,53","  Finance, insurance, real estate, rental, and leasing ","Thousands of dollars",9566,9248,9225,8841,9532,8844,10598,9483,9817,10009,10266,10523,10281,10952,12035,12724,12356,12967,13458,15312,14942,16054
 "31057","Dundy, NE",4,CAGDP2,51,"52","   Finance and insurance ","Thousands of dollars",(D),(D),(D),(D),(D),(D),(D),(D),(D),(D),(D),2106,2237,2043,2101,2339,3642,3270,3704,3790,3411,3592
 "31057","Dundy, NE",4,CAGDP2,56,"53","   Real estate and rental and leasing ","Thousands of dollars",(D),(D),(D),(D),(D),(D),(D),(D),(D),(D),(D),8418,8044,8909,9935,10385,8714,9697,9754,11522,11531,12461
 "31057","Dundy, NE",4,CAGDP2,59,"54,55,56","  Professional and business services ","Thousands of dollars",1241,(D),1304,1289,1079,1020,1077,1206,1107,1083,(D),(D),886,742,(D),(D),(D),(D),1580,1602,1488,3089
 "31057","Dundy, NE",4,CAGDP2,60,"54","   Professional, scientific, and technical services ","Thousands of dollars",(D),(D),1055,(D),901,788,793,929,824,813,(D),(D),(D),(D),(D),(D),(D),(D),1207,1190,(D),(D)
 "31057","Dundy, NE",4,CAGDP2,64,"55","   Management of companies and enterprises ","Thousands of dollars",0,0,0,0,0,0,0,0,0,0,0,0,0,0,0,0,0,0,0,0,0,0
 "31057","Dundy, NE",4,CAGDP2,65,"56","   Administrative and support and waste management and remediation services ","Thousands of dollars",(D),299,249,(D),178,232,284,277,283,270,297,276,(D),(D),138,165,185,284,373,412,(D),(D)
 "31057","Dundy, NE",4,CAGDP2,68,"61,62","  Educational services, health care, and social assistance ","Thousands of dollars",2860,3160,3297,(D),2632,2406,2425,2044,2267,2535,(D),3603,3807,3399,2891,2455,2362,2634,2717,2429,2591,2893
 "31057","Dundy, NE",4,CAGDP2,69,"61","   Educational services ","Thousands of dollars",48,50,65,82,61,51,49,106,139,162,107,33,23,15,45,101,175,335,358,265,44,45
 "31057","Dundy, NE",4,CAGDP2,70,"62","   Health care and social assistance ","Thousands of dollars",2812,3110,3232,(D),2571,2355,2376,1938,2128,2373,(D),3570,3784,3384,2846,2355,2187,2299,2359,2164,2547,2848
 "31057","Dundy, NE",4,CAGDP2,75,"71,72","  Arts, entertainment, recreation, accommodation, and food services ","Thousands of dollars",947,926,794,636,671,633,595,766,818,938,901,1028,924,920,937,1229,1400,2041,2462,1623,1632,1740
 "31057","Dundy, NE",4,CAGDP2,76,"71","   Arts, entertainment, and recreation ","Thousands of dollars",(D),(D),(D),(D),(D),(D),(D),(D),(D),(D),(D),(D),(D),(D),(D),(D),(D),(D),(D),(D),(D),(D)
 "31057","Dundy, NE",4,CAGDP2,79,"72","   Accommodation and food services ","Thousands of dollars",(D),(D),(D),(D),(D),(D),(D),(D),(D),(D),(D),(D),(D),(D),(D),(D),(D),(D),(D),(D),(D),(D)
 "31057","Dundy, NE",4,CAGDP2,82,"81","  Other services (except government and government enterprises) ","Thousands of dollars",(D),(D),(D),1351,(D),(D),(D),(D),(D),(D),2188,2338,2099,1846,1520,1531,1422,1732,(D),(D),(D),(D)
 "31057","Dundy, NE",4,CAGDP2,83,"92","Government and government enterprises ","Thousands of dollars",10404,11464,11742,11906,11656,12701,13262,14265,14281,15311,15431,15811,16155,16322,17583,17980,18593,18739,19322,20480,21795,22367
 "31057","Dundy, NE",4,CAGDP2,87,"11,21","Natural resources and mining ","Thousands of dollars",8406,2296,20241,14658,24010,25593,46057,52803,38431,66947,74645,72276,86861,77838,73499,74083,61826,51630,49284,67454,90359,110422
 "31057","Dundy, NE",4,CAGDP2,88,"42,44-45","Trade ","Thousands of dollars",(D),(D),(D),4947,(D),(D),(D),4684,(D),5882,7617,9531,11052,9757,8890,9440,12301,14726,18453,18003,21165,23861
 "31057","Dundy, NE",4,CAGDP2,89,"22,48-49","Transportation and utilities ","Thousands of dollars",(D),(D),(D),(D),(D),(D),(D),6513,(D),(D),(D),(D),(D),(D),(D),(D),(D),(D),(D),(D),(D),(D)
 "31057","Dundy, NE",4,CAGDP2,90,"31-33,51","Manufacturing and information ","Thousands of dollars",4511,5049,4395,4005,(D),(D),(D),(D),(D),(D),(D),(D),(D),(D),(D),(D),(D),(D),(D),(D),(D),(D)
 "31057","Dundy, NE",4,CAGDP2,91,"...","Private goods-producing industries 2/","Thousands of dollars",11226,5809,22754,16427,25506,28383,48824,55626,41228,69782,78326,75476,90194,82218,76492,77200,66047,57701,56194,74443,96603,117287
 "31057","Dundy, NE",4,CAGDP2,92,"...","Private services-providing industries 3/","Thousands of dollars",27929,27586,26556,25979,27069,25435,29829,31906,33824,33905,38971,43744,45441,48477,72843,70162,83381,89548,104536,100334,84667,97147
 "31059","Fillmore, NE",4,CAGDP2,1,"...","All industry total ","Thousands of dollars",173024,182797,195567,204404,192495,169405,243230,290678,262620,270488,370751,377420,437730,370329,361460,314059,354000,360586,375234,377243,511197,521938
 "31059","Fillmore, NE",4,CAGDP2,2,"..."," Private industries ","Thousands of dollars",143761,151737,164668,173019,161105,135083,208757,254762,227066,230577,329785,335666,395087,323523,313487,263628,302196,306090,318163,320819,454155,461987
 "31059","Fillmore, NE",4,CAGDP2,3,"11","  Agriculture, forestry, fishing and hunting ","Thousands of dollars",50790,53097,69329,73802,55305,21657,84392,102808,72691,75397,166529,155526,189261,107426,83455,45650,59465,63367,66133,67472,150390,119326
 "31059","Fillmore, NE",4,CAGDP2,6,"21","  Mining, quarrying, and oil and gas extraction ","Thousands of dollars",0,0,0,426,497,406,1050,718,799,0,0,0,0,0,0,0,0,109,251,0,0,0
 "31059","Fillmore, NE",4,CAGDP2,10,"22","  Utilities ","Thousands of dollars",0,0,0,0,0,0,0,0,0,0,0,0,0,0,0,0,0,466,1078,1246,1753,2560
 "31059","Fillmore, NE",4,CAGDP2,11,"23","  Construction ","Thousands of dollars",15596,17750,15291,14538,13056,14123,13735,14717,15340,12393,3922,17626,15519,18626,17335,22339,29514,19987,19673,19007,22802,22334
 "31059","Fillmore, NE",4,CAGDP2,12,"31-33","  Manufacturing ","Thousands of dollars",6480,7415,8766,8980,9510,12457,15894,16850,19958,19861,24261,24023,28702,30741,30167,32448,31712,36939,30187,31251,36689,41931
 "31059","Fillmore, NE",4,CAGDP2,13,"321,327-339","   Durable goods manufacturing ","Thousands of dollars",(D),(D),3709,4918,4439,4510,4238,4697,4270,3896,5439,5593,5944,5286,4634,4509,4233,4674,3872,3588,6723,8780
 "31059","Fillmore, NE",4,CAGDP2,25,"311-316,322-326","   Nondurable goods manufacturing ","Thousands of dollars",(D),(D),5057,4062,5071,7947,11656,12153,15687,15965,18822,18430,22758,25455,25533,27939,27478,32265,26315,27663,29966,33151
 "31059","Fillmore, NE",4,CAGDP2,34,"42","  Wholesale trade ","Thousands of dollars",12907,12887,12373,13455,15974,15898,16880,19131,20810,22253,24612,29039,33444,35386,36645,34309,33177,33496,36097,38765,41173,45854
 "31059","Fillmore, NE",4,CAGDP2,35,"44-45","  Retail trade ","Thousands of dollars",7222,7088,7003,6748,6980,6965,6733,7009,7586,8434,9631,11762,12841,12584,12640,12607,13224,13260,13538,13711,14446,14740
 "31059","Fillmore, NE",4,CAGDP2,36,"48-49","  Transportation and warehousing ","Thousands of dollars",7937,9276,8092,10060,8946,9650,15174,38076,33057,36259,39759,32562,47495,47080,57095,40534,53931,54065,67094,68272,99187,118212
 "31059","Fillmore, NE",4,CAGDP2,45,"51","  Information ","Thousands of dollars",(D),(D),(D),(D),(D),(D),(D),(D),(D),1052,902,863,920,(D),(D),(D),1203,1845,2199,1426,(D),1710
 "31059","Fillmore, NE",4,CAGDP2,50,"52,53","  Finance, insurance, real estate, rental, and leasing ","Thousands of dollars",28477,28853,27770,28256,33282,36096,37459,37653,37932,36133,40849,43962,45671,48274,52100,52476,57051,57985,(D),54897,57947,64350
 "31059","Fillmore, NE",4,CAGDP2,51,"52","   Finance and insurance ","Thousands of dollars",(D),(D),(D),(D),(D),(D),(D),(D),(D),(D),15586,17488,17562,19640,21621,22187,25449,25816,(D),(D),(D),33176
 "31059","Fillmore, NE",4,CAGDP2,56,"53","   Real estate and rental and leasing ","Thousands of dollars",(D),(D),(D),(D),(D),(D),(D),(D),(D),(D),25262,26474,28109,28634,30479,30289,31602,32169,27235,(D),(D),31174
 "31059","Fillmore, NE",4,CAGDP2,59,"54,55,56","  Professional and business services ","Thousands of dollars",(D),(D),(D),(D),(D),(D),(D),(D),(D),2093,2427,2657,2992,(D),4802,3845,4489,5060,5400,5385,(D),5854
 "31059","Fillmore, NE",4,CAGDP2,60,"54","   Professional, scientific, and technical services ","Thousands of dollars",809,818,881,857,785,825,918,1099,1041,940,(D),997,1255,1773,2644,1633,(D),2367,2544,(D),2651,2572
 "31059","Fillmore, NE",4,CAGDP2,64,"55","   Management of companies and enterprises ","Thousands of dollars",0,(D),(D),(D),(D),(D),(D),(D),(D),(D),(D),(D),(D),(D),(D),(D),(D),(D),(D),(D),0,0
 "31059","Fillmore, NE",4,CAGDP2,65,"56","   Administrative and support and waste management and remediation services ","Thousands of dollars",(D),550,(D),(D),(D),870,889,778,900,(D),1404,(D),(D),2072,(D),(D),2549,(D),(D),2845,(D),3281
 "31059","Fillmore, NE",4,CAGDP2,68,"61,62","  Educational services, health care, and social assistance ","Thousands of dollars",5189,5392,5561,6017,6228,6554,6803,7162,7383,7388,7309,7893,8290,8593,8516,8520,8876,9726,10261,10279,12350,13259
 "31059","Fillmore, NE",4,CAGDP2,69,"61","   Educational services ","Thousands of dollars",120,129,145,143,140,87,136,174,261,290,243,179,162,167,195,224,357,277,267,152,(D),(D)
 "31059","Fillmore, NE",4,CAGDP2,70,"62","   Health care and social assistance ","Thousands of dollars",5069,5263,5416,5875,6089,6466,6666,6988,7122,7098,7066,7714,8128,8425,8322,8297,8519,9449,9994,10126,(D),(D)
 "31059","Fillmore, NE",4,CAGDP2,75,"71,72","  Arts, entertainment, recreation, accommodation, and food services ","Thousands of dollars",2227,2254,2506,2140,2405,1944,2139,2059,2146,2295,2115,1900,1806,1761,(D),(D),1533,1798,(D),1454,1945,3064
 "31059","Fillmore, NE",4,CAGDP2,76,"71","   Arts, entertainment, and recreation ","Thousands of dollars",(D),(D),(D),(D),(D),(D),(D),(D),(D),(D),(D),(D),(D),(D),(D),(D),(D),(D),(D),(D),(D),(D)
 "31059","Fillmore, NE",4,CAGDP2,79,"72","   Accommodation and food services ","Thousands of dollars",(D),(D),(D),(D),(D),(D),(D),(D),(D),(D),(D),(D),(D),(D),(D),(D),(D),(D),(D),(D),(D),(D)
 "31059","Fillmore, NE",4,CAGDP2,82,"81","  Other services (except government and government enterprises) ","Thousands of dollars",5001,5587,5661,6257,6672,6867,5989,5653,6154,7018,7471,7854,8145,8335,8161,8451,8020,7987,7573,7654,8344,8793
 "31059","Fillmore, NE",4,CAGDP2,83,"92","Government and government enterprises ","Thousands of dollars",29264,31060,30899,31385,31390,34323,34473,35915,35555,39911,40965,41753,42644,46806,47973,50430,51805,54496,57071,56425,57041,59952
 "31059","Fillmore, NE",4,CAGDP2,87,"11,21","Natural resources and mining ","Thousands of dollars",50790,53097,69329,74228,55801,22063,85442,103526,73490,75397,166529,155526,189261,107426,83455,45650,59465,63476,66384,67472,150390,119326
 "31059","Fillmore, NE",4,CAGDP2,88,"42,44-45","Trade ","Thousands of dollars",20129,19975,19376,20203,22954,22863,23612,26140,28396,30687,34242,40801,46286,47969,49285,46916,46401,46757,49635,52476,55619,60594
 "31059","Fillmore, NE",4,CAGDP2,89,"22,48-49","Transportation and utilities ","Thousands of dollars",7937,9276,8092,10060,8946,9650,15174,38076,33057,36259,39759,32562,47495,47080,57095,40534,53931,54531,68172,69518,100940,120772
 "31059","Fillmore, NE",4,CAGDP2,90,"31-33,51","Manufacturing and information ","Thousands of dollars",(D),(D),(D),(D),(D),(D),(D),(D),(D),20914,25163,24885,29622,(D),(D),(D),32915,38784,32386,32678,(D),43641
 "31059","Fillmore, NE",4,CAGDP2,91,"...","Private goods-producing industries 2/","Thousands of dollars",72865,78262,93387,97746,78367,48643,115072,135093,108788,107652,194711,197175,233482,156794,130956,100436,120691,120402,116243,117730,209881,183592
 "31059","Fillmore, NE",4,CAGDP2,92,"...","Private services-providing industries 3/","Thousands of dollars",70895,73475,71282,75273,82737,86439,93685,119669,118278,122925,135074,138491,161605,166729,182531,163192,181504,185689,201920,203089,244274,278395
 "31061","Franklin, NE",4,CAGDP2,1,"...","All industry total ","Thousands of dollars",56554,48330,75507,79101,76075,70096,84582,96015,92651,87378,113980,111021,123440,99071,87661,77342,75881,75008,82759,101275,137328,123087
 "31061","Franklin, NE",4,CAGDP2,2,"..."," Private industries ","Thousands of dollars",45149,34168,59446,62725,59806,53035,67477,78599,74958,67213,93417,91344,104624,78916,67259,56730,55046,53167,60443,78032,113546,98171
 "31061","Franklin, NE",4,CAGDP2,3,"11","  Agriculture, forestry, fishing and hunting ","Thousands of dollars",13806,1536,26389,29432,24811,11191,29776,39706,33893,25242,50690,47991,57764,30778,13680,1114,5022,4451,8523,25005,54689,32172
 "31061","Franklin, NE",4,CAGDP2,6,"21","  Mining, quarrying, and oil and gas extraction ","Thousands of dollars",0,0,0,0,0,0,0,0,0,0,0,0,29,68,29,25,68,160,108,63,99,145
 "31061","Franklin, NE",4,CAGDP2,10,"22","  Utilities ","Thousands of dollars",0,2,1,3,1,2,10,2,179,174,196,238,289,197,198,173,36,1,0,1,5,1
 "31061","Franklin, NE",4,CAGDP2,11,"23","  Construction ","Thousands of dollars",(D),(D),(D),(D),(D),(D),(D),(D),(D),1421,1266,1566,1237,1295,(D),(D),(D),(D),(D),(D),(D),(D)
 "31061","Franklin, NE",4,CAGDP2,12,"31-33","  Manufacturing ","Thousands of dollars",(D),(D),(D),(D),(D),(D),(D),(D),(D),132,175,124,192,121,(D),(D),(D),(D),(D),(D),(D),(D)
 "31061","Franklin, NE",4,CAGDP2,13,"321,327-339","   Durable goods manufacturing ","Thousands of dollars",(D),6,3,0,0,1,5,42,91,111,76,55,72,28,26,15,17,23,27,1,0,0
 "31061","Franklin, NE",4,CAGDP2,25,"311-316,322-326","   Nondurable goods manufacturing ","Thousands of dollars",(D),(D),(D),(D),(D),(D),(D),(D),(D),21,99,69,121,92,(D),(D),(D),(D),(D),(D),(D),(D)
 "31061","Franklin, NE",4,CAGDP2,34,"42","  Wholesale trade ","Thousands of dollars",3212,3450,3514,4240,4499,(D),5790,(D),6798,7435,7493,6894,7056,7469,7831,7759,(D),(D),(D),7806,8772,9208
 "31061","Franklin, NE",4,CAGDP2,35,"44-45","  Retail trade ","Thousands of dollars",3602,3932,4344,4008,3835,3875,3636,3891,4132,4165,3814,3852,4246,4672,4804,4951,5301,5182,5849,5797,6176,6340
 "31061","Franklin, NE",4,CAGDP2,36,"48-49","  Transportation and warehousing ","Thousands of dollars",2480,2264,2186,1983,3000,(D),1282,(D),(D),(D),(D),(D),(D),(D),(D),(D),(D),(D),(D),4011,6137,6595
 "31061","Franklin, NE",4,CAGDP2,45,"51","  Information ","Thousands of dollars",(D),(D),(D),(D),(D),(D),(D),(D),(D),(D),(D),(D),(D),(D),(D),(D),(D),(D),(D),(D),(D),(D)
 "31061","Franklin, NE",4,CAGDP2,50,"52,53","  Finance, insurance, real estate, rental, and leasing ","Thousands of dollars",13084,13818,14184,14454,15037,18082,18776,15825,16749,17937,18389,18000,23127,21989,24144,26743,23268,22681,24681,22668,23763,24881
 "31061","Franklin, NE",4,CAGDP2,51,"52","   Finance and insurance ","Thousands of dollars",3399,4056,4381,4362,4783,4973,4680,3706,3543,3530,4209,4765,(D),(D),(D),(D),5891,5541,5714,5674,5807,6505
 "31061","Franklin, NE",4,CAGDP2,56,"53","   Real estate and rental and leasing ","Thousands of dollars",9685,9762,9803,10092,10254,13109,14096,12118,13205,14406,14180,13236,(D),(D),(D),(D),17377,17140,18967,16994,17956,18376
 "31061","Franklin, NE",4,CAGDP2,59,"54,55,56","  Professional and business services ","Thousands of dollars",(D),(D),(D),(D),(D),998,(D),(D),(D),(D),1512,(D),1893,2231,(D),2761,2515,2792,3240,3292,3384,5518
 "31061","Franklin, NE",4,CAGDP2,60,"54","   Professional, scientific, and technical services ","Thousands of dollars",465,500,629,646,651,618,715,889,973,1010,(D),1198,1365,1574,1977,2414,(D),(D),(D),(D),(D),(D)
 "31061","Franklin, NE",4,CAGDP2,64,"55","   Management of companies and enterprises ","Thousands of dollars",(D),(D),(D),(D),(D),(D),(D),(D),(D),(D),(D),(D),(D),(D),(D),(D),0,0,0,0,0,0
 "31061","Franklin, NE",4,CAGDP2,65,"56","   Administrative and support and waste management and remediation services ","Thousands of dollars",(D),(D),375,446,(D),(D),341,391,435,444,424,543,(D),(D),338,(D),(D),(D),(D),(D),(D),(D)
 "31061","Franklin, NE",4,CAGDP2,68,"61,62","  Educational services, health care, and social assistance ","Thousands of dollars",2341,1967,1664,1797,1944,1884,1923,2027,2121,2098,2011,2409,2515,2498,2274,2251,2391,2253,2534,2868,3157,2984
 "31061","Franklin, NE",4,CAGDP2,69,"61","   Educational services ","Thousands of dollars",24,25,24,37,30,30,15,34,57,77,58,33,23,20,(D),(D),(D),110,123,77,29,31
 "31061","Franklin, NE",4,CAGDP2,70,"62","   Health care and social assistance ","Thousands of dollars",2317,1942,1639,1760,1914,1854,1907,1993,2063,2021,1953,2376,2492,2478,(D),(D),(D),2143,2411,2791,3127,2954
 "31061","Franklin, NE",4,CAGDP2,75,"71,72","  Arts, entertainment, recreation, accommodation, and food services ","Thousands of dollars",841,842,746,697,794,666,504,511,600,748,(D),755,(D),(D),737,(D),1171,(D),(D),(D),(D),1954
 "31061","Franklin, NE",4,CAGDP2,76,"71","   Arts, entertainment, and recreation ","Thousands of dollars",89,95,73,45,28,23,10,2,0,49,51,23,33,41,36,55,84,163,260,147,63,79
 "31061","Franklin, NE",4,CAGDP2,79,"72","   Accommodation and food services ","Thousands of dollars",752,746,673,653,766,644,494,509,600,699,(D),732,(D),(D),702,(D),1087,(D),(D),(D),(D),1875
 "31061","Franklin, NE",4,CAGDP2,82,"81","  Other services (except government and government enterprises) ","Thousands of dollars",2593,2624,2848,2829,2835,2635,2422,2481,2682,2997,3246,3551,(D),3803,3896,3907,(D),(D),3275,3555,3854,(D)
 "31061","Franklin, NE",4,CAGDP2,83,"92","Government and government enterprises ","Thousands of dollars",11406,14161,16061,16376,16269,17061,17106,17416,17692,20165,20563,19676,18817,20155,20402,20612,20836,21841,22316,23244,23782,24916
 "31061","Franklin, NE",4,CAGDP2,87,"11,21","Natural resources and mining ","Thousands of dollars",13806,1536,26389,29432,24811,11191,29776,39706,33893,25242,50690,47991,57792,30845,13710,1139,5091,4611,8631,25068,54789,32317
 "31061","Franklin, NE",4,CAGDP2,88,"42,44-45","Trade ","Thousands of dollars",6814,7381,7858,8248,8334,(D),9426,(D),10930,11600,11307,10746,11302,12141,12634,12710,(D),(D),(D),13603,14948,15548
 "31061","Franklin, NE",4,CAGDP2,89,"22,48-49","Transportation and utilities ","Thousands of dollars",2480,2266,2187,1986,3001,(D),1293,(D),(D),(D),(D),(D),(D),(D),(D),(D),(D),(D),(D),4012,6143,6596
 "31061","Franklin, NE",4,CAGDP2,90,"31-33,51","Manufacturing and information ","Thousands of dollars",759,1007,871,562,644,1144,1174,919,940,(D),(D),(D),(D),(D),445,397,418,574,613,529,781,681
 "31061","Franklin, NE",4,CAGDP2,91,"...","Private goods-producing industries 2/","Thousands of dollars",16160,4137,28649,31227,26394,12835,31331,41156,35264,26795,52131,49681,59222,32261,16483,3804,6653,6259,10157,26473,56416,36295
 "31061","Franklin, NE",4,CAGDP2,92,"...","Private services-providing industries 3/","Thousands of dollars",28989,30032,30797,31499,33412,40200,36146,37443,39695,40417,41286,41664,45401,46655,50776,52926,48393,46908,50286,51558,57129,61876
 "31063","Frontier, NE",4,CAGDP2,1,"...","All industry total ","Thousands of dollars",75977,62149,86550,79454,84804,70910,88050,93663,102459,107227,140769,127003,142164,122837,122688,109852,88718,80352,84672,102913,136699,148980
 "31063","Frontier, NE",4,CAGDP2,2,"..."," Private industries ","Thousands of dollars",60681,46724,71372,64245,69792,54659,71820,76821,86048,89015,122262,108010,122950,101935,101544,87921,66303,57316,60916,78558,111857,123561
 "31063","Frontier, NE",4,CAGDP2,3,"11","  Agriculture, forestry, fishing and hunting ","Thousands of dollars",(D),(D),(D),24135,27757,9627,24471,33827,(D),(D),(D),(D),(D),52917,(D),33686,12946,1655,2066,15958,42421,52130
 "31063","Frontier, NE",4,CAGDP2,6,"21","  Mining, quarrying, and oil and gas extraction ","Thousands of dollars",22,47,61,101,168,248,286,286,109,137,148,130,128,125,250,252,593,48,44,29,45,65
 "31063","Frontier, NE",4,CAGDP2,10,"22","  Utilities ","Thousands of dollars",0,4,6,4,6,3,3,1,82,81,83,92,98,21,1,1,0,2,1,1,4,3
 "31063","Frontier, NE",4,CAGDP2,11,"23","  Construction ","Thousands of dollars",2129,2101,1983,2274,2366,2604,(D),2667,3249,943,3474,4125,3806,(D),5590,5827,6366,6220,5201,5158,6375,(D)
 "31063","Frontier, NE",4,CAGDP2,12,"31-33","  Manufacturing ","Thousands of dollars",(D),(D),(D),1081,1294,1981,(D),1876,(D),(D),(D),(D),(D),(D),(D),4015,3607,7096,10734,10321,13311,(D)
 "31063","Frontier, NE",4,CAGDP2,13,"321,327-339","   Durable goods manufacturing ","Thousands of dollars",139,164,(D),(D),(D),(D),13,31,(D),169,193,17,21,18,35,27,18,32,2,11,4,4
 "31063","Frontier, NE",4,CAGDP2,25,"311-316,322-326","   Nondurable goods manufacturing ","Thousands of dollars",(D),(D),(D),(D),(D),(D),(D),1844,(D),(D),(D),(D),(D),(D),(D),3988,3589,7064,10732,10310,13307,(D)
 "31063","Frontier, NE",4,CAGDP2,34,"42","  Wholesale trade ","Thousands of dollars",(D),1262,891,(D),(D),(D),(D),(D),(D),(D),(D),(D),3494,4032,(D),(D),5397,5817,6151,(D),(D),(D)
 "31063","Frontier, NE",4,CAGDP2,35,"44-45","  Retail trade ","Thousands of dollars",4120,4539,4521,4673,4949,4816,4132,4500,4905,5207,4925,5520,3677,3391,3089,2891,3021,3453,4263,4779,4208,4357
 "31063","Frontier, NE",4,CAGDP2,36,"48-49","  Transportation and warehousing ","Thousands of dollars",(D),5263,4952,(D),(D),(D),(D),(D),6521,6386,8521,9796,(D),(D),(D),(D),7193,6889,5943,(D),(D),(D)
 "31063","Frontier, NE",4,CAGDP2,45,"51","  Information ","Thousands of dollars",(D),(D),(D),(D),(D),(D),(D),(D),(D),(D),(D),(D),(D),(D),(D),(D),(D),(D),(D),(D),(D),(D)
 "31063","Frontier, NE",4,CAGDP2,50,"52,53","  Finance, insurance, real estate, rental, and leasing ","Thousands of dollars",11984,13028,12991,13096,14542,16503,19564,19031,20266,22484,22090,19350,19185,20138,21723,23103,21526,20057,19995,22578,23085,(D)
 "31063","Frontier, NE",4,CAGDP2,51,"52","   Finance and insurance ","Thousands of dollars",(D),(D),(D),(D),4765,(D),(D),(D),(D),(D),(D),5355,5832,5789,6288,7518,8283,5808,5937,5974,6125,(D)
 "31063","Frontier, NE",4,CAGDP2,56,"53","   Real estate and rental and leasing ","Thousands of dollars",(D),(D),(D),(D),9777,(D),(D),(D),(D),(D),(D),13995,13353,14348,15435,15585,13243,14248,14059,16604,16959,18462
 "31063","Frontier, NE",4,CAGDP2,59,"54,55,56","  Professional and business services ","Thousands of dollars",1504,1825,1941,2114,2651,3042,3077,3000,3242,(D),(D),865,1231,1335,1414,(D),1754,1860,2062,2255,3175,3202
 "31063","Frontier, NE",4,CAGDP2,60,"54","   Professional, scientific, and technical services ","Thousands of dollars",(D),(D),(D),(D),(D),(D),(D),(D),(D),(D),(D),564,593,642,811,962,(D),(D),(D),1197,1860,1641
 "31063","Frontier, NE",4,CAGDP2,64,"55","   Management of companies and enterprises ","Thousands of dollars",(D),0,0,0,0,0,0,0,0,0,0,(D),(D),(D),(D),(D),(D),(D),(D),(D),(D),(D)
 "31063","Frontier, NE",4,CAGDP2,65,"56","   Administrative and support and waste management and remediation services ","Thousands of dollars",(D),(D),(D),(D),(D),(D),(D),(D),(D),177,141,(D),(D),(D),(D),100,113,108,114,(D),(D),(D)
 "31063","Frontier, NE",4,CAGDP2,68,"61,62","  Educational services, health care, and social assistance ","Thousands of dollars",1453,1529,1580,1636,1588,1476,1291,625,536,561,602,610,555,572,682,798,675,622,621,(D),(D),(D)
 "31063","Frontier, NE",4,CAGDP2,69,"61","   Educational services ","Thousands of dollars",22,22,18,20,14,15,12,24,59,81,72,(D),(D),(D),36,63,110,115,110,109,63,65
 "31063","Frontier, NE",4,CAGDP2,70,"62","   Health care and social assistance ","Thousands of dollars",1431,1507,1562,1616,1574,1461,1279,601,477,481,530,(D),(D),(D),646,734,565,507,511,(D),(D),(D)
 "31063","Frontier, NE",4,CAGDP2,75,"71,72","  Arts, entertainment, recreation, accommodation, and food services ","Thousands of dollars",847,829,844,558,603,598,562,482,573,617,527,558,532,(D),674,881,991,1030,1118,708,1147,1383
 "31063","Frontier, NE",4,CAGDP2,76,"71","   Arts, entertainment, and recreation ","Thousands of dollars",(D),(D),(D),(D),(D),(D),(D),(D),(D),(D),(D),(D),(D),(D),(D),(D),(D),(D),(D),(D),(D),(D)
 "31063","Frontier, NE",4,CAGDP2,79,"72","   Accommodation and food services ","Thousands of dollars",(D),(D),(D),(D),(D),(D),(D),(D),(D),(D),(D),(D),(D),343,(D),(D),(D),(D),(D),(D),(D),(D)
 "31063","Frontier, NE",4,CAGDP2,82,"81","  Other services (except government and government enterprises) ","Thousands of dollars",(D),(D),(D),(D),(D),(D),(D),(D),(D),(D),2028,2117,2097,2073,2070,2156,(D),(D),(D),2735,3091,3525
 "31063","Frontier, NE",4,CAGDP2,83,"92","Government and government enterprises ","Thousands of dollars",15296,15425,15178,15209,15011,16251,16230,16842,16410,18212,18508,18993,19214,20901,21144,21932,22415,23035,23756,24355,24842,25419
 "31063","Frontier, NE",4,CAGDP2,87,"11,21","Natural resources and mining ","Thousands of dollars",(D),(D),(D),24236,27925,9875,24756,34112,(D),(D),(D),(D),(D),53042,(D),33937,13539,1703,2110,15987,42467,52195
 "31063","Frontier, NE",4,CAGDP2,88,"42,44-45","Trade ","Thousands of dollars",(D),5801,5412,(D),(D),(D),(D),(D),(D),(D),(D),(D),7171,7423,(D),(D),8418,9270,10414,(D),(D),(D)
 "31063","Frontier, NE",4,CAGDP2,89,"22,48-49","Transportation and utilities ","Thousands of dollars",(D),5268,4957,(D),(D),(D),(D),(D),6603,6467,8603,9888,(D),(D),(D),(D),7193,6891,5944,(D),(D),(D)
 "31063","Frontier, NE",4,CAGDP2,90,"31-33,51","Manufacturing and information ","Thousands of dollars",3035,3013,2876,(D),(D),(D),3836,(D),4199,4179,4823,4504,4153,4112,3758,(D),(D),(D),(D),(D),(D),11885
 "31063","Frontier, NE",4,CAGDP2,91,"...","Private goods-producing industries 2/","Thousands of dollars",32901,15141,40408,27591,31586,14460,29880,38655,45846,49231,80964,67075,84682,61829,57479,43779,23512,15018,18045,31465,62153,70623
 "31063","Frontier, NE",4,CAGDP2,92,"...","Private services-providing industries 3/","Thousands of dollars",27780,31583,30964,36654,38207,40199,41940,38166,40202,39784,41297,40935,38268,40106,44065,44142,42791,42298,42871,47093,49704,52938
 "31065","Furnas, NE",4,CAGDP2,1,"...","All industry total ","Thousands of dollars",132727,109924,162947,142227,166125,141801,189416,246121,226881,276506,327058,246115,304814,274721,257514,232539,249851,244764,245824,287717,339497,346587
 "31065","Furnas, NE",4,CAGDP2,2,"..."," Private industries ","Thousands of dollars",110122,85892,139546,118292,141828,114964,162521,218441,198849,245067,296091,215244,274134,241710,223509,196862,215712,209628,209732,250364,301625,308361
 "31065","Furnas, NE",4,CAGDP2,3,"11","  Agriculture, forestry, fishing and hunting ","Thousands of dollars",27199,1703,43822,31997,34363,7118,40434,65016,53580,60481,112667,54096,109560,79627,43796,11384,24327,20428,11259,21964,66338,44347
 "31065","Furnas, NE",4,CAGDP2,6,"21","  Mining, quarrying, and oil and gas extraction ","Thousands of dollars",11,22,29,49,80,154,201,218,95,89,70,58,54,54,46,47,35,34,27,1440,1268,2017
 "31065","Furnas, NE",4,CAGDP2,10,"22","  Utilities ","Thousands of dollars",5,5,0,0,0,0,5,33,206,273,253,368,271,255,376,358,365,231,214,173,267,205
 "31065","Furnas, NE",4,CAGDP2,11,"23","  Construction ","Thousands of dollars",3802,3817,3573,3533,3566,3788,4877,3428,4294,4996,2035,5115,4226,5606,5178,6730,7793,8897,6230,6649,6083,5969
 "31065","Furnas, NE",4,CAGDP2,12,"31-33","  Manufacturing ","Thousands of dollars",1984,2161,2123,2599,4023,4802,4747,7504,5085,7178,13674,22512,25665,23698,19885,18411,15274,20150,26411,31858,35002,42846
 "31065","Furnas, NE",4,CAGDP2,13,"321,327-339","   Durable goods manufacturing ","Thousands of dollars",(D),(D),(D),(D),(D),(D),(D),(D),(D),2723,3690,(D),5687,4763,4750,4008,4547,7172,16758,22559,26481,32874
 "31065","Furnas, NE",4,CAGDP2,25,"311-316,322-326","   Nondurable goods manufacturing ","Thousands of dollars",(D),(D),(D),(D),(D),(D),(D),(D),(D),4454,9984,(D),19978,18936,15135,14402,10727,12978,9652,9299,8521,9972
 "31065","Furnas, NE",4,CAGDP2,34,"42","  Wholesale trade ","Thousands of dollars",7342,8240,8104,8699,8445,8319,7078,7687,9124,10016,(D),12270,13416,(D),(D),16712,18700,18330,22713,26270,27109,30832
 "31065","Furnas, NE",4,CAGDP2,35,"44-45","  Retail trade ","Thousands of dollars",8140,8552,8694,8872,8378,7421,7770,8406,9531,10555,9262,8630,8846,9765,11287,10407,10836,9602,9545,10263,11398,11326
 "31065","Furnas, NE",4,CAGDP2,36,"48-49","  Transportation and warehousing ","Thousands of dollars",15631,12502,22521,10880,27904,29665,34875,62006,(D),(D),(D),(D),(D),(D),(D),(D),(D),(D),(D),(D),(D),(D)
 "31065","Furnas, NE",4,CAGDP2,45,"51","  Information ","Thousands of dollars",6470,7913,9432,11511,11234,11582,12565,14044,14600,14883,16623,15311,15752,14988,15862,15072,13548,12648,11840,11960,12997,13615
 "31065","Furnas, NE",4,CAGDP2,50,"52,53","  Finance, insurance, real estate, rental, and leasing ","Thousands of dollars",22069,23410,23664,23490,26414,24251,28321,25023,25525,26085,28513,33683,33254,34038,35270,36636,33590,34724,(D),40159,41951,(D)
 "31065","Furnas, NE",4,CAGDP2,51,"52","   Finance and insurance ","Thousands of dollars",(D),(D),(D),7661,(D),8539,8497,(D),(D),(D),(D),(D),(D),(D),(D),(D),(D),(D),(D),(D),13125,(D)
 "31065","Furnas, NE",4,CAGDP2,56,"53","   Real estate and rental and leasing ","Thousands of dollars",(D),(D),(D),15830,(D),15712,19824,(D),(D),(D),(D),(D),(D),(D),(D),(D),(D),(D),23709,(D),28826,31052
 "31065","Furnas, NE",4,CAGDP2,59,"54,55,56","  Professional and business services ","Thousands of dollars",4328,4882,5229,5590,5980,6376,9253,10857,11239,11601,11482,(D),13709,13640,14951,(D),(D),(D),13923,(D),14423,15876
 "31065","Furnas, NE",4,CAGDP2,60,"54","   Professional, scientific, and technical services ","Thousands of dollars",1925,2351,2729,2857,3191,3545,4190,4115,4410,4710,4440,4617,5702,6010,6393,5898,5699,5626,5531,5584,5993,5795
 "31065","Furnas, NE",4,CAGDP2,64,"55","   Management of companies and enterprises ","Thousands of dollars",(D),(D),(D),(D),(D),(D),(D),(D),(D),(D),(D),(D),(D),(D),(D),(D),(D),(D),(D),(D),(D),(D)
 "31065","Furnas, NE",4,CAGDP2,65,"56","   Administrative and support and waste management and remediation services ","Thousands of dollars",(D),(D),(D),(D),(D),(D),(D),(D),(D),(D),(D),(D),(D),(D),(D),(D),(D),(D),(D),(D),(D),(D)
 "31065","Furnas, NE",4,CAGDP2,68,"61,62","  Educational services, health care, and social assistance ","Thousands of dollars",8741,7695,7267,7124,7251,7376,7418,(D),(D),(D),(D),12746,13773,14559,15673,15631,16466,17009,16980,17150,17598,17969
 "31065","Furnas, NE",4,CAGDP2,69,"61","   Educational services ","Thousands of dollars",24,25,(D),(D),(D),(D),(D),0,4,45,80,114,51,29,42,29,21,8,2,4,36,37
 "31065","Furnas, NE",4,CAGDP2,70,"62","   Health care and social assistance ","Thousands of dollars",8717,7670,(D),(D),(D),(D),(D),(D),(D),(D),(D),12632,13722,14531,15631,15602,16445,17001,16978,17146,17562,17932
 "31065","Furnas, NE",4,CAGDP2,75,"71,72","  Arts, entertainment, recreation, accommodation, and food services ","Thousands of dollars",1259,1431,(D),1413,1894,1953,(D),1858,2712,3646,3743,2258,(D),1662,2146,2334,1979,2032,2000,1799,(D),2249
 "31065","Furnas, NE",4,CAGDP2,76,"71","   Arts, entertainment, and recreation ","Thousands of dollars",(D),(D),(D),(D),(D),(D),(D),(D),(D),562,657,599,(D),(D),480,499,497,478,465,463,(D),(D)
 "31065","Furnas, NE",4,CAGDP2,79,"72","   Accommodation and food services ","Thousands of dollars",(D),(D),(D),(D),(D),(D),(D),(D),(D),3085,3087,1659,(D),(D),1666,1834,1482,1554,1536,1336,(D),(D)
 "31065","Furnas, NE",4,CAGDP2,82,"81","  Other services (except government and government enterprises) ","Thousands of dollars",3141,3558,(D),2534,2295,2160,(D),(D),(D),(D),(D),3918,3651,3557,3558,3809,3906,4343,4496,4537,4722,5132
 "31065","Furnas, NE",4,CAGDP2,83,"92","Government and government enterprises ","Thousands of dollars",22606,24032,23402,23935,24298,26836,26895,27680,28032,31439,30967,30871,30680,33011,34004,35676,34140,35136,36092,37354,37872,38226
 "31065","Furnas, NE",4,CAGDP2,87,"11,21","Natural resources and mining ","Thousands of dollars",27209,1726,43852,32046,34443,7272,40634,65233,53674,60570,112737,54154,109614,79681,43842,11431,24362,20462,11286,23404,67606,46364
 "31065","Furnas, NE",4,CAGDP2,88,"42,44-45","Trade ","Thousands of dollars",15482,16792,16798,17570,16822,15740,14848,16093,18654,20571,(D),20900,22262,(D),(D),27118,29535,27932,32258,36532,38506,42158
 "31065","Furnas, NE",4,CAGDP2,89,"22,48-49","Transportation and utilities ","Thousands of dollars",15636,12507,22521,10880,27904,29665,34880,62039,(D),(D),(D),(D),(D),(D),(D),(D),(D),(D),(D),(D),(D),(D)
 "31065","Furnas, NE",4,CAGDP2,90,"31-33,51","Manufacturing and information ","Thousands of dollars",8454,10074,11555,14110,15257,16383,17312,21549,19685,22061,30297,37823,41417,38686,35746,33482,28822,32798,38251,43817,47998,56461
 "31065","Furnas, NE",4,CAGDP2,91,"...","Private goods-producing industries 2/","Thousands of dollars",32995,7703,49548,38178,42032,15862,50259,76166,63053,72744,128446,81782,139505,108986,68905,36571,47429,49509,43926,61911,108691,95178
 "31065","Furnas, NE",4,CAGDP2,92,"...","Private services-providing industries 3/","Thousands of dollars",77126,78189,89998,80114,99795,99102,112262,142275,135796,172323,167645,133462,134629,132725,154605,160291,168283,160119,165806,188453,192934,213183
 "31067","Gage, NE",4,CAGDP2,1,"...","All industry total ","Thousands of dollars",580391,577743,621983,689990,720297,753465,730134,779795,767922,816644,931154,885556,954361,907259,884570,866502,862227,943595,971148,1020251,1222811,1289035
 "31067","Gage, NE",4,CAGDP2,2,"..."," Private industries ","Thousands of dollars",470706,457754,499145,563632,592650,614896,588722,634001,623569,660962,781241,740396,810326,757825,733963,711147,708049,788724,812096,861388,1068772,1126424
 "31067","Gage, NE",4,CAGDP2,3,"11","  Agriculture, forestry, fishing and hunting ","Thousands of dollars",65410,(D),57010,90129,58151,62351,56568,107967,97909,94397,152738,83756,109305,(D),43130,2038,5359,(D),42470,40145,132174,94168
 "31067","Gage, NE",4,CAGDP2,6,"21","  Mining, quarrying, and oil and gas extraction ","Thousands of dollars",737,749,609,769,849,824,2171,894,774,1185,1543,1779,1438,1164,1205,882,1152,1036,1055,1331,(D),1457
 "31067","Gage, NE",4,CAGDP2,10,"22","  Utilities ","Thousands of dollars",0,(D),0,0,5552,5986,9925,10375,7794,4587,6694,12427,8049,(D),9340,17298,14535,16983,(D),27339,28328,30091
 "31067","Gage, NE",4,CAGDP2,11,"23","  Construction ","Thousands of dollars",15977,17833,16876,17114,17727,17574,21015,17383,19601,6769,0,5954,14120,19455,24377,32698,28091,30910,36255,45653,57280,39969
 "31067","Gage, NE",4,CAGDP2,12,"31-33","  Manufacturing ","Thousands of dollars",128718,130620,140337,158376,182729,166372,150412,135902,118900,161191,209970,213895,256042,230521,202621,194795,187178,211788,200925,206396,264365,330898
 "31067","Gage, NE",4,CAGDP2,13,"321,327-339","   Durable goods manufacturing ","Thousands of dollars",98201,107158,114745,136911,161542,137377,118218,104523,72865,111138,125800,106531,114244,100906,93551,89390,84802,87239,87427,84977,91375,101736
 "31067","Gage, NE",4,CAGDP2,25,"311-316,322-326","   Nondurable goods manufacturing ","Thousands of dollars",30516,23462,25591,21465,21186,28996,32194,31378,46035,50053,84170,107364,141797,129615,109070,105405,102376,124549,113498,121418,172990,229162
 "31067","Gage, NE",4,CAGDP2,34,"42","  Wholesale trade ","Thousands of dollars",22574,23323,23046,24196,27518,29083,30943,33780,35154,40466,42957,49793,53701,59524,60193,56156,57578,62436,64195,65272,67215,74153
 "31067","Gage, NE",4,CAGDP2,35,"44-45","  Retail trade ","Thousands of dollars",48177,50092,51768,54396,58961,62362,59815,60434,69284,79872,69066,61932,52041,50674,56507,60145,64291,65223,68215,73418,83664,84048
 "31067","Gage, NE",4,CAGDP2,36,"48-49","  Transportation and warehousing ","Thousands of dollars",20174,17625,22913,31314,39149,56722,46064,43028,(D),(D),(D),(D),(D),(D),(D),(D),(D),(D),(D),(D),(D),(D)
 "31067","Gage, NE",4,CAGDP2,45,"51","  Information ","Thousands of dollars",6652,7687,7956,7806,8621,8328,8967,9713,9638,9715,9018,9604,10271,9860,11172,10033,6443,11658,13737,10997,10310,15389
 "31067","Gage, NE",4,CAGDP2,50,"52,53","  Finance, insurance, real estate, rental, and leasing ","Thousands of dollars",74539,79277,78648,79711,90014,98004,91848,98479,98396,91766,109829,118131,121245,124263,124540,120182,130987,140065,130512,137930,152117,(D)
 "31067","Gage, NE",4,CAGDP2,51,"52","   Finance and insurance ","Thousands of dollars",23922,26645,24992,23611,28448,31232,29628,25497,25792,24857,25386,31143,33821,38469,37872,38077,40573,39329,40189,41208,41997,46789
 "31067","Gage, NE",4,CAGDP2,56,"53","   Real estate and rental and leasing ","Thousands of dollars",50616,52632,53656,56100,61567,66772,62221,72983,72604,66909,84442,86989,87424,85794,86668,82106,90414,100736,90323,96722,110120,(D)
 "31067","Gage, NE",4,CAGDP2,59,"54,55,56","  Professional and business services ","Thousands of dollars",12779,(D),13659,14419,15893,18786,21286,20766,(D),(D),(D),20073,20492,21855,25077,26976,27037,28977,29971,30302,28542,29441
 "31067","Gage, NE",4,CAGDP2,60,"54","   Professional, scientific, and technical services ","Thousands of dollars",(D),(D),5667,(D),(D),(D),(D),(D),(D),(D),(D),9270,9886,10306,11460,11897,11666,12452,13736,14161,13414,13568
 "31067","Gage, NE",4,CAGDP2,64,"55","   Management of companies and enterprises ","Thousands of dollars",(D),0,0,(D),(D),(D),(D),(D),(D),(D),(D),2137,2222,2251,3667,2668,2985,3054,3264,5519,4936,2970
 "31067","Gage, NE",4,CAGDP2,65,"56","   Administrative and support and waste management and remediation services ","Thousands of dollars",7815,7555,7991,7386,7755,9632,10922,9649,8044,10614,9599,8666,8384,9299,9950,12411,12385,13472,12971,10622,10193,12903
 "31067","Gage, NE",4,CAGDP2,68,"61,62","  Educational services, health care, and social assistance ","Thousands of dollars",46804,51234,54913,55036,54654,55031,56441,62032,66524,64866,68190,(D),(D),(D),(D),(D),(D),98037,(D),(D),(D),110657
 "31067","Gage, NE",4,CAGDP2,69,"61","   Educational services ","Thousands of dollars",1118,1187,(D),1200,1187,1098,1137,(D),(D),(D),(D),(D),(D),(D),(D),(D),(D),1793,(D),(D),(D),(D)
 "31067","Gage, NE",4,CAGDP2,70,"62","   Health care and social assistance ","Thousands of dollars",45686,50048,(D),53835,53467,53933,55304,(D),(D),(D),(D),(D),(D),(D),(D),(D),(D),96244,(D),(D),(D),(D)
 "31067","Gage, NE",4,CAGDP2,75,"71,72","  Arts, entertainment, recreation, accommodation, and food services ","Thousands of dollars",13468,13970,15193,13732,15686,15912,15212,15779,15767,17055,17716,17488,18012,18816,20151,20373,20576,20661,21131,19204,21702,23924
 "31067","Gage, NE",4,CAGDP2,76,"71","   Arts, entertainment, and recreation ","Thousands of dollars",1837,2035,2096,2095,1967,1926,1767,2565,2921,3100,3280,3484,3247,3119,3138,3425,3608,3760,3922,3321,4021,4274
 "31067","Gage, NE",4,CAGDP2,79,"72","   Accommodation and food services ","Thousands of dollars",11630,11935,13097,11637,13719,13986,13445,13214,12846,13955,14436,14004,14765,15698,17013,16948,16968,16901,17209,15883,17680,19650
 "31067","Gage, NE",4,CAGDP2,82,"81","  Other services (except government and government enterprises) ","Thousands of dollars",14700,15909,16217,16633,17147,17559,18055,17468,18300,19101,19675,20131,19925,20738,21388,21383,21499,22040,22864,23227,24501,25480
 "31067","Gage, NE",4,CAGDP2,83,"92","Government and government enterprises ","Thousands of dollars",109684,119989,122838,126358,127647,138570,141411,145794,144353,155682,149913,145159,144035,149434,150607,155355,154179,154871,159052,158863,154039,162612
 "31067","Gage, NE",4,CAGDP2,87,"11,21","Natural resources and mining ","Thousands of dollars",66147,(D),57619,90898,59000,63175,58739,108861,98683,95581,154282,85535,110743,(D),44335,2920,6511,(D),43525,41476,(D),95625
 "31067","Gage, NE",4,CAGDP2,88,"42,44-45","Trade ","Thousands of dollars",70750,73416,74814,78592,86479,91445,90758,94214,104438,120338,112022,111725,105742,110198,116700,116300,121870,127659,132410,138690,150879,158202
 "31067","Gage, NE",4,CAGDP2,89,"22,48-49","Transportation and utilities ","Thousands of dollars",20174,(D),22913,31314,44701,62708,55989,53403,(D),(D),(D),(D),(D),(D),(D),(D),(D),(D),(D),(D),(D),(D)
 "31067","Gage, NE",4,CAGDP2,90,"31-33,51","Manufacturing and information ","Thousands of dollars",135369,138308,148292,166182,191349,174700,159379,145615,128538,170905,218988,223499,266313,240381,213793,204827,193621,223446,214662,217393,274675,346287
 "31067","Gage, NE",4,CAGDP2,91,"...","Private goods-producing industries 2/","Thousands of dollars",210841,(D),214831,266388,259456,247121,230165,262146,237184,263540,364251,305385,380905,(D),271333,230413,221780,(D),280705,293525,(D),466492
 "31067","Gage, NE",4,CAGDP2,92,"...","Private services-providing industries 3/","Thousands of dollars",259866,(D),284313,297243,333195,367775,358557,371855,386386,397422,416990,435012,429421,(D),462630,480734,486269,(D),531391,567862,(D),659931
 "31069","Garden, NE",4,CAGDP2,1,"...","All industry total ","Thousands of dollars",35939,40130,57943,50648,52750,59273,70328,75240,59758,59633,94793,63376,77273,85205,79884,75028,78048,75797,76447,79161,87188,92773
 "31069","Garden, NE",4,CAGDP2,2,"..."," Private industries ","Thousands of dollars",23993,27319,45048,38013,40624,46252,57895,62323,46590,44372,79154,46705,61328,71767,69815,64687,67054,64192,64507,66553,74645,80138
 "31069","Garden, NE",4,CAGDP2,3,"11","  Agriculture, forestry, fishing and hunting ","Thousands of dollars",885,2071,20686,14653,15591,19561,29204,(D),16831,16252,47438,14580,32757,37336,30339,23599,22162,24828,24313,23657,34826,38862
 "31069","Garden, NE",4,CAGDP2,6,"21","  Mining, quarrying, and oil and gas extraction ","Thousands of dollars",7,13,20,31,50,46,66,232,62,27,20,13,16,13,5,9,4,5,5,4,6,13
 "31069","Garden, NE",4,CAGDP2,10,"22","  Utilities ","Thousands of dollars",25,49,26,12,0,0,0,0,188,239,272,255,185,199,164,151,200,98,63,0,46,129
 "31069","Garden, NE",4,CAGDP2,11,"23","  Construction ","Thousands of dollars",(D),(D),(D),(D),(D),(D),(D),(D),(D),(D),(D),(D),(D),(D),(D),(D),(D),(D),(D),(D),(D),(D)
 "31069","Garden, NE",4,CAGDP2,12,"31-33","  Manufacturing ","Thousands of dollars",(D),(D),(D),(D),(D),(D),(D),247,(D),(D),(D),(D),(D),(D),(D),(D),(D),(D),(D),(D),(D),(D)
 "31069","Garden, NE",4,CAGDP2,13,"321,327-339","   Durable goods manufacturing ","Thousands of dollars",242,291,120,(D),(D),(D),8,17,33,18,25,112,105,50,49,18,6,20,22,46,4,0
 "31069","Garden, NE",4,CAGDP2,25,"311-316,322-326","   Nondurable goods manufacturing ","Thousands of dollars",(D),(D),(D),(D),(D),(D),(D),230,(D),(D),(D),(D),(D),(D),(D),(D),(D),(D),(D),(D),(D),(D)
 "31069","Garden, NE",4,CAGDP2,34,"42","  Wholesale trade ","Thousands of dollars",(D),(D),(D),(D),(D),(D),(D),1216,1177,1502,1784,2108,1705,1632,(D),(D),(D),(D),(D),(D),(D),(D)
 "31069","Garden, NE",4,CAGDP2,35,"44-45","  Retail trade ","Thousands of dollars",7288,7718,8000,7467,7488,9365,10505,10993,9863,7166,6880,6972,7074,6616,6830,7265,8136,5706,5901,6235,5455,4905
 "31069","Garden, NE",4,CAGDP2,36,"48-49","  Transportation and warehousing ","Thousands of dollars",(D),(D),(D),(D),(D),(D),(D),3007,(D),(D),(D),(D),(D),(D),(D),(D),(D),(D),(D),(D),(D),(D)
 "31069","Garden, NE",4,CAGDP2,45,"51","  Information ","Thousands of dollars",(D),(D),(D),(D),(D),(D),(D),(D),(D),(D),(D),(D),(D),(D),(D),(D),(D),(D),(D),(D),(D),(D)
 "31069","Garden, NE",4,CAGDP2,50,"52,53","  Finance, insurance, real estate, rental, and leasing ","Thousands of dollars",7625,8861,9225,9053,10091,9455,10477,10805,11207,10473,13943,12832,11305,14176,14887,16523,16352,13817,(D),18343,16711,(D)
 "31069","Garden, NE",4,CAGDP2,51,"52","   Finance and insurance ","Thousands of dollars",2914,3446,3456,3145,3350,3142,2658,2914,2310,2414,2761,2913,2986,(D),(D),(D),(D),(D),(D),(D),(D),(D)
 "31069","Garden, NE",4,CAGDP2,56,"53","   Real estate and rental and leasing ","Thousands of dollars",4711,5415,5769,5909,6741,6313,7819,7890,8897,8059,11182,9918,8319,(D),(D),(D),(D),(D),11041,(D),(D),12746
 "31069","Garden, NE",4,CAGDP2,59,"54,55,56","  Professional and business services ","Thousands of dollars",(D),(D),(D),(D),427,509,492,436,293,517,604,1089,1035,(D),761,1357,2420,2769,763,661,1920,2023
 "31069","Garden, NE",4,CAGDP2,60,"54","   Professional, scientific, and technical services ","Thousands of dollars",(D),(D),(D),(D),(D),(D),(D),(D),(D),(D),(D),(D),(D),542,(D),(D),(D),(D),(D),(D),(D),(D)
 "31069","Garden, NE",4,CAGDP2,64,"55","   Management of companies and enterprises ","Thousands of dollars",0,0,0,0,(D),(D),(D),(D),0,0,0,0,0,0,0,0,0,0,0,0,0,0
 "31069","Garden, NE",4,CAGDP2,65,"56","   Administrative and support and waste management and remediation services ","Thousands of dollars",214,235,178,130,98,110,113,(D),(D),(D),(D),(D),(D),(D),(D),(D),(D),(D),(D),(D),(D),(D)
 "31069","Garden, NE",4,CAGDP2,68,"61,62","  Educational services, health care, and social assistance ","Thousands of dollars",221,240,(D),303,(D),(D),276,96,(D),102,190,(D),1070,3046,5780,5425,6554,7245,7925,7821,(D),(D)
 "31069","Garden, NE",4,CAGDP2,69,"61","   Educational services ","Thousands of dollars",36,37,39,45,30,25,18,21,11,38,15,74,23,20,21,66,48,54,20,28,2,2
 "31069","Garden, NE",4,CAGDP2,70,"62","   Health care and social assistance ","Thousands of dollars",185,203,(D),257,(D),(D),258,75,(D),64,175,(D),1047,3026,5759,5359,6506,7191,7905,7793,(D),(D)
 "31069","Garden, NE",4,CAGDP2,75,"71,72","  Arts, entertainment, recreation, accommodation, and food services ","Thousands of dollars",617,674,612,370,711,981,512,(D),383,703,517,337,356,446,510,571,538,455,550,384,505,606
 "31069","Garden, NE",4,CAGDP2,76,"71","   Arts, entertainment, and recreation ","Thousands of dollars",(D),(D),(D),(D),(D),(D),(D),(D),(D),(D),(D),(D),(D),(D),(D),(D),(D),(D),(D),(D),(D),(D)
 "31069","Garden, NE",4,CAGDP2,79,"72","   Accommodation and food services ","Thousands of dollars",(D),(D),(D),(D),(D),(D),(D),(D),(D),(D),(D),(D),(D),(D),(D),(D),(D),(D),(D),(D),(D),(D)
 "31069","Garden, NE",4,CAGDP2,82,"81","  Other services (except government and government enterprises) ","Thousands of dollars",931,1063,(D),(D),(D),(D),893,880,1063,(D),(D),1061,(D),1152,1285,(D),1138,1229,1235,1221,1311,1280
 "31069","Garden, NE",4,CAGDP2,83,"92","Government and government enterprises ","Thousands of dollars",11947,12811,12895,12635,12126,13021,12433,12918,13167,15261,15639,16671,15945,13438,10069,10341,10994,11605,11941,12608,12543,12635
 "31069","Garden, NE",4,CAGDP2,87,"11,21","Natural resources and mining ","Thousands of dollars",892,2085,20706,14684,15640,19607,29270,(D),16893,16279,47458,14593,32773,37349,30344,23607,22166,24833,24318,23660,34832,38875
 "31069","Garden, NE",4,CAGDP2,88,"42,44-45","Trade ","Thousands of dollars",(D),(D),(D),(D),(D),(D),(D),12209,11040,8669,8664,9081,8780,8248,(D),(D),(D),(D),(D),(D),(D),(D)
 "31069","Garden, NE",4,CAGDP2,89,"22,48-49","Transportation and utilities ","Thousands of dollars",(D),(D),(D),(D),(D),(D),(D),3007,(D),(D),(D),(D),(D),(D),(D),(D),(D),(D),(D),(D),(D),(D)
 "31069","Garden, NE",4,CAGDP2,90,"31-33,51","Manufacturing and information ","Thousands of dollars",1242,1688,1208,687,496,901,837,(D),817,676,461,823,801,731,712,638,448,433,464,475,525,627
 "31069","Garden, NE",4,CAGDP2,91,"...","Private goods-producing industries 2/","Thousands of dollars",3288,4884,22842,16042,16765,21048,30711,34205,18630,18257,49359,17149,35149,39659,32482,25899,24041,26796,25958,25239,36129,40196
 "31069","Garden, NE",4,CAGDP2,92,"...","Private services-providing industries 3/","Thousands of dollars",20705,22435,22206,21971,23859,25204,27184,28117,27960,26115,29795,29556,26179,32108,37333,38788,43012,37396,38549,41314,38516,39942
 "31071","Garfield, NE",4,CAGDP2,1,"...","All industry total ","Thousands of dollars",39773,45175,48480,49243,54984,55488,60139,60070,59855,68019,92684,82503,102066,109281,121461,112456,73287,74448,82135,93143,90897,88337
 "31071","Garfield, NE",4,CAGDP2,2,"..."," Private industries ","Thousands of dollars",33222,38191,41100,41449,46837,46682,51288,50998,50669,57085,82229,72024,91973,98743,110545,101217,61489,62261,69673,80373,78768,75786
 "31071","Garfield, NE",4,CAGDP2,3,"11","  Agriculture, forestry, fishing and hunting ","Thousands of dollars",7391,11275,13176,12350,13478,14328,16299,14211,12880,16091,32364,15599,33704,42783,49468,45144,2629,4524,7578,15451,11473,4758
 "31071","Garfield, NE",4,CAGDP2,6,"21","  Mining, quarrying, and oil and gas extraction ","Thousands of dollars",178,371,373,378,369,271,1312,695,841,1603,2185,1942,1994,1841,1985,1360,1598,1307,1668,2356,2898,3153
 "31071","Garfield, NE",4,CAGDP2,10,"22","  Utilities ","Thousands of dollars",0,2,4,(D),4,(D),(D),1,1,1,1,6,2,1,1,1,1,6,1,1,4,(D)
 "31071","Garfield, NE",4,CAGDP2,11,"23","  Construction ","Thousands of dollars",1522,1349,1424,1469,1484,1580,1568,1475,1864,2118,2314,2779,2894,2956,(D),2809,2544,2338,2184,2169,2120,2461
 "31071","Garfield, NE",4,CAGDP2,12,"31-33","  Manufacturing ","Thousands of dollars",3428,4164,4368,4654,6441,5232,3903,3946,3262,3537,5803,7701,9099,6654,(D),4060,4221,3868,8602,9829,10396,11485
 "31071","Garfield, NE",4,CAGDP2,13,"321,327-339","   Durable goods manufacturing ","Thousands of dollars",(D),(D),(D),(D),(D),(D),(D),(D),(D),(D),(D),(D),8734,6074,4929,(D),(D),(D),(D),(D),(D),(D)
 "31071","Garfield, NE",4,CAGDP2,25,"311-316,322-326","   Nondurable goods manufacturing ","Thousands of dollars",(D),(D),(D),(D),(D),(D),(D),(D),(D),(D),(D),(D),365,580,(D),(D),(D),(D),(D),(D),(D),(D)
 "31071","Garfield, NE",4,CAGDP2,34,"42","  Wholesale trade ","Thousands of dollars",(D),(D),(D),3335,(D),3978,5784,6670,6217,6425,8384,11092,10992,10536,10037,7335,(D),9770,6589,7577,(D),7772
 "31071","Garfield, NE",4,CAGDP2,35,"44-45","  Retail trade ","Thousands of dollars",2931,3340,3730,4138,4545,4172,4076,4014,4198,4431,4502,4749,5204,5304,5653,5525,5606,5927,6841,6971,7196,7407
 "31071","Garfield, NE",4,CAGDP2,36,"48-49","  Transportation and warehousing ","Thousands of dollars",(D),(D),(D),569,(D),1095,1376,1762,2824,2693,3977,4353,3667,4918,8677,6207,(D),5321,4106,5440,(D),5880
 "31071","Garfield, NE",4,CAGDP2,45,"51","  Information ","Thousands of dollars",(D),(D),(D),(D),(D),(D),(D),(D),(D),(D),2039,1917,1791,1557,(D),(D),(D),(D),(D),(D),(D),(D)
 "31071","Garfield, NE",4,CAGDP2,50,"52,53","  Finance, insurance, real estate, rental, and leasing ","Thousands of dollars",7600,7640,7543,7123,8117,8375,8702,9298,9061,10115,12260,12766,12948,11857,13476,15033,13347,15174,(D),15505,15810,15684
 "31071","Garfield, NE",4,CAGDP2,51,"52","   Finance and insurance ","Thousands of dollars",(D),(D),(D),(D),(D),(D),1932,1763,(D),(D),(D),(D),(D),(D),2395,2765,3050,(D),(D),3223,3409,3423
 "31071","Garfield, NE",4,CAGDP2,56,"53","   Real estate and rental and leasing ","Thousands of dollars",(D),(D),(D),(D),(D),(D),6770,7536,(D),(D),(D),(D),(D),(D),11080,12268,10297,(D),13757,12282,12400,12261
 "31071","Garfield, NE",4,CAGDP2,59,"54,55,56","  Professional and business services ","Thousands of dollars",1141,1248,1168,1161,1240,1238,1235,1255,1271,(D),1241,1100,992,1136,1262,1511,1425,(D),(D),(D),1885,2201
 "31071","Garfield, NE",4,CAGDP2,60,"54","   Professional, scientific, and technical services ","Thousands of dollars",(D),(D),(D),(D),(D),(D),(D),(D),(D),(D),1077,999,890,1032,1171,1386,1334,(D),(D),(D),(D),(D)
 "31071","Garfield, NE",4,CAGDP2,64,"55","   Management of companies and enterprises ","Thousands of dollars",0,0,0,0,0,0,0,0,0,0,0,0,0,0,0,0,0,0,0,0,(D),(D)
 "31071","Garfield, NE",4,CAGDP2,65,"56","   Administrative and support and waste management and remediation services ","Thousands of dollars",(D),(D),(D),(D),(D),(D),(D),(D),(D),180,163,101,101,104,91,126,91,131,173,213,195,161
 "31071","Garfield, NE",4,CAGDP2,68,"61,62","  Educational services, health care, and social assistance ","Thousands of dollars",2504,2423,2699,2751,2769,2608,2815,3264,3565,3674,3762,4495,4882,4948,5026,5209,5318,5515,5804,6289,6790,7445
 "31071","Garfield, NE",4,CAGDP2,69,"61","   Educational services ","Thousands of dollars",17,17,34,42,35,21,18,34,74,92,79,27,17,(D),(D),(D),(D),151,162,168,92,95
 "31071","Garfield, NE",4,CAGDP2,70,"62","   Health care and social assistance ","Thousands of dollars",2487,2406,2665,2709,2734,2587,2797,3230,3491,3582,3683,4468,4865,(D),(D),(D),(D),5364,5642,6121,6698,7350
 "31071","Garfield, NE",4,CAGDP2,75,"71,72","  Arts, entertainment, recreation, accommodation, and food services ","Thousands of dollars",549,510,565,628,705,799,784,(D),(D),1137,1188,1221,1291,1525,(D),(D),1673,2150,2447,1966,2362,2191
 "31071","Garfield, NE",4,CAGDP2,76,"71","   Arts, entertainment, and recreation ","Thousands of dollars",(D),(D),(D),(D),(D),(D),(D),(D),(D),262,(D),(D),(D),(D),(D),(D),(D),(D),573,449,(D),(D)
 "31071","Garfield, NE",4,CAGDP2,79,"72","   Accommodation and food services ","Thousands of dollars",(D),(D),(D),(D),(D),(D),(D),(D),(D),876,(D),(D),(D),(D),(D),(D),(D),(D),1874,1517,(D),(D)
 "31071","Garfield, NE",4,CAGDP2,82,"81","  Other services (except government and government enterprises) ","Thousands of dollars",1841,1808,1747,1797,1777,1757,1962,2052,2114,2044,2209,2304,2514,2726,3024,3263,3338,3461,3647,3517,3091,3181
 "31071","Garfield, NE",4,CAGDP2,83,"92","Government and government enterprises ","Thousands of dollars",6551,6984,7380,7794,8147,8806,8850,9071,9185,10934,10455,10479,10093,10538,10916,11239,11798,12187,12462,12769,12129,12551
 "31071","Garfield, NE",4,CAGDP2,87,"11,21","Natural resources and mining ","Thousands of dollars",7569,11646,13549,12728,13847,14599,17610,14906,13721,17694,34549,17541,35698,44624,51454,46504,4228,5831,9247,17807,14372,7911
 "31071","Garfield, NE",4,CAGDP2,88,"42,44-45","Trade ","Thousands of dollars",(D),(D),(D),7473,(D),8149,9860,10684,10414,10856,12887,15841,16197,15840,15691,12860,(D),15697,13430,14549,(D),15179
 "31071","Garfield, NE",4,CAGDP2,89,"22,48-49","Transportation and utilities ","Thousands of dollars",(D),(D),(D),(D),(D),(D),(D),1763,2825,2694,3978,4359,3668,4920,8678,6209,(D),5327,4107,5441,(D),(D)
 "31071","Garfield, NE",4,CAGDP2,90,"31-33,51","Manufacturing and information ","Thousands of dollars",(D),(D),(D),(D),(D),(D),(D),(D),(D),(D),7842,9619,10889,8211,7489,(D),(D),(D),(D),(D),(D),(D)
 "31071","Garfield, NE",4,CAGDP2,91,"...","Private goods-producing industries 2/","Thousands of dollars",12519,17159,19342,18851,21772,21411,23081,20327,18847,23349,42666,28021,47691,54235,59958,53374,10993,12037,20033,29804,26888,21857
 "31071","Garfield, NE",4,CAGDP2,92,"...","Private services-providing industries 3/","Thousands of dollars",20703,21032,21758,22599,25065,25271,28207,30671,31822,33736,39564,44002,44283,44508,50586,47843,50496,50224,49640,50569,51880,53928
 "31073","Gosper, NE",4,CAGDP2,1,"...","All industry total ","Thousands of dollars",43761,30738,56793,52251,57475,53280,75213,71380,70682,73219,101406,96535,130926,109531,99128,83144,80378,79880,81097,87605,115995,117435
 "31073","Gosper, NE",4,CAGDP2,2,"..."," Private industries ","Thousands of dollars",37176,23842,49916,45480,50578,45805,67745,63565,62556,63635,92176,87196,121668,99613,89278,72930,69920,69413,71028,78711,103762,104607
 "31073","Gosper, NE",4,CAGDP2,3,"11","  Agriculture, forestry, fishing and hunting ","Thousands of dollars",14577,1218,26361,22317,24865,18570,34543,(D),29074,(D),52419,46562,(D),49671,29003,7557,11910,11767,3319,8858,32055,15752
 "31073","Gosper, NE",4,CAGDP2,6,"21","  Mining, quarrying, and oil and gas extraction ","Thousands of dollars",0,0,0,0,0,0,0,0,0,0,0,0,0,0,0,0,0,0,0,0,0,0
 "31073","Gosper, NE",4,CAGDP2,10,"22","  Utilities ","Thousands of dollars",4303,3064,2822,1653,1729,1853,4214,2323,4243,7350,8695,6272,5265,6108,11209,17004,9145,6669,8893,7606,6948,7895
 "31073","Gosper, NE",4,CAGDP2,11,"23","  Construction ","Thousands of dollars",(D),(D),(D),(D),1478,1826,1939,(D),(D),1401,(D),(D),1643,(D),(D),(D),(D),(D),(D),(D),(D),(D)
 "31073","Gosper, NE",4,CAGDP2,12,"31-33","  Manufacturing ","Thousands of dollars",(D),(D),(D),(D),662,1075,1127,922,(D),(D),(D),(D),(D),(D),(D),(D),(D),(D),(D),(D),(D),(D)
 "31073","Gosper, NE",4,CAGDP2,13,"321,327-339","   Durable goods manufacturing ","Thousands of dollars",(D),(D),(D),(D),(D),(D),(D),(D),(D),(D),103,51,110,52,30,10,14,138,145,229,124,144
 "31073","Gosper, NE",4,CAGDP2,25,"311-316,322-326","   Nondurable goods manufacturing ","Thousands of dollars",(D),(D),(D),(D),(D),(D),(D),(D),(D),(D),(D),(D),(D),(D),(D),(D),(D),(D),(D),(D),(D),(D)
 "31073","Gosper, NE",4,CAGDP2,34,"42","  Wholesale trade ","Thousands of dollars",2519,(D),(D),(D),2556,2786,3132,4012,4615,5420,5433,5992,5803,5575,5669,5530,4848,(D),8124,9009,8881,10568
 "31073","Gosper, NE",4,CAGDP2,35,"44-45","  Retail trade ","Thousands of dollars",(D),577,761,(D),634,(D),(D),788,768,767,686,695,902,1004,992,1060,1003,1198,(D),(D),(D),(D)
 "31073","Gosper, NE",4,CAGDP2,36,"48-49","  Transportation and warehousing ","Thousands of dollars",(D),(D),(D),(D),1097,(D),(D),1510,(D),(D),(D),(D),(D),(D),(D),(D),(D),(D),(D),(D),(D),(D)
 "31073","Gosper, NE",4,CAGDP2,45,"51","  Information ","Thousands of dollars",18,20,51,57,26,40,10,38,34,75,48,38,81,(D),(D),5,39,89,100,8,221,4
 "31073","Gosper, NE",4,CAGDP2,50,"52,53","  Finance, insurance, real estate, rental, and leasing ","Thousands of dollars",10849,11338,12669,12717,14976,15188,17811,15367,16490,16854,17186,19161,19844,26567,32950,33417,36358,35066,38898,41633,40772,53304
 "31073","Gosper, NE",4,CAGDP2,51,"52","   Finance and insurance ","Thousands of dollars",3478,(D),(D),(D),(D),(D),(D),4972,5764,5539,5770,(D),(D),(D),(D),(D),(D),17890,22679,22964,21605,30859
 "31073","Gosper, NE",4,CAGDP2,56,"53","   Real estate and rental and leasing ","Thousands of dollars",7371,(D),(D),(D),(D),(D),(D),10395,10727,11316,11416,(D),(D),(D),(D),(D),(D),17176,16218,18669,19167,22445
 "31073","Gosper, NE",4,CAGDP2,59,"54,55,56","  Professional and business services ","Thousands of dollars",(D),239,(D),523,500,492,719,1078,1033,986,1049,1189,1207,1281,505,233,259,368,500,531,769,1753
 "31073","Gosper, NE",4,CAGDP2,60,"54","   Professional, scientific, and technical services ","Thousands of dollars",(D),203,(D),(D),(D),(D),(D),(D),(D),(D),(D),(D),(D),(D),(D),(D),(D),(D),(D),(D),(D),(D)
 "31073","Gosper, NE",4,CAGDP2,64,"55","   Management of companies and enterprises ","Thousands of dollars",0,0,0,(D),(D),(D),(D),(D),(D),(D),(D),(D),(D),(D),0,0,0,0,0,0,0,0
 "31073","Gosper, NE",4,CAGDP2,65,"56","   Administrative and support and waste management and remediation services ","Thousands of dollars",32,36,121,131,122,54,(D),(D),(D),(D),(D),(D),(D),(D),(D),(D),(D),(D),(D),(D),(D),(D)
 "31073","Gosper, NE",4,CAGDP2,68,"61,62","  Educational services, health care, and social assistance ","Thousands of dollars",22,23,30,(D),(D),(D),110,(D),(D),(D),(D),(D),242,236,(D),(D),(D),(D),(D),463,(D),(D)
 "31073","Gosper, NE",4,CAGDP2,69,"61","   Educational services ","Thousands of dollars",7,7,14,22,19,17,(D),26,40,53,42,33,26,26,21,17,51,117,137,140,70,72
 "31073","Gosper, NE",4,CAGDP2,70,"62","   Health care and social assistance ","Thousands of dollars",15,16,16,(D),(D),(D),(D),(D),(D),(D),(D),(D),216,210,(D),(D),(D),(D),(D),323,(D),(D)
 "31073","Gosper, NE",4,CAGDP2,75,"71,72","  Arts, entertainment, recreation, accommodation, and food services ","Thousands of dollars",761,778,820,798,786,728,736,742,698,771,826,841,(D),723,688,867,875,1231,1424,1751,2273,2451
 "31073","Gosper, NE",4,CAGDP2,76,"71","   Arts, entertainment, and recreation ","Thousands of dollars",(D),(D),(D),(D),(D),(D),(D),(D),(D),(D),(D),(D),(D),(D),(D),(D),(D),(D),(D),(D),(D),(D)
 "31073","Gosper, NE",4,CAGDP2,79,"72","   Accommodation and food services ","Thousands of dollars",(D),(D),(D),(D),(D),(D),(D),(D),(D),(D),(D),(D),(D),(D),(D),(D),(D),(D),(D),(D),(D),(D)
 "31073","Gosper, NE",4,CAGDP2,82,"81","  Other services (except government and government enterprises) ","Thousands of dollars",(D),(D),(D),(D),(D),(D),(D),(D),(D),(D),(D),(D),1807,(D),2045,2237,2220,2243,2216,(D),2581,(D)
 "31073","Gosper, NE",4,CAGDP2,83,"92","Government and government enterprises ","Thousands of dollars",6585,6896,6877,6771,6896,7475,7468,7816,8126,9584,9230,9339,9258,9918,9850,10214,10459,10467,10069,8894,12233,12828
 "31073","Gosper, NE",4,CAGDP2,87,"11,21","Natural resources and mining ","Thousands of dollars",14577,1218,26361,22317,24865,18570,34543,(D),29074,(D),52419,46562,(D),49671,29003,7557,11910,11767,3319,8858,32055,15752
 "31073","Gosper, NE",4,CAGDP2,88,"42,44-45","Trade ","Thousands of dollars",(D),(D),(D),3067,3190,(D),(D),4800,5383,6188,6119,6687,6705,6579,6660,6590,5851,(D),(D),(D),(D),(D)
 "31073","Gosper, NE",4,CAGDP2,89,"22,48-49","Transportation and utilities ","Thousands of dollars",(D),(D),(D),(D),2826,(D),(D),3832,(D),(D),(D),(D),(D),(D),(D),(D),(D),(D),(D),(D),(D),(D)
 "31073","Gosper, NE",4,CAGDP2,90,"31-33,51","Manufacturing and information ","Thousands of dollars",(D),(D),(D),(D),687,1115,1137,961,(D),(D),(D),(D),(D),907,981,(D),(D),(D),(D),(D),(D),(D)
 "31073","Gosper, NE",4,CAGDP2,91,"...","Private goods-producing industries 2/","Thousands of dollars",16620,3409,28082,24545,27004,21471,37609,36361,31308,28136,54233,48771,84515,53012,31411,9814,14309,14377,7486,12828,36739,21334
 "31073","Gosper, NE",4,CAGDP2,92,"...","Private services-providing industries 3/","Thousands of dollars",20556,20434,21833,20935,23575,24334,30136,27203,31248,35498,37943,38425,37154,46601,57867,63115,55610,55036,63542,65883,67022,83273
 "31075","Grant, NE",4,CAGDP2,1,"...","All industry total ","Thousands of dollars",10829,10749,14249,14261,16975,14588,12842,12805,12444,18307,23019,16106,24934,36817,47210,39057,33540,31213,27240,29070,29006,27413
 "31075","Grant, NE",4,CAGDP2,2,"..."," Private industries ","Thousands of dollars",7820,7620,10904,10908,13510,10896,9254,9184,8842,14297,19061,12209,21227,32833,43170,34662,28948,26430,22434,24272,24010,22297
 "31075","Grant, NE",4,CAGDP2,3,"11","  Agriculture, forestry, fishing and hunting ","Thousands of dollars",(D),(D),(D),(D),(D),3072,428,899,414,6026,10393,(D),12051,21664,30279,21676,17956,17303,12666,13871,12064,9872
 "31075","Grant, NE",4,CAGDP2,6,"21","  Mining, quarrying, and oil and gas extraction ","Thousands of dollars",163,144,144,183,0,0,0,0,0,0,0,0,0,0,0,0,0,0,0,0,0,0
 "31075","Grant, NE",4,CAGDP2,10,"22","  Utilities ","Thousands of dollars",19,37,34,16,0,0,0,0,0,0,0,0,0,0,0,0,0,0,0,0,0,0
 "31075","Grant, NE",4,CAGDP2,11,"23","  Construction ","Thousands of dollars",(D),(D),(D),(D),(D),254,292,329,380,122,372,(D),486,603,657,802,554,471,578,(D),(D),(D)
 "31075","Grant, NE",4,CAGDP2,12,"31-33","  Manufacturing ","Thousands of dollars",0,0,0,0,0,0,0,0,0,21,47,81,49,38,23,213,159,119,54,(D),(D),(D)
 "31075","Grant, NE",4,CAGDP2,13,"321,327-339","   Durable goods manufacturing ","Thousands of dollars",0,0,0,0,0,0,0,0,0,4,4,7,0,0,9,9,7,27,21,(D),(D),(D)
 "31075","Grant, NE",4,CAGDP2,25,"311-316,322-326","   Nondurable goods manufacturing ","Thousands of dollars",0,0,0,0,0,0,0,0,0,17,43,74,49,38,14,204,152,92,33,31,39,44
 "31075","Grant, NE",4,CAGDP2,34,"42","  Wholesale trade ","Thousands of dollars",(D),(D),(D),(D),(D),(D),(D),(D),(D),(D),(D),(D),(D),(D),(D),(D),(D),(D),(D),(D),(D),(D)
 "31075","Grant, NE",4,CAGDP2,35,"44-45","  Retail trade ","Thousands of dollars",737,778,857,1149,1454,1648,1624,1448,(D),(D),(D),2030,2306,2252,2392,2782,2505,2176,2255,2385,2667,2776
 "31075","Grant, NE",4,CAGDP2,36,"48-49","  Transportation and warehousing ","Thousands of dollars",(D),(D),(D),(D),(D),(D),(D),(D),(D),1008,1028,(D),(D),(D),(D),(D),(D),(D),(D),(D),(D),(D)
 "31075","Grant, NE",4,CAGDP2,45,"51","  Information ","Thousands of dollars",(D),(D),(D),(D),(D),(D),(D),(D),(D),(D),(D),(D),(D),(D),(D),(D),(D),(D),(D),(D),(D),(D)
 "31075","Grant, NE",4,CAGDP2,50,"52,53","  Finance, insurance, real estate, rental, and leasing ","Thousands of dollars",3436,3351,3623,3261,3442,2970,3495,3141,3255,(D),3386,3255,2949,3301,3683,3806,3172,3434,(D),4248,4629,(D)
 "31075","Grant, NE",4,CAGDP2,51,"52","   Finance and insurance ","Thousands of dollars",(D),(D),(D),(D),(D),(D),(D),(D),(D),(D),(D),(D),(D),150,165,183,194,296,(D),(D),(D),(D)
 "31075","Grant, NE",4,CAGDP2,56,"53","   Real estate and rental and leasing ","Thousands of dollars",(D),(D),(D),(D),(D),(D),(D),(D),(D),3120,(D),(D),(D),3151,3518,3623,2978,3138,3105,(D),(D),4240
 "31075","Grant, NE",4,CAGDP2,59,"54,55,56","  Professional and business services ","Thousands of dollars",(D),(D),454,482,453,566,680,739,678,682,678,771,856,892,901,946,843,790,877,880,1137,1130
 "31075","Grant, NE",4,CAGDP2,60,"54","   Professional, scientific, and technical services ","Thousands of dollars",(D),(D),(D),(D),(D),(D),(D),(D),(D),(D),(D),(D),(D),(D),(D),(D),(D),(D),(D),(D),(D),(D)
 "31075","Grant, NE",4,CAGDP2,64,"55","   Management of companies and enterprises ","Thousands of dollars",0,0,0,0,0,0,0,0,0,0,(D),(D),0,0,0,0,0,0,0,0,0,0
 "31075","Grant, NE",4,CAGDP2,65,"56","   Administrative and support and waste management and remediation services ","Thousands of dollars",0,0,(D),(D),(D),(D),(D),(D),(D),(D),(D),(D),(D),(D),(D),(D),(D),(D),(D),(D),(D),(D)
 "31075","Grant, NE",4,CAGDP2,68,"61,62","  Educational services, health care, and social assistance ","Thousands of dollars",24,27,23,59,49,47,45,24,30,71,109,160,(D),(D),(D),(D),(D),(D),(D),(D),(D),(D)
 "31075","Grant, NE",4,CAGDP2,69,"61","   Educational services ","Thousands of dollars",7,9,7,12,8,6,9,24,30,35,22,18,14,18,21,32,35,29,29,28,22,22
 "31075","Grant, NE",4,CAGDP2,70,"62","   Health care and social assistance ","Thousands of dollars",17,18,16,47,41,41,36,0,0,36,87,142,(D),(D),(D),(D),(D),(D),(D),(D),(D),(D)
 "31075","Grant, NE",4,CAGDP2,75,"71,72","  Arts, entertainment, recreation, accommodation, and food services ","Thousands of dollars",(D),196,160,154,147,167,166,180,159,209,(D),148,259,335,343,390,404,402,428,345,355,275
 "31075","Grant, NE",4,CAGDP2,76,"71","   Arts, entertainment, and recreation ","Thousands of dollars",51,(D),(D),(D),(D),(D),(D),(D),(D),(D),(D),(D),(D),(D),(D),(D),(D),(D),(D),(D),(D),(D)
 "31075","Grant, NE",4,CAGDP2,79,"72","   Accommodation and food services ","Thousands of dollars",(D),(D),(D),(D),(D),(D),(D),(D),(D),(D),(D),(D),(D),(D),(D),(D),(D),(D),(D),(D),(D),(D)
 "31075","Grant, NE",4,CAGDP2,82,"81","  Other services (except government and government enterprises) ","Thousands of dollars",635,698,(D),588,461,365,(D),(D),(D),343,453,571,765,454,465,601,542,616,610,655,688,729
 "31075","Grant, NE",4,CAGDP2,83,"92","Government and government enterprises ","Thousands of dollars",3008,3130,3345,3353,3465,3691,3588,3621,3602,4010,3958,3897,3707,3983,4040,4395,4591,4784,4806,4798,4995,5116
 "31075","Grant, NE",4,CAGDP2,87,"11,21","Natural resources and mining ","Thousands of dollars",(D),(D),(D),(D),(D),3072,428,899,414,6026,10393,(D),12051,21664,30279,21676,17956,17303,12666,13871,12064,9872
 "31075","Grant, NE",4,CAGDP2,88,"42,44-45","Trade ","Thousands of dollars",(D),(D),(D),(D),(D),(D),(D),(D),2121,2241,2192,(D),(D),(D),(D),(D),(D),(D),(D),(D),(D),(D)
 "31075","Grant, NE",4,CAGDP2,89,"22,48-49","Transportation and utilities ","Thousands of dollars",(D),(D),(D),(D),(D),(D),(D),(D),(D),1008,1028,(D),(D),(D),(D),(D),(D),(D),(D),(D),(D),(D)
 "31075","Grant, NE",4,CAGDP2,90,"31-33,51","Manufacturing and information ","Thousands of dollars",(D),(D),(D),(D),(D),(D),(D),(D),(D),(D),(D),(D),(D),(D),(D),(D),(D),(D),(D),141,165,174
 "31075","Grant, NE",4,CAGDP2,91,"...","Private goods-producing industries 2/","Thousands of dollars",376,452,3910,3968,5818,3326,720,1228,794,6169,10813,3608,12586,22306,30959,22690,18669,17893,13298,14582,12778,10603
 "31075","Grant, NE",4,CAGDP2,92,"...","Private services-providing industries 3/","Thousands of dollars",7444,7167,6994,6939,7693,7571,8534,7955,8048,8127,8249,8601,8641,10528,12211,11972,10279,8537,9136,9690,11232,11695
 "31077","Greeley, NE",4,CAGDP2,1,"...","All industry total ","Thousands of dollars",53657,45379,58536,60302,66272,48624,54998,52754,57450,61370,92325,95820,118833,103273,109870,88592,92186,98021,107433,105891,141875,139233
 "31077","Greeley, NE",4,CAGDP2,2,"..."," Private industries ","Thousands of dollars",43514,34327,47571,48907,54773,36199,42475,39505,44450,46801,78140,81551,105128,88942,95093,72885,76015,81004,89842,87001,122142,120878
 "31077","Greeley, NE",4,CAGDP2,3,"11","  Agriculture, forestry, fishing and hunting ","Thousands of dollars",15185,4656,18811,20988,26278,7723,14841,8639,13125,11639,37700,39356,61909,47998,46542,22995,28152,32039,37420,35043,65329,60797
 "31077","Greeley, NE",4,CAGDP2,6,"21","  Mining, quarrying, and oil and gas extraction ","Thousands of dollars",0,0,0,0,0,0,0,0,0,0,0,0,0,0,0,0,0,0,0,0,0,0
 "31077","Greeley, NE",4,CAGDP2,10,"22","  Utilities ","Thousands of dollars",2,1,0,5,1,2,2,1,1,18,17,35,26,28,9,9,12,5,0,0,0,0
 "31077","Greeley, NE",4,CAGDP2,11,"23","  Construction ","Thousands of dollars",1448,1600,1505,1396,1702,1609,1144,1328,1478,1832,1914,1658,1212,172,1776,2046,3102,2815,2822,3085,3855,3914
 "31077","Greeley, NE",4,CAGDP2,12,"31-33","  Manufacturing ","Thousands of dollars",2052,2528,2722,2426,1735,1477,1275,1405,1599,1969,2132,2382,2438,1899,1997,1966,2113,1730,1872,1525,1632,1845
 "31077","Greeley, NE",4,CAGDP2,13,"321,327-339","   Durable goods manufacturing ","Thousands of dollars",(D),666,(D),(D),(D),(D),(D),(D),642,745,853,1099,1305,1095,1051,1111,1188,981,1026,(D),(D),(D)
 "31077","Greeley, NE",4,CAGDP2,25,"311-316,322-326","   Nondurable goods manufacturing ","Thousands of dollars",(D),1861,(D),(D),(D),(D),(D),(D),957,1224,1279,1284,1133,804,945,854,925,748,846,(D),(D),(D)
 "31077","Greeley, NE",4,CAGDP2,34,"42","  Wholesale trade ","Thousands of dollars",5699,5925,5808,5802,6080,5999,6027,7295,7855,8768,9647,11255,10996,10645,11201,10868,10417,11629,12536,12944,13071,13875
 "31077","Greeley, NE",4,CAGDP2,35,"44-45","  Retail trade ","Thousands of dollars",(D),2786,2724,2915,2569,2719,(D),2623,2771,2808,3149,3637,(D),(D),(D),(D),(D),(D),3821,3964,4888,5539
 "31077","Greeley, NE",4,CAGDP2,36,"48-49","  Transportation and warehousing ","Thousands of dollars",(D),548,362,369,1085,1162,(D),1033,849,1393,2149,1642,(D),(D),(D),(D),(D),(D),3320,4437,6520,6753
 "31077","Greeley, NE",4,CAGDP2,45,"51","  Information ","Thousands of dollars",(D),(D),(D),(D),(D),(D),(D),(D),(D),(D),(D),819,(D),(D),(D),(D),(D),703,772,905,1063,1107
 "31077","Greeley, NE",4,CAGDP2,50,"52,53","  Finance, insurance, real estate, rental, and leasing ","Thousands of dollars",10649,10896,10634,10215,10732,10882,10598,12005,11210,12543,15552,16814,17509,15723,17823,19213,17060,18235,20868,19045,19259,19908
 "31077","Greeley, NE",4,CAGDP2,51,"52","   Finance and insurance ","Thousands of dollars",2701,3256,3131,2886,3144,3229,2915,3159,2913,2897,3652,4257,4560,4367,4668,4762,4922,4768,5286,5424,5800,6375
 "31077","Greeley, NE",4,CAGDP2,56,"53","   Real estate and rental and leasing ","Thousands of dollars",7948,7640,7503,7329,7587,7653,7682,8846,8297,9646,11900,12557,12949,11356,13155,14452,12137,13468,15582,13621,13459,13534
 "31077","Greeley, NE",4,CAGDP2,59,"54,55,56","  Professional and business services ","Thousands of dollars",(D),(D),(D),(D),(D),(D),(D),(D),(D),(D),(D),(D),(D),(D),(D),(D),277,380,590,835,1075,1355
 "31077","Greeley, NE",4,CAGDP2,60,"54","   Professional, scientific, and technical services ","Thousands of dollars",146,152,103,80,28,29,16,91,73,100,108,122,112,109,159,188,(D),(D),(D),(D),892,1173
 "31077","Greeley, NE",4,CAGDP2,64,"55","   Management of companies and enterprises ","Thousands of dollars",0,0,0,0,0,0,0,0,0,0,0,0,0,0,0,0,0,0,0,0,0,0
 "31077","Greeley, NE",4,CAGDP2,65,"56","   Administrative and support and waste management and remediation services ","Thousands of dollars",(D),(D),(D),(D),(D),(D),(D),(D),(D),(D),(D),(D),(D),(D),(D),(D),(D),(D),(D),(D),184,182
 "31077","Greeley, NE",4,CAGDP2,68,"61,62","  Educational services, health care, and social assistance ","Thousands of dollars",1870,2090,2032,1957,1934,(D),(D),(D),2350,2380,2290,(D),1137,1205,1264,1400,1550,1744,1978,1771,1836,1845
 "31077","Greeley, NE",4,CAGDP2,69,"61","   Educational services ","Thousands of dollars",856,1018,917,849,781,665,687,855,933,927,890,941,930,946,976,1041,1069,1111,1137,1049,1061,1073
 "31077","Greeley, NE",4,CAGDP2,70,"62","   Health care and social assistance ","Thousands of dollars",1014,1073,1115,1108,1153,(D),(D),(D),1417,1453,1401,(D),207,259,288,359,481,633,840,722,775,772
 "31077","Greeley, NE",4,CAGDP2,75,"71,72","  Arts, entertainment, recreation, accommodation, and food services ","Thousands of dollars",566,578,444,301,260,263,186,234,215,233,290,281,328,435,457,549,659,840,995,804,1015,1155
 "31077","Greeley, NE",4,CAGDP2,76,"71","   Arts, entertainment, and recreation ","Thousands of dollars",136,145,87,45,11,9,4,0,3,16,39,14,25,41,52,78,78,105,(D),(D),(D),(D)
 "31077","Greeley, NE",4,CAGDP2,79,"72","   Accommodation and food services ","Thousands of dollars",429,433,357,256,249,254,181,234,212,217,251,267,303,394,405,471,581,735,(D),(D),(D),(D)
 "31077","Greeley, NE",4,CAGDP2,82,"81","  Other services (except government and government enterprises) ","Thousands of dollars",1703,1898,1796,1846,1761,1879,1898,1770,1892,1915,2050,2196,2380,2658,3233,3356,3178,2948,2846,2643,2600,2785
 "31077","Greeley, NE",4,CAGDP2,83,"92","Government and government enterprises ","Thousands of dollars",10143,11052,10965,11396,11499,12425,12524,13249,13001,14569,14185,14270,13705,14331,14777,15707,16171,17018,17591,18890,19733,18355
 "31077","Greeley, NE",4,CAGDP2,87,"11,21","Natural resources and mining ","Thousands of dollars",15185,4656,18811,20988,26278,7723,14841,8639,13125,11639,37700,39356,61909,47998,46542,22995,28152,32039,37420,35043,65329,60797
 "31077","Greeley, NE",4,CAGDP2,88,"42,44-45","Trade ","Thousands of dollars",(D),8710,8531,8717,8649,8718,(D),9919,10626,11577,12796,14892,(D),(D),(D),(D),(D),(D),16357,16908,17959,19414
 "31077","Greeley, NE",4,CAGDP2,89,"22,48-49","Transportation and utilities ","Thousands of dollars",(D),549,362,375,1085,1163,(D),1034,850,1411,2166,1677,(D),(D),(D),(D),(D),(D),3321,4437,6520,6753
 "31077","Greeley, NE",4,CAGDP2,90,"31-33,51","Manufacturing and information ","Thousands of dollars",(D),(D),(D),(D),(D),(D),(D),(D),(D),(D),(D),3201,(D),(D),(D),(D),(D),2432,2645,2430,2695,2952
 "31077","Greeley, NE",4,CAGDP2,91,"...","Private goods-producing industries 2/","Thousands of dollars",18686,8784,23038,24810,29715,10810,17260,11372,16202,15439,41747,43396,65559,50069,50315,27006,33367,36584,42114,39653,70816,66556
 "31077","Greeley, NE",4,CAGDP2,92,"...","Private services-providing industries 3/","Thousands of dollars",24828,25543,24533,24097,25058,25389,25214,28133,28248,31362,36393,38155,39569,38873,44778,45879,42648,44420,47728,47348,51326,54322
 "31079","Hall, NE",4,CAGDP2,1,"...","All industry total ","Thousands of dollars",1732426,1827786,1937460,2027343,2249668,2430007,2518692,2666143,2763140,2888408,2943781,3152950,3350534,3261372,3342537,3456731,3450115,3576656,3656936,3771263,4319332,4629424
 "31079","Hall, NE",4,CAGDP2,2,"..."," Private industries ","Thousands of dollars",1494703,1574390,1668754,1751413,1963790,2116578,2200150,2327310,2416291,2499398,2554703,2764577,2966775,2849906,2924067,3018886,2996505,3108381,3184740,3278453,3822326,4133559
 "31079","Hall, NE",4,CAGDP2,3,"11","  Agriculture, forestry, fishing and hunting ","Thousands of dollars",(D),44620,63541,58318,62743,(D),(D),(D),76566,68601,137385,146251,193069,127061,118896,98267,79363,60920,94397,112348,175114,131432
 "31079","Hall, NE",4,CAGDP2,6,"21","  Mining, quarrying, and oil and gas extraction ","Thousands of dollars",829,993,842,710,793,849,3255,2314,2046,3010,3206,3096,2759,2751,2777,1931,2010,1752,1843,2451,2636,2711
 "31079","Hall, NE",4,CAGDP2,10,"22","  Utilities ","Thousands of dollars",16163,12786,15033,19024,14858,18368,16078,20174,24325,19538,20718,18228,28953,23642,25801,33318,18669,22592,21816,16686,26812,35595
 "31079","Hall, NE",4,CAGDP2,11,"23","  Construction ","Thousands of dollars",61512,69578,75682,90749,97190,101334,127029,107663,92754,73012,70196,72432,83114,111032,128605,154641,176388,174316,160470,162892,176565,209729
 "31079","Hall, NE",4,CAGDP2,12,"31-33","  Manufacturing ","Thousands of dollars",331796,356830,364177,373426,479906,528716,498518,651963,672021,667366,687954,812542,895147,844450,813119,828917,778067,840796,811088,882092,1119122,1236398
 "31079","Hall, NE",4,CAGDP2,13,"321,327-339","   Durable goods manufacturing ","Thousands of dollars",154578,156415,156128,178178,(D),(D),(D),(D),(D),(D),(D),(D),551541,418617,354912,319609,336763,310128,329394,327756,365911,438422
 "31079","Hall, NE",4,CAGDP2,25,"311-316,322-326","   Nondurable goods manufacturing ","Thousands of dollars",177218,200415,208049,195248,(D),(D),(D),(D),(D),(D),(D),(D),343605,425833,458207,509308,441304,530668,481694,554336,753211,797977
 "31079","Hall, NE",4,CAGDP2,34,"42","  Wholesale trade ","Thousands of dollars",90154,94015,102483,113068,131739,147536,166964,180504,202712,225045,224108,224501,216565,216021,215697,200926,181204,173425,166636,166353,180714,201362
 "31079","Hall, NE",4,CAGDP2,35,"44-45","  Retail trade ","Thousands of dollars",208702,213152,225446,227721,228404,225823,226490,226086,223090,221075,228097,239310,257406,262372,275236,284678,292886,297264,304004,320763,349948,352746
 "31079","Hall, NE",4,CAGDP2,36,"48-49","  Transportation and warehousing ","Thousands of dollars",(D),101630,108568,129082,132747,(D),(D),(D),165553,183973,191060,196032,214379,174575,196973,215570,221949,235468,240108,256530,324607,366117
 "31079","Hall, NE",4,CAGDP2,45,"51","  Information ","Thousands of dollars",33521,33284,35795,38302,41623,46504,54259,45546,44602,41817,44837,48271,52978,49640,48635,44855,43554,35446,31645,29674,30518,30990
 "31079","Hall, NE",4,CAGDP2,50,"52,53","  Finance, insurance, real estate, rental, and leasing ","Thousands of dollars",265498,275335,288694,296838,353029,376198,400934,354244,354084,376926,410334,417398,419943,416825,461602,505042,523271,556995,607303,593644,610580,691839
 "31079","Hall, NE",4,CAGDP2,51,"52","   Finance and insurance ","Thousands of dollars",111982,119250,131964,136132,181397,197355,219694,151412,155630,149780,146356,150629,145545,160703,179220,193613,238379,232700,258532,267120,274672,333198
 "31079","Hall, NE",4,CAGDP2,56,"53","   Real estate and rental and leasing ","Thousands of dollars",153516,156085,156730,160706,171632,178842,181240,202832,198453,227146,263978,266768,274398,256122,282382,311429,284892,324295,348772,326524,335909,358640
 "31079","Hall, NE",4,CAGDP2,59,"54,55,56","  Professional and business services ","Thousands of dollars",79203,87228,93397,102608,115859,129258,133624,138229,139357,149768,157783,168385,179823,189240,191014,192298,206016,213529,220344,219087,244034,274396
 "31079","Hall, NE",4,CAGDP2,60,"54","   Professional, scientific, and technical services ","Thousands of dollars",41743,45025,48120,51920,52815,55365,55949,58499,56642,58906,53885,56103,60909,63905,65496,65499,68931,71576,76699,74130,78880,87210
 "31079","Hall, NE",4,CAGDP2,64,"55","   Management of companies and enterprises ","Thousands of dollars",2433,8123,9327,12443,20910,26124,25829,21458,22524,25100,27727,29856,30064,36146,36068,31925,34898,34778,33504,33764,40100,53702
 "31079","Hall, NE",4,CAGDP2,65,"56","   Administrative and support and waste management and remediation services ","Thousands of dollars",35027,34079,35950,38244,42133,47770,51846,58272,60191,65762,76172,82426,88850,89190,89450,94875,102187,107175,110141,111193,125053,133484
 "31079","Hall, NE",4,CAGDP2,68,"61,62","  Educational services, health care, and social assistance ","Thousands of dollars",150663,168257,180097,189788,192493,193247,198267,236375,288901,332214,234174,259950,257850,262350,258322,265294,276324,292673,314272,324365,361481,355667
 "31079","Hall, NE",4,CAGDP2,69,"61","   Educational services ","Thousands of dollars",4198,4330,4716,5388,5206,4880,5061,5294,6118,6301,6539,6617,6499,6629,6467,6745,6804,7609,7861,7194,7288,8404
 "31079","Hall, NE",4,CAGDP2,70,"62","   Health care and social assistance ","Thousands of dollars",146464,163927,175382,184401,187287,188368,193206,231080,282783,325913,227634,253333,251350,255721,251856,258550,269520,285064,306411,317172,354193,347263
 "31079","Hall, NE",4,CAGDP2,75,"71,72","  Arts, entertainment, recreation, accommodation, and food services ","Thousands of dollars",67052,68252,68341,66274,67231,69173,70985,76547,77452,80233,83650,91537,96616,101476,113414,116191,120272,125625,131297,109739,131484,146145
 "31079","Hall, NE",4,CAGDP2,76,"71","   Arts, entertainment, and recreation ","Thousands of dollars",11862,11958,11021,10020,9837,9690,8501,9616,10180,11431,12684,13303,13314,12754,15186,17543,20901,23716,24273,17499,21869,23602
 "31079","Hall, NE",4,CAGDP2,79,"72","   Accommodation and food services ","Thousands of dollars",55190,56294,57320,56254,57394,59483,62484,66931,67272,68802,70966,78234,83302,88722,98228,98647,99370,101909,107025,92240,109616,122543
 "31079","Hall, NE",4,CAGDP2,82,"81","  Other services (except government and government enterprises) ","Thousands of dollars",44834,48429,46660,45503,45175,45686,49703,51086,52827,56820,61203,66645,68173,68469,73976,76957,76534,77579,79518,81830,88711,98432
 "31079","Hall, NE",4,CAGDP2,83,"92","Government and government enterprises ","Thousands of dollars",237723,253396,268706,275931,285877,313429,318542,338833,346849,389011,389077,388373,383760,411465,418470,437845,453610,468275,472196,492810,497006,495865
 "31079","Hall, NE",4,CAGDP2,87,"11,21","Natural resources and mining ","Thousands of dollars",(D),45613,64383,59029,63536,(D),(D),(D),78612,71611,140591,149347,195828,129813,121673,100198,81372,62673,96239,114798,177749,134143
 "31079","Hall, NE",4,CAGDP2,88,"42,44-45","Trade ","Thousands of dollars",298855,307167,327929,340790,360143,373359,393453,406590,425802,446120,452205,463811,473971,478393,490933,485604,474090,470689,470639,487116,530662,554108
 "31079","Hall, NE",4,CAGDP2,89,"22,48-49","Transportation and utilities ","Thousands of dollars",(D),114416,123601,148105,147605,(D),(D),(D),189878,203511,211778,214260,243332,198218,222774,248888,240617,258060,261924,273216,351419,401712
 "31079","Hall, NE",4,CAGDP2,90,"31-33,51","Manufacturing and information ","Thousands of dollars",365317,390113,399972,411729,521529,575220,552777,697510,716623,709184,732790,860812,948124,894090,861754,873772,821621,876242,842733,911766,1149640,1267388
 "31079","Hall, NE",4,CAGDP2,91,"...","Private goods-producing industries 2/","Thousands of dollars",(D),472022,504242,523204,640632,(D),(D),(D),843387,811990,898740,1034320,1174089,1085295,1063397,1083756,1035828,1077785,1067797,1159783,1473436,1580271
 "31079","Hall, NE",4,CAGDP2,92,"...","Private services-providing industries 3/","Thousands of dollars",(D),1102368,1164513,1228209,1323158,(D),(D),(D),1572904,1687408,1655963,1730257,1792685,1764612,1860670,1935130,1960678,2030596,2116943,2118670,2348890,2553288
 "31081","Hamilton, NE",4,CAGDP2,1,"...","All industry total ","Thousands of dollars",218626,237284,263797,288433,305584,324360,381943,462818,530660,578616,602921,529247,579640,514811,551104,553403,588816,626921,646036,678303,843876,885709
 "31081","Hamilton, NE",4,CAGDP2,2,"..."," Private industries ","Thousands of dollars",193385,209926,235722,259385,275067,290909,349417,428794,496881,540682,565297,492364,543054,476461,510949,516184,550454,587815,605430,635278,800097,840505
 "31081","Hamilton, NE",4,CAGDP2,3,"11","  Agriculture, forestry, fishing and hunting ","Thousands of dollars",32887,42024,60255,79540,72368,67363,115547,124892,102064,71753,143663,172521,218566,141192,132922,97383,121604,109473,103481,111283,187504,187495
 "31081","Hamilton, NE",4,CAGDP2,6,"21","  Mining, quarrying, and oil and gas extraction ","Thousands of dollars",0,0,0,0,0,0,0,0,0,0,0,0,0,0,0,0,0,0,0,0,0,0
 "31081","Hamilton, NE",4,CAGDP2,10,"22","  Utilities ","Thousands of dollars",0,0,0,0,0,0,0,0,0,0,0,0,0,0,0,0,0,0,0,0,0,0
 "31081","Hamilton, NE",4,CAGDP2,11,"23","  Construction ","Thousands of dollars",13696,13563,11097,5215,5573,7114,9928,27834,8032,7594,11041,6250,10927,12966,14420,17043,16919,17123,16024,16918,21078,21074
 "31081","Hamilton, NE",4,CAGDP2,12,"31-33","  Manufacturing ","Thousands of dollars",23495,28464,32207,39235,45330,51626,52814,87335,178150,248944,175050,61112,73460,68322,64338,71136,83831,121960,133397,146176,189217,199294
 "31081","Hamilton, NE",4,CAGDP2,13,"321,327-339","   Durable goods manufacturing ","Thousands of dollars",(D),(D),(D),(D),14873,15873,21538,19961,16366,15652,16568,19092,19641,18312,19504,19246,22189,22393,24548,25089,31828,34759
 "31081","Hamilton, NE",4,CAGDP2,25,"311-316,322-326","   Nondurable goods manufacturing ","Thousands of dollars",(D),(D),(D),(D),30456,35753,31275,67375,161784,233292,158482,42020,53818,50010,44834,51889,61642,99567,108850,121087,157389,164536
 "31081","Hamilton, NE",4,CAGDP2,34,"42","  Wholesale trade ","Thousands of dollars",18334,17874,17095,19897,25021,30430,32859,38516,41204,49018,53219,61061,66201,67856,75546,79963,87174,90780,95694,105097,115096,124786
 "31081","Hamilton, NE",4,CAGDP2,35,"44-45","  Retail trade ","Thousands of dollars",8646,9311,11706,12725,13965,15380,17151,17129,17275,17847,19131,19879,22763,24839,26676,29165,33290,35179,34518,35976,35592,35864
 "31081","Hamilton, NE",4,CAGDP2,36,"48-49","  Transportation and warehousing ","Thousands of dollars",21282,18412,18622,19906,23537,28039,25759,32546,47168,34218,39762,45898,28990,38550,62756,75974,69707,64941,62676,64519,86196,96326
 "31081","Hamilton, NE",4,CAGDP2,45,"51","  Information ","Thousands of dollars",8695,9727,15029,13711,14831,14814,18140,20513,23444,25618,29391,29496,23424,22517,26272,28865,(D),(D),(D),(D),(D),(D)
 "31081","Hamilton, NE",4,CAGDP2,50,"52,53","  Finance, insurance, real estate, rental, and leasing ","Thousands of dollars",37492,39039,37836,35186,38005,38653,38994,40718,38945,44188,52016,52891,53673,51589,56913,61676,56543,60865,68923,65855,67873,71895
 "31081","Hamilton, NE",4,CAGDP2,51,"52","   Finance and insurance ","Thousands of dollars",9011,11110,11393,10580,12237,12613,12959,12165,11815,12211,13510,15177,15755,17286,18413,18962,19975,18669,20855,21776,22482,26043
 "31081","Hamilton, NE",4,CAGDP2,56,"53","   Real estate and rental and leasing ","Thousands of dollars",28481,27930,26443,24606,25768,26040,26035,28553,27130,31977,38506,37714,37917,34303,38500,42713,36568,42196,48068,44079,45391,45852
 "31081","Hamilton, NE",4,CAGDP2,59,"54,55,56","  Professional and business services ","Thousands of dollars",7294,7491,7251,8263,9733,11545,12349,12587,12417,12757,11773,11163,11140,12719,14435,15406,17285,17932,18422,17502,21179,21597
 "31081","Hamilton, NE",4,CAGDP2,60,"54","   Professional, scientific, and technical services ","Thousands of dollars",3952,4274,4337,(D),(D),5669,(D),(D),(D),(D),8081,8567,8449,9758,10432,10448,(D),(D),(D),10761,14026,14688
 "31081","Hamilton, NE",4,CAGDP2,64,"55","   Management of companies and enterprises ","Thousands of dollars",0,0,0,0,(D),(D),(D),(D),(D),(D),(D),(D),0,(D),(D),0,(D),(D),(D),(D),(D),(D)
 "31081","Hamilton, NE",4,CAGDP2,65,"56","   Administrative and support and waste management and remediation services ","Thousands of dollars",3342,3217,2914,(D),(D),(D),6337,4976,4635,4563,(D),(D),2691,(D),(D),4958,7455,7390,7022,(D),(D),(D)
 "31081","Hamilton, NE",4,CAGDP2,68,"61,62","  Educational services, health care, and social assistance ","Thousands of dollars",11080,12863,13060,14159,14576,14191,14375,15090,15807,15691,16476,17284,18528,20057,20355,23317,23619,26025,27627,27911,28411,30498
 "31081","Hamilton, NE",4,CAGDP2,69,"61","   Educational services ","Thousands of dollars",(D),(D),(D),(D),(D),(D),(D),(D),(D),(D),(D),(D),(D),(D),(D),(D),(D),(D),(D),(D),(D),(D)
 "31081","Hamilton, NE",4,CAGDP2,70,"62","   Health care and social assistance ","Thousands of dollars",(D),(D),(D),(D),(D),(D),(D),(D),(D),(D),(D),(D),(D),(D),(D),(D),(D),(D),(D),(D),(D),(D)
 "31081","Hamilton, NE",4,CAGDP2,75,"71,72","  Arts, entertainment, recreation, accommodation, and food services ","Thousands of dollars",3744,3768,3991,3869,4064,4112,3903,4092,4496,5013,5534,6160,5879,5705,6342,6532,7060,7444,7508,6511,7424,8604
 "31081","Hamilton, NE",4,CAGDP2,76,"71","   Arts, entertainment, and recreation ","Thousands of dollars",650,729,946,888,1057,1043,847,846,953,1098,1174,1529,1775,1456,1732,1851,2076,2197,2258,1630,2078,2392
 "31081","Hamilton, NE",4,CAGDP2,79,"72","   Accommodation and food services ","Thousands of dollars",3094,3039,3045,2982,3007,3069,3056,3246,3543,3915,4360,4631,4104,4248,4610,4681,4984,5247,5250,4880,5346,6212
 "31081","Hamilton, NE",4,CAGDP2,82,"81","  Other services (except government and government enterprises) ","Thousands of dollars",6741,7390,7573,7680,8063,7640,7599,7543,7879,8041,8242,8649,9503,10150,9974,9725,(D),(D),(D),(D),(D),(D)
 "31081","Hamilton, NE",4,CAGDP2,83,"92","Government and government enterprises ","Thousands of dollars",25241,27358,28075,29047,30517,33451,32526,34024,33779,37934,37623,36884,36586,38349,40155,37220,38362,39106,40606,43025,43780,45203
 "31081","Hamilton, NE",4,CAGDP2,87,"11,21","Natural resources and mining ","Thousands of dollars",32887,42024,60255,79540,72368,67363,115547,124892,102064,71753,143663,172521,218566,141192,132922,97383,121604,109473,103481,111283,187504,187495
 "31081","Hamilton, NE",4,CAGDP2,88,"42,44-45","Trade ","Thousands of dollars",26980,27185,28801,32622,38986,45810,50010,55646,58479,66865,72350,80940,88964,92695,102223,109127,120464,125958,130212,141073,150688,160649
 "31081","Hamilton, NE",4,CAGDP2,89,"22,48-49","Transportation and utilities ","Thousands of dollars",21282,18412,18622,19906,23537,28039,25759,32546,47168,34218,39762,45898,28990,38550,62756,75974,69707,64941,62676,64519,86196,96326
 "31081","Hamilton, NE",4,CAGDP2,90,"31-33,51","Manufacturing and information ","Thousands of dollars",32190,38191,47236,52946,60161,66441,70954,107848,201594,274562,204441,90608,96883,90839,90610,100000,(D),(D),(D),(D),(D),(D)
 "31081","Hamilton, NE",4,CAGDP2,91,"...","Private goods-producing industries 2/","Thousands of dollars",70078,84051,103559,123990,123271,126104,178288,240061,288247,328290,329753,239883,302952,222480,211680,185562,222353,248556,252903,274376,397799,407863
 "31081","Hamilton, NE",4,CAGDP2,92,"...","Private services-providing industries 3/","Thousands of dollars",123308,125875,132162,135395,151796,164805,171129,188733,208634,212392,235544,252481,240102,253981,299269,330622,328101,339259,352527,360902,402298,432642
 "31083","Harlan, NE",4,CAGDP2,1,"...","All industry total ","Thousands of dollars",66995,55419,81337,81647,83198,73235,109835,134523,135307,138516,187876,162410,218876,201677,201293,182313,165329,189387,186687,173932,218227,233273
 "31083","Harlan, NE",4,CAGDP2,2,"..."," Private industries ","Thousands of dollars",56309,44429,70077,69739,71039,59851,96599,120605,120790,122176,170425,144940,202127,183323,182025,161578,143200,165405,162881,149860,193536,207913
 "31083","Harlan, NE",4,CAGDP2,3,"11","  Agriculture, forestry, fishing and hunting ","Thousands of dollars",15403,1509,28241,28374,26172,10622,45143,68544,65419,64130,113315,89299,138644,112502,102893,(D),70162,89574,82577,69805,108986,110384
 "31083","Harlan, NE",4,CAGDP2,6,"21","  Mining, quarrying, and oil and gas extraction ","Thousands of dollars",39,49,58,79,103,141,167,161,97,92,85,89,111,246,167,138,168,186,155,111,99,141
 "31083","Harlan, NE",4,CAGDP2,10,"22","  Utilities ","Thousands of dollars",0,0,0,0,0,0,0,0,160,154,83,69,49,84,0,0,0,117,126,1730,1816,1680
 "31083","Harlan, NE",4,CAGDP2,11,"23","  Construction ","Thousands of dollars",1363,1475,1329,1577,1689,(D),1737,(D),(D),2058,1686,2423,1784,2649,2518,2403,1990,1707,2191,(D),(D),(D)
 "31083","Harlan, NE",4,CAGDP2,12,"31-33","  Manufacturing ","Thousands of dollars",1711,1893,1409,1145,1136,(D),1602,(D),(D),1154,1159,1239,1436,1304,1399,(D),1557,1329,1615,(D),(D),(D)
 "31083","Harlan, NE",4,CAGDP2,13,"321,327-339","   Durable goods manufacturing ","Thousands of dollars",158,188,94,64,109,123,16,81,133,(D),(D),(D),(D),(D),(D),387,(D),(D),(D),411,231,292
 "31083","Harlan, NE",4,CAGDP2,25,"311-316,322-326","   Nondurable goods manufacturing ","Thousands of dollars",1553,1705,1315,1081,1027,(D),1586,(D),(D),(D),(D),(D),(D),(D),(D),(D),(D),(D),(D),(D),(D),(D)
 "31083","Harlan, NE",4,CAGDP2,34,"42","  Wholesale trade ","Thousands of dollars",9011,7754,7177,(D),7633,7713,7954,8912,9357,9938,10009,8984,10916,15203,16785,15643,11671,10456,11023,11385,12857,14170
 "31083","Harlan, NE",4,CAGDP2,35,"44-45","  Retail trade ","Thousands of dollars",4177,4684,4596,4687,4459,5018,4904,5291,5297,5242,5064,5629,6419,6510,6549,6179,6704,7287,7090,8833,8650,9116
 "31083","Harlan, NE",4,CAGDP2,36,"48-49","  Transportation and warehousing ","Thousands of dollars",2368,1565,1323,(D),1771,1345,2120,3593,(D),(D),(D),(D),(D),(D),5423,4301,766,(D),(D),(D),(D),(D)
 "31083","Harlan, NE",4,CAGDP2,45,"51","  Information ","Thousands of dollars",(D),(D),(D),(D),(D),147,(D),(D),(D),(D),(D),44,100,(D),(D),(D),(D),(D),(D),(D),770,(D)
 "31083","Harlan, NE",4,CAGDP2,50,"52,53","  Finance, insurance, real estate, rental, and leasing ","Thousands of dollars",16000,18672,18765,17742,20113,23081,24237,21472,22594,24344,24625,24097,30345,30260,34882,40475,38833,37121,(D),39184,40886,50229
 "31083","Harlan, NE",4,CAGDP2,51,"52","   Finance and insurance ","Thousands of dollars",4767,5927,5819,5344,6548,5725,5498,5560,(D),(D),(D),(D),(D),(D),(D),(D),(D),(D),(D),(D),15034,19054
 "31083","Harlan, NE",4,CAGDP2,56,"53","   Real estate and rental and leasing ","Thousands of dollars",11232,12745,12946,12398,13565,17356,18738,15912,(D),(D),(D),(D),(D),(D),(D),(D),(D),(D),25868,(D),25852,31175
 "31083","Harlan, NE",4,CAGDP2,59,"54,55,56","  Professional and business services ","Thousands of dollars",(D),693,782,881,(D),1041,1045,(D),1201,1601,1645,(D),(D),2010,2190,2074,2528,2987,2681,2651,(D),2526
 "31083","Harlan, NE",4,CAGDP2,60,"54","   Professional, scientific, and technical services ","Thousands of dollars",494,(D),(D),(D),876,(D),(D),914,(D),(D),(D),(D),(D),(D),(D),1500,1650,1919,(D),(D),(D),(D)
 "31083","Harlan, NE",4,CAGDP2,64,"55","   Management of companies and enterprises ","Thousands of dollars",0,0,0,0,0,0,0,0,0,0,0,0,0,0,0,0,0,0,0,(D),0,0
 "31083","Harlan, NE",4,CAGDP2,65,"56","   Administrative and support and waste management and remediation services ","Thousands of dollars",(D),(D),(D),(D),(D),(D),(D),(D),(D),(D),(D),(D),(D),(D),(D),574,878,1067,(D),(D),(D),(D)
 "31083","Harlan, NE",4,CAGDP2,68,"61,62","  Educational services, health care, and social assistance ","Thousands of dollars",1975,(D),(D),2765,2750,2897,3283,3684,4005,4149,3416,3227,3177,3093,3004,2905,2987,3504,3646,3344,3707,4022
 "31083","Harlan, NE",4,CAGDP2,69,"61","   Educational services ","Thousands of dollars",27,27,37,45,37,30,28,72,85,102,55,33,(D),(D),(D),(D),(D),(D),(D),(D),(D),(D)
 "31083","Harlan, NE",4,CAGDP2,70,"62","   Health care and social assistance ","Thousands of dollars",1948,(D),(D),2720,2713,2867,3255,3612,3920,4047,3361,3194,(D),(D),(D),(D),(D),(D),(D),(D),(D),(D)
 "31083","Harlan, NE",4,CAGDP2,75,"71,72","  Arts, entertainment, recreation, accommodation, and food services ","Thousands of dollars",1568,1690,1736,1415,1937,2352,2082,2294,2802,3281,3393,3108,2590,2693,2784,2779,2721,3071,3496,2351,3675,4314
 "31083","Harlan, NE",4,CAGDP2,76,"71","   Arts, entertainment, and recreation ","Thousands of dollars",(D),(D),(D),(D),(D),(D),(D),(D),(D),(D),(D),(D),(D),(D),(D),(D),(D),(D),(D),(D),(D),(D)
 "31083","Harlan, NE",4,CAGDP2,79,"72","   Accommodation and food services ","Thousands of dollars",(D),(D),(D),(D),(D),(D),(D),(D),(D),(D),(D),(D),(D),(D),(D),(D),(D),(D),(D),(D),(D),(D)
 "31083","Harlan, NE",4,CAGDP2,82,"81","  Other services (except government and government enterprises) ","Thousands of dollars",1990,2106,2048,(D),2125,2067,(D),2250,(D),(D),(D),2886,2930,(D),(D),(D),(D),(D),(D),(D),3270,(D)
 "31083","Harlan, NE",4,CAGDP2,83,"92","Government and government enterprises ","Thousands of dollars",10686,10990,11261,11908,12160,13384,13236,13918,14517,16340,17452,17470,16749,18355,19268,20735,22129,23982,23806,24072,24691,25361
 "31083","Harlan, NE",4,CAGDP2,87,"11,21","Natural resources and mining ","Thousands of dollars",15442,1558,28299,28453,26275,10763,45310,68705,65517,64222,113400,89388,138755,112748,103060,(D),70329,89760,82733,69916,109085,110525
 "31083","Harlan, NE",4,CAGDP2,88,"42,44-45","Trade ","Thousands of dollars",13188,12438,11773,(D),12092,12730,12859,14203,14653,15180,15073,14612,17336,21714,23334,21822,18375,17743,18113,20218,21507,23286
 "31083","Harlan, NE",4,CAGDP2,89,"22,48-49","Transportation and utilities ","Thousands of dollars",2368,1565,1323,(D),1771,1345,2120,3593,(D),(D),(D),(D),(D),(D),5423,4301,766,(D),(D),(D),(D),(D)
 "31083","Harlan, NE",4,CAGDP2,90,"31-33,51","Manufacturing and information ","Thousands of dollars",(D),(D),(D),(D),(D),(D),(D),1490,1446,(D),(D),1283,1536,(D),(D),1804,(D),(D),(D),1611,(D),2797
 "31083","Harlan, NE",4,CAGDP2,91,"...","Private goods-producing industries 2/","Thousands of dollars",18517,4926,31038,31175,29100,14190,48649,71706,68801,67434,116244,93050,141974,116701,106977,83845,73877,92795,86538,73474,113325,115327
 "31083","Harlan, NE",4,CAGDP2,92,"...","Private services-providing industries 3/","Thousands of dollars",37792,39503,39039,38565,41938,45661,47950,48899,51989,54742,54180,51890,60153,66622,75049,77733,69323,72610,76343,76386,80211,92586
 "31085","Hayes, NE",4,CAGDP2,1,"...","All industry total ","Thousands of dollars",23647,16359,34608,31211,40624,39084,52562,69347,48810,58522,75946,72305,95754,93175,97200,90937,60757,72260,79242,90212,112397,121684
 "31085","Hayes, NE",4,CAGDP2,2,"..."," Private industries ","Thousands of dollars",20489,12878,30933,27355,36620,34679,48179,64860,44315,53773,71496,68013,91463,88665,92236,85867,55558,66563,73126,83725,105975,115851
 "31085","Hayes, NE",4,CAGDP2,3,"11","  Agriculture, forestry, fishing and hunting ","Thousands of dollars",(D),4681,23984,20640,29357,27207,(D),56037,34855,44003,60751,56316,79473,74877,76818,71334,42143,50907,56232,(D),90805,99533
 "31085","Hayes, NE",4,CAGDP2,6,"21","  Mining, quarrying, and oil and gas extraction ","Thousands of dollars",73,149,179,256,390,506,719,701,342,337,269,385,454,507,367,179,137,140,133,169,97,(D)
 "31085","Hayes, NE",4,CAGDP2,10,"22","  Utilities ","Thousands of dollars",1,2,2,1,0,0,0,0,0,0,0,0,0,0,0,0,0,0,0,0,0,0
 "31085","Hayes, NE",4,CAGDP2,11,"23","  Construction ","Thousands of dollars",(D),(D),(D),(D),(D),(D),112,(D),(D),(D),(D),(D),(D),(D),(D),(D),897,1038,1030,(D),(D),(D)
 "31085","Hayes, NE",4,CAGDP2,12,"31-33","  Manufacturing ","Thousands of dollars",1113,(D),(D),(D),(D),(D),(D),(D),(D),(D),(D),(D),(D),(D),(D),(D),319,363,882,264,(D),0
 "31085","Hayes, NE",4,CAGDP2,13,"321,327-339","   Durable goods manufacturing ","Thousands of dollars",(D),71,32,27,16,10,12,27,57,45,15,0,0,0,10,6,8,70,7,8,(D),0
 "31085","Hayes, NE",4,CAGDP2,25,"311-316,322-326","   Nondurable goods manufacturing ","Thousands of dollars",(D),(D),(D),(D),(D),(D),(D),(D),(D),(D),(D),(D),(D),(D),(D),(D),311,293,875,256,0,0
 "31085","Hayes, NE",4,CAGDP2,34,"42","  Wholesale trade ","Thousands of dollars",(D),(D),(D),(D),(D),(D),(D),(D),(D),(D),(D),(D),(D),(D),(D),(D),(D),(D),(D),(D),(D),(D)
 "31085","Hayes, NE",4,CAGDP2,35,"44-45","  Retail trade ","Thousands of dollars",(D),(D),(D),(D),(D),(D),(D),(D),(D),(D),(D),(D),(D),(D),(D),(D),(D),(D),(D),(D),1015,1141
 "31085","Hayes, NE",4,CAGDP2,36,"48-49","  Transportation and warehousing ","Thousands of dollars",204,(D),42,246,489,423,701,(D),(D),(D),1648,(D),1554,3425,(D),(D),(D),(D),(D),(D),(D),(D)
 "31085","Hayes, NE",4,CAGDP2,45,"51","  Information ","Thousands of dollars",18,20,(D),(D),(D),(D),(D),(D),(D),(D),(D),(D),(D),(D),(D),(D),(D),(D),(D),(D),(D),(D)
 "31085","Hayes, NE",4,CAGDP2,50,"52,53","  Finance, insurance, real estate, rental, and leasing ","Thousands of dollars",4025,3657,3784,3583,3889,3571,4248,3841,4013,4168,4217,4456,4483,4907,5380,5563,4771,5320,(D),6121,6177,6656
 "31085","Hayes, NE",4,CAGDP2,51,"52","   Finance and insurance ","Thousands of dollars",555,(D),(D),(D),(D),(D),(D),(D),(D),(D),(D),(D),(D),(D),(D),(D),(D),(D),(D),982,953,1008
 "31085","Hayes, NE",4,CAGDP2,56,"53","   Real estate and rental and leasing ","Thousands of dollars",3470,(D),(D),(D),(D),(D),(D),(D),(D),(D),(D),(D),(D),(D),(D),(D),(D),(D),4423,5139,5224,5647
 "31085","Hayes, NE",4,CAGDP2,59,"54,55,56","  Professional and business services ","Thousands of dollars",(D),(D),(D),(D),(D),(D),(D),(D),(D),(D),(D),(D),(D),(D),(D),(D),(D),(D),(D),(D),811,880
 "31085","Hayes, NE",4,CAGDP2,60,"54","   Professional, scientific, and technical services ","Thousands of dollars",(D),(D),(D),(D),(D),(D),(D),(D),(D),(D),(D),(D),(D),(D),(D),(D),(D),(D),(D),(D),(D),(D)
 "31085","Hayes, NE",4,CAGDP2,64,"55","   Management of companies and enterprises ","Thousands of dollars",0,0,0,0,0,0,0,0,0,0,0,0,0,0,0,0,0,0,0,0,0,0
 "31085","Hayes, NE",4,CAGDP2,65,"56","   Administrative and support and waste management and remediation services ","Thousands of dollars",58,64,50,46,48,60,69,69,83,93,87,81,97,92,73,96,132,155,176,150,(D),(D)
 "31085","Hayes, NE",4,CAGDP2,68,"61,62","  Educational services, health care, and social assistance ","Thousands of dollars",(D),56,48,78,85,84,60,29,46,114,156,205,262,243,206,84,(D),(D),(D),(D),(D),(D)
 "31085","Hayes, NE",4,CAGDP2,69,"61","   Educational services ","Thousands of dollars",12,12,13,17,14,13,12,29,44,55,38,21,17,18,21,57,126,161,162,87,12,12
 "31085","Hayes, NE",4,CAGDP2,70,"62","   Health care and social assistance ","Thousands of dollars",(D),44,35,61,71,71,48,0,2,59,118,183,245,225,185,26,(D),(D),(D),(D),(D),(D)
 "31085","Hayes, NE",4,CAGDP2,75,"71,72","  Arts, entertainment, recreation, accommodation, and food services ","Thousands of dollars",235,245,(D),(D),(D),(D),(D),(D),(D),(D),(D),(D),(D),(D),(D),(D),372,619,(D),(D),(D),(D)
 "31085","Hayes, NE",4,CAGDP2,76,"71","   Arts, entertainment, and recreation ","Thousands of dollars",(D),(D),45,31,20,13,8,1,1,35,38,19,25,33,29,78,136,245,341,214,98,120
 "31085","Hayes, NE",4,CAGDP2,79,"72","   Accommodation and food services ","Thousands of dollars",(D),(D),(D),(D),(D),(D),(D),(D),(D),(D),(D),(D),(D),(D),(D),(D),236,374,(D),(D),(D),(D)
 "31085","Hayes, NE",4,CAGDP2,82,"81","  Other services (except government and government enterprises) ","Thousands of dollars",(D),(D),(D),(D),(D),(D),(D),(D),(D),(D),(D),(D),(D),(D),(D),(D),(D),(D),(D),(D),(D),(D)
 "31085","Hayes, NE",4,CAGDP2,83,"92","Government and government enterprises ","Thousands of dollars",3158,3481,3675,3856,4004,4405,4383,4487,4494,4749,4450,4292,4291,4510,4964,5069,5199,5698,6116,6487,6422,5833
 "31085","Hayes, NE",4,CAGDP2,87,"11,21","Natural resources and mining ","Thousands of dollars",(D),4830,24164,20897,29747,27713,(D),56737,35197,44340,61020,56701,79927,75384,77186,71514,42281,51046,56365,(D),90903,(D)
 "31085","Hayes, NE",4,CAGDP2,88,"42,44-45","Trade ","Thousands of dollars",1019,1192,996,927,938,1011,1185,1476,1827,1985,1946,2146,2134,2152,2282,2684,3071,3700,4008,3957,(D),(D)
 "31085","Hayes, NE",4,CAGDP2,89,"22,48-49","Transportation and utilities ","Thousands of dollars",205,(D),44,247,489,423,701,(D),(D),(D),1648,(D),1554,3425,(D),(D),(D),(D),(D),(D),(D),(D)
 "31085","Hayes, NE",4,CAGDP2,90,"31-33,51","Manufacturing and information ","Thousands of dollars",1132,(D),507,371,356,444,366,555,778,968,1008,1022,865,699,674,587,(D),(D),(D),(D),205,(D)
 "31085","Hayes, NE",4,CAGDP2,91,"...","Private goods-producing industries 2/","Thousands of dollars",13917,6407,24734,21230,30083,28494,41014,57148,35817,45027,61772,57613,80826,76228,78071,72503,43497,52447,58277,69131,91489,100341
 "31085","Hayes, NE",4,CAGDP2,92,"...","Private services-providing industries 3/","Thousands of dollars",6573,6471,6199,6126,6536,6184,7165,7712,8498,8747,9724,10401,10637,12437,14164,13364,12062,14115,14850,14594,14486,15510
 "31087","Hitchcock, NE",4,CAGDP2,1,"...","All industry total ","Thousands of dollars",56099,48539,65653,61558,76900,68868,97374,99494,96046,106203,125006,120508,133483,125213,118921,111939,137212,127063,147010,143366,185587,212056
 "31087","Hitchcock, NE",4,CAGDP2,2,"..."," Private industries ","Thousands of dollars",42323,34295,51294,47611,62851,53473,82164,84230,80575,89381,108439,103806,116652,106652,100117,92520,117247,106663,126080,120999,162770,188699
 "31087","Hitchcock, NE",4,CAGDP2,3,"11","  Agriculture, forestry, fishing and hunting ","Thousands of dollars",13655,2276,18446,10727,19173,894,23792,19064,17871,17358,29131,21035,34100,18168,15700,1939,10181,7038,3913,13150,43979,55636
 "31087","Hitchcock, NE",4,CAGDP2,6,"21","  Mining, quarrying, and oil and gas extraction ","Thousands of dollars",1726,2308,2789,3866,5367,7533,9333,9567,5205,5933,7357,7936,8885,10224,7235,4925,5491,6518,6189,7780,7974,11057
 "31087","Hitchcock, NE",4,CAGDP2,10,"22","  Utilities ","Thousands of dollars",0,0,0,0,0,0,0,0,0,0,0,0,0,0,0,0,0,0,0,0,0,0
 "31087","Hitchcock, NE",4,CAGDP2,11,"23","  Construction ","Thousands of dollars",1502,1596,(D),1624,1757,1913,1753,1850,1939,3289,3222,901,4639,5741,7660,8319,7179,4540,2773,2281,2014,2068
 "31087","Hitchcock, NE",4,CAGDP2,12,"31-33","  Manufacturing ","Thousands of dollars",3594,4585,(D),7519,11025,17606,18401,23996,25024,29824,31211,31333,29143,26881,27859,27631,25888,33709,27187,27381,30259,31912
 "31087","Hitchcock, NE",4,CAGDP2,13,"321,327-339","   Durable goods manufacturing ","Thousands of dollars",(D),(D),(D),(D),(D),(D),(D),(D),(D),(D),(D),(D),(D),(D),(D),(D),8153,8481,5448,(D),(D),(D)
 "31087","Hitchcock, NE",4,CAGDP2,25,"311-316,322-326","   Nondurable goods manufacturing ","Thousands of dollars",(D),(D),(D),(D),(D),(D),(D),(D),(D),(D),(D),(D),(D),(D),(D),(D),17735,25228,21739,(D),(D),(D)
 "31087","Hitchcock, NE",4,CAGDP2,34,"42","  Wholesale trade ","Thousands of dollars",(D),3286,3112,3376,3211,3270,3227,3350,4126,4336,4164,3780,4247,5539,6240,6377,6972,7736,8171,8657,8365,9194
 "31087","Hitchcock, NE",4,CAGDP2,35,"44-45","  Retail trade ","Thousands of dollars",1447,1442,1667,1591,1303,1262,1307,1434,1538,1927,2050,2307,2421,2325,2545,2627,2691,2567,2579,2514,2923,3059
 "31087","Hitchcock, NE",4,CAGDP2,36,"48-49","  Transportation and warehousing ","Thousands of dollars",(D),3896,3214,4709,5451,6984,7701,9628,9029,10098,14366,17716,15269,18453,11881,19173,39657,25029,55506,36397,43185,49714
 "31087","Hitchcock, NE",4,CAGDP2,45,"51","  Information ","Thousands of dollars",(D),(D),364,(D),(D),(D),(D),(D),(D),(D),(D),(D),(D),(D),(D),(D),(D),(D),(D),(D),(D),(D)
 "31087","Hitchcock, NE",4,CAGDP2,50,"52,53","  Finance, insurance, real estate, rental, and leasing ","Thousands of dollars",10812,11719,11953,11260,12682,11596,14239,12651,12817,13444,13668,14996,14208,15611,17187,17592,15285,15936,15999,19067,19955,(D)
 "31087","Hitchcock, NE",4,CAGDP2,51,"52","   Finance and insurance ","Thousands of dollars",(D),(D),(D),(D),(D),(D),(D),(D),(D),(D),(D),(D),1949,1902,1972,2126,2321,2202,2445,(D),(D),(D)
 "31087","Hitchcock, NE",4,CAGDP2,56,"53","   Real estate and rental and leasing ","Thousands of dollars",(D),(D),(D),(D),(D),(D),(D),(D),(D),(D),(D),(D),12259,13710,15215,15466,12965,13734,13553,(D),(D),18861
 "31087","Hitchcock, NE",4,CAGDP2,59,"54,55,56","  Professional and business services ","Thousands of dollars",116,124,88,99,90,(D),79,142,220,(D),(D),(D),(D),(D),(D),(D),(D),(D),(D),(D),(D),500
 "31087","Hitchcock, NE",4,CAGDP2,60,"54","   Professional, scientific, and technical services ","Thousands of dollars",51,53,36,41,31,34,(D),(D),(D),42,34,58,74,92,87,69,53,45,51,(D),75,(D)
 "31087","Hitchcock, NE",4,CAGDP2,64,"55","   Management of companies and enterprises ","Thousands of dollars",0,0,0,0,0,0,0,0,0,0,0,0,0,0,0,0,0,0,0,0,0,0
 "31087","Hitchcock, NE",4,CAGDP2,65,"56","   Administrative and support and waste management and remediation services ","Thousands of dollars",65,71,51,58,59,(D),(D),(D),(D),(D),(D),(D),(D),(D),(D),(D),(D),(D),(D),(D),(D),(D)
 "31087","Hitchcock, NE",4,CAGDP2,68,"61,62","  Educational services, health care, and social assistance ","Thousands of dollars",(D),(D),(D),(D),(D),(D),(D),(D),(D),(D),(D),(D),409,339,335,340,472,505,496,420,486,551
 "31087","Hitchcock, NE",4,CAGDP2,69,"61","   Educational services ","Thousands of dollars",12,12,8,15,10,1,16,4,32,37,22,21,20,23,21,15,27,36,38,46,36,37
 "31087","Hitchcock, NE",4,CAGDP2,70,"62","   Health care and social assistance ","Thousands of dollars",(D),(D),(D),(D),(D),(D),(D),(D),(D),(D),(D),(D),389,316,314,325,445,469,458,374,450,514
 "31087","Hitchcock, NE",4,CAGDP2,75,"71,72","  Arts, entertainment, recreation, accommodation, and food services ","Thousands of dollars",674,654,633,676,707,547,581,630,541,590,545,504,369,262,285,393,431,522,638,519,687,687
 "31087","Hitchcock, NE",4,CAGDP2,76,"71","   Arts, entertainment, and recreation ","Thousands of dollars",(D),247,(D),(D),(D),34,16,4,7,26,23,28,38,41,29,26,35,61,78,72,37,45
 "31087","Hitchcock, NE",4,CAGDP2,79,"72","   Accommodation and food services ","Thousands of dollars",(D),407,(D),(D),(D),513,564,627,534,564,522,476,332,221,256,368,396,461,560,447,650,642
 "31087","Hitchcock, NE",4,CAGDP2,82,"81","  Other services (except government and government enterprises) ","Thousands of dollars",(D),(D),(D),(D),1587,(D),(D),1154,1440,1620,1770,2096,2075,2222,(D),(D),2014,2026,2106,2087,2155,2271
 "31087","Hitchcock, NE",4,CAGDP2,83,"92","Government and government enterprises ","Thousands of dollars",13776,14243,14360,13948,14049,15395,15210,15263,15471,16823,16568,16702,16831,18561,18804,19419,19965,20400,20930,22367,22818,23357
 "31087","Hitchcock, NE",4,CAGDP2,87,"11,21","Natural resources and mining ","Thousands of dollars",15381,4585,21235,14593,24540,8427,33125,28631,23077,23291,36488,28971,42985,28392,22935,6864,15672,13556,10102,20930,51953,66693
 "31087","Hitchcock, NE",4,CAGDP2,88,"42,44-45","Trade ","Thousands of dollars",(D),4727,4779,4967,4514,4532,4534,4783,5664,6264,6214,6087,6668,7864,8785,9003,9662,10303,10751,11171,11288,12253
 "31087","Hitchcock, NE",4,CAGDP2,89,"22,48-49","Transportation and utilities ","Thousands of dollars",(D),3896,3214,4709,5451,6984,7701,9628,9029,10098,14366,17716,15269,18453,11881,19173,39657,25029,55506,36397,43185,49714
 "31087","Hitchcock, NE",4,CAGDP2,90,"31-33,51","Manufacturing and information ","Thousands of dollars",(D),(D),(D),(D),(D),(D),(D),(D),(D),(D),(D),(D),(D),(D),(D),(D),(D),(D),(D),(D),(D),(D)
 "31087","Hitchcock, NE",4,CAGDP2,91,"...","Private goods-producing industries 2/","Thousands of dollars",20477,10766,28373,23736,37322,27946,53279,54477,50040,56404,70922,61205,76767,61014,58454,42814,48739,51805,40062,50592,84226,100674
 "31087","Hitchcock, NE",4,CAGDP2,92,"...","Private services-providing industries 3/","Thousands of dollars",21847,23529,22921,23875,25529,25527,28885,29754,30535,32976,37517,42600,39885,45638,41663,49706,68508,54858,86018,70407,78544,88025
 "31089","Holt, NE",4,CAGDP2,1,"...","All industry total ","Thousands of dollars",237564,253080,299591,319770,315490,309008,380887,408031,356167,423500,538208,562940,636087,661801,666610,614852,642379,620882,653875,703088,816887,829372
 "31089","Holt, NE",4,CAGDP2,2,"..."," Private industries ","Thousands of dollars",204029,217654,263385,282530,277150,267136,338969,363451,311268,373173,487831,512565,586271,607433,610999,555746,581486,557172,589337,633251,749912,761424
 "31089","Holt, NE",4,CAGDP2,3,"11","  Agriculture, forestry, fishing and hunting ","Thousands of dollars",30871,37168,84850,89126,76575,52407,86611,71970,24859,41116,153548,135833,200559,179706,135671,95618,53584,75294,108798,123683,197130,133470
 "31089","Holt, NE",4,CAGDP2,6,"21","  Mining, quarrying, and oil and gas extraction ","Thousands of dollars",497,594,549,445,565,512,2112,1089,1176,1695,2130,2417,1317,1725,1798,1247,1454,1457,2649,2282,(D),2227
 "31089","Holt, NE",4,CAGDP2,10,"22","  Utilities ","Thousands of dollars",2425,2181,1804,1826,1434,2213,2109,2087,2234,2298,2366,2291,2634,2543,2587,12925,75699,56713,53619,59336,81626,110632
 "31089","Holt, NE",4,CAGDP2,11,"23","  Construction ","Thousands of dollars",6340,7114,7349,7569,7775,7371,7507,10304,10728,10302,8911,11727,13661,14660,15987,22669,24774,24596,25527,23643,24106,25812
 "31089","Holt, NE",4,CAGDP2,12,"31-33","  Manufacturing ","Thousands of dollars",10944,11815,10744,12363,13591,18834,19532,20642,16535,18535,20765,21963,21079,21781,23760,21636,19354,23330,21039,21568,26349,31144
 "31089","Holt, NE",4,CAGDP2,13,"321,327-339","   Durable goods manufacturing ","Thousands of dollars",9360,9730,8688,9636,(D),(D),15720,17770,(D),10021,(D),9705,11387,9639,10457,6666,4968,6554,6637,5681,6166,7328
 "31089","Holt, NE",4,CAGDP2,25,"311-316,322-326","   Nondurable goods manufacturing ","Thousands of dollars",1584,2085,2056,2727,(D),(D),3812,2873,(D),8515,(D),12257,9691,12141,13303,14970,14386,16775,14401,15887,20183,23816
 "31089","Holt, NE",4,CAGDP2,34,"42","  Wholesale trade ","Thousands of dollars",19646,19588,19079,21095,23181,23039,25819,28739,30805,34416,35914,40492,41438,46442,53292,53316,50354,52609,54134,59897,63615,70882
 "31089","Holt, NE",4,CAGDP2,35,"44-45","  Retail trade ","Thousands of dollars",22066,23381,24311,24814,22320,21079,22328,26917,35145,44743,50786,65365,90620,92877,113886,91524,80221,54465,53376,54066,52556,54409
 "31089","Holt, NE",4,CAGDP2,36,"48-49","  Transportation and warehousing ","Thousands of dollars",(D),(D),(D),(D),(D),(D),(D),(D),(D),(D),(D),(D),(D),(D),(D),(D),(D),(D),(D),(D),(D),(D)
 "31089","Holt, NE",4,CAGDP2,45,"51","  Information ","Thousands of dollars",2868,2996,4073,4359,4352,4520,4675,5111,5722,7651,7429,8082,9177,8712,8543,6511,5213,3771,4339,(D),4840,5011
 "31089","Holt, NE",4,CAGDP2,50,"52,53","  Finance, insurance, real estate, rental, and leasing ","Thousands of dollars",43278,44070,42942,42922,47831,47877,55516,55519,62357,63012,74447,79982,76611,92505,97344,100454,103098,95193,100096,109813,93406,107601
 "31089","Holt, NE",4,CAGDP2,51,"52","   Finance and insurance ","Thousands of dollars",13982,15500,15173,14762,17520,19579,21553,19548,21123,24409,23222,31715,31774,34719,37729,36398,42705,38338,42559,44825,43988,54599
 "31089","Holt, NE",4,CAGDP2,56,"53","   Real estate and rental and leasing ","Thousands of dollars",29296,28571,27770,28161,30311,28298,33963,35971,41235,38604,51225,48267,44836,57786,59615,64055,60393,56855,57537,64988,49418,53002
 "31089","Holt, NE",4,CAGDP2,59,"54,55,56","  Professional and business services ","Thousands of dollars",(D),(D),(D),(D),(D),9864,10869,(D),(D),12723,12264,12951,13832,17884,13586,15825,(D),(D),(D),14343,15804,(D)
 "31089","Holt, NE",4,CAGDP2,60,"54","   Professional, scientific, and technical services ","Thousands of dollars",(D),3958,3926,(D),4181,4081,4660,5217,4621,4619,4674,4811,4734,5255,5888,6599,(D),7441,8364,8176,8659,9478
 "31089","Holt, NE",4,CAGDP2,64,"55","   Management of companies and enterprises ","Thousands of dollars",(D),(D),(D),(D),(D),2922,2882,(D),(D),4362,4350,4912,5967,9088,3563,3499,(D),(D),(D),2320,2756,(D)
 "31089","Holt, NE",4,CAGDP2,65,"56","   Administrative and support and waste management and remediation services ","Thousands of dollars",2285,(D),(D),(D),(D),2861,3328,(D),(D),3742,3241,3228,3131,3541,4134,5727,4505,(D),(D),3848,4389,(D)
 "31089","Holt, NE",4,CAGDP2,68,"61,62","  Educational services, health care, and social assistance ","Thousands of dollars",23235,28086,28880,30348,31039,(D),(D),37565,39455,(D),(D),(D),(D),(D),(D),(D),58523,58395,59204,60361,62474,64572
 "31089","Holt, NE",4,CAGDP2,69,"61","   Educational services ","Thousands of dollars",(D),(D),(D),(D),(D),(D),(D),(D),(D),(D),(D),(D),(D),(D),(D),(D),(D),(D),(D),(D),2476,(D)
 "31089","Holt, NE",4,CAGDP2,70,"62","   Health care and social assistance ","Thousands of dollars",(D),(D),(D),(D),(D),(D),(D),(D),(D),(D),(D),(D),(D),(D),(D),(D),(D),(D),(D),(D),59999,(D)
 "31089","Holt, NE",4,CAGDP2,75,"71,72","  Arts, entertainment, recreation, accommodation, and food services ","Thousands of dollars",4563,4779,5152,5538,5578,5799,6371,6713,7538,8066,8182,8318,8745,9335,10138,10714,10986,12143,12952,9765,13634,15792
 "31089","Holt, NE",4,CAGDP2,76,"71","   Arts, entertainment, and recreation ","Thousands of dollars",346,416,542,674,602,506,610,533,626,963,1091,1222,1062,787,831,783,817,846,935,837,1061,1173
 "31089","Holt, NE",4,CAGDP2,79,"72","   Accommodation and food services ","Thousands of dollars",4216,4363,4610,4864,4976,5292,5761,6179,6912,7103,7091,7096,7683,8548,9307,9931,10169,11297,12017,8928,12573,14619
 "31089","Holt, NE",4,CAGDP2,82,"81","  Other services (except government and government enterprises) ","Thousands of dollars",11957,12456,11617,10742,10477,10456,11720,12139,13019,13762,14301,15112,15241,15963,13579,13355,13908,15305,14545,14747,14448,15700
 "31089","Holt, NE",4,CAGDP2,83,"92","Government and government enterprises ","Thousands of dollars",33534,35427,36206,37240,38340,41872,41917,44580,44899,50327,50377,50374,49816,54368,55610,59105,60893,63710,64538,69837,66975,67948
 "31089","Holt, NE",4,CAGDP2,87,"11,21","Natural resources and mining ","Thousands of dollars",31368,37762,85399,89572,77139,52918,88723,73058,26035,42810,155678,138250,201877,181430,137469,96865,55039,76751,111447,125965,(D),135697
 "31089","Holt, NE",4,CAGDP2,88,"42,44-45","Trade ","Thousands of dollars",41712,42969,43390,45910,45501,44119,48147,55657,65950,79159,86700,105857,132058,139318,167177,144840,130575,107074,107509,113963,116171,125291
 "31089","Holt, NE",4,CAGDP2,89,"22,48-49","Transportation and utilities ","Thousands of dollars",(D),(D),(D),(D),(D),(D),(D),(D),(D),(D),(D),(D),(D),(D),(D),(D),(D),(D),(D),(D),(D),(D)
 "31089","Holt, NE",4,CAGDP2,90,"31-33,51","Manufacturing and information ","Thousands of dollars",13812,14811,14817,16722,17943,23353,24207,25753,22257,26186,28194,30044,30255,30493,32302,28147,24567,27101,25378,(D),31189,36155
 "31089","Holt, NE",4,CAGDP2,91,"...","Private goods-producing industries 2/","Thousands of dollars",48652,56691,103491,109504,98505,79123,115762,104004,53297,71648,185354,171940,236617,217871,177215,141170,99167,124676,158013,171177,(D),192653
 "31089","Holt, NE",4,CAGDP2,92,"...","Private services-providing industries 3/","Thousands of dollars",155378,160963,159894,173026,178645,188013,223208,259447,257971,301525,302477,340626,349654,389562,433784,414576,482319,432496,431324,462074,(D),568771
 "31091","Hooker, NE",4,CAGDP2,1,"...","All industry total ","Thousands of dollars",14682,18129,19155,17668,18301,19314,20929,20968,22045,26077,30092,27311,41674,54951,54685,48213,28318,34449,32056,31540,33712,32712
 "31091","Hooker, NE",4,CAGDP2,2,"..."," Private industries ","Thousands of dollars",11287,14704,15760,14159,14626,15271,16947,16839,17836,21333,25262,22541,37022,50002,49571,42971,22902,28627,26044,25419,27135,25818
 "31091","Hooker, NE",4,CAGDP2,3,"11","  Agriculture, forestry, fishing and hunting ","Thousands of dollars",179,3393,4961,(D),(D),232,186,(D),242,(D),(D),(D),(D),28860,26692,21249,1195,1763,1781,(D),3009,550
 "31091","Hooker, NE",4,CAGDP2,6,"21","  Mining, quarrying, and oil and gas extraction ","Thousands of dollars",3,29,22,42,71,104,84,81,42,0,0,0,0,0,0,0,0,0,0,0,(D),(D)
 "31091","Hooker, NE",4,CAGDP2,10,"22","  Utilities ","Thousands of dollars",0,0,0,0,0,0,0,0,0,0,0,0,0,0,0,0,0,0,0,0,0,0
 "31091","Hooker, NE",4,CAGDP2,11,"23","  Construction ","Thousands of dollars",(D),(D),(D),255,258,(D),212,232,(D),390,385,283,480,(D),(D),(D),(D),(D),(D),(D),(D),(D)
 "31091","Hooker, NE",4,CAGDP2,12,"31-33","  Manufacturing ","Thousands of dollars",(D),(D),(D),(D),(D),(D),252,283,(D),(D),(D),(D),(D),(D),(D),(D),(D),(D),(D),166,120,122
 "31091","Hooker, NE",4,CAGDP2,13,"321,327-339","   Durable goods manufacturing ","Thousands of dollars",124,150,62,31,34,67,13,189,(D),132,58,0,1258,732,368,29,39,107,125,96,15,18
 "31091","Hooker, NE",4,CAGDP2,25,"311-316,322-326","   Nondurable goods manufacturing ","Thousands of dollars",(D),(D),(D),(D),(D),(D),239,95,109,(D),(D),(D),(D),(D),(D),(D),(D),(D),(D),70,105,104
 "31091","Hooker, NE",4,CAGDP2,34,"42","  Wholesale trade ","Thousands of dollars",(D),768,884,885,(D),1134,1166,(D),(D),(D),(D),(D),(D),(D),(D),(D),(D),(D),(D),(D),(D),(D)
 "31091","Hooker, NE",4,CAGDP2,35,"44-45","  Retail trade ","Thousands of dollars",920,(D),(D),587,558,(D),(D),(D),(D),(D),804,830,1237,1219,1288,1645,(D),1635,1751,1730,1935,2080
 "31091","Hooker, NE",4,CAGDP2,36,"48-49","  Transportation and warehousing ","Thousands of dollars",(D),(D),(D),1017,(D),(D),(D),(D),(D),(D),(D),(D),(D),(D),(D),(D),(D),(D),(D),(D),(D),(D)
 "31091","Hooker, NE",4,CAGDP2,45,"51","  Information ","Thousands of dollars",(D),(D),(D),(D),(D),(D),(D),(D),61,65,10,2,(D),(D),(D),46,(D),(D),172,26,94,21
 "31091","Hooker, NE",4,CAGDP2,50,"52,53","  Finance, insurance, real estate, rental, and leasing ","Thousands of dollars",3423,3322,3195,3092,3505,3296,3961,3599,3713,3744,3942,4135,4051,4754,5108,5838,5081,5927,(D),6293,6178,(D)
 "31091","Hooker, NE",4,CAGDP2,51,"52","   Finance and insurance ","Thousands of dollars",610,(D),(D),498,(D),766,764,767,765,677,892,955,(D),(D),(D),(D),(D),(D),(D),(D),(D),(D)
 "31091","Hooker, NE",4,CAGDP2,56,"53","   Real estate and rental and leasing ","Thousands of dollars",2813,(D),(D),2593,(D),2530,3198,2832,2948,3067,3050,3180,(D),(D),(D),(D),(D),(D),4312,(D),(D),5412
 "31091","Hooker, NE",4,CAGDP2,59,"54,55,56","  Professional and business services ","Thousands of dollars",137,145,110,95,54,51,82,154,215,220,(D),(D),(D),(D),(D),(D),(D),(D),(D),407,522,612
 "31091","Hooker, NE",4,CAGDP2,60,"54","   Professional, scientific, and technical services ","Thousands of dollars",85,88,67,46,25,21,35,92,129,160,(D),(D),(D),(D),(D),(D),(D),(D),(D),(D),(D),(D)
 "31091","Hooker, NE",4,CAGDP2,64,"55","   Management of companies and enterprises ","Thousands of dollars",0,0,0,0,0,0,0,0,0,0,0,0,0,0,0,0,0,0,0,(D),(D),(D)
 "31091","Hooker, NE",4,CAGDP2,65,"56","   Administrative and support and waste management and remediation services ","Thousands of dollars",52,57,43,49,29,30,47,62,86,60,41,32,143,148,138,145,179,200,213,131,(D),(D)
 "31091","Hooker, NE",4,CAGDP2,68,"61,62","  Educational services, health care, and social assistance ","Thousands of dollars",(D),(D),1565,1575,1509,(D),1306,1320,(D),(D),(D),(D),(D),(D),(D),(D),(D),1675,(D),(D),(D),(D)
 "31091","Hooker, NE",4,CAGDP2,69,"61","   Educational services ","Thousands of dollars",19,20,18,15,8,4,9,34,46,37,8,6,0,6,6,6,0,0,16,15,17,17
 "31091","Hooker, NE",4,CAGDP2,70,"62","   Health care and social assistance ","Thousands of dollars",(D),(D),1547,1560,1501,(D),1297,1285,(D),(D),(D),(D),(D),(D),(D),(D),(D),1675,(D),(D),(D),(D)
 "31091","Hooker, NE",4,CAGDP2,75,"71,72","  Arts, entertainment, recreation, accommodation, and food services ","Thousands of dollars",1960,1975,2069,2225,3236,6245,6518,5910,(D),(D),5185,4694,4959,(D),5027,5394,6374,7533,8057,7129,8583,9459
 "31091","Hooker, NE",4,CAGDP2,76,"71","   Arts, entertainment, and recreation ","Thousands of dollars",(D),(D),(D),(D),(D),(D),(D),(D),(D),(D),(D),(D),(D),(D),(D),(D),(D),(D),(D),(D),(D),(D)
 "31091","Hooker, NE",4,CAGDP2,79,"72","   Accommodation and food services ","Thousands of dollars",(D),(D),(D),(D),(D),(D),(D),(D),172,134,(D),(D),(D),73,(D),(D),(D),(D),(D),(D),(D),(D)
 "31091","Hooker, NE",4,CAGDP2,82,"81","  Other services (except government and government enterprises) ","Thousands of dollars",578,(D),(D),(D),577,(D),(D),(D),732,598,(D),446,595,(D),(D),(D),(D),(D),(D),(D),(D),835
 "31091","Hooker, NE",4,CAGDP2,83,"92","Government and government enterprises ","Thousands of dollars",3394,3425,3394,3509,3675,4042,3982,4129,4209,4744,4831,4770,4651,4949,5114,5243,5416,5822,6012,6121,6577,6894
 "31091","Hooker, NE",4,CAGDP2,87,"11,21","Natural resources and mining ","Thousands of dollars",182,3421,4983,(D),(D),336,270,(D),284,(D),(D),(D),(D),28860,26692,21249,1195,1763,1781,(D),(D),(D)
 "31091","Hooker, NE",4,CAGDP2,88,"42,44-45","Trade ","Thousands of dollars",(D),(D),(D),1472,(D),(D),(D),1973,2147,2149,(D),(D),(D),(D),(D),(D),2693,(D),(D),(D),(D),(D)
 "31091","Hooker, NE",4,CAGDP2,89,"22,48-49","Transportation and utilities ","Thousands of dollars",(D),(D),(D),1017,(D),(D),(D),(D),(D),(D),(D),(D),(D),(D),(D),(D),(D),(D),(D),(D),(D),(D)
 "31091","Hooker, NE",4,CAGDP2,90,"31-33,51","Manufacturing and information ","Thousands of dollars",450,622,440,194,133,245,(D),(D),(D),(D),(D),(D),1512,883,545,(D),341,470,(D),193,214,143
 "31091","Hooker, NE",4,CAGDP2,91,"...","Private goods-producing industries 2/","Thousands of dollars",897,4322,5688,3954,2811,727,734,(D),935,4891,9561,6733,20457,30240,27834,22209,2409,4325,3344,4173,3723,1311
 "31091","Hooker, NE",4,CAGDP2,92,"...","Private services-providing industries 3/","Thousands of dollars",10390,10382,10072,10205,11815,14545,16213,(D),16901,16442,15701,15809,16565,19762,21737,20762,20493,24301,22700,21246,23412,24507
 "31093","Howard, NE",4,CAGDP2,1,"...","All industry total ","Thousands of dollars",101002,102472,118733,109888,122700,110807,125874,128257,132081,145642,191739,176753,210968,207468,226937,231724,203962,205568,229809,232976,272839,281176
 "31093","Howard, NE",4,CAGDP2,2,"..."," Private industries ","Thousands of dollars",77334,76721,92049,82572,94325,79534,93943,94650,98335,106929,153087,136400,169010,162902,181110,183558,154300,154770,177047,178168,215473,221515
 "31093","Howard, NE",4,CAGDP2,3,"11","  Agriculture, forestry, fishing and hunting ","Thousands of dollars",25778,20181,35143,29268,36735,19807,32593,32050,35063,36232,72909,56067,87288,77247,83132,80858,50913,48585,63538,65724,89318,82535
 "31093","Howard, NE",4,CAGDP2,6,"21","  Mining, quarrying, and oil and gas extraction ","Thousands of dollars",374,384,325,230,325,333,1575,1094,1204,1725,3487,3737,2085,2139,2171,773,685,413,536,664,585,209
 "31093","Howard, NE",4,CAGDP2,10,"22","  Utilities ","Thousands of dollars",0,0,0,0,0,(D),(D),(D),169,165,101,174,197,195,182,166,323,230,268,278,280,263
 "31093","Howard, NE",4,CAGDP2,11,"23","  Construction ","Thousands of dollars",2486,2791,3161,2854,2484,2703,2123,2133,2733,3259,3356,2105,3287,4249,5960,7449,8048,7060,6676,5639,6380,8884
 "31093","Howard, NE",4,CAGDP2,12,"31-33","  Manufacturing ","Thousands of dollars",3140,4068,3437,1259,1659,1570,1156,1138,844,662,647,750,1673,2258,3414,3796,4119,4894,5010,4579,5585,6290
 "31093","Howard, NE",4,CAGDP2,13,"321,327-339","   Durable goods manufacturing ","Thousands of dollars",(D),(D),(D),(D),(D),(D),(D),(D),(D),(D),(D),398,1213,1571,2455,(D),(D),(D),(D),2746,(D),(D)
 "31093","Howard, NE",4,CAGDP2,25,"311-316,322-326","   Nondurable goods manufacturing ","Thousands of dollars",(D),(D),(D),(D),(D),(D),(D),(D),(D),(D),(D),352,460,687,959,(D),(D),(D),(D),1833,(D),(D)
 "31093","Howard, NE",4,CAGDP2,34,"42","  Wholesale trade ","Thousands of dollars",6176,5890,6125,6299,7030,7248,7821,8271,8624,9748,10478,11650,12402,13967,15305,15114,16064,17033,17837,19146,23817,26748
 "31093","Howard, NE",4,CAGDP2,35,"44-45","  Retail trade ","Thousands of dollars",8095,8526,8197,6846,6555,6564,7049,7124,6963,6867,6759,6942,7841,8490,9531,10017,11192,11380,11751,11914,11871,11989
 "31093","Howard, NE",4,CAGDP2,36,"48-49","  Transportation and warehousing ","Thousands of dollars",2435,3367,2895,2826,3483,4419,3234,3215,(D),(D),(D),(D),(D),(D),(D),(D),(D),(D),(D),(D),(D),(D)
 "31093","Howard, NE",4,CAGDP2,45,"51","  Information ","Thousands of dollars",1091,969,1269,1102,1000,814,1198,1341,(D),1328,1367,1253,1138,978,936,943,(D),(D),(D),(D),(D),(D)
 "31093","Howard, NE",4,CAGDP2,50,"52,53","  Finance, insurance, real estate, rental, and leasing ","Thousands of dollars",19000,20522,21169,21295,24340,25042,25882,26528,25570,29808,34152,34192,34768,32753,37248,40879,37550,39293,(D),42041,41310,43467
 "31093","Howard, NE",4,CAGDP2,51,"52","   Finance and insurance ","Thousands of dollars",(D),(D),(D),(D),(D),(D),(D),(D),(D),(D),6466,6527,7031,8328,9534,10482,12471,11566,(D),(D),(D),14568
 "31093","Howard, NE",4,CAGDP2,56,"53","   Real estate and rental and leasing ","Thousands of dollars",(D),(D),(D),(D),(D),(D),(D),(D),(D),(D),27686,27665,27737,24425,27714,30397,25079,27727,32411,(D),(D),28899
 "31093","Howard, NE",4,CAGDP2,59,"54,55,56","  Professional and business services ","Thousands of dollars",(D),2837,2756,2826,2358,2633,2751,2956,(D),2984,3056,3153,2981,3037,3585,3784,(D),4929,5272,4896,4938,(D)
 "31093","Howard, NE",4,CAGDP2,60,"54","   Professional, scientific, and technical services ","Thousands of dollars",(D),(D),(D),2206,1728,1704,1575,1780,1734,1827,1948,2182,2111,2283,2748,2826,3087,(D),(D),3397,(D),3597
 "31093","Howard, NE",4,CAGDP2,64,"55","   Management of companies and enterprises ","Thousands of dollars",0,0,0,0,0,0,0,0,0,0,0,0,0,0,(D),(D),(D),(D),(D),(D),(D),(D)
 "31093","Howard, NE",4,CAGDP2,65,"56","   Administrative and support and waste management and remediation services ","Thousands of dollars",(D),(D),(D),620,629,930,1176,1176,(D),1157,1108,971,870,754,(D),(D),(D),(D),(D),(D),(D),1264
 "31093","Howard, NE",4,CAGDP2,68,"61,62","  Educational services, health care, and social assistance ","Thousands of dollars",2241,2380,2578,2465,2560,2611,2688,3171,3587,4043,3914,4332,4697,5662,6227,6814,7264,7777,7910,7866,(D),8737
 "31093","Howard, NE",4,CAGDP2,69,"61","   Educational services ","Thousands of dollars",208,166,165,54,41,6,21,34,25,27,8,6,5,6,4,17,81,88,90,50,35,35
 "31093","Howard, NE",4,CAGDP2,70,"62","   Health care and social assistance ","Thousands of dollars",2034,2214,2412,2411,2519,2605,2667,3137,3562,4016,3906,4326,4692,5656,6223,6797,7183,7689,7820,7816,(D),8702
 "31093","Howard, NE",4,CAGDP2,75,"71,72","  Arts, entertainment, recreation, accommodation, and food services ","Thousands of dollars",(D),1556,1412,1330,1287,(D),(D),(D),2325,(D),(D),(D),(D),(D),(D),(D),2841,2960,(D),(D),3409,4446
 "31093","Howard, NE",4,CAGDP2,76,"71","   Arts, entertainment, and recreation ","Thousands of dollars",(D),(D),(D),(D),(D),(D),(D),(D),(D),(D),(D),(D),(D),(D),(D),(D),(D),(D),(D),(D),(D),(D)
 "31093","Howard, NE",4,CAGDP2,79,"72","   Accommodation and food services ","Thousands of dollars",(D),(D),(D),(D),(D),(D),(D),(D),(D),(D),(D),(D),(D),(D),(D),(D),(D),(D),(D),(D),(D),(D)
 "31093","Howard, NE",4,CAGDP2,82,"81","  Other services (except government and government enterprises) ","Thousands of dollars",3076,3250,3582,3974,4510,4405,4491,4200,4188,4199,4461,4868,5222,5536,5579,5329,(D),(D),(D),(D),(D),7101
 "31093","Howard, NE",4,CAGDP2,83,"92","Government and government enterprises ","Thousands of dollars",23668,25751,26684,27315,28374,31274,31931,33608,33746,38714,38652,40353,41959,44566,45828,48166,49662,50798,52763,54808,57367,59661
 "31093","Howard, NE",4,CAGDP2,87,"11,21","Natural resources and mining ","Thousands of dollars",26152,20565,35468,29498,37060,20141,34168,33145,36267,37957,76397,59804,89373,79385,85304,81632,51598,48997,64074,66388,89902,82744
 "31093","Howard, NE",4,CAGDP2,88,"42,44-45","Trade ","Thousands of dollars",14271,14416,14322,13145,13585,13812,14870,15395,15588,16615,17237,18592,20243,22457,24836,25131,27257,28413,29588,31060,35687,38738
 "31093","Howard, NE",4,CAGDP2,89,"22,48-49","Transportation and utilities ","Thousands of dollars",2435,3367,2895,2826,3483,(D),(D),(D),(D),(D),(D),(D),(D),(D),(D),(D),(D),(D),(D),(D),(D),(D)
 "31093","Howard, NE",4,CAGDP2,90,"31-33,51","Manufacturing and information ","Thousands of dollars",4232,5037,4706,2361,2659,2384,2354,2479,(D),1990,2014,2003,2812,3236,4350,4739,(D),(D),(D),(D),(D),(D)
 "31093","Howard, NE",4,CAGDP2,91,"...","Private goods-producing industries 2/","Thousands of dollars",31779,27424,42066,33611,41204,24415,37446,36416,39844,41878,80399,62659,94333,85893,94678,92878,63765,60951,75760,76606,101867,97919
 "31093","Howard, NE",4,CAGDP2,92,"...","Private services-providing industries 3/","Thousands of dollars",45556,49297,49983,48962,53121,55119,56496,58234,58491,65051,72688,73741,74676,77009,86431,90681,90535,93819,101286,101563,113606,123597
 "31095","Jefferson, NE",4,CAGDP2,1,"...","All industry total ","Thousands of dollars",215803,211592,247444,266645,301783,330887,313560,326283,300075,327974,403486,385503,439603,501477,444112,433656,442522,427830,447287,470796,558446,576404
 "31095","Jefferson, NE",4,CAGDP2,2,"..."," Private industries ","Thousands of dollars",193234,187518,223209,241624,276422,303054,286042,296136,269117,293651,368529,350044,404443,463857,405238,394140,402104,386067,403697,425217,511994,527695
 "31095","Jefferson, NE",4,CAGDP2,3,"11","  Agriculture, forestry, fishing and hunting ","Thousands of dollars",38046,21994,46471,53087,38590,23058,38652,67075,36056,49354,102744,67033,98962,63969,45055,40689,51696,56456,52880,50648,109952,70048
 "31095","Jefferson, NE",4,CAGDP2,6,"21","  Mining, quarrying, and oil and gas extraction ","Thousands of dollars",2347,433,248,278,349,386,1131,839,1139,1702,2085,2540,2026,1734,1991,1412,1342,1262,1351,2023,2212,2132
 "31095","Jefferson, NE",4,CAGDP2,10,"22","  Utilities ","Thousands of dollars",0,0,0,0,0,0,0,0,0,0,0,0,3038,13284,13233,19466,14931,10707,10748,11367,16310,24061
 "31095","Jefferson, NE",4,CAGDP2,11,"23","  Construction ","Thousands of dollars",7553,7990,8019,9704,9935,11413,30802,13333,13088,13961,11562,13254,13262,15285,17067,18172,20205,17264,16616,17323,17964,17285
 "31095","Jefferson, NE",4,CAGDP2,12,"31-33","  Manufacturing ","Thousands of dollars",33957,39048,35481,36340,40023,45276,38965,32281,43398,50597,60519,66816,58173,115510,81383,65977,66541,70350,76366,83601,96825,100248
 "31095","Jefferson, NE",4,CAGDP2,13,"321,327-339","   Durable goods manufacturing ","Thousands of dollars",19603,23290,20170,24321,26627,24479,22680,(D),(D),21136,20629,23567,25718,27363,30128,33866,43012,42079,46287,50942,53494,56682
 "31095","Jefferson, NE",4,CAGDP2,25,"311-316,322-326","   Nondurable goods manufacturing ","Thousands of dollars",14354,15759,15311,12019,13396,20797,16285,(D),(D),29462,39890,43248,32455,88148,51255,32110,23529,28271,30079,32660,43331,43565
 "31095","Jefferson, NE",4,CAGDP2,34,"42","  Wholesale trade ","Thousands of dollars",19134,19868,16301,19822,21981,21478,17456,18007,18082,19910,19752,21866,24025,27767,30323,30124,31483,33200,35524,36210,36671,40720
 "31095","Jefferson, NE",4,CAGDP2,35,"44-45","  Retail trade ","Thousands of dollars",16081,16328,17557,19199,20505,21908,22617,22444,23750,25503,27442,30356,33840,32449,32071,31550,29303,27967,26547,28281,33042,34998
 "31095","Jefferson, NE",4,CAGDP2,36,"48-49","  Transportation and warehousing ","Thousands of dollars",17107,17911,25458,26328,34345,49660,44593,49112,47867,41890,52166,53602,69811,86515,72734,79077,81834,66514,83287,92937,85480,100440
 "31095","Jefferson, NE",4,CAGDP2,45,"51","  Information ","Thousands of dollars",6372,6800,8852,9449,9108,9520,9875,10315,10168,9653,9630,10092,15535,17489,22156,16290,9835,4557,5293,5546,7120,7255
 "31095","Jefferson, NE",4,CAGDP2,50,"52,53","  Finance, insurance, real estate, rental, and leasing ","Thousands of dollars",26394,28942,36615,37107,70796,87183,49240,48734,41002,44965,45228,45003,45664,45352,45524,44465,47295,50595,46134,47343,52881,55566
 "31095","Jefferson, NE",4,CAGDP2,51,"52","   Finance and insurance ","Thousands of dollars",8590,10072,15991,14100,45824,59928,23815,18933,11268,18198,11805,12211,12641,12356,12403,13086,13633,13253,12706,12461,13209,15052
 "31095","Jefferson, NE",4,CAGDP2,56,"53","   Real estate and rental and leasing ","Thousands of dollars",17804,18870,20624,23007,24972,27255,25426,29801,29734,26767,33423,32792,33023,32996,33122,31378,33661,37342,33428,34882,39671,40514
 "31095","Jefferson, NE",4,CAGDP2,59,"54,55,56","  Professional and business services ","Thousands of dollars",3377,(D),3373,3803,3937,6262,5527,5568,5365,5327,5236,5620,6437,10902,9457,10812,10994,9944,11156,11601,12932,30307
 "31095","Jefferson, NE",4,CAGDP2,60,"54","   Professional, scientific, and technical services ","Thousands of dollars",1803,2083,(D),2518,2679,2984,2897,3160,3016,3156,3249,3279,3215,3310,3919,3846,3855,3920,(D),(D),(D),(D)
 "31095","Jefferson, NE",4,CAGDP2,64,"55","   Management of companies and enterprises ","Thousands of dollars",(D),0,0,0,0,(D),(D),(D),(D),(D),(D),(D),485,438,455,557,563,500,(D),(D),(D),(D)
 "31095","Jefferson, NE",4,CAGDP2,65,"56","   Administrative and support and waste management and remediation services ","Thousands of dollars",(D),(D),(D),1285,1258,(D),(D),(D),(D),(D),(D),(D),2737,7154,5083,6409,6576,5524,6001,6033,6560,22504
 "31095","Jefferson, NE",4,CAGDP2,68,"61,62","  Educational services, health care, and social assistance ","Thousands of dollars",14434,15768,15793,17173,17406,17330,17662,19160,19493,19905,20812,22101,21842,21757,22189,24009,25103,25717,25819,26278,27610,30446
 "31095","Jefferson, NE",4,CAGDP2,69,"61","   Educational services ","Thousands of dollars",(D),(D),(D),(D),(D),(D),(D),(D),(D),765,524,397,375,390,354,349,398,461,487,426,(D),(D)
 "31095","Jefferson, NE",4,CAGDP2,70,"62","   Health care and social assistance ","Thousands of dollars",(D),(D),(D),(D),(D),(D),(D),(D),(D),19139,20289,21703,21467,21368,21835,23660,24705,25256,25332,25852,(D),(D)
 "31095","Jefferson, NE",4,CAGDP2,75,"71,72","  Arts, entertainment, recreation, accommodation, and food services ","Thousands of dollars",3031,(D),3149,3341,3303,3321,3463,3451,3678,4264,3985,3821,3981,3987,4385,4490,4181,4296,4585,4240,5094,5853
 "31095","Jefferson, NE",4,CAGDP2,76,"71","   Arts, entertainment, and recreation ","Thousands of dollars",(D),(D),(D),(D),(D),(D),(D),(D),(D),(D),(D),(D),(D),(D),(D),(D),(D),(D),(D),(D),(D),(D)
 "31095","Jefferson, NE",4,CAGDP2,79,"72","   Accommodation and food services ","Thousands of dollars",(D),(D),(D),(D),(D),(D),(D),(D),(D),(D),(D),(D),(D),(D),(D),(D),(D),(D),(D),(D),(D),(D)
 "31095","Jefferson, NE",4,CAGDP2,82,"81","  Other services (except government and government enterprises) ","Thousands of dollars",5401,6055,5892,5993,6143,6258,6057,5817,6032,6619,7365,7941,7845,7858,7669,7606,7362,7237,7391,7819,7902,8336
 "31095","Jefferson, NE",4,CAGDP2,83,"92","Government and government enterprises ","Thousands of dollars",22568,24073,24235,25021,25360,27833,27518,30147,30958,34324,34958,35459,35160,37619,38874,39517,40418,41763,43591,45579,46451,48709
 "31095","Jefferson, NE",4,CAGDP2,87,"11,21","Natural resources and mining ","Thousands of dollars",40393,22427,46719,53365,38939,23445,39783,67915,37195,51056,104829,69572,100989,65703,47046,42102,53038,57718,54230,52671,112164,72180
 "31095","Jefferson, NE",4,CAGDP2,88,"42,44-45","Trade ","Thousands of dollars",35215,36196,33858,39021,42486,43386,40073,40451,41832,45413,47194,52222,57865,60215,62394,61674,60786,61168,62070,64491,69713,75718
 "31095","Jefferson, NE",4,CAGDP2,89,"22,48-49","Transportation and utilities ","Thousands of dollars",17107,17911,25458,26328,34345,49660,44593,49112,47867,41890,52166,53602,72849,99799,85967,98543,96765,77222,94036,104304,101790,124501
 "31095","Jefferson, NE",4,CAGDP2,90,"31-33,51","Manufacturing and information ","Thousands of dollars",40329,45848,44333,45789,49131,54796,48840,42595,53566,60250,70150,76908,73708,132999,103540,82267,76376,74907,81659,89148,103945,107502
 "31095","Jefferson, NE",4,CAGDP2,91,"...","Private goods-producing industries 2/","Thousands of dollars",81904,69466,90220,99409,88897,80133,109550,113528,93681,115614,176911,149642,172424,196498,145497,126251,139784,145331,147213,153595,226953,189712
 "31095","Jefferson, NE",4,CAGDP2,92,"...","Private services-providing industries 3/","Thousands of dollars",111330,118052,132989,142215,187526,222921,176491,182608,175437,178036,191618,200402,232019,267359,259741,267889,262320,240736,256484,271622,285042,337983
 "31097","Johnson, NE",4,CAGDP2,1,"...","All industry total ","Thousands of dollars",86574,94743,122129,131452,119260,122365,131485,160280,209098,246030,177347,181139,177102,173953,176023,159485,167851,176185,183193,189350,222142,235918
 "31097","Johnson, NE",4,CAGDP2,2,"..."," Private industries ","Thousands of dollars",65199,59042,80393,89475,76149,74874,82382,107000,155662,187545,120137,122615,117330,108340,108530,91607,98143,105312,111557,117287,149955,147219
 "31097","Johnson, NE",4,CAGDP2,3,"11","  Agriculture, forestry, fishing and hunting ","Thousands of dollars",(D),(D),(D),(D),(D),(D),(D),23731,(D),33629,(D),37423,(D),31990,(D),(D),(D),(D),(D),(D),44183,35440
 "31097","Johnson, NE",4,CAGDP2,6,"21","  Mining, quarrying, and oil and gas extraction ","Thousands of dollars",0,0,0,0,0,0,0,0,0,0,0,0,0,0,0,0,0,0,0,0,(D),(D)
 "31097","Johnson, NE",4,CAGDP2,10,"22","  Utilities ","Thousands of dollars",13,0,0,0,0,1,2,49,118,120,126,122,80,12,13,21,22,5,2,1,0,0
 "31097","Johnson, NE",4,CAGDP2,11,"23","  Construction ","Thousands of dollars",3025,2989,3064,3581,2924,2196,1907,1870,(D),(D),(D),5593,(D),5637,7210,8137,8440,7932,7195,6201,5733,5485
 "31097","Johnson, NE",4,CAGDP2,12,"31-33","  Manufacturing ","Thousands of dollars",(D),(D),(D),(D),(D),(D),(D),19373,52245,(D),6354,10418,10685,10873,(D),(D),(D),(D),(D),(D),(D),(D)
 "31097","Johnson, NE",4,CAGDP2,13,"321,327-339","   Durable goods manufacturing ","Thousands of dollars",(D),(D),(D),(D),(D),(D),(D),(D),(D),(D),(D),(D),(D),(D),851,678,702,738,919,1051,1144,1376
 "31097","Johnson, NE",4,CAGDP2,25,"311-316,322-326","   Nondurable goods manufacturing ","Thousands of dollars",(D),(D),(D),(D),(D),(D),(D),(D),(D),(D),(D),(D),(D),(D),(D),(D),(D),(D),(D),(D),(D),(D)
 "31097","Johnson, NE",4,CAGDP2,34,"42","  Wholesale trade ","Thousands of dollars",3786,3711,3126,3123,3274,3781,3765,4236,4240,4649,4740,5237,4834,4335,5134,5564,5472,6197,6516,7289,7926,8357
 "31097","Johnson, NE",4,CAGDP2,35,"44-45","  Retail trade ","Thousands of dollars",6421,6680,6895,6871,7140,7167,6784,6687,7030,7561,7637,8031,8569,8430,8343,8247,8089,7703,7623,8215,8140,8507
 "31097","Johnson, NE",4,CAGDP2,36,"48-49","  Transportation and warehousing ","Thousands of dollars",1321,992,918,1083,1556,1875,2897,(D),(D),(D),(D),(D),(D),2919,5017,3419,5157,5838,4404,9371,13176,13161
 "31097","Johnson, NE",4,CAGDP2,45,"51","  Information ","Thousands of dollars",(D),(D),(D),(D),(D),(D),(D),(D),(D),(D),(D),(D),(D),(D),(D),(D),(D),(D),(D),(D),(D),(D)
 "31097","Johnson, NE",4,CAGDP2,50,"52,53","  Finance, insurance, real estate, rental, and leasing ","Thousands of dollars",13228,14669,15534,16402,19660,23288,24263,23996,25061,24023,31011,37462,31368,29592,25970,24727,26457,28232,(D),26645,29625,(D)
 "31097","Johnson, NE",4,CAGDP2,51,"52","   Finance and insurance ","Thousands of dollars",4634,(D),(D),(D),(D),(D),(D),(D),(D),(D),14188,20284,13812,12226,8018,(D),(D),(D),(D),(D),(D),(D)
 "31097","Johnson, NE",4,CAGDP2,56,"53","   Real estate and rental and leasing ","Thousands of dollars",8594,(D),(D),(D),(D),(D),(D),(D),(D),(D),16823,17178,17555,17366,17952,(D),(D),(D),18097,(D),(D),21739
 "31097","Johnson, NE",4,CAGDP2,59,"54,55,56","  Professional and business services ","Thousands of dollars",1694,(D),(D),(D),(D),(D),(D),(D),2286,(D),(D),(D),(D),2146,2362,2333,1864,2482,2522,3259,2474,2977
 "31097","Johnson, NE",4,CAGDP2,60,"54","   Professional, scientific, and technical services ","Thousands of dollars",1220,943,937,1083,1007,968,1117,(D),1492,1638,1684,1713,1559,(D),(D),(D),(D),(D),(D),(D),(D),2096
 "31097","Johnson, NE",4,CAGDP2,64,"55","   Management of companies and enterprises ","Thousands of dollars",0,0,0,0,0,0,0,0,0,0,0,0,0,0,0,0,0,0,0,0,0,0
 "31097","Johnson, NE",4,CAGDP2,65,"56","   Administrative and support and waste management and remediation services ","Thousands of dollars",474,(D),(D),(D),(D),(D),(D),2124,795,(D),(D),(D),(D),(D),(D),(D),(D),(D),(D),(D),(D),881
 "31097","Johnson, NE",4,CAGDP2,68,"61,62","  Educational services, health care, and social assistance ","Thousands of dollars",5258,6633,8672,9076,9185,7694,5504,5717,7718,7646,8014,6565,6227,6264,6358,6656,6634,5351,5420,4745,2319,2679
 "31097","Johnson, NE",4,CAGDP2,69,"61","   Educational services ","Thousands of dollars",233,253,241,217,192,161,156,172,214,236,237,212,203,210,223,256,290,306,323,265,264,269
 "31097","Johnson, NE",4,CAGDP2,70,"62","   Health care and social assistance ","Thousands of dollars",5026,6380,8431,8858,8992,7533,5348,5545,7505,7410,7778,6353,6024,6054,6136,6400,6344,5044,5097,4480,2055,2410
 "31097","Johnson, NE",4,CAGDP2,75,"71,72","  Arts, entertainment, recreation, accommodation, and food services ","Thousands of dollars",1830,2186,2211,2168,2341,2131,2022,1708,1638,1647,1369,1192,1273,1277,1355,1494,1482,1470,1569,1092,1309,1471
 "31097","Johnson, NE",4,CAGDP2,76,"71","   Arts, entertainment, and recreation ","Thousands of dollars",(D),326,272,(D),(D),(D),(D),(D),(D),(D),(D),(D),(D),(D),(D),236,(D),(D),(D),(D),(D),(D)
 "31097","Johnson, NE",4,CAGDP2,79,"72","   Accommodation and food services ","Thousands of dollars",(D),1861,1939,(D),(D),(D),(D),(D),(D),(D),(D),(D),(D),(D),(D),1258,(D),(D),(D),(D),(D),(D)
 "31097","Johnson, NE",4,CAGDP2,82,"81","  Other services (except government and government enterprises) ","Thousands of dollars",(D),3555,4035,5085,6318,8043,8430,11733,(D),18042,4043,3867,3877,(D),(D),(D),(D),(D),(D),(D),(D),(D)
 "31097","Johnson, NE",4,CAGDP2,83,"92","Government and government enterprises ","Thousands of dollars",21375,35701,41736,41976,43111,47491,49103,53280,53437,58485,57210,58524,59771,65613,67493,67878,69708,70873,71636,72063,72186,88700
 "31097","Johnson, NE",4,CAGDP2,87,"11,21","Natural resources and mining ","Thousands of dollars",(D),(D),(D),(D),(D),(D),(D),23731,(D),33629,(D),37423,(D),31990,(D),(D),(D),(D),(D),(D),(D),(D)
 "31097","Johnson, NE",4,CAGDP2,88,"42,44-45","Trade ","Thousands of dollars",10207,10391,10021,9994,10414,10948,10549,10923,11270,12210,12377,13268,13403,12765,13477,13811,13561,13901,14139,15504,16066,16864
 "31097","Johnson, NE",4,CAGDP2,89,"22,48-49","Transportation and utilities ","Thousands of dollars",1334,992,918,1083,1556,1876,2900,(D),(D),(D),(D),(D),(D),2931,5031,3439,5179,5843,4406,9372,13176,13161
 "31097","Johnson, NE",4,CAGDP2,90,"31-33,51","Manufacturing and information ","Thousands of dollars",12339,14642,16334,16292,8623,9829,7772,(D),(D),83069,(D),(D),(D),(D),13989,15056,14922,19462,20280,22801,29922,32922
 "31097","Johnson, NE",4,CAGDP2,91,"...","Private goods-producing industries 2/","Thousands of dollars",28022,18550,36922,43393,24300,17191,24526,44973,84835,116958,55520,53434,55229,48500,48919,33885,37761,42231,51985,51149,78706,72643
 "31097","Johnson, NE",4,CAGDP2,92,"...","Private services-providing industries 3/","Thousands of dollars",37177,40492,43471,46083,51848,57682,57856,62027,70827,70587,64617,69180,62101,59840,59611,57722,60382,63081,59572,66138,71249,74576
 "31099","Kearney, NE",4,CAGDP2,1,"...","All industry total ","Thousands of dollars",157816,176901,199234,215632,233041,290008,341252,323614,321104,313993,376340,412722,490574,463386,456314,410264,338602,333589,351552,349302,430878,441810
 "31099","Kearney, NE",4,CAGDP2,2,"..."," Private industries ","Thousands of dollars",135850,153736,176586,192819,209825,264613,316049,296680,294173,284218,346896,381952,460408,430761,422848,375545,301887,297217,315346,310841,392197,400043
 "31099","Kearney, NE",4,CAGDP2,3,"11","  Agriculture, forestry, fishing and hunting ","Thousands of dollars",42599,57917,71878,73239,66904,(D),(D),97762,85780,77042,143224,159099,187204,144194,120421,99223,92891,83686,95261,95085,158934,144475
 "31099","Kearney, NE",4,CAGDP2,6,"21","  Mining, quarrying, and oil and gas extraction ","Thousands of dollars",0,0,0,0,0,0,0,0,0,0,0,0,0,0,0,0,0,0,7,4,66,50
 "31099","Kearney, NE",4,CAGDP2,10,"22","  Utilities ","Thousands of dollars",(D),(D),0,0,0,(D),(D),0,690,707,683,681,596,588,601,544,725,679,752,799,904,910
 "31099","Kearney, NE",4,CAGDP2,11,"23","  Construction ","Thousands of dollars",5648,5753,7051,6064,5401,6466,6558,7171,8452,7897,6043,5177,8430,9460,9119,11435,9806,9525,10288,9074,10655,10831
 "31099","Kearney, NE",4,CAGDP2,12,"31-33","  Manufacturing ","Thousands of dollars",6610,6520,9260,14082,28520,70866,85878,44339,45096,38851,51912,54884,68732,86371,90733,90851,43096,39759,40387,42255,45662,49513
 "31099","Kearney, NE",4,CAGDP2,13,"321,327-339","   Durable goods manufacturing ","Thousands of dollars",(D),6244,(D),(D),(D),(D),(D),(D),(D),(D),(D),(D),25913,24019,26082,21437,19579,20988,25220,26714,28310,29335
 "31099","Kearney, NE",4,CAGDP2,25,"311-316,322-326","   Nondurable goods manufacturing ","Thousands of dollars",(D),276,(D),(D),(D),(D),(D),(D),(D),(D),(D),(D),42819,62352,64651,69415,23517,18770,15167,15541,17352,20178
 "31099","Kearney, NE",4,CAGDP2,34,"42","  Wholesale trade ","Thousands of dollars",12931,13008,13315,16194,19965,24575,28834,31585,31311,32958,34925,40172,50312,50798,49881,42620,39629,37953,43263,44588,45177,50298
 "31099","Kearney, NE",4,CAGDP2,35,"44-45","  Retail trade ","Thousands of dollars",5323,5364,5846,7913,7509,(D),(D),4612,5505,6393,7047,8806,14657,15653,14950,10311,7476,6906,7314,7706,9357,9609
 "31099","Kearney, NE",4,CAGDP2,36,"48-49","  Transportation and warehousing ","Thousands of dollars",18160,16031,19203,23218,27382,30251,31616,42658,(D),(D),(D),(D),(D),(D),(D),(D),(D),(D),(D),(D),(D),(D)
 "31099","Kearney, NE",4,CAGDP2,45,"51","  Information ","Thousands of dollars",2100,3129,2372,2942,2496,10286,10239,10994,(D),(D),(D),(D),(D),(D),(D),8691,(D),(D),(D),(D),(D),(D)
 "31099","Kearney, NE",4,CAGDP2,50,"52,53","  Finance, insurance, real estate, rental, and leasing ","Thousands of dollars",23771,25693,25645,25104,26975,32484,34614,29971,31773,34344,33615,34174,41550,40189,44153,48707,43415,43804,(D),45447,47585,51896
 "31099","Kearney, NE",4,CAGDP2,51,"52","   Finance and insurance ","Thousands of dollars",7297,8823,8976,8307,9646,10518,11025,9519,9683,9807,9491,(D),11316,(D),(D),(D),(D),(D),(D),14480,14553,17779
 "31099","Kearney, NE",4,CAGDP2,56,"53","   Real estate and rental and leasing ","Thousands of dollars",16474,16871,16669,16796,17329,21966,23590,20452,22090,24538,24124,(D),30234,(D),(D),(D),(D),(D),34158,30966,33032,34117
 "31099","Kearney, NE",4,CAGDP2,59,"54,55,56","  Professional and business services ","Thousands of dollars",1743,1863,2148,2354,2435,2708,3054,3218,3018,3161,4049,(D),(D),(D),(D),4894,5234,4982,(D),(D),(D),(D)
 "31099","Kearney, NE",4,CAGDP2,60,"54","   Professional, scientific, and technical services ","Thousands of dollars",985,1019,1073,1205,1290,1374,1460,1667,1658,1737,1877,1928,2679,2979,3188,2819,3118,3506,3730,3849,4106,4549
 "31099","Kearney, NE",4,CAGDP2,64,"55","   Management of companies and enterprises ","Thousands of dollars",0,0,0,0,0,0,0,0,0,0,(D),(D),(D),(D),(D),(D),(D),0,0,0,0,0
 "31099","Kearney, NE",4,CAGDP2,65,"56","   Administrative and support and waste management and remediation services ","Thousands of dollars",759,844,1074,1149,1145,1333,1594,1551,1360,1423,(D),1963,1907,1734,(D),(D),(D),1476,(D),(D),(D),(D)
 "31099","Kearney, NE",4,CAGDP2,68,"61,62","  Educational services, health care, and social assistance ","Thousands of dollars",(D),(D),11548,13260,12058,12570,13160,14236,15316,15919,(D),(D),(D),(D),(D),(D),(D),18414,17157,17632,16491,17234
 "31099","Kearney, NE",4,CAGDP2,69,"61","   Educational services ","Thousands of dollars",(D),(D),(D),393,670,1588,2117,2444,2599,2635,1841,1324,2125,3179,3106,1880,768,122,(D),(D),(D),(D)
 "31099","Kearney, NE",4,CAGDP2,70,"62","   Health care and social assistance ","Thousands of dollars",(D),(D),(D),12867,11388,10982,11043,11792,12717,13284,(D),(D),(D),(D),(D),(D),(D),18292,(D),(D),(D),(D)
 "31099","Kearney, NE",4,CAGDP2,75,"71,72","  Arts, entertainment, recreation, accommodation, and food services ","Thousands of dollars",3020,3223,3679,3901,5631,8599,5862,5725,6736,6973,6274,5800,5767,8157,8479,7715,5551,5016,4912,3851,4580,5202
 "31099","Kearney, NE",4,CAGDP2,76,"71","   Arts, entertainment, and recreation ","Thousands of dollars",1083,1206,1352,1156,1078,985,787,709,841,1453,1888,1995,2919,3881,3502,2600,1654,1674,1555,1394,1614,1809
 "31099","Kearney, NE",4,CAGDP2,79,"72","   Accommodation and food services ","Thousands of dollars",1938,2017,2327,2745,4553,7615,5075,5015,5894,5520,4386,3806,2848,4276,4977,5115,3897,3342,3358,2456,2967,3392
 "31099","Kearney, NE",4,CAGDP2,82,"81","  Other services (except government and government enterprises) ","Thousands of dollars",4470,5054,4640,4547,4549,4644,4421,4411,(D),(D),(D),5168,5188,5358,(D),5859,(D),(D),7051,7612,8707,9437
 "31099","Kearney, NE",4,CAGDP2,83,"92","Government and government enterprises ","Thousands of dollars",21966,23164,22649,22813,23216,25395,25203,26934,26931,29775,29444,30770,30166,32625,33466,34720,36714,36372,36206,38461,38680,41766
 "31099","Kearney, NE",4,CAGDP2,87,"11,21","Natural resources and mining ","Thousands of dollars",42599,57917,71878,73239,66904,(D),(D),97762,85780,77042,143224,159099,187204,144194,120421,99223,92891,83686,95269,95090,159000,144524
 "31099","Kearney, NE",4,CAGDP2,88,"42,44-45","Trade ","Thousands of dollars",18253,18372,19162,24108,27475,(D),(D),36196,36815,39351,41972,48979,64970,66451,64831,52931,47105,44859,50577,52295,54534,59907
 "31099","Kearney, NE",4,CAGDP2,89,"22,48-49","Transportation and utilities ","Thousands of dollars",(D),(D),19203,23218,27382,(D),(D),42658,(D),(D),(D),(D),(D),(D),(D),(D),(D),(D),(D),(D),(D),(D)
 "31099","Kearney, NE",4,CAGDP2,90,"31-33,51","Manufacturing and information ","Thousands of dollars",8711,9649,11632,17024,31016,81152,96116,55333,(D),(D),(D),(D),(D),(D),(D),99542,(D),(D),(D),(D),(D),(D)
 "31099","Kearney, NE",4,CAGDP2,91,"...","Private goods-producing industries 2/","Thousands of dollars",54857,70190,88189,93385,100825,(D),(D),149272,139328,123789,201179,219160,264366,240026,220273,201510,145793,132970,145944,146420,215317,204868
 "31099","Kearney, NE",4,CAGDP2,92,"...","Private services-providing industries 3/","Thousands of dollars",80993,83547,88396,99434,109001,(D),(D),147409,154845,160429,145718,162791,196043,190735,202575,174035,156094,164246,169402,164421,176881,195176
 "31101","Keith, NE",4,CAGDP2,1,"...","All industry total ","Thousands of dollars",205232,210711,238627,230093,237927,222216,268286,285239,270934,284200,336463,358619,388095,378131,398207,400462,366504,381155,397855,419510,475727,520814
 "31101","Keith, NE",4,CAGDP2,2,"..."," Private industries ","Thousands of dollars",179180,183178,211185,202289,210219,191079,237059,253035,237746,246757,299141,321999,351915,340845,359501,360419,325612,339752,356084,374924,428961,472165
 "31101","Keith, NE",4,CAGDP2,3,"11","  Agriculture, forestry, fishing and hunting ","Thousands of dollars",13825,7807,31849,24890,24487,3557,38619,59233,40624,37305,85190,87686,(D),(D),76569,69006,43610,49561,57110,64864,93989,112649
 "31101","Keith, NE",4,CAGDP2,6,"21","  Mining, quarrying, and oil and gas extraction ","Thousands of dollars",120,166,140,136,153,113,168,102,119,193,199,159,165,191,171,115,2,2,2,2,2,0
 "31101","Keith, NE",4,CAGDP2,10,"22","  Utilities ","Thousands of dollars",1842,1656,1210,1340,706,1179,910,1101,1918,3511,8519,4213,3909,2992,5612,10729,6786,4866,5981,6284,4327,5524
 "31101","Keith, NE",4,CAGDP2,11,"23","  Construction ","Thousands of dollars",8568,8735,7927,7272,6715,7001,6736,7155,9419,10303,7506,14194,12132,14985,16708,18838,16364,14519,12612,12100,9690,10222
 "31101","Keith, NE",4,CAGDP2,12,"31-33","  Manufacturing ","Thousands of dollars",20271,20301,22472,20564,20771,17246,17998,14896,12272,14501,13343,14209,15743,15355,16894,16437,16887,19421,21406,17045,19481,22747
 "31101","Keith, NE",4,CAGDP2,13,"321,327-339","   Durable goods manufacturing ","Thousands of dollars",18363,18601,21129,19166,19529,(D),(D),(D),(D),(D),(D),(D),14129,13310,13628,12879,12442,15783,18334,14692,17663,20495
 "31101","Keith, NE",4,CAGDP2,25,"311-316,322-326","   Nondurable goods manufacturing ","Thousands of dollars",1908,1700,1343,1398,1242,(D),(D),(D),(D),(D),(D),(D),1614,2045,3265,3558,4446,3638,3072,2352,1818,2252
 "31101","Keith, NE",4,CAGDP2,34,"42","  Wholesale trade ","Thousands of dollars",16887,18454,17445,17958,17258,16509,16421,19194,19588,23074,24358,28488,29764,34169,42667,40496,40854,41423,47538,50568,54838,60566
 "31101","Keith, NE",4,CAGDP2,35,"44-45","  Retail trade ","Thousands of dollars",26769,27562,28952,28973,28746,28082,29392,30268,31770,33442,33040,33968,35898,35555,39245,38693,38985,38841,40142,42013,44240,45085
 "31101","Keith, NE",4,CAGDP2,36,"48-49","  Transportation and warehousing ","Thousands of dollars",(D),(D),(D),(D),(D),(D),(D),(D),(D),(D),(D),(D),(D),(D),(D),(D),(D),(D),(D),(D),(D),(D)
 "31101","Keith, NE",4,CAGDP2,45,"51","  Information ","Thousands of dollars",4642,5032,6015,6185,6298,6430,7119,7941,8067,7448,7207,11046,15308,12165,9498,5563,3905,3424,4695,4839,6309,6326
 "31101","Keith, NE",4,CAGDP2,50,"52,53","  Finance, insurance, real estate, rental, and leasing ","Thousands of dollars",41247,46054,48004,45512,52297,49114,57227,49349,50703,52464,51963,58098,56716,63562,70303,72664,66911,69817,72106,84942,92643,96435
 "31101","Keith, NE",4,CAGDP2,51,"52","   Finance and insurance ","Thousands of dollars",13028,15511,15727,14614,17571,18116,18694,15358,15338,15216,14869,16780,16969,18501,20872,21979,22993,22540,25411,27426,28820,32804
 "31101","Keith, NE",4,CAGDP2,56,"53","   Real estate and rental and leasing ","Thousands of dollars",28219,30543,32277,30898,34726,30997,38533,33991,35365,37248,37093,41318,39747,45060,49431,50685,43918,47277,46695,57516,63823,63631
 "31101","Keith, NE",4,CAGDP2,59,"54,55,56","  Professional and business services ","Thousands of dollars",(D),9890,8897,8825,9576,15456,15524,16884,16094,15925,16661,16607,17199,17889,(D),(D),(D),(D),(D),(D),(D),(D)
 "31101","Keith, NE",4,CAGDP2,60,"54","   Professional, scientific, and technical services ","Thousands of dollars",(D),5807,5075,5460,5237,5504,5313,5947,5791,5971,6321,6581,6406,6799,7241,8026,8226,8427,8094,8119,9971,10643
 "31101","Keith, NE",4,CAGDP2,64,"55","   Management of companies and enterprises ","Thousands of dollars",(D),2016,1719,1950,2513,7580,7679,8669,7992,7596,7867,7748,8166,8255,(D),(D),(D),(D),(D),(D),(D),(D)
 "31101","Keith, NE",4,CAGDP2,65,"56","   Administrative and support and waste management and remediation services ","Thousands of dollars",2096,2066,2104,1416,1826,2371,2532,2268,2311,2358,2472,2278,2627,2835,(D),(D),(D),(D),(D),(D),(D),(D)
 "31101","Keith, NE",4,CAGDP2,68,"61,62","  Educational services, health care, and social assistance ","Thousands of dollars",12997,(D),(D),15893,16211,16534,(D),18165,(D),18531,18766,20274,20567,21380,22813,23406,24477,25334,26347,26877,27855,29880
 "31101","Keith, NE",4,CAGDP2,69,"61","   Educational services ","Thousands of dollars",(D),(D),(D),(D),(D),(D),(D),(D),(D),(D),(D),760,753,778,748,763,816,848,876,744,759,(D)
 "31101","Keith, NE",4,CAGDP2,70,"62","   Health care and social assistance ","Thousands of dollars",(D),(D),(D),(D),(D),(D),(D),(D),(D),(D),(D),19514,19813,20602,22065,22643,23661,24485,25471,26133,27096,(D)
 "31101","Keith, NE",4,CAGDP2,75,"71,72","  Arts, entertainment, recreation, accommodation, and food services ","Thousands of dollars",12874,12919,13693,(D),(D),(D),17807,(D),15760,(D),(D),(D),15670,16332,17567,19525,19448,20973,20223,18305,22145,25842
 "31101","Keith, NE",4,CAGDP2,76,"71","   Arts, entertainment, and recreation ","Thousands of dollars",982,1159,978,(D),(D),(D),581,(D),427,(D),(D),(D),908,958,860,983,941,1031,1037,952,1250,1476
 "31101","Keith, NE",4,CAGDP2,79,"72","   Accommodation and food services ","Thousands of dollars",11892,11760,12716,(D),(D),(D),17225,(D),15334,(D),(D),(D),14762,15373,16706,18542,18507,19942,19185,17352,20895,24366
 "31101","Keith, NE",4,CAGDP2,82,"81","  Other services (except government and government enterprises) ","Thousands of dollars",7131,7710,7669,7866,7996,7878,8269,7967,8359,8246,8198,8289,8417,9081,9392,9839,9434,10563,11217,11546,11980,12197
 "31101","Keith, NE",4,CAGDP2,83,"92","Government and government enterprises ","Thousands of dollars",26053,27533,27442,27805,27708,31138,31227,32204,33187,37443,37323,36621,36180,37286,38707,40043,40892,41403,41772,44586,46766,48649
 "31101","Keith, NE",4,CAGDP2,87,"11,21","Natural resources and mining ","Thousands of dollars",13945,7974,31989,25026,24640,3670,38786,59335,40743,37498,85389,87845,(D),(D),76740,69120,43612,49563,57112,64866,93991,112649
 "31101","Keith, NE",4,CAGDP2,88,"42,44-45","Trade ","Thousands of dollars",43656,46016,46397,46931,46004,44590,45814,49463,51358,56516,57399,62456,65661,69724,81912,79189,79840,80263,87680,92581,99078,105651
 "31101","Keith, NE",4,CAGDP2,89,"22,48-49","Transportation and utilities ","Thousands of dollars",(D),(D),(D),(D),(D),(D),(D),(D),(D),(D),(D),(D),(D),(D),(D),(D),(D),(D),(D),(D),(D),(D)
 "31101","Keith, NE",4,CAGDP2,90,"31-33,51","Manufacturing and information ","Thousands of dollars",24913,25333,28486,26749,27069,23676,25117,22838,20339,21949,20550,25256,31052,27520,26392,22000,20793,22845,26100,21883,25790,29074
 "31101","Keith, NE",4,CAGDP2,91,"...","Private goods-producing industries 2/","Thousands of dollars",42784,37010,62388,52862,52126,27917,63520,81386,62433,62302,106239,116248,(D),(D),110341,104395,76864,83502,91130,94011,123162,145618
 "31101","Keith, NE",4,CAGDP2,92,"...","Private services-providing industries 3/","Thousands of dollars",136396,146167,148797,149427,158093,163162,173539,171649,175313,184455,192902,205751,(D),(D),249159,256024,248748,256249,264954,280913,305799,326547
 "31103","Keya Paha, NE",4,CAGDP2,1,"...","All industry total ","Thousands of dollars",12766,16098,19894,19089,21174,17776,18415,16162,11493,21883,39184,44024,52657,65455,58435,42845,30586,28005,30272,38354,35549,44334
 "31103","Keya Paha, NE",4,CAGDP2,2,"..."," Private industries ","Thousands of dollars",10512,13761,17528,16759,18757,15091,15535,13154,8371,18549,35793,40633,49158,61685,54601,38837,26558,23732,25817,33687,30697,40681
 "31103","Keya Paha, NE",4,CAGDP2,3,"11","  Agriculture, forestry, fishing and hunting ","Thousands of dollars",(D),(D),(D),10773,12684,8817,8924,6154,564,10826,26166,31083,40224,49492,41061,25366,12647,9380,9787,18582,18191,27444
 "31103","Keya Paha, NE",4,CAGDP2,6,"21","  Mining, quarrying, and oil and gas extraction ","Thousands of dollars",0,0,0,0,0,0,0,0,0,0,0,0,0,0,0,0,0,0,0,0,0,0
 "31103","Keya Paha, NE",4,CAGDP2,10,"22","  Utilities ","Thousands of dollars",0,89,95,110,85,92,52,0,0,0,0,0,0,419,397,653,582,329,264,362,521,507
 "31103","Keya Paha, NE",4,CAGDP2,11,"23","  Construction ","Thousands of dollars",(D),(D),(D),(D),(D),(D),(D),(D),(D),(D),(D),(D),(D),(D),(D),(D),(D),(D),(D),(D),(D),(D)
 "31103","Keya Paha, NE",4,CAGDP2,12,"31-33","  Manufacturing ","Thousands of dollars",298,420,249,(D),(D),(D),(D),(D),(D),(D),(D),(D),(D),(D),(D),(D),(D),(D),(D),(D),(D),(D)
 "31103","Keya Paha, NE",4,CAGDP2,13,"321,327-339","   Durable goods manufacturing ","Thousands of dollars",69,84,34,(D),(D),(D),(D),(D),(D),(D),(D),(D),(D),(D),(D),(D),(D),50,36,0,1,(D)
 "31103","Keya Paha, NE",4,CAGDP2,25,"311-316,322-326","   Nondurable goods manufacturing ","Thousands of dollars",229,336,215,124,167,396,202,89,23,30,127,83,164,169,258,249,108,(D),(D),(D),(D),(D)
 "31103","Keya Paha, NE",4,CAGDP2,34,"42","  Wholesale trade ","Thousands of dollars",(D),(D),(D),(D),(D),(D),(D),(D),(D),(D),(D),(D),(D),(D),(D),1606,1607,(D),2800,2545,1896,2038
 "31103","Keya Paha, NE",4,CAGDP2,35,"44-45","  Retail trade ","Thousands of dollars",950,998,889,866,(D),(D),(D),(D),(D),(D),(D),(D),(D),(D),(D),(D),(D),(D),(D),(D),(D),(D)
 "31103","Keya Paha, NE",4,CAGDP2,36,"48-49","  Transportation and warehousing ","Thousands of dollars",(D),(D),(D),(D),(D),(D),(D),(D),(D),(D),(D),(D),(D),(D),(D),(D),(D),1826,(D),(D),(D),(D)
 "31103","Keya Paha, NE",4,CAGDP2,45,"51","  Information ","Thousands of dollars",(D),(D),(D),(D),(D),(D),(D),(D),(D),(D),(D),28,36,(D),(D),(D),(D),(D),(D),(D),(D),(D)
 "31103","Keya Paha, NE",4,CAGDP2,50,"52,53","  Finance, insurance, real estate, rental, and leasing ","Thousands of dollars",3158,2991,3076,3000,3145,2954,3551,3586,3996,(D),5069,4644,4307,5508,5627,6284,6303,5808,6318,7409,5802,(D)
 "31103","Keya Paha, NE",4,CAGDP2,51,"52","   Finance and insurance ","Thousands of dollars",293,381,349,275,294,(D),(D),(D),(D),(D),(D),(D),(D),(D),(D),(D),(D),(D),1287,(D),(D),(D)
 "31103","Keya Paha, NE",4,CAGDP2,56,"53","   Real estate and rental and leasing ","Thousands of dollars",2864,2610,2727,2725,2851,(D),(D),(D),(D),3404,(D),(D),(D),(D),(D),(D),(D),(D),5031,(D),(D),4818
 "31103","Keya Paha, NE",4,CAGDP2,59,"54,55,56","  Professional and business services ","Thousands of dollars",118,127,106,111,(D),(D),(D),(D),(D),(D),(D),(D),(D),(D),283,350,517,553,646,(D),456,480
 "31103","Keya Paha, NE",4,CAGDP2,60,"54","   Professional, scientific, and technical services ","Thousands of dollars",50,52,49,55,(D),(D),(D),(D),(D),(D),(D),(D),(D),(D),179,233,(D),(D),(D),(D),(D),(D)
 "31103","Keya Paha, NE",4,CAGDP2,64,"55","   Management of companies and enterprises ","Thousands of dollars",0,0,0,0,0,0,0,0,0,0,0,0,0,0,0,0,0,0,0,0,0,0
 "31103","Keya Paha, NE",4,CAGDP2,65,"56","   Administrative and support and waste management and remediation services ","Thousands of dollars",68,75,57,56,54,60,47,31,31,48,70,93,147,133,105,117,(D),(D),(D),189,(D),(D)
 "31103","Keya Paha, NE",4,CAGDP2,68,"61,62","  Educational services, health care, and social assistance ","Thousands of dollars",59,(D),(D),(D),(D),(D),(D),(D),(D),(D),(D),204,(D),(D),(D),(D),(D),(D),(D),(D),(D),(D)
 "31103","Keya Paha, NE",4,CAGDP2,69,"61","   Educational services ","Thousands of dollars",12,12,13,22,16,15,6,12,17,25,22,24,23,20,21,57,121,166,155,83,0,0
 "31103","Keya Paha, NE",4,CAGDP2,70,"62","   Health care and social assistance ","Thousands of dollars",47,(D),(D),(D),(D),(D),(D),(D),(D),(D),(D),180,(D),(D),(D),(D),(D),(D),(D),(D),(D),(D)
 "31103","Keya Paha, NE",4,CAGDP2,75,"71,72","  Arts, entertainment, recreation, accommodation, and food services ","Thousands of dollars",175,148,(D),(D),(D),111,56,(D),(D),(D),105,78,60,(D),(D),(D),(D),(D),(D),333,289,(D)
 "31103","Keya Paha, NE",4,CAGDP2,76,"71","   Arts, entertainment, and recreation ","Thousands of dollars",(D),(D),40,28,19,(D),(D),1,2,15,(D),(D),43,44,34,83,130,245,341,211,90,112
 "31103","Keya Paha, NE",4,CAGDP2,79,"72","   Accommodation and food services ","Thousands of dollars",(D),(D),(D),(D),(D),(D),(D),(D),(D),(D),(D),(D),17,(D),(D),(D),(D),(D),(D),122,199,(D)
 "31103","Keya Paha, NE",4,CAGDP2,82,"81","  Other services (except government and government enterprises) ","Thousands of dollars",(D),(D),(D),(D),319,(D),380,(D),(D),(D),(D),596,534,602,457,(D),(D),525,584,534,596,593
 "31103","Keya Paha, NE",4,CAGDP2,83,"92","Government and government enterprises ","Thousands of dollars",2254,2336,2366,2331,2417,2685,2880,3008,3122,3334,3392,3390,3498,3771,3834,4009,4028,4274,4454,4667,4852,3654
 "31103","Keya Paha, NE",4,CAGDP2,87,"11,21","Natural resources and mining ","Thousands of dollars",(D),(D),(D),10773,12684,8817,8924,6154,564,10826,26166,31083,40224,49492,41061,25366,12647,9380,9787,18582,18191,27444
 "31103","Keya Paha, NE",4,CAGDP2,88,"42,44-45","Trade ","Thousands of dollars",(D),(D),(D),(D),1207,1380,1449,1556,1998,2322,2311,2222,1930,1871,1971,(D),(D),3473,(D),(D),(D),(D)
 "31103","Keya Paha, NE",4,CAGDP2,89,"22,48-49","Transportation and utilities ","Thousands of dollars",(D),(D),(D),(D),(D),(D),(D),(D),(D),(D),(D),(D),(D),(D),(D),(D),(D),2155,(D),(D),(D),(D)
 "31103","Keya Paha, NE",4,CAGDP2,90,"31-33,51","Manufacturing and information ","Thousands of dollars",(D),(D),(D),287,358,646,318,594,426,282,423,(D),(D),374,490,479,267,219,233,90,113,97
 "31103","Keya Paha, NE",4,CAGDP2,91,"...","Private goods-producing industries 2/","Thousands of dollars",4658,7868,11951,11119,13132,9530,9383,6516,887,11127,26867,31974,41322,50474,42049,26439,13504,10230,10879,19068,18516,27873
 "31103","Keya Paha, NE",4,CAGDP2,92,"...","Private services-providing industries 3/","Thousands of dollars",5854,5894,5577,5640,5626,5561,6152,6638,7484,7422,8926,8660,7836,11210,12553,12397,13054,13502,14938,14619,12181,12807
 "31105","Kimball, NE",4,CAGDP2,1,"...","All industry total ","Thousands of dollars",89281,84954,112534,111226,120646,125843,142209,132053,120717,133639,165089,163011,163577,171140,153796,153022,149210,165889,165558,185262,191787,223195
 "31105","Kimball, NE",4,CAGDP2,2,"..."," Private industries ","Thousands of dollars",72715,66697,93249,91275,100459,103825,120619,109345,98068,109370,140675,137321,137560,143987,127204,124847,118924,134001,132145,150398,157365,187422
 "31105","Kimball, NE",4,CAGDP2,3,"11","  Agriculture, forestry, fishing and hunting ","Thousands of dollars",8243,1530,20378,16898,18440,15897,(D),8165,6601,5173,26787,11758,19631,15466,8391,5743,2557,2774,3538,16571,22388,23133
 "31105","Kimball, NE",4,CAGDP2,6,"21","  Mining, quarrying, and oil and gas extraction ","Thousands of dollars",5922,5507,5714,7283,9461,12295,16964,15915,8796,8989,9315,12324,9988,12203,8414,4471,10946,17268,17142,26037,24726,29431
 "31105","Kimball, NE",4,CAGDP2,10,"22","  Utilities ","Thousands of dollars",27,43,659,880,592,740,643,785,1075,854,954,1025,1527,1195,1005,869,93,2084,4048,4480,6328,9346
 "31105","Kimball, NE",4,CAGDP2,11,"23","  Construction ","Thousands of dollars",2034,2156,2245,2204,2275,2037,(D),2620,2668,3309,3437,3489,3426,4000,4338,4146,4191,2537,2857,2171,1810,9416
 "31105","Kimball, NE",4,CAGDP2,12,"31-33","  Manufacturing ","Thousands of dollars",10455,10780,12677,12149,13789,18220,18838,19586,12929,13817,16982,21370,22065,22235,20621,15153,14429,16564,15773,12715,11795,14067
 "31105","Kimball, NE",4,CAGDP2,13,"321,327-339","   Durable goods manufacturing ","Thousands of dollars",(D),(D),(D),(D),(D),(D),(D),19034,12300,13316,16399,21006,21752,(D),(D),(D),(D),16155,13992,11220,9831,(D)
 "31105","Kimball, NE",4,CAGDP2,25,"311-316,322-326","   Nondurable goods manufacturing ","Thousands of dollars",(D),(D),(D),(D),(D),(D),(D),552,629,500,583,364,313,(D),(D),(D),(D),409,1781,1495,1964,(D)
 "31105","Kimball, NE",4,CAGDP2,34,"42","  Wholesale trade ","Thousands of dollars",3117,2330,1586,1993,2183,2506,2691,2542,(D),(D),(D),(D),(D),(D),(D),(D),(D),3496,3199,3106,3674,4297
 "31105","Kimball, NE",4,CAGDP2,35,"44-45","  Retail trade ","Thousands of dollars",9394,9452,10055,9031,8729,8142,7857,8018,7858,8561,8928,9469,8615,8504,8614,8746,8759,8532,8362,8262,8150,8088
 "31105","Kimball, NE",4,CAGDP2,36,"48-49","  Transportation and warehousing ","Thousands of dollars",3149,2909,5830,6364,6267,5890,7027,8656,9938,12567,11965,13884,10950,13208,10459,26875,16472,24683,16636,11880,15439,16790
 "31105","Kimball, NE",4,CAGDP2,45,"51","  Information ","Thousands of dollars",(D),(D),(D),(D),(D),(D),3074,(D),(D),(D),(D),(D),(D),(D),(D),(D),(D),(D),(D),(D),(D),(D)
 "31105","Kimball, NE",4,CAGDP2,50,"52,53","  Finance, insurance, real estate, rental, and leasing ","Thousands of dollars",13489,13850,14815,15026,18151,17764,19635,18453,20123,19442,24081,21523,18969,23433,24223,25555,26280,23584,(D),31123,26566,(D)
 "31105","Kimball, NE",4,CAGDP2,51,"52","   Finance and insurance ","Thousands of dollars",(D),(D),(D),(D),(D),(D),(D),(D),(D),(D),(D),(D),(D),(D),(D),(D),(D),(D),(D),(D),(D),(D)
 "31105","Kimball, NE",4,CAGDP2,56,"53","   Real estate and rental and leasing ","Thousands of dollars",(D),(D),(D),(D),(D),(D),(D),(D),(D),(D),(D),(D),(D),(D),(D),(D),(D),(D),17227,(D),(D),18224
 "31105","Kimball, NE",4,CAGDP2,59,"54,55,56","  Professional and business services ","Thousands of dollars",10472,11567,12988,13401,14584,14260,17067,17597,18862,26729,26474,32200,32820,34057,30956,22985,24409,24963,25266,26615,27380,33490
 "31105","Kimball, NE",4,CAGDP2,60,"54","   Professional, scientific, and technical services ","Thousands of dollars",1544,1494,(D),1648,1522,1936,(D),2112,2113,2012,1794,1894,1736,1837,1717,1587,(D),1432,1489,1477,1473,1562
 "31105","Kimball, NE",4,CAGDP2,64,"55","   Management of companies and enterprises ","Thousands of dollars",(D),(D),(D),1678,1662,1716,2327,(D),(D),(D),(D),(D),(D),(D),(D),(D),(D),(D),(D),(D),(D),(D)
 "31105","Kimball, NE",4,CAGDP2,65,"56","   Administrative and support and waste management and remediation services ","Thousands of dollars",(D),(D),11129,10075,11400,10607,(D),(D),(D),(D),(D),(D),(D),(D),(D),(D),(D),(D),(D),(D),(D),(D)
 "31105","Kimball, NE",4,CAGDP2,68,"61,62","  Educational services, health care, and social assistance ","Thousands of dollars",(D),893,844,675,908,1069,1239,1113,931,1091,1506,(D),1677,1954,1506,(D),1197,1131,1264,1292,1335,1274
 "31105","Kimball, NE",4,CAGDP2,69,"61","   Educational services ","Thousands of dollars",(D),(D),(D),(D),(D),(D),(D),(D),(D),(D),(D),(D),(D),(D),(D),(D),46,80,124,125,80,(D)
 "31105","Kimball, NE",4,CAGDP2,70,"62","   Health care and social assistance ","Thousands of dollars",751,(D),(D),(D),(D),(D),(D),(D),(D),(D),(D),1229,(D),(D),(D),925,1151,1051,1140,1167,1255,(D)
 "31105","Kimball, NE",4,CAGDP2,75,"71,72","  Arts, entertainment, recreation, accommodation, and food services ","Thousands of dollars",2538,2317,2297,2294,2000,1773,2024,2141,2501,2211,3221,2560,2173,2369,2644,2441,2679,2811,3398,2441,3799,4065
 "31105","Kimball, NE",4,CAGDP2,76,"71","   Arts, entertainment, and recreation ","Thousands of dollars",11,14,42,19,9,36,(D),(D),(D),(D),(D),(D),(D),(D),(D),(D),(D),(D),(D),(D),(D),(D)
 "31105","Kimball, NE",4,CAGDP2,79,"72","   Accommodation and food services ","Thousands of dollars",2527,2303,2255,2275,1991,1737,(D),(D),(D),(D),(D),(D),(D),(D),(D),(D),(D),(D),(D),(D),(D),(D)
 "31105","Kimball, NE",4,CAGDP2,82,"81","  Other services (except government and government enterprises) ","Thousands of dollars",2823,(D),(D),(D),(D),(D),2396,(D),(D),(D),(D),2851,(D),(D),(D),3248,(D),(D),(D),(D),(D),3418
 "31105","Kimball, NE",4,CAGDP2,83,"92","Government and government enterprises ","Thousands of dollars",16566,18257,19285,19951,20187,22018,21591,22709,22648,24270,24414,25690,26017,27153,26592,28175,30286,31888,33413,34864,34423,35773
 "31105","Kimball, NE",4,CAGDP2,87,"11,21","Natural resources and mining ","Thousands of dollars",14165,7037,26092,24181,27901,28192,(D),24080,15397,14162,36102,24082,29619,27669,16805,10214,13503,20042,20680,42608,47114,52564
 "31105","Kimball, NE",4,CAGDP2,88,"42,44-45","Trade ","Thousands of dollars",12511,11782,11641,11024,10911,10647,10548,10560,(D),(D),(D),(D),(D),(D),(D),(D),(D),12027,11561,11368,11824,12385
 "31105","Kimball, NE",4,CAGDP2,89,"22,48-49","Transportation and utilities ","Thousands of dollars",3176,2953,6489,7244,6859,6631,7670,9441,11013,13420,12918,14910,12477,14402,11464,27744,16565,26768,20684,16360,21767,26136
 "31105","Kimball, NE",4,CAGDP2,90,"31-33,51","Manufacturing and information ","Thousands of dollars",(D),(D),(D),(D),(D),(D),21912,(D),(D),(D),(D),(D),(D),(D),(D),(D),(D),(D),(D),(D),(D),(D)
 "31105","Kimball, NE",4,CAGDP2,91,"...","Private goods-producing industries 2/","Thousands of dollars",26654,19974,41014,38534,43965,48449,56964,46286,30994,31288,56522,48941,55110,53904,41764,29513,32123,39143,39310,57494,60719,76046
 "31105","Kimball, NE",4,CAGDP2,92,"...","Private services-providing industries 3/","Thousands of dollars",46061,46723,52235,52741,56494,55376,63654,63059,67075,78082,84154,88380,82450,90083,85440,95333,86801,94858,92835,92904,96646,111376
 "31107","Knox, NE",4,CAGDP2,1,"...","All industry total ","Thousands of dollars",182360,174992,217799,226398,234087,202939,237861,232102,258045,315011,398708,337886,336197,351327,366540,368656,399795,388785,445331,516537,676165,736895
 "31107","Knox, NE",4,CAGDP2,2,"..."," Private industries ","Thousands of dollars",141719,130897,170251,177839,184119,147264,181910,174248,198749,248786,339317,277893,275835,286074,299036,295400,325689,311731,364333,429768,588584,643475
 "31107","Knox, NE",4,CAGDP2,3,"11","  Agriculture, forestry, fishing and hunting ","Thousands of dollars",45147,26941,64932,71427,69557,31283,62150,48634,61014,99979,169610,107501,94018,97544,94593,66027,89081,85150,73754,86565,126041,152514
 "31107","Knox, NE",4,CAGDP2,6,"21","  Mining, quarrying, and oil and gas extraction ","Thousands of dollars",135,186,141,139,111,124,43,0,0,0,0,0,0,0,0,0,0,0,0,0,0,0
 "31107","Knox, NE",4,CAGDP2,10,"22","  Utilities ","Thousands of dollars",0,0,0,0,0,0,0,0,167,6086,8707,10798,21790,18075,18177,26779,19092,14371,13006,13772,18940,26412
 "31107","Knox, NE",4,CAGDP2,11,"23","  Construction ","Thousands of dollars",6111,6534,6355,6851,7752,7428,6026,6360,7245,5372,9697,3556,4523,7002,11707,14000,15167,13676,14822,17331,16629,16805
 "31107","Knox, NE",4,CAGDP2,12,"31-33","  Manufacturing ","Thousands of dollars",6014,6576,7683,7368,9157,11563,9774,10716,13303,13105,13690,11081,9796,11117,16629,24369,27715,28390,84000,140287,230254,233039
 "31107","Knox, NE",4,CAGDP2,13,"321,327-339","   Durable goods manufacturing ","Thousands of dollars",(D),(D),(D),(D),(D),(D),(D),(D),(D),(D),(D),(D),(D),(D),(D),(D),1543,(D),(D),(D),(D),(D)
 "31107","Knox, NE",4,CAGDP2,25,"311-316,322-326","   Nondurable goods manufacturing ","Thousands of dollars",(D),(D),(D),(D),(D),(D),(D),(D),(D),(D),(D),(D),(D),(D),(D),(D),26172,(D),(D),(D),(D),(D)
 "31107","Knox, NE",4,CAGDP2,34,"42","  Wholesale trade ","Thousands of dollars",12485,12975,11879,11895,11259,11050,10576,11601,13784,15706,16845,19151,21073,24103,25594,25699,25277,26074,25573,26622,27357,31006
 "31107","Knox, NE",4,CAGDP2,35,"44-45","  Retail trade ","Thousands of dollars",14753,15232,15248,13890,14574,15716,16770,17014,17500,17926,17241,18670,19247,18894,18485,18408,18468,18164,18174,18261,18876,19418
 "31107","Knox, NE",4,CAGDP2,36,"48-49","  Transportation and warehousing ","Thousands of dollars",3139,2825,3089,3797,3616,4221,4924,(D),(D),(D),(D),(D),(D),(D),(D),(D),(D),(D),(D),(D),(D),(D)
 "31107","Knox, NE",4,CAGDP2,45,"51","  Information ","Thousands of dollars",2773,2683,3076,3156,3429,3766,4585,5142,6076,7024,6583,(D),4604,(D),(D),(D),(D),(D),(D),(D),(D),(D)
 "31107","Knox, NE",4,CAGDP2,50,"52,53","  Finance, insurance, real estate, rental, and leasing ","Thousands of dollars",30673,34496,36931,37061,41641,38781,41691,43146,44292,48331,52991,54705,53064,52422,52911,59757,69215,64488,72683,62579,72873,80464
 "31107","Knox, NE",4,CAGDP2,51,"52","   Finance and insurance ","Thousands of dollars",8266,(D),(D),(D),(D),(D),(D),(D),(D),(D),12077,13844,13615,13048,12682,16686,19507,21000,23527,22075,22086,27133
 "31107","Knox, NE",4,CAGDP2,56,"53","   Real estate and rental and leasing ","Thousands of dollars",22407,(D),(D),(D),(D),(D),(D),(D),(D),(D),40914,40861,39450,39374,40229,43071,49709,43488,49156,40504,50787,53332
 "31107","Knox, NE",4,CAGDP2,59,"54,55,56","  Professional and business services ","Thousands of dollars",3703,4778,3849,3850,3814,4392,7124,(D),(D),(D),(D),7914,(D),9212,9526,9020,8946,10190,10508,10244,10095,10224
 "31107","Knox, NE",4,CAGDP2,60,"54","   Professional, scientific, and technical services ","Thousands of dollars",2238,3175,2891,2913,2733,2176,3286,(D),(D),(D),(D),(D),(D),(D),(D),(D),(D),(D),(D),(D),(D),(D)
 "31107","Knox, NE",4,CAGDP2,64,"55","   Management of companies and enterprises ","Thousands of dollars",(D),(D),0,0,0,0,0,(D),(D),(D),(D),(D),(D),(D),(D),(D),(D),(D),(D),(D),(D),(D)
 "31107","Knox, NE",4,CAGDP2,65,"56","   Administrative and support and waste management and remediation services ","Thousands of dollars",(D),(D),958,938,1081,2216,3838,3918,4428,4087,4081,4836,4784,5337,5774,5070,5017,5598,5263,5066,4701,4227
 "31107","Knox, NE",4,CAGDP2,68,"61,62","  Educational services, health care, and social assistance ","Thousands of dollars",8678,8931,8404,8600,9005,8514,7942,8720,9569,9970,16777,17443,18212,17859,18181,19386,20423,21024,20996,21056,21592,23070
 "31107","Knox, NE",4,CAGDP2,69,"61","   Educational services ","Thousands of dollars",(D),(D),889,999,880,706,682,773,952,980,1006,1029,(D),(D),(D),(D),(D),(D),(D),(D),(D),(D)
 "31107","Knox, NE",4,CAGDP2,70,"62","   Health care and social assistance ","Thousands of dollars",(D),(D),7516,7601,8125,7808,7260,7947,8616,8990,15771,16414,(D),(D),(D),(D),(D),(D),(D),(D),(D),(D)
 "31107","Knox, NE",4,CAGDP2,75,"71,72","  Arts, entertainment, recreation, accommodation, and food services ","Thousands of dollars",2370,2219,2390,2957,2877,3021,3298,3777,4411,4826,4918,4903,6142,6701,6351,6506,6653,6746,6884,5509,7382,8023
 "31107","Knox, NE",4,CAGDP2,76,"71","   Arts, entertainment, and recreation ","Thousands of dollars",472,577,669,1355,1523,1739,2043,2451,2780,3177,3161,3335,4637,(D),(D),(D),(D),(D),(D),3966,4600,(D)
 "31107","Knox, NE",4,CAGDP2,79,"72","   Accommodation and food services ","Thousands of dollars",1898,1642,1721,1602,1354,1282,1255,1326,1631,1650,1757,1568,1505,(D),(D),(D),(D),(D),(D),1543,2782,(D)
 "31107","Knox, NE",4,CAGDP2,82,"81","  Other services (except government and government enterprises) ","Thousands of dollars",5738,6521,6274,6847,7325,7405,7007,6576,7988,8383,8150,(D),8551,(D),(D),(D),(D),(D),(D),(D),(D),(D)
 "31107","Knox, NE",4,CAGDP2,83,"92","Government and government enterprises ","Thousands of dollars",40641,44095,47548,48559,49968,55675,55951,57854,59297,66225,59391,59993,60361,65252,67503,73257,74107,77054,80998,86769,87580,93420
 "31107","Knox, NE",4,CAGDP2,87,"11,21","Natural resources and mining ","Thousands of dollars",45281,27127,65073,71566,69669,31407,62194,48634,61014,99979,169610,107501,94018,97544,94593,66027,89081,85150,73754,86565,126041,152514
 "31107","Knox, NE",4,CAGDP2,88,"42,44-45","Trade ","Thousands of dollars",27238,28207,27128,25785,25833,26766,27346,28615,31284,33632,34086,37821,40320,42997,44079,44106,43746,44238,43747,44883,46234,50424
 "31107","Knox, NE",4,CAGDP2,89,"22,48-49","Transportation and utilities ","Thousands of dollars",3139,2825,3089,3797,3616,4221,4924,(D),(D),(D),(D),(D),(D),(D),(D),(D),(D),(D),(D),(D),(D),(D)
 "31107","Knox, NE",4,CAGDP2,90,"31-33,51","Manufacturing and information ","Thousands of dollars",8787,9259,10759,10524,12587,15328,14359,15859,19379,20128,20273,(D),14401,(D),(D),(D),(D),(D),(D),(D),(D),(D)
 "31107","Knox, NE",4,CAGDP2,91,"...","Private goods-producing industries 2/","Thousands of dollars",57406,40237,79111,85785,86578,50398,77993,65711,81562,118456,192998,122138,108338,115664,122930,104396,131963,127216,172576,244183,372925,402359
 "31107","Knox, NE",4,CAGDP2,92,"...","Private services-providing industries 3/","Thousands of dollars",84312,90660,91140,92054,97541,96866,103917,108537,117186,130330,146319,155755,167498,170411,176106,191004,193726,184515,191757,185585,215660,241116
 "31109","Lancaster, NE",4,CAGDP2,1,"...","All industry total ","Thousands of dollars",9939442,10217480,10777449,11228745,12193958,12892320,13434274,13172944,13189577,13671212,13889518,14406412,14971843,16064797,17045920,17661210,18813151,19598267,20482733,20998062,22290337,24522270
 "31109","Lancaster, NE",4,CAGDP2,2,"..."," Private industries ","Thousands of dollars",8166866,8289494,8799687,9200398,10102920,10598531,11122625,10741812,10751991,11000905,11174357,11652099,12197980,13095741,13990322,14472561,15485560,16148450,16875343,17259852,18563979,20580374
 "31109","Lancaster, NE",4,CAGDP2,3,"11","  Agriculture, forestry, fishing and hunting ","Thousands of dollars",35322,5297,42128,73697,33573,21298,(D),(D),99229,98606,153166,56962,77426,30012,22360,15388,(D),(D),(D),(D),123504,99077
 "31109","Lancaster, NE",4,CAGDP2,6,"21","  Mining, quarrying, and oil and gas extraction ","Thousands of dollars",864,842,679,864,735,634,1659,656,554,692,849,1002,756,715,615,360,248,638,323,0,2085,3759
 "31109","Lancaster, NE",4,CAGDP2,10,"22","  Utilities ","Thousands of dollars",34448,31892,31509,48340,40662,48596,(D),(D),80398,61802,72310,65058,83364,80085,64079,63438,(D),(D),(D),(D),85431,116361
 "31109","Lancaster, NE",4,CAGDP2,11,"23","  Construction ","Thousands of dollars",414117,427308,446154,499127,523932,506065,548146,485468,451714,279856,182965,0,311033,468792,581432,736640,897694,891608,945014,1051389,1155502,1297690
 "31109","Lancaster, NE",4,CAGDP2,12,"31-33","  Manufacturing ","Thousands of dollars",1434815,1312820,1313226,1191753,1270664,1432642,1407207,1321480,1417559,1555289,1658564,1754497,1622158,1557956,1506861,1432232,1327274,1447348,1415257,1440787,1598078,1740022
 "31109","Lancaster, NE",4,CAGDP2,13,"321,327-339","   Durable goods manufacturing ","Thousands of dollars",716232,688888,673259,647886,691924,712700,700270,647384,538852,586439,586972,639464,633270,632667,715536,710992,734565,795204,832353,798320,844765,925680
 "31109","Lancaster, NE",4,CAGDP2,25,"311-316,322-326","   Nondurable goods manufacturing ","Thousands of dollars",718583,623933,639967,543867,578740,719943,706937,674096,878708,968850,1071591,1115033,988887,925289,791325,721240,592709,652144,582903,642467,753313,814342
 "31109","Lancaster, NE",4,CAGDP2,34,"42","  Wholesale trade ","Thousands of dollars",334841,357028,358092,383286,406108,426878,(D),(D),520098,537919,539231,575351,601880,641483,663367,651452,(D),(D),(D),(D),758591,852870
 "31109","Lancaster, NE",4,CAGDP2,35,"44-45","  Retail trade ","Thousands of dollars",609726,638138,693672,716956,718119,721619,751977,786138,793175,814758,846511,908465,975130,985438,1039528,1102404,1121674,1141381,1176324,1254644,1409708,1436828
 "31109","Lancaster, NE",4,CAGDP2,36,"48-49","  Transportation and warehousing ","Thousands of dollars",685497,687957,746934,817242,914870,961628,1007951,1108813,972304,965553,985751,1085183,1056379,1103380,1208267,1192149,1208497,1313269,1327283,1307823,1537304,1672704
 "31109","Lancaster, NE",4,CAGDP2,45,"51","  Information ","Thousands of dollars",306917,308011,330432,354861,371471,348973,423863,391372,353739,358216,362049,355839,416079,439807,456654,632749,684029,735363,816425,811158,943603,973839
 "31109","Lancaster, NE",4,CAGDP2,50,"52,53","  Finance, insurance, real estate, rental, and leasing ","Thousands of dollars",1935099,1974793,2172076,2295418,2863662,3019236,3170578,2529550,2576933,2739212,2680259,2958243,3064508,3641651,4075757,4129824,4815896,4707483,5012600,5262305,5079839,6097767
 "31109","Lancaster, NE",4,CAGDP2,51,"52","   Finance and insurance ","Thousands of dollars",870574,864080,1051682,1144786,1670718,1795934,1887767,1128614,1222689,1263291,1218956,1459209,1423872,1957684,2273359,2305546,2799072,2472227,2831292,2919498,2712913,3630031
 "31109","Lancaster, NE",4,CAGDP2,56,"53","   Real estate and rental and leasing ","Thousands of dollars",1064525,1110713,1120394,1150632,1192944,1223303,1282811,1400936,1354244,1475921,1461303,1499033,1640636,1683968,1802398,1824278,2016824,2235256,2181308,2342807,2366926,2467736
 "31109","Lancaster, NE",4,CAGDP2,59,"54,55,56","  Professional and business services ","Thousands of dollars",856589,929099,967465,1013214,1089895,1176104,1257595,1372239,1328722,1372867,1412375,1512000,1537090,1572029,1643145,1645882,1732624,1972230,2032551,2081668,2247116,2397979
 "31109","Lancaster, NE",4,CAGDP2,60,"54","   Professional, scientific, and technical services ","Thousands of dollars",556345,609840,626855,639678,669404,718525,728744,787947,742753,784209,837554,924664,901375,906917,942923,973725,1034887,1124291,1133340,1193792,1313660,1422171
 "31109","Lancaster, NE",4,CAGDP2,64,"55","   Management of companies and enterprises ","Thousands of dollars",106127,120429,130222,151870,165262,188532,227890,250203,262653,247730,226049,207720,245437,250934,276488,233076,245802,270996,281501,276237,290042,342110
 "31109","Lancaster, NE",4,CAGDP2,65,"56","   Administrative and support and waste management and remediation services ","Thousands of dollars",194117,198830,210387,221667,255229,269047,300961,334089,323316,340928,348771,379616,390278,414177,423734,439080,451935,576942,617710,611639,643414,633697
 "31109","Lancaster, NE",4,CAGDP2,68,"61,62","  Educational services, health care, and social assistance ","Thousands of dollars",914054,981625,1035400,1124845,1176094,1232296,1268820,1336472,1405923,1437054,1473613,1530254,1548087,1599322,1700380,1796484,1849492,1984441,2067406,2080788,2242085,2323696
 "31109","Lancaster, NE",4,CAGDP2,69,"61","   Educational services ","Thousands of dollars",85469,80639,82144,88928,88460,94705,102773,108967,118743,119128,122962,126990,128197,137171,145186,156420,155562,160628,165148,152491,159080,166299
 "31109","Lancaster, NE",4,CAGDP2,70,"62","   Health care and social assistance ","Thousands of dollars",828585,900986,953256,1035918,1087634,1137591,1166047,1227505,1287180,1317926,1350651,1403264,1419889,1462151,1555194,1640064,1693930,1823812,1902258,1928296,2083005,2157397
 "31109","Lancaster, NE",4,CAGDP2,75,"71,72","  Arts, entertainment, recreation, accommodation, and food services ","Thousands of dollars",334463,351221,372852,380919,383259,390617,390515,399989,404017,435093,452024,474293,508156,547962,580414,626939,656967,693978,751945,607592,773707,911576
 "31109","Lancaster, NE",4,CAGDP2,76,"71","   Arts, entertainment, and recreation ","Thousands of dollars",58617,62113,70163,72120,72037,71785,72847,72336,75144,79773,79636,89584,104303,118456,112066,125679,148143,158689,168835,125986,157266,193116
 "31109","Lancaster, NE",4,CAGDP2,79,"72","   Accommodation and food services ","Thousands of dollars",275846,289108,302688,308799,311222,318833,317668,327654,328873,355320,372388,384709,403853,429506,468349,501260,508824,535288,583110,481605,616442,718460
 "31109","Lancaster, NE",4,CAGDP2,82,"81","  Other services (except government and government enterprises) ","Thousands of dollars",270112,283464,289067,299875,309874,311943,333107,344694,347627,343989,354690,374953,395935,427107,447462,446620,464762,497899,539418,547046,607426,656205
 "31109","Lancaster, NE",4,CAGDP2,83,"92","Government and government enterprises ","Thousands of dollars",1772576,1927986,1977762,2028347,2091038,2293789,2311649,2431133,2437585,2670307,2715162,2754313,2773863,2969056,3055598,3188649,3327591,3449817,3607390,3738210,3726357,3941896
 "31109","Lancaster, NE",4,CAGDP2,87,"11,21","Natural resources and mining ","Thousands of dollars",36187,6140,42808,74561,34309,21933,(D),(D),99782,99298,154016,57964,78182,30727,22975,15749,(D),(D),(D),(D),125589,102836
 "31109","Lancaster, NE",4,CAGDP2,88,"42,44-45","Trade ","Thousands of dollars",944567,995166,1051765,1100242,1124227,1148498,(D),(D),1313273,1352677,1385741,1483816,1577010,1626922,1702895,1753856,(D),(D),(D),(D),2168299,2289699
 "31109","Lancaster, NE",4,CAGDP2,89,"22,48-49","Transportation and utilities ","Thousands of dollars",719945,719849,778443,865583,955532,1010224,(D),(D),1052702,1027355,1058062,1150241,1139743,1183465,1272346,1255587,(D),(D),(D),(D),1622735,1789065
 "31109","Lancaster, NE",4,CAGDP2,90,"31-33,51","Manufacturing and information ","Thousands of dollars",1741733,1620831,1643658,1546613,1642136,1781615,1831071,1712852,1771298,1913504,2020613,2110336,2038236,1997763,1963515,2064981,2011303,2182711,2231682,2251945,2541680,2713861
 "31109","Lancaster, NE",4,CAGDP2,91,"...","Private goods-producing industries 2/","Thousands of dollars",1885120,1746268,1802188,1765441,1828905,1960640,(D),(D),1969055,1934442,1995544,1812461,2011373,2057476,2111268,2184620,(D),(D),(D),(D),2879169,3140548
 "31109","Lancaster, NE",4,CAGDP2,92,"...","Private services-providing industries 3/","Thousands of dollars",6281746,6543226,6997499,7434957,8274016,8637891,(D),(D),8782936,9066462,9178812,9839638,10186608,11038265,11879054,12287941,(D),(D),(D),(D),15684810,17439826
 "31111","Lincoln, NE",4,CAGDP2,1,"...","All industry total ","Thousands of dollars",1195486,1249016,1372349,1477405,1497340,1566454,1662297,1725301,1798002,1796324,1944732,2144551,2375387,2348821,2439706,2501048,2378036,2340991,2320114,2257350,2595167,2954070
 "31111","Lincoln, NE",4,CAGDP2,2,"..."," Private industries ","Thousands of dollars",1046096,1088308,1211001,1310955,1323347,1375066,1467191,1518382,1590592,1563764,1715739,1915491,2145025,2102630,2192086,2240789,2114009,2067880,2039514,1964084,2300233,2648195
 "31111","Lincoln, NE",4,CAGDP2,3,"11","  Agriculture, forestry, fishing and hunting ","Thousands of dollars",(D),66401,(D),(D),(D),(D),(D),(D),(D),(D),204655,228514,284809,305882,303881,256760,(D),(D),(D),(D),307302,350211
 "31111","Lincoln, NE",4,CAGDP2,6,"21","  Mining, quarrying, and oil and gas extraction ","Thousands of dollars",860,2036,1794,1990,2125,2259,5762,3244,3022,4190,4654,6010,4687,4123,3932,2583,2676,2331,233,0,(D),(D)
 "31111","Lincoln, NE",4,CAGDP2,10,"22","  Utilities ","Thousands of dollars",174442,162786,(D),(D),(D),(D),(D),(D),(D),(D),310537,317908,474065,362564,382708,492399,(D),(D),(D),(D),(D),540613
 "31111","Lincoln, NE",4,CAGDP2,11,"23","  Construction ","Thousands of dollars",33878,31438,36559,40297,36674,39649,40306,41118,40768,36207,29775,29720,29123,45170,57974,66236,70486,66941,63591,70027,93418,77795
 "31111","Lincoln, NE",4,CAGDP2,12,"31-33","  Manufacturing ","Thousands of dollars",18553,17096,17103,17788,23691,30576,35884,27333,37153,28836,31520,36782,30272,33740,38185,46530,35109,31489,40271,34811,71118,134800
 "31111","Lincoln, NE",4,CAGDP2,13,"321,327-339","   Durable goods manufacturing ","Thousands of dollars",12292,12261,12130,11827,14719,15235,14794,13992,13998,12361,13703,17051,13531,12857,15402,16517,15868,14646,16753,17945,24470,24892
 "31111","Lincoln, NE",4,CAGDP2,25,"311-316,322-326","   Nondurable goods manufacturing ","Thousands of dollars",6262,4835,4973,5961,8972,15341,21089,13341,23155,16475,17817,19731,16740,20883,22782,30013,19241,16843,23518,16867,46648,109908
 "31111","Lincoln, NE",4,CAGDP2,34,"42","  Wholesale trade ","Thousands of dollars",31989,33785,(D),(D),(D),(D),(D),(D),(D),(D),63311,72717,79724,83867,88967,89343,(D),(D),(D),(D),(D),(D)
 "31111","Lincoln, NE",4,CAGDP2,35,"44-45","  Retail trade ","Thousands of dollars",101445,103692,112190,116962,121048,121137,120673,121563,121747,123563,126461,136527,143597,141757,144193,146478,147047,138594,142007,147337,156500,155802
 "31111","Lincoln, NE",4,CAGDP2,36,"48-49","  Transportation and warehousing ","Thousands of dollars",(D),(D),292759,323293,355708,384923,404210,411658,371852,384069,407478,507349,511599,486362,486147,429791,423838,407056,402941,360136,344996,371304
 "31111","Lincoln, NE",4,CAGDP2,45,"51","  Information ","Thousands of dollars",18765,21113,21961,20153,19663,18569,19510,20850,20168,19474,19284,19369,20526,20973,24549,25899,22940,19734,21625,18172,35904,39200
 "31111","Lincoln, NE",4,CAGDP2,50,"52,53","  Finance, insurance, real estate, rental, and leasing ","Thousands of dollars",145354,153531,154248,155504,171813,164434,186244,170420,171472,180172,184253,213287,207568,228330,244492,251339,234471,247387,248595,282320,294272,(D)
 "31111","Lincoln, NE",4,CAGDP2,51,"52","   Finance and insurance ","Thousands of dollars",41330,45091,45900,44237,52741,53152,52808,45987,47376,46592,50083,57908,56610,61239,66506,70027,74619,76706,82515,83924,84400,91809
 "31111","Lincoln, NE",4,CAGDP2,56,"53","   Real estate and rental and leasing ","Thousands of dollars",104023,108440,108348,111267,119072,111282,133436,124433,124095,133580,134170,155379,150958,167091,177986,181313,159852,170681,166081,198396,209872,(D)
 "31111","Lincoln, NE",4,CAGDP2,59,"54,55,56","  Professional and business services ","Thousands of dollars",34382,(D),33981,37225,39997,44885,50659,54451,53616,57001,55136,56062,55767,59600,60832,61391,61212,58421,58651,57601,62722,67162
 "31111","Lincoln, NE",4,CAGDP2,60,"54","   Professional, scientific, and technical services ","Thousands of dollars",19621,23828,24295,25816,25638,27384,28802,30881,31308,32872,32512,33131,32847,36956,39214,40856,38697,36365,35856,34773,38868,41229
 "31111","Lincoln, NE",4,CAGDP2,64,"55","   Management of companies and enterprises ","Thousands of dollars",4621,(D),1472,1964,2003,1932,2302,2330,2882,2903,2863,2208,2118,2117,2076,2275,2239,2224,2067,2318,2054,2420
 "31111","Lincoln, NE",4,CAGDP2,65,"56","   Administrative and support and waste management and remediation services ","Thousands of dollars",10140,(D),8214,9445,12355,15570,19555,21240,19427,21227,19760,20722,20803,20526,19542,18260,20276,19832,20728,20511,21801,23514
 "31111","Lincoln, NE",4,CAGDP2,68,"61,62","  Educational services, health care, and social assistance ","Thousands of dollars",109685,122043,125755,134769,136424,138309,147370,158163,171892,176958,183136,193929,200593,219452,233773,243512,226601,246697,260043,252339,273201,285703
 "31111","Lincoln, NE",4,CAGDP2,69,"61","   Educational services ","Thousands of dollars",2505,2671,2819,2555,2453,3272,3007,2950,3428,3475,3664,3837,3823,3903,3892,4113,4197,4507,4572,3943,4085,4232
 "31111","Lincoln, NE",4,CAGDP2,70,"62","   Health care and social assistance ","Thousands of dollars",107180,119372,122936,132214,133971,135037,144363,155214,168464,173483,179472,190092,196770,215549,229881,239398,222404,242189,255472,248396,269116,281471
 "31111","Lincoln, NE",4,CAGDP2,75,"71,72","  Arts, entertainment, recreation, accommodation, and food services ","Thousands of dollars",41519,40901,42880,43397,46291,46221,46640,47011,47621,57955,56998,56245,60567,66938,75357,79079,76426,76243,77816,62869,78960,94483
 "31111","Lincoln, NE",4,CAGDP2,76,"71","   Arts, entertainment, and recreation ","Thousands of dollars",4871,5308,4654,3255,3007,2829,3202,1968,2177,6621,5825,3495,3355,3879,4603,5534,5502,5288,5738,5120,7186,10932
 "31111","Lincoln, NE",4,CAGDP2,79,"72","   Accommodation and food services ","Thousands of dollars",36648,35594,38226,40142,43284,43393,43438,45044,45444,51334,51173,52750,57212,63058,70754,73545,70924,70955,72079,57749,71774,83551
 "31111","Lincoln, NE",4,CAGDP2,82,"81","  Other services (except government and government enterprises) ","Thousands of dollars",26986,29552,30309,32054,33228,36151,37693,37227,37752,38899,38541,41075,42128,43873,47098,49452,49536,50726,51570,51851,53660,57251
 "31111","Lincoln, NE",4,CAGDP2,83,"92","Government and government enterprises ","Thousands of dollars",149389,160708,161348,166450,173993,191388,195106,206919,207410,232561,228993,229060,230362,246191,247620,260258,264027,273111,280600,293266,294934,305875
 "31111","Lincoln, NE",4,CAGDP2,87,"11,21","Natural resources and mining ","Thousands of dollars",(D),68437,(D),(D),(D),(D),(D),(D),(D),(D),209308,234524,289496,310005,307813,259342,(D),(D),(D),(D),(D),(D)
 "31111","Lincoln, NE",4,CAGDP2,88,"42,44-45","Trade ","Thousands of dollars",133434,137477,(D),(D),(D),(D),(D),(D),(D),(D),189772,209243,223321,225624,233160,235821,(D),(D),(D),(D),(D),(D)
 "31111","Lincoln, NE",4,CAGDP2,89,"22,48-49","Transportation and utilities ","Thousands of dollars",(D),(D),(D),(D),(D),(D),(D),(D),(D),(D),718016,825257,985664,848926,868854,922190,(D),(D),(D),(D),(D),911918
 "31111","Lincoln, NE",4,CAGDP2,90,"31-33,51","Manufacturing and information ","Thousands of dollars",37318,38209,39064,37940,43354,49145,55394,48182,57322,48309,50804,56150,50798,54713,62733,72428,58049,51223,61896,52983,107022,174000
 "31111","Lincoln, NE",4,CAGDP2,91,"...","Private goods-producing industries 2/","Thousands of dollars",(D),116970,(D),(D),(D),(D),(D),(D),(D),(D),270603,301026,348890,388915,403971,372107,(D),(D),(D),(D),(D),(D)
 "31111","Lincoln, NE",4,CAGDP2,92,"...","Private services-providing industries 3/","Thousands of dollars",(D),971338,(D),(D),(D),(D),(D),(D),(D),(D),1445136,1614465,1796135,1713715,1788115,1868682,(D),(D),(D),(D),(D),(D)
 "31113","Logan, NE",4,CAGDP2,1,"...","All industry total ","Thousands of dollars",15222,14896,20154,18740,19499,14860,19236,19991,17161,22838,34253,31176,39792,42925,45256,39725,29927,33746,28899,33213,32282,33990
 "31113","Logan, NE",4,CAGDP2,2,"..."," Private industries ","Thousands of dollars",12731,12231,17476,16091,16767,11702,15848,16291,13496,18749,29946,26402,35294,38352,40498,34470,24492,28180,22980,26945,26074,27383
 "31113","Logan, NE",4,CAGDP2,3,"11","  Agriculture, forestry, fishing and hunting ","Thousands of dollars",(D),(D),(D),7185,7682,2585,5648,5760,2415,7018,17749,(D),23339,24032,22525,18280,8320,9575,5733,11331,10118,10327
 "31113","Logan, NE",4,CAGDP2,6,"21","  Mining, quarrying, and oil and gas extraction ","Thousands of dollars",0,0,0,0,0,0,0,0,0,0,0,0,0,0,0,0,0,0,0,0,0,0
 "31113","Logan, NE",4,CAGDP2,10,"22","  Utilities ","Thousands of dollars",0,0,0,0,0,0,0,0,0,0,0,0,0,0,0,0,0,0,(D),0,0,0
 "31113","Logan, NE",4,CAGDP2,11,"23","  Construction ","Thousands of dollars",(D),(D),(D),282,469,370,392,(D),(D),(D),(D),(D),(D),(D),(D),(D),(D),(D),(D),(D),(D),(D)
 "31113","Logan, NE",4,CAGDP2,12,"31-33","  Manufacturing ","Thousands of dollars",284,349,190,160,64,29,33,(D),(D),(D),(D),22,(D),(D),(D),(D),(D),(D),(D),(D),(D),(D)
 "31113","Logan, NE",4,CAGDP2,13,"321,327-339","   Durable goods manufacturing ","Thousands of dollars",179,216,84,52,22,14,5,58,90,88,41,22,(D),(D),(D),(D),(D),(D),(D),(D),227,247
 "31113","Logan, NE",4,CAGDP2,25,"311-316,322-326","   Nondurable goods manufacturing ","Thousands of dollars",105,133,106,108,42,15,28,(D),(D),(D),(D),0,281,508,559,(D),(D),(D),(D),(D),(D),(D)
 "31113","Logan, NE",4,CAGDP2,34,"42","  Wholesale trade ","Thousands of dollars",(D),(D),(D),(D),(D),(D),(D),(D),(D),(D),(D),(D),(D),(D),(D),(D),(D),(D),(D),(D),(D),(D)
 "31113","Logan, NE",4,CAGDP2,35,"44-45","  Retail trade ","Thousands of dollars",(D),(D),492,(D),(D),383,(D),(D),(D),(D),(D),(D),1173,924,(D),1269,1663,1887,2334,1875,1406,1520
 "31113","Logan, NE",4,CAGDP2,36,"48-49","  Transportation and warehousing ","Thousands of dollars",413,(D),(D),(D),(D),(D),2647,2905,2914,2469,2429,1934,(D),(D),(D),(D),(D),(D),(D),(D),(D),(D)
 "31113","Logan, NE",4,CAGDP2,45,"51","  Information ","Thousands of dollars",(D),(D),(D),(D),(D),(D),(D),(D),(D),(D),(D),(D),(D),(D),(D),(D),(D),(D),(D),(D),(D),(D)
 "31113","Logan, NE",4,CAGDP2,50,"52,53","  Finance, insurance, real estate, rental, and leasing ","Thousands of dollars",2634,2925,2938,2955,3285,3046,3493,3221,3319,3536,3656,3960,3966,4164,4378,4380,3760,4260,4274,4616,4513,(D)
 "31113","Logan, NE",4,CAGDP2,51,"52","   Finance and insurance ","Thousands of dollars",(D),(D),(D),(D),(D),(D),(D),(D),(D),(D),(D),(D),(D),(D),(D),437,382,336,244,310,(D),431
 "31113","Logan, NE",4,CAGDP2,56,"53","   Real estate and rental and leasing ","Thousands of dollars",(D),(D),(D),(D),(D),(D),(D),(D),(D),(D),(D),(D),(D),(D),(D),3942,3378,3925,4030,4306,(D),(D)
 "31113","Logan, NE",4,CAGDP2,59,"54,55,56","  Professional and business services ","Thousands of dollars",428,476,421,376,298,358,357,358,(D),(D),422,462,493,453,546,594,713,912,1192,948,1065,1909
 "31113","Logan, NE",4,CAGDP2,60,"54","   Professional, scientific, and technical services ","Thousands of dollars",(D),(D),(D),(D),(D),(D),(D),(D),135,169,(D),(D),(D),(D),(D),(D),(D),(D),(D),(D),(D),(D)
 "31113","Logan, NE",4,CAGDP2,64,"55","   Management of companies and enterprises ","Thousands of dollars",(D),(D),(D),(D),(D),(D),(D),0,0,0,0,0,0,0,0,0,0,0,0,0,(D),(D)
 "31113","Logan, NE",4,CAGDP2,65,"56","   Administrative and support and waste management and remediation services ","Thousands of dollars",(D),(D),(D),(D),(D),(D),171,(D),(D),(D),(D),(D),(D),(D),(D),(D),(D),(D),(D),(D),(D),168
 "31113","Logan, NE",4,CAGDP2,68,"61,62","  Educational services, health care, and social assistance ","Thousands of dollars",146,158,121,128,111,108,65,(D),(D),(D),(D),(D),435,375,304,151,153,117,(D),(D),(D),(D)
 "31113","Logan, NE",4,CAGDP2,69,"61","   Educational services ","Thousands of dollars",29,30,29,17,6,0,0,0,0,0,0,0,0,0,0,0,0,0,0,0,0,0
 "31113","Logan, NE",4,CAGDP2,70,"62","   Health care and social assistance ","Thousands of dollars",117,128,92,111,105,108,65,(D),(D),(D),(D),(D),435,375,304,151,153,117,(D),(D),(D),(D)
 "31113","Logan, NE",4,CAGDP2,75,"71,72","  Arts, entertainment, recreation, accommodation, and food services ","Thousands of dollars",296,320,(D),(D),(D),(D),(D),(D),(D),(D),(D),(D),188,154,110,273,526,846,1194,342,340,(D)
 "31113","Logan, NE",4,CAGDP2,76,"71","   Arts, entertainment, and recreation ","Thousands of dollars",111,116,94,50,25,19,13,2,0,49,51,23,170,132,101,112,208,196,354,150,157,193
 "31113","Logan, NE",4,CAGDP2,79,"72","   Accommodation and food services ","Thousands of dollars",185,203,(D),(D),(D),(D),(D),(D),(D),(D),(D),(D),18,21,9,162,318,650,840,192,183,(D)
 "31113","Logan, NE",4,CAGDP2,82,"81","  Other services (except government and government enterprises) ","Thousands of dollars",(D),(D),790,774,(D),(D),(D),(D),(D),(D),(D),1133,1173,1089,1116,(D),(D),(D),(D),(D),(D),(D)
 "31113","Logan, NE",4,CAGDP2,83,"92","Government and government enterprises ","Thousands of dollars",2491,2666,2678,2649,2732,3157,3388,3700,3665,4089,4307,4774,4497,4573,4758,5255,5434,5566,5918,6268,6208,6607
 "31113","Logan, NE",4,CAGDP2,87,"11,21","Natural resources and mining ","Thousands of dollars",(D),(D),(D),7185,7682,2585,5648,5760,2415,7018,17749,(D),23339,24032,22525,18280,8320,9575,5733,11331,10118,10327
 "31113","Logan, NE",4,CAGDP2,88,"42,44-45","Trade ","Thousands of dollars",2537,2510,(D),1559,1526,(D),1973,2225,2611,2905,2906,3006,(D),(D),2589,(D),(D),(D),(D),(D),(D),(D)
 "31113","Logan, NE",4,CAGDP2,89,"22,48-49","Transportation and utilities ","Thousands of dollars",413,(D),(D),(D),(D),(D),2647,2905,2914,2469,2429,1934,(D),(D),(D),(D),(D),(D),(D),(D),(D),(D)
 "31113","Logan, NE",4,CAGDP2,90,"31-33,51","Manufacturing and information ","Thousands of dollars",(D),(D),(D),(D),(D),(D),(D),808,847,802,760,(D),1103,1328,1500,1865,2113,2418,2444,2619,2671,2802
 "31113","Logan, NE",4,CAGDP2,91,"...","Private goods-producing industries 2/","Thousands of dollars",5174,2342,8679,7627,8214,2985,6073,6268,3071,7847,18479,14747,24552,25415,24179,20327,10927,12876,9024,14270,13462,13103
 "31113","Logan, NE",4,CAGDP2,92,"...","Private services-providing industries 3/","Thousands of dollars",7557,9889,8797,8464,8553,8718,9775,10023,10425,10902,11467,11655,10742,12937,16319,14143,13565,15304,13956,12675,12612,14279
 "31115","Loup, NE",4,CAGDP2,1,"...","All industry total ","Thousands of dollars",6148,6908,11805,11674,13225,8964,6925,7542,7411,11164,14489,19732,30351,41327,48007,48350,38412,39321,34765,31790,32774,37361
 "31115","Loup, NE",4,CAGDP2,2,"..."," Private industries ","Thousands of dollars",3996,4570,9471,9347,10880,6390,4369,4966,4789,8179,11438,16621,27272,37928,44606,44777,34744,35342,30479,27181,27973,32474
 "31115","Loup, NE",4,CAGDP2,3,"11","  Agriculture, forestry, fishing and hunting ","Thousands of dollars",114,125,(D),(D),(D),(D),(D),(D),(D),(D),(D),10556,21338,32480,37942,37357,27068,25424,18989,(D),18035,21718
 "31115","Loup, NE",4,CAGDP2,6,"21","  Mining, quarrying, and oil and gas extraction ","Thousands of dollars",0,0,0,0,0,0,0,0,0,0,0,0,0,0,0,0,0,0,0,0,(D),(D)
 "31115","Loup, NE",4,CAGDP2,10,"22","  Utilities ","Thousands of dollars",0,0,0,0,0,0,0,0,0,0,0,0,0,0,0,0,0,0,0,0,0,0
 "31115","Loup, NE",4,CAGDP2,11,"23","  Construction ","Thousands of dollars",61,67,(D),(D),(D),(D),(D),(D),(D),(D),(D),98,0,0,49,136,648,639,376,(D),(D),(D)
 "31115","Loup, NE",4,CAGDP2,12,"31-33","  Manufacturing ","Thousands of dollars",182,255,162,49,39,112,111,38,31,30,80,76,82,41,78,322,357,382,1073,704,760,1454
 "31115","Loup, NE",4,CAGDP2,13,"321,327-339","   Durable goods manufacturing ","Thousands of dollars",40,48,25,27,26,22,1,3,14,14,16,20,25,4,9,8,14,109,97,123,42,47
 "31115","Loup, NE",4,CAGDP2,25,"311-316,322-326","   Nondurable goods manufacturing ","Thousands of dollars",142,207,136,22,13,90,110,35,17,16,64,56,57,37,69,314,343,273,976,581,718,1407
 "31115","Loup, NE",4,CAGDP2,34,"42","  Wholesale trade ","Thousands of dollars",164,153,77,39,18,14,16,14,28,44,71,(D),57,18,21,31,63,156,234,211,22,27
 "31115","Loup, NE",4,CAGDP2,35,"44-45","  Retail trade ","Thousands of dollars",(D),(D),(D),(D),(D),(D),(D),(D),(D),(D),(D),(D),(D),(D),(D),(D),(D),(D),(D),(D),(D),(D)
 "31115","Loup, NE",4,CAGDP2,36,"48-49","  Transportation and warehousing ","Thousands of dollars",(D),(D),(D),(D),(D),(D),(D),(D),(D),(D),(D),(D),(D),(D),(D),(D),(D),(D),(D),(D),(D),(D)
 "31115","Loup, NE",4,CAGDP2,45,"51","  Information ","Thousands of dollars",9,10,17,13,6,8,0,3,1,8,11,13,10,6,3,0,0,0,0,0,0,0
 "31115","Loup, NE",4,CAGDP2,50,"52,53","  Finance, insurance, real estate, rental, and leasing ","Thousands of dollars",2585,2879,2758,3296,3640,3541,3021,3351,3152,3496,4217,4392,4379,3798,4328,4827,4151,4627,(D),4948,4902,(D)
 "31115","Loup, NE",4,CAGDP2,51,"52","   Finance and insurance ","Thousands of dollars",471,605,542,1155,1275,(D),(D),(D),(D),(D),(D),(D),(D),(D),(D),(D),(D),(D),(D),(D),(D),(D)
 "31115","Loup, NE",4,CAGDP2,56,"53","   Real estate and rental and leasing ","Thousands of dollars",2113,2274,2216,2141,2365,(D),(D),(D),(D),(D),(D),(D),(D),(D),(D),(D),(D),(D),4821,(D),(D),4122
 "31115","Loup, NE",4,CAGDP2,59,"54,55,56","  Professional and business services ","Thousands of dollars",63,68,52,35,25,29,37,25,32,52,92,71,(D),(D),(D),(D),(D),(D),227,179,119,121
 "31115","Loup, NE",4,CAGDP2,60,"54","   Professional, scientific, and technical services ","Thousands of dollars",27,29,24,17,12,12,15,13,15,24,43,31,24,17,26,49,58,90,135,103,71,81
 "31115","Loup, NE",4,CAGDP2,64,"55","   Management of companies and enterprises ","Thousands of dollars",0,0,0,0,0,0,0,0,0,0,0,0,(D),(D),(D),(D),(D),(D),0,0,0,0
 "31115","Loup, NE",4,CAGDP2,65,"56","   Administrative and support and waste management and remediation services ","Thousands of dollars",36,39,28,18,13,17,22,12,17,28,49,40,38,20,18,38,47,72,92,76,48,40
 "31115","Loup, NE",4,CAGDP2,68,"61,62","  Educational services, health care, and social assistance ","Thousands of dollars",30,32,26,25,21,18,16,8,25,69,87,138,123,(D),(D),(D),(D),(D),(D),(D),(D),(D)
 "31115","Loup, NE",4,CAGDP2,69,"61","   Educational services ","Thousands of dollars",5,5,5,5,4,2,3,2,11,15,19,9,6,3,6,6,5,0,0,0,0,0
 "31115","Loup, NE",4,CAGDP2,70,"62","   Health care and social assistance ","Thousands of dollars",25,27,21,20,17,16,13,6,14,54,68,129,117,(D),(D),(D),(D),(D),(D),(D),(D),(D)
 "31115","Loup, NE",4,CAGDP2,75,"71,72","  Arts, entertainment, recreation, accommodation, and food services ","Thousands of dollars",(D),(D),(D),(D),(D),(D),(D),21,43,87,(D),(D),(D),(D),(D),(D),(D),(D),(D),1164,(D),1973
 "31115","Loup, NE",4,CAGDP2,76,"71","   Arts, entertainment, and recreation ","Thousands of dollars",28,29,26,14,7,3,3,0,0,15,22,4,8,8,7,26,49,130,192,124,37,45
 "31115","Loup, NE",4,CAGDP2,79,"72","   Accommodation and food services ","Thousands of dollars",(D),(D),(D),(D),(D),(D),(D),21,43,72,(D),(D),(D),(D),(D),(D),(D),(D),(D),1040,(D),1928
 "31115","Loup, NE",4,CAGDP2,82,"81","  Other services (except government and government enterprises) ","Thousands of dollars",(D),379,(D),(D),(D),(D),(D),(D),(D),(D),(D),358,(D),(D),(D),(D),(D),(D),(D),(D),(D),(D)
 "31115","Loup, NE",4,CAGDP2,83,"92","Government and government enterprises ","Thousands of dollars",2153,2338,2334,2327,2345,2573,2556,2576,2622,2986,3052,3111,3079,3399,3401,3573,3668,3979,4286,4609,4801,4887
 "31115","Loup, NE",4,CAGDP2,87,"11,21","Natural resources and mining ","Thousands of dollars",114,125,(D),(D),(D),(D),(D),(D),(D),(D),(D),10556,21338,32480,37942,37357,27068,25424,18989,(D),(D),(D)
 "31115","Loup, NE",4,CAGDP2,88,"42,44-45","Trade ","Thousands of dollars",(D),(D),(D),(D),(D),(D),(D),(D),(D),(D),(D),420,(D),(D),(D),(D),(D),(D),(D),(D),(D),(D)
 "31115","Loup, NE",4,CAGDP2,89,"22,48-49","Transportation and utilities ","Thousands of dollars",(D),(D),(D),(D),(D),(D),(D),(D),(D),(D),(D),(D),(D),(D),(D),(D),(D),(D),(D),(D),(D),(D)
 "31115","Loup, NE",4,CAGDP2,90,"31-33,51","Manufacturing and information ","Thousands of dollars",191,265,179,62,45,120,111,41,32,38,91,89,91,47,81,322,357,382,1073,704,760,1454
 "31115","Loup, NE",4,CAGDP2,91,"...","Private goods-producing industries 2/","Thousands of dollars",356,446,5643,5134,6431,2227,610,(D),722,3651,5736,10730,21420,32521,38069,37815,28072,26445,20438,17936,19680,23424
 "31115","Loup, NE",4,CAGDP2,92,"...","Private services-providing industries 3/","Thousands of dollars",3639,4124,3828,4213,4449,4163,3759,(D),4066,4528,5702,5891,5852,5406,6537,6962,6672,8897,10041,9245,8293,9050
 "31117","McPherson, NE",4,CAGDP2,1,"...","All industry total ","Thousands of dollars",4402,9261,11484,10621,10772,9791,5948,5944,7085,12919,18256,14645,22345,33928,36184,30567,25676,19894,21302,26876,22002,23342
 "31117","McPherson, NE",4,CAGDP2,2,"..."," Private industries ","Thousands of dollars",3103,7889,10093,9265,9289,8143,4260,4161,5326,10701,15928,12236,19801,31180,33499,27733,22901,17106,18257,24371,19104,20339
 "31117","McPherson, NE",4,CAGDP2,3,"11","  Agriculture, forestry, fishing and hunting ","Thousands of dollars",(D),(D),(D),(D),(D),(D),(D),(D),1139,6475,11781,(D),(D),(D),(D),(D),(D),(D),(D),(D),9451,10033
 "31117","McPherson, NE",4,CAGDP2,6,"21","  Mining, quarrying, and oil and gas extraction ","Thousands of dollars",0,0,0,0,0,0,0,0,0,0,0,0,0,0,0,0,0,0,0,0,(D),(D)
 "31117","McPherson, NE",4,CAGDP2,10,"22","  Utilities ","Thousands of dollars",1,2,2,1,0,0,0,0,0,0,0,0,0,0,0,0,0,0,0,0,0,0
 "31117","McPherson, NE",4,CAGDP2,11,"23","  Construction ","Thousands of dollars",(D),(D),(D),(D),(D),(D),(D),(D),70,108,106,102,71,56,59,103,209,267,365,255,206,242
 "31117","McPherson, NE",4,CAGDP2,12,"31-33","  Manufacturing ","Thousands of dollars",67,82,68,57,59,118,141,91,139,157,171,(D),(D),(D),(D),(D),(D),(D),(D),(D),(D),(D)
 "31117","McPherson, NE",4,CAGDP2,13,"321,327-339","   Durable goods manufacturing ","Thousands of dollars",21,23,12,17,7,4,1,11,27,26,14,18,19,7,5,6,13,43,77,79,58,69
 "31117","McPherson, NE",4,CAGDP2,25,"311-316,322-326","   Nondurable goods manufacturing ","Thousands of dollars",46,59,56,40,52,114,140,80,112,131,157,(D),(D),(D),(D),(D),(D),(D),(D),(D),(D),(D)
 "31117","McPherson, NE",4,CAGDP2,34,"42","  Wholesale trade ","Thousands of dollars",(D),(D),(D),(D),(D),(D),(D),(D),(D),(D),(D),77,82,(D),(D),(D),(D),(D),330,311,140,(D)
 "31117","McPherson, NE",4,CAGDP2,35,"44-45","  Retail trade ","Thousands of dollars",(D),(D),(D),(D),(D),(D),(D),(D),(D),(D),(D),(D),(D),(D),(D),(D),(D),(D),(D),(D),(D),(D)
 "31117","McPherson, NE",4,CAGDP2,36,"48-49","  Transportation and warehousing ","Thousands of dollars",89,1039,1098,977,(D),(D),(D),(D),(D),(D),(D),638,420,939,1306,949,1129,644,728,446,1490,1547
 "31117","McPherson, NE",4,CAGDP2,45,"51","  Information ","Thousands of dollars",(D),(D),(D),(D),(D),(D),(D),(D),(D),(D),(D),(D),(D),(D),(D),(D),(D),(D),(D),(D),(D),(D)
 "31117","McPherson, NE",4,CAGDP2,50,"52,53","  Finance, insurance, real estate, rental, and leasing ","Thousands of dollars",1457,1563,1638,1687,1845,1670,2101,1853,1953,2080,2019,2165,2027,2257,2509,2663,2287,2545,(D),2858,2947,(D)
 "31117","McPherson, NE",4,CAGDP2,51,"52","   Finance and insurance ","Thousands of dollars",(D),(D),(D),(D),(D),(D),(D),(D),(D),(D),(D),(D),(D),(D),(D),(D),(D),(D),(D),(D),(D),(D)
 "31117","McPherson, NE",4,CAGDP2,56,"53","   Real estate and rental and leasing ","Thousands of dollars",(D),(D),(D),(D),(D),(D),(D),(D),(D),(D),(D),(D),(D),(D),(D),(D),(D),(D),2450,(D),(D),3157
 "31117","McPherson, NE",4,CAGDP2,59,"54,55,56","  Professional and business services ","Thousands of dollars",68,73,61,62,(D),(D),(D),109,105,107,85,66,(D),(D),(D),(D),(D),(D),(D),(D),(D),168
 "31117","McPherson, NE",4,CAGDP2,60,"54","   Professional, scientific, and technical services ","Thousands of dollars",29,30,29,30,(D),(D),(D),78,70,63,44,30,21,20,25,62,67,85,149,110,128,(D)
 "31117","McPherson, NE",4,CAGDP2,64,"55","   Management of companies and enterprises ","Thousands of dollars",0,0,0,0,0,0,0,0,0,0,0,0,0,0,0,0,0,0,0,0,0,0
 "31117","McPherson, NE",4,CAGDP2,65,"56","   Administrative and support and waste management and remediation services ","Thousands of dollars",39,43,32,31,29,34,26,31,35,44,41,36,(D),(D),(D),(D),(D),(D),(D),(D),(D),(D)
 "31117","McPherson, NE",4,CAGDP2,68,"61,62","  Educational services, health care, and social assistance ","Thousands of dollars",35,(D),(D),49,42,39,18,12,23,63,78,85,57,44,(D),3,40,29,32,0,(D),20
 "31117","McPherson, NE",4,CAGDP2,69,"61","   Educational services ","Thousands of dollars",7,7,8,12,8,6,3,12,19,25,16,9,6,6,6,3,40,29,32,0,19,20
 "31117","McPherson, NE",4,CAGDP2,70,"62","   Health care and social assistance ","Thousands of dollars",28,(D),(D),37,34,33,15,0,4,38,62,76,51,38,(D),0,0,0,0,0,(D),0
 "31117","McPherson, NE",4,CAGDP2,75,"71,72","  Arts, entertainment, recreation, accommodation, and food services ","Thousands of dollars",(D),(D),(D),(D),(D),(D),(D),(D),(D),(D),(D),(D),(D),(D),(D),(D),(D),277,397,165,177,197
 "31117","McPherson, NE",4,CAGDP2,76,"71","   Arts, entertainment, and recreation ","Thousands of dollars",28,29,26,17,11,7,3,0,0,15,18,9,8,8,7,33,61,108,177,111,63,79
 "31117","McPherson, NE",4,CAGDP2,79,"72","   Accommodation and food services ","Thousands of dollars",(D),(D),(D),(D),(D),(D),(D),(D),(D),(D),(D),(D),(D),(D),(D),(D),(D),169,220,54,114,118
 "31117","McPherson, NE",4,CAGDP2,82,"81","  Other services (except government and government enterprises) ","Thousands of dollars",(D),(D),(D),(D),(D),(D),(D),(D),(D),(D),(D),(D),(D),(D),(D),(D),(D),(D),(D),(D),(D),(D)
 "31117","McPherson, NE",4,CAGDP2,83,"92","Government and government enterprises ","Thousands of dollars",1299,1372,1391,1356,1483,1648,1688,1782,1759,2218,2328,2409,2544,2748,2685,2834,2776,2788,3045,2505,2898,3003
 "31117","McPherson, NE",4,CAGDP2,87,"11,21","Natural resources and mining ","Thousands of dollars",(D),(D),(D),(D),(D),(D),(D),(D),1139,6475,11781,(D),(D),(D),(D),(D),(D),(D),(D),(D),(D),(D)
 "31117","McPherson, NE",4,CAGDP2,88,"42,44-45","Trade ","Thousands of dollars",417,442,337,290,298,377,468,481,531,567,542,(D),(D),636,903,1561,2227,3047,(D),(D),(D),4059
 "31117","McPherson, NE",4,CAGDP2,89,"22,48-49","Transportation and utilities ","Thousands of dollars",90,1041,1100,978,(D),(D),(D),(D),(D),(D),(D),638,420,939,1306,949,1129,644,728,446,1490,1547
 "31117","McPherson, NE",4,CAGDP2,90,"31-33,51","Manufacturing and information ","Thousands of dollars",(D),(D),(D),(D),(D),(D),(D),(D),(D),(D),(D),324,452,533,596,473,395,434,499,555,673,665
 "31117","McPherson, NE",4,CAGDP2,91,"...","Private goods-producing industries 2/","Thousands of dollars",640,4279,6526,5804,5817,4773,264,265,1347,6740,12058,8406,16341,26916,28441,22080,16607,10093,9793,16088,10295,10905
 "31117","McPherson, NE",4,CAGDP2,92,"...","Private services-providing industries 3/","Thousands of dollars",2462,3611,3567,3462,3472,3370,3996,3896,3979,3961,3870,3829,3460,4264,5057,5653,6294,7013,8463,8283,8809,9433
 "31119","Madison, NE",4,CAGDP2,1,"...","All industry total ","Thousands of dollars",1245835,1327705,1385125,1431387,1463876,1487757,1543464,1680110,1676085,1771404,1884543,1972638,2021885,2158866,2224047,2237273,2321106,2460214,2557468,2537595,2764111,2981311
 "31119","Madison, NE",4,CAGDP2,2,"..."," Private industries ","Thousands of dollars",1080353,1146731,1191891,1231868,1261022,1267122,1322723,1447939,1443084,1509875,1620397,1708146,1755123,1875929,1939012,1941486,2017621,2146447,2231049,2199231,2427678,2621516
 "31119","Madison, NE",4,CAGDP2,3,"11","  Agriculture, forestry, fishing and hunting ","Thousands of dollars",(D),(D),(D),(D),(D),(D),(D),53450,(D),(D),(D),(D),(D),(D),(D),(D),(D),(D),(D),(D),147466,136919
 "31119","Madison, NE",4,CAGDP2,6,"21","  Mining, quarrying, and oil and gas extraction ","Thousands of dollars",633,170,376,479,743,695,1374,1138,1020,1446,1793,2098,1821,1913,1989,1512,2614,2337,2639,6406,1824,(D)
 "31119","Madison, NE",4,CAGDP2,10,"22","  Utilities ","Thousands of dollars",96,76,189,170,135,138,1684,1981,1969,1800,1995,1867,1871,1854,1844,1949,2102,2132,2370,2403,2442,2006
 "31119","Madison, NE",4,CAGDP2,11,"23","  Construction ","Thousands of dollars",40049,42601,41637,46450,47089,50832,54881,54549,50798,39270,45802,44635,47809,57005,69194,87131,105952,114514,113862,111784,109382,108128
 "31119","Madison, NE",4,CAGDP2,12,"31-33","  Manufacturing ","Thousands of dollars",315641,337854,335190,324583,310130,322140,312643,360080,354634,358841,381574,381172,371228,443130,463774,433316,417826,461742,438879,472761,512856,581287
 "31119","Madison, NE",4,CAGDP2,13,"321,327-339","   Durable goods manufacturing ","Thousands of dollars",145667,157127,157125,165161,149021,160976,179166,200728,185605,172205,179246,184265,196015,184299,181854,194065,218227,230912,198122,215084,226941,263611
 "31119","Madison, NE",4,CAGDP2,25,"311-316,322-326","   Nondurable goods manufacturing ","Thousands of dollars",169974,180728,178065,159422,161109,161163,133477,159352,169028,186636,202327,196907,175213,258832,281919,239251,199598,230830,240757,257678,285915,317675
 "31119","Madison, NE",4,CAGDP2,34,"42","  Wholesale trade ","Thousands of dollars",123643,126991,133525,150783,159837,157944,157946,(D),176094,186328,197650,217086,234205,262358,281552,279142,297671,286733,317715,287011,259369,261957
 "31119","Madison, NE",4,CAGDP2,35,"44-45","  Retail trade ","Thousands of dollars",115586,119167,125211,127783,122633,121577,126664,133741,140360,148476,153950,162088,174483,167980,168629,167590,177353,181257,187994,189287,201344,207650
 "31119","Madison, NE",4,CAGDP2,36,"48-49","  Transportation and warehousing ","Thousands of dollars",(D),(D),(D),(D),(D),(D),(D),(D),(D),(D),(D),(D),(D),(D),(D),(D),(D),(D),(D),(D),(D),(D)
 "31119","Madison, NE",4,CAGDP2,45,"51","  Information ","Thousands of dollars",17100,19156,20821,23832,24552,26929,31516,26559,25387,25257,25323,31925,34358,32880,32180,33006,23007,22211,25265,27135,36929,38252
 "31119","Madison, NE",4,CAGDP2,50,"52,53","  Finance, insurance, real estate, rental, and leasing ","Thousands of dollars",159364,165565,162621,164774,188435,187383,204420,214357,220194,234494,239506,268944,281063,303297,324102,344721,389985,369351,399063,365093,388389,(D)
 "31119","Madison, NE",4,CAGDP2,51,"52","   Finance and insurance ","Thousands of dollars",51541,55868,55917,56121,71595,78457,81802,69944,74283,76293,78022,96771,97412,121915,137438,142667,157502,151565,162353,165702,168574,197514
 "31119","Madison, NE",4,CAGDP2,56,"53","   Real estate and rental and leasing ","Thousands of dollars",107823,109697,106705,108654,116840,108926,122618,144413,145912,158202,161484,172173,183651,181382,186664,202055,232483,217786,236709,199391,219816,(D)
 "31119","Madison, NE",4,CAGDP2,59,"54,55,56","  Professional and business services ","Thousands of dollars",48508,52690,54523,60463,63358,60467,65046,81069,75871,78358,76800,77097,80681,89138,89794,94359,98997,111057,116292,115689,(D),139334
 "31119","Madison, NE",4,CAGDP2,60,"54","   Professional, scientific, and technical services ","Thousands of dollars",23666,26584,27267,29542,30109,30167,30845,40971,38986,40854,40427,40861,41878,46469,47671,50062,49618,49878,49372,51253,(D),64339
 "31119","Madison, NE",4,CAGDP2,64,"55","   Management of companies and enterprises ","Thousands of dollars",4741,4679,4603,6315,6664,7177,7777,9252,9111,7728,5947,6237,6579,6371,5696,3709,3671,9362,8231,8527,(D),9071
 "31119","Madison, NE",4,CAGDP2,65,"56","   Administrative and support and waste management and remediation services ","Thousands of dollars",20100,21427,22652,24605,26586,23123,26424,30846,27774,29776,30426,29999,32225,36298,36427,40588,45708,51817,58689,55910,61646,65924
 "31119","Madison, NE",4,CAGDP2,68,"61,62","  Educational services, health care, and social assistance ","Thousands of dollars",101371,111931,121528,136969,143424,151558,157770,170859,177122,178237,184708,194391,209828,213502,223787,235731,255446,274138,284169,286879,313873,333225
 "31119","Madison, NE",4,CAGDP2,69,"61","   Educational services ","Thousands of dollars",7413,8771,9900,11848,11296,9631,8735,9274,10714,10927,11151,11586,11589,12089,11518,11762,11695,12565,13081,12075,12329,12556
 "31119","Madison, NE",4,CAGDP2,70,"62","   Health care and social assistance ","Thousands of dollars",93959,103160,111628,125120,132128,141927,149035,161584,166409,167311,173558,182805,198239,201412,212269,223969,243751,261573,271087,274805,301545,320668
 "31119","Madison, NE",4,CAGDP2,75,"71,72","  Arts, entertainment, recreation, accommodation, and food services ","Thousands of dollars",32009,33232,33837,35644,36887,35585,35763,37950,38987,41387,45621,48640,50045,51713,52029,52244,53346,60479,62232,56134,67280,78044
 "31119","Madison, NE",4,CAGDP2,76,"71","   Arts, entertainment, and recreation ","Thousands of dollars",2998,3486,3918,4310,4001,4001,3881,4115,4376,5154,5302,5501,5147,5050,4543,4607,4677,5219,5779,4872,6085,7130
 "31119","Madison, NE",4,CAGDP2,79,"72","   Accommodation and food services ","Thousands of dollars",29011,29746,29919,31334,32886,31585,31882,33835,34610,36233,40320,43139,44898,46662,47486,47636,48669,55260,56453,51261,61195,70914
 "31119","Madison, NE",4,CAGDP2,82,"81","  Other services (except government and government enterprises) ","Thousands of dollars",33469,37035,37099,38707,36676,34995,36659,36878,37215,38335,42041,44998,46234,47762,48946,49459,50430,53112,55758,54487,58742,62748
 "31119","Madison, NE",4,CAGDP2,83,"92","Government and government enterprises ","Thousands of dollars",165482,180975,193235,199519,202854,220636,220741,232171,233000,261529,264146,264493,266762,282937,285035,295787,303485,313767,326419,338364,336432,359795
 "31119","Madison, NE",4,CAGDP2,87,"11,21","Natural resources and mining ","Thousands of dollars",(D),(D),(D),(D),(D),(D),(D),54588,(D),(D),(D),(D),(D),(D),(D),(D),(D),(D),(D),(D),149290,(D)
 "31119","Madison, NE",4,CAGDP2,88,"42,44-45","Trade ","Thousands of dollars",239229,246157,258736,278566,282470,279521,284610,(D),316454,334804,351599,379174,408688,430338,450181,446732,475024,467990,505710,476298,460713,469607
 "31119","Madison, NE",4,CAGDP2,89,"22,48-49","Transportation and utilities ","Thousands of dollars",(D),(D),(D),(D),(D),(D),(D),(D),(D),(D),(D),(D),(D),(D),(D),(D),(D),(D),(D),(D),(D),(D)
 "31119","Madison, NE",4,CAGDP2,90,"31-33,51","Manufacturing and information ","Thousands of dollars",332741,357010,356011,348416,334683,349069,344159,386638,380021,384099,406897,413097,405586,476010,495954,466321,440833,483953,464144,499897,549785,619539
 "31119","Madison, NE",4,CAGDP2,91,"...","Private goods-producing industries 2/","Thousands of dollars",(D),(D),(D),(D),(D),(D),(D),469216,(D),(D),(D),(D),(D),(D),(D),(D),(D),(D),(D),(D),771528,(D)
 "31119","Madison, NE",4,CAGDP2,92,"...","Private services-providing industries 3/","Thousands of dollars",(D),(D),(D),(D),(D),(D),(D),978723,(D),(D),(D),(D),(D),(D),(D),(D),(D),(D),(D),(D),1656150,(D)
 "31121","Merrick, NE",4,CAGDP2,1,"...","All industry total ","Thousands of dollars",148466,149904,192410,230902,233141,243568,247486,246337,270242,295320,350776,369366,442514,565857,523496,495148,396060,394563,416680,381107,458084,476517
 "31121","Merrick, NE",4,CAGDP2,2,"..."," Private industries ","Thousands of dollars",124165,124084,166071,204935,207496,215657,219719,217306,240150,260785,316825,334437,408666,528958,482615,451631,349606,359331,380335,343809,421057,437676
 "31121","Merrick, NE",4,CAGDP2,3,"11","  Agriculture, forestry, fishing and hunting ","Thousands of dollars",19652,16284,40641,51900,54662,60327,60322,60660,76206,76236,108410,91464,125918,108132,96703,99625,75630,68384,99469,73457,121633,102937
 "31121","Merrick, NE",4,CAGDP2,6,"21","  Mining, quarrying, and oil and gas extraction ","Thousands of dollars",694,940,902,769,972,973,3112,1634,1406,2045,2034,2266,1936,1729,1440,1044,1328,1519,1554,1297,963,3305
 "31121","Merrick, NE",4,CAGDP2,10,"22","  Utilities ","Thousands of dollars",0,0,0,0,0,0,0,0,0,0,0,0,0,(D),0,0,(D),0,0,0,(D),(D)
 "31121","Merrick, NE",4,CAGDP2,11,"23","  Construction ","Thousands of dollars",7984,8334,10541,15484,9851,9724,10105,9550,12375,23905,30095,42368,40966,57700,72543,66508,42457,18455,20255,20596,25071,28923
 "31121","Merrick, NE",4,CAGDP2,12,"31-33","  Manufacturing ","Thousands of dollars",14576,12540,27943,39743,44912,44675,32197,22708,29264,31748,35929,42348,78072,169724,132846,98651,32704,44912,43750,45513,58103,68786
 "31121","Merrick, NE",4,CAGDP2,13,"321,327-339","   Durable goods manufacturing ","Thousands of dollars",13164,(D),(D),24698,29214,16402,4874,5376,(D),9034,11019,14907,16599,13686,9719,8492,7713,7533,8389,8180,9143,11238
 "31121","Merrick, NE",4,CAGDP2,25,"311-316,322-326","   Nondurable goods manufacturing ","Thousands of dollars",1412,(D),(D),15045,15698,28273,27323,17332,(D),22714,24910,27441,61474,156037,123128,90160,24991,37379,35361,37334,48960,57548
 "31121","Merrick, NE",4,CAGDP2,34,"42","  Wholesale trade ","Thousands of dollars",11825,12314,13170,15716,16946,18777,21515,19628,19383,22261,25039,29707,32424,36129,36261,32304,29608,30215,35316,41256,47076,46517
 "31121","Merrick, NE",4,CAGDP2,35,"44-45","  Retail trade ","Thousands of dollars",9023,9161,8761,8161,7829,7593,7795,8384,9366,10663,11577,13552,14434,13924,13705,13317,13378,14020,14335,15280,13260,14205
 "31121","Merrick, NE",4,CAGDP2,36,"48-49","  Transportation and warehousing ","Thousands of dollars",14572,14322,12701,20448,16244,16333,24577,33959,29205,23602,27216,37260,38326,64486,45924,49260,65328,79435,52875,50289,53786,62856
 "31121","Merrick, NE",4,CAGDP2,45,"51","  Information ","Thousands of dollars",2467,2659,2834,3234,2623,2796,4270,2247,1800,1972,1859,1706,(D),2169,2862,3550,4114,3459,3954,4156,4963,5195
 "31121","Merrick, NE",4,CAGDP2,50,"52,53","  Finance, insurance, real estate, rental, and leasing ","Thousands of dollars",25911,28756,28988,28764,31946,32726,34849,36554,38070,43346,48375,46975,46981,46401,51428,56042,51899,56151,64272,58214,58683,62123
 "31121","Merrick, NE",4,CAGDP2,51,"52","   Finance and insurance ","Thousands of dollars",6598,7870,7536,7066,8173,8742,10442,9670,10399,10734,9858,11290,10884,12741,13314,13680,14446,14390,16207,15204,15196,17752
 "31121","Merrick, NE",4,CAGDP2,56,"53","   Real estate and rental and leasing ","Thousands of dollars",19312,20886,21452,21697,23772,23984,24407,26884,27671,32612,38517,35686,36098,33660,38114,42362,37453,41761,48065,43010,43488,44371
 "31121","Merrick, NE",4,CAGDP2,59,"54,55,56","  Professional and business services ","Thousands of dollars",4407,4856,5104,5576,5546,5627,4984,5179,5644,6133,7499,7492,8844,9232,10229,11967,12307,13228,14126,5578,6532,8054
 "31121","Merrick, NE",4,CAGDP2,60,"54","   Professional, scientific, and technical services ","Thousands of dollars",1363,1642,1788,1822,2075,2030,1796,2183,2433,2546,3449,2973,3182,3155,3407,3272,3054,3514,4012,3551,4101,5371
 "31121","Merrick, NE",4,CAGDP2,64,"55","   Management of companies and enterprises ","Thousands of dollars",(D),(D),(D),(D),(D),(D),(D),(D),(D),(D),(D),(D),(D),(D),(D),(D),(D),(D),(D),(D),(D),(D)
 "31121","Merrick, NE",4,CAGDP2,65,"56","   Administrative and support and waste management and remediation services ","Thousands of dollars",(D),(D),(D),(D),(D),(D),(D),(D),(D),(D),(D),(D),(D),(D),(D),(D),(D),(D),(D),(D),(D),(D)
 "31121","Merrick, NE",4,CAGDP2,68,"61,62","  Educational services, health care, and social assistance ","Thousands of dollars",5460,5734,6030,6265,6520,7013,7696,8402,9169,9649,9446,9743,(D),(D),8267,8736,(D),17127,18178,18249,(D),(D)
 "31121","Merrick, NE",4,CAGDP2,69,"61","   Educational services ","Thousands of dollars",(D),(D),(D),(D),(D),(D),(D),(D),(D),(D),(D),(D),(D),(D),(D),(D),(D),(D),(D),(D),(D),(D)
 "31121","Merrick, NE",4,CAGDP2,70,"62","   Health care and social assistance ","Thousands of dollars",(D),(D),(D),(D),(D),(D),(D),(D),(D),(D),(D),(D),(D),(D),(D),(D),(D),(D),(D),(D),(D),(D)
 "31121","Merrick, NE",4,CAGDP2,75,"71,72","  Arts, entertainment, recreation, accommodation, and food services ","Thousands of dollars",2553,2617,3029,3152,3723,3455,3201,3465,3261,4091,4359,4421,4057,4297,4947,5145,5110,5201,5073,3745,4959,5729
 "31121","Merrick, NE",4,CAGDP2,76,"71","   Arts, entertainment, and recreation ","Thousands of dollars",481,(D),(D),663,753,749,(D),493,519,841,1147,1116,1024,1156,1417,1573,1472,1615,(D),1021,1614,1906
 "31121","Merrick, NE",4,CAGDP2,79,"72","   Accommodation and food services ","Thousands of dollars",2073,(D),(D),2489,2969,2706,(D),2972,2742,3251,3212,3305,3032,3141,3530,3571,3637,3587,(D),2724,3344,3823
 "31121","Merrick, NE",4,CAGDP2,82,"81","  Other services (except government and government enterprises) ","Thousands of dollars",5042,5567,5427,5723,5724,5641,5097,4936,5001,5135,4988,5134,(D),5383,5460,5481,7030,7223,7176,6180,6624,7075
 "31121","Merrick, NE",4,CAGDP2,83,"92","Government and government enterprises ","Thousands of dollars",24301,25820,26339,25967,25645,27910,27767,29031,30092,34535,33951,34930,33847,36899,40881,43518,46455,35232,36345,37298,37027,38841
 "31121","Merrick, NE",4,CAGDP2,87,"11,21","Natural resources and mining ","Thousands of dollars",20345,17224,41543,52669,55634,61300,63433,62294,77613,78281,110443,93730,127854,109861,98143,100669,76958,69903,101023,74754,122597,106242
 "31121","Merrick, NE",4,CAGDP2,88,"42,44-45","Trade ","Thousands of dollars",20848,21475,21932,23877,24775,26370,29309,28012,28749,32923,36616,43259,46858,50053,49966,45621,42986,44235,49651,56536,60336,60722
 "31121","Merrick, NE",4,CAGDP2,89,"22,48-49","Transportation and utilities ","Thousands of dollars",14572,14322,12701,20448,16244,16333,24577,33959,29205,23602,27216,37260,38326,(D),45924,49260,(D),79435,52875,50289,(D),(D)
 "31121","Merrick, NE",4,CAGDP2,90,"31-33,51","Manufacturing and information ","Thousands of dollars",17043,15199,30777,42977,47535,47471,36466,24955,31064,33720,37788,44054,(D),171893,135709,102201,36818,48372,47704,49669,63066,73981
 "31121","Merrick, NE",4,CAGDP2,91,"...","Private goods-producing industries 2/","Thousands of dollars",42905,38097,80027,107896,110396,115698,105735,94552,119251,133933,176467,178445,246893,337285,303533,265828,152119,133271,165028,140864,205771,203951
 "31121","Merrick, NE",4,CAGDP2,92,"...","Private services-providing industries 3/","Thousands of dollars",81260,85987,86044,97039,97100,99960,113984,122753,120899,126851,140357,155992,161773,191673,179083,185803,197487,226060,215306,202945,215286,233726
 "31123","Morrill, NE",4,CAGDP2,1,"...","All industry total ","Thousands of dollars",94159,112511,143208,142191,158852,201633,210104,216551,188071,215429,296943,250705,316334,662004,707428,604736,645184,632270,527492,548098,370685,426026
 "31123","Morrill, NE",4,CAGDP2,2,"..."," Private industries ","Thousands of dollars",73011,90041,120031,118444,133992,174440,182299,186763,158906,182910,263871,217295,279213,623623,666866,562297,599909,583650,476600,492585,310680,363191
 "31123","Morrill, NE",4,CAGDP2,3,"11","  Agriculture, forestry, fishing and hunting ","Thousands of dollars",24027,37249,64791,61042,69323,102761,108694,99556,57036,73712,132441,89658,133584,164555,167321,172750,157381,154312,133979,127774,149831,184716
 "31123","Morrill, NE",4,CAGDP2,6,"21","  Mining, quarrying, and oil and gas extraction ","Thousands of dollars",298,394,332,359,454,720,834,877,374,331,275,240,229,243,109,111,151,156,130,165,197,177
 "31123","Morrill, NE",4,CAGDP2,10,"22","  Utilities ","Thousands of dollars",75,156,142,322,160,203,118,85,339,305,263,148,246,311,235,301,436,563,596,367,541,507
 "31123","Morrill, NE",4,CAGDP2,11,"23","  Construction ","Thousands of dollars",2660,3111,2797,2574,2329,3002,2945,5274,3376,4003,2650,3592,2723,2162,5039,4634,4488,1630,2471,2944,4371,4077
 "31123","Morrill, NE",4,CAGDP2,12,"31-33","  Manufacturing ","Thousands of dollars",2146,2621,1914,2061,4371,6242,6250,8339,13843,20003,24347,12730,30240,24371,16690,13653,13177,13634,12748,11458,13088,16572
 "31123","Morrill, NE",4,CAGDP2,13,"321,327-339","   Durable goods manufacturing ","Thousands of dollars",(D),(D),(D),(D),(D),(D),(D),(D),(D),(D),(D),(D),1607,1078,906,883,1223,1815,1620,1837,1468,1670
 "31123","Morrill, NE",4,CAGDP2,25,"311-316,322-326","   Nondurable goods manufacturing ","Thousands of dollars",(D),(D),(D),(D),(D),(D),(D),(D),(D),(D),(D),(D),28633,23293,15784,12770,11955,11819,11128,9621,11620,14902
 "31123","Morrill, NE",4,CAGDP2,34,"42","  Wholesale trade ","Thousands of dollars",8554,8953,8699,9200,10437,10703,12393,16241,(D),20937,23174,26190,28923,27186,30363,33434,35284,36113,35229,36095,39216,44751
 "31123","Morrill, NE",4,CAGDP2,35,"44-45","  Retail trade ","Thousands of dollars",5483,5540,6280,6678,9952,12609,10665,8643,7841,10588,12792,13414,12880,8823,9016,8883,9588,9564,10379,12049,12266,12427
 "31123","Morrill, NE",4,CAGDP2,36,"48-49","  Transportation and warehousing ","Thousands of dollars",7892,8026,9839,(D),(D),(D),(D),(D),(D),(D),(D),(D),(D),(D),(D),(D),328364,319535,231510,250260,42459,47044
 "31123","Morrill, NE",4,CAGDP2,45,"51","  Information ","Thousands of dollars",316,369,782,822,653,(D),(D),(D),(D),(D),(D),(D),(D),(D),(D),(D),(D),(D),(D),(D),(D),(D)
 "31123","Morrill, NE",4,CAGDP2,50,"52,53","  Finance, insurance, real estate, rental, and leasing ","Thousands of dollars",12566,14047,14797,15169,16743,15724,18330,19486,22197,21743,28478,28143,24655,30783,31628,34319,33624,29761,31067,34726,31136,33749
 "31123","Morrill, NE",4,CAGDP2,51,"52","   Finance and insurance ","Thousands of dollars",(D),4114,(D),(D),(D),(D),(D),(D),(D),(D),6487,8947,8303,(D),10243,11546,11401,11382,10375,9675,11061,12494
 "31123","Morrill, NE",4,CAGDP2,56,"53","   Real estate and rental and leasing ","Thousands of dollars",(D),9933,(D),(D),(D),(D),(D),(D),(D),(D),21991,19196,16352,(D),21386,22772,22223,18378,20692,25051,20076,21255
 "31123","Morrill, NE",4,CAGDP2,59,"54,55,56","  Professional and business services ","Thousands of dollars",(D),(D),1053,(D),(D),1129,1762,2147,2620,1997,(D),(D),2734,2317,(D),(D),(D),2810,(D),(D),(D),3700
 "31123","Morrill, NE",4,CAGDP2,60,"54","   Professional, scientific, and technical services ","Thousands of dollars",(D),(D),(D),(D),(D),634,(D),(D),1044,1017,976,1258,(D),(D),1378,1374,1389,1556,1624,1444,1716,2141
 "31123","Morrill, NE",4,CAGDP2,64,"55","   Management of companies and enterprises ","Thousands of dollars",0,0,0,0,0,0,(D),(D),(D),(D),0,0,0,0,0,0,0,0,0,0,0,0
 "31123","Morrill, NE",4,CAGDP2,65,"56","   Administrative and support and waste management and remediation services ","Thousands of dollars",331,363,(D),(D),(D),495,(D),(D),(D),(D),(D),(D),(D),(D),(D),(D),(D),1254,(D),(D),(D),1559
 "31123","Morrill, NE",4,CAGDP2,68,"61,62","  Educational services, health care, and social assistance ","Thousands of dollars",3170,3398,3606,3823,4069,4109,4214,4858,5268,5896,6484,6922,7456,5348,5373,6486,7184,6330,6337,5117,4877,4862
 "31123","Morrill, NE",4,CAGDP2,69,"61","   Educational services ","Thousands of dollars",43,45,99,136,112,72,52,215,364,546,541,(D),(D),(D),(D),(D),(D),(D),(D),407,479,498
 "31123","Morrill, NE",4,CAGDP2,70,"62","   Health care and social assistance ","Thousands of dollars",3127,3353,3507,3687,3956,4037,4162,4643,4904,5351,5944,(D),(D),(D),(D),(D),(D),(D),(D),4710,4398,4364
 "31123","Morrill, NE",4,CAGDP2,75,"71,72","  Arts, entertainment, recreation, accommodation, and food services ","Thousands of dollars",(D),(D),1906,1633,2019,2549,1966,1844,1997,2531,2662,3463,3369,3162,2424,3456,4195,4646,3995,3346,3970,4515
 "31123","Morrill, NE",4,CAGDP2,76,"71","   Arts, entertainment, and recreation ","Thousands of dollars",(D),(D),(D),(D),(D),(D),(D),(D),(D),(D),(D),(D),(D),(D),(D),(D),(D),(D),1153,755,847,1100
 "31123","Morrill, NE",4,CAGDP2,79,"72","   Accommodation and food services ","Thousands of dollars",(D),(D),(D),(D),(D),(D),(D),(D),(D),(D),(D),(D),(D),(D),(D),(D),(D),(D),2842,2592,3123,3415
 "31123","Morrill, NE",4,CAGDP2,82,"81","  Other services (except government and government enterprises) ","Thousands of dollars",3054,3279,3093,3276,3095,(D),(D),(D),(D),2791,3065,3700,(D),(D),3091,3278,3265,(D),4161,4599,4856,(D)
 "31123","Morrill, NE",4,CAGDP2,83,"92","Government and government enterprises ","Thousands of dollars",21148,22471,23177,23747,24860,27193,27805,29788,29165,32519,33072,33410,37120,38380,40562,42439,45276,48620,50892,55513,60004,62835
 "31123","Morrill, NE",4,CAGDP2,87,"11,21","Natural resources and mining ","Thousands of dollars",24325,37643,65123,61401,69776,103482,109528,100433,57410,74043,132716,89898,133813,164798,167430,172861,157532,154468,134109,127939,150027,184893
 "31123","Morrill, NE",4,CAGDP2,88,"42,44-45","Trade ","Thousands of dollars",14038,14493,14979,15877,20389,23312,23058,24885,(D),31524,35965,39603,41804,36009,39379,42317,44872,45676,45608,48144,51482,57178
 "31123","Morrill, NE",4,CAGDP2,89,"22,48-49","Transportation and utilities ","Thousands of dollars",7967,8182,9981,(D),(D),(D),(D),(D),(D),(D),(D),(D),(D),(D),(D),(D),328800,320098,232106,250627,43000,47551
 "31123","Morrill, NE",4,CAGDP2,90,"31-33,51","Manufacturing and information ","Thousands of dollars",2462,2990,2696,2883,5024,(D),(D),(D),(D),(D),(D),(D),(D),(D),(D),(D),(D),(D),(D),(D),(D),(D)
 "31123","Morrill, NE",4,CAGDP2,91,"...","Private goods-producing industries 2/","Thousands of dollars",29131,43375,69833,66036,76477,112725,118723,114046,74629,98049,159713,106221,166776,191332,189159,191149,175197,169732,149328,142341,167486,205543
 "31123","Morrill, NE",4,CAGDP2,92,"...","Private services-providing industries 3/","Thousands of dollars",43880,46666,50198,52408,57516,61715,63576,72717,84277,84861,104158,111075,112437,432291,477707,371149,424711,413918,327272,350244,143194,157649
 "31125","Nance, NE",4,CAGDP2,1,"...","All industry total ","Thousands of dollars",67132,61191,74933,82173,85319,76239,94150,102454,102633,128905,171569,147049,145421,135530,122357,103697,142550,133569,119448,123950,187131,158087
 "31125","Nance, NE",4,CAGDP2,2,"..."," Private industries ","Thousands of dollars",52130,44263,58533,66054,68547,58332,75552,82974,82264,105948,148944,123818,121824,110265,97108,76854,114352,107963,87952,91265,153828,123310
 "31125","Nance, NE",4,CAGDP2,3,"11","  Agriculture, forestry, fishing and hunting ","Thousands of dollars",20536,10541,24888,32655,33433,19376,28474,33454,27653,36533,66780,30344,40058,21487,7809,1949,14334,12114,2620,8505,44219,2673
 "31125","Nance, NE",4,CAGDP2,6,"21","  Mining, quarrying, and oil and gas extraction ","Thousands of dollars",0,0,0,65,74,149,8284,5745,6116,13159,23567,30702,20381,21330,20151,9182,13238,13771,9528,6734,7945,10950
 "31125","Nance, NE",4,CAGDP2,10,"22","  Utilities ","Thousands of dollars",0,0,0,0,0,0,0,0,84,81,0,0,0,0,0,0,0,0,0,0,0,0
 "31125","Nance, NE",4,CAGDP2,11,"23","  Construction ","Thousands of dollars",(D),(D),(D),(D),(D),(D),(D),(D),(D),1385,3066,(D),(D),(D),(D),(D),(D),(D),(D),(D),(D),4933
 "31125","Nance, NE",4,CAGDP2,12,"31-33","  Manufacturing ","Thousands of dollars",(D),(D),(D),(D),(D),(D),(D),(D),(D),1070,839,(D),(D),(D),(D),(D),(D),(D),(D),(D),(D),1648
 "31125","Nance, NE",4,CAGDP2,13,"321,327-339","   Durable goods manufacturing ","Thousands of dollars",154,185,89,100,144,146,28,95,395,529,406,(D),(D),(D),(D),(D),(D),(D),(D),(D),(D),1585
 "31125","Nance, NE",4,CAGDP2,25,"311-316,322-326","   Nondurable goods manufacturing ","Thousands of dollars",(D),(D),(D),(D),(D),(D),(D),(D),(D),541,432,303,362,389,471,495,255,36,45,34,57,62
 "31125","Nance, NE",4,CAGDP2,34,"42","  Wholesale trade ","Thousands of dollars",5147,5061,4431,3828,3590,3541,3403,3798,4037,4570,5789,5881,6430,7466,8248,8683,8902,9793,9979,10583,10813,11791
 "31125","Nance, NE",4,CAGDP2,35,"44-45","  Retail trade ","Thousands of dollars",2074,2306,2336,2266,2313,2461,2610,2929,3021,3514,3384,3810,4030,4333,4572,4464,4748,9476,12456,16438,14951,14515
 "31125","Nance, NE",4,CAGDP2,36,"48-49","  Transportation and warehousing ","Thousands of dollars",691,793,687,1186,1388,4675,3496,7369,(D),(D),(D),14767,10460,15030,15401,9594,26236,20269,8758,7559,28414,33317
 "31125","Nance, NE",4,CAGDP2,45,"51","  Information ","Thousands of dollars",(D),(D),(D),(D),(D),(D),475,701,694,797,706,657,630,589,569,559,(D),(D),(D),(D),(D),(D)
 "31125","Nance, NE",4,CAGDP2,50,"52,53","  Finance, insurance, real estate, rental, and leasing ","Thousands of dollars",13548,14554,14944,14753,16593,15751,16695,16915,17339,18782,20964,21190,21505,21445,22043,23642,26861,23965,(D),23443,27833,(D)
 "31125","Nance, NE",4,CAGDP2,51,"52","   Finance and insurance ","Thousands of dollars",4550,(D),5148,(D),(D),(D),(D),(D),(D),(D),(D),(D),6380,6561,6775,7148,7595,(D),(D),(D),(D),(D)
 "31125","Nance, NE",4,CAGDP2,56,"53","   Real estate and rental and leasing ","Thousands of dollars",8998,(D),9795,(D),(D),(D),(D),(D),(D),(D),(D),(D),15124,14884,15268,16494,19266,(D),18225,(D),(D),20407
 "31125","Nance, NE",4,CAGDP2,59,"54,55,56","  Professional and business services ","Thousands of dollars",(D),(D),(D),954,(D),(D),1255,1531,(D),(D),2029,2023,2123,1940,2425,2425,2213,2652,1994,(D),2041,2074
 "31125","Nance, NE",4,CAGDP2,60,"54","   Professional, scientific, and technical services ","Thousands of dollars",384,429,516,(D),(D),504,(D),861,(D),(D),1235,1039,1046,1046,1069,1174,1046,1095,1087,1127,1252,1327
 "31125","Nance, NE",4,CAGDP2,64,"55","   Management of companies and enterprises ","Thousands of dollars",0,0,0,0,0,0,0,0,0,0,(D),(D),(D),(D),(D),(D),(D),(D),(D),0,(D),(D)
 "31125","Nance, NE",4,CAGDP2,65,"56","   Administrative and support and waste management and remediation services ","Thousands of dollars",(D),(D),(D),(D),452,(D),(D),670,(D),(D),(D),(D),(D),(D),(D),(D),(D),(D),(D),(D),(D),(D)
 "31125","Nance, NE",4,CAGDP2,68,"61,62","  Educational services, health care, and social assistance ","Thousands of dollars",2902,3297,3484,3664,3894,4190,4267,4617,4857,5062,5676,5598,5561,5715,5771,6287,6312,5991,5885,6146,5444,5719
 "31125","Nance, NE",4,CAGDP2,69,"61","   Educational services ","Thousands of dollars",24,25,34,47,43,38,43,87,139,175,123,56,40,41,39,83,67,63,56,46,34,35
 "31125","Nance, NE",4,CAGDP2,70,"62","   Health care and social assistance ","Thousands of dollars",2878,3272,3450,3617,3851,4152,4224,4530,4718,4886,5553,5542,5521,5674,5733,6204,6245,5928,5829,6100,5410,5684
 "31125","Nance, NE",4,CAGDP2,75,"71,72","  Arts, entertainment, recreation, accommodation, and food services ","Thousands of dollars",1019,1024,967,889,1026,1015,932,1007,1426,1542,(D),1306,1243,1255,1417,1729,1632,1719,1829,1472,(D),2140
 "31125","Nance, NE",4,CAGDP2,76,"71","   Arts, entertainment, and recreation ","Thousands of dollars",321,290,(D),279,300,304,(D),(D),(D),(D),(D),(D),(D),(D),512,536,508,559,587,(D),(D),662
 "31125","Nance, NE",4,CAGDP2,79,"72","   Accommodation and food services ","Thousands of dollars",698,734,(D),610,726,710,(D),(D),(D),(D),(D),(D),(D),(D),905,1194,1124,1159,1243,(D),1077,1478
 "31125","Nance, NE",4,CAGDP2,82,"81","  Other services (except government and government enterprises) ","Thousands of dollars",2541,2685,2489,(D),2310,2493,2432,2543,2678,2223,2156,2126,2428,2686,2969,3061,(D),(D),(D),3619,3752,4087
 "31125","Nance, NE",4,CAGDP2,83,"92","Government and government enterprises ","Thousands of dollars",15002,16927,16401,16118,16771,17907,18599,19481,20369,22957,22625,23231,23596,25265,25250,26843,28198,25606,31495,32685,33303,34777
 "31125","Nance, NE",4,CAGDP2,87,"11,21","Natural resources and mining ","Thousands of dollars",20536,10541,24888,32720,33507,19525,36758,39200,33769,49692,90346,61046,60439,42817,27961,11131,27571,25884,12149,15238,52164,13622
 "31125","Nance, NE",4,CAGDP2,88,"42,44-45","Trade ","Thousands of dollars",7221,7367,6767,6093,5904,6002,6013,6727,7058,8084,9173,9692,10459,11799,12820,13146,13650,19269,22435,27021,25764,26306
 "31125","Nance, NE",4,CAGDP2,89,"22,48-49","Transportation and utilities ","Thousands of dollars",691,793,687,1186,1388,4675,3496,7369,(D),(D),(D),14767,10460,15030,15401,9594,26236,20269,8758,7559,28414,33317
 "31125","Nance, NE",4,CAGDP2,90,"31-33,51","Manufacturing and information ","Thousands of dollars",1773,1927,1859,1634,1401,1912,(D),(D),(D),1867,1545,(D),(D),(D),(D),(D),3221,2717,2503,2172,1952,(D)
 "31125","Nance, NE",4,CAGDP2,91,"...","Private goods-producing industries 2/","Thousands of dollars",23251,13482,27761,35347,35799,22593,39987,41563,37144,52147,94251,66460,67415,49806,33692,16410,33847,30373,16580,19975,58474,20202
 "31125","Nance, NE",4,CAGDP2,92,"...","Private services-providing industries 3/","Thousands of dollars",28878,30781,30772,30707,32748,35739,35564,41411,45121,53801,54694,57358,54409,60459,63416,60444,80504,77590,71372,71289,95354,103107
 "31127","Nemaha, NE",4,CAGDP2,1,"...","All industry total ","Thousands of dollars",375522,350285,371213,507780,413230,431217,456164,479509,542591,519315,567533,577501,728192,609723,639619,727824,688783,574435,637232,620319,829474,874314
 "31127","Nemaha, NE",4,CAGDP2,2,"..."," Private industries ","Thousands of dollars",238534,218538,233731,334649,278962,284975,314256,319165,378449,344642,384607,390182,543946,419008,451136,524920,489057,367901,432992,395657,612310,637007
 "31127","Nemaha, NE",4,CAGDP2,3,"11","  Agriculture, forestry, fishing and hunting ","Thousands of dollars",27652,2137,30026,49824,25596,8739,38419,38871,54135,37625,69965,50308,73141,45147,25075,24608,16384,22954,44645,25273,79178,57481
 "31127","Nemaha, NE",4,CAGDP2,6,"21","  Mining, quarrying, and oil and gas extraction ","Thousands of dollars",0,0,51,59,81,51,199,136,189,162,0,0,0,0,0,0,0,0,0,0,0,0
 "31127","Nemaha, NE",4,CAGDP2,10,"22","  Utilities ","Thousands of dollars",95130,(D),89196,166034,117375,141183,149973,159061,205369,199089,184493,(D),327871,(D),285992,362184,326195,199867,243596,223267,368779,400165
 "31127","Nemaha, NE",4,CAGDP2,11,"23","  Construction ","Thousands of dollars",12339,6379,9942,6525,7308,4371,6500,3640,4314,1697,1902,5286,4399,4670,5898,8019,10329,7453,8777,6624,7192,7899
 "31127","Nemaha, NE",4,CAGDP2,12,"31-33","  Manufacturing ","Thousands of dollars",27686,29443,30149,38169,46395,40063,36973,25193,21221,18392,25968,31340,35384,29237,25809,21281,23725,22862,22607,24088,27685,34676
 "31127","Nemaha, NE",4,CAGDP2,13,"321,327-339","   Durable goods manufacturing ","Thousands of dollars",(D),(D),29332,37507,45759,38764,35626,24498,20639,17776,25253,(D),34526,28125,24186,19067,22324,21031,20552,21876,24855,31491
 "31127","Nemaha, NE",4,CAGDP2,25,"311-316,322-326","   Nondurable goods manufacturing ","Thousands of dollars",(D),(D),817,662,636,1299,1347,695,582,617,715,(D),858,1112,1624,2214,1401,1830,2055,2211,2829,3185
 "31127","Nemaha, NE",4,CAGDP2,34,"42","  Wholesale trade ","Thousands of dollars",4833,4927,4791,5065,5234,5604,6109,6663,6905,7551,8426,9296,10313,10195,10642,9779,9204,9677,10567,11695,12969,13688
 "31127","Nemaha, NE",4,CAGDP2,35,"44-45","  Retail trade ","Thousands of dollars",10314,9752,10725,10667,10629,10487,10365,10441,10208,10552,10607,10486,10815,10711,11064,11592,12367,12923,13736,14189,13871,13350
 "31127","Nemaha, NE",4,CAGDP2,36,"48-49","  Transportation and warehousing ","Thousands of dollars",1954,1911,2153,(D),(D),(D),(D),(D),(D),(D),(D),4181,4545,6972,(D),(D),(D),(D),(D),(D),(D),(D)
 "31127","Nemaha, NE",4,CAGDP2,45,"51","  Information ","Thousands of dollars",1051,1175,1402,1479,1284,1452,1686,1958,1840,1724,(D),(D),(D),(D),(D),(D),(D),(D),1242,881,1427,1394
 "31127","Nemaha, NE",4,CAGDP2,50,"52,53","  Finance, insurance, real estate, rental, and leasing ","Thousands of dollars",24255,26303,27025,28340,32308,35146,33108,35010,34971,32325,38794,40006,41052,40583,42152,40854,44528,46446,(D),45130,50346,(D)
 "31127","Nemaha, NE",4,CAGDP2,51,"52","   Finance and insurance ","Thousands of dollars",(D),(D),9829,10219,12142,12736,12367,10554,10762,(D),10938,12081,12977,(D),(D),(D),16309,15389,(D),(D),(D),(D)
 "31127","Nemaha, NE",4,CAGDP2,56,"53","   Real estate and rental and leasing ","Thousands of dollars",(D),(D),17196,18121,20166,22410,20741,24455,24209,(D),27856,27925,28075,(D),(D),(D),28219,31058,28061,(D),(D),34493
 "31127","Nemaha, NE",4,CAGDP2,59,"54,55,56","  Professional and business services ","Thousands of dollars",15213,(D),9510,7585,10694,(D),(D),(D),(D),(D),14297,9915,(D),8519,(D),(D),(D),(D),10654,(D),(D),10978
 "31127","Nemaha, NE",4,CAGDP2,60,"54","   Professional, scientific, and technical services ","Thousands of dollars",(D),(D),(D),(D),6643,7963,6697,7208,7480,(D),(D),8401,9079,6641,7698,9130,9309,8917,8452,9660,8522,9196
 "31127","Nemaha, NE",4,CAGDP2,64,"55","   Management of companies and enterprises ","Thousands of dollars",(D),0,(D),(D),0,(D),(D),(D),(D),0,0,(D),(D),(D),(D),(D),(D),(D),(D),(D),(D),(D)
 "31127","Nemaha, NE",4,CAGDP2,65,"56","   Administrative and support and waste management and remediation services ","Thousands of dollars",12202,9153,5803,1794,4052,(D),(D),(D),(D),(D),(D),(D),1469,(D),1531,1620,1673,1711,(D),(D),(D),(D)
 "31127","Nemaha, NE",4,CAGDP2,68,"61,62","  Educational services, health care, and social assistance ","Thousands of dollars",8354,9473,9205,9463,10009,10219,10517,11279,11586,11886,12662,13179,12759,12858,12670,13347,13644,14271,14533,13872,15080,16334
 "31127","Nemaha, NE",4,CAGDP2,69,"61","   Educational services ","Thousands of dollars",174,290,(D),(D),79,58,37,101,114,145,77,50,34,35,33,46,51,80,86,103,80,82
 "31127","Nemaha, NE",4,CAGDP2,70,"62","   Health care and social assistance ","Thousands of dollars",8180,9182,(D),(D),9930,10161,10480,11178,11471,11740,12585,13129,12725,12823,12637,13302,13593,14191,14447,13769,15000,16252
 "31127","Nemaha, NE",4,CAGDP2,75,"71,72","  Arts, entertainment, recreation, accommodation, and food services ","Thousands of dollars",3944,3859,3964,(D),(D),5264,5490,5702,5993,6117,6376,5934,5836,5891,6289,6821,6608,6403,6936,6757,8165,8197
 "31127","Nemaha, NE",4,CAGDP2,76,"71","   Arts, entertainment, and recreation ","Thousands of dollars",(D),(D),(D),(D),(D),508,476,360,398,611,879,1007,868,847,684,575,364,451,517,457,632,744
 "31127","Nemaha, NE",4,CAGDP2,79,"72","   Accommodation and food services ","Thousands of dollars",(D),(D),(D),(D),(D),4756,5014,5342,5595,5506,5497,4927,4968,5044,5605,6246,6244,5952,6420,6300,7533,7453
 "31127","Nemaha, NE",4,CAGDP2,82,"81","  Other services (except government and government enterprises) ","Thousands of dollars",5809,5090,5592,4782,4670,4496,4315,4374,4761,5141,(D),5672,5769,6347,6524,6198,6012,6494,6759,7051,7174,7871
 "31127","Nemaha, NE",4,CAGDP2,83,"92","Government and government enterprises ","Thousands of dollars",136988,131747,137483,173132,134268,146242,141907,160344,164143,174673,182925,187319,184246,190715,188483,202904,199725,206534,204240,224663,217165,237307
 "31127","Nemaha, NE",4,CAGDP2,87,"11,21","Natural resources and mining ","Thousands of dollars",27652,2137,30077,49883,25677,8790,38618,39007,54323,37787,69965,50308,73141,45147,25075,24608,16384,22954,44645,25273,79178,57481
 "31127","Nemaha, NE",4,CAGDP2,88,"42,44-45","Trade ","Thousands of dollars",15148,14679,15516,15731,15864,16091,16474,17103,17113,18104,19033,19782,21128,20906,21705,21371,21571,22601,24304,25884,26840,27038
 "31127","Nemaha, NE",4,CAGDP2,89,"22,48-49","Transportation and utilities ","Thousands of dollars",97084,(D),91349,(D),(D),(D),(D),(D),(D),(D),(D),(D),332417,(D),(D),(D),(D),(D),(D),(D),(D),(D)
 "31127","Nemaha, NE",4,CAGDP2,90,"31-33,51","Manufacturing and information ","Thousands of dollars",28737,30618,31551,39648,47679,41515,38659,27151,23061,20116,(D),(D),(D),(D),(D),(D),(D),(D),23849,24969,29112,36070
 "31127","Nemaha, NE",4,CAGDP2,91,"...","Private goods-producing industries 2/","Thousands of dollars",67676,37959,70168,94577,79381,53225,82091,67840,79858,57876,97835,86934,112924,79054,56783,53907,50438,53268,76030,55985,114055,100056
 "31127","Nemaha, NE",4,CAGDP2,92,"...","Private services-providing industries 3/","Thousands of dollars",170858,180579,163562,240071,199581,231750,232166,251325,298591,286766,286772,303248,431022,339955,394353,471013,438619,314633,356962,339672,498255,536952
 "31129","Nuckolls, NE",4,CAGDP2,1,"...","All industry total ","Thousands of dollars",108100,104266,145265,138113,136246,158856,161870,197653,188785,172361,217449,218415,264500,271820,298352,256690,251094,248907,260683,248655,332469,330813
 "31129","Nuckolls, NE",4,CAGDP2,2,"..."," Private industries ","Thousands of dollars",92269,87677,128471,121055,118684,139778,143029,178441,168759,150588,195391,196276,243163,249407,275389,233085,226613,223602,234641,221835,305317,302748
 "31129","Nuckolls, NE",4,CAGDP2,3,"11","  Agriculture, forestry, fishing and hunting ","Thousands of dollars",21158,2380,(D),35432,27887,12766,43138,60034,40958,(D),81335,65678,103533,(D),(D),(D),(D),(D),(D),(D),94755,63967
 "31129","Nuckolls, NE",4,CAGDP2,6,"21","  Mining, quarrying, and oil and gas extraction ","Thousands of dollars",0,0,0,0,0,0,0,0,0,0,0,0,0,0,0,0,0,0,0,0,(D),0
 "31129","Nuckolls, NE",4,CAGDP2,10,"22","  Utilities ","Thousands of dollars",0,0,0,0,0,0,0,0,0,0,0,0,0,0,0,0,0,0,0,0,0,0
 "31129","Nuckolls, NE",4,CAGDP2,11,"23","  Construction ","Thousands of dollars",2462,2535,2688,2366,2526,(D),(D),1111,1531,(D),2278,3561,(D),3849,3595,4657,4301,4895,4682,4605,5151,5653
 "31129","Nuckolls, NE",4,CAGDP2,12,"31-33","  Manufacturing ","Thousands of dollars",532,655,(D),426,421,(D),(D),667,778,632,681,665,(D),(D),(D),(D),(D),(D),(D),(D),(D),4047
 "31129","Nuckolls, NE",4,CAGDP2,13,"321,327-339","   Durable goods manufacturing ","Thousands of dollars",(D),(D),(D),(D),(D),(D),(D),(D),(D),(D),251,(D),(D),(D),(D),(D),(D),(D),(D),240,(D),(D)
 "31129","Nuckolls, NE",4,CAGDP2,25,"311-316,322-326","   Nondurable goods manufacturing ","Thousands of dollars",(D),(D),(D),(D),(D),(D),(D),(D),(D),(D),429,(D),372,(D),(D),(D),(D),(D),(D),(D),(D),(D)
 "31129","Nuckolls, NE",4,CAGDP2,34,"42","  Wholesale trade ","Thousands of dollars",7781,7565,6982,7496,8142,8008,7652,9051,9790,10661,11974,14658,16185,18116,19848,18055,16582,16070,16888,17367,17807,19455
 "31129","Nuckolls, NE",4,CAGDP2,35,"44-45","  Retail trade ","Thousands of dollars",8467,8725,9913,9902,10079,9815,10044,10131,10470,10373,10094,9566,10182,10384,10645,10784,11344,11391,11668,12178,12333,12308
 "31129","Nuckolls, NE",4,CAGDP2,36,"48-49","  Transportation and warehousing ","Thousands of dollars",11986,21649,28975,21581,24202,56123,28152,47627,52888,45245,32488,46459,47142,80633,95342,82390,86654,72678,73376,70256,93547,111718
 "31129","Nuckolls, NE",4,CAGDP2,45,"51","  Information ","Thousands of dollars",1275,1323,1462,1509,1526,1460,1479,1530,1492,1404,1302,1228,(D),(D),(D),(D),(D),(D),(D),(D),(D),(D)
 "31129","Nuckolls, NE",4,CAGDP2,50,"52,53","  Finance, insurance, real estate, rental, and leasing ","Thousands of dollars",19143,20408,20607,20310,21445,25978,27413,23760,25367,27183,27415,26357,32661,30622,33680,38318,34421,34359,38076,36222,37809,(D)
 "31129","Nuckolls, NE",4,CAGDP2,51,"52","   Finance and insurance ","Thousands of dollars",(D),(D),(D),6034,(D),(D),7041,6500,6672,6558,7172,8117,8586,8167,8492,9364,9802,9925,10905,11705,11870,(D)
 "31129","Nuckolls, NE",4,CAGDP2,56,"53","   Real estate and rental and leasing ","Thousands of dollars",(D),(D),(D),14276,(D),(D),20373,17260,18695,20625,20243,18240,24075,22455,25188,28954,24619,24435,27171,24517,25939,26650
 "31129","Nuckolls, NE",4,CAGDP2,59,"54,55,56","  Professional and business services ","Thousands of dollars",3393,4142,3830,2843,2760,2898,3040,3058,2966,2985,3166,3240,3679,3850,4068,4006,4831,6040,6128,6044,6287,7056
 "31129","Nuckolls, NE",4,CAGDP2,60,"54","   Professional, scientific, and technical services ","Thousands of dollars",2273,2620,2486,1879,1718,1608,1555,1807,1763,1822,1944,2073,2324,2247,2477,2607,(D),3372,3620,3781,4358,5128
 "31129","Nuckolls, NE",4,CAGDP2,64,"55","   Management of companies and enterprises ","Thousands of dollars",(D),(D),(D),(D),0,0,0,0,0,0,0,0,0,0,0,0,0,0,0,0,0,0
 "31129","Nuckolls, NE",4,CAGDP2,65,"56","   Administrative and support and waste management and remediation services ","Thousands of dollars",(D),(D),(D),(D),1041,1290,1485,1251,1203,1163,1222,1167,1355,1603,1591,1400,(D),2668,2508,2263,1929,1928
 "31129","Nuckolls, NE",4,CAGDP2,68,"61,62","  Educational services, health care, and social assistance ","Thousands of dollars",10417,11871,12163,12909,13487,13954,13840,15347,15969,15825,16984,17011,16997,21809,18243,19059,21115,22611,23614,24512,25671,28637
 "31129","Nuckolls, NE",4,CAGDP2,69,"61","   Educational services ","Thousands of dollars",224,243,195,112,95,267,271,314,376,399,367,235,226,235,234,266,293,313,314,248,312,(D)
 "31129","Nuckolls, NE",4,CAGDP2,70,"62","   Health care and social assistance ","Thousands of dollars",10194,11628,11968,12797,13392,13687,13568,15033,15593,15426,16618,16776,16772,21574,18009,18793,20822,22298,23300,24264,25359,(D)
 "31129","Nuckolls, NE",4,CAGDP2,75,"71,72","  Arts, entertainment, recreation, accommodation, and food services ","Thousands of dollars",1556,1691,1847,1894,2078,2052,1847,2028,2145,2350,2510,2381,2233,2231,2383,2570,2508,2602,2708,2367,3026,3514
 "31129","Nuckolls, NE",4,CAGDP2,76,"71","   Arts, entertainment, and recreation ","Thousands of dollars",172,201,241,249,237,210,192,172,178,242,277,272,318,345,324,360,392,533,572,521,(D),671
 "31129","Nuckolls, NE",4,CAGDP2,79,"72","   Accommodation and food services ","Thousands of dollars",1384,1490,1605,1645,1841,1842,1655,1857,1967,2108,2233,2109,1915,1886,2059,2211,2117,2069,2136,1846,(D),2843
 "31129","Nuckolls, NE",4,CAGDP2,82,"81","  Other services (except government and government enterprises) ","Thousands of dollars",4100,4733,4467,4386,4132,4188,4175,4096,4405,5033,5164,5472,(D),(D),(D),(D),(D),(D),(D),(D),(D),(D)
 "31129","Nuckolls, NE",4,CAGDP2,83,"92","Government and government enterprises ","Thousands of dollars",15831,16588,16795,17058,17563,19078,18842,19212,20026,21773,22058,22138,21338,22413,22962,23605,24481,25304,26042,26820,27152,28065
 "31129","Nuckolls, NE",4,CAGDP2,87,"11,21","Natural resources and mining ","Thousands of dollars",21158,2380,(D),35432,27887,12766,43138,60034,40958,(D),81335,65678,103533,(D),(D),(D),(D),(D),(D),(D),(D),63967
 "31129","Nuckolls, NE",4,CAGDP2,88,"42,44-45","Trade ","Thousands of dollars",16248,16290,16895,17398,18221,17823,17696,19182,20260,21034,22067,24224,26368,28501,30492,28839,27926,27461,28556,29544,30140,31763
 "31129","Nuckolls, NE",4,CAGDP2,89,"22,48-49","Transportation and utilities ","Thousands of dollars",11986,21649,28975,21581,24202,56123,28152,47627,52888,45245,32488,46459,47142,80633,95342,82390,86654,72678,73376,70256,93547,111718
 "31129","Nuckolls, NE",4,CAGDP2,90,"31-33,51","Manufacturing and information ","Thousands of dollars",1807,1978,(D),1936,1947,(D),(D),2197,2270,2036,1983,1894,1851,1598,1423,1733,1776,1922,2438,1982,3646,(D)
 "31129","Nuckolls, NE",4,CAGDP2,91,"...","Private goods-producing industries 2/","Thousands of dollars",24152,5570,38223,38224,30834,15303,45387,61812,43267,29530,84294,69904,107341,74465,83920,50380,42535,50960,55596,46487,102060,73666
 "31129","Nuckolls, NE",4,CAGDP2,92,"...","Private services-providing industries 3/","Thousands of dollars",68118,82107,90247,82831,87850,124475,97641,116629,125492,121058,111097,126372,135822,174943,191469,182705,184078,172643,179044,175348,203257,229081
 "31131","Otoe, NE",4,CAGDP2,1,"...","All industry total ","Thousands of dollars",463786,442435,548901,646969,618333,667136,683536,788617,1072004,1044859,1163713,1218552,1346958,1143889,1140882,1303832,1252638,1225817,1221145,1288181,1510931,1666186
 "31131","Otoe, NE",4,CAGDP2,2,"..."," Private industries ","Thousands of dollars",407308,381417,486468,583010,552603,592483,604526,700920,980819,940771,1058525,1112715,1239836,1027846,1023688,1182880,1126024,1093228,1077239,1139293,1351447,1509382
 "31131","Otoe, NE",4,CAGDP2,3,"11","  Agriculture, forestry, fishing and hunting ","Thousands of dollars",37393,1168,40277,71038,38731,32225,42660,55830,93302,71202,113459,60236,75797,32675,23578,1318,2256,21064,52163,33225,109098,73401
 "31131","Otoe, NE",4,CAGDP2,6,"21","  Mining, quarrying, and oil and gas extraction ","Thousands of dollars",0,0,0,0,0,0,0,0,0,0,0,0,0,0,0,0,372,494,0,0,0,0
 "31131","Otoe, NE",4,CAGDP2,10,"22","  Utilities ","Thousands of dollars",85642,68721,94978,120768,92121,107741,95357,132804,265291,240601,291751,334818,465132,352938,364747,548327,409850,321897,237984,275536,372292,508525
 "31131","Otoe, NE",4,CAGDP2,11,"23","  Construction ","Thousands of dollars",16221,17685,23387,24691,18806,19174,18687,21511,21263,15669,12756,25027,16181,17486,20597,29369,35941,34428,35877,41119,40928,42839
 "31131","Otoe, NE",4,CAGDP2,12,"31-33","  Manufacturing ","Thousands of dollars",73284,75911,91493,88023,102481,112260,104378,124771,117420,118230,117701,119511,119318,117086,131943,137909,146555,173031,205468,243841,313960,301066
 "31131","Otoe, NE",4,CAGDP2,13,"321,327-339","   Durable goods manufacturing ","Thousands of dollars",(D),(D),(D),(D),(D),(D),(D),(D),(D),(D),(D),(D),60893,51372,64336,64325,71985,79723,92700,81312,71070,70483
 "31131","Otoe, NE",4,CAGDP2,25,"311-316,322-326","   Nondurable goods manufacturing ","Thousands of dollars",(D),(D),(D),(D),(D),(D),(D),(D),(D),(D),(D),(D),58425,65714,67607,73584,74569,93308,112768,162529,242891,230583
 "31131","Otoe, NE",4,CAGDP2,34,"42","  Wholesale trade ","Thousands of dollars",14716,13980,12991,13845,16278,16561,16660,18824,19809,21415,24300,24558,31789,37288,38543,34788,33040,33067,33860,36538,41213,47636
 "31131","Otoe, NE",4,CAGDP2,35,"44-45","  Retail trade ","Thousands of dollars",28660,30307,31228,31651,32028,32836,36393,36307,37576,37657,36649,38514,41925,42043,43070,44303,45442,44054,44349,48387,52191,52866
 "31131","Otoe, NE",4,CAGDP2,36,"48-49","  Transportation and warehousing ","Thousands of dollars",32767,47241,60541,95736,100471,117940,136568,142055,256585,264628,282255,318587,301189,237661,206656,187236,247981,247590,246913,247862,185542,225964
 "31131","Otoe, NE",4,CAGDP2,45,"51","  Information ","Thousands of dollars",5565,6469,8056,8387,7899,6938,7783,7708,6193,4635,6551,8578,9185,10326,10871,12718,9851,7187,6382,6247,7312,7889
 "31131","Otoe, NE",4,CAGDP2,50,"52,53","  Finance, insurance, real estate, rental, and leasing ","Thousands of dollars",47032,50704,52121,54179,62360,68518,65888,71804,72562,70162,82797,92930,89025,86566,87054,85642,92270,99092,95590,97891,107143,112036
 "31131","Otoe, NE",4,CAGDP2,51,"52","   Finance and insurance ","Thousands of dollars",16036,18511,18706,18347,21769,22371,22159,19762,19413,19284,20210,23299,21917,21227,22727,24241,26532,26303,28158,29863,32016,35460
 "31131","Otoe, NE",4,CAGDP2,56,"53","   Real estate and rental and leasing ","Thousands of dollars",30996,32193,33415,35832,40591,46148,43729,52042,53149,50879,62586,69631,67108,65339,64328,61401,65738,72789,67432,68027,75126,76575
 "31131","Otoe, NE",4,CAGDP2,59,"54,55,56","  Professional and business services ","Thousands of dollars",12638,11851,14178,15571,19894,16544,16721,22787,22764,24488,14852,13223,13140,16588,15498,14944,15284,16032,17670,18315,20290,24528
 "31131","Otoe, NE",4,CAGDP2,60,"54","   Professional, scientific, and technical services ","Thousands of dollars",(D),(D),(D),(D),(D),(D),(D),11894,(D),(D),(D),(D),7230,(D),(D),(D),8499,(D),(D),(D),(D),14036
 "31131","Otoe, NE",4,CAGDP2,64,"55","   Management of companies and enterprises ","Thousands of dollars",(D),(D),(D),(D),(D),(D),(D),2194,(D),(D),(D),(D),(D),(D),(D),(D),(D),(D),(D),(D),(D),3597
 "31131","Otoe, NE",4,CAGDP2,65,"56","   Administrative and support and waste management and remediation services ","Thousands of dollars",5075,5175,7027,7636,12135,8745,7066,8699,7667,8935,4571,4118,(D),7166,6221,5178,(D),5052,6103,6315,6460,6895
 "31131","Otoe, NE",4,CAGDP2,68,"61,62","  Educational services, health care, and social assistance ","Thousands of dollars",24215,26606,26677,27429,28244,28522,30476,33625,34746,35094,35740,37421,38023,38378,39882,40252,41266,42237,43904,42780,45460,47497
 "31131","Otoe, NE",4,CAGDP2,69,"61","   Educational services ","Thousands of dollars",(D),(D),(D),(D),(D),(D),(D),(D),(D),(D),(D),(D),(D),(D),(D),2908,3073,3114,3293,2966,3049,3124
 "31131","Otoe, NE",4,CAGDP2,70,"62","   Health care and social assistance ","Thousands of dollars",(D),(D),(D),(D),(D),(D),(D),(D),(D),(D),(D),(D),(D),(D),(D),37344,38193,39123,40610,39814,42411,44374
 "31131","Otoe, NE",4,CAGDP2,75,"71,72","  Arts, entertainment, recreation, accommodation, and food services ","Thousands of dollars",17822,17972,18245,19206,20537,20077,19785,20092,20119,23441,24039,23721,23169,23621,25260,28140,28957,33394,36274,29057,36904,44937
 "31131","Otoe, NE",4,CAGDP2,76,"71","   Arts, entertainment, and recreation ","Thousands of dollars",1596,2050,2566,2747,2900,2753,2717,2805,3044,2542,2575,2534,2836,2942,3869,4010,4010,4360,5987,6359,7825,9662
 "31131","Otoe, NE",4,CAGDP2,79,"72","   Accommodation and food services ","Thousands of dollars",16225,15922,15679,16459,17637,17325,17068,17287,17075,20899,21465,21188,20333,20680,21391,24130,24947,29034,30287,22697,29079,35275
 "31131","Otoe, NE",4,CAGDP2,82,"81","  Other services (except government and government enterprises) ","Thousands of dollars",11352,12802,12295,12484,12753,13147,13169,12804,13189,13548,15675,15590,15963,15187,15989,17934,16960,19661,20806,18496,19115,20197
 "31131","Otoe, NE",4,CAGDP2,83,"92","Government and government enterprises ","Thousands of dollars",56479,61018,62433,63959,65730,74653,79010,87697,91185,104087,105188,105837,107122,116043,117194,120951,126615,132589,143906,148888,159484,156804
 "31131","Otoe, NE",4,CAGDP2,87,"11,21","Natural resources and mining ","Thousands of dollars",37393,1168,40277,71038,38731,32225,42660,55830,93302,71202,113459,60236,75797,32675,23578,1318,2629,21558,52163,33225,109098,73401
 "31131","Otoe, NE",4,CAGDP2,88,"42,44-45","Trade ","Thousands of dollars",43376,44287,44219,45497,48306,49396,53053,55131,57385,59073,60949,63073,73714,79332,81613,79091,78482,77121,78209,84925,93404,100502
 "31131","Otoe, NE",4,CAGDP2,89,"22,48-49","Transportation and utilities ","Thousands of dollars",118409,115961,155519,216504,192592,225681,231925,274859,521876,505229,574006,653405,766321,590599,571402,735564,657831,569488,484897,523398,557834,734489
 "31131","Otoe, NE",4,CAGDP2,90,"31-33,51","Manufacturing and information ","Thousands of dollars",78849,82380,99549,96411,110380,119197,112161,132478,123613,122865,124252,128089,128503,127412,142814,150627,156406,180218,211850,250088,321272,308955
 "31131","Otoe, NE",4,CAGDP2,91,"...","Private goods-producing industries 2/","Thousands of dollars",126898,94764,155157,183752,160018,163659,165725,202112,231985,205101,243917,204774,211296,167247,176118,168596,185125,229017,293508,318185,463986,417306
 "31131","Otoe, NE",4,CAGDP2,92,"...","Private services-providing industries 3/","Thousands of dollars",280410,286653,331311,399258,392585,428823,438800,498808,748834,735670,814609,907941,1028540,860598,847569,1014285,940899,864211,783731,821108,887461,1092076
 "31133","Pawnee, NE",4,CAGDP2,1,"...","All industry total ","Thousands of dollars",52567,45396,56288,69878,67779,67531,76136,90003,80001,82215,114302,99322,100617,95810,99621,84117,102239,114352,109987,117121,153217,149066
 "31133","Pawnee, NE",4,CAGDP2,2,"..."," Private industries ","Thousands of dollars",41679,33838,44472,57644,54505,52934,61647,74896,64351,64346,96204,80740,81369,75511,79937,63391,82381,94013,89206,95429,130162,125368
 "31133","Pawnee, NE",4,CAGDP2,3,"11","  Agriculture, forestry, fishing and hunting ","Thousands of dollars",(D),(D),(D),24132,(D),(D),(D),(D),(D),(D),(D),(D),(D),(D),(D),(D),(D),(D),(D),(D),41764,31131
 "31133","Pawnee, NE",4,CAGDP2,6,"21","  Mining, quarrying, and oil and gas extraction ","Thousands of dollars",0,0,874,895,1067,973,2530,1851,1919,3208,3673,3569,3341,2914,2742,1929,1875,1583,1054,1784,(D),(D)
 "31133","Pawnee, NE",4,CAGDP2,10,"22","  Utilities ","Thousands of dollars",0,0,0,0,0,0,0,0,0,0,0,0,0,0,0,0,0,0,0,0,0,0
 "31133","Pawnee, NE",4,CAGDP2,11,"23","  Construction ","Thousands of dollars",(D),(D),(D),(D),(D),(D),(D),(D),(D),(D),(D),(D),(D),(D),(D),(D),(D),(D),(D),(D),(D),(D)
 "31133","Pawnee, NE",4,CAGDP2,12,"31-33","  Manufacturing ","Thousands of dollars",6799,7179,6146,(D),7053,8085,6735,8775,9812,9047,11157,15103,16733,18200,15743,17406,17182,21829,22534,25530,34191,35259
 "31133","Pawnee, NE",4,CAGDP2,13,"321,327-339","   Durable goods manufacturing ","Thousands of dollars",(D),(D),(D),(D),(D),(D),(D),(D),(D),(D),(D),(D),(D),(D),(D),(D),(D),(D),(D),(D),(D),(D)
 "31133","Pawnee, NE",4,CAGDP2,25,"311-316,322-326","   Nondurable goods manufacturing ","Thousands of dollars",(D),(D),(D),(D),(D),(D),(D),(D),(D),(D),(D),(D),(D),(D),(D),(D),(D),(D),(D),(D),(D),(D)
 "31133","Pawnee, NE",4,CAGDP2,34,"42","  Wholesale trade ","Thousands of dollars",(D),(D),(D),1490,(D),(D),(D),1574,1760,2008,(D),(D),2516,3129,(D),(D),(D),2687,2511,2292,(D),1960
 "31133","Pawnee, NE",4,CAGDP2,35,"44-45","  Retail trade ","Thousands of dollars",2538,2499,2604,2923,3014,2844,2799,2613,2644,2728,3025,3268,3458,3635,3478,4071,4579,4888,5370,7188,7697,7815
 "31133","Pawnee, NE",4,CAGDP2,36,"48-49","  Transportation and warehousing ","Thousands of dollars",(D),(D),(D),2337,(D),(D),(D),3790,4015,3711,(D),(D),3804,6118,(D),(D),(D),6777,5931,5108,(D),5438
 "31133","Pawnee, NE",4,CAGDP2,45,"51","  Information ","Thousands of dollars",(D),(D),(D),(D),(D),(D),42,11,4,15,30,35,33,18,10,0,0,0,(D),(D),(D),(D)
 "31133","Pawnee, NE",4,CAGDP2,50,"52,53","  Finance, insurance, real estate, rental, and leasing ","Thousands of dollars",8519,9557,9948,11348,13278,14593,13759,14512,14528,13330,16581,16513,16684,17056,17928,17778,20254,21941,(D),22353,24161,(D)
 "31133","Pawnee, NE",4,CAGDP2,51,"52","   Finance and insurance ","Thousands of dollars",(D),2595,2549,(D),(D),(D),4503,3755,3815,3670,4181,4329,4301,4805,(D),(D),(D),(D),(D),(D),(D),(D)
 "31133","Pawnee, NE",4,CAGDP2,56,"53","   Real estate and rental and leasing ","Thousands of dollars",(D),6962,7399,(D),(D),(D),9256,10757,10714,9660,12401,12184,12383,12251,(D),(D),(D),(D),13008,(D),(D),15479
 "31133","Pawnee, NE",4,CAGDP2,59,"54,55,56","  Professional and business services ","Thousands of dollars",(D),521,(D),(D),(D),(D),481,457,509,574,861,880,1007,997,903,934,980,1087,1025,1013,920,885
 "31133","Pawnee, NE",4,CAGDP2,60,"54","   Professional, scientific, and technical services ","Thousands of dollars",379,400,(D),(D),(D),(D),423,433,436,(D),(D),(D),529,531,480,501,554,678,709,(D),(D),(D)
 "31133","Pawnee, NE",4,CAGDP2,64,"55","   Management of companies and enterprises ","Thousands of dollars",0,0,0,0,0,0,0,0,0,0,0,0,(D),(D),(D),(D),(D),(D),(D),0,0,0
 "31133","Pawnee, NE",4,CAGDP2,65,"56","   Administrative and support and waste management and remediation services ","Thousands of dollars",(D),121,89,60,51,53,58,24,73,(D),(D),(D),(D),(D),(D),(D),(D),(D),(D),(D),(D),(D)
 "31133","Pawnee, NE",4,CAGDP2,68,"61,62","  Educational services, health care, and social assistance ","Thousands of dollars",2887,3111,3239,3271,3011,3186,3138,3336,3315,3333,3339,3427,2729,2557,2535,2610,2878,2808,2732,3131,3488,3891
 "31133","Pawnee, NE",4,CAGDP2,69,"61","   Educational services ","Thousands of dollars",17,17,18,25,18,15,3,0,0,10,16,27,14,9,9,9,8,96,110,127,29,30
 "31133","Pawnee, NE",4,CAGDP2,70,"62","   Health care and social assistance ","Thousands of dollars",2870,3094,3221,3246,2993,3171,3135,3336,3315,3323,3323,3400,2715,2548,2527,2601,2870,2712,2622,3004,3459,3861
 "31133","Pawnee, NE",4,CAGDP2,75,"71,72","  Arts, entertainment, recreation, accommodation, and food services ","Thousands of dollars",440,444,422,449,476,518,552,458,429,456,489,492,459,410,465,599,802,1199,1664,1259,1437,1771
 "31133","Pawnee, NE",4,CAGDP2,76,"71","   Arts, entertainment, and recreation ","Thousands of dollars",69,74,61,32,18,9,20,5,5,23,4,19,25,33,25,40,90,229,326,211,61,(D)
 "31133","Pawnee, NE",4,CAGDP2,79,"72","   Accommodation and food services ","Thousands of dollars",370,369,361,417,458,509,532,452,424,433,485,473,434,377,440,559,712,970,1338,1048,1376,(D)
 "31133","Pawnee, NE",4,CAGDP2,82,"81","  Other services (except government and government enterprises) ","Thousands of dollars",2129,2457,2559,2516,2317,2079,1922,1929,1987,2075,1998,2054,2034,2235,2325,2579,2452,2302,(D),(D),(D),(D)
 "31133","Pawnee, NE",4,CAGDP2,83,"92","Government and government enterprises ","Thousands of dollars",10888,11558,11816,12234,13274,14597,14489,15107,15650,17869,18098,18582,19248,20298,19684,20726,19858,20339,20781,21692,23055,23697
 "31133","Pawnee, NE",4,CAGDP2,87,"11,21","Natural resources and mining ","Thousands of dollars",(D),(D),(D),25027,(D),(D),(D),(D),(D),(D),(D),(D),(D),(D),(D),(D),(D),(D),(D),(D),(D),(D)
 "31133","Pawnee, NE",4,CAGDP2,88,"42,44-45","Trade ","Thousands of dollars",(D),(D),(D),4413,(D),(D),(D),4187,4404,4736,(D),(D),5974,6764,(D),(D),(D),7576,7881,9480,(D),9774
 "31133","Pawnee, NE",4,CAGDP2,89,"22,48-49","Transportation and utilities ","Thousands of dollars",(D),(D),(D),2337,(D),(D),(D),3790,4015,3711,(D),(D),3804,6118,(D),(D),(D),6777,5931,5108,(D),5438
 "31133","Pawnee, NE",4,CAGDP2,90,"31-33,51","Manufacturing and information ","Thousands of dollars",(D),(D),(D),5901,(D),(D),6777,8786,9817,9062,11187,15138,16766,18217,15753,17406,17182,21829,(D),(D),(D),(D)
 "31133","Pawnee, NE",4,CAGDP2,91,"...","Private goods-producing industries 2/","Thousands of dollars",20619,11338,21680,32667,27453,24566,34256,46216,35160,36117,62925,47690,48646,39357,41203,25374,42816,50324,46036,50798,83101,74850
 "31133","Pawnee, NE",4,CAGDP2,92,"...","Private services-providing industries 3/","Thousands of dollars",21060,22500,22792,24976,27052,28368,27392,28680,29191,28229,33279,33051,32723,36154,38734,38017,39564,43688,43170,44631,47061,50518
 "31135","Perkins, NE",4,CAGDP2,1,"...","All industry total ","Thousands of dollars",96972,78926,125714,117319,116178,109114,164131,233804,198312,214663,302857,277921,300436,248713,227975,220261,249841,254602,310004,317702,399020,460829
 "31135","Perkins, NE",4,CAGDP2,2,"..."," Private industries ","Thousands of dollars",82462,64022,110188,101712,100357,91386,146248,215800,179076,192613,280473,254504,276544,222726,200393,191168,219641,220998,275196,279838,360767,421876
 "31135","Perkins, NE",4,CAGDP2,3,"11","  Agriculture, forestry, fishing and hunting ","Thousands of dollars",32787,11505,49941,37685,31328,5097,57475,97418,49824,42606,119151,121846,141421,73292,56132,51986,61317,56199,96964,89796,167453,206531
 "31135","Perkins, NE",4,CAGDP2,6,"21","  Mining, quarrying, and oil and gas extraction ","Thousands of dollars",0,0,16,84,0,0,0,0,0,0,0,0,0,0,0,0,0,0,0,0,0,0
 "31135","Perkins, NE",4,CAGDP2,10,"22","  Utilities ","Thousands of dollars",3284,3083,2535,2534,1771,2638,2727,2777,2712,2838,2889,2797,3122,3091,2998,2991,3179,3470,3834,3908,4492,4162
 "31135","Perkins, NE",4,CAGDP2,11,"23","  Construction ","Thousands of dollars",4568,5280,5780,6606,6039,6581,5952,6425,7819,8586,8702,8857,11577,10631,11942,12719,11854,11096,10450,10417,11880,13588
 "31135","Perkins, NE",4,CAGDP2,12,"31-33","  Manufacturing ","Thousands of dollars",1229,1317,1679,1699,2583,4510,7080,8431,13062,16447,21275,21421,24911,25862,21651,17660,14047,14369,12491,13169,14598,15390
 "31135","Perkins, NE",4,CAGDP2,13,"321,327-339","   Durable goods manufacturing ","Thousands of dollars",(D),(D),(D),(D),(D),(D),(D),(D),(D),(D),(D),(D),3156,1793,1093,732,854,937,1193,1304,1293,992
 "31135","Perkins, NE",4,CAGDP2,25,"311-316,322-326","   Nondurable goods manufacturing ","Thousands of dollars",(D),(D),(D),(D),(D),(D),(D),(D),(D),(D),(D),(D),21755,24068,20558,16928,13193,13432,11298,11865,13305,14398
 "31135","Perkins, NE",4,CAGDP2,34,"42","  Wholesale trade ","Thousands of dollars",11294,11481,10362,10382,10322,11574,12901,17595,20968,24648,26971,29960,33880,39996,44747,45604,54653,66592,78198,80419,85229,94881
 "31135","Perkins, NE",4,CAGDP2,35,"44-45","  Retail trade ","Thousands of dollars",3110,3412,3244,3054,3017,3044,3219,3830,4465,4747,4642,5023,6022,6146,6288,6540,7268,6704,6614,6752,7150,6923
 "31135","Perkins, NE",4,CAGDP2,36,"48-49","  Transportation and warehousing ","Thousands of dollars",(D),(D),(D),(D),(D),(D),(D),(D),(D),(D),(D),(D),(D),(D),(D),(D),(D),(D),(D),(D),(D),(D)
 "31135","Perkins, NE",4,CAGDP2,45,"51","  Information ","Thousands of dollars",(D),(D),(D),(D),(D),(D),(D),(D),(D),(D),(D),(D),(D),(D),(D),(D),(D),(D),(D),(D),(D),(D)
 "31135","Perkins, NE",4,CAGDP2,50,"52,53","  Finance, insurance, real estate, rental, and leasing ","Thousands of dollars",12137,13250,13786,12672,13577,13056,15748,14798,16596,17369,15752,18098,18070,19948,21394,21643,20207,21481,22616,24418,24390,27557
 "31135","Perkins, NE",4,CAGDP2,51,"52","   Finance and insurance ","Thousands of dollars",3854,(D),4302,(D),(D),(D),(D),(D),(D),6620,5360,(D),(D),(D),(D),(D),(D),(D),9278,9295,8916,10798
 "31135","Perkins, NE",4,CAGDP2,56,"53","   Real estate and rental and leasing ","Thousands of dollars",8282,(D),9484,(D),(D),(D),(D),(D),(D),10749,10392,(D),(D),(D),(D),(D),(D),(D),13338,15123,15474,16759
 "31135","Perkins, NE",4,CAGDP2,59,"54,55,56","  Professional and business services ","Thousands of dollars",(D),952,938,1051,1184,1236,1387,1753,1447,1509,1703,1845,1825,2318,2499,2452,2029,(D),4650,4682,5756,7356
 "31135","Perkins, NE",4,CAGDP2,60,"54","   Professional, scientific, and technical services ","Thousands of dollars",678,877,877,1037,(D),1058,1135,1424,(D),(D),(D),(D),1708,2210,(D),(D),1863,(D),(D),(D),1647,1943
 "31135","Perkins, NE",4,CAGDP2,64,"55","   Management of companies and enterprises ","Thousands of dollars",0,0,0,0,0,0,0,(D),0,0,0,0,0,0,0,0,0,0,(D),(D),(D),(D)
 "31135","Perkins, NE",4,CAGDP2,65,"56","   Administrative and support and waste management and remediation services ","Thousands of dollars",(D),75,61,14,(D),178,252,(D),(D),(D),(D),(D),117,108,(D),(D),166,203,200,82,(D),(D)
 "31135","Perkins, NE",4,CAGDP2,68,"61,62","  Educational services, health care, and social assistance ","Thousands of dollars",1672,1790,1930,2164,2097,2097,2029,2209,2258,2375,2501,2842,2843,2938,3250,3803,3757,3692,3443,2975,3047,3198
 "31135","Perkins, NE",4,CAGDP2,69,"61","   Educational services ","Thousands of dollars",111,101,136,124,117,89,75,80,114,145,108,232,220,226,224,239,269,298,311,278,253,258
 "31135","Perkins, NE",4,CAGDP2,70,"62","   Health care and social assistance ","Thousands of dollars",1561,1689,1794,2041,1981,2008,1954,2129,2144,2230,2392,2610,2623,2712,3026,3564,3488,3394,3132,2698,2794,2940
 "31135","Perkins, NE",4,CAGDP2,75,"71,72","  Arts, entertainment, recreation, accommodation, and food services ","Thousands of dollars",472,470,461,377,406,397,(D),564,(D),(D),(D),(D),596,654,633,800,980,1056,1092,961,1219,1431
 "31135","Perkins, NE",4,CAGDP2,76,"71","   Arts, entertainment, and recreation ","Thousands of dollars",47,50,60,11,7,9,13,(D),(D),(D),(D),(D),(D),(D),(D),141,223,270,282,(D),(D),(D)
 "31135","Perkins, NE",4,CAGDP2,79,"72","   Accommodation and food services ","Thousands of dollars",424,420,402,366,399,388,(D),(D),454,496,405,479,(D),(D),(D),660,757,787,810,(D),(D),(D)
 "31135","Perkins, NE",4,CAGDP2,82,"81","  Other services (except government and government enterprises) ","Thousands of dollars",3308,(D),(D),(D),(D),(D),(D),(D),3193,3675,3493,3743,(D),(D),(D),(D),(D),3593,(D),(D),(D),(D)
 "31135","Perkins, NE",4,CAGDP2,83,"92","Government and government enterprises ","Thousands of dollars",14510,14904,15526,15607,15822,17729,17882,18004,19236,22050,22384,23418,23892,25987,27582,29093,30201,33604,34808,37864,38253,38954
 "31135","Perkins, NE",4,CAGDP2,87,"11,21","Natural resources and mining ","Thousands of dollars",32787,11505,49957,37768,31328,5097,57475,97418,49824,42606,119151,121846,141421,73292,56132,51986,61317,56199,96964,89796,167453,206531
 "31135","Perkins, NE",4,CAGDP2,88,"42,44-45","Trade ","Thousands of dollars",14404,14893,13605,13436,13339,14618,16120,21425,25433,29395,31614,34983,39902,46143,51035,52144,61921,73296,84813,87171,92378,101805
 "31135","Perkins, NE",4,CAGDP2,89,"22,48-49","Transportation and utilities ","Thousands of dollars",(D),(D),(D),(D),(D),(D),(D),(D),(D),(D),(D),(D),(D),(D),(D),(D),(D),(D),(D),(D),(D),(D)
 "31135","Perkins, NE",4,CAGDP2,90,"31-33,51","Manufacturing and information ","Thousands of dollars",(D),(D),(D),(D),(D),(D),(D),(D),(D),(D),(D),(D),(D),(D),(D),(D),(D),(D),(D),(D),(D),(D)
 "31135","Perkins, NE",4,CAGDP2,91,"...","Private goods-producing industries 2/","Thousands of dollars",38584,18102,57417,46072,39950,16188,70507,112275,70706,67639,149128,152124,177910,109785,89724,82365,87218,81664,119905,113382,193931,235508
 "31135","Perkins, NE",4,CAGDP2,92,"...","Private services-providing industries 3/","Thousands of dollars",43878,45919,52772,55640,60407,75198,75742,103525,108370,124974,131345,102379,98634,112942,110669,108803,132423,139334,155290,166456,166836,186368
 "31137","Phelps, NE",4,CAGDP2,1,"...","All industry total ","Thousands of dollars",405001,466202,482458,484151,487966,540322,570855,629507,637004,676970,762719,781392,900411,839999,915106,921111,789547,796780,801432,818332,934651,960143
 "31137","Phelps, NE",4,CAGDP2,2,"..."," Private industries ","Thousands of dollars",368937,427800,442786,444139,447296,496575,528133,585978,592626,626227,711733,729450,846766,782855,857297,860388,727557,733083,735704,751595,866392,890836
 "31137","Phelps, NE",4,CAGDP2,3,"11","  Agriculture, forestry, fishing and hunting ","Thousands of dollars",84275,122236,135947,125362,132135,139841,152966,(D),124450,168678,243006,251492,346916,315691,330759,294677,147189,154693,158302,155939,230043,179906
 "31137","Phelps, NE",4,CAGDP2,6,"21","  Mining, quarrying, and oil and gas extraction ","Thousands of dollars",533,493,719,667,724,337,1192,725,692,719,986,1306,1221,931,848,513,568,516,504,506,619,700
 "31137","Phelps, NE",4,CAGDP2,10,"22","  Utilities ","Thousands of dollars",0,309,212,284,170,248,213,384,2328,2399,2676,2487,2748,2639,2760,2478,2888,2883,3341,3510,3665,3500
 "31137","Phelps, NE",4,CAGDP2,11,"23","  Construction ","Thousands of dollars",12281,13001,(D),(D),(D),(D),(D),(D),(D),(D),(D),(D),(D),(D),(D),(D),(D),(D),(D),22544,(D),24117
 "31137","Phelps, NE",4,CAGDP2,12,"31-33","  Manufacturing ","Thousands of dollars",115249,122415,(D),(D),(D),(D),(D),176200,(D),(D),(D),(D),(D),(D),(D),(D),(D),(D),(D),186623,(D),222315
 "31137","Phelps, NE",4,CAGDP2,13,"321,327-339","   Durable goods manufacturing ","Thousands of dollars",(D),(D),(D),(D),(D),(D),(D),(D),(D),(D),(D),(D),177069,168215,166872,180719,198315,185352,175530,183864,192917,217854
 "31137","Phelps, NE",4,CAGDP2,25,"311-316,322-326","   Nondurable goods manufacturing ","Thousands of dollars",(D),(D),(D),(D),(D),(D),(D),(D),(D),(D),4191,4210,(D),(D),(D),(D),(D),(D),(D),2759,(D),4460
 "31137","Phelps, NE",4,CAGDP2,34,"42","  Wholesale trade ","Thousands of dollars",21411,23665,26305,28916,30334,29553,30933,30225,29202,41596,47981,57199,67678,80742,85187,82617,77689,80301,89587,97858,103394,113805
 "31137","Phelps, NE",4,CAGDP2,35,"44-45","  Retail trade ","Thousands of dollars",16977,15630,16253,17755,17505,16864,19198,20470,22239,23651,24805,25962,29071,29631,30988,32139,33679,37271,39340,43249,48752,53162
 "31137","Phelps, NE",4,CAGDP2,36,"48-49","  Transportation and warehousing ","Thousands of dollars",25607,(D),(D),(D),(D),(D),(D),(D),(D),(D),72334,62081,64276,21668,63056,75041,(D),(D),(D),(D),(D),(D)
 "31137","Phelps, NE",4,CAGDP2,45,"51","  Information ","Thousands of dollars",1629,1843,2530,2879,2915,2762,3341,2885,2880,2955,2903,2683,2769,2718,3278,3962,4176,3836,3783,3737,4298,5043
 "31137","Phelps, NE",4,CAGDP2,50,"52,53","  Finance, insurance, real estate, rental, and leasing ","Thousands of dollars",41962,44888,42455,40849,44774,54277,57882,48403,55188,59152,55541,57137,67264,68493,73261,80813,74963,76617,88717,83507,86187,(D)
 "31137","Phelps, NE",4,CAGDP2,51,"52","   Finance and insurance ","Thousands of dollars",14542,15244,14956,14404,18216,20993,22675,17746,21857,22086,20729,24744,24763,26509,26203,27249,30011,29866,33661,33693,34658,40418
 "31137","Phelps, NE",4,CAGDP2,56,"53","   Real estate and rental and leasing ","Thousands of dollars",27421,29645,27500,26445,26558,33284,35208,30658,33331,37066,34812,32393,42501,41984,47059,53564,44952,46751,55056,49814,51529,(D)
 "31137","Phelps, NE",4,CAGDP2,59,"54,55,56","  Professional and business services ","Thousands of dollars",10451,(D),(D),(D),(D),(D),(D),(D),(D),(D),11718,11943,11654,12603,13509,16174,(D),(D),(D),(D),15058,15919
 "31137","Phelps, NE",4,CAGDP2,60,"54","   Professional, scientific, and technical services ","Thousands of dollars",(D),(D),(D),(D),(D),(D),(D),(D),(D),(D),8209,9196,9149,9734,9898,10253,11480,11030,10551,10362,11062,11764
 "31137","Phelps, NE",4,CAGDP2,64,"55","   Management of companies and enterprises ","Thousands of dollars",(D),(D),(D),(D),(D),(D),(D),(D),(D),(D),(D),(D),(D),(D),(D),(D),(D),(D),(D),(D),0,0
 "31137","Phelps, NE",4,CAGDP2,65,"56","   Administrative and support and waste management and remediation services ","Thousands of dollars",4341,4293,4403,4574,4997,5076,4828,5407,5555,5194,(D),(D),(D),(D),(D),(D),(D),(D),(D),(D),3996,4155
 "31137","Phelps, NE",4,CAGDP2,68,"61,62","  Educational services, health care, and social assistance ","Thousands of dollars",24201,25378,26928,26842,26957,28407,28658,31792,33832,34268,35315,37132,38058,40106,42010,44735,43858,45226,46415,48816,(D),64822
 "31137","Phelps, NE",4,CAGDP2,69,"61","   Educational services ","Thousands of dollars",(D),(D),(D),(D),(D),(D),(D),(D),(D),(D),(D),(D),(D),(D),(D),(D),(D),(D),(D),(D),(D),(D)
 "31137","Phelps, NE",4,CAGDP2,70,"62","   Health care and social assistance ","Thousands of dollars",(D),(D),(D),(D),(D),(D),(D),(D),(D),(D),(D),(D),(D),(D),(D),(D),(D),(D),(D),(D),(D),(D)
 "31137","Phelps, NE",4,CAGDP2,75,"71,72","  Arts, entertainment, recreation, accommodation, and food services ","Thousands of dollars",5850,5996,6215,6140,6395,6733,7107,7532,7840,8053,8605,8338,8573,8716,9941,10899,10555,10573,11012,10076,11702,13284
 "31137","Phelps, NE",4,CAGDP2,76,"71","   Arts, entertainment, and recreation ","Thousands of dollars",1026,1064,1148,1154,1299,1356,1734,1932,2149,2443,2598,2712,2770,2742,2884,3507,3585,3583,3583,3221,3775,4158
 "31137","Phelps, NE",4,CAGDP2,79,"72","   Accommodation and food services ","Thousands of dollars",4824,4931,5067,4986,5096,5377,5373,5600,5691,5609,6007,5626,5803,5974,7057,7392,6971,6991,7429,6855,7927,9126
 "31137","Phelps, NE",4,CAGDP2,82,"81","  Other services (except government and government enterprises) ","Thousands of dollars",8511,9475,9088,9431,9817,9656,9903,9327,9312,9015,8881,9040,9074,9817,10005,10658,11215,12084,12430,13289,13393,14803
 "31137","Phelps, NE",4,CAGDP2,83,"92","Government and government enterprises ","Thousands of dollars",36064,38402,39672,40012,40671,43747,42722,43529,44378,50743,50986,51942,53645,57144,57809,60723,61990,63697,65728,66737,68259,69307
 "31137","Phelps, NE",4,CAGDP2,87,"11,21","Natural resources and mining ","Thousands of dollars",84808,122728,136666,126028,132859,140178,154158,(D),125142,169397,243992,252798,348137,316623,331607,295189,147757,155209,158806,156445,230662,180606
 "31137","Phelps, NE",4,CAGDP2,88,"42,44-45","Trade ","Thousands of dollars",38388,39294,42558,46671,47839,46417,50132,50694,51441,65247,72786,83161,96749,110372,116175,114756,111368,117572,128927,141107,152146,166966
 "31137","Phelps, NE",4,CAGDP2,89,"22,48-49","Transportation and utilities ","Thousands of dollars",25607,(D),(D),(D),(D),(D),(D),(D),(D),(D),75010,64569,67024,24307,65815,77519,(D),(D),(D),(D),(D),(D)
 "31137","Phelps, NE",4,CAGDP2,90,"31-33,51","Manufacturing and information ","Thousands of dollars",116878,124258,(D),(D),(D),(D),(D),179086,(D),(D),(D),(D),(D),(D),(D),(D),(D),(D),(D),190360,(D),227357
 "31137","Phelps, NE",4,CAGDP2,91,"...","Private goods-producing industries 2/","Thousands of dollars",212337,258144,277040,264248,244754,268487,312488,347049,317510,352717,440976,455449,545601,505722,523304,500872,371793,365576,362995,365612,449263,427038
 "31137","Phelps, NE",4,CAGDP2,92,"...","Private services-providing industries 3/","Thousands of dollars",156600,169656,165746,179891,202542,228089,215645,238930,275116,273510,270757,274001,301165,277133,333994,359516,355764,367507,372710,385983,417129,463798
 "31139","Pierce, NE",4,CAGDP2,1,"...","All industry total ","Thousands of dollars",140285,130171,160184,183265,187087,207290,229196,212262,205302,247791,298876,281228,310158,304842,322311,313868,318789,336999,345464,328712,459246,508494
 "31139","Pierce, NE",4,CAGDP2,2,"..."," Private industries ","Thousands of dollars",118751,107503,137203,159860,162457,180221,201405,183706,176632,215674,267198,254094,285275,278947,295532,286199,290383,307594,315293,297632,427613,475603
 "31139","Pierce, NE",4,CAGDP2,3,"11","  Agriculture, forestry, fishing and hunting ","Thousands of dollars",34305,21355,46905,54974,44921,30762,50432,58426,49129,68745,101543,73057,94124,71901,79661,54236,68835,89748,81931,74320,123598,121811
 "31139","Pierce, NE",4,CAGDP2,6,"21","  Mining, quarrying, and oil and gas extraction ","Thousands of dollars",0,0,0,0,0,0,0,0,28,138,317,350,1765,1789,1761,1131,1228,1182,1244,1772,1953,1743
 "31139","Pierce, NE",4,CAGDP2,10,"22","  Utilities ","Thousands of dollars",0,0,1,0,0,2,2,1,254,245,169,176,190,179,169,168,188,231,252,318,446,548
 "31139","Pierce, NE",4,CAGDP2,11,"23","  Construction ","Thousands of dollars",8492,6654,7622,8440,8872,9580,9598,9240,9792,10047,9064,11426,11895,12937,13989,16159,16186,15631,15432,16915,17148,18601
 "31139","Pierce, NE",4,CAGDP2,12,"31-33","  Manufacturing ","Thousands of dollars",1912,2136,3338,8852,17223,42458,44029,19867,13718,20737,29712,33195,40077,45825,45890,57380,39387,37912,44590,36386,65819,107351
 "31139","Pierce, NE",4,CAGDP2,13,"321,327-339","   Durable goods manufacturing ","Thousands of dollars",1387,(D),(D),(D),(D),(D),(D),(D),(D),(D),(D),(D),7036,6956,7581,4868,4937,6985,5903,7367,9492,10121
 "31139","Pierce, NE",4,CAGDP2,25,"311-316,322-326","   Nondurable goods manufacturing ","Thousands of dollars",525,(D),(D),(D),(D),(D),(D),(D),(D),(D),(D),(D),33041,38869,38309,52512,34451,30927,38687,29019,56327,97230
 "31139","Pierce, NE",4,CAGDP2,34,"42","  Wholesale trade ","Thousands of dollars",8706,9110,9496,13178,15613,16785,15201,14938,14215,15340,19843,(D),(D),(D),(D),(D),(D),(D),(D),(D),(D),28900
 "31139","Pierce, NE",4,CAGDP2,35,"44-45","  Retail trade ","Thousands of dollars",8884,9154,9522,9628,9096,9082,9029,9456,11126,11821,11211,12297,14601,13067,13102,12625,11982,12574,12571,14713,16177,17271
 "31139","Pierce, NE",4,CAGDP2,36,"48-49","  Transportation and warehousing ","Thousands of dollars",6923,7048,6643,7941,8109,9258,7797,9644,(D),(D),(D),21546,18313,22954,23405,23909,24542,21444,18221,20569,45231,(D)
 "31139","Pierce, NE",4,CAGDP2,45,"51","  Information ","Thousands of dollars",4564,4976,5417,7327,5717,8711,7604,5160,5991,6464,6540,6370,5878,6208,7090,7036,7911,10157,10711,8542,25883,9649
 "31139","Pierce, NE",4,CAGDP2,50,"52,53","  Finance, insurance, real estate, rental, and leasing ","Thousands of dollars",23146,24769,25408,25669,28536,27540,30369,30561,32199,35792,37223,38939,38476,41234,44059,47224,54522,50166,55721,49643,55967,62091
 "31139","Pierce, NE",4,CAGDP2,51,"52","   Finance and insurance ","Thousands of dollars",(D),(D),(D),(D),8786,(D),(D),(D),(D),(D),(D),12209,11554,13622,15076,(D),18605,(D),20909,(D),20598,24708
 "31139","Pierce, NE",4,CAGDP2,56,"53","   Real estate and rental and leasing ","Thousands of dollars",(D),(D),(D),(D),19750,(D),(D),(D),(D),(D),(D),26730,26922,27612,28983,(D),35917,(D),34812,(D),35369,37382
 "31139","Pierce, NE",4,CAGDP2,59,"54,55,56","  Professional and business services ","Thousands of dollars",4641,3554,4256,4555,5627,6029,8415,8719,(D),(D),(D),11265,(D),(D),15239,16400,15651,12894,13894,13507,14993,16347
 "31139","Pierce, NE",4,CAGDP2,60,"54","   Professional, scientific, and technical services ","Thousands of dollars",1262,1501,1700,1863,1885,1810,(D),(D),(D),(D),2513,2804,2746,(D),(D),(D),3889,4171,4023,3776,4261,4687
 "31139","Pierce, NE",4,CAGDP2,64,"55","   Management of companies and enterprises ","Thousands of dollars",(D),(D),(D),(D),(D),(D),(D),(D),(D),(D),(D),(D),(D),(D),(D),(D),(D),(D),(D),(D),(D),(D)
 "31139","Pierce, NE",4,CAGDP2,65,"56","   Administrative and support and waste management and remediation services ","Thousands of dollars",(D),(D),(D),(D),(D),(D),4664,4577,3874,5227,(D),(D),(D),7071,8787,9508,(D),(D),(D),(D),(D),(D)
 "31139","Pierce, NE",4,CAGDP2,68,"61,62","  Educational services, health care, and social assistance ","Thousands of dollars",8148,9076,9502,10865,9908,10171,10207,10497,10691,11178,11214,14663,16035,17462,18192,18571,18810,19588,19732,19685,20404,22691
 "31139","Pierce, NE",4,CAGDP2,69,"61","   Educational services ","Thousands of dollars",721,870,903,1710,1697,1862,1860,1123,1094,1230,1155,1541,1643,1874,2392,2856,3007,3183,2967,2575,3353,3442
 "31139","Pierce, NE",4,CAGDP2,70,"62","   Health care and social assistance ","Thousands of dollars",7427,8205,8598,9155,8210,8309,8347,9375,9597,9947,10058,13122,14393,15588,15800,15715,15802,16405,16765,17110,17051,19249
 "31139","Pierce, NE",4,CAGDP2,75,"71,72","  Arts, entertainment, recreation, accommodation, and food services ","Thousands of dollars",2103,2239,2480,2225,2820,3666,2747,1953,2115,3493,2831,(D),2588,3598,(D),(D),(D),(D),(D),(D),(D),(D)
 "31139","Pierce, NE",4,CAGDP2,76,"71","   Arts, entertainment, and recreation ","Thousands of dollars",473,465,323,638,795,1266,358,159,123,1261,1150,(D),1072,1983,(D),(D),(D),(D),(D),(D),(D),(D)
 "31139","Pierce, NE",4,CAGDP2,79,"72","   Accommodation and food services ","Thousands of dollars",1630,1774,2157,1588,2025,2399,2389,1794,1992,2232,1680,(D),1516,1615,(D),(D),(D),(D),(D),(D),(D),(D)
 "31139","Pierce, NE",4,CAGDP2,82,"81","  Other services (except government and government enterprises) ","Thousands of dollars",6927,7432,6613,6206,6016,6177,5976,5245,5335,5746,5933,6296,6284,6660,6878,6850,6588,6890,6996,7615,8024,8179
 "31139","Pierce, NE",4,CAGDP2,83,"92","Government and government enterprises ","Thousands of dollars",21535,22669,22981,23405,24630,27069,27791,28556,28670,32117,31677,27133,24884,25895,26779,27668,28406,29405,30171,31080,31633,32890
 "31139","Pierce, NE",4,CAGDP2,87,"11,21","Natural resources and mining ","Thousands of dollars",34305,21355,46905,54974,44921,30762,50432,58426,49158,68883,101860,73408,95889,73690,81422,55368,70063,90930,83175,76092,125551,123554
 "31139","Pierce, NE",4,CAGDP2,88,"42,44-45","Trade ","Thousands of dollars",17590,18264,19017,22806,24708,25867,24229,24393,25341,27161,31054,(D),(D),(D),(D),(D),(D),(D),(D),(D),(D),46171
 "31139","Pierce, NE",4,CAGDP2,89,"22,48-49","Transportation and utilities ","Thousands of dollars",6923,7048,6645,7941,8109,9259,7799,9645,(D),(D),(D),21722,18503,23132,23574,24078,24730,21676,18473,20887,45676,(D)
 "31139","Pierce, NE",4,CAGDP2,90,"31-33,51","Manufacturing and information ","Thousands of dollars",6477,7112,8756,16180,22940,51169,51632,25027,19709,27201,36251,39564,45955,52033,52980,64416,47299,48069,55302,44928,91702,117000
 "31139","Pierce, NE",4,CAGDP2,91,"...","Private goods-producing industries 2/","Thousands of dollars",44709,30146,57865,72266,71016,82800,104058,87533,72668,99668,140636,118029,147861,132452,141301,128906,125636,144473,143197,129393,208518,249506
 "31139","Pierce, NE",4,CAGDP2,92,"...","Private services-providing industries 3/","Thousands of dollars",74042,77357,79338,87595,91441,97421,97346,96173,103964,116006,126562,136066,137413,146496,154231,157293,164746,163120,172096,168239,219096,226097
 "31141","Platte, NE",4,CAGDP2,1,"...","All industry total ","Thousands of dollars",1069990,1142804,1229662,1351149,1351986,1496017,1667593,1702860,1702468,1873123,2214961,2371812,2530682,2426504,2361288,2376506,2374316,2517739,2697689,2711912,3045692,3245307
 "31141","Platte, NE",4,CAGDP2,2,"..."," Private industries ","Thousands of dollars",933815,999468,1084844,1203758,1202039,1331226,1502254,1528788,1523917,1675596,2014123,2171143,2329722,2214103,2143099,2146629,2138679,2269869,2438774,2438931,2767705,2955144
 "31141","Platte, NE",4,CAGDP2,3,"11","  Agriculture, forestry, fishing and hunting ","Thousands of dollars",52459,50477,71487,(D),(D),(D),(D),(D),(D),(D),(D),(D),(D),(D),(D),129342,(D),(D),(D),(D),208582,74329
 "31141","Platte, NE",4,CAGDP2,6,"21","  Mining, quarrying, and oil and gas extraction ","Thousands of dollars",49,63,65,0,0,0,0,0,0,0,0,0,0,0,0,0,0,673,921,1285,(D),(D)
 "31141","Platte, NE",4,CAGDP2,10,"22","  Utilities ","Thousands of dollars",3016,2095,2668,3295,2771,3402,4833,9747,13580,18980,23661,23673,30257,27446,28433,38805,33477,29928,25542,15185,26938,33929
 "31141","Platte, NE",4,CAGDP2,11,"23","  Construction ","Thousands of dollars",43974,47093,49502,49505,59776,66785,99118,62549,63235,47349,38875,46617,49036,54328,67564,85331,89354,99091,121807,114272,111151,133814
 "31141","Platte, NE",4,CAGDP2,12,"31-33","  Manufacturing ","Thousands of dollars",404063,450570,501305,556112,515809,610038,666176,699600,660787,688807,833486,931401,999347,925914,896785,920327,970873,999449,1065264,1133509,1167347,1352180
 "31141","Platte, NE",4,CAGDP2,13,"321,327-339","   Durable goods manufacturing ","Thousands of dollars",369240,412129,456370,488054,431628,491338,556895,580238,534093,573540,692230,717292,750010,689699,697921,734105,792651,778450,890493,942077,967721,1114536
 "31141","Platte, NE",4,CAGDP2,25,"311-316,322-326","   Nondurable goods manufacturing ","Thousands of dollars",34823,38441,44935,68058,84181,118700,109281,119362,126694,115267,141256,214109,249337,236215,198864,186222,178221,220999,174772,191432,199626,237644
 "31141","Platte, NE",4,CAGDP2,34,"42","  Wholesale trade ","Thousands of dollars",41561,41692,40090,45788,50200,55877,65386,75973,77370,89617,98268,110729,113036,114748,117417,106832,106683,110133,109213,108650,114477,124749
 "31141","Platte, NE",4,CAGDP2,35,"44-45","  Retail trade ","Thousands of dollars",64358,65979,69607,74704,80647,82734,85867,90900,93720,94613,97414,100863,111997,116007,123919,125991,126836,123195,129157,142496,154566,154087
 "31141","Platte, NE",4,CAGDP2,36,"48-49","  Transportation and warehousing ","Thousands of dollars",(D),(D),(D),(D),(D),(D),(D),(D),(D),(D),(D),(D),(D),(D),(D),205215,(D),(D),(D),(D),(D),(D)
 "31141","Platte, NE",4,CAGDP2,45,"51","  Information ","Thousands of dollars",9315,10944,11602,12218,12616,12430,13827,14478,14037,13675,14088,15109,16210,14624,13584,18151,18349,21009,22428,20901,23476,23005
 "31141","Platte, NE",4,CAGDP2,50,"52,53","  Finance, insurance, real estate, rental, and leasing ","Thousands of dollars",126241,130924,132172,133307,147470,145124,154533,161152,165282,179679,188227,199868,205361,215050,226183,236506,267711,234793,261887,241463,273371,(D)
 "31141","Platte, NE",4,CAGDP2,51,"52","   Finance and insurance ","Thousands of dollars",40580,45195,45223,44194,51213,52973,55109,49198,50386,48492,51082,59854,60736,67776,79529,81863,85545,82677,89098,91305,89440,98911
 "31141","Platte, NE",4,CAGDP2,56,"53","   Real estate and rental and leasing ","Thousands of dollars",85661,85729,86949,89112,96258,92152,99425,111954,114896,131187,137145,140014,144625,147275,146653,154643,182166,152116,172789,150158,183931,(D)
 "31141","Platte, NE",4,CAGDP2,59,"54,55,56","  Professional and business services ","Thousands of dollars",(D),46383,(D),45858,53757,60345,64757,71237,77518,85021,84407,87599,82199,82296,85533,72917,75774,81647,74102,74535,90101,91663
 "31141","Platte, NE",4,CAGDP2,60,"54","   Professional, scientific, and technical services ","Thousands of dollars",(D),27437,(D),26467,30013,34043,38168,40753,41532,43145,43031,40499,36836,37196,38877,38875,38774,44730,35878,36220,39897,43908
 "31141","Platte, NE",4,CAGDP2,64,"55","   Management of companies and enterprises ","Thousands of dollars",(D),3318,(D),982,2136,1733,1875,1894,1946,2140,2581,3399,4045,3389,3307,3279,4278,4972,5039,4773,10976,7994
 "31141","Platte, NE",4,CAGDP2,65,"56","   Administrative and support and waste management and remediation services ","Thousands of dollars",15374,15629,17849,18408,21609,24569,24713,28590,34040,39736,38795,43700,41319,41711,43350,30763,32722,31945,33185,33543,39228,39761
 "31141","Platte, NE",4,CAGDP2,68,"61,62","  Educational services, health care, and social assistance ","Thousands of dollars",48277,(D),59034,67540,72588,76742,85039,85884,91370,93043,95764,99765,102918,109399,114513,118262,129110,139363,146036,145858,155227,169123
 "31141","Platte, NE",4,CAGDP2,69,"61","   Educational services ","Thousands of dollars",(D),(D),6030,7003,6873,8197,8503,9212,9664,9208,9383,9014,8966,9357,9369,9739,9897,10756,11349,10554,10875,10986
 "31141","Platte, NE",4,CAGDP2,70,"62","   Health care and social assistance ","Thousands of dollars",(D),(D),53003,60536,65716,68545,76535,76672,81706,83836,86381,90751,93952,100042,105144,108523,119213,128607,134687,135303,144351,158136
 "31141","Platte, NE",4,CAGDP2,75,"71,72","  Arts, entertainment, recreation, accommodation, and food services ","Thousands of dollars",25305,24603,26104,27036,28066,28100,30013,32540,36059,39587,40839,42005,40088,41215,43064,44988,45371,45779,48053,41362,48724,56397
 "31141","Platte, NE",4,CAGDP2,76,"71","   Arts, entertainment, and recreation ","Thousands of dollars",3000,3140,3330,3283,3440,3532,4317,5166,6069,7849,9168,10656,8359,7486,6557,6624,6151,5991,6060,5306,6159,6918
 "31141","Platte, NE",4,CAGDP2,79,"72","   Accommodation and food services ","Thousands of dollars",22305,21463,22774,23753,24626,24568,25696,27374,29990,31738,31670,31350,31729,33729,36507,38365,39220,39788,41993,36056,42566,49480
 "31141","Platte, NE",4,CAGDP2,82,"81","  Other services (except government and government enterprises) ","Thousands of dollars",31708,31357,31041,32431,33288,31976,35084,34899,35833,37738,39005,41512,43275,42330,40798,43960,44021,45718,46437,43106,51738,56217
 "31141","Platte, NE",4,CAGDP2,83,"92","Government and government enterprises ","Thousands of dollars",136174,143337,144818,147391,149947,164791,165338,174073,178551,197528,200839,200669,200960,212401,218189,229878,235637,247870,258915,272981,277986,290163
 "31141","Platte, NE",4,CAGDP2,87,"11,21","Natural resources and mining ","Thousands of dollars",52507,50540,71552,(D),(D),(D),(D),(D),(D),(D),(D),(D),(D),(D),(D),129342,(D),(D),(D),(D),(D),(D)
 "31141","Platte, NE",4,CAGDP2,88,"42,44-45","Trade ","Thousands of dollars",105919,107671,109697,120492,130847,138611,151253,166873,171090,184230,195683,211592,225033,230755,241337,232822,233519,233329,238370,251146,269044,278836
 "31141","Platte, NE",4,CAGDP2,89,"22,48-49","Transportation and utilities ","Thousands of dollars",(D),(D),(D),(D),(D),(D),(D),(D),(D),(D),(D),(D),(D),(D),(D),244020,(D),(D),(D),(D),(D),(D)
 "31141","Platte, NE",4,CAGDP2,90,"31-33,51","Manufacturing and information ","Thousands of dollars",413378,461514,512907,568330,528425,622468,680003,714078,674824,702482,847574,946510,1015558,940539,910369,938478,989222,1020458,1087692,1154410,1190823,1375185
 "31141","Platte, NE",4,CAGDP2,91,"...","Private goods-producing industries 2/","Thousands of dollars",500544,548203,622359,(D),(D),(D),(D),(D),(D),(D),(D),(D),(D),(D),(D),1135001,(D),(D),(D),(D),(D),(D)
 "31141","Platte, NE",4,CAGDP2,92,"...","Private services-providing industries 3/","Thousands of dollars",433272,451265,462484,(D),(D),(D),(D),(D),(D),(D),(D),(D),(D),(D),(D),1011628,(D),(D),(D),(D),(D),(D)
 "31143","Polk, NE",4,CAGDP2,1,"...","All industry total ","Thousands of dollars",133862,134107,150529,169395,174815,199625,250711,244322,239715,217491,264199,256069,277059,281125,250470,252185,289145,282542,268290,263586,358648,388115
 "31143","Polk, NE",4,CAGDP2,2,"..."," Private industries ","Thousands of dollars",116083,116314,132343,150811,153102,175586,226764,219159,212972,187426,233756,224880,245750,246806,214560,214379,250176,241485,225584,220115,312998,340035
 "31143","Polk, NE",4,CAGDP2,3,"11","  Agriculture, forestry, fishing and hunting ","Thousands of dollars",41258,39221,60544,73771,72207,86477,129117,114740,120851,105249,142085,123270,147812,122994,112209,107296,136610,126389,107581,79658,166722,178092
 "31143","Polk, NE",4,CAGDP2,6,"21","  Mining, quarrying, and oil and gas extraction ","Thousands of dollars",306,446,373,345,351,300,899,754,583,1469,2193,1289,1233,1276,1021,670,722,572,558,855,980,975
 "31143","Polk, NE",4,CAGDP2,10,"22","  Utilities ","Thousands of dollars",0,0,0,0,0,0,0,0,241,236,261,249,273,268,271,238,177,40,353,438,619,920
 "31143","Polk, NE",4,CAGDP2,11,"23","  Construction ","Thousands of dollars",6029,(D),(D),(D),6535,6866,8843,4343,4132,4755,4885,4769,4034,5064,5176,6291,7202,7502,8766,7316,6725,6921
 "31143","Polk, NE",4,CAGDP2,12,"31-33","  Manufacturing ","Thousands of dollars",913,(D),(D),(D),956,1366,1616,761,773,921,946,821,1274,1380,1678,2000,1886,1686,2287,2012,2470,3922
 "31143","Polk, NE",4,CAGDP2,13,"321,327-339","   Durable goods manufacturing ","Thousands of dollars",(D),149,150,189,(D),(D),(D),(D),(D),(D),(D),(D),(D),(D),(D),805,949,1206,1278,(D),(D),(D)
 "31143","Polk, NE",4,CAGDP2,25,"311-316,322-326","   Nondurable goods manufacturing ","Thousands of dollars",(D),(D),(D),(D),(D),(D),(D),(D),(D),(D),(D),(D),(D),(D),(D),1195,938,480,1008,(D),(D),(D)
 "31143","Polk, NE",4,CAGDP2,34,"42","  Wholesale trade ","Thousands of dollars",12172,12301,11106,11015,10995,10340,9173,10708,11928,12755,13673,16171,16392,16322,16088,(D),14043,15446,16319,17924,18684,20718
 "31143","Polk, NE",4,CAGDP2,35,"44-45","  Retail trade ","Thousands of dollars",6555,6835,7680,7792,7874,7521,7914,7638,8065,9297,9659,11036,11238,10948,10761,11689,13753,13924,14062,14891,14604,14929
 "31143","Polk, NE",4,CAGDP2,36,"48-49","  Transportation and warehousing ","Thousands of dollars",17274,16279,11107,16166,15326,21197,30472,38015,(D),(D),(D),(D),(D),(D),(D),23491,(D),(D),21407,43063,44110,50866
 "31143","Polk, NE",4,CAGDP2,45,"51","  Information ","Thousands of dollars",(D),(D),(D),(D),301,(D),(D),(D),(D),(D),(D),(D),(D),(D),(D),(D),(D),(D),(D),(D),(D),(D)
 "31143","Polk, NE",4,CAGDP2,50,"52,53","  Finance, insurance, real estate, rental, and leasing ","Thousands of dollars",18220,19805,19977,20038,23276,25574,22661,24760,24779,22240,27505,28145,29354,29699,31231,30254,32530,34736,(D),34280,37398,(D)
 "31143","Polk, NE",4,CAGDP2,51,"52","   Finance and insurance ","Thousands of dollars",5612,6394,(D),5836,(D),(D),(D),(D),(D),(D),(D),(D),(D),(D),(D),(D),(D),(D),(D),(D),(D),(D)
 "31143","Polk, NE",4,CAGDP2,56,"53","   Real estate and rental and leasing ","Thousands of dollars",12609,13411,(D),14202,(D),(D),(D),(D),(D),(D),(D),(D),(D),(D),(D),(D),(D),(D),23341,(D),(D),28066
 "31143","Polk, NE",4,CAGDP2,59,"54,55,56","  Professional and business services ","Thousands of dollars",3030,3289,3578,4266,4427,4653,4967,5746,3528,3108,3335,3410,3679,3311,3199,3067,3352,3241,3438,3268,3739,3935
 "31143","Polk, NE",4,CAGDP2,60,"54","   Professional, scientific, and technical services ","Thousands of dollars",2040,2233,1636,2558,2798,2753,3001,4072,1837,(D),(D),(D),(D),1749,1856,1725,1823,(D),1943,1812,1961,2102
 "31143","Polk, NE",4,CAGDP2,64,"55","   Management of companies and enterprises ","Thousands of dollars",0,0,(D),(D),(D),(D),(D),(D),(D),(D),(D),(D),(D),(D),(D),(D),(D),(D),0,0,0,0
 "31143","Polk, NE",4,CAGDP2,65,"56","   Administrative and support and waste management and remediation services ","Thousands of dollars",989,1056,(D),(D),(D),(D),(D),(D),(D),1109,1305,1279,1228,(D),(D),(D),(D),(D),1495,1456,1778,1833
 "31143","Polk, NE",4,CAGDP2,68,"61,62","  Educational services, health care, and social assistance ","Thousands of dollars",6215,6203,(D),(D),6212,6072,6248,6725,6936,7273,8484,8158,8187,7857,7812,8219,8865,9268,9488,9238,9425,10355
 "31143","Polk, NE",4,CAGDP2,69,"61","   Educational services ","Thousands of dollars",(D),(D),137,202,188,132,125,103,152,157,178,24,28,35,39,63,107,107,90,66,61,62
 "31143","Polk, NE",4,CAGDP2,70,"62","   Health care and social assistance ","Thousands of dollars",(D),(D),(D),(D),6024,5940,6123,6623,6783,7116,8305,8134,8159,7823,7773,8155,8758,9161,9398,9172,9364,10293
 "31143","Polk, NE",4,CAGDP2,75,"71,72","  Arts, entertainment, recreation, accommodation, and food services ","Thousands of dollars",972,1175,1242,1182,(D),1143,959,967,916,905,993,916,984,1093,1154,1291,1340,1517,1583,1127,1408,1537
 "31143","Polk, NE",4,CAGDP2,76,"71","   Arts, entertainment, and recreation ","Thousands of dollars",(D),(D),(D),(D),(D),(D),325,325,323,297,(D),(D),(D),(D),(D),(D),(D),(D),(D),(D),(D),(D)
 "31143","Polk, NE",4,CAGDP2,79,"72","   Accommodation and food services ","Thousands of dollars",(D),(D),(D),(D),(D),(D),634,641,594,608,(D),(D),(D),(D),(D),(D),(D),(D),(D),(D),(D),(D)
 "31143","Polk, NE",4,CAGDP2,82,"81","  Other services (except government and government enterprises) ","Thousands of dollars",(D),(D),(D),(D),(D),(D),(D),(D),(D),(D),(D),(D),(D),(D),(D),(D),(D),(D),(D),(D),(D),(D)
 "31143","Polk, NE",4,CAGDP2,83,"92","Government and government enterprises ","Thousands of dollars",17779,17794,18186,18584,21712,24040,23947,25163,26743,30065,30442,31189,31308,34319,35910,37806,38969,41057,42707,43471,45649,48080
 "31143","Polk, NE",4,CAGDP2,87,"11,21","Natural resources and mining ","Thousands of dollars",41564,39666,60917,74116,72558,86777,130016,115494,121434,106717,144277,124559,149045,124271,113229,107966,137331,126961,108139,80513,167702,179067
 "31143","Polk, NE",4,CAGDP2,88,"42,44-45","Trade ","Thousands of dollars",18727,19136,18786,18808,18869,17862,17087,18346,19993,22052,23332,27207,27630,27270,26849,(D),27796,29370,30381,32815,33288,35647
 "31143","Polk, NE",4,CAGDP2,89,"22,48-49","Transportation and utilities ","Thousands of dollars",17274,16279,11107,16166,15326,21197,30472,38015,(D),(D),(D),(D),(D),(D),(D),23729,(D),(D),21760,43501,44729,51786
 "31143","Polk, NE",4,CAGDP2,90,"31-33,51","Manufacturing and information ","Thousands of dollars",(D),1166,1347,1209,1257,(D),(D),(D),(D),(D),(D),(D),(D),(D),(D),(D),(D),(D),(D),(D),(D),(D)
 "31143","Polk, NE",4,CAGDP2,91,"...","Private goods-producing industries 2/","Thousands of dollars",48506,46882,67996,80579,80048,95009,140475,120599,126340,112394,150108,130150,154353,130714,120084,116257,146420,136150,119192,89841,176898,189909
 "31143","Polk, NE",4,CAGDP2,92,"...","Private services-providing industries 3/","Thousands of dollars",67576,69432,64348,70232,73054,80577,86289,98560,86632,75032,83649,94730,91398,116092,94476,98122,103755,105335,106392,130274,136100,150126
 "31145","Red Willow, NE",4,CAGDP2,1,"...","All industry total ","Thousands of dollars",299099,290642,331509,338753,370436,361847,419101,459593,442644,466478,522497,572377,577799,567855,551398,537593,482725,501692,540054,577959,632745,700153
 "31145","Red Willow, NE",4,CAGDP2,2,"..."," Private industries ","Thousands of dollars",251215,240390,279571,285339,315274,301366,359872,396976,379409,395971,452963,501631,506335,492198,473544,457761,400457,416620,451688,488144,542766,605022
 "31145","Red Willow, NE",4,CAGDP2,3,"11","  Agriculture, forestry, fishing and hunting ","Thousands of dollars",27461,6121,36160,32052,46940,28802,68827,101091,78803,86142,108624,92982,115073,102993,79978,63108,19028,27420,45254,69290,95576,118661
 "31145","Red Willow, NE",4,CAGDP2,6,"21","  Mining, quarrying, and oil and gas extraction ","Thousands of dollars",2378,2262,3017,3432,4025,5572,6775,7529,5343,5932,6068,7908,6759,7671,5576,3137,6432,6758,6445,7024,5628,6298
 "31145","Red Willow, NE",4,CAGDP2,10,"22","  Utilities ","Thousands of dollars",186,192,149,199,125,146,163,184,825,801,901,952,1100,1067,968,613,827,894,959,1043,1228,1189
 "31145","Red Willow, NE",4,CAGDP2,11,"23","  Construction ","Thousands of dollars",11135,11813,11354,9699,9458,9044,10111,9823,10548,3800,630,7190,12130,16626,17521,18461,19277,16832,18000,16962,18554,19941
 "31145","Red Willow, NE",4,CAGDP2,12,"31-33","  Manufacturing ","Thousands of dollars",26852,28293,30383,33336,37270,38056,38291,38355,37169,42086,59282,63603,68911,53709,45555,39006,36953,35567,38277,43456,50594,61520
 "31145","Red Willow, NE",4,CAGDP2,13,"321,327-339","   Durable goods manufacturing ","Thousands of dollars",(D),(D),(D),(D),(D),(D),(D),(D),(D),(D),(D),(D),42241,27258,18983,14853,16445,14985,18804,23173,27715,34309
 "31145","Red Willow, NE",4,CAGDP2,25,"311-316,322-326","   Nondurable goods manufacturing ","Thousands of dollars",(D),(D),(D),(D),(D),(D),(D),(D),(D),(D),(D),(D),26669,26451,26572,24153,20508,20583,19473,20283,22879,27211
 "31145","Red Willow, NE",4,CAGDP2,34,"42","  Wholesale trade ","Thousands of dollars",26933,25727,26942,30576,33952,35234,39728,42882,43848,47223,48536,52857,51553,50483,49669,47436,45318,49218,52581,56331,63772,71695
 "31145","Red Willow, NE",4,CAGDP2,35,"44-45","  Retail trade ","Thousands of dollars",34681,34903,36669,36026,34425,33434,33681,37046,39813,42455,44202,48963,49704,48663,47098,46621,43654,44415,46347,51998,53567,52625
 "31145","Red Willow, NE",4,CAGDP2,36,"48-49","  Transportation and warehousing ","Thousands of dollars",(D),(D),(D),(D),(D),(D),(D),(D),(D),(D),(D),(D),(D),(D),(D),(D),(D),(D),(D),(D),(D),(D)
 "31145","Red Willow, NE",4,CAGDP2,45,"51","  Information ","Thousands of dollars",5150,5932,6496,7177,7263,5938,5716,5961,6119,6457,7220,7206,7348,6907,7313,7617,7512,6350,6538,6084,7745,7954
 "31145","Red Willow, NE",4,CAGDP2,50,"52,53","  Finance, insurance, real estate, rental, and leasing ","Thousands of dollars",51548,55902,56238,58223,62873,61884,71221,59944,60748,60518,61951,68751,68829,75815,82562,83587,77861,78757,80772,88253,93465,103103
 "31145","Red Willow, NE",4,CAGDP2,51,"52","   Finance and insurance ","Thousands of dollars",17898,20428,19803,20525,22953,24761,25775,22366,22473,21218,22883,26205,28177,31650,33602,33480,33591,31539,33201,33434,35094,39324
 "31145","Red Willow, NE",4,CAGDP2,56,"53","   Real estate and rental and leasing ","Thousands of dollars",33650,35474,36436,37698,39920,37124,45447,37578,38275,39301,39068,42547,40652,44165,48960,50107,44270,47218,47571,54819,58371,63779
 "31145","Red Willow, NE",4,CAGDP2,59,"54,55,56","  Professional and business services ","Thousands of dollars",12305,13400,14455,13319,(D),(D),(D),(D),(D),(D),(D),(D),(D),(D),(D),(D),(D),(D),(D),(D),(D),(D)
 "31145","Red Willow, NE",4,CAGDP2,60,"54","   Professional, scientific, and technical services ","Thousands of dollars",(D),(D),(D),(D),6480,(D),(D),7420,8543,8568,(D),9057,8658,9079,9094,9673,9448,9791,10674,10752,11593,13427
 "31145","Red Willow, NE",4,CAGDP2,64,"55","   Management of companies and enterprises ","Thousands of dollars",(D),(D),(D),(D),(D),(D),(D),(D),(D),(D),(D),(D),(D),(D),(D),(D),(D),(D),(D),(D),(D),(D)
 "31145","Red Willow, NE",4,CAGDP2,65,"56","   Administrative and support and waste management and remediation services ","Thousands of dollars",3894,4253,5300,(D),(D),5615,(D),(D),(D),(D),6458,(D),(D),(D),(D),(D),(D),(D),(D),(D),(D),(D)
 "31145","Red Willow, NE",4,CAGDP2,68,"61,62","  Educational services, health care, and social assistance ","Thousands of dollars",20413,22907,23648,25128,26767,27430,28357,32065,33757,36198,37777,40667,42141,44322,47084,50353,51117,53083,55069,56865,60631,59839
 "31145","Red Willow, NE",4,CAGDP2,69,"61","   Educational services ","Thousands of dollars",654,(D),(D),(D),830,(D),(D),(D),(D),1270,1256,1258,1295,1357,1372,1460,1464,1661,1697,1529,(D),(D)
 "31145","Red Willow, NE",4,CAGDP2,70,"62","   Health care and social assistance ","Thousands of dollars",19759,(D),(D),(D),25937,(D),(D),(D),(D),34928,36520,39409,40845,42965,45711,48893,49653,51422,53372,55336,(D),(D)
 "31145","Red Willow, NE",4,CAGDP2,75,"71,72","  Arts, entertainment, recreation, accommodation, and food services ","Thousands of dollars",(D),(D),(D),(D),10766,10650,10475,10874,11167,12152,13391,13761,14559,15075,16205,16008,17260,17809,18860,16999,19964,23250
 "31145","Red Willow, NE",4,CAGDP2,76,"71","   Arts, entertainment, and recreation ","Thousands of dollars",(D),(D),(D),(D),915,864,749,685,676,772,741,745,671,820,803,873,876,967,1099,1002,1262,1428
 "31145","Red Willow, NE",4,CAGDP2,79,"72","   Accommodation and food services ","Thousands of dollars",(D),(D),(D),(D),9851,9786,9726,10189,10491,11379,12650,13015,13888,14255,15402,15135,16383,16842,17761,15998,18702,21823
 "31145","Red Willow, NE",4,CAGDP2,82,"81","  Other services (except government and government enterprises) ","Thousands of dollars",7915,8548,8683,8997,10155,10194,10432,10473,10858,12029,12476,13684,13537,14460,15012,15567,13613,14037,13502,14020,14413,15800
 "31145","Red Willow, NE",4,CAGDP2,83,"92","Government and government enterprises ","Thousands of dollars",47884,50253,51938,53414,55162,60482,59228,62617,63236,70507,69534,70745,71464,75656,77854,79832,82268,85073,88366,89814,89979,95130
 "31145","Red Willow, NE",4,CAGDP2,87,"11,21","Natural resources and mining ","Thousands of dollars",29839,8383,39177,35484,50965,34374,75602,108619,84146,92074,114693,100891,121832,110664,85553,66245,25461,34178,51699,76314,101203,124959
 "31145","Red Willow, NE",4,CAGDP2,88,"42,44-45","Trade ","Thousands of dollars",61614,60630,63611,66602,68377,68668,73409,79928,83661,89678,92737,101820,101257,99145,96767,94058,88972,93633,98928,108329,117340,124320
 "31145","Red Willow, NE",4,CAGDP2,89,"22,48-49","Transportation and utilities ","Thousands of dollars",(D),(D),(D),(D),(D),(D),(D),(D),(D),(D),(D),(D),(D),(D),(D),(D),(D),(D),(D),(D),(D),(D)
 "31145","Red Willow, NE",4,CAGDP2,90,"31-33,51","Manufacturing and information ","Thousands of dollars",32001,34225,36879,40513,44533,43994,44007,44316,43288,48543,66502,70808,76259,60615,52868,46623,44465,41918,44814,49540,58339,69474
 "31145","Red Willow, NE",4,CAGDP2,91,"...","Private goods-producing industries 2/","Thousands of dollars",67825,48489,80914,78519,97693,81473,124004,156797,131863,137959,174605,171684,202873,180999,148629,123711,81690,86577,107976,136731,170352,206420
 "31145","Red Willow, NE",4,CAGDP2,92,"...","Private services-providing industries 3/","Thousands of dollars",183389,191901,198657,206820,217581,219892,235868,240179,247545,258012,278358,329947,303462,311200,324915,334050,318766,330042,343713,351413,372414,398602
 "31147","Richardson, NE",4,CAGDP2,1,"...","All industry total ","Thousands of dollars",209168,178819,214664,242127,240312,251380,217837,227686,239325,234167,302958,276726,325513,305116,292659,289277,335475,369721,371615,372033,478616,491608
 "31147","Richardson, NE",4,CAGDP2,2,"..."," Private industries ","Thousands of dollars",182277,149587,185076,212957,211284,220376,186286,195506,207639,200035,268577,242178,291026,267621,254301,248697,292606,323867,323918,321224,427021,438886
 "31147","Richardson, NE",4,CAGDP2,3,"11","  Agriculture, forestry, fishing and hunting ","Thousands of dollars",33808,8379,31631,62726,43298,42892,50572,51050,59963,45575,82057,48876,71306,38606,39648,27078,55525,61395,71456,50743,103780,79800
 "31147","Richardson, NE",4,CAGDP2,6,"21","  Mining, quarrying, and oil and gas extraction ","Thousands of dollars",51,67,84,117,176,318,564,606,398,465,547,672,644,736,570,481,884,880,837,1470,1394,1624
 "31147","Richardson, NE",4,CAGDP2,10,"22","  Utilities ","Thousands of dollars",117,104,100,75,0,49,90,88,102,335,7291,8449,11480,9336,8858,13406,10582,7573,7236,7176,11266,16850
 "31147","Richardson, NE",4,CAGDP2,11,"23","  Construction ","Thousands of dollars",6000,6051,6182,5808,6996,8025,6638,7698,9485,8658,9296,9908,8414,10056,10334,11575,10665,9078,7291,7827,7848,8713
 "31147","Richardson, NE",4,CAGDP2,12,"31-33","  Manufacturing ","Thousands of dollars",13755,11907,11155,11042,12321,12736,12516,11992,9135,15462,26062,25676,39843,33758,22224,23264,27374,24889,25507,27516,28193,32908
 "31147","Richardson, NE",4,CAGDP2,13,"321,327-339","   Durable goods manufacturing ","Thousands of dollars",7150,7637,7667,8765,10093,10395,(D),(D),(D),13563,23375,22635,36258,29807,18238,18268,22604,19267,20486,22321,22296,26037
 "31147","Richardson, NE",4,CAGDP2,25,"311-316,322-326","   Nondurable goods manufacturing ","Thousands of dollars",6606,4270,3488,2277,2228,2340,(D),(D),(D),1899,2686,3040,3585,3951,3986,4995,4770,5623,5021,5195,5897,6870
 "31147","Richardson, NE",4,CAGDP2,34,"42","  Wholesale trade ","Thousands of dollars",10279,10136,9946,9983,10347,10850,11762,13248,13463,14298,15075,17340,20651,24204,28715,30898,34549,38561,42077,45708,49242,53035
 "31147","Richardson, NE",4,CAGDP2,35,"44-45","  Retail trade ","Thousands of dollars",14607,15459,13930,13150,12667,13821,14087,14415,15586,16562,16773,17692,18080,16608,16034,15998,16580,18139,19295,20197,21713,20607
 "31147","Richardson, NE",4,CAGDP2,36,"48-49","  Transportation and warehousing ","Thousands of dollars",(D),(D),(D),(D),(D),(D),(D),(D),(D),(D),(D),(D),(D),(D),(D),(D),(D),(D),(D),(D),(D),(D)
 "31147","Richardson, NE",4,CAGDP2,45,"51","  Information ","Thousands of dollars",4679,4228,4620,4974,5146,5192,5696,6229,7030,7096,(D),6979,6986,(D),7435,8260,8609,8941,8370,8090,9227,9639
 "31147","Richardson, NE",4,CAGDP2,50,"52,53","  Finance, insurance, real estate, rental, and leasing ","Thousands of dollars",28672,30764,32522,33593,37730,40806,38573,43359,43485,40690,49451,49664,51139,50274,49730,47810,51926,54670,52467,53947,60240,65452
 "31147","Richardson, NE",4,CAGDP2,51,"52","   Finance and insurance ","Thousands of dollars",8996,10341,10078,9079,10292,10597,10403,9379,8937,8231,9698,10797,11832,11863,12063,12749,13874,12930,14423,14556,15410,16890
 "31147","Richardson, NE",4,CAGDP2,56,"53","   Real estate and rental and leasing ","Thousands of dollars",19676,20422,22444,24514,27437,30209,28170,33979,34549,32458,39754,38867,39307,38411,37666,35061,38052,41739,38044,39391,44831,48562
 "31147","Richardson, NE",4,CAGDP2,59,"54,55,56","  Professional and business services ","Thousands of dollars",(D),6000,(D),6546,6300,6266,6696,7241,7185,7534,7654,(D),8559,8953,(D),(D),(D),(D),(D),(D),(D),(D)
 "31147","Richardson, NE",4,CAGDP2,60,"54","   Professional, scientific, and technical services ","Thousands of dollars",3226,(D),3767,3949,3809,3738,3788,4270,3815,3697,3303,3558,4140,4437,4293,4370,4196,4433,4609,4304,4832,4881
 "31147","Richardson, NE",4,CAGDP2,64,"55","   Management of companies and enterprises ","Thousands of dollars",(D),(D),(D),(D),(D),(D),(D),(D),(D),(D),(D),(D),(D),(D),(D),(D),(D),(D),(D),(D),(D),(D)
 "31147","Richardson, NE",4,CAGDP2,65,"56","   Administrative and support and waste management and remediation services ","Thousands of dollars",(D),1825,(D),(D),(D),(D),(D),(D),(D),(D),(D),(D),(D),(D),(D),(D),(D),(D),(D),(D),(D),(D)
 "31147","Richardson, NE",4,CAGDP2,68,"61,62","  Educational services, health care, and social assistance ","Thousands of dollars",14008,14876,15151,16612,17550,17907,18756,19867,20889,21378,21331,22657,22002,22298,23328,24882,26962,29258,30037,29849,28328,30452
 "31147","Richardson, NE",4,CAGDP2,69,"61","   Educational services ","Thousands of dollars",1023,1016,1089,1238,1190,1215,1122,1087,1334,1396,1421,1595,(D),(D),(D),(D),(D),(D),(D),(D),(D),(D)
 "31147","Richardson, NE",4,CAGDP2,70,"62","   Health care and social assistance ","Thousands of dollars",12986,13860,14061,15375,16359,16693,17635,18781,19555,19981,19910,21062,(D),(D),(D),(D),(D),(D),(D),(D),(D),(D)
 "31147","Richardson, NE",4,CAGDP2,75,"71,72","  Arts, entertainment, recreation, accommodation, and food services ","Thousands of dollars",3690,(D),3471,(D),(D),(D),(D),(D),(D),(D),4621,4943,(D),5570,6078,5646,5520,5895,6581,5912,7422,8446
 "31147","Richardson, NE",4,CAGDP2,76,"71","   Arts, entertainment, and recreation ","Thousands of dollars",849,(D),758,(D),(D),(D),(D),(D),(D),(D),(D),811,(D),632,666,700,627,723,816,615,797,992
 "31147","Richardson, NE",4,CAGDP2,79,"72","   Accommodation and food services ","Thousands of dollars",2841,(D),2712,(D),(D),(D),(D),(D),(D),(D),(D),4132,(D),4939,5413,4946,4893,5173,5765,5297,6625,7454
 "31147","Richardson, NE",4,CAGDP2,82,"81","  Other services (except government and government enterprises) ","Thousands of dollars",6192,6866,6947,7470,7106,6262,5905,6006,6441,6868,(D),7928,7215,(D),7560,7644,7984,7761,8215,8546,9816,10247
 "31147","Richardson, NE",4,CAGDP2,83,"92","Government and government enterprises ","Thousands of dollars",26892,29232,29588,29170,29028,31004,31550,32180,31687,34132,34380,34548,34487,37494,38358,40581,42869,45853,47696,50809,51595,52723
 "31147","Richardson, NE",4,CAGDP2,87,"11,21","Natural resources and mining ","Thousands of dollars",33859,8446,31716,62843,43473,43210,51135,51657,60361,46041,82603,49548,71949,39342,40218,27559,56409,62275,72293,52213,105174,81423
 "31147","Richardson, NE",4,CAGDP2,88,"42,44-45","Trade ","Thousands of dollars",24886,25594,23875,23133,23014,24671,25849,27663,29049,30860,31848,35032,38731,40811,44749,46896,51129,56700,61372,65905,70955,73642
 "31147","Richardson, NE",4,CAGDP2,89,"22,48-49","Transportation and utilities ","Thousands of dollars",(D),(D),(D),(D),(D),(D),(D),(D),(D),(D),(D),(D),(D),(D),(D),(D),(D),(D),(D),(D),(D),(D)
 "31147","Richardson, NE",4,CAGDP2,90,"31-33,51","Manufacturing and information ","Thousands of dollars",18434,16135,15776,16016,17466,17927,18212,18222,16166,22558,(D),32655,46829,(D),29659,31524,35983,33830,33877,35605,37420,42547
 "31147","Richardson, NE",4,CAGDP2,91,"...","Private goods-producing industries 2/","Thousands of dollars",53614,26404,49053,79693,62789,63970,70290,71347,78981,70161,117960,85132,120206,83156,72776,62397,94449,96242,105091,87555,141216,123044
 "31147","Richardson, NE",4,CAGDP2,92,"...","Private services-providing industries 3/","Thousands of dollars",128662,123183,136023,133264,148495,156406,115997,124159,128657,129874,150617,157046,170820,184465,181525,186300,198158,227625,218828,233668,285805,315841
 "31149","Rock, NE",4,CAGDP2,1,"...","All industry total ","Thousands of dollars",38163,44433,48316,47609,46515,43379,44727,42832,36282,66916,81295,74524,88414,107289,110915,105949,82470,83970,86932,96671,99471,100954
 "31149","Rock, NE",4,CAGDP2,2,"..."," Private industries ","Thousands of dollars",30997,36434,40157,39290,38129,33784,35376,32992,25487,54517,69170,62435,76390,94417,97671,91796,67302,68014,70415,78932,81669,82046
 "31149","Rock, NE",4,CAGDP2,3,"11","  Agriculture, forestry, fishing and hunting ","Thousands of dollars",8464,13659,19558,18707,16402,14482,15500,12580,973,29326,40308,33146,47363,59715,60202,53714,30153,28430,28697,(D),39251,36850
 "31149","Rock, NE",4,CAGDP2,6,"21","  Mining, quarrying, and oil and gas extraction ","Thousands of dollars",0,0,0,0,0,0,0,0,0,0,0,0,0,0,0,0,0,0,0,0,0,0
 "31149","Rock, NE",4,CAGDP2,10,"22","  Utilities ","Thousands of dollars",0,0,0,0,0,0,0,0,15,0,0,0,0,0,0,0,0,0,0,0,10,205
 "31149","Rock, NE",4,CAGDP2,11,"23","  Construction ","Thousands of dollars",1065,1173,904,(D),(D),(D),(D),(D),(D),(D),(D),(D),(D),(D),(D),(D),(D),(D),(D),4153,(D),(D)
 "31149","Rock, NE",4,CAGDP2,12,"31-33","  Manufacturing ","Thousands of dollars",1726,2080,1521,(D),(D),(D),(D),(D),(D),(D),(D),(D),(D),(D),(D),(D),(D),(D),(D),(D),(D),(D)
 "31149","Rock, NE",4,CAGDP2,13,"321,327-339","   Durable goods manufacturing ","Thousands of dollars",(D),(D),(D),(D),(D),(D),(D),(D),(D),(D),(D),(D),(D),(D),(D),(D),(D),(D),(D),(D),(D),(D)
 "31149","Rock, NE",4,CAGDP2,25,"311-316,322-326","   Nondurable goods manufacturing ","Thousands of dollars",(D),(D),(D),214,127,215,458,166,235,214,194,284,383,401,446,467,214,131,187,78,53,58
 "31149","Rock, NE",4,CAGDP2,34,"42","  Wholesale trade ","Thousands of dollars",7751,7581,7073,7533,8515,6407,4951,4836,5180,5749,6529,8048,8887,9266,10071,10127,10922,11382,13132,13955,15270,16474
 "31149","Rock, NE",4,CAGDP2,35,"44-45","  Retail trade ","Thousands of dollars",(D),1733,(D),(D),(D),(D),(D),(D),2076,2122,1951,2014,2105,1957,1873,2141,3009,3366,3777,3543,3193,3271
 "31149","Rock, NE",4,CAGDP2,36,"48-49","  Transportation and warehousing ","Thousands of dollars",(D),697,(D),(D),(D),(D),(D),(D),(D),(D),(D),2766,1974,5378,7525,5830,2622,3657,3277,2797,(D),(D)
 "31149","Rock, NE",4,CAGDP2,45,"51","  Information ","Thousands of dollars",(D),(D),(D),(D),(D),(D),(D),(D),(D),(D),(D),(D),(D),(D),(D),(D),(D),(D),(D),(D),(D),(D)
 "31149","Rock, NE",4,CAGDP2,50,"52,53","  Finance, insurance, real estate, rental, and leasing ","Thousands of dollars",6220,6343,6082,6384,6863,6875,7960,7481,8339,8274,11341,10549,9931,12170,12257,13576,14732,14526,12712,13899,11794,12645
 "31149","Rock, NE",4,CAGDP2,51,"52","   Finance and insurance ","Thousands of dollars",(D),(D),(D),(D),(D),(D),(D),(D),(D),(D),(D),(D),(D),4268,4359,(D),(D),(D),3487,3288,3473,3870
 "31149","Rock, NE",4,CAGDP2,56,"53","   Real estate and rental and leasing ","Thousands of dollars",(D),(D),(D),(D),(D),(D),(D),(D),(D),(D),(D),(D),(D),7902,7898,(D),(D),(D),9225,10611,8321,8775
 "31149","Rock, NE",4,CAGDP2,59,"54,55,56","  Professional and business services ","Thousands of dollars",(D),(D),(D),(D),(D),(D),367,(D),(D),(D),(D),(D),(D),(D),(D),(D),(D),(D),(D),(D),(D),(D)
 "31149","Rock, NE",4,CAGDP2,60,"54","   Professional, scientific, and technical services ","Thousands of dollars",(D),(D),(D),(D),(D),(D),287,(D),(D),(D),(D),(D),(D),(D),(D),(D),(D),(D),(D),(D),(D),(D)
 "31149","Rock, NE",4,CAGDP2,64,"55","   Management of companies and enterprises ","Thousands of dollars",0,0,0,0,0,0,0,0,0,0,0,0,0,0,0,0,0,0,0,0,0,0
 "31149","Rock, NE",4,CAGDP2,65,"56","   Administrative and support and waste management and remediation services ","Thousands of dollars",172,188,139,105,79,66,80,121,214,254,227,199,206,176,127,129,138,194,225,196,150,124
 "31149","Rock, NE",4,CAGDP2,68,"61,62","  Educational services, health care, and social assistance ","Thousands of dollars",(D),(D),(D),(D),(D),(D),(D),(D),(D),(D),(D),(D),784,800,616,609,712,887,961,908,(D),1166
 "31149","Rock, NE",4,CAGDP2,69,"61","   Educational services ","Thousands of dollars",31,32,31,42,28,19,9,60,118,150,107,50,37,38,33,77,140,220,232,179,68,(D)
 "31149","Rock, NE",4,CAGDP2,70,"62","   Health care and social assistance ","Thousands of dollars",(D),(D),(D),(D),(D),(D),(D),(D),(D),(D),(D),(D),747,763,583,532,572,667,729,729,(D),(D)
 "31149","Rock, NE",4,CAGDP2,75,"71,72","  Arts, entertainment, recreation, accommodation, and food services ","Thousands of dollars",747,791,719,629,543,515,354,392,547,679,640,499,454,440,464,626,725,1121,1318,630,632,642
 "31149","Rock, NE",4,CAGDP2,76,"71","   Arts, entertainment, and recreation ","Thousands of dollars",(D),(D),(D),(D),(D),(D),(D),(D),(D),(D),(D),(D),(D),(D),(D),(D),(D),(D),(D),(D),(D),(D)
 "31149","Rock, NE",4,CAGDP2,79,"72","   Accommodation and food services ","Thousands of dollars",(D),(D),(D),(D),(D),(D),(D),(D),(D),(D),(D),(D),(D),(D),(D),(D),(D),(D),(D),(D),(D),(D)
 "31149","Rock, NE",4,CAGDP2,82,"81","  Other services (except government and government enterprises) ","Thousands of dollars",1079,1132,1090,1048,1083,873,915,958,985,806,854,979,1039,1080,990,1146,968,971,1645,1359,1866,2037
 "31149","Rock, NE",4,CAGDP2,83,"92","Government and government enterprises ","Thousands of dollars",7167,8000,8159,8319,8387,9595,9351,9839,10794,12399,12125,12089,12024,12872,13243,14152,15168,15956,16517,17739,17801,18908
 "31149","Rock, NE",4,CAGDP2,87,"11,21","Natural resources and mining ","Thousands of dollars",8464,13659,19558,18707,16402,14482,15500,12580,973,29326,40308,33146,47363,59715,60202,53714,30153,28430,28697,(D),39251,36850
 "31149","Rock, NE",4,CAGDP2,88,"42,44-45","Trade ","Thousands of dollars",(D),9314,(D),(D),(D),(D),(D),(D),7256,7872,8479,10062,10992,11223,11944,12268,13931,14748,16909,17499,18464,19746
 "31149","Rock, NE",4,CAGDP2,89,"22,48-49","Transportation and utilities ","Thousands of dollars",(D),697,(D),(D),(D),(D),(D),(D),(D),(D),(D),2766,1974,5378,7525,5830,2622,3657,3277,2797,(D),(D)
 "31149","Rock, NE",4,CAGDP2,90,"31-33,51","Manufacturing and information ","Thousands of dollars",(D),(D),(D),1671,1446,1602,1819,1763,1813,1792,1608,1609,1734,1526,1636,1588,1278,1104,1174,1160,1110,1141
 "31149","Rock, NE",4,CAGDP2,91,"...","Private goods-producing industries 2/","Thousands of dollars",11255,16912,21983,20277,17639,15775,16877,14150,3433,32206,42853,35643,49832,62027,62512,56315,32265,30767,32219,40555,43014,40529
 "31149","Rock, NE",4,CAGDP2,92,"...","Private services-providing industries 3/","Thousands of dollars",19742,19522,18174,19013,20489,18008,18499,18842,22054,22310,26317,26791,26558,32390,35160,35482,35037,37247,38196,38377,38655,41517
 "31151","Saline, NE",4,CAGDP2,1,"...","All industry total ","Thousands of dollars",385964,400684,450825,488622,528501,588508,565244,676851,664990,576596,695295,747902,757166,738325,785496,799602,822520,992560,1048381,1066811,1173860,1140213
 "31151","Saline, NE",4,CAGDP2,2,"..."," Private industries ","Thousands of dollars",335425,343761,391431,427632,464227,517553,495831,600320,585312,487044,605111,656241,665145,639310,684005,693429,715061,879945,932236,947102,1048218,1008196
 "31151","Saline, NE",4,CAGDP2,3,"11","  Agriculture, forestry, fishing and hunting ","Thousands of dollars",27587,944,35165,48991,30135,23059,51421,70418,55767,43445,108202,82549,115855,63441,47744,28666,34831,40459,50407,50428,119812,94655
 "31151","Saline, NE",4,CAGDP2,6,"21","  Mining, quarrying, and oil and gas extraction ","Thousands of dollars",0,0,0,0,0,0,0,0,0,0,0,0,0,0,0,0,0,0,0,0,0,0
 "31151","Saline, NE",4,CAGDP2,10,"22","  Utilities ","Thousands of dollars",62,55,88,38,56,38,47,18,14,13,1,6,8,6,4,6,10,2,2,1458,41228,80380
 "31151","Saline, NE",4,CAGDP2,11,"23","  Construction ","Thousands of dollars",9598,9239,9420,7954,7269,9930,7881,5279,5011,1550,1560,7008,4161,3990,7291,11982,14522,17344,17758,16230,19092,21477
 "31151","Saline, NE",4,CAGDP2,12,"31-33","  Manufacturing ","Thousands of dollars",154693,185491,189348,198913,235923,267649,229518,291529,293346,228851,266402,308801,301751,309168,357124,379599,380567,515657,572517,554420,527826,447866
 "31151","Saline, NE",4,CAGDP2,13,"321,327-339","   Durable goods manufacturing ","Thousands of dollars",(D),(D),(D),(D),(D),(D),(D),(D),(D),(D),(D),(D),17236,14893,14415,12973,10499,10575,11968,16321,19050,21022
 "31151","Saline, NE",4,CAGDP2,25,"311-316,322-326","   Nondurable goods manufacturing ","Thousands of dollars",(D),(D),(D),(D),(D),(D),(D),(D),(D),(D),(D),(D),284515,294275,342708,366626,370069,505082,560549,538099,508776,426844
 "31151","Saline, NE",4,CAGDP2,34,"42","  Wholesale trade ","Thousands of dollars",13125,13945,13884,15892,18661,18071,15851,16978,17741,21327,24580,28494,31278,35906,35684,33703,35519,38240,39017,49030,54288,62407
 "31151","Saline, NE",4,CAGDP2,35,"44-45","  Retail trade ","Thousands of dollars",21878,21645,22581,22370,21491,21497,23807,25015,26363,27567,26875,27810,30324,29302,32021,33648,35427,34296,34464,36058,40751,41792
 "31151","Saline, NE",4,CAGDP2,36,"48-49","  Transportation and warehousing ","Thousands of dollars",17788,18608,22001,26958,34217,58279,47775,65197,61274,43690,43384,63001,38094,50231,49865,48100,44678,55208,39668,58400,45719,49641
 "31151","Saline, NE",4,CAGDP2,45,"51","  Information ","Thousands of dollars",1187,1208,1397,(D),1934,1948,2565,2666,2926,1952,2206,2755,2843,2497,2591,2388,2428,(D),(D),(D),6494,(D)
 "31151","Saline, NE",4,CAGDP2,50,"52,53","  Finance, insurance, real estate, rental, and leasing ","Thousands of dollars",41686,43821,47063,50878,57278,59199,55950,59775,59180,54106,66002,67270,70012,72092,73921,71611,80134,84801,81529,84115,94526,100546
 "31151","Saline, NE",4,CAGDP2,51,"52","   Finance and insurance ","Thousands of dollars",14958,14779,17447,18776,21939,20731,20481,18938,18701,16914,18799,19159,20485,22994,24547,24375,28286,26461,28077,28722,30997,35907
 "31151","Saline, NE",4,CAGDP2,56,"53","   Real estate and rental and leasing ","Thousands of dollars",26728,29042,29617,32102,35339,38467,35468,40838,40479,37191,47203,48111,49526,49098,49374,47236,51848,58341,53452,55392,63529,64639
 "31151","Saline, NE",4,CAGDP2,59,"54,55,56","  Professional and business services ","Thousands of dollars",8338,9481,9919,10651,11886,12051,13250,14182,12694,8665,8637,8236,8437,12859,14116,15641,17209,19315,19157,24108,20509,23494
 "31151","Saline, NE",4,CAGDP2,60,"54","   Professional, scientific, and technical services ","Thousands of dollars",(D),(D),(D),(D),(D),(D),(D),(D),(D),4901,4704,5037,5299,5616,(D),(D),(D),(D),(D),(D),(D),(D)
 "31151","Saline, NE",4,CAGDP2,64,"55","   Management of companies and enterprises ","Thousands of dollars",(D),(D),(D),(D),(D),(D),(D),(D),(D),956,1009,(D),(D),(D),(D),(D),(D),(D),(D),(D),(D),(D)
 "31151","Saline, NE",4,CAGDP2,65,"56","   Administrative and support and waste management and remediation services ","Thousands of dollars",5117,5973,6415,6545,(D),7381,8635,9086,(D),2808,2924,(D),(D),(D),7916,9267,(D),11620,11575,16640,11909,14220
 "31151","Saline, NE",4,CAGDP2,68,"61,62","  Educational services, health care, and social assistance ","Thousands of dollars",24516,22993,24622,27567,29452,30206,31850,33190,33762,34628,35066,38102,40233,41411,43642,47111,47970,49883,50819,46535,53214,54226
 "31151","Saline, NE",4,CAGDP2,69,"61","   Educational services ","Thousands of dollars",(D),(D),(D),(D),(D),(D),(D),(D),(D),(D),(D),(D),(D),(D),(D),(D),(D),(D),(D),(D),(D),(D)
 "31151","Saline, NE",4,CAGDP2,70,"62","   Health care and social assistance ","Thousands of dollars",(D),(D),(D),(D),(D),(D),(D),(D),(D),(D),(D),(D),(D),(D),(D),(D),(D),(D),(D),(D),(D),(D)
 "31151","Saline, NE",4,CAGDP2,75,"71,72","  Arts, entertainment, recreation, accommodation, and food services ","Thousands of dollars",7034,7318,7108,6623,6709,6303,6576,6846,7082,7253,7237,7074,6685,7165,7951,7772,7485,7158,7798,7069,8747,9556
 "31151","Saline, NE",4,CAGDP2,76,"71","   Arts, entertainment, and recreation ","Thousands of dollars",737,852,838,794,818,777,667,742,832,942,1011,1023,881,998,930,868,862,975,(D),871,1142,1431
 "31151","Saline, NE",4,CAGDP2,79,"72","   Accommodation and food services ","Thousands of dollars",6298,6466,6270,5829,5891,5526,5909,6104,6250,6311,6226,6051,5804,6166,7021,6904,6624,6184,(D),6198,7605,8125
 "31151","Saline, NE",4,CAGDP2,82,"81","  Other services (except government and government enterprises) ","Thousands of dollars",7933,9014,8834,(D),9217,9322,9340,9227,10151,13998,14958,15136,15465,11243,12051,13203,14279,(D),(D),(D),16010,(D)
 "31151","Saline, NE",4,CAGDP2,83,"92","Government and government enterprises ","Thousands of dollars",50540,56922,59394,60991,64274,70955,69413,76531,79679,89551,90184,91661,92021,99015,101491,106173,107459,112615,116145,119709,125642,132017
 "31151","Saline, NE",4,CAGDP2,87,"11,21","Natural resources and mining ","Thousands of dollars",27587,944,35165,48991,30135,23059,51421,70418,55767,43445,108202,82549,115855,63441,47744,28666,34831,40459,50407,50428,119812,94655
 "31151","Saline, NE",4,CAGDP2,88,"42,44-45","Trade ","Thousands of dollars",35003,35589,36466,38262,40151,39568,39658,41994,44104,48894,51455,56304,61601,65207,67705,67351,70947,72536,73481,85087,95039,104200
 "31151","Saline, NE",4,CAGDP2,89,"22,48-49","Transportation and utilities ","Thousands of dollars",17850,18662,22088,26996,34273,58317,47821,65215,61288,43703,43385,63007,38101,50237,49869,48105,44688,55210,39670,59858,86948,130021
 "31151","Saline, NE",4,CAGDP2,90,"31-33,51","Manufacturing and information ","Thousands of dollars",155880,186698,190745,(D),237857,269597,232083,294195,296272,230803,268608,311556,304594,311665,359714,381987,382995,(D),(D),(D),534321,(D)
 "31151","Saline, NE",4,CAGDP2,91,"...","Private goods-producing industries 2/","Thousands of dollars",191877,195674,233934,255858,273328,300638,288820,367226,354123,273846,376164,398358,421767,376599,412158,420247,429921,573461,640682,621077,666731,563998
 "31151","Saline, NE",4,CAGDP2,92,"...","Private services-providing industries 3/","Thousands of dollars",143548,148087,157497,171774,190899,216915,207011,233094,231188,213198,228947,257883,243378,262711,271846,273183,285140,306485,291554,326024,381487,444199
 "31153","Sarpy, NE",4,CAGDP2,1,"...","All industry total ","Thousands of dollars",3436610,3878185,4204093,4507876,4849916,5077838,5291247,5434841,5551491,5801240,5976718,6331670,6486931,6876981,7412070,7872284,8360537,9066624,9504083,9961879,11061661,11761110
 "31153","Sarpy, NE",4,CAGDP2,2,"..."," Private industries ","Thousands of dollars",2617030,2947164,3215616,3479441,3779318,3930454,4145562,4286625,4357284,4470124,4597747,4898300,5086936,5408219,5924440,6279351,6704251,7369776,7711374,8082515,9113663,9719470
 "31153","Sarpy, NE",4,CAGDP2,3,"11","  Agriculture, forestry, fishing and hunting ","Thousands of dollars",9752,8208,(D),(D),(D),27619,28684,29446,(D),(D),(D),(D),(D),(D),(D),(D),(D),(D),(D),(D),38823,27959
 "31153","Sarpy, NE",4,CAGDP2,6,"21","  Mining, quarrying, and oil and gas extraction ","Thousands of dollars",994,1666,2459,2468,1368,1364,6342,3648,2738,3438,4114,4304,4518,4109,3046,1915,2407,2658,3524,4530,5193,(D)
 "31153","Sarpy, NE",4,CAGDP2,10,"22","  Utilities ","Thousands of dollars",1721,1890,(D),(D),(D),2796,6822,6768,(D),(D),(D),(D),(D),(D),(D),(D),(D),(D),(D),(D),18377,19601
 "31153","Sarpy, NE",4,CAGDP2,11,"23","  Construction ","Thousands of dollars",182852,195108,209884,238675,274014,286386,318193,276696,264350,200108,175443,71769,6283,176396,362264,504129,689307,851686,946974,969919,1036793,1136465
 "31153","Sarpy, NE",4,CAGDP2,12,"31-33","  Manufacturing ","Thousands of dollars",198535,197783,200126,196625,231886,267707,252956,275819,299183,347599,415093,472238,525898,490431,423152,413791,431220,516157,514472,573478,672316,699338
 "31153","Sarpy, NE",4,CAGDP2,13,"321,327-339","   Durable goods manufacturing ","Thousands of dollars",69680,73669,70806,88029,111567,108574,110413,95540,89496,111210,163231,159749,174430,144571,136094,132083,153427,150334,172674,189134,202802,229905
 "31153","Sarpy, NE",4,CAGDP2,25,"311-316,322-326","   Nondurable goods manufacturing ","Thousands of dollars",128855,124114,129321,108596,120318,159132,142543,180278,209686,236389,251862,312489,351468,345860,287058,281709,277794,365823,341797,384343,469514,469434
 "31153","Sarpy, NE",4,CAGDP2,34,"42","  Wholesale trade ","Thousands of dollars",257324,345013,(D),(D),(D),342327,347159,408033,(D),(D),(D),(D),(D),(D),(D),(D),(D),(D),(D),(D),(D),(D)
 "31153","Sarpy, NE",4,CAGDP2,35,"44-45","  Retail trade ","Thousands of dollars",213071,220974,255966,267949,291137,313398,367345,377364,364101,372913,383575,401240,432424,444014,469277,503734,530511,548495,588225,678120,773166,782709
 "31153","Sarpy, NE",4,CAGDP2,36,"48-49","  Transportation and warehousing ","Thousands of dollars",(D),(D),634806,653284,668633,623649,601805,605350,545042,537201,544407,571792,597147,633695,732767,737924,752756,844410,877468,918052,(D),1192434
 "31153","Sarpy, NE",4,CAGDP2,45,"51","  Information ","Thousands of dollars",66512,83130,93749,100603,108043,112411,124903,143052,141441,150728,181539,212140,216391,198580,189608,198541,196307,185553,215922,247006,324483,332150
 "31153","Sarpy, NE",4,CAGDP2,50,"52,53","  Finance, insurance, real estate, rental, and leasing ","Thousands of dollars",542752,608643,666510,766794,878207,950516,1011910,989358,1076357,1143929,1130671,1267983,1288565,1365429,1483649,1618969,1742523,1910585,1894860,1981258,2299417,(D)
 "31153","Sarpy, NE",4,CAGDP2,51,"52","   Finance and insurance ","Thousands of dollars",133142,157334,178281,232321,296526,319592,347510,275465,303675,325800,316503,390828,399646,408539,438206,506875,543957,646237,685278,707400,774823,734995
 "31153","Sarpy, NE",4,CAGDP2,56,"53","   Real estate and rental and leasing ","Thousands of dollars",409610,451309,488228,534473,581681,630923,664400,713893,772682,818129,814169,877155,888920,956890,1045444,1112094,1198566,1264349,1209582,1273858,1524594,(D)
 "31153","Sarpy, NE",4,CAGDP2,59,"54,55,56","  Professional and business services ","Thousands of dollars",(D),(D),415383,454347,501286,552547,602159,654855,668014,659785,651765,679666,676452,721833,787884,821301,843335,896833,949063,978059,940124,1023014
 "31153","Sarpy, NE",4,CAGDP2,60,"54","   Professional, scientific, and technical services ","Thousands of dollars",158328,187947,216432,240363,280534,311015,332676,376396,406191,391031,386748,397387,377747,392246,421562,409756,414406,470242,506193,520289,561251,613311
 "31153","Sarpy, NE",4,CAGDP2,64,"55","   Management of companies and enterprises ","Thousands of dollars",(D),(D),109768,122019,122710,141545,153607,163025,149445,153140,141370,151139,155085,157971,174323,193887,202724,212964,213162,224520,(D),153951
 "31153","Sarpy, NE",4,CAGDP2,65,"56","   Administrative and support and waste management and remediation services ","Thousands of dollars",(D),(D),89183,91964,98041,99987,115875,115434,112378,115614,123647,131140,143620,171617,191999,217658,226206,213626,229708,233250,(D),255752
 "31153","Sarpy, NE",4,CAGDP2,68,"61,62","  Educational services, health care, and social assistance ","Thousands of dollars",104992,151780,164339,183093,205116,219104,230830,257557,275932,278469,276853,298864,324345,321767,357471,383580,392271,429543,460288,464704,494697,525635
 "31153","Sarpy, NE",4,CAGDP2,69,"61","   Educational services ","Thousands of dollars",29956,33913,37451,45000,50197,55756,60522,68241,77218,85648,81808,87222,88927,90540,85603,83988,81443,90241,96164,95903,98726,99151
 "31153","Sarpy, NE",4,CAGDP2,70,"62","   Health care and social assistance ","Thousands of dollars",75036,117867,126888,138093,154919,163349,170309,189316,198713,192822,195045,211642,235418,231227,271868,299592,310828,339302,364124,368801,395971,426484
 "31153","Sarpy, NE",4,CAGDP2,75,"71,72","  Arts, entertainment, recreation, accommodation, and food services ","Thousands of dollars",73758,79713,84799,87086,92924,99151,113923,127018,131660,139301,156484,174073,192639,211810,236639,240443,247042,259754,279738,245594,303275,386460
 "31153","Sarpy, NE",4,CAGDP2,76,"71","   Arts, entertainment, and recreation ","Thousands of dollars",15325,16408,15921,14633,16677,18992,22653,23836,23664,24521,30866,37038,48789,56565,61266,50751,45528,41685,43646,36979,49763,59979
 "31153","Sarpy, NE",4,CAGDP2,79,"72","   Accommodation and food services ","Thousands of dollars",58433,63305,68878,72452,76247,80159,91270,103183,107996,114780,125618,137035,143850,155245,175373,189692,201514,218069,236092,208615,253512,326482
 "31153","Sarpy, NE",4,CAGDP2,82,"81","  Other services (except government and government enterprises) ","Thousands of dollars",96074,102894,108113,116456,123214,131480,132531,131663,137560,144835,149233,156405,157368,171745,184789,186543,188956,195747,205011,218551,243753,265095
 "31153","Sarpy, NE",4,CAGDP2,83,"92","Government and government enterprises ","Thousands of dollars",819580,931021,988477,1028435,1070598,1147384,1145685,1148216,1194207,1331116,1378971,1433370,1399995,1468763,1487630,1592933,1656286,1696847,1792709,1879364,1947998,2041639
 "31153","Sarpy, NE",4,CAGDP2,87,"11,21","Natural resources and mining ","Thousands of dollars",10746,9874,(D),(D),(D),28983,35026,33094,(D),(D),(D),(D),(D),(D),(D),(D),(D),(D),(D),(D),44016,(D)
 "31153","Sarpy, NE",4,CAGDP2,88,"42,44-45","Trade ","Thousands of dollars",470396,565987,(D),(D),(D),655725,714504,785397,(D),(D),(D),(D),(D),(D),(D),(D),(D),(D),(D),(D),(D),(D)
 "31153","Sarpy, NE",4,CAGDP2,89,"22,48-49","Transportation and utilities ","Thousands of dollars",(D),(D),(D),(D),(D),626444,608627,612118,(D),(D),(D),(D),(D),(D),(D),(D),(D),(D),(D),(D),(D),1212035
 "31153","Sarpy, NE",4,CAGDP2,90,"31-33,51","Manufacturing and information ","Thousands of dollars",265047,280913,293875,297228,339929,380118,377859,418870,440624,498327,596632,684378,742289,689011,612760,612332,627528,701711,730393,820484,996799,1031488
 "31153","Sarpy, NE",4,CAGDP2,91,"...","Private goods-producing industries 2/","Thousands of dollars",392132,402765,(D),(D),(D),583076,606175,585608,(D),(D),(D),(D),(D),(D),(D),(D),(D),(D),(D),(D),1753125,(D)
 "31153","Sarpy, NE",4,CAGDP2,92,"...","Private services-providing industries 3/","Thousands of dollars",2224897,2544399,(D),(D),(D),3347378,3539387,3701017,(D),(D),(D),(D),(D),(D),(D),(D),(D),(D),(D),(D),7360537,(D)
 "31155","Saunders, NE",4,CAGDP2,1,"...","All industry total ","Thousands of dollars",312299,321776,343954,390502,396290,392458,439985,477773,528176,546883,641861,578757,624555,605498,646373,649661,668279,734795,744769,787905,940597,981171
 "31155","Saunders, NE",4,CAGDP2,2,"..."," Private industries ","Thousands of dollars",257835,261912,283284,329428,334867,325451,372803,402349,448450,453137,549862,482274,527102,502015,537551,537770,552998,612166,615760,651904,801796,837883
 "31155","Saunders, NE",4,CAGDP2,3,"11","  Agriculture, forestry, fishing and hunting ","Thousands of dollars",41264,40467,51706,82984,64478,37530,77508,99072,133636,122200,194456,128523,166444,106849,105597,84680,79674,105364,103267,86908,204103,173957
 "31155","Saunders, NE",4,CAGDP2,6,"21","  Mining, quarrying, and oil and gas extraction ","Thousands of dollars",240,408,346,413,177,228,945,491,3573,5193,7015,6415,5111,4700,4496,2701,3111,3211,3449,4936,(D),5160
 "31155","Saunders, NE",4,CAGDP2,10,"22","  Utilities ","Thousands of dollars",38,55,29,240,182,296,280,275,249,237,244,239,265,263,357,351,234,254,520,429,(D),(D)
 "31155","Saunders, NE",4,CAGDP2,11,"23","  Construction ","Thousands of dollars",26372,25423,27323,28960,30327,33848,35210,32059,33980,27038,29909,19039,21328,33688,40005,46286,51199,55622,63319,70848,71629,86308
 "31155","Saunders, NE",4,CAGDP2,12,"31-33","  Manufacturing ","Thousands of dollars",27946,28828,27564,27477,30234,38080,41744,35984,34413,33974,35223,33579,34126,37283,41437,41536,41813,50045,39595,39326,42111,47371
 "31155","Saunders, NE",4,CAGDP2,13,"321,327-339","   Durable goods manufacturing ","Thousands of dollars",10997,14151,12738,14127,16478,18762,21375,20997,13781,10661,8341,9758,10990,15311,19620,20906,24494,32034,22382,19584,18882,21341
 "31155","Saunders, NE",4,CAGDP2,25,"311-316,322-326","   Nondurable goods manufacturing ","Thousands of dollars",16949,14676,14825,13350,13756,19318,20369,14987,20632,23313,26882,23820,23135,21971,21817,20630,17319,18011,17213,19742,23229,26030
 "31155","Saunders, NE",4,CAGDP2,34,"42","  Wholesale trade ","Thousands of dollars",12547,13146,13517,14369,15975,16227,16557,20209,22424,26113,30115,36456,38634,40870,41248,42386,42944,45867,51508,59004,62054,67544
 "31155","Saunders, NE",4,CAGDP2,35,"44-45","  Retail trade ","Thousands of dollars",21224,21752,23734,24443,24648,24560,26009,27675,27565,28249,29052,30374,32395,34446,36762,39196,41508,42663,45290,49489,52859,54795
 "31155","Saunders, NE",4,CAGDP2,36,"48-49","  Transportation and warehousing ","Thousands of dollars",18666,14503,15099,(D),(D),(D),(D),(D),(D),(D),(D),(D),(D),(D),(D),(D),(D),(D),(D),(D),(D),(D)
 "31155","Saunders, NE",4,CAGDP2,45,"51","  Information ","Thousands of dollars",1596,1744,1976,2239,(D),(D),(D),(D),(D),(D),(D),(D),(D),3095,3695,4267,4555,4100,12312,11545,14804,14462
 "31155","Saunders, NE",4,CAGDP2,50,"52,53","  Finance, insurance, real estate, rental, and leasing ","Thousands of dollars",66304,71098,74287,81400,91870,97376,95953,100076,99628,109916,130196,122979,121873,124343,134411,135273,145422,152851,155767,173806,175801,(D)
 "31155","Saunders, NE",4,CAGDP2,51,"52","   Finance and insurance ","Thousands of dollars",17224,18740,19333,20165,23871,25042,26089,23501,23737,23220,24424,27662,28602,30299,33015,34478,39688,41181,47055,48368,47656,57218
 "31155","Saunders, NE",4,CAGDP2,56,"53","   Real estate and rental and leasing ","Thousands of dollars",49080,52358,54954,61235,67999,72333,69864,76574,75892,86695,105771,95318,93272,94044,101395,100795,105734,111669,108712,125438,128145,(D)
 "31155","Saunders, NE",4,CAGDP2,59,"54,55,56","  Professional and business services ","Thousands of dollars",12110,12506,13485,(D),14020,15904,16533,17967,17542,17619,18267,20173,23907,28169,34374,36724,38705,(D),(D),(D),40031,42994
 "31155","Saunders, NE",4,CAGDP2,60,"54","   Professional, scientific, and technical services ","Thousands of dollars",8633,8640,(D),(D),8340,9671,9782,11224,10853,10781,11920,14270,16897,20283,22623,25083,26773,23636,18979,19647,23897,26019
 "31155","Saunders, NE",4,CAGDP2,64,"55","   Management of companies and enterprises ","Thousands of dollars",(D),(D),(D),(D),0,0,0,0,(D),0,(D),(D),643,(D),(D),(D),(D),(D),(D),(D),2525,2908
 "31155","Saunders, NE",4,CAGDP2,65,"56","   Administrative and support and waste management and remediation services ","Thousands of dollars",(D),(D),5060,4988,5681,6233,6751,6743,(D),6839,(D),(D),6367,(D),(D),(D),(D),(D),(D),(D),13609,14066
 "31155","Saunders, NE",4,CAGDP2,68,"61,62","  Educational services, health care, and social assistance ","Thousands of dollars",12068,12546,14409,15150,19201,17669,17580,18096,18781,19543,19808,22765,(D),(D),(D),(D),(D),26650,28074,27355,28740,35781
 "31155","Saunders, NE",4,CAGDP2,69,"61","   Educational services ","Thousands of dollars",(D),(D),(D),(D),(D),(D),(D),(D),(D),(D),(D),(D),(D),(D),(D),(D),(D),5017,5520,5339,4959,4976
 "31155","Saunders, NE",4,CAGDP2,70,"62","   Health care and social assistance ","Thousands of dollars",(D),(D),(D),(D),(D),(D),(D),(D),(D),(D),(D),(D),(D),(D),(D),(D),(D),21633,22554,22016,23781,30805
 "31155","Saunders, NE",4,CAGDP2,75,"71,72","  Arts, entertainment, recreation, accommodation, and food services ","Thousands of dollars",6688,6880,7700,7811,8264,8594,8074,8511,9309,10470,10772,11459,12158,11765,11737,12998,14149,15301,17298,12808,15333,17248
 "31155","Saunders, NE",4,CAGDP2,76,"71","   Arts, entertainment, and recreation ","Thousands of dollars",2149,2369,2827,2649,2732,2511,2172,2169,2251,2718,2785,3044,3042,3347,3297,3404,3257,3413,3708,3391,4222,4837
 "31155","Saunders, NE",4,CAGDP2,79,"72","   Accommodation and food services ","Thousands of dollars",4538,4511,4873,5162,5532,6082,5902,6342,7058,7752,7987,8416,9116,8418,8440,9594,10892,11889,13590,9417,11111,12411
 "31155","Saunders, NE",4,CAGDP2,82,"81","  Other services (except government and government enterprises) ","Thousands of dollars",10772,12555,12110,12568,(D),(D),(D),(D),(D),(D),(D),(D),(D),16019,17075,18327,19244,20539,21867,22715,24317,26905
 "31155","Saunders, NE",4,CAGDP2,83,"92","Government and government enterprises ","Thousands of dollars",54464,59864,60670,61074,61423,67007,67182,75424,79726,93745,91999,96483,97453,103484,108822,111891,115280,122629,129009,136001,138801,143288
 "31155","Saunders, NE",4,CAGDP2,87,"11,21","Natural resources and mining ","Thousands of dollars",41504,40875,52051,83397,64655,37759,78452,99564,137209,127393,201471,134938,171555,111549,110093,87382,82786,108574,106715,91844,(D),179117
 "31155","Saunders, NE",4,CAGDP2,88,"42,44-45","Trade ","Thousands of dollars",33771,34898,37251,38812,40623,40787,42566,47883,49990,54363,59167,66830,71030,75316,78010,81582,84453,88530,96799,108493,114913,122338
 "31155","Saunders, NE",4,CAGDP2,89,"22,48-49","Transportation and utilities ","Thousands of dollars",18704,14558,15128,(D),(D),(D),(D),(D),(D),(D),(D),(D),(D),(D),(D),(D),(D),(D),(D),(D),(D),(D)
 "31155","Saunders, NE",4,CAGDP2,90,"31-33,51","Manufacturing and information ","Thousands of dollars",29542,30572,29539,29716,(D),(D),(D),(D),(D),(D),(D),(D),(D),40377,45132,45802,46368,54145,51907,50871,56915,61832
 "31155","Saunders, NE",4,CAGDP2,91,"...","Private goods-producing industries 2/","Thousands of dollars",95822,95126,106938,139834,125217,109687,155407,167606,205602,188405,266602,187556,227009,182519,191536,175204,175797,214242,209630,202017,(D),312796
 "31155","Saunders, NE",4,CAGDP2,92,"...","Private services-providing industries 3/","Thousands of dollars",162013,166786,176345,189594,209650,215764,217396,234742,242848,264732,283259,294718,300093,319495,346015,362566,377201,397924,406130,449887,(D),525087
 "31157","Scotts Bluff, NE",4,CAGDP2,1,"...","All industry total ","Thousands of dollars",949673,989452,1048248,1071491,1130201,1163050,1210420,1280877,1269224,1298987,1433734,1526509,1531872,1649590,1690399,1791384,1736915,1771775,1802773,1854886,1938239,2104601
 "31157","Scotts Bluff, NE",4,CAGDP2,2,"..."," Private industries ","Thousands of dollars",791216,832978,885310,905223,959504,973910,1019950,1080947,1069179,1076255,1206391,1297179,1302251,1406093,1442125,1527799,1468292,1495901,1516961,1555234,1635780,1786740
 "31157","Scotts Bluff, NE",4,CAGDP2,3,"11","  Agriculture, forestry, fishing and hunting ","Thousands of dollars",(D),(D),(D),44818,(D),(D),51368,80702,57228,70988,113678,138268,157654,172180,153971,175249,135465,139736,121631,124547,139727,172068
 "31157","Scotts Bluff, NE",4,CAGDP2,6,"21","  Mining, quarrying, and oil and gas extraction ","Thousands of dollars",702,1160,967,1216,1218,1239,2514,1433,1254,1520,1708,1799,1149,891,681,562,403,1228,1270,905,864,892
 "31157","Scotts Bluff, NE",4,CAGDP2,10,"22","  Utilities ","Thousands of dollars",1172,1158,983,1007,653,981,1018,1203,4372,4335,5207,3941,4661,3663,5372,4786,6217,6190,6676,7230,6544,6050
 "31157","Scotts Bluff, NE",4,CAGDP2,11,"23","  Construction ","Thousands of dollars",43285,42198,39115,40112,44522,47934,57459,61916,54049,40433,44092,54784,57391,59951,68473,105221,96709,97367,77680,77381,78175,90201
 "31157","Scotts Bluff, NE",4,CAGDP2,12,"31-33","  Manufacturing ","Thousands of dollars",83140,95468,87384,94174,79824,83507,72550,69515,63137,59357,64716,68038,73746,77752,80872,78559,82205,87610,87284,89255,109079,125023
 "31157","Scotts Bluff, NE",4,CAGDP2,13,"321,327-339","   Durable goods manufacturing ","Thousands of dollars",27919,31297,27795,30923,36506,41381,43252,41737,33551,32685,38045,41092,44311,42960,42765,37160,38783,40035,39416,37824,43021,53946
 "31157","Scotts Bluff, NE",4,CAGDP2,25,"311-316,322-326","   Nondurable goods manufacturing ","Thousands of dollars",55221,64171,59589,63251,43317,42126,29298,27779,29586,26671,26672,26946,29435,34792,38107,41399,43422,47575,47868,51431,66058,71077
 "31157","Scotts Bluff, NE",4,CAGDP2,34,"42","  Wholesale trade ","Thousands of dollars",47700,49929,52862,58185,66644,73975,81953,94415,97960,108517,112500,117991,117816,132668,142647,145119,162620,183562,216498,235386,241102,277133
 "31157","Scotts Bluff, NE",4,CAGDP2,35,"44-45","  Retail trade ","Thousands of dollars",91414,93092,126240,129413,131347,100651,100250,103040,110894,116018,123043,134613,136064,125753,129270,129073,124986,122216,122947,132218,145031,143555
 "31157","Scotts Bluff, NE",4,CAGDP2,36,"48-49","  Transportation and warehousing ","Thousands of dollars",(D),(D),(D),78407,(D),(D),104230,103734,94243,92263,106639,119538,109650,120844,131219,139721,116963,124518,124536,120397,145957,156387
 "31157","Scotts Bluff, NE",4,CAGDP2,45,"51","  Information ","Thousands of dollars",38127,35862,32205,25297,21385,17797,18043,20228,21623,22098,23291,35368,49981,62908,66622,60676,45815,45012,44473,44575,51687,55178
 "31157","Scotts Bluff, NE",4,CAGDP2,50,"52,53","  Finance, insurance, real estate, rental, and leasing ","Thousands of dollars",132803,144073,147621,155984,176373,184682,213222,202113,212061,198108,239745,234213,210251,253086,248817,257539,261553,235019,257334,284845,254876,274396
 "31157","Scotts Bluff, NE",4,CAGDP2,51,"52","   Finance and insurance ","Thousands of dollars",49712,54998,59442,65170,75856,88574,99214,82752,83131,80291,84245,93815,87236,91072,84890,83356,89457,83309,91477,91216,95203,105825
 "31157","Scotts Bluff, NE",4,CAGDP2,56,"53","   Real estate and rental and leasing ","Thousands of dollars",83091,89076,88179,90814,100517,96109,114009,119361,128931,117817,155500,140398,123015,162014,163927,174183,172096,151709,165858,193629,159673,168572
 "31157","Scotts Bluff, NE",4,CAGDP2,59,"54,55,56","  Professional and business services ","Thousands of dollars",49180,57719,55015,56395,62811,70684,79117,80729,78237,83481,84944,87910,88087,92565,107470,112905,115471,118551,118824,115497,121034,131328
 "31157","Scotts Bluff, NE",4,CAGDP2,60,"54","   Professional, scientific, and technical services ","Thousands of dollars",34008,40481,35918,36489,30156,31282,32614,35675,34159,33991,34473,35592,33710,34178,35461,38057,39004,41869,41698,43683,47104,53557
 "31157","Scotts Bluff, NE",4,CAGDP2,64,"55","   Management of companies and enterprises ","Thousands of dollars",5856,6274,6307,5940,6287,6881,7057,6731,7474,7398,7495,7889,8710,7868,8000,8779,9662,8673,9715,8264,8742,9027
 "31157","Scotts Bluff, NE",4,CAGDP2,65,"56","   Administrative and support and waste management and remediation services ","Thousands of dollars",9317,10964,12790,13966,26367,32521,39446,38323,36604,42092,42976,44429,45667,50520,64010,66069,66805,68009,67411,63551,65189,68744
 "31157","Scotts Bluff, NE",4,CAGDP2,68,"61,62","  Educational services, health care, and social assistance ","Thousands of dollars",120759,129024,139611,147579,153331,158534,166490,187200,196357,194607,205288,216178,210170,210512,206846,213436,214981,227939,229688,221287,228055,226986
 "31157","Scotts Bluff, NE",4,CAGDP2,69,"61","   Educational services ","Thousands of dollars",2142,2165,2102,2430,2217,1950,2300,2545,2666,2738,2821,3060,3186,3331,3516,3734,3944,4313,4385,4078,4220,4309
 "31157","Scotts Bluff, NE",4,CAGDP2,70,"62","   Health care and social assistance ","Thousands of dollars",118617,126860,137509,145148,151113,156584,164189,184655,193690,191869,202468,213118,206984,207181,203329,209703,211037,223626,225303,217209,223835,222677
 "31157","Scotts Bluff, NE",4,CAGDP2,75,"71,72","  Arts, entertainment, recreation, accommodation, and food services ","Thousands of dollars",35503,36125,37832,37910,38223,40428,39662,44073,45723,51244,48446,50510,50190,55868,61301,64749,62524,62784,63574,55124,64741,76100
 "31157","Scotts Bluff, NE",4,CAGDP2,76,"71","   Arts, entertainment, and recreation ","Thousands of dollars",4339,4447,4856,5002,4929,5039,5132,5590,5460,5785,6368,7403,7413,7434,7363,8063,6709,7037,6876,6065,7163,8219
 "31157","Scotts Bluff, NE",4,CAGDP2,79,"72","   Accommodation and food services ","Thousands of dollars",31165,31678,32976,32908,33295,35389,34530,38483,40263,45459,42078,43108,42777,48435,53938,56686,55815,55747,56698,49059,57578,67881
 "31157","Scotts Bluff, NE",4,CAGDP2,82,"81","  Other services (except government and government enterprises) ","Thousands of dollars",32811,35062,34066,34725,34154,31958,32074,30645,32041,33287,33093,34029,35442,37453,38566,40203,42380,44169,44547,46586,48910,51443
 "31157","Scotts Bluff, NE",4,CAGDP2,83,"92","Government and government enterprises ","Thousands of dollars",158457,156475,162939,166268,170698,189139,190470,199930,200045,222732,227343,229329,229621,243497,248274,263586,268624,275874,285811,299652,302459,317860
 "31157","Scotts Bluff, NE",4,CAGDP2,87,"11,21","Natural resources and mining ","Thousands of dollars",(D),(D),(D),46035,(D),(D),53882,82135,58482,72508,115385,140067,158803,173071,154652,175811,135868,140964,122901,125453,140591,172961
 "31157","Scotts Bluff, NE",4,CAGDP2,88,"42,44-45","Trade ","Thousands of dollars",139114,143021,179102,187598,197991,174626,182202,197455,208854,224535,235543,252604,253880,258421,271916,274191,287605,305779,339445,367604,386133,420688
 "31157","Scotts Bluff, NE",4,CAGDP2,89,"22,48-49","Transportation and utilities ","Thousands of dollars",(D),(D),(D),79414,(D),(D),105248,104937,98615,96597,111847,123478,114311,124507,136590,144507,123180,130707,131212,127627,152500,162437
 "31157","Scotts Bluff, NE",4,CAGDP2,90,"31-33,51","Manufacturing and information ","Thousands of dollars",121267,131330,119589,119471,101209,101304,90593,89743,84760,81455,88007,103406,123727,140660,147494,139235,128020,132622,131757,133830,160766,180201
 "31157","Scotts Bluff, NE",4,CAGDP2,91,"...","Private goods-producing industries 2/","Thousands of dollars",(D),(D),(D),180321,(D),(D),183891,213567,175668,172298,224194,262888,289939,310774,303996,359591,314782,325940,287864,292089,327845,388185
 "31157","Scotts Bluff, NE",4,CAGDP2,92,"...","Private services-providing industries 3/","Thousands of dollars",(D),(D),(D),724902,(D),(D),836058,867380,893511,903957,982197,1034291,1012312,1095319,1138129,1168207,1153510,1169961,1229097,1263145,1307935,1398556
 "31159","Seward, NE",4,CAGDP2,1,"...","All industry total ","Thousands of dollars",367653,369810,418392,443543,452163,471334,538111,558308,513201,565972,673370,670029,722263,709938,732030,683346,739019,797892,760382,753497,855928,936460
 "31159","Seward, NE",4,CAGDP2,2,"..."," Private industries ","Thousands of dollars",315603,314418,361073,385431,391721,403252,470795,485927,439214,483044,590538,586324,637718,621193,642481,590286,645593,699753,659396,647955,747671,824776
 "31159","Seward, NE",4,CAGDP2,3,"11","  Agriculture, forestry, fishing and hunting ","Thousands of dollars",38193,22959,58550,80499,56526,43751,94267,108360,85918,88613,136555,113116,155155,119506,110691,70360,121221,141788,121584,109023,179182,195806
 "31159","Seward, NE",4,CAGDP2,6,"21","  Mining, quarrying, and oil and gas extraction ","Thousands of dollars",0,0,0,0,0,0,0,0,0,0,0,0,0,0,0,0,0,0,0,0,(D),0
 "31159","Seward, NE",4,CAGDP2,10,"22","  Utilities ","Thousands of dollars",0,0,0,0,0,0,330,405,(D),(D),(D),(D),(D),420,519,537,521,528,(D),293,(D),571
 "31159","Seward, NE",4,CAGDP2,11,"23","  Construction ","Thousands of dollars",16069,17443,19867,21556,23709,21990,22740,21558,19677,21124,8356,10432,18102,25582,31150,41687,45890,44805,49819,50858,44757,46184
 "31159","Seward, NE",4,CAGDP2,12,"31-33","  Manufacturing ","Thousands of dollars",69999,76956,74570,71127,69311,74860,82996,66471,44179,89479,130680,136296,132031,124356,128394,118765,109230,126141,113672,95727,101033,129228
 "31159","Seward, NE",4,CAGDP2,13,"321,327-339","   Durable goods manufacturing ","Thousands of dollars",64153,71055,69044,65954,63668,68521,76279,60470,38561,82864,123424,129956,125650,117873,121769,112390,103250,121344,107639,92083,95999,122991
 "31159","Seward, NE",4,CAGDP2,25,"311-316,322-326","   Nondurable goods manufacturing ","Thousands of dollars",5846,5901,5527,5173,5643,6339,6717,6001,5618,6615,7256,6340,6380,6482,6624,6374,5980,4797,6033,3643,5034,6237
 "31159","Seward, NE",4,CAGDP2,34,"42","  Wholesale trade ","Thousands of dollars",12242,11899,13136,15488,20075,22615,23379,24507,(D),(D),(D),(D),(D),(D),63814,57616,53876,58478,59935,65186,65303,72318
 "31159","Seward, NE",4,CAGDP2,35,"44-45","  Retail trade ","Thousands of dollars",20419,21028,21382,20759,23198,22640,22807,23590,26395,26356,24862,25349,28486,28843,29048,30543,31596,31782,33105,34860,35267,35308
 "31159","Seward, NE",4,CAGDP2,36,"48-49","  Transportation and warehousing ","Thousands of dollars",25834,25243,28033,28812,41731,52524,64577,74219,69239,54982,63603,53622,42812,(D),(D),(D),(D),(D),(D),(D),63584,69785
 "31159","Seward, NE",4,CAGDP2,45,"51","  Information ","Thousands of dollars",2008,2603,3026,3539,3597,3528,3196,3340,3402,3549,3873,4475,5753,7872,9527,9297,3903,3959,4379,4179,6164,6688
 "31159","Seward, NE",4,CAGDP2,50,"52,53","  Finance, insurance, real estate, rental, and leasing ","Thousands of dollars",52130,56059,57243,56577,66231,72659,68849,74801,73728,68733,83159,88982,94528,95038,98275,97171,104710,111479,108036,113155,123042,129644
 "31159","Seward, NE",4,CAGDP2,51,"52","   Finance and insurance ","Thousands of dollars",17761,20789,21657,19795,25925,28294,27300,23251,23897,22802,25097,27296,29827,31563,35027,39523,41682,39744,41483,44965,45743,50345
 "31159","Seward, NE",4,CAGDP2,56,"53","   Real estate and rental and leasing ","Thousands of dollars",34369,35270,35587,36782,40306,44366,41550,51550,49831,45931,58061,61686,64701,63476,63248,57648,63029,71735,66553,68190,77300,79299
 "31159","Seward, NE",4,CAGDP2,59,"54,55,56","  Professional and business services ","Thousands of dollars",26590,24286,27244,25606,25001,25848,23846,21510,(D),19377,21753,19459,20964,21077,22524,20751,(D),23024,(D),(D),24890,28506
 "31159","Seward, NE",4,CAGDP2,60,"54","   Professional, scientific, and technical services ","Thousands of dollars",23706,21167,23775,21841,20854,21295,18505,15629,12168,11699,14232,11990,13508,12892,14493,12033,(D),14019,17470,19520,14676,(D)
 "31159","Seward, NE",4,CAGDP2,64,"55","   Management of companies and enterprises ","Thousands of dollars",0,0,0,(D),(D),(D),(D),(D),(D),189,270,473,488,679,968,986,(D),642,(D),(D),417,(D)
 "31159","Seward, NE",4,CAGDP2,65,"56","   Administrative and support and waste management and remediation services ","Thousands of dollars",2884,3119,3469,(D),(D),(D),(D),(D),(D),7488,7251,6996,6968,7506,7063,7732,8008,8363,(D),(D),9798,11194
 "31159","Seward, NE",4,CAGDP2,68,"61,62","  Educational services, health care, and social assistance ","Thousands of dollars",30425,32451,34471,37019,37721,38502,39838,43800,46672,49061,50426,52331,(D),(D),(D),(D),(D),(D),(D),(D),(D),70701
 "31159","Seward, NE",4,CAGDP2,69,"61","   Educational services ","Thousands of dollars",(D),(D),(D),(D),(D),(D),(D),(D),(D),(D),(D),(D),(D),(D),(D),(D),(D),(D),(D),(D),(D),(D)
 "31159","Seward, NE",4,CAGDP2,70,"62","   Health care and social assistance ","Thousands of dollars",(D),(D),(D),(D),(D),(D),(D),(D),(D),(D),(D),(D),(D),(D),(D),(D),(D),(D),(D),(D),(D),(D)
 "31159","Seward, NE",4,CAGDP2,75,"71,72","  Arts, entertainment, recreation, accommodation, and food services ","Thousands of dollars",8199,8596,9366,9022,8992,8963,8784,8677,8382,8541,9410,11031,10904,10976,11574,11699,11614,12415,12929,11459,13414,16337
 "31159","Seward, NE",4,CAGDP2,76,"71","   Arts, entertainment, and recreation ","Thousands of dollars",1239,1279,1379,1363,1614,1788,1868,1639,1627,1672,1978,2873,2399,1789,1728,1376,1444,1630,1738,1412,1731,2072
 "31159","Seward, NE",4,CAGDP2,79,"72","   Accommodation and food services ","Thousands of dollars",6960,7317,7988,7659,7378,7175,6916,7038,6755,6869,7432,8158,8505,9187,9846,10323,10169,10785,11191,10046,11682,14265
 "31159","Seward, NE",4,CAGDP2,82,"81","  Other services (except government and government enterprises) ","Thousands of dollars",13493,14894,14184,15426,15628,15370,15185,14689,16281,18286,19365,19535,18549,19093,19578,19510,19183,19382,19539,20186,21775,23699
 "31159","Seward, NE",4,CAGDP2,83,"92","Government and government enterprises ","Thousands of dollars",52050,55393,57319,58112,60442,68081,67316,72381,73988,82929,82832,83705,84546,88745,89549,93060,93426,98139,100986,105542,108257,111683
 "31159","Seward, NE",4,CAGDP2,87,"11,21","Natural resources and mining ","Thousands of dollars",38193,22959,58550,80499,56526,43751,94267,108360,85918,88613,136555,113116,155155,119506,110691,70360,121221,141788,121584,109023,(D),195806
 "31159","Seward, NE",4,CAGDP2,88,"42,44-45","Trade ","Thousands of dollars",32662,32927,34518,36247,43273,45256,46186,48097,(D),(D),(D),(D),(D),(D),92862,88159,85471,90261,93040,100046,100570,107626
 "31159","Seward, NE",4,CAGDP2,89,"22,48-49","Transportation and utilities ","Thousands of dollars",25834,25243,28033,28812,41731,52524,64907,74624,(D),(D),(D),(D),(D),(D),(D),(D),(D),(D),(D),(D),(D),70356
 "31159","Seward, NE",4,CAGDP2,90,"31-33,51","Manufacturing and information ","Thousands of dollars",72007,79559,77596,74666,72908,78388,86193,69811,47581,93028,134553,140770,137784,132228,137921,128062,113133,130101,118051,99905,107198,135917
 "31159","Seward, NE",4,CAGDP2,91,"...","Private goods-producing industries 2/","Thousands of dollars",124261,117358,152987,173182,149546,140602,200003,196389,149774,199216,275591,259844,305288,269444,270235,230811,276342,312735,285075,255608,(D),371218
 "31159","Seward, NE",4,CAGDP2,92,"...","Private services-providing industries 3/","Thousands of dollars",191342,197059,208086,212249,242175,262651,270792,289539,289440,283828,314947,326480,332429,351749,372246,359474,369251,387018,374321,392348,(D),453558
 "31161","Sheridan, NE",4,CAGDP2,1,"...","All industry total ","Thousands of dollars",105365,126288,140904,130232,142718,136971,137435,154289,143705,144761,192385,199274,211316,244782,232279,233223,224071,224144,281916,323398,381470,395737
 "31161","Sheridan, NE",4,CAGDP2,2,"..."," Private industries ","Thousands of dollars",77391,96367,111074,101456,113792,104826,103866,119117,108803,106613,154504,161294,172762,204239,192074,191587,181787,180007,235552,275693,332826,345378
 "31161","Sheridan, NE",4,CAGDP2,3,"11","  Agriculture, forestry, fishing and hunting ","Thousands of dollars",15277,30084,42605,33058,(D),32757,27467,38920,22004,24451,59515,64333,81567,102797,(D),82518,73849,(D),62569,69357,94237,85871
 "31161","Sheridan, NE",4,CAGDP2,6,"21","  Mining, quarrying, and oil and gas extraction ","Thousands of dollars",35,61,71,66,70,83,128,156,159,267,363,429,376,415,503,348,334,269,287,396,394,478
 "31161","Sheridan, NE",4,CAGDP2,10,"22","  Utilities ","Thousands of dollars",13,(D),23,11,(D),0,0,0,138,138,152,140,139,156,162,151,192,227,243,223,269,244
 "31161","Sheridan, NE",4,CAGDP2,11,"23","  Construction ","Thousands of dollars",2073,2210,2134,1855,1738,1925,2095,2014,2333,2202,2169,1792,1776,2330,2721,3541,3487,3289,3030,(D),(D),(D)
 "31161","Sheridan, NE",4,CAGDP2,12,"31-33","  Manufacturing ","Thousands of dollars",1428,1816,1771,1821,2902,5075,5202,4318,3366,2531,2477,1915,2505,5818,7910,12280,12123,14451,74313,(D),(D),(D)
 "31161","Sheridan, NE",4,CAGDP2,13,"321,327-339","   Durable goods manufacturing ","Thousands of dollars",(D),(D),703,896,1048,(D),(D),(D),(D),(D),(D),(D),1101,(D),(D),(D),(D),925,1047,(D),(D),(D)
 "31161","Sheridan, NE",4,CAGDP2,25,"311-316,322-326","   Nondurable goods manufacturing ","Thousands of dollars",(D),(D),1068,926,1854,(D),(D),(D),(D),(D),(D),(D),1403,(D),(D),(D),(D),13526,73266,96637,130334,144831
 "31161","Sheridan, NE",4,CAGDP2,34,"42","  Wholesale trade ","Thousands of dollars",9793,10933,12210,12837,12932,12723,12277,14823,15925,16929,18356,20734,18502,19206,17614,15084,14321,14218,14976,17416,16935,18922
 "31161","Sheridan, NE",4,CAGDP2,35,"44-45","  Retail trade ","Thousands of dollars",11076,11572,11960,12155,11621,11873,10943,11126,12052,13543,13834,15472,16602,15415,15741,14415,13906,11904,11845,12493,14259,14823
 "31161","Sheridan, NE",4,CAGDP2,36,"48-49","  Transportation and warehousing ","Thousands of dollars",1690,1433,1838,2009,1582,1358,1316,1477,(D),(D),(D),(D),(D),(D),(D),(D),(D),(D),(D),(D),(D),(D)
 "31161","Sheridan, NE",4,CAGDP2,45,"51","  Information ","Thousands of dollars",4186,3828,3676,3258,2864,2656,4645,6231,8111,2884,3196,3128,2945,2859,3072,3635,2535,1800,3114,2808,4158,4175
 "31161","Sheridan, NE",4,CAGDP2,50,"52,53","  Finance, insurance, real estate, rental, and leasing ","Thousands of dollars",20723,22549,22845,22372,25132,24340,27619,27934,29522,26986,35897,32881,30480,36365,37300,40557,40897,37165,(D),48564,43605,(D)
 "31161","Sheridan, NE",4,CAGDP2,51,"52","   Finance and insurance ","Thousands of dollars",(D),(D),(D),(D),9276,9473,9246,9308,(D),(D),(D),(D),(D),(D),(D),(D),(D),(D),(D),(D),(D),(D)
 "31161","Sheridan, NE",4,CAGDP2,56,"53","   Real estate and rental and leasing ","Thousands of dollars",(D),(D),(D),(D),15856,14867,18373,18626,(D),(D),(D),(D),(D),(D),(D),(D),(D),(D),24923,(D),(D),25382
 "31161","Sheridan, NE",4,CAGDP2,59,"54,55,56","  Professional and business services ","Thousands of dollars",2000,(D),2263,2243,(D),2057,2133,2218,(D),(D),(D),(D),(D),(D),2180,2235,2100,2669,2745,2738,2684,2595
 "31161","Sheridan, NE",4,CAGDP2,60,"54","   Professional, scientific, and technical services ","Thousands of dollars",(D),(D),2174,(D),1971,(D),(D),(D),(D),(D),(D),(D),(D),(D),1761,1845,1799,1833,1836,1797,2219,2211
 "31161","Sheridan, NE",4,CAGDP2,64,"55","   Management of companies and enterprises ","Thousands of dollars",(D),0,0,0,0,0,0,0,0,0,0,0,0,0,0,0,0,0,0,0,0,0
 "31161","Sheridan, NE",4,CAGDP2,65,"56","   Administrative and support and waste management and remediation services ","Thousands of dollars",84,92,89,(D),(D),(D),(D),(D),(D),(D),(D),(D),(D),(D),418,390,301,836,909,941,465,384
 "31161","Sheridan, NE",4,CAGDP2,68,"61,62","  Educational services, health care, and social assistance ","Thousands of dollars",1838,1875,1896,2103,2351,2461,2579,2572,2599,2751,2493,2763,2571,2747,3053,3562,4929,6306,6954,7278,6779,7006
 "31161","Sheridan, NE",4,CAGDP2,69,"61","   Educational services ","Thousands of dollars",19,20,47,74,61,40,28,46,70,132,112,80,29,218,218,142,148,509,590,691,461,475
 "31161","Sheridan, NE",4,CAGDP2,70,"62","   Health care and social assistance ","Thousands of dollars",1819,1855,1849,2029,2290,2421,2551,2526,2529,2619,2381,2683,2542,2529,2835,3419,4781,5797,6364,6587,6318,6531
 "31161","Sheridan, NE",4,CAGDP2,75,"71,72","  Arts, entertainment, recreation, accommodation, and food services ","Thousands of dollars",2818,2716,2847,2762,2561,2431,2418,2520,3123,3788,3754,3449,3157,3898,3814,(D),(D),4191,5061,3864,5119,5050
 "31161","Sheridan, NE",4,CAGDP2,76,"71","   Arts, entertainment, and recreation ","Thousands of dollars",(D),(D),(D),(D),206,164,(D),(D),140,240,313,282,335,904,631,(D),(D),549,1080,1035,952,(D)
 "31161","Sheridan, NE",4,CAGDP2,79,"72","   Accommodation and food services ","Thousands of dollars",(D),(D),(D),(D),2355,2268,(D),(D),2982,3549,3441,3167,2822,2994,3183,(D),(D),3642,3982,2829,4167,(D)
 "31161","Sheridan, NE",4,CAGDP2,82,"81","  Other services (except government and government enterprises) ","Thousands of dollars",4439,5068,4935,4904,5211,5087,5045,4808,5144,5506,5553,6010,5923,6104,5723,5829,5621,5790,5964,5970,6309,6578
 "31161","Sheridan, NE",4,CAGDP2,83,"92","Government and government enterprises ","Thousands of dollars",27974,29921,29830,28776,28926,32145,33569,35172,34902,38148,37880,37980,38554,40543,40204,41636,42284,44138,46365,47705,48644,50358
 "31161","Sheridan, NE",4,CAGDP2,87,"11,21","Natural resources and mining ","Thousands of dollars",15313,30144,42676,33125,(D),32840,27595,39076,22162,24718,59877,64763,81943,103211,(D),82866,74183,(D),62856,69753,94631,86349
 "31161","Sheridan, NE",4,CAGDP2,88,"42,44-45","Trade ","Thousands of dollars",20869,22505,24170,24993,24554,24596,23221,25949,27977,30472,32190,36206,35104,34621,33355,29500,28228,26123,26821,29909,31194,33745
 "31161","Sheridan, NE",4,CAGDP2,89,"22,48-49","Transportation and utilities ","Thousands of dollars",1703,(D),1861,2020,(D),1358,1316,1477,(D),(D),(D),(D),(D),(D),(D),(D),(D),(D),(D),(D),(D),(D)
 "31161","Sheridan, NE",4,CAGDP2,90,"31-33,51","Manufacturing and information ","Thousands of dollars",5615,5644,5447,5079,5766,7731,9847,10549,11477,5414,5673,5044,5449,8677,10982,15916,14658,16251,77427,(D),(D),(D)
 "31161","Sheridan, NE",4,CAGDP2,91,"...","Private goods-producing industries 2/","Thousands of dollars",18814,34170,46580,36801,(D),39840,34891,45408,27861,29452,64523,68470,86223,111360,(D),98688,89793,(D),140199,(D),(D),236158
 "31161","Sheridan, NE",4,CAGDP2,92,"...","Private services-providing industries 3/","Thousands of dollars",58577,62197,64494,64655,(D),64987,68975,73709,80942,77161,89981,92823,86539,92879,(D),92899,91995,(D),95353,(D),(D),109220
 "31163","Sherman, NE",4,CAGDP2,1,"...","All industry total ","Thousands of dollars",52478,47804,68516,70183,73240,64566,79661,76243,78434,77600,101152,114831,130719,125315,122561,109524,96506,95208,107224,111924,152890,153302
 "31163","Sherman, NE",4,CAGDP2,2,"..."," Private industries ","Thousands of dollars",41549,36055,56752,58139,61097,51624,65969,62367,64336,61901,85351,99081,115025,108600,105926,91715,80237,80471,91807,96212,136612,137513
 "31163","Sherman, NE",4,CAGDP2,3,"11","  Agriculture, forestry, fishing and hunting ","Thousands of dollars",13374,6706,26353,26848,26515,16219,28973,(D),22229,16067,34005,44171,57861,50378,42287,25465,15615,15046,22706,26016,60534,58228
 "31163","Sherman, NE",4,CAGDP2,6,"21","  Mining, quarrying, and oil and gas extraction ","Thousands of dollars",0,0,0,0,0,0,0,0,0,0,0,0,0,0,0,0,0,0,0,0,0,0
 "31163","Sherman, NE",4,CAGDP2,10,"22","  Utilities ","Thousands of dollars",0,0,0,0,0,0,0,0,0,0,0,0,0,0,0,0,0,0,0,0,0,0
 "31163","Sherman, NE",4,CAGDP2,11,"23","  Construction ","Thousands of dollars",1189,(D),1285,1065,1057,(D),(D),(D),1874,2374,2575,1997,1274,1254,1911,2319,2268,2427,(D),3072,3866,2934
 "31163","Sherman, NE",4,CAGDP2,12,"31-33","  Manufacturing ","Thousands of dollars",703,(D),773,718,958,(D),(D),963,896,1083,1514,1807,2268,2098,2018,2156,1831,1783,(D),3788,4198,5214
 "31163","Sherman, NE",4,CAGDP2,13,"321,327-339","   Durable goods manufacturing ","Thousands of dollars",(D),(D),(D),(D),(D),(D),(D),(D),(D),(D),(D),(D),(D),(D),(D),(D),(D),(D),(D),(D),(D),(D)
 "31163","Sherman, NE",4,CAGDP2,25,"311-316,322-326","   Nondurable goods manufacturing ","Thousands of dollars",(D),(D),(D),(D),(D),(D),(D),(D),(D),(D),(D),(D),(D),(D),(D),(D),(D),(D),1673,(D),(D),(D)
 "31163","Sherman, NE",4,CAGDP2,34,"42","  Wholesale trade ","Thousands of dollars",3462,3373,3785,4229,4795,4533,4706,5622,6328,7157,7505,8487,9686,11214,12911,13459,13992,15176,15485,15741,15569,17142
 "31163","Sherman, NE",4,CAGDP2,35,"44-45","  Retail trade ","Thousands of dollars",3395,3479,3685,3843,4206,4349,4652,4927,5501,5295,5708,7188,8203,7630,6729,6614,6786,6219,5999,6713,7547,7891
 "31163","Sherman, NE",4,CAGDP2,36,"48-49","  Transportation and warehousing ","Thousands of dollars",1182,562,509,1821,2342,2837,3599,4549,4900,5172,5907,6698,5981,7554,9040,8041,7404,1750,1694,2336,5962,6419
 "31163","Sherman, NE",4,CAGDP2,45,"51","  Information ","Thousands of dollars",(D),(D),(D),(D),(D),(D),(D),(D),(D),(D),(D),(D),(D),(D),(D),(D),(D),(D),(D),(D),(D),(D)
 "31163","Sherman, NE",4,CAGDP2,50,"52,53","  Finance, insurance, real estate, rental, and leasing ","Thousands of dollars",12358,13478,13988,13511,15173,15455,15586,16825,15867,17387,21040,21093,21831,19925,22013,23928,20309,22413,25725,23471,23972,(D)
 "31163","Sherman, NE",4,CAGDP2,51,"52","   Finance and insurance ","Thousands of dollars",2643,3181,3250,3075,3613,3778,3784,3645,3176,2617,3199,(D),(D),(D),3442,3634,3723,3867,4109,4084,(D),(D)
 "31163","Sherman, NE",4,CAGDP2,56,"53","   Real estate and rental and leasing ","Thousands of dollars",9715,10297,10738,10436,11561,11677,11801,13179,12691,14770,17841,(D),(D),(D),18571,20294,16586,18547,21617,19386,(D),19192
 "31163","Sherman, NE",4,CAGDP2,59,"54,55,56","  Professional and business services ","Thousands of dollars",470,(D),(D),403,452,588,818,805,857,865,768,(D),975,1236,1026,934,1651,2378,2181,2128,2234,2241
 "31163","Sherman, NE",4,CAGDP2,60,"54","   Professional, scientific, and technical services ","Thousands of dollars",(D),194,183,(D),(D),268,298,329,338,413,371,409,476,677,575,571,742,1035,1025,944,957,1035
 "31163","Sherman, NE",4,CAGDP2,64,"55","   Management of companies and enterprises ","Thousands of dollars",0,0,0,0,0,0,0,0,0,0,0,0,0,0,0,0,(D),(D),(D),(D),(D),(D)
 "31163","Sherman, NE",4,CAGDP2,65,"56","   Administrative and support and waste management and remediation services ","Thousands of dollars",(D),(D),(D),(D),(D),320,520,476,520,452,397,(D),499,559,451,363,(D),(D),(D),(D),(D),(D)
 "31163","Sherman, NE",4,CAGDP2,68,"61,62","  Educational services, health care, and social assistance ","Thousands of dollars",(D),784,852,(D),(D),(D),(D),(D),2756,3214,2863,3012,3028,3047,3211,3230,4203,6192,6133,6517,6308,6711
 "31163","Sherman, NE",4,CAGDP2,69,"61","   Educational services ","Thousands of dollars",12,12,16,20,18,17,25,46,66,80,55,44,43,53,42,48,97,153,151,116,44,45
 "31163","Sherman, NE",4,CAGDP2,70,"62","   Health care and social assistance ","Thousands of dollars",(D),772,836,(D),(D),(D),(D),(D),2690,3134,2808,2968,2985,2994,3169,3182,4106,6039,5982,6401,6264,6666
 "31163","Sherman, NE",4,CAGDP2,75,"71,72","  Arts, entertainment, recreation, accommodation, and food services ","Thousands of dollars",620,609,819,642,763,719,825,911,1002,1194,1244,1388,1303,1342,1415,1545,1677,2477,2493,1907,1981,2441
 "31163","Sherman, NE",4,CAGDP2,76,"71","   Arts, entertainment, and recreation ","Thousands of dollars",(D),(D),75,77,74,80,80,(D),(D),(D),(D),(D),(D),(D),(D),(D),(D),762,807,764,710,858
 "31163","Sherman, NE",4,CAGDP2,79,"72","   Accommodation and food services ","Thousands of dollars",(D),(D),744,565,689,639,745,(D),(D),(D),(D),(D),(D),(D),(D),(D),(D),1714,1686,1143,1271,1583
 "31163","Sherman, NE",4,CAGDP2,82,"81","  Other services (except government and government enterprises) ","Thousands of dollars",3787,3898,3904,3932,3878,3730,3643,3661,(D),(D),(D),1904,(D),(D),(D),(D),(D),(D),(D),(D),(D),(D)
 "31163","Sherman, NE",4,CAGDP2,83,"92","Government and government enterprises ","Thousands of dollars",10929,11749,11763,12044,12143,12941,13692,13876,14098,15698,15801,15750,15693,16715,16635,17808,16269,14737,15418,15712,16277,15789
 "31163","Sherman, NE",4,CAGDP2,87,"11,21","Natural resources and mining ","Thousands of dollars",13374,6706,26353,26848,26515,16219,28973,(D),22229,16067,34005,44171,57861,50378,42287,25465,15615,15046,22706,26016,60534,58228
 "31163","Sherman, NE",4,CAGDP2,88,"42,44-45","Trade ","Thousands of dollars",6857,6852,7470,8072,9001,8881,9359,10549,11828,12452,13213,15675,17889,18843,19641,20073,20778,21395,21484,22454,23115,25033
 "31163","Sherman, NE",4,CAGDP2,89,"22,48-49","Transportation and utilities ","Thousands of dollars",1182,562,509,1821,2342,2837,3599,4549,4900,5172,5907,6698,5981,7554,9040,8041,7404,1750,1694,2336,5962,6419
 "31163","Sherman, NE",4,CAGDP2,90,"31-33,51","Manufacturing and information ","Thousands of dollars",(D),1374,(D),(D),(D),1441,1559,(D),(D),(D),(D),(D),(D),(D),(D),(D),(D),(D),4395,(D),(D),(D)
 "31163","Sherman, NE",4,CAGDP2,91,"...","Private goods-producing industries 2/","Thousands of dollars",15266,8918,28411,28631,28530,18576,31372,24113,24999,19524,38093,47976,61403,53731,46216,29939,19713,19256,27587,32877,68598,66377
 "31163","Sherman, NE",4,CAGDP2,92,"...","Private services-providing industries 3/","Thousands of dollars",26283,27137,28341,29508,32567,33049,34597,38254,39337,42378,47258,51105,53623,54869,59710,61776,60523,61216,64220,63335,68014,71137
 "31165","Sioux, NE",4,CAGDP2,1,"...","All industry total ","Thousands of dollars",14706,26162,34134,30564,30774,35192,35632,36651,29269,43695,67548,61134,71669,99632,105558,101002,86185,81807,69770,65300,78595,88543
 "31165","Sioux, NE",4,CAGDP2,2,"..."," Private industries ","Thousands of dollars",11509,22846,30827,27105,27266,31337,31665,32321,25047,38715,62690,56268,66796,94415,100323,95523,80436,75997,63945,59193,72250,82091
 "31165","Sioux, NE",4,CAGDP2,3,"11","  Agriculture, forestry, fishing and hunting ","Thousands of dollars",(D),(D),(D),(D),(D),(D),(D),(D),(D),(D),50938,43993,55814,80319,85850,81125,67355,62301,48500,44228,58765,68816
 "31165","Sioux, NE",4,CAGDP2,6,"21","  Mining, quarrying, and oil and gas extraction ","Thousands of dollars",0,0,0,0,14,13,13,5,5,7,5,3,4,3,2,0,1,2,0,1,1,3
 "31165","Sioux, NE",4,CAGDP2,10,"22","  Utilities ","Thousands of dollars",250,260,231,198,126,181,228,227,215,146,155,108,133,172,167,166,194,294,298,228,370,374
 "31165","Sioux, NE",4,CAGDP2,11,"23","  Construction ","Thousands of dollars",(D),(D),(D),(D),(D),(D),(D),(D),(D),(D),281,332,0,199,147,292,579,482,571,346,1167,329
 "31165","Sioux, NE",4,CAGDP2,12,"31-33","  Manufacturing ","Thousands of dollars",443,612,395,118,113,384,457,163,111,111,223,257,287,227,229,539,556,364,504,149,58,69
 "31165","Sioux, NE",4,CAGDP2,13,"321,327-339","   Durable goods manufacturing ","Thousands of dollars",103,117,49,29,16,16,14,27,49,49,44,58,82,35,21,15,26,139,130,149,58,69
 "31165","Sioux, NE",4,CAGDP2,25,"311-316,322-326","   Nondurable goods manufacturing ","Thousands of dollars",340,495,345,89,97,368,443,136,63,62,179,199,206,192,209,524,530,225,374,0,0,0
 "31165","Sioux, NE",4,CAGDP2,34,"42","  Wholesale trade ","Thousands of dollars",(D),(D),(D),(D),(D),(D),(D),(D),(D),(D),(D),(D),(D),(D),(D),(D),(D),(D),(D),(D),(D),(D)
 "31165","Sioux, NE",4,CAGDP2,35,"44-45","  Retail trade ","Thousands of dollars",811,774,632,534,566,676,729,703,791,836,909,(D),1230,1054,(D),908,956,1093,1204,969,(D),(D)
 "31165","Sioux, NE",4,CAGDP2,36,"48-49","  Transportation and warehousing ","Thousands of dollars",292,159,47,216,378,386,695,847,1036,732,943,939,425,2585,3754,(D),(D),(D),(D),1028,1009,1051
 "31165","Sioux, NE",4,CAGDP2,45,"51","  Information ","Thousands of dollars",28,30,51,51,26,54,0,43,34,75,48,41,36,25,13,18,57,87,123,0,0,0
 "31165","Sioux, NE",4,CAGDP2,50,"52,53","  Finance, insurance, real estate, rental, and leasing ","Thousands of dollars",3606,4033,4096,4319,4790,4550,5383,5487,6014,5437,7375,6951,6195,7679,7604,8153,7945,7208,(D),9825,7899,(D)
 "31165","Sioux, NE",4,CAGDP2,51,"52","   Finance and insurance ","Thousands of dollars",(D),(D),(D),(D),(D),(D),(D),(D),(D),(D),(D),(D),(D),(D),(D),(D),(D),(D),(D),(D),(D),(D)
 "31165","Sioux, NE",4,CAGDP2,56,"53","   Real estate and rental and leasing ","Thousands of dollars",(D),(D),(D),(D),(D),(D),(D),(D),(D),(D),(D),(D),(D),(D),(D),(D),(D),(D),7133,(D),(D),7010
 "31165","Sioux, NE",4,CAGDP2,59,"54,55,56","  Professional and business services ","Thousands of dollars",(D),(D),296,269,303,(D),(D),(D),262,283,(D),(D),(D),(D),(D),(D),(D),(D),(D),(D),(D),(D)
 "31165","Sioux, NE",4,CAGDP2,60,"54","   Professional, scientific, and technical services ","Thousands of dollars",(D),(D),(D),(D),(D),(D),(D),(D),(D),(D),(D),(D),(D),(D),(D),(D),(D),(D),(D),(D),(D),(D)
 "31165","Sioux, NE",4,CAGDP2,64,"55","   Management of companies and enterprises ","Thousands of dollars",0,0,0,0,0,0,0,0,0,0,0,0,0,0,0,0,0,0,0,0,0,0
 "31165","Sioux, NE",4,CAGDP2,65,"56","   Administrative and support and waste management and remediation services ","Thousands of dollars",146,159,(D),(D),(D),87,88,72,(D),(D),115,134,130,100,62,59,88,122,139,99,72,59
 "31165","Sioux, NE",4,CAGDP2,68,"61,62","  Educational services, health care, and social assistance ","Thousands of dollars",77,83,68,92,98,101,72,27,52,155,205,306,(D),(D),(D),(D),(D),(D),(D),(D),(D),(D)
 "31165","Sioux, NE",4,CAGDP2,69,"61","   Educational services ","Thousands of dollars",17,17,18,22,16,17,15,27,38,50,38,33,23,23,18,15,11,0,7,7,7,7
 "31165","Sioux, NE",4,CAGDP2,70,"62","   Health care and social assistance ","Thousands of dollars",60,66,50,70,82,84,57,0,14,105,167,273,(D),(D),(D),(D),(D),(D),(D),(D),(D),(D)
 "31165","Sioux, NE",4,CAGDP2,75,"71,72","  Arts, entertainment, recreation, accommodation, and food services ","Thousands of dollars",(D),(D),(D),(D),(D),(D),(D),(D),(D),(D),(D),(D),(D),(D),(D),(D),(D),(D),(D),(D),(D),(D)
 "31165","Sioux, NE",4,CAGDP2,76,"71","   Arts, entertainment, and recreation ","Thousands of dollars",55,58,47,28,18,16,10,2,0,30,38,32,33,41,25,42,92,209,291,174,50,61
 "31165","Sioux, NE",4,CAGDP2,79,"72","   Accommodation and food services ","Thousands of dollars",(D),(D),(D),(D),(D),(D),(D),(D),(D),(D),(D),(D),(D),(D),(D),(D),(D),(D),(D),(D),(D),(D)
 "31165","Sioux, NE",4,CAGDP2,82,"81","  Other services (except government and government enterprises) ","Thousands of dollars",(D),(D),(D),(D),(D),(D),(D),(D),(D),(D),(D),(D),(D),(D),(D),(D),(D),(D),(D),(D),(D),(D)
 "31165","Sioux, NE",4,CAGDP2,83,"92","Government and government enterprises ","Thousands of dollars",3198,3316,3307,3459,3508,3854,3967,4329,4222,4980,4859,4866,4873,5217,5235,5478,5750,5810,5825,6106,6344,6452
 "31165","Sioux, NE",4,CAGDP2,87,"11,21","Natural resources and mining ","Thousands of dollars",(D),(D),(D),(D),(D),(D),(D),(D),(D),(D),50943,43996,55818,80322,85852,81125,67356,62303,48500,44229,58766,68819
 "31165","Sioux, NE",4,CAGDP2,88,"42,44-45","Trade ","Thousands of dollars",(D),(D),(D),(D),(D),(D),(D),(D),(D),(D),(D),1695,(D),(D),1264,(D),(D),(D),(D),(D),1321,1421
 "31165","Sioux, NE",4,CAGDP2,89,"22,48-49","Transportation and utilities ","Thousands of dollars",542,419,278,414,504,567,923,1074,1251,878,1098,1047,558,2756,3921,(D),(D),(D),(D),1256,1379,1425
 "31165","Sioux, NE",4,CAGDP2,90,"31-33,51","Manufacturing and information ","Thousands of dollars",470,642,446,169,138,438,457,206,146,186,271,298,323,252,242,557,612,451,627,149,58,69
 "31165","Sioux, NE",4,CAGDP2,91,"...","Private goods-producing industries 2/","Thousands of dollars",4822,15759,24254,20429,20158,24269,23488,23870,15802,30068,51448,44585,56105,80748,86228,81956,68490,63149,49576,44723,59991,69217
 "31165","Sioux, NE",4,CAGDP2,92,"...","Private services-providing industries 3/","Thousands of dollars",6687,7087,6573,6676,7109,7068,8177,8452,9245,8647,11242,11683,10691,13667,14094,13567,11945,12848,14370,14470,12260,12874
 "31167","Stanton, NE",4,CAGDP2,1,"...","All industry total ","Thousands of dollars",113439,125386,130691,161628,172668,177492,193478,214414,227899,231726,308015,256177,241484,243667,241063,236235,229663,232966,290418,267838,391288,445478
 "31167","Stanton, NE",4,CAGDP2,2,"..."," Private industries ","Thousands of dollars",100953,111956,117168,147869,158765,162960,178632,198711,211979,213725,290156,237977,223617,224880,222037,215709,207926,209796,267528,243718,367511,419992
 "31167","Stanton, NE",4,CAGDP2,3,"11","  Agriculture, forestry, fishing and hunting ","Thousands of dollars",29825,25270,31259,(D),(D),(D),34141,(D),62245,73840,116150,46689,44549,24184,29862,26359,4225,9113,22385,34036,76088,64002
 "31167","Stanton, NE",4,CAGDP2,6,"21","  Mining, quarrying, and oil and gas extraction ","Thousands of dollars",1871,531,590,569,598,446,1155,831,914,1493,1780,1618,1343,1201,1244,1045,1176,1070,1027,1581,6293,4439
 "31167","Stanton, NE",4,CAGDP2,10,"22","  Utilities ","Thousands of dollars",0,0,0,0,0,0,0,0,0,0,0,0,0,0,0,0,0,0,0,0,0,0
 "31167","Stanton, NE",4,CAGDP2,11,"23","  Construction ","Thousands of dollars",(D),(D),(D),2952,3062,3266,(D),(D),(D),(D),(D),(D),(D),(D),(D),(D),(D),(D),7252,6316,(D),(D)
 "31167","Stanton, NE",4,CAGDP2,12,"31-33","  Manufacturing ","Thousands of dollars",(D),(D),(D),(D),(D),(D),(D),111896,(D),(D),(D),(D),(D),(D),(D),(D),(D),(D),164371,128481,(D),(D)
 "31167","Stanton, NE",4,CAGDP2,13,"321,327-339","   Durable goods manufacturing ","Thousands of dollars",(D),(D),(D),(D),(D),(D),(D),(D),(D),(D),(D),(D),106591,125746,112798,106186,118388,117483,158699,122520,183848,244715
 "31167","Stanton, NE",4,CAGDP2,25,"311-316,322-326","   Nondurable goods manufacturing ","Thousands of dollars",(D),(D),(D),(D),(D),(D),(D),(D),(D),(D),(D),(D),(D),(D),(D),(D),(D),(D),5671,5961,(D),(D)
 "31167","Stanton, NE",4,CAGDP2,34,"42","  Wholesale trade ","Thousands of dollars",5142,5507,5757,6469,7250,8665,9722,9984,9643,10768,12022,13455,14255,14815,14832,13838,13406,14021,15621,15977,16779,18025
 "31167","Stanton, NE",4,CAGDP2,35,"44-45","  Retail trade ","Thousands of dollars",3315,2992,2847,2705,2709,1871,1628,1584,1496,1505,1719,1769,1679,1884,1823,1915,2330,2403,2468,2926,3339,3458
 "31167","Stanton, NE",4,CAGDP2,36,"48-49","  Transportation and warehousing ","Thousands of dollars",1000,1812,2190,2654,2700,3689,4218,5372,5597,5514,6565,7891,7463,9226,11752,12238,11111,10887,8534,13365,19818,20537
 "31167","Stanton, NE",4,CAGDP2,45,"51","  Information ","Thousands of dollars",(D),(D),(D),(D),(D),(D),(D),(D),(D),(D),(D),(D),(D),(D),(D),(D),(D),(D),(D),(D),(D),(D)
 "31167","Stanton, NE",4,CAGDP2,50,"52,53","  Finance, insurance, real estate, rental, and leasing ","Thousands of dollars",13564,15183,15791,16511,18603,17270,18826,19916,20844,23040,24461,26418,26393,26081,26663,29314,32864,29585,32975,27971,33468,35430
 "31167","Stanton, NE",4,CAGDP2,51,"52","   Finance and insurance ","Thousands of dollars",2889,3392,3464,3244,3689,3721,4200,3698,3962,4095,3832,4454,4599,4718,4526,5356,5126,5703,5710,5373,5319,5766
 "31167","Stanton, NE",4,CAGDP2,56,"53","   Real estate and rental and leasing ","Thousands of dollars",10675,11791,12327,13267,14913,13549,14626,16218,16882,18945,20629,21963,21794,21363,22136,23958,27738,23882,27265,22598,28149,29664
 "31167","Stanton, NE",4,CAGDP2,59,"54,55,56","  Professional and business services ","Thousands of dollars",3569,4195,3636,3109,3069,3109,2853,3008,2846,3121,3277,1409,1471,(D),(D),(D),(D),(D),(D),(D),(D),(D)
 "31167","Stanton, NE",4,CAGDP2,60,"54","   Professional, scientific, and technical services ","Thousands of dollars",1408,(D),2755,(D),(D),(D),(D),(D),(D),(D),(D),(D),(D),(D),(D),(D),(D),458,320,276,328,368
 "31167","Stanton, NE",4,CAGDP2,64,"55","   Management of companies and enterprises ","Thousands of dollars",0,0,0,0,0,0,0,0,0,0,0,0,0,0,0,0,0,0,0,0,0,0
 "31167","Stanton, NE",4,CAGDP2,65,"56","   Administrative and support and waste management and remediation services ","Thousands of dollars",2161,(D),881,(D),(D),(D),(D),(D),(D),(D),(D),(D),(D),593,576,606,(D),(D),(D),(D),(D),(D)
 "31167","Stanton, NE",4,CAGDP2,68,"61,62","  Educational services, health care, and social assistance ","Thousands of dollars",(D),(D),(D),(D),(D),(D),(D),(D),(D),(D),(D),(D),(D),710,825,941,1398,1622,1725,2123,2797,1692
 "31167","Stanton, NE",4,CAGDP2,69,"61","   Educational services ","Thousands of dollars",70,57,140,193,177,66,71,75,77,31,22,30,26,26,33,26,27,36,41,57,85,87
 "31167","Stanton, NE",4,CAGDP2,70,"62","   Health care and social assistance ","Thousands of dollars",(D),(D),(D),(D),(D),(D),(D),(D),(D),(D),(D),(D),(D),684,792,915,1371,1586,1684,2066,2712,1605
 "31167","Stanton, NE",4,CAGDP2,75,"71,72","  Arts, entertainment, recreation, accommodation, and food services ","Thousands of dollars",697,647,925,918,961,963,1009,997,1080,1057,1012,1246,1176,1078,(D),(D),830,867,903,779,1000,1125
 "31167","Stanton, NE",4,CAGDP2,76,"71","   Arts, entertainment, and recreation ","Thousands of dollars",(D),(D),(D),(D),(D),(D),(D),(D),(D),(D),(D),(D),(D),(D),(D),(D),26,55,95,94,67,82
 "31167","Stanton, NE",4,CAGDP2,79,"72","   Accommodation and food services ","Thousands of dollars",(D),(D),(D),(D),(D),(D),(D),(D),(D),(D),(D),(D),(D),(D),(D),(D),804,812,808,685,933,1043
 "31167","Stanton, NE",4,CAGDP2,82,"81","  Other services (except government and government enterprises) ","Thousands of dollars",2878,3303,3354,3373,3592,3590,(D),3448,3528,3636,3802,4042,4266,4566,4713,4866,5093,5403,5510,5553,5846,6216
 "31167","Stanton, NE",4,CAGDP2,83,"92","Government and government enterprises ","Thousands of dollars",12486,13430,13523,13759,13903,14532,14846,15703,15920,18001,17859,18200,17867,18787,19026,20526,21737,23171,22890,24120,23777,25486
 "31167","Stanton, NE",4,CAGDP2,87,"11,21","Natural resources and mining ","Thousands of dollars",31696,25801,31849,(D),(D),(D),35295,(D),63159,75333,117930,48307,45892,25385,31106,27404,5401,10183,23412,35617,82381,68441
 "31167","Stanton, NE",4,CAGDP2,88,"42,44-45","Trade ","Thousands of dollars",8457,8500,8605,9174,9959,10535,11351,11568,11139,12273,13741,15225,15935,16700,16655,15752,15737,16424,18089,18903,20117,21483
 "31167","Stanton, NE",4,CAGDP2,89,"22,48-49","Transportation and utilities ","Thousands of dollars",1000,1812,2190,2654,2700,3689,4218,5372,5597,5514,6565,7891,7463,9226,11752,12238,11111,10887,8534,13365,19818,20537
 "31167","Stanton, NE",4,CAGDP2,90,"31-33,51","Manufacturing and information ","Thousands of dollars",35218,48114,46378,69659,86445,104949,97279,(D),100098,85418,114909,131349,116937,135561,123547,117151,127369,127105,(D),(D),195260,257058
 "31167","Stanton, NE",4,CAGDP2,91,"...","Private goods-producing industries 2/","Thousands of dollars",67918,75476,79242,108141,115513,119059,131423,148505,160431,158015,229965,174816,161262,161382,154637,145561,135445,139964,195034,170414,279143,328024
 "31167","Stanton, NE",4,CAGDP2,92,"...","Private services-providing industries 3/","Thousands of dollars",33036,36480,37926,39727,43252,43901,47210,50207,51548,55710,60191,63161,62355,63498,67400,70148,72481,69832,72494,73303,88368,91968
 "31169","Thayer, NE",4,CAGDP2,1,"...","All industry total ","Thousands of dollars",162458,153973,192752,199433,226492,215206,257351,292118,244962,254632,343982,403397,480839,386439,371265,346611,363027,371969,388495,375833,464749,475894
 "31169","Thayer, NE",4,CAGDP2,2,"..."," Private industries ","Thousands of dollars",136786,126713,165202,171080,197929,183792,224860,257593,209410,213250,301996,361004,438431,341107,324579,298885,314981,322141,338546,324467,411751,418602
 "31169","Thayer, NE",4,CAGDP2,3,"11","  Agriculture, forestry, fishing and hunting ","Thousands of dollars",32455,20344,49211,45169,36053,24733,61916,89487,55944,55703,120641,114427,140876,78936,82128,86582,69386,75288,79819,74030,126837,99566
 "31169","Thayer, NE",4,CAGDP2,6,"21","  Mining, quarrying, and oil and gas extraction ","Thousands of dollars",270,274,183,167,187,146,590,303,209,380,469,427,380,351,155,0,0,0,0,0,0,0
 "31169","Thayer, NE",4,CAGDP2,10,"22","  Utilities ","Thousands of dollars",22,22,73,44,39,36,11,20,191,177,197,182,204,293,305,286,343,361,411,439,584,541
 "31169","Thayer, NE",4,CAGDP2,11,"23","  Construction ","Thousands of dollars",3849,4060,3808,4232,4391,4450,8239,5119,5883,6621,7134,8349,8055,8741,8345,7939,8231,7854,7339,8158,8220,8198
 "31169","Thayer, NE",4,CAGDP2,12,"31-33","  Manufacturing ","Thousands of dollars",22210,22954,27131,39586,65846,55148,41576,34470,24633,29273,51741,81832,98022,68614,52847,43095,45071,43367,46483,53617,58940,67622
 "31169","Thayer, NE",4,CAGDP2,13,"321,327-339","   Durable goods manufacturing ","Thousands of dollars",(D),(D),(D),(D),(D),(D),(D),(D),(D),25311,(D),80963,97171,67850,52337,42286,44196,42778,46043,53151,58310,66781
 "31169","Thayer, NE",4,CAGDP2,25,"311-316,322-326","   Nondurable goods manufacturing ","Thousands of dollars",(D),(D),(D),(D),(D),(D),(D),(D),(D),3963,(D),869,851,764,510,809,874,590,440,466,630,842
 "31169","Thayer, NE",4,CAGDP2,34,"42","  Wholesale trade ","Thousands of dollars",15023,15741,15547,18371,19356,19110,19992,25505,31284,31505,33351,40292,37427,39860,42659,44349,46130,50217,58231,64185,67319,76135
 "31169","Thayer, NE",4,CAGDP2,35,"44-45","  Retail trade ","Thousands of dollars",11268,10624,11125,9883,9714,9699,9228,8654,8973,9823,10044,9720,10928,9778,9465,8488,7970,8167,9161,10058,9847,10446
 "31169","Thayer, NE",4,CAGDP2,36,"48-49","  Transportation and warehousing ","Thousands of dollars",14058,12847,18013,12340,17997,23802,38220,45259,(D),(D),(D),(D),(D),(D),(D),(D),(D),(D),(D),(D),(D),(D)
 "31169","Thayer, NE",4,CAGDP2,45,"51","  Information ","Thousands of dollars",(D),1149,1115,1015,(D),1070,(D),(D),(D),1332,1384,1498,1339,1187,1154,1379,1557,1461,1330,1255,1470,(D)
 "31169","Thayer, NE",4,CAGDP2,50,"52,53","  Finance, insurance, real estate, rental, and leasing ","Thousands of dollars",24620,25966,26164,26794,30042,32037,31106,34125,32804,30840,37816,38235,39750,39038,39621,39725,43236,45913,45294,45966,49900,52455
 "31169","Thayer, NE",4,CAGDP2,51,"52","   Finance and insurance ","Thousands of dollars",(D),(D),(D),9940,11758,12200,12462,(D),11127,10787,13130,(D),15279,14490,14741,(D),17036,16437,17909,18689,19727,21318
 "31169","Thayer, NE",4,CAGDP2,56,"53","   Real estate and rental and leasing ","Thousands of dollars",(D),(D),(D),16854,18284,19837,18644,(D),21677,20053,24686,(D),24471,24547,24880,(D),26201,29477,27385,27276,30172,31137
 "31169","Thayer, NE",4,CAGDP2,59,"54,55,56","  Professional and business services ","Thousands of dollars",1057,(D),(D),1053,995,1065,1197,1402,1409,(D),1345,1498,1693,1961,2078,2117,2260,2412,2336,(D),2935,2854
 "31169","Thayer, NE",4,CAGDP2,60,"54","   Professional, scientific, and technical services ","Thousands of dollars",(D),893,772,(D),640,668,(D),(D),(D),(D),729,800,898,1103,1347,1454,1557,1668,1593,(D),1796,(D)
 "31169","Thayer, NE",4,CAGDP2,64,"55","   Management of companies and enterprises ","Thousands of dollars",0,0,0,0,0,0,0,0,0,0,0,0,0,0,0,0,0,0,0,0,0,0
 "31169","Thayer, NE",4,CAGDP2,65,"56","   Administrative and support and waste management and remediation services ","Thousands of dollars",(D),(D),(D),(D),355,397,(D),(D),(D),(D),616,698,794,859,731,664,703,744,742,(D),1139,(D)
 "31169","Thayer, NE",4,CAGDP2,68,"61,62","  Educational services, health care, and social assistance ","Thousands of dollars",(D),(D),(D),6972,(D),6165,(D),(D),(D),7211,7891,7586,7715,7141,7921,7822,8078,8231,7500,6596,6740,6896
 "31169","Thayer, NE",4,CAGDP2,69,"61","   Educational services ","Thousands of dollars",447,466,473,520,500,604,563,544,638,681,652,573,552,565,497,522,549,576,601,(D),(D),(D)
 "31169","Thayer, NE",4,CAGDP2,70,"62","   Health care and social assistance ","Thousands of dollars",(D),(D),(D),6453,(D),5561,(D),(D),(D),6530,7239,7013,7163,6577,7424,7300,7529,7655,6899,(D),(D),(D)
 "31169","Thayer, NE",4,CAGDP2,75,"71,72","  Arts, entertainment, recreation, accommodation, and food services ","Thousands of dollars",1495,1448,1435,1435,1800,1860,1379,1483,1513,1504,(D),(D),(D),(D),(D),(D),(D),(D),(D),1768,(D),2371
 "31169","Thayer, NE",4,CAGDP2,76,"71","   Arts, entertainment, and recreation ","Thousands of dollars",(D),(D),(D),(D),(D),(D),(D),(D),(D),(D),(D),(D),(D),(D),(D),(D),(D),(D),(D),(D),(D),(D)
 "31169","Thayer, NE",4,CAGDP2,79,"72","   Accommodation and food services ","Thousands of dollars",(D),(D),(D),(D),(D),(D),(D),(D),(D),(D),(D),(D),(D),(D),(D),(D),(D),(D),(D),(D),(D),(D)
 "31169","Thayer, NE",4,CAGDP2,82,"81","  Other services (except government and government enterprises) ","Thousands of dollars",3559,3770,3776,4017,4378,4472,4220,4192,4619,4807,4846,5010,5674,5861,5796,5974,5682,6016,6590,6780,6800,7326
 "31169","Thayer, NE",4,CAGDP2,83,"92","Government and government enterprises ","Thousands of dollars",25672,27259,27550,28353,28563,31414,32492,34525,35552,41382,41986,42393,42408,45333,46686,47726,48045,49828,49949,51366,52998,57293
 "31169","Thayer, NE",4,CAGDP2,87,"11,21","Natural resources and mining ","Thousands of dollars",32725,20618,49395,45336,36240,24879,62506,89790,56153,56083,121110,114854,141256,79287,82283,86582,69386,75288,79819,74030,126837,99566
 "31169","Thayer, NE",4,CAGDP2,88,"42,44-45","Trade ","Thousands of dollars",26291,26364,26673,28254,29070,28809,29220,34159,40257,41328,43395,50012,48355,49638,52124,52837,54099,58385,67392,74243,77166,86581
 "31169","Thayer, NE",4,CAGDP2,89,"22,48-49","Transportation and utilities ","Thousands of dollars",14081,12869,18086,12385,18036,23838,38231,45279,(D),(D),(D),(D),(D),(D),(D),(D),(D),(D),(D),(D),(D),(D)
 "31169","Thayer, NE",4,CAGDP2,90,"31-33,51","Manufacturing and information ","Thousands of dollars",(D),24102,28245,40601,(D),56218,(D),(D),(D),30605,53125,83330,99361,69801,54001,44474,46627,44829,47813,54872,60411,(D)
 "31169","Thayer, NE",4,CAGDP2,91,"...","Private goods-producing industries 2/","Thousands of dollars",58785,47632,80333,89154,106477,84477,112320,129379,86669,91977,179984,205035,247333,156642,143475,137616,122688,126509,133641,135805,193997,175386
 "31169","Thayer, NE",4,CAGDP2,92,"...","Private services-providing industries 3/","Thousands of dollars",78002,79081,84869,81926,91452,99315,112539,128214,122741,121273,122012,155969,191098,184465,181104,161269,192293,195632,204905,188662,217754,243216
 "31171","Thomas, NE",4,CAGDP2,1,"...","All industry total ","Thousands of dollars",14534,16165,17696,17181,18152,18174,19011,19146,20435,25788,31903,26300,39141,52431,57362,45857,33179,35458,33996,34964,35551,39470
 "31171","Thomas, NE",4,CAGDP2,2,"..."," Private industries ","Thousands of dollars",11237,12551,14202,13647,14261,13961,15007,15003,16190,21123,27141,21550,34352,47016,51883,40279,27356,29343,27809,28289,28748,32685
 "31171","Thomas, NE",4,CAGDP2,3,"11","  Agriculture, forestry, fishing and hunting ","Thousands of dollars",(D),(D),(D),2380,2845,3064,(D),1290,1475,5488,10651,7538,19011,29265,32568,21730,8602,7580,7267,8160,7463,5844
 "31171","Thomas, NE",4,CAGDP2,6,"21","  Mining, quarrying, and oil and gas extraction ","Thousands of dollars",272,339,245,273,353,407,1062,561,661,615,828,1193,917,883,627,410,473,447,433,679,464,379
 "31171","Thomas, NE",4,CAGDP2,10,"22","  Utilities ","Thousands of dollars",0,0,0,0,0,0,0,0,0,0,0,0,0,0,0,0,0,0,0,0,0,0
 "31171","Thomas, NE",4,CAGDP2,11,"23","  Construction ","Thousands of dollars",1717,2396,2504,(D),(D),(D),1774,(D),(D),(D),(D),(D),(D),(D),(D),(D),(D),(D),(D),(D),(D),(D)
 "31171","Thomas, NE",4,CAGDP2,12,"31-33","  Manufacturing ","Thousands of dollars",(D),(D),(D),(D),(D),(D),(D),(D),(D),(D),(D),(D),(D),(D),(D),(D),(D),(D),(D),(D),(D),(D)
 "31171","Thomas, NE",4,CAGDP2,13,"321,327-339","   Durable goods manufacturing ","Thousands of dollars",(D),(D),(D),(D),(D),(D),(D),(D),(D),(D),(D),(D),(D),(D),(D),(D),(D),(D),(D),(D),(D),(D)
 "31171","Thomas, NE",4,CAGDP2,25,"311-316,322-326","   Nondurable goods manufacturing ","Thousands of dollars",274,416,344,80,6,3,28,35,43,32,23,0,8,18,34,45,0,140,945,825,1054,1991
 "31171","Thomas, NE",4,CAGDP2,34,"42","  Wholesale trade ","Thousands of dollars",(D),(D),(D),(D),(D),(D),(D),(D),(D),(D),177,170,132,72,64,106,191,364,(D),(D),(D),(D)
 "31171","Thomas, NE",4,CAGDP2,35,"44-45","  Retail trade ","Thousands of dollars",1486,1513,1616,1760,1783,2000,2287,2666,3451,3723,(D),(D),(D),2813,(D),(D),(D),3470,3390,3175,3370,3524
 "31171","Thomas, NE",4,CAGDP2,36,"48-49","  Transportation and warehousing ","Thousands of dollars",(D),(D),(D),(D),(D),(D),(D),(D),(D),(D),(D),(D),(D),3687,(D),(D),(D),(D),(D),(D),(D),(D)
 "31171","Thomas, NE",4,CAGDP2,45,"51","  Information ","Thousands of dollars",0,0,0,19,9,23,0,9,34,60,59,19,7,0,0,0,0,0,0,0,2,0
 "31171","Thomas, NE",4,CAGDP2,50,"52,53","  Finance, insurance, real estate, rental, and leasing ","Thousands of dollars",(D),2973,3195,3130,3261,3078,3718,3351,3511,3705,3713,3482,3659,3907,4265,4571,3947,4510,(D),5112,7166,(D)
 "31171","Thomas, NE",4,CAGDP2,51,"52","   Finance and insurance ","Thousands of dollars",(D),(D),(D),(D),(D),(D),(D),(D),(D),(D),(D),(D),(D),(D),(D),(D),(D),(D),(D),(D),(D),(D)
 "31171","Thomas, NE",4,CAGDP2,56,"53","   Real estate and rental and leasing ","Thousands of dollars",2452,(D),(D),(D),(D),(D),(D),(D),(D),(D),(D),(D),(D),(D),(D),(D),(D),(D),3798,(D),(D),6297
 "31171","Thomas, NE",4,CAGDP2,59,"54,55,56","  Professional and business services ","Thousands of dollars",(D),(D),(D),(D),(D),(D),(D),(D),(D),(D),(D),(D),(D),(D),(D),(D),(D),(D),603,503,382,446
 "31171","Thomas, NE",4,CAGDP2,60,"54","   Professional, scientific, and technical services ","Thousands of dollars",(D),(D),(D),(D),(D),(D),(D),(D),(D),(D),(D),(D),(D),(D),(D),(D),(D),(D),(D),(D),(D),(D)
 "31171","Thomas, NE",4,CAGDP2,64,"55","   Management of companies and enterprises ","Thousands of dollars",0,0,0,0,0,0,0,0,0,0,0,0,0,0,0,0,0,0,0,0,0,0
 "31171","Thomas, NE",4,CAGDP2,65,"56","   Administrative and support and waste management and remediation services ","Thousands of dollars",94,103,68,35,38,56,69,44,69,85,111,81,84,84,73,116,148,173,(D),(D),(D),(D)
 "31171","Thomas, NE",4,CAGDP2,68,"61,62","  Educational services, health care, and social assistance ","Thousands of dollars",(D),73,47,63,72,83,53,22,51,130,157,234,(D),(D),(D),(D),(D),(D),(D),(D),(D),(D)
 "31171","Thomas, NE",4,CAGDP2,69,"61","   Educational services ","Thousands of dollars",5,5,3,12,8,11,3,2,0,0,0,0,0,0,0,0,0,0,0,0,0,0
 "31171","Thomas, NE",4,CAGDP2,70,"62","   Health care and social assistance ","Thousands of dollars",(D),68,44,51,64,72,50,20,51,130,157,234,(D),(D),(D),(D),(D),(D),(D),(D),(D),(D)
 "31171","Thomas, NE",4,CAGDP2,75,"71,72","  Arts, entertainment, recreation, accommodation, and food services ","Thousands of dollars",922,811,707,664,658,(D),(D),(D),(D),(D),807,(D),(D),802,867,1021,1215,1565,(D),(D),(D),(D)
 "31171","Thomas, NE",4,CAGDP2,76,"71","   Arts, entertainment, and recreation ","Thousands of dollars",61,66,40,14,7,9,13,2,0,45,55,14,40,41,35,98,153,263,330,185,71,86
 "31171","Thomas, NE",4,CAGDP2,79,"72","   Accommodation and food services ","Thousands of dollars",861,745,667,650,651,(D),(D),(D),(D),(D),752,(D),(D),761,832,923,1062,1302,(D),(D),(D),(D)
 "31171","Thomas, NE",4,CAGDP2,82,"81","  Other services (except government and government enterprises) ","Thousands of dollars",(D),(D),(D),(D),(D),(D),(D),(D),(D),(D),(D),799,(D),(D),(D),(D),(D),(D),(D),(D),(D),(D)
 "31171","Thomas, NE",4,CAGDP2,83,"92","Government and government enterprises ","Thousands of dollars",3297,3615,3495,3534,3890,4214,4004,4144,4245,4666,4762,4750,4789,5415,5478,5578,5822,6115,6187,6676,6802,6785
 "31171","Thomas, NE",4,CAGDP2,87,"11,21","Natural resources and mining ","Thousands of dollars",(D),(D),(D),2653,3197,3471,(D),1851,2136,6103,11479,8730,19927,30148,33195,22140,9074,8027,7700,8839,7928,6223
 "31171","Thomas, NE",4,CAGDP2,88,"42,44-45","Trade ","Thousands of dollars",(D),(D),(D),(D),(D),(D),(D),(D),(D),(D),(D),(D),(D),2886,(D),(D),(D),3834,(D),(D),(D),(D)
 "31171","Thomas, NE",4,CAGDP2,89,"22,48-49","Transportation and utilities ","Thousands of dollars",(D),(D),(D),(D),(D),(D),(D),(D),(D),(D),(D),(D),(D),3687,(D),(D),(D),(D),(D),(D),(D),(D)
 "31171","Thomas, NE",4,CAGDP2,90,"31-33,51","Manufacturing and information ","Thousands of dollars",(D),(D),(D),(D),(D),(D),(D),(D),(D),(D),(D),(D),(D),(D),(D),(D),(D),(D),(D),(D),(D),(D)
 "31171","Thomas, NE",4,CAGDP2,91,"...","Private goods-producing industries 2/","Thousands of dollars",3330,4486,6694,6667,7034,6436,6064,6208,5937,10447,15792,11797,24607,34476,37532,26482,13962,13252,13395,14552,13262,10595
 "31171","Thomas, NE",4,CAGDP2,92,"...","Private services-providing industries 3/","Thousands of dollars",7907,8065,7508,6980,7227,7524,8943,8795,10253,10675,11349,9753,9744,12540,14351,13797,13394,16091,14414,13736,15487,22090
 "31173","Thurston, NE",4,CAGDP2,1,"...","All industry total ","Thousands of dollars",158659,167968,195258,204371,214568,221198,240193,264047,285576,317246,377304,342084,356875,350659,367956,358091,372102,382378,403557,428655,497718,555191
 "31173","Thurston, NE",4,CAGDP2,2,"..."," Private industries ","Thousands of dollars",105472,107341,131173,138143,145171,146008,162278,181912,199138,220321,275052,235132,250154,233890,233530,231282,237798,238578,242890,245637,311857,342625
 "31173","Thurston, NE",4,CAGDP2,3,"11","  Agriculture, forestry, fishing and hunting ","Thousands of dollars",25785,25416,43390,44496,43615,38950,53073,65745,82003,89644,128774,83067,96192,75915,71234,63540,67235,75006,70151,67400,115450,129972
 "31173","Thurston, NE",4,CAGDP2,6,"21","  Mining, quarrying, and oil and gas extraction ","Thousands of dollars",0,0,0,0,0,0,0,0,0,0,0,0,0,0,0,0,0,0,0,0,0,0
 "31173","Thurston, NE",4,CAGDP2,10,"22","  Utilities ","Thousands of dollars",3,1,173,222,179,560,543,282,362,293,105,125,48,35,61,75,120,85,68,29,83,129
 "31173","Thurston, NE",4,CAGDP2,11,"23","  Construction ","Thousands of dollars",3725,3556,3507,3128,2552,3046,3956,4465,3908,1084,3507,1235,1109,2675,3571,7008,8847,5775,4079,5779,5915,7799
 "31173","Thurston, NE",4,CAGDP2,12,"31-33","  Manufacturing ","Thousands of dollars",11642,11781,11511,12491,15392,16891,16152,14827,10961,16446,25581,30756,32973,26324,25648,23548,20132,19886,18996,17384,20162,22854
 "31173","Thurston, NE",4,CAGDP2,13,"321,327-339","   Durable goods manufacturing ","Thousands of dollars",10023,9487,10475,(D),(D),(D),(D),(D),(D),(D),(D),(D),(D),(D),24143,21948,18960,19886,18996,17076,19594,(D)
 "31173","Thurston, NE",4,CAGDP2,25,"311-316,322-326","   Nondurable goods manufacturing ","Thousands of dollars",1619,2294,1036,(D),(D),(D),(D),(D),(D),(D),(D),(D),(D),(D),1505,1601,1171,0,0,308,568,(D)
 "31173","Thurston, NE",4,CAGDP2,34,"42","  Wholesale trade ","Thousands of dollars",(D),(D),10567,10540,11176,11135,11253,13025,15211,18833,20822,24400,27818,35041,36040,38083,39682,42383,44776,46823,47668,54620
 "31173","Thurston, NE",4,CAGDP2,35,"44-45","  Retail trade ","Thousands of dollars",7240,7452,8931,10037,10280,9100,7017,6610,6075,9048,(D),(D),11251,14673,17106,14860,12908,11337,11422,13341,14016,16407
 "31173","Thurston, NE",4,CAGDP2,36,"48-49","  Transportation and warehousing ","Thousands of dollars",(D),(D),(D),(D),(D),(D),(D),(D),(D),(D),(D),(D),3163,3333,3009,2056,2431,3904,4010,5155,6244,6829
 "31173","Thurston, NE",4,CAGDP2,45,"51","  Information ","Thousands of dollars",1442,1486,3635,5914,8272,13659,16655,16708,15071,13762,12658,10985,11790,8100,7419,6898,5086,(D),(D),(D),(D),(D)
 "31173","Thurston, NE",4,CAGDP2,50,"52,53","  Finance, insurance, real estate, rental, and leasing ","Thousands of dollars",20237,22038,23937,22276,23732,22771,23706,26336,27216,32096,32491,30706,30219,31729,32507,35117,41648,39012,42927,39471,47045,50469
 "31173","Thurston, NE",4,CAGDP2,51,"52","   Finance and insurance ","Thousands of dollars",3205,(D),(D),(D),(D),(D),(D),(D),(D),(D),(D),(D),(D),(D),8418,9033,10202,10084,11623,12208,13182,15188
 "31173","Thurston, NE",4,CAGDP2,56,"53","   Real estate and rental and leasing ","Thousands of dollars",17032,(D),(D),(D),(D),(D),(D),(D),(D),(D),(D),(D),(D),(D),24088,26085,31446,28928,31304,27263,33864,35281
 "31173","Thurston, NE",4,CAGDP2,59,"54,55,56","  Professional and business services ","Thousands of dollars",3205,3589,4011,4094,(D),(D),(D),(D),10576,(D),12823,13906,12078,13532,13994,15088,13804,14407,14944,16723,20459,24559
 "31173","Thurston, NE",4,CAGDP2,60,"54","   Professional, scientific, and technical services ","Thousands of dollars",1485,1474,1600,1703,2263,2958,3596,5026,7288,7135,8745,8259,(D),(D),(D),(D),(D),(D),(D),(D),(D),(D)
 "31173","Thurston, NE",4,CAGDP2,64,"55","   Management of companies and enterprises ","Thousands of dollars",(D),(D),(D),(D),(D),(D),(D),(D),(D),(D),(D),(D),(D),(D),(D),(D),(D),(D),(D),(D),(D),(D)
 "31173","Thurston, NE",4,CAGDP2,65,"56","   Administrative and support and waste management and remediation services ","Thousands of dollars",(D),(D),(D),(D),(D),(D),(D),(D),(D),(D),(D),(D),4904,6795,7368,8844,7334,7806,8507,9091,11120,13912
 "31173","Thurston, NE",4,CAGDP2,68,"61,62","  Educational services, health care, and social assistance ","Thousands of dollars",10458,10171,11236,12640,13816,13412,12000,13353,13817,15093,15638,18118,17319,16096,16972,18271,18980,16029,19874,22784,22420,16661
 "31173","Thurston, NE",4,CAGDP2,69,"61","   Educational services ","Thousands of dollars",(D),458,485,518,519,728,692,635,760,777,737,876,864,937,850,914,970,1041,1077,1072,1085,1111
 "31173","Thurston, NE",4,CAGDP2,70,"62","   Health care and social assistance ","Thousands of dollars",(D),9713,10751,12122,13297,12685,11308,12718,13057,14317,14901,17242,16454,15158,16122,17357,18010,14988,18797,21712,21335,15550
 "31173","Thurston, NE",4,CAGDP2,75,"71,72","  Arts, entertainment, recreation, accommodation, and food services ","Thousands of dollars",1413,1174,(D),(D),1594,1828,1701,1804,(D),2304,2121,2434,2354,2374,1857,2361,2292,2632,2846,1917,2883,3146
 "31173","Thurston, NE",4,CAGDP2,76,"71","   Arts, entertainment, and recreation ","Thousands of dollars",(D),(D),(D),(D),424,584,698,862,(D),1182,(D),(D),(D),(D),(D),(D),(D),(D),(D),(D),(D),(D)
 "31173","Thurston, NE",4,CAGDP2,79,"72","   Accommodation and food services ","Thousands of dollars",(D),(D),(D),(D),1170,1244,1003,942,(D),1121,(D),(D),(D),(D),(D),(D),(D),(D),(D),(D),(D),(D)
 "31173","Thurston, NE",4,CAGDP2,82,"81","  Other services (except government and government enterprises) ","Thousands of dollars",4998,5159,5042,5266,3859,3603,3416,3186,3347,3401,3477,3830,3840,4064,4113,4377,4632,(D),(D),(D),(D),(D)
 "31173","Thurston, NE",4,CAGDP2,83,"92","Government and government enterprises ","Thousands of dollars",53187,60628,64085,66227,69397,75190,77916,82134,86438,96924,102252,106952,106721,116769,134426,126809,134304,143800,160667,183018,185861,212566
 "31173","Thurston, NE",4,CAGDP2,87,"11,21","Natural resources and mining ","Thousands of dollars",25785,25416,43390,44496,43615,38950,53073,65745,82003,89644,128774,83067,96192,75915,71234,63540,67235,75006,70151,67400,115450,129972
 "31173","Thurston, NE",4,CAGDP2,88,"42,44-45","Trade ","Thousands of dollars",(D),(D),19498,20577,21456,20235,18270,19636,21286,27881,(D),(D),39069,49714,53146,52943,52590,53720,56198,60163,61684,71027
 "31173","Thurston, NE",4,CAGDP2,89,"22,48-49","Transportation and utilities ","Thousands of dollars",(D),(D),(D),(D),(D),(D),(D),(D),(D),(D),(D),(D),3211,3368,3070,2130,2551,3990,4078,5183,6327,6958
 "31173","Thurston, NE",4,CAGDP2,90,"31-33,51","Manufacturing and information ","Thousands of dollars",13085,13267,15146,18405,23664,30550,32807,31534,26032,30207,38239,41741,44763,34424,33067,30447,25218,(D),(D),(D),(D),(D)
 "31173","Thurston, NE",4,CAGDP2,91,"...","Private goods-producing industries 2/","Thousands of dollars",41152,40753,58408,60115,61559,58886,73181,85037,96873,107174,157862,115058,130274,104914,100453,94096,96214,100668,93225,90563,141527,160624
 "31173","Thurston, NE",4,CAGDP2,92,"...","Private services-providing industries 3/","Thousands of dollars",64320,66587,72765,78028,83611,87121,89097,96876,102265,113148,117189,120074,119880,128976,133077,137185,141584,137910,149665,155073,170330,182000
 "31175","Valley, NE",4,CAGDP2,1,"...","All industry total ","Thousands of dollars",111905,121778,137781,153962,149990,169082,190239,299382,266859,276650,268622,235260,279642,255868,250508,283497,268988,290554,312081,305261,341495,362075
 "31175","Valley, NE",4,CAGDP2,2,"..."," Private industries ","Thousands of dollars",85375,94122,109541,125722,120887,136359,156315,262945,229922,235337,227509,194000,238901,212909,207559,240076,224282,244360,265676,255769,292007,309930
 "31175","Valley, NE",4,CAGDP2,3,"11","  Agriculture, forestry, fishing and hunting ","Thousands of dollars",20301,22511,36622,36940,39930,40522,55631,42708,31377,33338,65314,40430,61341,46547,31859,43630,39821,47773,52783,63396,83567,83082
 "31175","Valley, NE",4,CAGDP2,6,"21","  Mining, quarrying, and oil and gas extraction ","Thousands of dollars",416,555,429,347,390,453,1316,789,909,1507,1774,1830,1659,1443,1398,901,942,805,993,1380,1418,1256
 "31175","Valley, NE",4,CAGDP2,10,"22","  Utilities ","Thousands of dollars",480,471,386,355,275,418,411,400,729,771,811,893,892,866,949,838,925,1057,1044,1204,1266,1141
 "31175","Valley, NE",4,CAGDP2,11,"23","  Construction ","Thousands of dollars",3171,3474,(D),3162,3569,3862,3948,4030,4012,1986,5143,5950,5260,6367,6454,7908,7569,7247,6918,7433,8628,8086
 "31175","Valley, NE",4,CAGDP2,12,"31-33","  Manufacturing ","Thousands of dollars",1060,1263,(D),2247,2938,5271,8290,100320,103232,80867,51414,19129,20924,21984,18562,17286,14932,15951,16366,21703,23868,25155
 "31175","Valley, NE",4,CAGDP2,13,"321,327-339","   Durable goods manufacturing ","Thousands of dollars",(D),(D),(D),(D),(D),(D),(D),(D),(D),(D),(D),(D),902,751,731,567,(D),(D),1940,3310,3355,3581
 "31175","Valley, NE",4,CAGDP2,25,"311-316,322-326","   Nondurable goods manufacturing ","Thousands of dollars",(D),(D),(D),(D),(D),(D),(D),(D),(D),(D),(D),(D),20023,21233,17830,16720,(D),(D),14426,18392,20513,21573
 "31175","Valley, NE",4,CAGDP2,34,"42","  Wholesale trade ","Thousands of dollars",7706,7845,7936,8247,9103,9314,9434,11087,10419,12476,13752,15620,17689,26746,31439,35732,31082,33960,33752,36913,38842,43334
 "31175","Valley, NE",4,CAGDP2,35,"44-45","  Retail trade ","Thousands of dollars",6199,6711,7225,7285,6803,8277,8469,8904,9982,10467,10389,11808,11643,11956,12886,14697,17728,15024,14673,14710,14934,15099
 "31175","Valley, NE",4,CAGDP2,36,"48-49","  Transportation and warehousing ","Thousands of dollars",(D),(D),(D),(D),(D),(D),(D),(D),(D),(D),(D),(D),(D),(D),(D),(D),(D),(D),(D),(D),(D),(D)
 "31175","Valley, NE",4,CAGDP2,45,"51","  Information ","Thousands of dollars",(D),(D),(D),(D),(D),(D),(D),(D),(D),(D),1545,1745,(D),(D),(D),(D),(D),(D),(D),1438,1754,1866
 "31175","Valley, NE",4,CAGDP2,50,"52,53","  Finance, insurance, real estate, rental, and leasing ","Thousands of dollars",18673,19889,19798,20220,21887,22168,22893,24013,23195,25628,30666,30201,30605,29099,31058,33001,30333,32815,(D),35426,36502,(D)
 "31175","Valley, NE",4,CAGDP2,51,"52","   Finance and insurance ","Thousands of dollars",6002,7100,6912,6553,7168,7298,7828,7131,6501,5840,6740,7699,7750,(D),8304,(D),(D),(D),(D),(D),(D),(D)
 "31175","Valley, NE",4,CAGDP2,56,"53","   Real estate and rental and leasing ","Thousands of dollars",12672,12789,12886,13667,14720,14869,15065,16881,16695,19788,23926,22502,22855,(D),22754,(D),(D),(D),27003,(D),(D),23875
 "31175","Valley, NE",4,CAGDP2,59,"54,55,56","  Professional and business services ","Thousands of dollars",4739,4282,4175,4441,4688,4628,4753,5029,4316,(D),4736,4757,5041,5724,5757,6056,6574,6773,7119,7294,7795,8374
 "31175","Valley, NE",4,CAGDP2,60,"54","   Professional, scientific, and technical services ","Thousands of dollars",(D),(D),(D),(D),(D),3032,(D),(D),(D),4064,4311,4484,(D),5071,5141,(D),(D),(D),(D),(D),(D),(D)
 "31175","Valley, NE",4,CAGDP2,64,"55","   Management of companies and enterprises ","Thousands of dollars",0,0,0,0,0,0,0,0,0,0,0,0,0,0,0,0,0,0,0,0,0,0
 "31175","Valley, NE",4,CAGDP2,65,"56","   Administrative and support and waste management and remediation services ","Thousands of dollars",(D),(D),(D),(D),(D),1596,(D),(D),(D),(D),425,273,(D),653,616,(D),(D),(D),(D),(D),(D),(D)
 "31175","Valley, NE",4,CAGDP2,68,"61,62","  Educational services, health care, and social assistance ","Thousands of dollars",(D),3065,3567,3829,3608,3917,3792,4466,4466,4221,4216,4390,4549,4971,5288,7546,7934,8216,8274,7495,7695,8351
 "31175","Valley, NE",4,CAGDP2,69,"61","   Educational services ","Thousands of dollars",359,420,431,431,409,502,501,506,545,518,539,531,533,551,590,679,(D),(D),(D),(D),(D),(D)
 "31175","Valley, NE",4,CAGDP2,70,"62","   Health care and social assistance ","Thousands of dollars",(D),2645,3136,3398,3199,3415,3290,3959,3921,3703,3677,3860,4015,4420,4699,6867,(D),(D),(D),(D),(D),(D)
 "31175","Valley, NE",4,CAGDP2,75,"71,72","  Arts, entertainment, recreation, accommodation, and food services ","Thousands of dollars",1870,1969,1997,1964,1966,2147,1953,1840,1793,1858,(D),(D),(D),1566,(D),(D),(D),(D),2041,(D),(D),2630
 "31175","Valley, NE",4,CAGDP2,76,"71","   Arts, entertainment, and recreation ","Thousands of dollars",(D),(D),(D),(D),(D),(D),(D),13,30,(D),(D),(D),(D),(D),(D),(D),(D),(D),(D),(D),(D),(D)
 "31175","Valley, NE",4,CAGDP2,79,"72","   Accommodation and food services ","Thousands of dollars",(D),(D),(D),(D),(D),(D),(D),1827,1764,(D),(D),(D),1453,(D),1595,1540,1828,1703,(D),(D),(D),(D)
 "31175","Valley, NE",4,CAGDP2,82,"81","  Other services (except government and government enterprises) ","Thousands of dollars",4651,(D),(D),(D),(D),(D),(D),(D),(D),5302,5350,5661,5549,(D),5080,5407,5272,5686,(D),5041,4045,3997
 "31175","Valley, NE",4,CAGDP2,83,"92","Government and government enterprises ","Thousands of dollars",26530,27656,28240,28239,29103,32722,33924,36437,36937,41313,41114,41260,40741,42959,42949,43421,44705,46194,46405,49493,49487,52145
 "31175","Valley, NE",4,CAGDP2,87,"11,21","Natural resources and mining ","Thousands of dollars",20718,23066,37050,37288,40320,40975,56947,43498,32287,34845,67088,42259,63000,47990,33257,44531,40764,48579,53776,64776,84985,84338
 "31175","Valley, NE",4,CAGDP2,88,"42,44-45","Trade ","Thousands of dollars",13905,14556,15161,15532,15906,17591,17904,19991,20401,22943,24141,27428,29332,38703,44324,50429,48810,48985,48424,51624,53777,58433
 "31175","Valley, NE",4,CAGDP2,89,"22,48-49","Transportation and utilities ","Thousands of dollars",(D),(D),(D),(D),(D),(D),(D),(D),(D),(D),(D),(D),(D),(D),(D),(D),(D),(D),(D),(D),(D),(D)
 "31175","Valley, NE",4,CAGDP2,90,"31-33,51","Manufacturing and information ","Thousands of dollars",(D),(D),3130,(D),(D),(D),(D),(D),(D),(D),52959,20874,(D),(D),(D),(D),(D),(D),(D),23140,25622,27021
 "31175","Valley, NE",4,CAGDP2,91,"...","Private goods-producing industries 2/","Thousands of dollars",24949,27804,42403,42696,46827,50107,69184,147848,139531,117698,123645,67338,89185,76341,58274,69726,63264,71777,77060,93912,117481,117579
 "31175","Valley, NE",4,CAGDP2,92,"...","Private services-providing industries 3/","Thousands of dollars",60426,66319,67138,83026,74060,86252,87131,115098,90391,117639,103863,126662,149716,136568,149285,170349,161018,172583,188616,161857,174526,192351
 "31177","Washington, NE",4,CAGDP2,1,"...","All industry total ","Thousands of dollars",604623,636998,700015,787686,785190,909929,974869,1003963,1078582,1180817,1290166,1340942,1305484,1342515,1330880,1357261,1150646,1293889,1305552,1351932,1595883,1688925
 "31177","Washington, NE",4,CAGDP2,2,"..."," Private industries ","Thousands of dollars",492865,517050,574293,665350,652605,764019,832505,846251,914602,1005698,1099054,1155372,1102346,1159157,1126084,1157093,984860,1149503,1173890,1234050,1484397,1573194
 "31177","Washington, NE",4,CAGDP2,3,"11","  Agriculture, forestry, fishing and hunting ","Thousands of dollars",16682,6478,23165,43958,31398,33192,46918,49391,62847,66076,(D),33370,60304,35836,32764,24804,47027,(D),(D),(D),108438,101897
 "31177","Washington, NE",4,CAGDP2,6,"21","  Mining, quarrying, and oil and gas extraction ","Thousands of dollars",3040,4888,4768,4370,5844,5095,14455,9036,8704,11870,14780,16249,14561,15570,14180,9512,10977,10580,12766,18411,19892,20565
 "31177","Washington, NE",4,CAGDP2,10,"22","  Utilities ","Thousands of dollars",64330,63598,69614,109510,57948,73825,98201,93693,132476,124863,(D),(D),(D),(D),(D),(D),(D),(D),(D),(D),(D),(D)
 "31177","Washington, NE",4,CAGDP2,11,"23","  Construction ","Thousands of dollars",43348,48592,44311,43654,52118,58315,55499,70878,57897,46679,41163,63317,68013,63560,75193,67279,76418,81327,76424,81655,105959,102286
 "31177","Washington, NE",4,CAGDP2,12,"31-33","  Manufacturing ","Thousands of dollars",85365,95948,109647,115782,142587,214876,215795,206676,231814,317637,443269,539255,422429,343558,289783,278378,258788,361926,360512,386571,457035,493773
 "31177","Washington, NE",4,CAGDP2,13,"321,327-339","   Durable goods manufacturing ","Thousands of dollars",(D),(D),(D),36328,37364,45806,51697,(D),(D),25396,25811,32151,35438,30153,28000,26629,30048,30378,38296,41887,48738,57128
 "31177","Washington, NE",4,CAGDP2,25,"311-316,322-326","   Nondurable goods manufacturing ","Thousands of dollars",(D),(D),(D),79454,105223,169070,164098,(D),(D),292241,417457,507104,386991,313405,261783,251750,228740,331548,322217,344684,408297,436645
 "31177","Washington, NE",4,CAGDP2,34,"42","  Wholesale trade ","Thousands of dollars",17351,17051,16191,16992,18892,20241,23646,24677,24165,(D),(D),(D),(D),(D),(D),(D),(D),(D),(D),(D),(D),(D)
 "31177","Washington, NE",4,CAGDP2,35,"44-45","  Retail trade ","Thousands of dollars",66223,71305,80807,86519,88413,85496,86983,90544,88606,91089,93037,104325,119241,124520,128564,128248,139397,142516,138753,149105,162954,158146
 "31177","Washington, NE",4,CAGDP2,36,"48-49","  Transportation and warehousing ","Thousands of dollars",(D),(D),(D),(D),13717,18431,22668,26310,27997,31238,41663,43464,55557,47298,51892,50965,59990,55559,62721,79664,141711,165216
 "31177","Washington, NE",4,CAGDP2,45,"51","  Information ","Thousands of dollars",33909,35164,38922,43862,44002,45993,51287,49111,49000,48755,52313,44103,44867,41557,44846,46137,37072,52544,69551,57264,66008,70514
 "31177","Washington, NE",4,CAGDP2,50,"52,53","  Finance, insurance, real estate, rental, and leasing ","Thousands of dollars",65997,74613,80396,83998,96277,101558,102751,100261,101741,113904,133051,132228,126619,136665,147546,145101,156514,160080,161765,177262,176736,(D)
 "31177","Washington, NE",4,CAGDP2,51,"52","   Finance and insurance ","Thousands of dollars",17687,22924,26462,27341,34317,35079,38721,30990,34108,36179,36554,43129,40313,49803,54482,52921,60699,59327,66045,66771,64967,76897
 "31177","Washington, NE",4,CAGDP2,56,"53","   Real estate and rental and leasing ","Thousands of dollars",48310,51689,53933,56657,61960,66480,64030,69271,67632,77725,96498,89098,86306,86862,93064,92180,95815,100753,95719,110491,111769,(D)
 "31177","Washington, NE",4,CAGDP2,59,"54,55,56","  Professional and business services ","Thousands of dollars",35201,37420,40270,46067,42644,45600,50794,59946,59422,58803,58033,71357,76179,68963,72750,72463,68529,89687,78186,84655,92190,96152
 "31177","Washington, NE",4,CAGDP2,60,"54","   Professional, scientific, and technical services ","Thousands of dollars",(D),(D),8005,9225,9200,13474,12398,14408,18470,17930,18178,29317,24804,18220,15808,16370,15674,19212,18107,21005,23850,27347
 "31177","Washington, NE",4,CAGDP2,64,"55","   Management of companies and enterprises ","Thousands of dollars",(D),(D),12713,16410,11486,11683,14145,17275,13548,13353,13464,14210,23019,21425,27960,25669,20268,35753,20575,20768,21691,23734
 "31177","Washington, NE",4,CAGDP2,65,"56","   Administrative and support and waste management and remediation services ","Thousands of dollars",18611,18842,19552,20432,21958,20444,24252,28262,27405,27520,26391,27830,28356,29319,28982,30424,32587,34722,39504,42882,46649,45071
 "31177","Washington, NE",4,CAGDP2,68,"61,62","  Educational services, health care, and social assistance ","Thousands of dollars",(D),(D),(D),(D),37719,40348,42367,43852,46599,43765,47282,51430,50594,44397,44539,44801,43544,43017,45025,46185,46189,47527
 "31177","Washington, NE",4,CAGDP2,69,"61","   Educational services ","Thousands of dollars",(D),(D),(D),(D),(D),(D),(D),(D),(D),(D),817,(D),(D),(D),(D),(D),(D),1127,1174,1385,1788,1764
 "31177","Washington, NE",4,CAGDP2,70,"62","   Health care and social assistance ","Thousands of dollars",(D),(D),(D),(D),(D),(D),(D),(D),(D),(D),46465,(D),(D),(D),(D),(D),(D),41891,43851,44800,44401,45764
 "31177","Washington, NE",4,CAGDP2,75,"71,72","  Arts, entertainment, recreation, accommodation, and food services ","Thousands of dollars",8238,8210,8507,8410,8393,7571,7490,7724,8273,9615,9174,9266,9813,10267,11603,13008,14172,13944,14048,12939,16632,18810
 "31177","Washington, NE",4,CAGDP2,76,"71","   Arts, entertainment, and recreation ","Thousands of dollars",1692,1731,1868,1548,1265,1157,1035,943,899,1593,1479,877,838,1082,1176,1363,2327,2432,2485,2357,3383,3590
 "31177","Washington, NE",4,CAGDP2,79,"72","   Accommodation and food services ","Thousands of dollars",6546,6480,6639,6862,7128,6414,6455,6781,7374,8022,7695,8389,8976,9184,10427,11645,11845,11512,11563,10581,13249,15220
 "31177","Washington, NE",4,CAGDP2,82,"81","  Other services (except government and government enterprises) ","Thousands of dollars",11234,12604,11994,12518,12652,13479,13651,14151,15061,(D),17029,18191,18479,19003,18992,20195,20840,22805,24222,24477,28155,31941
 "31177","Washington, NE",4,CAGDP2,83,"92","Government and government enterprises ","Thousands of dollars",111758,119949,125722,122336,132585,145910,142364,157712,163980,175118,191112,185569,203138,183359,204796,200167,165786,144386,131662,117881,111485,115731
 "31177","Washington, NE",4,CAGDP2,87,"11,21","Natural resources and mining ","Thousands of dollars",19722,11366,27932,48328,37242,38287,61373,58427,71551,77946,(D),49620,74864,51406,46944,34316,58004,(D),(D),(D),128330,122462
 "31177","Washington, NE",4,CAGDP2,88,"42,44-45","Trade ","Thousands of dollars",83574,88356,96998,103511,107306,105736,110629,115221,112771,(D),(D),(D),(D),(D),(D),(D),(D),(D),(D),(D),(D),(D)
 "31177","Washington, NE",4,CAGDP2,89,"22,48-49","Transportation and utilities ","Thousands of dollars",(D),(D),(D),(D),71665,92256,120869,120003,160473,156101,(D),(D),(D),(D),(D),(D),(D),(D),(D),(D),(D),(D)
 "31177","Washington, NE",4,CAGDP2,90,"31-33,51","Manufacturing and information ","Thousands of dollars",119274,131111,148569,159645,186589,260869,267082,255788,280814,366392,495582,583358,467296,385115,334629,324516,295860,414470,430063,443835,523043,564288
 "31177","Washington, NE",4,CAGDP2,91,"...","Private goods-producing industries 2/","Thousands of dollars",148436,155906,181890,207764,231946,311477,332668,335982,361262,442261,(D),652192,565306,458524,411920,379974,393210,(D),(D),(D),691324,718520
 "31177","Washington, NE",4,CAGDP2,92,"...","Private services-providing industries 3/","Thousands of dollars",344429,361144,392403,457586,420659,452542,499837,510269,553340,563437,(D),503180,537040,700633,714163,777120,591650,(D),(D),(D),793074,854674
 "31179","Wayne, NE",4,CAGDP2,1,"...","All industry total ","Thousands of dollars",220720,220473,250125,269372,272712,259440,305117,319764,321966,368689,415028,350847,356018,329106,343468,349427,407665,413721,442198,484074,600882,749500
 "31179","Wayne, NE",4,CAGDP2,2,"..."," Private industries ","Thousands of dollars",167008,162608,190733,209606,211571,192933,238099,249794,252221,289601,336717,271453,275098,242479,255520,258228,315980,320234,346029,378863,495314,640262
 "31179","Wayne, NE",4,CAGDP2,3,"11","  Agriculture, forestry, fishing and hunting ","Thousands of dollars",38003,25796,46862,55667,(D),20164,58784,72587,76615,(D),(D),67721,69499,36465,32583,16952,45222,49407,61035,63510,114169,137110
 "31179","Wayne, NE",4,CAGDP2,6,"21","  Mining, quarrying, and oil and gas extraction ","Thousands of dollars",0,0,0,0,0,0,0,0,0,0,0,0,0,0,0,0,0,0,0,0,(D),0
 "31179","Wayne, NE",4,CAGDP2,10,"22","  Utilities ","Thousands of dollars",28,25,25,14,(D),4,36,42,52,(D),(D),152,95,52,74,101,146,100,4099,43007,(D),180344
 "31179","Wayne, NE",4,CAGDP2,11,"23","  Construction ","Thousands of dollars",8013,3748,3869,4607,5404,5165,6183,5198,5038,4058,3181,3635,4341,4100,4053,6320,10259,12079,10488,10710,12842,14683
 "31179","Wayne, NE",4,CAGDP2,12,"31-33","  Manufacturing ","Thousands of dollars",25198,34772,38853,42681,45032,46988,42917,40930,36666,38472,42599,49692,48216,47030,49414,49976,54243,56149,57884,51380,62045,72911
 "31179","Wayne, NE",4,CAGDP2,13,"321,327-339","   Durable goods manufacturing ","Thousands of dollars",(D),(D),(D),(D),(D),(D),(D),(D),(D),(D),(D),(D),41273,43444,46586,48240,52376,54447,54991,49158,58133,66053
 "31179","Wayne, NE",4,CAGDP2,25,"311-316,322-326","   Nondurable goods manufacturing ","Thousands of dollars",(D),(D),(D),(D),(D),(D),(D),(D),(D),(D),(D),(D),6943,3586,2827,1736,1866,1702,2893,2221,3912,6858
 "31179","Wayne, NE",4,CAGDP2,34,"42","  Wholesale trade ","Thousands of dollars",8429,9855,11175,13104,14306,15552,17086,18147,18279,18472,19413,21264,22943,24345,25877,26396,26656,28359,29826,31571,31797,34787
 "31179","Wayne, NE",4,CAGDP2,35,"44-45","  Retail trade ","Thousands of dollars",11267,12023,12653,13081,12793,12121,11800,12025,12354,12594,12522,13644,15743,15826,17095,18808,20164,20252,22082,25428,27451,27459
 "31179","Wayne, NE",4,CAGDP2,36,"48-49","  Transportation and warehousing ","Thousands of dollars",5930,5346,5959,5817,6137,7611,8043,8998,8593,8778,10535,12304,10743,11225,13574,16006,16246,16527,13657,15921,13904,12841
 "31179","Wayne, NE",4,CAGDP2,45,"51","  Information ","Thousands of dollars",1996,2176,2506,3166,3608,3356,3003,2657,2363,2099,1980,2492,2915,3201,3832,4541,3967,2582,2724,2496,3720,3821
 "31179","Wayne, NE",4,CAGDP2,50,"52,53","  Finance, insurance, real estate, rental, and leasing ","Thousands of dollars",39552,40393,39867,41890,46714,47992,53044,48741,51167,52997,56015,57542,56302,55991,62778,71335,89794,81582,87359,80712,82014,88786
 "31179","Wayne, NE",4,CAGDP2,51,"52","   Finance and insurance ","Thousands of dollars",14559,15268,15880,16827,20407,23713,27950,22716,24328,22774,23053,24225,24275,23487,28132,33501,45175,40883,43471,44942,39870,44560
 "31179","Wayne, NE",4,CAGDP2,56,"53","   Real estate and rental and leasing ","Thousands of dollars",24993,25125,23987,25063,26308,24279,25094,26024,26838,30223,32962,33317,32027,32503,34645,37835,44618,40699,43888,35770,42144,44226
 "31179","Wayne, NE",4,CAGDP2,59,"54,55,56","  Professional and business services ","Thousands of dollars",2482,2581,2113,2257,(D),5078,8020,8991,8619,(D),(D),6792,7007,6728,6853,7095,7166,7365,7539,7512,10172,10944
 "31179","Wayne, NE",4,CAGDP2,60,"54","   Professional, scientific, and technical services ","Thousands of dollars",1838,(D),(D),(D),(D),(D),5887,6647,(D),(D),(D),4454,4748,4561,4700,4977,5090,5007,4846,4806,5825,6670
 "31179","Wayne, NE",4,CAGDP2,64,"55","   Management of companies and enterprises ","Thousands of dollars",0,0,(D),(D),0,(D),(D),(D),(D),0,0,(D),(D),(D),(D),(D),(D),(D),(D),(D),481,(D)
 "31179","Wayne, NE",4,CAGDP2,65,"56","   Administrative and support and waste management and remediation services ","Thousands of dollars",644,(D),1394,1442,1592,1517,(D),(D),(D),3571,2202,(D),(D),(D),(D),(D),(D),(D),(D),(D),3866,(D)
 "31179","Wayne, NE",4,CAGDP2,68,"61,62","  Educational services, health care, and social assistance ","Thousands of dollars",13200,13274,14145,15217,16204,16727,17561,19502,20441,20706,21860,23690,24435,24304,26048,26519,27373,29581,30811,30936,(D),35107
 "31179","Wayne, NE",4,CAGDP2,69,"61","   Educational services ","Thousands of dollars",(D),405,399,424,406,442,466,463,480,424,390,402,406,451,448,471,467,551,559,533,(D),545
 "31179","Wayne, NE",4,CAGDP2,70,"62","   Health care and social assistance ","Thousands of dollars",(D),12869,13746,14792,15799,16285,17094,19039,19961,20283,21469,23288,24029,23853,25599,26049,26905,29029,30252,30403,31876,34562
 "31179","Wayne, NE",4,CAGDP2,75,"71,72","  Arts, entertainment, recreation, accommodation, and food services ","Thousands of dollars",6950,6187,6304,6098,6364,6257,5852,6059,6052,6336,6275,6988,7180,7462,7361,8065,8501,9466,11604,8021,12179,13529
 "31179","Wayne, NE",4,CAGDP2,76,"71","   Arts, entertainment, and recreation ","Thousands of dollars",583,663,636,530,622,649,649,562,522,521,459,460,514,463,481,499,538,742,840,830,953,1075
 "31179","Wayne, NE",4,CAGDP2,79,"72","   Accommodation and food services ","Thousands of dollars",6366,5525,5668,5568,5742,5609,5203,5497,5531,5816,5816,6528,6665,6998,6879,7566,7963,8724,10764,7191,11225,12455
 "31179","Wayne, NE",4,CAGDP2,82,"81","  Other services (except government and government enterprises) ","Thousands of dollars",5960,6431,6403,6009,6033,5918,5769,5917,5983,5752,5605,5538,5681,5751,5980,6114,6244,6786,6920,7661,7784,7939
 "31179","Wayne, NE",4,CAGDP2,83,"92","Government and government enterprises ","Thousands of dollars",53712,57865,59392,59766,61142,66507,67018,69970,69745,79088,78311,79394,80920,86627,87948,91199,91685,93487,96169,105211,105568,109238
 "31179","Wayne, NE",4,CAGDP2,87,"11,21","Natural resources and mining ","Thousands of dollars",38003,25796,46862,55667,(D),20164,58784,72587,76615,(D),(D),67721,69499,36465,32583,16952,45222,49407,61035,63510,(D),137110
 "31179","Wayne, NE",4,CAGDP2,88,"42,44-45","Trade ","Thousands of dollars",19696,21877,23829,26184,27099,27673,28886,30172,30633,31067,31934,34908,38686,40172,42971,45203,46820,48611,51908,56999,59248,62246
 "31179","Wayne, NE",4,CAGDP2,89,"22,48-49","Transportation and utilities ","Thousands of dollars",5958,5371,5984,5831,(D),7615,8079,9040,8645,(D),(D),12456,10838,11277,13648,16107,16392,16627,17757,58928,(D),193185
 "31179","Wayne, NE",4,CAGDP2,90,"31-33,51","Manufacturing and information ","Thousands of dollars",27194,36948,41359,45846,48640,50344,45921,43587,39029,40571,44579,52184,51131,50231,53246,54518,58209,58731,60608,53875,65765,76733
 "31179","Wayne, NE",4,CAGDP2,91,"...","Private goods-producing industries 2/","Thousands of dollars",71215,64317,89583,102955,(D),72317,107884,118715,118319,(D),(D),121048,122056,87595,86050,73248,109723,117635,129407,125599,(D),224705
 "31179","Wayne, NE",4,CAGDP2,92,"...","Private services-providing industries 3/","Thousands of dollars",95793,98291,101150,106651,(D),120616,130215,131079,133902,(D),(D),150406,153042,154885,169470,184980,206256,202599,216622,253264,(D),415557
 "31181","Webster, NE",4,CAGDP2,1,"...","All industry total ","Thousands of dollars",86740,79448,104945,104183,109402,97318,121183,147827,132632,139342,176252,176747,217784,224733,260162,254879,174877,190744,214794,210650,284987,359333
 "31181","Webster, NE",4,CAGDP2,2,"..."," Private industries ","Thousands of dollars",74343,66387,91295,90522,95686,81808,105131,131287,115401,120369,157362,157781,199074,204406,240057,233470,153448,168209,191212,185830,259832,333534
 "31181","Webster, NE",4,CAGDP2,3,"11","  Agriculture, forestry, fishing and hunting ","Thousands of dollars",29967,20564,46097,46232,45405,27832,38061,(D),41662,45956,89275,74371,110758,120978,133007,137999,64908,64808,83889,75369,107904,94869
 "31181","Webster, NE",4,CAGDP2,6,"21","  Mining, quarrying, and oil and gas extraction ","Thousands of dollars",585,827,800,741,853,754,1876,1159,1160,1839,1972,1978,1543,1162,1221,820,740,715,716,968,900,0
 "31181","Webster, NE",4,CAGDP2,10,"22","  Utilities ","Thousands of dollars",683,667,562,529,369,517,507,571,887,866,865,800,920,930,921,820,4106,15468,15798,16530,24797,98982
 "31181","Webster, NE",4,CAGDP2,11,"23","  Construction ","Thousands of dollars",3133,3510,3590,3533,2803,2879,(D),(D),(D),(D),(D),(D),(D),(D),(D),(D),(D),(D),(D),(D),(D),(D)
 "31181","Webster, NE",4,CAGDP2,12,"31-33","  Manufacturing ","Thousands of dollars",1107,1353,945,671,515,818,(D),230,(D),(D),(D),(D),(D),(D),(D),(D),(D),(D),(D),(D),(D),(D)
 "31181","Webster, NE",4,CAGDP2,13,"321,327-339","   Durable goods manufacturing ","Thousands of dollars",(D),(D),(D),(D),(D),(D),(D),(D),(D),101,53,23,127,74,(D),(D),(D),80,104,157,87,101
 "31181","Webster, NE",4,CAGDP2,25,"311-316,322-326","   Nondurable goods manufacturing ","Thousands of dollars",(D),(D),(D),(D),(D),(D),(D),(D),(D),(D),(D),(D),(D),(D),(D),(D),(D),(D),(D),(D),(D),(D)
 "31181","Webster, NE",4,CAGDP2,34,"42","  Wholesale trade ","Thousands of dollars",6279,6336,5620,5936,6051,6277,6216,(D),7693,8277,8937,10330,12942,15796,17145,17623,17275,17416,19691,21858,22337,23481
 "31181","Webster, NE",4,CAGDP2,35,"44-45","  Retail trade ","Thousands of dollars",4076,4142,3762,3419,3411,3605,3490,3333,3451,3908,4754,5463,5748,5453,5344,5446,5597,6035,6969,7718,8127,7834
 "31181","Webster, NE",4,CAGDP2,36,"48-49","  Transportation and warehousing ","Thousands of dollars",(D),(D),(D),(D),(D),(D),(D),(D),(D),(D),(D),(D),(D),(D),(D),(D),(D),(D),(D),(D),(D),(D)
 "31181","Webster, NE",4,CAGDP2,45,"51","  Information ","Thousands of dollars",3541,3940,4719,5282,5882,6710,(D),(D),(D),(D),(D),(D),(D),(D),(D),14288,11951,10755,(D),9278,10419,10800
 "31181","Webster, NE",4,CAGDP2,50,"52,53","  Finance, insurance, real estate, rental, and leasing ","Thousands of dollars",14594,15618,15016,14713,16531,20136,20681,17644,18409,20113,20349,19517,24390,23551,25489,27414,23807,23875,(D),24916,26205,(D)
 "31181","Webster, NE",4,CAGDP2,51,"52","   Finance and insurance ","Thousands of dollars",4818,5464,4565,4141,5001,5349,4809,4208,3862,4060,4571,5346,5694,(D),(D),(D),(D),(D),(D),(D),(D),(D)
 "31181","Webster, NE",4,CAGDP2,56,"53","   Real estate and rental and leasing ","Thousands of dollars",9777,10153,10452,10572,11530,14788,15872,13436,14547,16053,15779,14171,18696,(D),(D),(D),(D),(D),21674,(D),(D),21457
 "31181","Webster, NE",4,CAGDP2,59,"54,55,56","  Professional and business services ","Thousands of dollars",(D),(D),(D),(D),(D),(D),(D),(D),(D),(D),(D),(D),(D),(D),(D),(D),2359,2673,3119,2831,2821,2823
 "31181","Webster, NE",4,CAGDP2,60,"54","   Professional, scientific, and technical services ","Thousands of dollars",(D),(D),(D),(D),(D),(D),(D),(D),(D),(D),(D),(D),(D),(D),(D),(D),569,841,989,900,891,1004
 "31181","Webster, NE",4,CAGDP2,64,"55","   Management of companies and enterprises ","Thousands of dollars",0,0,0,0,0,0,0,0,0,0,0,0,0,0,0,(D),0,0,0,0,0,0
 "31181","Webster, NE",4,CAGDP2,65,"56","   Administrative and support and waste management and remediation services ","Thousands of dollars",(D),(D),(D),(D),(D),(D),361,353,454,788,1002,1065,1156,1367,1514,1752,1790,1833,2130,1931,1931,1818
 "31181","Webster, NE",4,CAGDP2,68,"61,62","  Educational services, health care, and social assistance ","Thousands of dollars",3688,3724,3933,3862,3764,4020,4059,4014,4137,4144,4370,4983,4933,5249,5002,5151,4735,5452,5669,5492,5153,5869
 "31181","Webster, NE",4,CAGDP2,69,"61","   Educational services ","Thousands of dollars",27,27,24,35,22,23,15,27,36,55,44,38,28,29,27,29,59,113,119,108,58,60
 "31181","Webster, NE",4,CAGDP2,70,"62","   Health care and social assistance ","Thousands of dollars",3661,3697,3909,3827,3742,3997,4044,3987,4101,4089,4326,4945,4905,5220,4975,5122,4676,5339,5550,5384,5095,5809
 "31181","Webster, NE",4,CAGDP2,75,"71,72","  Arts, entertainment, recreation, accommodation, and food services ","Thousands of dollars",1066,1102,1103,978,1117,1216,1171,1062,1100,1028,1027,1186,1148,1349,1571,1776,(D),(D),2291,(D),1905,2194
 "31181","Webster, NE",4,CAGDP2,76,"71","   Arts, entertainment, and recreation ","Thousands of dollars",378,391,409,(D),425,448,434,477,502,500,542,721,690,(D),(D),(D),(D),(D),(D),(D),893,(D)
 "31181","Webster, NE",4,CAGDP2,79,"72","   Accommodation and food services ","Thousands of dollars",689,711,694,(D),692,768,737,585,599,528,485,465,458,(D),(D),(D),(D),(D),(D),(D),1013,(D)
 "31181","Webster, NE",4,CAGDP2,82,"81","  Other services (except government and government enterprises) ","Thousands of dollars",2329,2431,2436,2679,2723,2686,2928,3030,3310,3199,3105,3045,2854,2884,(D),3053,3112,3182,(D),3130,3418,3727
 "31181","Webster, NE",4,CAGDP2,83,"92","Government and government enterprises ","Thousands of dollars",12397,13062,13650,13661,13716,15510,16052,16540,17231,18973,18890,18966,18710,20327,20105,21408,21428,22535,23582,24820,25155,25798
 "31181","Webster, NE",4,CAGDP2,87,"11,21","Natural resources and mining ","Thousands of dollars",30552,21391,46897,46973,46258,28585,39937,(D),42823,47794,91248,76349,112301,122140,134228,138819,65648,65522,84604,76338,108805,94869
 "31181","Webster, NE",4,CAGDP2,88,"42,44-45","Trade ","Thousands of dollars",10354,10478,9382,9355,9462,9883,9706,(D),11144,12184,13691,15793,18690,21249,22489,23070,22872,23451,26660,29576,30464,31315
 "31181","Webster, NE",4,CAGDP2,89,"22,48-49","Transportation and utilities ","Thousands of dollars",(D),(D),(D),(D),(D),(D),(D),(D),(D),(D),(D),(D),(D),(D),(D),(D),(D),(D),(D),(D),(D),(D)
 "31181","Webster, NE",4,CAGDP2,90,"31-33,51","Manufacturing and information ","Thousands of dollars",4647,5293,5665,5953,6397,7527,9647,(D),12530,12123,11235,11541,13615,13819,14332,(D),(D),(D),9337,(D),(D),(D)
 "31181","Webster, NE",4,CAGDP2,91,"...","Private goods-producing industries 2/","Thousands of dollars",34791,26254,51432,51177,49575,32281,43531,65949,46684,51463,95219,80012,116125,126626,139223,144200,71823,70783,89301,82021,(D),102703
 "31181","Webster, NE",4,CAGDP2,92,"...","Private services-providing industries 3/","Thousands of dollars",39552,40133,39864,39345,46111,49527,61599,65338,68718,68906,62143,77769,82949,77780,100834,89270,81626,97426,101911,103809,(D),230831
 "31183","Wheeler, NE",4,CAGDP2,1,"...","All industry total ","Thousands of dollars",40381,64008,59398,48620,55695,51095,34373,44360,43881,67342,94624,84855,105583,139931,150927,151334,95268,94486,100123,79790,96940,99494
 "31183","Wheeler, NE",4,CAGDP2,2,"..."," Private industries ","Thousands of dollars",37835,61248,56652,45924,52922,48208,31369,41203,40654,63649,90867,81117,101978,136170,146993,147083,90632,89531,94943,74122,91139,93463
 "31183","Wheeler, NE",4,CAGDP2,3,"11","  Agriculture, forestry, fishing and hunting ","Thousands of dollars",30684,53653,(D),38097,44450,39345,22304,31111,30195,52897,(D),(D),88435,122756,131531,131560,75824,72503,76816,58215,76796,78189
 "31183","Wheeler, NE",4,CAGDP2,6,"21","  Mining, quarrying, and oil and gas extraction ","Thousands of dollars",0,0,0,0,0,0,0,0,0,0,0,0,0,0,0,0,0,0,0,0,0,0
 "31183","Wheeler, NE",4,CAGDP2,10,"22","  Utilities ","Thousands of dollars",0,0,0,0,0,0,0,0,0,0,0,0,0,0,0,0,0,0,0,0,0,0
 "31183","Wheeler, NE",4,CAGDP2,11,"23","  Construction ","Thousands of dollars",(D),(D),(D),(D),(D),(D),(D),(D),(D),(D),(D),(D),333,284,(D),(D),(D),(D),(D),535,(D),(D)
 "31183","Wheeler, NE",4,CAGDP2,12,"31-33","  Manufacturing ","Thousands of dollars",(D),(D),138,(D),(D),(D),(D),(D),(D),(D),218,102,141,92,(D),(D),(D),(D),(D),17,(D),(D)
 "31183","Wheeler, NE",4,CAGDP2,13,"321,327-339","   Durable goods manufacturing ","Thousands of dollars",(D),(D),13,(D),(D),(D),(D),(D),(D),(D),163,14,65,38,(D),(D),(D),(D),(D),17,(D),(D)
 "31183","Wheeler, NE",4,CAGDP2,25,"311-316,322-326","   Nondurable goods manufacturing ","Thousands of dollars",220,314,126,87,53,15,32,67,60,67,55,88,77,55,59,58,50,36,39,0,0,0
 "31183","Wheeler, NE",4,CAGDP2,34,"42","  Wholesale trade ","Thousands of dollars",(D),(D),(D),(D),(D),1846,(D),1845,1969,(D),(D),2981,2556,2780,2886,2877,2806,3242,3241,3390,2984,(D)
 "31183","Wheeler, NE",4,CAGDP2,35,"44-45","  Retail trade ","Thousands of dollars",463,472,379,(D),(D),(D),(D),(D),(D),(D),(D),(D),(D),(D),(D),(D),(D),(D),(D),(D),(D),(D)
 "31183","Wheeler, NE",4,CAGDP2,36,"48-49","  Transportation and warehousing ","Thousands of dollars",(D),(D),(D),432,557,(D),(D),(D),(D),(D),(D),(D),(D),(D),(D),(D),(D),(D),(D),(D),(D),(D)
 "31183","Wheeler, NE",4,CAGDP2,45,"51","  Information ","Thousands of dollars",28,30,61,64,33,48,0,3,3,0,0,0,0,0,0,0,0,0,0,0,0,0
 "31183","Wheeler, NE",4,CAGDP2,50,"52,53","  Finance, insurance, real estate, rental, and leasing ","Thousands of dollars",3763,4127,4241,4243,4755,5101,5088,5695,5415,5928,7131,7007,7530,6636,7406,8303,7390,8269,(D),7459,7270,(D)
 "31183","Wheeler, NE",4,CAGDP2,51,"52","   Finance and insurance ","Thousands of dollars",(D),(D),(D),(D),(D),(D),(D),(D),(D),(D),(D),(D),(D),(D),(D),(D),(D),(D),(D),(D),(D),(D)
 "31183","Wheeler, NE",4,CAGDP2,56,"53","   Real estate and rental and leasing ","Thousands of dollars",(D),(D),(D),(D),(D),(D),(D),(D),(D),(D),(D),(D),(D),(D),(D),(D),(D),(D),6541,(D),(D),5612
 "31183","Wheeler, NE",4,CAGDP2,59,"54,55,56","  Professional and business services ","Thousands of dollars",(D),120,114,125,110,153,159,165,149,166,(D),(D),(D),(D),(D),(D),270,327,461,405,388,787
 "31183","Wheeler, NE",4,CAGDP2,60,"54","   Professional, scientific, and technical services ","Thousands of dollars",(D),52,54,62,54,73,68,85,62,64,73,76,74,61,83,84,(D),(D),(D),(D),(D),(D)
 "31183","Wheeler, NE",4,CAGDP2,64,"55","   Management of companies and enterprises ","Thousands of dollars",0,0,0,0,0,0,0,0,0,0,0,0,0,0,0,0,0,0,0,0,0,0
 "31183","Wheeler, NE",4,CAGDP2,65,"56","   Administrative and support and waste management and remediation services ","Thousands of dollars",62,68,60,63,57,80,91,80,86,102,(D),(D),(D),(D),(D),(D),(D),(D),(D),(D),(D),(D)
 "31183","Wheeler, NE",4,CAGDP2,68,"61,62","  Educational services, health care, and social assistance ","Thousands of dollars",59,63,60,105,104,93,62,4,13,81,154,195,200,166,102,29,64,115,128,112,233,(D)
 "31183","Wheeler, NE",4,CAGDP2,69,"61","   Educational services ","Thousands of dollars",12,12,16,25,18,11,3,0,0,0,5,15,17,15,21,29,64,115,128,112,36,37
 "31183","Wheeler, NE",4,CAGDP2,70,"62","   Health care and social assistance ","Thousands of dollars",47,51,44,80,86,82,59,4,13,81,149,180,184,151,81,0,0,0,0,0,197,(D)
 "31183","Wheeler, NE",4,CAGDP2,75,"71,72","  Arts, entertainment, recreation, accommodation, and food services ","Thousands of dollars",138,152,(D),(D),(D),(D),(D),(D),(D),(D),(D),(D),177,194,259,365,465,742,882,515,440,(D)
 "31183","Wheeler, NE",4,CAGDP2,76,"71","   Arts, entertainment, and recreation ","Thousands of dollars",47,50,56,44,29,22,10,2,0,37,37,19,25,29,25,36,66,173,212,147,21,26
 "31183","Wheeler, NE",4,CAGDP2,79,"72","   Accommodation and food services ","Thousands of dollars",91,102,(D),(D),(D),(D),(D),(D),(D),(D),(D),(D),152,165,234,330,399,569,670,368,419,(D)
 "31183","Wheeler, NE",4,CAGDP2,82,"81","  Other services (except government and government enterprises) ","Thousands of dollars",(D),(D),(D),(D),(D),(D),(D),(D),(D),(D),(D),(D),(D),(D),(D),(D),(D),(D),(D),(D),(D),(D)
 "31183","Wheeler, NE",4,CAGDP2,83,"92","Government and government enterprises ","Thousands of dollars",2546,2760,2745,2696,2773,2887,3004,3158,3227,3693,3757,3737,3604,3762,3934,4252,4635,4955,5180,5668,5801,6031
 "31183","Wheeler, NE",4,CAGDP2,87,"11,21","Natural resources and mining ","Thousands of dollars",30684,53653,(D),38097,44450,39345,22304,31111,30195,52897,(D),(D),88435,122756,131531,131560,75824,72503,76816,58215,76796,78189
 "31183","Wheeler, NE",4,CAGDP2,88,"42,44-45","Trade ","Thousands of dollars",(D),(D),(D),2191,2251,(D),2360,(D),(D),2969,3206,(D),(D),(D),(D),(D),(D),(D),(D),(D),(D),4080
 "31183","Wheeler, NE",4,CAGDP2,89,"22,48-49","Transportation and utilities ","Thousands of dollars",(D),(D),(D),432,557,(D),(D),(D),(D),(D),(D),(D),(D),(D),(D),(D),(D),(D),(D),(D),(D),(D)
 "31183","Wheeler, NE",4,CAGDP2,90,"31-33,51","Manufacturing and information ","Thousands of dollars",(D),(D),199,(D),(D),(D),(D),(D),(D),(D),218,102,141,92,(D),(D),(D),(D),(D),17,(D),(D)
 "31183","Wheeler, NE",4,CAGDP2,91,"...","Private goods-producing industries 2/","Thousands of dollars",31101,54189,49463,38422,44766,39632,22637,31687,30897,53240,78646,68302,88909,123132,132046,132019,76408,73107,77661,58767,77157,78548
 "31183","Wheeler, NE",4,CAGDP2,92,"...","Private services-providing industries 3/","Thousands of dollars",6734,7058,7189,7502,8156,8576,8732,9516,9757,10409,12221,12815,13070,13038,14947,15064,14224,16424,17282,15355,13983,14915
 "31185","York, NE",4,CAGDP2,1,"...","All industry total ","Thousands of dollars",401971,418647,469608,517553,535012,541004,612097,659193,659346,661130,773590,818309,865615,790221,770550,729641,722981,772997,828744,847906,1008626,1071839
 "31185","York, NE",4,CAGDP2,2,"..."," Private industries ","Thousands of dollars",346036,360209,410961,457939,471041,470953,538833,578278,579483,573345,686130,730901,775449,696673,676017,632297,623136,670539,724369,736880,895696,949256
 "31185","York, NE",4,CAGDP2,3,"11","  Agriculture, forestry, fishing and hunting ","Thousands of dollars",41904,50044,73454,86515,70181,59996,129174,132870,128822,99177,173521,193310,243563,161818,122602,76695,51717,58857,98092,110936,188239,171446
 "31185","York, NE",4,CAGDP2,6,"21","  Mining, quarrying, and oil and gas extraction ","Thousands of dollars",120,179,166,234,219,175,179,105,134,205,1052,1152,1043,758,373,233,284,366,350,724,1448,1696
 "31185","York, NE",4,CAGDP2,10,"22","  Utilities ","Thousands of dollars",0,0,11,1,1,1,635,761,915,815,771,720,787,820,725,526,821,1204,1681,2099,2375,2132
 "31185","York, NE",4,CAGDP2,11,"23","  Construction ","Thousands of dollars",9576,9749,10837,11952,16592,16678,13256,13440,13979,12157,15028,9066,11010,19387,23604,29300,31918,28999,28693,28415,30145,30395
 "31185","York, NE",4,CAGDP2,12,"31-33","  Manufacturing ","Thousands of dollars",61356,54772,65368,74664,81457,90739,82112,79257,76147,84120,104117,106511,99902,88694,85688,89263,83741,89112,89094,89740,98764,116465
 "31185","York, NE",4,CAGDP2,13,"321,327-339","   Durable goods manufacturing ","Thousands of dollars",39078,31749,34739,41516,51389,52583,(D),(D),(D),43422,57454,62894,58951,49461,49128,49861,53378,59638,64853,62101,66750,79184
 "31185","York, NE",4,CAGDP2,25,"311-316,322-326","   Nondurable goods manufacturing ","Thousands of dollars",22278,23023,30629,33147,30068,38156,(D),(D),(D),40698,46664,43617,40952,39233,36560,39402,30363,29474,24241,27638,32013,37281
 "31185","York, NE",4,CAGDP2,34,"42","  Wholesale trade ","Thousands of dollars",(D),(D),(D),(D),(D),(D),(D),51846,54945,60614,63921,71038,78702,86937,91275,88574,87156,87997,89240,92283,103796,118372
 "31185","York, NE",4,CAGDP2,35,"44-45","  Retail trade ","Thousands of dollars",38830,41152,43363,44126,47789,45608,45329,44742,45277,47012,48762,51913,53920,50150,50267,48390,48106,47560,57172,62032,67087,69583
 "31185","York, NE",4,CAGDP2,36,"48-49","  Transportation and warehousing ","Thousands of dollars",(D),(D),(D),(D),(D),(D),(D),43545,(D),(D),(D),(D),(D),(D),(D),(D),(D),(D),(D),(D),(D),(D)
 "31185","York, NE",4,CAGDP2,45,"51","  Information ","Thousands of dollars",10939,12899,14236,14549,11299,10325,10754,10849,10869,9838,8358,9944,14916,15915,15772,9826,5681,5861,7256,7441,9120,9472
 "31185","York, NE",4,CAGDP2,50,"52,53","  Finance, insurance, real estate, rental, and leasing ","Thousands of dollars",53735,57731,58240,59960,65632,70531,68067,77843,80454,78858,91034,97175,99844,97770,100237,102658,112454,136833,123237,125188,132366,(D)
 "31185","York, NE",4,CAGDP2,51,"52","   Finance and insurance ","Thousands of dollars",20856,24286,24637,25163,28278,28968,28905,31161,33843,35568,36835,41111,41716,40101,41971,47592,54108,70938,62468,63364,64256,71675
 "31185","York, NE",4,CAGDP2,56,"53","   Real estate and rental and leasing ","Thousands of dollars",32878,33444,33603,34797,37354,41563,39162,46682,46611,43289,54199,56064,58128,57669,58266,55067,58346,65895,60769,61824,68110,(D)
 "31185","York, NE",4,CAGDP2,59,"54,55,56","  Professional and business services ","Thousands of dollars",12826,13249,14315,17580,18619,18976,20849,25476,26540,(D),(D),(D),37877,39535,38531,38955,44605,(D),(D),(D),(D),52988
 "31185","York, NE",4,CAGDP2,60,"54","   Professional, scientific, and technical services ","Thousands of dollars",(D),8276,(D),(D),(D),11741,13016,15557,15550,(D),(D),(D),20014,20375,19988,19340,21547,(D),(D),(D),(D),18400
 "31185","York, NE",4,CAGDP2,64,"55","   Management of companies and enterprises ","Thousands of dollars",(D),(D),(D),(D),(D),(D),(D),(D),(D),(D),(D),(D),288,279,266,238,252,(D),(D),(D),(D),196
 "31185","York, NE",4,CAGDP2,65,"56","   Administrative and support and waste management and remediation services ","Thousands of dollars",4661,(D),5527,6189,6784,(D),(D),(D),(D),12071,14701,17255,17576,18881,18277,19376,22805,26433,26880,27105,29929,34392
 "31185","York, NE",4,CAGDP2,68,"61,62","  Educational services, health care, and social assistance ","Thousands of dollars",38983,39486,42677,47196,49209,51942,54382,59677,63996,64118,64260,67514,(D),68519,(D),(D),(D),81848,83176,83558,92810,94505
 "31185","York, NE",4,CAGDP2,69,"61","   Educational services ","Thousands of dollars",(D),(D),(D),8427,(D),(D),(D),(D),(D),(D),(D),(D),(D),(D),(D),(D),(D),(D),(D),(D),(D),(D)
 "31185","York, NE",4,CAGDP2,70,"62","   Health care and social assistance ","Thousands of dollars",(D),(D),(D),38769,(D),(D),(D),(D),(D),(D),(D),(D),(D),(D),(D),(D),(D),(D),(D),(D),(D),(D)
 "31185","York, NE",4,CAGDP2,75,"71,72","  Arts, entertainment, recreation, accommodation, and food services ","Thousands of dollars",15070,15888,17256,19255,19677,19393,20307,21673,(D),26080,25030,24690,23483,(D),24183,26974,28460,30074,31435,26564,29856,33301
 "31185","York, NE",4,CAGDP2,76,"71","   Arts, entertainment, and recreation ","Thousands of dollars",2091,2268,2369,2219,2176,2112,2060,2032,(D),2233,2261,2522,2162,(D),1916,2012,1884,1924,2001,1774,2348,2602
 "31185","York, NE",4,CAGDP2,79,"72","   Accommodation and food services ","Thousands of dollars",12979,13620,14887,17036,17501,17281,18246,19641,(D),23846,22769,22168,21322,(D),22267,24962,26576,28150,29434,24790,27508,30699
 "31185","York, NE",4,CAGDP2,82,"81","  Other services (except government and government enterprises) ","Thousands of dollars",13521,14324,14416,15451,16835,17846,17884,16193,16480,16659,18487,20217,19935,20742,20895,22064,22338,23720,23584,23583,25211,27238
 "31185","York, NE",4,CAGDP2,83,"92","Government and government enterprises ","Thousands of dollars",55936,58437,58646,59614,63971,70051,73264,80915,79863,87785,87460,87408,90165,93549,94533,97344,99846,102458,104376,111026,112931,122582
 "31185","York, NE",4,CAGDP2,87,"11,21","Natural resources and mining ","Thousands of dollars",42025,50223,73620,86748,70400,60171,129353,132975,128957,99382,174573,194462,244606,162576,122975,76928,52000,59223,98442,111660,189687,173143
 "31185","York, NE",4,CAGDP2,88,"42,44-45","Trade ","Thousands of dollars",(D),(D),(D),(D),(D),(D),(D),96588,100222,107625,112684,122951,132621,137088,141542,136964,135263,135557,146412,154315,170883,187954
 "31185","York, NE",4,CAGDP2,89,"22,48-49","Transportation and utilities ","Thousands of dollars",(D),(D),(D),(D),(D),(D),(D),44306,(D),(D),(D),(D),(D),(D),(D),(D),(D),(D),(D),(D),(D),(D)
 "31185","York, NE",4,CAGDP2,90,"31-33,51","Manufacturing and information ","Thousands of dollars",72295,67671,79604,89213,92756,101064,92866,90106,87016,93958,112476,116455,114818,104610,101460,99088,89422,94972,96349,97180,107884,125937
 "31185","York, NE",4,CAGDP2,91,"...","Private goods-producing industries 2/","Thousands of dollars",112956,114745,149825,173364,168450,167588,224721,225673,219082,195659,293718,310039,355519,270657,232268,195491,167660,177334,216229,229814,318596,320003
 "31185","York, NE",4,CAGDP2,92,"...","Private services-providing industries 3/","Thousands of dollars",233080,245465,261137,284575,302591,303365,314112,352605,360401,377686,392412,420861,419931,426016,443749,436806,455476,493205,508140,507066,577100,629254
"Note: See the included footnote file."
"CAGDP2: Gross domestic product (GDP) by county and metropolitan area 1."
"Last updated: November 1, 2024 -- revised statistics for 2001-2016."
"U.S. Bureau of Economic Analysis"
