GeoFIPS,GeoName,Region,TableName,LineCode,IndustryClassification,Description,Unit,2001,2002,2003,2004,2005,2006,2007,2008,2009,2010,2011,2012,2013,2014,2015,2016,2017,2018,2019,2020,2021,2022
 "06000","California",8,CAGDP2,1,"...","All industry total ","Thousands of dollars",1373270815,1419321823,1498577965,1585081440,1698858388,1812161630,1900220369,1946241466,1879809513,1938603260,2014050287,2108873110,2223300903,2342218803,2487156418,2586485176,2740550256,2899530864,3062158945,3068809395,3416939441,3641643425
 "06000","California",8,CAGDP2,2,"..."," Private industries ","Thousands of dollars",1196078123,1231766870,1301545490,1379438516,1484019483,1585884034,1657737874,1691643939,1625315595,1680749567,1750807306,1844154781,1947877360,2052422466,2180772717,2266952586,2415987761,2561404354,2714527485,2712318196,3047121497,3260251295
 "06000","California",8,CAGDP2,3,"11","  Agriculture, forestry, fishing and hunting ","Thousands of dollars",17911660,18736869,21167011,25355080,25442714,24434441,28521063,25708094,24925068,28237298,32278564,34079801,38251284,40819517,37907686,37229593,39257475,39165626,37304633,38300581,42719973,45330559
 "06000","California",8,CAGDP2,6,"21","  Mining, quarrying, and oil and gas extraction ","Thousands of dollars",6428067,5926629,6990653,9117485,12666924,17698608,21480121,25774551,17888251,18384358,20695351,21479892,19911627,17888954,9710993,8112005,9837289,9469840,8216983,7077155,9708469,11610355
 "06000","California",8,CAGDP2,10,"22","  Utilities ","Thousands of dollars",14605856,20247642,20980429,20778405,20984548,25209515,25445655,24961615,27339462,28468631,29934687,29518093,31178157,32239576,33376662,34327418,38232659,39673210,40239699,42193887,43689649,52323868
 "06000","California",8,CAGDP2,11,"23","  Construction ","Thousands of dollars",58692904,59866295,66907443,80986924,92240324,97643494,94706322,76888032,65281123,61615695,58937981,64176664,73416423,80017643,91151966,100803767,110699136,119459047,128774877,125193945,131778125,140528134
 "06000","California",8,CAGDP2,12,"31-33","  Manufacturing ","Thousands of dollars",177924803,162473629,176918552,182327356,207858663,220276254,231198993,245014208,226538737,219570992,221137720,233979512,245289875,256305757,268522946,272154182,294636660,325580226,335177209,325035965,368835366,397046674
 "06000","California",8,CAGDP2,13,"321,327-339","   Durable goods manufacturing ","Thousands of dollars",113124925,106545517,112195576,111213597,123605622,126228256,131212785,128125609,123974936,123588558,132772144,137448961,143422832,148153575,157430839,163402526,176065887,186593811,192566551,201746247,222215597,235402818
 "06000","California",8,CAGDP2,25,"311-316,322-326","   Nondurable goods manufacturing ","Thousands of dollars",64799878,55928112,64722976,71113759,84253041,94047998,99986208,116888599,102563801,95982434,88365576,96530550,101867044,108152182,111092107,108751656,118570773,138986416,142610657,123289719,146619769,161643856
 "06000","California",8,CAGDP2,34,"42","  Wholesale trade ","Thousands of dollars",76009987,76210646,79875742,84620583,93083903,101699299,108145439,109105546,99224675,106580861,117487538,120165327,128237271,139456449,152827537,148802388,155598124,160211472,173197208,170353123,184894873,200828930
 "06000","California",8,CAGDP2,35,"44-45","  Retail trade ","Thousands of dollars",98970590,102970173,108580580,115000133,121189465,126435936,123320801,115687309,110186035,115543455,117841262,124176099,133658502,138640667,147265469,151074211,157909485,161980300,172119830,173631944,199807880,218144300
 "06000","California",8,CAGDP2,36,"48-49","  Transportation and warehousing ","Thousands of dollars",33778829,33755118,34821866,38872991,40437419,46037247,45642553,45821696,43180700,46522698,48051623,48514401,52255086,56712872,63494367,69983795,75160178,82847298,94022392,84319606,106630235,122252555
 "06000","California",8,CAGDP2,45,"51","  Information ","Thousands of dollars",92910254,100908814,105261971,117361002,120154595,127436473,137743309,142564331,131685600,148442233,153745347,156466153,189866832,198553761,225511971,247746321,271436277,277743298,305961372,321866488,371772895,385264806
 "06000","California",8,CAGDP2,50,"52,53","  Finance, insurance, real estate, rental, and leasing ","Thousands of dollars",267180754,285216567,296937829,298976995,325210971,344636801,360925497,366458143,376259007,385680847,399485342,423236224,436802228,454116336,466190705,478439196,507442962,538503084,560534860,579220850,641948100,674839119
 "06000","California",8,CAGDP2,51,"52","   Finance and insurance ","Thousands of dollars",74160040,81616671,89187814,85055339,93058720,103089893,97995786,80912164,92453144,93638189,98600828,112184003,112410155,122055323,128033830,129627774,135161274,139993098,143669589,156433320,184550869,179910925
 "06000","California",8,CAGDP2,56,"53","   Real estate and rental and leasing ","Thousands of dollars",193020715,203599895,207750015,213921655,232152251,241546909,262929711,285545980,283805863,292042657,300884515,311052221,324392073,332061014,338156875,348811422,372281688,398509987,416865272,422787530,457397230,494928194
 "06000","California",8,CAGDP2,59,"54,55,56","  Professional and business services ","Thousands of dollars",181732688,179986302,186874261,195737854,207055172,222898009,241601986,261458900,245211240,255299853,272620572,294489564,293878237,313029779,336926282,348486849,367934539,398539816,424300230,442240787,490878168,514724228
 "06000","California",8,CAGDP2,60,"54","   Professional, scientific, and technical services ","Thousands of dollars",112848262,113261936,117199330,121770620,131249039,142645575,155502674,174892257,164249561,170232068,182940242,200032039,197060676,210657346,228951450,232592819,244622303,266015587,286211722,301969222,334351145,346870088
 "06000","California",8,CAGDP2,64,"55","   Management of companies and enterprises ","Thousands of dollars",27984664,25297698,25447213,26220112,24835589,25692326,26717548,26423028,25223117,26557603,28541958,30044037,33985473,35790013,37699248,39169348,40198189,45765821,46226458,48787755,53160548,52038945
 "06000","California",8,CAGDP2,65,"56","   Administrative and support and waste management and remediation services ","Thousands of dollars",40899761,41426668,44227718,47747122,50970544,54560109,59381764,60143615,55738562,58510182,61138372,64413488,62832088,66582420,70275584,76724681,83114047,86758407,91862050,91483809,103366475,115815195
 "06000","California",8,CAGDP2,68,"61,62","  Educational services, health care, and social assistance ","Thousands of dollars",78889152,87090328,93733341,101213397,105552819,112757920,118726077,131270019,140783247,147363212,154404410,162704919,168403790,174828776,186106531,197990588,207059929,218392198,232068485,238957520,257947725,271764621
 "06000","California",8,CAGDP2,69,"61","   Educational services ","Thousands of dollars",10750157,11611344,12970170,14454695,14877066,16150036,17001062,19096016,21498683,23132857,24297171,25489955,26040965,27647512,28457871,29923832,30675584,32549013,34661884,32735034,34592759,37694800
 "06000","California",8,CAGDP2,70,"62","   Health care and social assistance ","Thousands of dollars",68138995,75478984,80763170,86758701,90675752,96607884,101725015,112174003,119284564,124230355,130107240,137214964,142362825,147181264,157648660,168066756,176384345,185843185,197406601,206222486,223354966,234069821
 "06000","California",8,CAGDP2,75,"71,72","  Arts, entertainment, recreation, accommodation, and food services ","Thousands of dollars",55429611,59941096,64830962,69462295,70609531,75117696,76383864,78077886,75240092,77426439,81874964,87261699,91138745,100480436,109704706,118155339,124222744,130542953,140800169,108595160,137512680,159152940
 "06000","California",8,CAGDP2,76,"71","   Arts, entertainment, and recreation ","Thousands of dollars",17826884,19557206,22815858,24086440,25003470,26142975,26472724,27555565,26995332,28125720,29846739,32627198,32867707,35116115,35149324,37227752,38610812,41637835,44668360,31519029,38770317,49801983
 "06000","California",8,CAGDP2,79,"72","   Accommodation and food services ","Thousands of dollars",37602727,40383890,42015104,45375855,45606061,48974721,49911140,50522321,48244760,49300720,52028226,54634501,58271039,65364321,74555382,80927588,85611932,88905118,96131809,77076131,98742363,109350957
 "06000","California",8,CAGDP2,82,"81","  Other services (except government and government enterprises) ","Thousands of dollars",35612968,38436762,37664850,39628019,41532436,43602338,43896193,42853608,41572357,41612995,42311944,43906434,45589303,49331944,52074894,53646935,56560305,59295984,61809538,55331185,58997360,66440206
 "06000","California",8,CAGDP2,83,"92","Government and government enterprises ","Thousands of dollars",177192692,187554954,197032475,205642923,214838904,226277596,242482495,254597527,254493918,257853693,263242981,264718330,275423543,289796337,306383701,319532590,324562495,338126511,347631459,356491199,369817944,381392130
 "06000","California",8,CAGDP2,87,"11,21","Natural resources and mining ","Thousands of dollars",24339727,24663498,28157664,34472564,38109637,42133049,50001184,51482646,42813320,46621655,52973916,55559693,58162911,58708471,47618680,45341597,49094764,48635467,45521617,45377736,52428442,56940914
 "06000","California",8,CAGDP2,88,"42,44-45","Trade ","Thousands of dollars",174980577,179180819,188456322,199620716,214273368,228135235,231466240,224792855,209410710,222124317,235328800,244341426,261895773,278097115,300093006,299876599,313507610,322191772,345317038,343985067,384702753,418973230
 "06000","California",8,CAGDP2,89,"22,48-49","Transportation and utilities ","Thousands of dollars",48384684,54002760,55802295,59651396,61421967,71246762,71088208,70783311,70520162,74991329,77986309,78032493,83433243,88952448,96871029,104311213,113392837,122520508,134262090,126513493,150319884,174576423
 "06000","California",8,CAGDP2,90,"31-33,51","Manufacturing and information ","Thousands of dollars",270835057,263382443,282180523,299688357,328013258,347712727,368942302,387578539,358224337,368013225,374883067,390445664,435156707,454859518,494034917,519900503,566072937,603323524,641138581,646902453,740608262,782311480
 "06000","California",8,CAGDP2,91,"...","Private goods-producing industries 2/","Thousands of dollars",260957434,247003422,271983658,297786844,338208624,360052798,375906499,373384885,334633180,327808343,333049617,353715868,376869209,395031871,407293592,418299547,454430559,493674740,509473702,495607646,553041933,594515722
 "06000","California",8,CAGDP2,92,"...","Private services-providing industries 3/","Thousands of dollars",935120689,984763447,1029561832,1081651672,1145810859,1225831235,1281831375,1318259054,1290682415,1352941224,1417757690,1490438912,1571008151,1657390595,1773479125,1848653039,1961557202,2067729613,2205053783,2216710549,2494079564,2665735573
 "06001","Alameda, CA",8,CAGDP2,1,"...","All industry total ","Thousands of dollars",67497426,69330707,72767148,75013139,78553382,82874350,86125602,87513605,84959602,88040021,91204292,95914097,100944214,106556287,116681306,122106447,130430017,137388106,144166936,143611572,156842758,168506397
 "06001","Alameda, CA",8,CAGDP2,2,"..."," Private industries ","Thousands of dollars",58446531,59576036,62600011,64228382,67554605,71415576,74303740,76133058,73633039,76580060,79594589,84101798,88342534,93038542,102292416,106958690,115143366,121347927,127659371,126657525,139583788,150982885
 "06001","Alameda, CA",8,CAGDP2,3,"11","  Agriculture, forestry, fishing and hunting ","Thousands of dollars",(D),(D),(D),(D),(D),(D),(D),(D),(D),(D),(D),87733,87578,89935,95429,93550,108482,84529,93030,83605,104930,195091
 "06001","Alameda, CA",8,CAGDP2,6,"21","  Mining, quarrying, and oil and gas extraction ","Thousands of dollars",67323,69875,60285,69150,54601,66460,63147,42688,47420,37827,48116,49598,50572,66100,56545,84728,125153,75811,58862,68041,76230,80771
 "06001","Alameda, CA",8,CAGDP2,10,"22","  Utilities ","Thousands of dollars",172732,211799,204509,194088,193526,217071,219365,238571,244381,252083,267135,274103,473610,556199,663273,443087,466377,532080,526330,593703,541753,810292
 "06001","Alameda, CA",8,CAGDP2,11,"23","  Construction ","Thousands of dollars",3375400,3252479,3590630,4006759,4425537,4579091,4805904,4399479,4246822,4369106,4185166,4059303,4459443,4679659,5412803,6099765,6889993,7698797,8454029,7746406,7926397,8319680
 "06001","Alameda, CA",8,CAGDP2,12,"31-33","  Manufacturing ","Thousands of dollars",9444362,9031455,9640869,9695629,10036819,10331669,10149662,10213148,9789802,9919091,10205206,11276073,11596688,11810086,13501256,14367127,16108298,16368603,16716514,18480285,20933211,22520929
 "06001","Alameda, CA",8,CAGDP2,13,"321,327-339","   Durable goods manufacturing ","Thousands of dollars",6667551,6468921,6936064,6838457,7270838,7265082,7120373,6965776,6473652,6492831,6608785,6900734,7231591,7564223,8936188,9994561,11867511,12065887,12492403,14081538,16523356,17891182
 "06001","Alameda, CA",8,CAGDP2,25,"311-316,322-326","   Nondurable goods manufacturing ","Thousands of dollars",2776811,2562535,2704806,2857172,2765980,3066588,3029289,3247372,3316150,3426260,3596420,4375339,4365096,4245863,4565067,4372566,4240787,4302716,4224111,4398746,4409855,4629748
 "06001","Alameda, CA",8,CAGDP2,34,"42","  Wholesale trade ","Thousands of dollars",5284217,5115158,5280717,5516854,5965544,6494908,6813391,6869885,6225318,6643172,7293902,7404925,7644409,7979264,8631469,8527827,8902868,9248023,9768095,9629725,10463592,11315440
 "06001","Alameda, CA",8,CAGDP2,35,"44-45","  Retail trade ","Thousands of dollars",4743734,4934989,4986433,5186447,5331184,5578982,5598664,5107019,4528001,4887571,5023670,5680426,6109809,6513394,6926594,7117276,7425931,7557763,8026235,7934579,9263132,10021809
 "06001","Alameda, CA",8,CAGDP2,36,"48-49","  Transportation and warehousing ","Thousands of dollars",(D),(D),(D),(D),(D),(D),(D),(D),(D),(D),(D),2933248,3024144,3201725,3559233,3873267,4131487,4515674,4841276,4529633,5386734,6240901
 "06001","Alameda, CA",8,CAGDP2,45,"51","  Information ","Thousands of dollars",2801835,3106714,3939932,4155210,4005406,4371758,4908915,4939278,4497303,5383576,5304629,5605701,6276798,6309806,7379854,8448264,9041853,9690153,10489299,10154823,11162133,11483998
 "06001","Alameda, CA",8,CAGDP2,50,"52,53","  Finance, insurance, real estate, rental, and leasing ","Thousands of dollars",11402622,12105612,12381332,12072781,13106075,13551827,14070964,14296823,14791877,13989827,14610807,15092245,16056901,18249815,19294976,20183394,21943179,23286677,23879149,24116485,26225445,28261608
 "06001","Alameda, CA",8,CAGDP2,51,"52","   Finance and insurance ","Thousands of dollars",2458790,2853923,3244234,3050399,3418820,3702944,3408525,2878048,3240607,2285574,2483094,2611184,2657860,4333482,4755329,4974956,5816762,5614662,6074995,6293574,7048361,7392769
 "06001","Alameda, CA",8,CAGDP2,56,"53","   Real estate and rental and leasing ","Thousands of dollars",8943832,9251690,9137098,9022382,9687255,9848883,10662439,11418775,11551271,11704253,12127713,12481061,13399041,13916333,14539647,15208438,16126417,17672015,17804153,17822911,19177084,20868839
 "06001","Alameda, CA",8,CAGDP2,59,"54,55,56","  Professional and business services ","Thousands of dollars",10149658,10073446,10388750,11100424,11670266,12481250,13786266,15209418,14361785,14983879,16384516,17576749,17959655,18301296,19978309,19825862,21088511,22523744,23732349,24429598,26497692,28852484
 "06001","Alameda, CA",8,CAGDP2,60,"54","   Professional, scientific, and technical services ","Thousands of dollars",5949561,6202041,6284511,6817867,7211842,7791189,8722592,10124162,9506262,9828715,10516807,11279187,11471402,12253857,13702764,13700029,14436961,15192686,16014871,16494265,18081751,20077058
 "06001","Alameda, CA",8,CAGDP2,64,"55","   Management of companies and enterprises ","Thousands of dollars",2148024,1915756,2114196,2130961,2219364,2294712,2476643,2464039,2513185,2648364,3368392,3731286,3783966,3148037,3133259,2765397,2972876,3391375,3569815,3897244,4152165,4206724
 "06001","Alameda, CA",8,CAGDP2,65,"56","   Administrative and support and waste management and remediation services ","Thousands of dollars",2052072,1955650,1990042,2151596,2239060,2395348,2587031,2621218,2342338,2506801,2499317,2566275,2704286,2899402,3142286,3360436,3678673,3939683,4147663,4038090,4263776,4568702
 "06001","Alameda, CA",8,CAGDP2,68,"61,62","  Educational services, health care, and social assistance ","Thousands of dollars",4332664,4771384,5207616,5352172,5622507,6013427,6244512,6967383,7517977,8645675,8460684,8957604,9300857,9456416,10051766,10549407,11019258,11420580,12177606,12558733,13457645,14125327
 "06001","Alameda, CA",8,CAGDP2,69,"61","   Educational services ","Thousands of dollars",433917,471610,557875,630317,666648,726778,760693,829549,940310,964797,1013884,1055009,1070772,1215255,1233618,1300079,1327891,1384035,1459946,1341849,1377557,1481938
 "06001","Alameda, CA",8,CAGDP2,70,"62","   Health care and social assistance ","Thousands of dollars",3898747,4299774,4649741,4721856,4955858,5286649,5483819,6137833,6577667,7680878,7446800,7902595,8230085,8241161,8818149,9249328,9691367,10036544,10717661,11216884,12080088,12643389
 "06001","Alameda, CA",8,CAGDP2,75,"71,72","  Arts, entertainment, recreation, accommodation, and food services ","Thousands of dollars",2367862,2564575,2560080,2398610,2387811,2526369,2516670,2722304,2558067,2581978,2849316,3175145,3247868,3656860,4419278,4856409,5213986,5438086,5843120,3578747,4617840,5419413
 "06001","Alameda, CA",8,CAGDP2,76,"71","   Arts, entertainment, and recreation ","Thousands of dollars",729845,816414,819452,750012,768817,750278,727958,894405,881150,889391,1029431,1155145,983001,1050708,1423581,1584174,1713496,1718192,1838100,729982,1058298,1289343
 "06001","Alameda, CA",8,CAGDP2,79,"72","   Accommodation and food services ","Thousands of dollars",1638017,1748161,1740628,1648597,1618994,1776091,1788712,1827899,1676916,1692587,1819886,2020000,2264866,2606152,2995697,3272235,3500489,3719894,4005019,2848765,3559542,4130070
 "06001","Alameda, CA",8,CAGDP2,82,"81","  Other services (except government and government enterprises) ","Thousands of dollars",1697261,1827408,1818391,1867298,1922729,2003927,1999311,1948083,1888843,1827494,1872745,1928946,2054203,2167986,2321632,2488729,2677990,2907407,3053477,2753163,2927056,3335144
 "06001","Alameda, CA",8,CAGDP2,83,"92","Government and government enterprises ","Thousands of dollars",9050895,9754671,10167137,10784758,10998777,11458774,11821862,11380547,11326563,11459961,11609704,11812299,12601680,13517745,14388890,15147757,15286651,16040179,16507565,16954047,17258970,17523512
 "06001","Alameda, CA",8,CAGDP2,87,"11,21","Natural resources and mining ","Thousands of dollars",(D),(D),(D),(D),(D),(D),(D),(D),(D),(D),(D),137330,138150,156036,151974,178277,233634,160341,151892,151645,181160,275861
 "06001","Alameda, CA",8,CAGDP2,88,"42,44-45","Trade ","Thousands of dollars",10027951,10050147,10267150,10703301,11296728,12073890,12412055,11976903,10753320,11530743,12317572,13085351,13754218,14492658,15558063,15645103,16328799,16805786,17794330,17564304,19726724,21337249
 "06001","Alameda, CA",8,CAGDP2,89,"22,48-49","Transportation and utilities ","Thousands of dollars",(D),(D),(D),(D),(D),(D),(D),(D),(D),(D),(D),3207351,3497754,3757924,4222506,4316354,4597864,5047754,5367606,5123336,5928486,7051193
 "06001","Alameda, CA",8,CAGDP2,90,"31-33,51","Manufacturing and information ","Thousands of dollars",12246197,12138169,13580802,13850839,14042225,14703427,15058577,15152426,14287106,15302667,15509835,16881774,17873485,18119893,20881110,22815390,25150152,26058756,27205813,28635108,32095344,34004927
 "06001","Alameda, CA",8,CAGDP2,91,"...","Private goods-producing industries 2/","Thousands of dollars",(D),(D),(D),(D),(D),(D),(D),(D),(D),(D),(D),15472706,16194281,16645781,19066032,20645168,23231925,24227740,25322436,26378336,29040768,31116471
 "06001","Alameda, CA",8,CAGDP2,92,"...","Private services-providing industries 3/","Thousands of dollars",(D),(D),(D),(D),(D),(D),(D),(D),(D),(D),(D),68629092,72148253,76392762,83226384,86313521,91911440,97120187,102336935,100279190,110543020,119866414
 "06003","Alpine, CA",8,CAGDP2,1,"...","All industry total ","Thousands of dollars",58595,62265,64631,63873,67825,71300,81378,80604,78313,82178,93437,95001,93880,102992,109227,110320,114872,118346,139948,114311,116173,117412
 "06003","Alpine, CA",8,CAGDP2,2,"..."," Private industries ","Thousands of dollars",49964,52625,52753,49959,53090,55594,63972,61723,60630,64436,74679,75950,72533,81257,86491,84342,85779,84230,89816,75156,87178,96317
 "06003","Alpine, CA",8,CAGDP2,3,"11","  Agriculture, forestry, fishing and hunting ","Thousands of dollars",(D),(D),402,(D),(D),(D),312,53,0,110,9,40,(D),39,(D),122,82,0,2,(D),1,1
 "06003","Alpine, CA",8,CAGDP2,6,"21","  Mining, quarrying, and oil and gas extraction ","Thousands of dollars",(D),(D),0,0,0,0,0,0,0,0,0,0,(D),0,(D),0,0,0,0,0,(D),0
 "06003","Alpine, CA",8,CAGDP2,10,"22","  Utilities ","Thousands of dollars",41,374,446,507,283,389,396,333,(D),273,(D),261,272,266,304,397,(D),361,447,514,408,466
 "06003","Alpine, CA",8,CAGDP2,11,"23","  Construction ","Thousands of dollars",(D),2772,(D),(D),3588,3014,(D),4263,5671,2777,1963,(D),(D),2598,(D),1065,(D),(D),(D),(D),(D),(D)
 "06003","Alpine, CA",8,CAGDP2,12,"31-33","  Manufacturing ","Thousands of dollars",734,754,(D),232,175,135,102,132,278,317,159,5,150,101,(D),(D),(D),(D),(D),(D),(D),(D)
 "06003","Alpine, CA",8,CAGDP2,13,"321,327-339","   Durable goods manufacturing ","Thousands of dollars",105,122,(D),113,100,31,17,27,144,147,111,0,113,69,(D),(D),(D),(D),(D),(D),(D),(D)
 "06003","Alpine, CA",8,CAGDP2,25,"311-316,322-326","   Nondurable goods manufacturing ","Thousands of dollars",629,632,460,119,75,104,85,105,134,170,48,5,37,32,492,(D),(D),(D),40,81,125,138
 "06003","Alpine, CA",8,CAGDP2,34,"42","  Wholesale trade ","Thousands of dollars",(D),(D),303,452,441,699,519,494,547,(D),(D),3400,(D),1379,932,417,47,0,0,0,0,0
 "06003","Alpine, CA",8,CAGDP2,35,"44-45","  Retail trade ","Thousands of dollars",2010,1957,1202,800,(D),(D),(D),(D),(D),870,(D),533,612,741,842,858,748,(D),(D),625,(D),1111
 "06003","Alpine, CA",8,CAGDP2,36,"48-49","  Transportation and warehousing ","Thousands of dollars",(D),(D),11,10,7,4,0,4,7,10,12,(D),(D),(D),(D),(D),118,57,42,5,31,33
 "06003","Alpine, CA",8,CAGDP2,45,"51","  Information ","Thousands of dollars",(D),368,286,37,70,201,154,109,103,653,187,78,459,286,(D),(D),(D),(D),(D),(D),(D),(D)
 "06003","Alpine, CA",8,CAGDP2,50,"52,53","  Finance, insurance, real estate, rental, and leasing ","Thousands of dollars",12702,13777,13979,14465,16086,15192,19472,21804,20487,(D),22178,21080,21630,22549,26015,25446,28567,27526,30954,25899,27313,29029
 "06003","Alpine, CA",8,CAGDP2,51,"52","   Finance and insurance ","Thousands of dollars",(D),(D),67,80,73,21,0,0,0,(D),14,0,29,19,0,2,0,0,0,(D),7,8
 "06003","Alpine, CA",8,CAGDP2,56,"53","   Real estate and rental and leasing ","Thousands of dollars",(D),(D),13912,14385,16013,15171,19472,21804,20487,22685,22164,21080,21601,22530,26015,25444,28567,27526,30954,(D),27306,29021
 "06003","Alpine, CA",8,CAGDP2,59,"54,55,56","  Professional and business services ","Thousands of dollars",(D),338,(D),(D),(D),813,981,(D),(D),(D),16563,21073,19989,20614,20981,19929,19647,20838,21332,18556,22117,21940
 "06003","Alpine, CA",8,CAGDP2,60,"54","   Professional, scientific, and technical services ","Thousands of dollars",(D),272,276,251,(D),377,(D),(D),(D),(D),(D),(D),(D),20224,(D),(D),(D),(D),(D),(D),(D),(D)
 "06003","Alpine, CA",8,CAGDP2,64,"55","   Management of companies and enterprises ","Thousands of dollars",0,0,0,0,0,0,0,0,0,0,0,0,0,0,0,0,0,0,0,0,0,(D)
 "06003","Alpine, CA",8,CAGDP2,65,"56","   Administrative and support and waste management and remediation services ","Thousands of dollars",60,66,(D),(D),239,436,(D),(D),(D),(D),(D),(D),(D),390,(D),(D),(D),(D),(D),(D),(D),(D)
 "06003","Alpine, CA",8,CAGDP2,68,"61,62","  Educational services, health care, and social assistance ","Thousands of dollars",1193,1087,1047,978,969,(D),(D),1116,1037,(D),917,(D),1459,929,1015,1005,894,749,815,771,666,807
 "06003","Alpine, CA",8,CAGDP2,69,"61","   Educational services ","Thousands of dollars",(D),(D),(D),(D),(D),(D),(D),(D),77,(D),11,13,87,69,109,121,110,0,4,6,12,13
 "06003","Alpine, CA",8,CAGDP2,70,"62","   Health care and social assistance ","Thousands of dollars",(D),(D),(D),(D),(D),(D),(D),(D),960,(D),906,(D),1372,860,906,883,784,749,811,765,654,794
 "06003","Alpine, CA",8,CAGDP2,75,"71,72","  Arts, entertainment, recreation, accommodation, and food services ","Thousands of dollars",26850,29142,29335,(D),27760,30922,32449,30356,28650,31149,28189,25221,20874,30205,30479,30584,30345,(D),30771,25523,31921,38458
 "06003","Alpine, CA",8,CAGDP2,76,"71","   Arts, entertainment, and recreation ","Thousands of dollars",(D),8756,(D),(D),(D),5757,7760,5848,6610,(D),6880,8455,7680,(D),(D),(D),(D),(D),(D),(D),(D),(D)
 "06003","Alpine, CA",8,CAGDP2,79,"72","   Accommodation and food services ","Thousands of dollars",(D),20386,(D),20862,(D),25165,24689,24508,22040,(D),21308,16766,13194,(D),(D),(D),(D),(D),(D),(D),(D),(D)
 "06003","Alpine, CA",8,CAGDP2,82,"81","  Other services (except government and government enterprises) ","Thousands of dollars",1162,1307,(D),1611,(D),(D),(D),(D),1533,(D),(D),(D),(D),(D),(D),1456,1302,(D),(D),(D),(D),(D)
 "06003","Alpine, CA",8,CAGDP2,83,"92","Government and government enterprises ","Thousands of dollars",8631,9639,11878,13914,14735,15706,17406,18881,17683,17742,18759,19051,21347,21734,22736,25979,29092,34116,50132,39156,28995,21095
 "06003","Alpine, CA",8,CAGDP2,87,"11,21","Natural resources and mining ","Thousands of dollars",(D),(D),402,(D),(D),(D),312,53,0,110,9,40,(D),39,(D),122,82,0,2,(D),(D),1
 "06003","Alpine, CA",8,CAGDP2,88,"42,44-45","Trade ","Thousands of dollars",(D),(D),1505,1252,(D),(D),(D),(D),(D),(D),2793,3933,(D),2120,1773,1274,795,(D),(D),625,(D),1111
 "06003","Alpine, CA",8,CAGDP2,89,"22,48-49","Transportation and utilities ","Thousands of dollars",(D),(D),457,517,290,393,396,336,(D),283,(D),(D),(D),(D),(D),(D),(D),418,489,519,439,499
 "06003","Alpine, CA",8,CAGDP2,90,"31-33,51","Manufacturing and information ","Thousands of dollars",(D),1122,(D),269,245,336,256,241,381,969,346,83,609,387,2277,2824,2728,957,590,674,756,835
 "06003","Alpine, CA",8,CAGDP2,91,"...","Private goods-producing industries 2/","Thousands of dollars",(D),(D),(D),(D),(D),(D),(D),4448,5949,3204,2132,(D),(D),2737,(D),(D),1323,(D),(D),(D),(D),2410
 "06003","Alpine, CA",8,CAGDP2,92,"...","Private services-providing industries 3/","Thousands of dollars",(D),(D),(D),(D),(D),(D),(D),57275,54680,61232,72547,(D),(D),78520,(D),(D),84456,(D),(D),(D),(D),93906
 "06005","Amador, CA",8,CAGDP2,1,"...","All industry total ","Thousands of dollars",942167,1106673,1160992,1249158,1286416,1332306,1347744,1360479,1336817,1324708,1321268,1273355,1333101,1394969,1462842,1526577,1608472,1668518,1755898,1693045,1778912,1920935
 "06005","Amador, CA",8,CAGDP2,2,"..."," Private industries ","Thousands of dollars",733810,868264,894111,938580,960414,983840,951592,939685,932442,943594,954839,922686,978599,1031018,1066897,1110861,1176452,1215060,1298888,1211951,1281915,1437197
 "06005","Amador, CA",8,CAGDP2,3,"11","  Agriculture, forestry, fishing and hunting ","Thousands of dollars",(D),11040,11156,(D),12863,7948,(D),(D),(D),8465,(D),(D),31390,28876,24560,18791,17682,20160,17411,16489,15874,16565
 "06005","Amador, CA",8,CAGDP2,6,"21","  Mining, quarrying, and oil and gas extraction ","Thousands of dollars",6257,8236,15842,28768,26037,35995,32739,29178,32501,27495,28678,33559,27673,17985,12633,16602,23008,26536,46305,70504,94940,97920
 "06005","Amador, CA",8,CAGDP2,10,"22","  Utilities ","Thousands of dollars",44105,93335,92101,79846,97248,108988,66584,70722,(D),(D),(D),(D),101479,90511,(D),(D),(D),(D),(D),(D),(D),160308
 "06005","Amador, CA",8,CAGDP2,11,"23","  Construction ","Thousands of dollars",51063,57714,61803,69214,72694,79000,72252,60529,63109,79048,65662,55440,62468,99780,111665,77221,71384,112611,110899,77083,82947,92138
 "06005","Amador, CA",8,CAGDP2,12,"31-33","  Manufacturing ","Thousands of dollars",56683,54366,58956,59939,55932,57179,54538,53848,55289,61104,76151,88846,116563,128193,150109,168032,193157,198933,193569,173813,177877,199755
 "06005","Amador, CA",8,CAGDP2,13,"321,327-339","   Durable goods manufacturing ","Thousands of dollars",24061,25361,26414,25333,24043,24095,23279,23009,18958,20844,22142,24661,26075,23697,25773,21532,24930,26132,27569,26821,27770,33776
 "06005","Amador, CA",8,CAGDP2,25,"311-316,322-326","   Nondurable goods manufacturing ","Thousands of dollars",32622,29005,32543,34606,31889,33084,31259,30839,36331,40260,54009,64185,90488,104496,124335,146500,168227,172801,166000,146992,150107,165979
 "06005","Amador, CA",8,CAGDP2,34,"42","  Wholesale trade ","Thousands of dollars",17432,18780,17437,14173,13056,12516,11683,11196,(D),(D),(D),(D),16211,12555,(D),(D),(D),(D),(D),(D),7959,8553
 "06005","Amador, CA",8,CAGDP2,35,"44-45","  Retail trade ","Thousands of dollars",180913,215756,242131,257530,254599,254978,238035,205725,169130,138829,109294,86346,90036,92745,99525,102226,108538,111708,119284,120069,127694,135632
 "06005","Amador, CA",8,CAGDP2,36,"48-49","  Transportation and warehousing ","Thousands of dollars",(D),(D),(D),(D),(D),(D),(D),(D),10026,9938,10779,12379,17398,13767,14230,14363,16310,16675,16490,13695,16440,18461
 "06005","Amador, CA",8,CAGDP2,45,"51","  Information ","Thousands of dollars",21717,19842,20045,24696,28474,30663,32433,30557,25935,27692,27149,30153,37929,43982,53599,61397,62879,60635,59833,58744,(D),66834
 "06005","Amador, CA",8,CAGDP2,50,"52,53","  Finance, insurance, real estate, rental, and leasing ","Thousands of dollars",167790,190230,198057,191601,203055,188832,224481,245517,237165,253876,250092,252107,256432,266206,269606,264947,280455,272628,309165,273235,294272,303937
 "06005","Amador, CA",8,CAGDP2,51,"52","   Finance and insurance ","Thousands of dollars",27437,34201,38366,30705,29413,34661,31919,31023,37294,40100,41840,39566,37340,41813,43522,41941,41398,42708,42525,43162,47267,47109
 "06005","Amador, CA",8,CAGDP2,56,"53","   Real estate and rental and leasing ","Thousands of dollars",140353,156030,159691,160895,173642,154171,192563,214494,199870,213776,208252,212541,219092,224393,226084,223005,239057,229920,266641,230073,247005,256828
 "06005","Amador, CA",8,CAGDP2,59,"54,55,56","  Professional and business services ","Thousands of dollars",59743,69129,42313,48288,46050,(D),49998,62781,62516,61131,67519,63888,58663,62618,62156,55410,58927,62269,66305,60331,65688,72812
 "06005","Amador, CA",8,CAGDP2,60,"54","   Professional, scientific, and technical services ","Thousands of dollars",26114,27375,24252,28076,29226,32158,31186,45792,43513,41900,49285,46489,43402,43880,43816,35282,37192,40166,42529,38319,40238,43722
 "06005","Amador, CA",8,CAGDP2,64,"55","   Management of companies and enterprises ","Thousands of dollars",2402,2433,2563,3887,2016,(D),2542,2487,2357,(D),2781,2740,(D),3783,(D),(D),(D),(D),(D),(D),(D),(D)
 "06005","Amador, CA",8,CAGDP2,65,"56","   Administrative and support and waste management and remediation services ","Thousands of dollars",31226,39320,15499,16325,14807,(D),16270,14502,16647,(D),15452,14659,(D),14956,(D),(D),(D),(D),(D),(D),(D),(D)
 "06005","Amador, CA",8,CAGDP2,68,"61,62","  Educational services, health care, and social assistance ","Thousands of dollars",52926,58435,64784,64145,(D),75921,80039,84798,91334,95503,98447,96751,98485,103753,108986,117242,125269,132233,142003,147066,153085,146124
 "06005","Amador, CA",8,CAGDP2,69,"61","   Educational services ","Thousands of dollars",425,(D),(D),575,(D),577,565,559,264,(D),1453,1635,(D),(D),(D),(D),(D),(D),(D),(D),(D),3103
 "06005","Amador, CA",8,CAGDP2,70,"62","   Health care and social assistance ","Thousands of dollars",52502,(D),(D),63569,(D),75343,79474,84240,91071,(D),96994,95116,(D),(D),(D),(D),(D),(D),(D),(D),(D),143021
 "06005","Amador, CA",8,CAGDP2,75,"71,72","  Arts, entertainment, recreation, accommodation, and food services ","Thousands of dollars",26667,(D),(D),33852,33719,34052,34174,34389,31591,30760,30020,30475,34424,38094,40801,44701,51277,54387,56895,49619,67662,74592
 "06005","Amador, CA",8,CAGDP2,76,"71","   Arts, entertainment, and recreation ","Thousands of dollars",3951,(D),(D),5266,6334,6249,8825,7960,7194,7261,6560,6288,6132,6960,6595,6700,6542,7262,8071,7910,10924,13176
 "06005","Amador, CA",8,CAGDP2,79,"72","   Accommodation and food services ","Thousands of dollars",22715,23674,23595,28586,27385,27804,25349,26429,24398,23499,23460,24187,28292,31134,34205,38002,44735,47125,48825,41709,56738,61416
 "06005","Amador, CA",8,CAGDP2,82,"81","  Other services (except government and government enterprises) ","Thousands of dollars",29780,34212,32328,32765,34663,36271,33486,30012,30036,29949,29849,27448,29449,31953,34565,35748,36540,38787,40044,37957,39058,43567
 "06005","Amador, CA",8,CAGDP2,83,"92","Government and government enterprises ","Thousands of dollars",208357,238409,266881,310577,326002,348467,396152,420794,404375,381115,366429,350668,354502,363950,395945,415716,432019,453457,457011,481094,496998,483738
 "06005","Amador, CA",8,CAGDP2,87,"11,21","Natural resources and mining ","Thousands of dollars",(D),19276,26998,(D),38900,43944,(D),(D),(D),35959,(D),(D),59064,46861,37193,35393,40690,46696,63716,86992,110814,114486
 "06005","Amador, CA",8,CAGDP2,88,"42,44-45","Trade ","Thousands of dollars",198345,234536,259569,271704,267655,267494,249718,216921,(D),(D),(D),(D),106247,105300,(D),(D),(D),(D),(D),(D),135653,144184
 "06005","Amador, CA",8,CAGDP2,89,"22,48-49","Transportation and utilities ","Thousands of dollars",(D),(D),(D),(D),(D),(D),(D),(D),(D),(D),(D),(D),118877,104278,(D),(D),(D),(D),(D),(D),(D),178768
 "06005","Amador, CA",8,CAGDP2,90,"31-33,51","Manufacturing and information ","Thousands of dollars",78400,74208,79001,84635,84405,87842,86971,84405,81224,88796,103300,118999,154492,172175,203708,229428,256036,259568,253402,232557,(D),266589
 "06005","Amador, CA",8,CAGDP2,91,"...","Private goods-producing industries 2/","Thousands of dollars",(D),131356,147757,(D),167525,180122,(D),(D),(D),176111,(D),(D),238094,274834,298966,280645,305230,358240,368184,337888,371638,406378
 "06005","Amador, CA",8,CAGDP2,92,"...","Private services-providing industries 3/","Thousands of dollars",(D),736908,746354,(D),792889,803717,(D),(D),(D),767483,(D),(D),740505,756185,767931,830216,871222,856820,930704,874063,910276,1030819
 "06007","Butte, CA",8,CAGDP2,1,"...","All industry total ","Thousands of dollars",4814972,5271895,5633078,5898564,6228765,6671597,6800546,6814982,6968064,7113018,7252580,7266075,7632275,7591042,8041144,8682904,9181452,9461545,9856895,9525848,10292007,11077391
 "06007","Butte, CA",8,CAGDP2,2,"..."," Private industries ","Thousands of dollars",3992372,4405753,4737313,4972632,5260776,5642840,5707292,5686982,5887682,6031836,6128624,6142656,6463196,6364988,6701372,7289585,7761400,7968590,8335300,8010293,8740137,9491608
 "06007","Butte, CA",8,CAGDP2,3,"11","  Agriculture, forestry, fishing and hunting ","Thousands of dollars",106632,116446,185853,196284,240632,162728,208514,335271,(D),419775,398921,400641,479350,284440,267757,335262,333903,370824,260489,306042,397341,286141
 "06007","Butte, CA",8,CAGDP2,6,"21","  Mining, quarrying, and oil and gas extraction ","Thousands of dollars",12915,17047,28652,43732,102451,118539,120718,119954,90134,78305,89850,44087,89065,122765,31363,45114,61448,65036,47908,35527,109507,188596
 "06007","Butte, CA",8,CAGDP2,10,"22","  Utilities ","Thousands of dollars",131793,253773,355992,365059,319422,498639,329545,247828,335479,396226,508866,378369,364616,252809,247896,457601,568624,389823,619759,384002,281545,533558
 "06007","Butte, CA",8,CAGDP2,11,"23","  Construction ","Thousands of dollars",262800,284513,321260,382627,431214,420809,405116,347902,343772,376725,324433,261088,315985,336812,383599,409341,420176,547961,621212,606511,584458,663659
 "06007","Butte, CA",8,CAGDP2,12,"31-33","  Manufacturing ","Thousands of dollars",290627,258661,273056,283365,295243,327635,337158,331542,336661,326051,333039,363311,398944,414319,465176,489913,542213,550035,559969,593264,689889,704965
 "06007","Butte, CA",8,CAGDP2,13,"321,327-339","   Durable goods manufacturing ","Thousands of dollars",160155,132042,(D),(D),(D),(D),169208,164183,133828,130656,135152,149737,165519,164099,172837,178036,193450,203643,205360,207329,250533,279624
 "06007","Butte, CA",8,CAGDP2,25,"311-316,322-326","   Nondurable goods manufacturing ","Thousands of dollars",130472,126619,(D),(D),(D),(D),167950,167359,202833,195395,197887,213573,233426,250220,292339,311877,348763,346392,354610,385935,439356,425340
 "06007","Butte, CA",8,CAGDP2,34,"42","  Wholesale trade ","Thousands of dollars",113618,118711,132980,161010,178561,206315,241235,240745,222665,234646,259411,268804,265975,277167,284892,276829,275521,302959,337634,340512,391369,408355
 "06007","Butte, CA",8,CAGDP2,35,"44-45","  Retail trade ","Thousands of dollars",545141,587676,607196,628390,658210,668434,618652,588927,583720,623879,624494,655370,710014,734558,789799,821509,912201,964666,1059367,1063768,1133707,1267779
 "06007","Butte, CA",8,CAGDP2,36,"48-49","  Transportation and warehousing ","Thousands of dollars",110905,112688,99039,107955,119651,126163,124223,119841,(D),96602,93332,86792,86686,89483,91261,94751,97813,104917,109236,116713,144312,156304
 "06007","Butte, CA",8,CAGDP2,45,"51","  Information ","Thousands of dollars",91618,94673,106324,125190,125720,126195,145839,148686,134657,134721,135909,141393,156900,162739,177798,178143,182625,191123,202107,183499,206455,215661
 "06007","Butte, CA",8,CAGDP2,50,"52,53","  Finance, insurance, real estate, rental, and leasing ","Thousands of dollars",1001883,1132792,1169972,1177186,1240592,1354035,1481598,1423971,1504766,1522411,1456787,1520654,1494736,1521042,1703327,1785101,1818711,1834992,1777527,1786061,1976578,2057459
 "06007","Butte, CA",8,CAGDP2,51,"52","   Finance and insurance ","Thousands of dollars",183888,236047,270221,263524,273333,317145,333693,236968,256005,251670,251716,243902,251712,294832,376626,374508,388146,378322,405653,386755,407890,401841
 "06007","Butte, CA",8,CAGDP2,56,"53","   Real estate and rental and leasing ","Thousands of dollars",817995,896745,899751,913663,967259,1036890,1147905,1187003,1248761,1270741,1205071,1276752,1243024,1226210,1326701,1410593,1430565,1456671,1371874,1399307,1568688,1655618
 "06007","Butte, CA",8,CAGDP2,59,"54,55,56","  Professional and business services ","Thousands of dollars",373232,401977,384814,368445,383389,399141,422445,436438,419304,430449,465153,500707,508612,511384,505959,517549,567525,576982,633537,595025,644333,662646
 "06007","Butte, CA",8,CAGDP2,60,"54","   Professional, scientific, and technical services ","Thousands of dollars",187351,201798,216771,210044,224782,237800,257256,275408,254117,259223,275355,299155,300398,306396,313358,295384,314343,323253,347934,330476,368308,385036
 "06007","Butte, CA",8,CAGDP2,64,"55","   Management of companies and enterprises ","Thousands of dollars",26161,30664,28595,25988,25541,24432,25214,21644,28317,28582,29128,27862,32193,31683,34038,34842,55856,54490,58106,53902,53163,60837
 "06007","Butte, CA",8,CAGDP2,65,"56","   Administrative and support and waste management and remediation services ","Thousands of dollars",159720,169515,139448,132413,133067,136910,139976,139386,136869,142644,160669,173690,176020,173305,158563,187323,197325,199239,227497,210647,222862,216773
 "06007","Butte, CA",8,CAGDP2,68,"61,62","  Educational services, health care, and social assistance ","Thousands of dollars",539352,584298,628976,682082,715270,762541,799457,873007,911031,942560,980871,1038276,1089484,1122003,1176687,1264800,1334750,1378513,1358333,1376341,1444693,1531356
 "06007","Butte, CA",8,CAGDP2,69,"61","   Educational services ","Thousands of dollars",9477,9340,10950,14606,16161,18199,21748,23610,25922,26187,28672,31683,38517,42401,25487,23941,24669,30070,33138,33179,43546,40790
 "06007","Butte, CA",8,CAGDP2,70,"62","   Health care and social assistance ","Thousands of dollars",529876,574958,618025,667475,699109,744342,777708,849397,885110,916373,952199,1006593,1050967,1079602,1151200,1240858,1310081,1348443,1325195,1343162,1401147,1490566
 "06007","Butte, CA",8,CAGDP2,75,"71,72","  Arts, entertainment, recreation, accommodation, and food services ","Thousands of dollars",199078,211283,213388,210317,199235,211578,217380,222784,205579,203949,214341,234655,249829,270137,300173,322804,347702,374881,418144,325189,422357,463661
 "06007","Butte, CA",8,CAGDP2,76,"71","   Arts, entertainment, and recreation ","Thousands of dollars",25116,28220,28065,27702,27230,31754,36473,34089,30614,29972,31005,31551,32551,35415,36418,40003,42280,47023,57467,37404,54061,66670
 "06007","Butte, CA",8,CAGDP2,79,"72","   Accommodation and food services ","Thousands of dollars",173962,183062,185324,182615,172005,179824,180908,188695,174965,173977,183336,203104,217278,234723,263755,282801,305422,327858,360677,287785,368296,396991
 "06007","Butte, CA",8,CAGDP2,82,"81","  Other services (except government and government enterprises) ","Thousands of dollars",212776,231217,229811,240990,251187,260088,255411,250086,245673,245539,243217,248510,253001,265329,275685,290869,298188,315878,330079,297836,313595,351468
 "06007","Butte, CA",8,CAGDP2,83,"92","Government and government enterprises ","Thousands of dollars",822601,866141,895764,925932,967989,1028758,1093253,1128000,1080382,1081182,1123955,1123419,1169078,1226055,1339773,1393319,1420051,1492955,1521595,1515555,1551870,1585783
 "06007","Butte, CA",8,CAGDP2,87,"11,21","Natural resources and mining ","Thousands of dollars",119547,133493,214505,240016,343083,281267,329232,455224,(D),498079,488771,444728,568416,407205,299120,380376,395351,435860,308397,341570,506847,474737
 "06007","Butte, CA",8,CAGDP2,88,"42,44-45","Trade ","Thousands of dollars",658759,706387,740176,789400,836771,874749,859887,829673,806385,858524,883906,924174,975989,1011724,1074690,1098338,1187722,1267625,1397001,1404281,1525075,1676134
 "06007","Butte, CA",8,CAGDP2,89,"22,48-49","Transportation and utilities ","Thousands of dollars",242698,366461,455031,473014,439072,624802,453768,367668,(D),492827,602198,465161,451302,342293,339157,552352,666437,494740,728995,500716,425857,689862
 "06007","Butte, CA",8,CAGDP2,90,"31-33,51","Manufacturing and information ","Thousands of dollars",382246,353334,379381,408555,420963,453830,482997,480229,471317,460772,468949,504704,555844,577058,642974,668056,724838,741158,762077,776763,896344,920626
 "06007","Butte, CA",8,CAGDP2,91,"...","Private goods-producing industries 2/","Thousands of dollars",672974,676667,808822,906008,1069540,1029710,1071506,1134668,(D),1200855,1146243,1069126,1283345,1158337,1147895,1279630,1357740,1533857,1489578,1541345,1781194,1843361
 "06007","Butte, CA",8,CAGDP2,92,"...","Private services-providing industries 3/","Thousands of dollars",3319398,3729087,3928491,4066623,4191236,4613129,4635786,4552314,(D),4830981,4982381,5073529,5179851,5206651,5553477,6009955,6403660,6434733,6845722,6468948,6958943,7648248
 "06009","Calaveras, CA",8,CAGDP2,1,"...","All industry total ","Thousands of dollars",754045,841983,880782,895225,996850,1004516,1021432,1027114,997989,1082930,1108903,1046430,1044269,1079185,1160912,1277857,1430443,1389165,1555027,1439503,1522366,1641639
 "06009","Calaveras, CA",8,CAGDP2,2,"..."," Private industries ","Thousands of dollars",625612,703140,731893,738264,840697,838810,842307,836798,811352,891235,916317,848783,835240,865201,929752,1015723,1169245,1114277,1280057,1147331,1217349,1328866
 "06009","Calaveras, CA",8,CAGDP2,3,"11","  Agriculture, forestry, fishing and hunting ","Thousands of dollars",6126,(D),8480,16384,(D),6835,5534,7262,3721,6715,8475,21930,14940,19025,13386,6261,9764,12271,14008,13298,14424,15144
 "06009","Calaveras, CA",8,CAGDP2,6,"21","  Mining, quarrying, and oil and gas extraction ","Thousands of dollars",88,(D),73,0,0,0,181,238,224,1369,1384,1389,1179,946,798,992,1699,1778,1598,1789,1723,1807
 "06009","Calaveras, CA",8,CAGDP2,10,"22","  Utilities ","Thousands of dollars",(D),39057,58584,29579,(D),96427,38566,40132,64907,88736,128542,55116,44734,41619,39492,87063,166455,77658,152782,73743,59048,90371
 "06009","Calaveras, CA",8,CAGDP2,11,"23","  Construction ","Thousands of dollars",103946,108996,115475,127208,135116,137216,145097,107712,102478,119828,105474,92630,88192,89320,97423,107331,119134,137174,131906,128551,136825,140505
 "06009","Calaveras, CA",8,CAGDP2,12,"31-33","  Manufacturing ","Thousands of dollars",28432,28998,27939,29099,28803,31064,32363,31732,29607,24177,21889,21144,22023,23573,26946,29459,33889,40278,40328,38128,35305,34926
 "06009","Calaveras, CA",8,CAGDP2,13,"321,327-339","   Durable goods manufacturing ","Thousands of dollars",9248,9340,9943,11242,13259,14262,14826,16167,12600,11713,12432,12981,13099,12436,12629,12889,14120,18971,17787,15859,15453,18580
 "06009","Calaveras, CA",8,CAGDP2,25,"311-316,322-326","   Nondurable goods manufacturing ","Thousands of dollars",19184,19659,17996,17856,15544,16803,17537,15565,17006,12464,9457,8163,8924,11137,14316,16571,19769,21306,22541,22269,19852,16347
 "06009","Calaveras, CA",8,CAGDP2,34,"42","  Wholesale trade ","Thousands of dollars",(D),12497,12623,13148,14156,17156,18198,17121,14936,13924,16828,16193,23110,31606,46103,57800,72402,71410,82306,75000,72380,78312
 "06009","Calaveras, CA",8,CAGDP2,35,"44-45","  Retail trade ","Thousands of dollars",68109,73177,78803,75981,76669,73636,65638,58703,55371,60787,62567,61732,64306,67110,75246,84641,94652,101206,107491,108953,120444,126156
 "06009","Calaveras, CA",8,CAGDP2,36,"48-49","  Transportation and warehousing ","Thousands of dollars",15143,16244,15305,16191,18665,21863,21068,17216,13785,14829,15350,15059,15385,16476,16926,19403,17505,18543,20833,22925,32278,36508
 "06009","Calaveras, CA",8,CAGDP2,45,"51","  Information ","Thousands of dollars",10367,9918,10662,11479,12679,13985,14797,15132,15056,16446,17631,18751,18777,18467,23253,25725,24705,24429,24210,21467,21376,22462
 "06009","Calaveras, CA",8,CAGDP2,50,"52,53","  Finance, insurance, real estate, rental, and leasing ","Thousands of dollars",224332,251402,249465,257547,282717,259759,318267,356816,335773,360612,357115,365439,361026,363984,372845,370559,394380,386645,447733,406733,444729,462128
 "06009","Calaveras, CA",8,CAGDP2,51,"52","   Finance and insurance ","Thousands of dollars",17552,21434,22514,14960,15886,18376,18878,18348,21368,22759,24479,23531,22531,24194,24831,25757,23175,24166,24255,24394,29166,29518
 "06009","Calaveras, CA",8,CAGDP2,56,"53","   Real estate and rental and leasing ","Thousands of dollars",206780,229968,226950,242587,266831,241383,299389,338468,314405,337853,332637,341908,338494,339791,348013,344801,371205,362479,423478,382339,415563,432611
 "06009","Calaveras, CA",8,CAGDP2,59,"54,55,56","  Professional and business services ","Thousands of dollars",45498,48460,50043,52750,(D),58729,63513,63298,54968,56792,54059,53418,51370,53690,62855,70839,72461,71196,74998,76530,74717,94038
 "06009","Calaveras, CA",8,CAGDP2,60,"54","   Professional, scientific, and technical services ","Thousands of dollars",30502,32576,33739,35799,40356,40270,43073,42417,35991,34360,31875,31207,31875,(D),41127,41046,(D),(D),(D),(D),(D),(D)
 "06009","Calaveras, CA",8,CAGDP2,64,"55","   Management of companies and enterprises ","Thousands of dollars",(D),(D),(D),(D),0,(D),(D),(D),(D),(D),(D),(D),(D),(D),2867,2601,(D),(D),(D),(D),(D),(D)
 "06009","Calaveras, CA",8,CAGDP2,65,"56","   Administrative and support and waste management and remediation services ","Thousands of dollars",(D),(D),(D),(D),(D),(D),(D),(D),(D),(D),(D),(D),(D),19372,18861,27193,28755,28951,33513,34977,33506,45830
 "06009","Calaveras, CA",8,CAGDP2,68,"61,62","  Educational services, health care, and social assistance ","Thousands of dollars",30404,33922,35786,36461,39721,39445,36081,42037,43449,44674,43594,41567,46812,50247,51192,54271,56343,59892,62631,79781,84521,89954
 "06009","Calaveras, CA",8,CAGDP2,69,"61","   Educational services ","Thousands of dollars",358,(D),(D),(D),929,1038,1359,(D),1614,1477,(D),(D),1609,1609,1373,(D),(D),2960,3978,4374,4142,4144
 "06009","Calaveras, CA",8,CAGDP2,70,"62","   Health care and social assistance ","Thousands of dollars",30046,(D),(D),(D),38792,38407,34722,(D),41835,43197,(D),(D),45202,48638,49819,(D),(D),56933,58653,75407,80379,85810
 "06009","Calaveras, CA",8,CAGDP2,75,"71,72","  Arts, entertainment, recreation, accommodation, and food services ","Thousands of dollars",25739,29534,30084,33157,35327,37519,38957,39376,36850,39641,43885,44426,43742,45873,56104,55442,61178,63708,70860,55293,73487,86621
 "06009","Calaveras, CA",8,CAGDP2,76,"71","   Arts, entertainment, and recreation ","Thousands of dollars",6100,6908,6549,7341,9484,10346,9055,9531,9096,9242,9702,9382,9393,9533,15173,17394,20299,20844,25585,18442,25431,30357
 "06009","Calaveras, CA",8,CAGDP2,79,"72","   Accommodation and food services ","Thousands of dollars",19639,22626,23535,25816,25843,27173,29902,29845,27753,30399,34183,35044,34349,36341,40931,38048,40879,42865,45275,36852,48056,56264
 "06009","Calaveras, CA",8,CAGDP2,82,"81","  Other services (except government and government enterprises) ","Thousands of dollars",35433,40169,38571,39282,41728,45174,44046,40022,40229,42705,39524,39989,39645,43265,47186,45939,44679,48088,48373,45139,46091,49932
 "06009","Calaveras, CA",8,CAGDP2,83,"92","Government and government enterprises ","Thousands of dollars",128433,138842,148889,156961,156153,165707,179125,190317,186637,191695,192586,197648,209029,213985,231160,262134,261197,274887,274970,292173,305018,312773
 "06009","Calaveras, CA",8,CAGDP2,87,"11,21","Natural resources and mining ","Thousands of dollars",6214,10766,8553,16384,(D),6835,5715,7499,3945,8084,9859,23319,16119,19971,14184,7253,11463,14049,15605,15087,16147,16951
 "06009","Calaveras, CA",8,CAGDP2,88,"42,44-45","Trade ","Thousands of dollars",(D),85673,91426,89129,90825,90792,83836,75825,70306,74711,79395,77925,87416,98715,121348,142441,167053,172616,189797,183953,192824,204468
 "06009","Calaveras, CA",8,CAGDP2,89,"22,48-49","Transportation and utilities ","Thousands of dollars",(D),55301,73890,45769,(D),118290,59634,57349,78692,103565,143891,70175,60119,58095,56417,106466,183960,96201,173616,96668,91326,126880
 "06009","Calaveras, CA",8,CAGDP2,90,"31-33,51","Manufacturing and information ","Thousands of dollars",38799,38917,38602,40577,41483,45050,47160,46864,44663,40624,39521,39894,40800,42041,50198,55184,58594,64707,64538,59595,56682,57388
 "06009","Calaveras, CA",8,CAGDP2,91,"...","Private goods-producing industries 2/","Thousands of dollars",138591,148761,151967,172690,(D),175116,183176,146943,136030,152089,137222,137093,126334,132865,138553,144043,164486,191501,187840,181765,188277,192382
 "06009","Calaveras, CA",8,CAGDP2,92,"...","Private services-providing industries 3/","Thousands of dollars",487021,554380,579926,565575,(D),663694,659132,689855,675322,739147,779095,711690,708906,732336,791200,871680,1004759,922777,1092217,965565,1029072,1136483
 "06011","Colusa, CA",8,CAGDP2,1,"...","All industry total ","Thousands of dollars",621413,568904,708949,629518,655904,715924,872754,1192010,1246734,1152507,1303715,1197594,1331490,1135397,1393629,1364680,1291669,1513533,1377594,1566896,1576771,1780929
 "06011","Colusa, CA",8,CAGDP2,2,"..."," Private industries ","Thousands of dollars",535366,474169,607058,525750,543497,594301,738590,1048934,1109082,1010780,1156825,1048443,1173224,971064,1222031,1182781,1108592,1324304,1193996,1390509,1385420,1578072
 "06011","Colusa, CA",8,CAGDP2,3,"11","  Agriculture, forestry, fishing and hunting ","Thousands of dollars",(D),154209,277579,195649,165072,193720,282319,582241,630238,443144,401674,232177,318577,55486,129551,191623,142506,258145,91152,222476,224983,235657
 "06011","Colusa, CA",8,CAGDP2,6,"21","  Mining, quarrying, and oil and gas extraction ","Thousands of dollars",(D),14487,24307,24037,43711,60558,72509,85435,40198,35718,38617,26957,37682,34084,13531,11709,25375,28375,13961,6381,18282,29616
 "06011","Colusa, CA",8,CAGDP2,10,"22","  Utilities ","Thousands of dollars",7063,15108,14818,9403,8452,9903,11912,12031,18305,30282,239497,312245,304755,310295,442987,375221,326168,386017,388277,425723,340486,511980
 "06011","Colusa, CA",8,CAGDP2,11,"23","  Construction ","Thousands of dollars",10538,10638,11640,13582,14880,13086,17669,15364,16839,69491,20349,26356,23300,19083,21970,20226,20608,27678,43295,50188,31975,23612
 "06011","Colusa, CA",8,CAGDP2,12,"31-33","  Manufacturing ","Thousands of dollars",64297,65870,56028,54759,61200,59301,73031,71485,82092,78662,80049,87999,109049,146805,182356,162093,158867,145365,150859,157857,173053,149353
 "06011","Colusa, CA",8,CAGDP2,13,"321,327-339","   Durable goods manufacturing ","Thousands of dollars",18837,19801,10827,4144,4071,3167,2939,2512,2756,2406,2387,2216,3675,4441,5907,5808,11023,13735,13079,15725,18039,14416
 "06011","Colusa, CA",8,CAGDP2,25,"311-316,322-326","   Nondurable goods manufacturing ","Thousands of dollars",45461,46069,45201,50615,57129,56134,70092,68973,79336,76256,77662,85783,105374,142365,176448,156284,147845,131630,137780,142133,155014,134938
 "06011","Colusa, CA",8,CAGDP2,34,"42","  Wholesale trade ","Thousands of dollars",24676,26058,30923,36145,44815,47587,49562,54872,68461,81065,100773,107971,120933,122542,139419,128726,141305,157677,177245,190514,215608,231270
 "06011","Colusa, CA",8,CAGDP2,35,"44-45","  Retail trade ","Thousands of dollars",42144,42494,42927,45039,46389,48345,44273,40138,42218,45213,43775,38355,42181,45351,51950,66489,69325,70036,69982,68170,74017,77220
 "06011","Colusa, CA",8,CAGDP2,36,"48-49","  Transportation and warehousing ","Thousands of dollars",15830,15657,15470,16245,(D),(D),(D),(D),(D),(D),21649,17066,19961,22667,19712,20042,22716,22910,25721,30214,38857,44797
 "06011","Colusa, CA",8,CAGDP2,45,"51","  Information ","Thousands of dollars",3022,3864,3289,3615,3512,(D),(D),4207,(D),(D),4183,4424,4692,3688,3662,3148,3490,5738,6661,5958,(D),(D)
 "06011","Colusa, CA",8,CAGDP2,50,"52,53","  Finance, insurance, real estate, rental, and leasing ","Thousands of dollars",61880,65471,66777,62631,66941,66540,87462,85147,106761,120301,121429,113463,111422,129377,129348,121221,126436,139271,138061,150789,160187,151539
 "06011","Colusa, CA",8,CAGDP2,51,"52","   Finance and insurance ","Thousands of dollars",9717,12181,12979,10285,9700,11783,12400,12325,17751,19495,20385,18976,18748,25313,29040,19926,18405,30266,20829,21252,23036,23910
 "06011","Colusa, CA",8,CAGDP2,56,"53","   Real estate and rental and leasing ","Thousands of dollars",52164,53290,53797,52345,57240,54757,75062,72822,89010,100807,101044,94487,92675,104064,100308,101296,108031,109005,117232,129536,137150,127629
 "06011","Colusa, CA",8,CAGDP2,59,"54,55,56","  Professional and business services ","Thousands of dollars",6945,7178,10909,9379,10489,12149,12599,13570,17505,18498,22968,20444,18343,16752,16102,17633,17310,17197,17255,12376,20226,25762
 "06011","Colusa, CA",8,CAGDP2,60,"54","   Professional, scientific, and technical services ","Thousands of dollars",5062,5249,5051,5983,6395,(D),7166,8025,7229,8030,9214,8596,6829,7885,7620,8022,8349,8781,9744,6204,6805,7262
 "06011","Colusa, CA",8,CAGDP2,64,"55","   Management of companies and enterprises ","Thousands of dollars",0,0,0,0,0,0,0,0,0,0,0,0,0,0,0,0,0,0,0,0,0,0
 "06011","Colusa, CA",8,CAGDP2,65,"56","   Administrative and support and waste management and remediation services ","Thousands of dollars",1883,1930,5858,3396,4094,(D),5433,5545,10277,10468,13754,11848,11514,8867,8482,9611,8961,8416,7511,6173,13421,18500
 "06011","Colusa, CA",8,CAGDP2,68,"61,62","  Educational services, health care, and social assistance ","Thousands of dollars",15690,18025,19022,18803,(D),19235,20091,(D),25936,26593,27402,26453,26536,27863,30595,19841,10349,18699,23132,26440,30486,33860
 "06011","Colusa, CA",8,CAGDP2,69,"61","   Educational services ","Thousands of dollars",(D),754,(D),(D),(D),(D),(D),(D),(D),(D),(D),(D),(D),(D),(D),(D),(D),(D),(D),(D),(D),(D)
 "06011","Colusa, CA",8,CAGDP2,70,"62","   Health care and social assistance ","Thousands of dollars",(D),17270,(D),(D),(D),(D),(D),(D),(D),(D),(D),(D),(D),(D),(D),(D),(D),(D),(D),(D),(D),(D)
 "06011","Colusa, CA",8,CAGDP2,75,"71,72","  Arts, entertainment, recreation, accommodation, and food services ","Thousands of dollars",21505,22947,20835,23568,24526,23201,21792,20391,19613,19950,19853,20386,21821,22256,24098,27495,27527,30062,31048,25802,33002,37222
 "06011","Colusa, CA",8,CAGDP2,76,"71","   Arts, entertainment, and recreation ","Thousands of dollars",775,843,925,1075,1112,808,892,985,1045,1177,1079,1033,1052,1222,1373,1492,1437,2372,3085,2007,2905,3186
 "06011","Colusa, CA",8,CAGDP2,79,"72","   Accommodation and food services ","Thousands of dollars",20730,22104,19909,22493,23414,22393,20899,19406,18568,18773,18774,19353,20769,21033,22725,26003,26090,27690,27963,23795,30097,34036
 "06011","Colusa, CA",8,CAGDP2,82,"81","  Other services (except government and government enterprises) ","Thousands of dollars",11177,12163,12535,12895,13697,14615,15174,14703,14852,15526,14606,14145,13973,14817,16750,17315,16611,17134,17347,17621,(D),(D)
 "06011","Colusa, CA",8,CAGDP2,83,"92","Government and government enterprises ","Thousands of dollars",86048,94736,101891,103768,112407,121624,134164,143076,137651,141727,146890,149151,158266,164333,171597,181898,183077,189229,183598,176387,191352,202857
 "06011","Colusa, CA",8,CAGDP2,87,"11,21","Natural resources and mining ","Thousands of dollars",250599,168696,301887,219686,208783,254278,354828,667676,670435,478861,440291,259134,356259,89570,143081,203332,167881,286520,105113,228858,243265,265273
 "06011","Colusa, CA",8,CAGDP2,88,"42,44-45","Trade ","Thousands of dollars",66820,68551,73850,81184,91204,95933,93836,95010,110679,126278,144548,146325,163113,167893,191369,195215,210630,227713,247227,258684,289625,308491
 "06011","Colusa, CA",8,CAGDP2,89,"22,48-49","Transportation and utilities ","Thousands of dollars",22893,30765,30287,25649,(D),(D),(D),(D),(D),(D),261146,329311,324716,332961,462699,395263,348884,408927,413998,455937,379343,556778
 "06011","Colusa, CA",8,CAGDP2,90,"31-33,51","Manufacturing and information ","Thousands of dollars",67319,69734,59316,58374,64712,(D),(D),75693,(D),(D),84232,92423,113742,150493,186017,165240,162357,151103,157520,163816,(D),(D)
 "06011","Colusa, CA",8,CAGDP2,91,"...","Private goods-producing industries 2/","Thousands of dollars",325434,245203,369554,288027,284863,326665,445528,754525,769367,627014,540690,373490,488607,255458,347408,385650,347357,459563,299266,436902,448293,438238
 "06011","Colusa, CA",8,CAGDP2,92,"...","Private services-providing industries 3/","Thousands of dollars",209932,228966,237504,237722,258635,267636,293062,294409,339716,383766,616135,674953,684616,715607,874624,797131,761236,864741,894730,953607,937127,1139834
 "06013","Contra Costa, CA",8,CAGDP2,1,"...","All industry total ","Thousands of dollars",43922851,43723034,46169866,50483895,60353295,64411090,65381899,79182562,62969299,61195812,59863035,62175077,62856280,67848586,68576450,66604980,71697154,79773547,81711578,72847446,84817525,94802099
 "06013","Contra Costa, CA",8,CAGDP2,2,"..."," Private industries ","Thousands of dollars",40551114,40142383,42432682,46598329,56282246,60149198,60881810,74557864,58367771,56610178,55304001,57570122,58019513,62769318,63228044,60970823,65917094,73734669,75564367,66645903,78425457,88171999
 "06013","Contra Costa, CA",8,CAGDP2,3,"11","  Agriculture, forestry, fishing and hunting ","Thousands of dollars",(D),86574,117048,86267,90201,107622,(D),60338,50482,69821,90693,79645,(D),(D),(D),(D),(D),(D),(D),77118,47934,120657
 "06013","Contra Costa, CA",8,CAGDP2,6,"21","  Mining, quarrying, and oil and gas extraction ","Thousands of dollars",524989,174246,165513,259178,279808,341282,445887,497431,445053,388486,477284,526568,491140,242874,253200,199256,38179,31710,31896,57269,59879,(D)
 "06013","Contra Costa, CA",8,CAGDP2,10,"22","  Utilities ","Thousands of dollars",412027,1117114,1149585,1273324,1145752,1137877,1337236,1328533,1785507,1914127,1956455,2287914,2408483,2632338,2639933,2486695,2356774,2848331,2820414,3131430,3510031,(D)
 "06013","Contra Costa, CA",8,CAGDP2,11,"23","  Construction ","Thousands of dollars",2664567,2768204,2819118,3174276,3563586,3660983,3389270,2591321,2021524,1642129,1701213,2138127,2605757,2696249,3074333,3550285,3990984,4116978,4303238,3872516,4153417,4447086
 "06013","Contra Costa, CA",8,CAGDP2,12,"31-33","  Manufacturing ","Thousands of dollars",9285122,6637955,8720973,11267438,19773712,22386929,22535260,35755465,20272677,17920868,15128847,14730963,12214301,14200334,11473464,6943334,9312481,14351706,13942537,5207730,11540393,15536626
 "06013","Contra Costa, CA",8,CAGDP2,13,"321,327-339","   Durable goods manufacturing ","Thousands of dollars",960147,878469,849990,1075357,1060416,1093999,1081019,1110577,892219,842572,808214,879218,953633,935501,1000612,1020284,1083282,1087765,1160535,1216353,1367456,1541073
 "06013","Contra Costa, CA",8,CAGDP2,25,"311-316,322-326","   Nondurable goods manufacturing ","Thousands of dollars",8324975,5759486,7870982,10192081,18713296,21292930,21454241,34644888,19380458,17078296,14320632,13851745,11260668,13264832,10472852,5923050,8229200,13263941,12782001,3991378,10172937,13995553
 "06013","Contra Costa, CA",8,CAGDP2,34,"42","  Wholesale trade ","Thousands of dollars",1855323,1886535,1828023,1762502,1807609,1752596,1789055,1830612,1693572,1769459,1927396,2045393,2569320,3226602,3587183,3432415,3296941,3220195,3289454,(D),(D),(D)
 "06013","Contra Costa, CA",8,CAGDP2,35,"44-45","  Retail trade ","Thousands of dollars",3073862,3141860,3046529,3000545,2988654,3246579,3244668,3330717,3036184,3125062,2980314,3051223,3080917,3205807,3455881,3559157,3728731,3770857,3981956,4074155,4878039,5352866
 "06013","Contra Costa, CA",8,CAGDP2,36,"48-49","  Transportation and warehousing ","Thousands of dollars",(D),1754325,2154565,2190828,1872029,1207731,(D),676561,677103,793043,909164,907803,(D),(D),(D),(D),(D),(D),(D),(D),(D),1515195
 "06013","Contra Costa, CA",8,CAGDP2,45,"51","  Information ","Thousands of dollars",2768179,2936850,2316287,2758577,2690925,2731118,2980871,2962701,2658101,2717756,2989484,3211160,3622647,3775072,4485166,4755436,5031000,5088240,5248280,4611234,(D),5358679
 "06013","Contra Costa, CA",8,CAGDP2,50,"52,53","  Finance, insurance, real estate, rental, and leasing ","Thousands of dollars",8925336,9727811,10050855,10134610,10978437,11458401,11507003,11784609,12325345,12480335,12528611,13301137,13745535,14390284,15199609,15942746,17169183,18331269,18997204,20100548,21576607,23536405
 "06013","Contra Costa, CA",8,CAGDP2,51,"52","   Finance and insurance ","Thousands of dollars",2635897,2989189,3379935,3297238,3672951,3807021,3462966,2928510,3215045,3379471,3419262,3719580,3882262,4093381,4481394,4543584,4725069,4939075,5092632,5288867,5865671,5911271
 "06013","Contra Costa, CA",8,CAGDP2,56,"53","   Real estate and rental and leasing ","Thousands of dollars",6289439,6738622,6670920,6837373,7305486,7651380,8044037,8856098,9110300,9100864,9109349,9581556,9863273,10296903,10718215,11399162,12444114,13392194,13904571,14811681,15710936,17625134
 "06013","Contra Costa, CA",8,CAGDP2,59,"54,55,56","  Professional and business services ","Thousands of dollars",4643480,4862921,4744985,4932146,5219989,5878972,6242339,6826853,6325091,6259333,6744013,7026597,7676894,8380307,8230954,8522686,8931500,9409874,9782577,10258777,11069410,11673460
 "06013","Contra Costa, CA",8,CAGDP2,60,"54","   Professional, scientific, and technical services ","Thousands of dollars",3164620,3282526,3249843,3298873,3487506,3736754,3888477,4278807,4001849,4212276,4423720,4601979,4785893,4991713,4802637,4893018,5005424,5324146,5558508,5873434,6519526,6762593
 "06013","Contra Costa, CA",8,CAGDP2,64,"55","   Management of companies and enterprises ","Thousands of dollars",465700,579619,472771,544200,588442,890361,964047,1127912,977719,712207,876477,843557,1338639,1597258,1616302,1605504,1660451,1690677,1762291,1852758,1743870,1854069
 "06013","Contra Costa, CA",8,CAGDP2,65,"56","   Administrative and support and waste management and remediation services ","Thousands of dollars",1013160,1000775,1022371,1089074,1144040,1251857,1389814,1420134,1345523,1334850,1443817,1581060,1552362,1791336,1812015,2024164,2265625,2395051,2461778,2532586,2806015,3056798
 "06013","Contra Costa, CA",8,CAGDP2,68,"61,62","  Educational services, health care, and social assistance ","Thousands of dollars",2402405,2688896,2902732,3216113,3366745,3606629,3886143,4315208,4618603,5031055,5210817,5433401,5522264,5673290,6118716,6585498,6899346,7162680,7526035,7598943,8237501,8680608
 "06013","Contra Costa, CA",8,CAGDP2,69,"61","   Educational services ","Thousands of dollars",275700,287242,305109,316628,325075,362991,377159,403754,440865,468965,500380,518683,535090,537842,559359,614831,642731,659069,700174,657559,696292,742422
 "06013","Contra Costa, CA",8,CAGDP2,70,"62","   Health care and social assistance ","Thousands of dollars",2126705,2401654,2597624,2899485,3041671,3243638,3508984,3911454,4177738,4562090,4710437,4914719,4987174,5135447,5559357,5970667,6256615,6503611,6825861,6941384,7541210,7938186
 "06013","Contra Costa, CA",8,CAGDP2,75,"71,72","  Arts, entertainment, recreation, accommodation, and food services ","Thousands of dollars",896182,999539,1086696,1116116,1274295,1370514,1392018,1410818,1293489,1342001,1450617,1618201,1636166,1774812,1971608,2161526,2278674,2366374,2494315,1822747,2285442,2653262
 "06013","Contra Costa, CA",8,CAGDP2,76,"71","   Arts, entertainment, and recreation ","Thousands of dollars",209535,244172,276334,256378,328580,298752,315573,295139,297138,353653,387301,438197,392254,426032,416045,463150,492881,517811,579100,339197,404968,485528
 "06013","Contra Costa, CA",8,CAGDP2,79,"72","   Accommodation and food services ","Thousands of dollars",686647,755367,810361,859738,945715,1071762,1076445,1115679,996351,988349,1063316,1180004,1243912,1348780,1555563,1698376,1785794,1848563,1915214,1483550,1880474,2167735
 "06013","Contra Costa, CA",8,CAGDP2,82,"81","  Other services (except government and government enterprises) ","Thousands of dollars",1281296,1359553,1329774,1426408,1230503,1261965,1250991,1186698,1165040,1156701,1209096,1211990,1278145,1370400,1449671,1526002,1540126,1655043,1709160,1497409,1602399,1717388
 "06013","Contra Costa, CA",8,CAGDP2,83,"92","Government and government enterprises ","Thousands of dollars",3371737,3580651,3737183,3885566,4071049,4261892,4500088,4624698,4601528,4585634,4559034,4604955,4836767,5079267,5348406,5634157,5780060,6038878,6147212,6201543,6392068,6630100
 "06013","Contra Costa, CA",8,CAGDP2,87,"11,21","Natural resources and mining ","Thousands of dollars",(D),260819,282561,345444,370009,448904,(D),557769,495535,458307,567977,606213,(D),(D),(D),(D),(D),(D),(D),134388,107812,(D)
 "06013","Contra Costa, CA",8,CAGDP2,88,"42,44-45","Trade ","Thousands of dollars",4929185,5028396,4874552,4763048,4796263,4999176,5033723,5161329,4729756,4894521,4907710,5096616,5650237,6432409,7043064,6991571,7025672,6991053,7271410,(D),(D),(D)
 "06013","Contra Costa, CA",8,CAGDP2,89,"22,48-49","Transportation and utilities ","Thousands of dollars",(D),2871439,3304150,3464151,3017781,2345608,(D),2005094,2462610,2707171,2865618,3195718,(D),(D),(D),(D),(D),(D),(D),(D),(D),(D)
 "06013","Contra Costa, CA",8,CAGDP2,90,"31-33,51","Manufacturing and information ","Thousands of dollars",12053301,9574805,11037259,14026015,22464637,25118047,25516130,38718165,22930778,20638624,18118330,17942123,15836948,17975405,15958630,11698770,14343481,19439946,19190817,9818965,(D),20895304
 "06013","Contra Costa, CA",8,CAGDP2,91,"...","Private goods-producing industries 2/","Thousands of dollars",(D),9666978,11822651,14787159,23707307,26496816,(D),38904555,22789735,20021304,17398036,17475303,(D),(D),(D),(D),(D),(D),(D),9214634,15801622,(D)
 "06013","Contra Costa, CA",8,CAGDP2,92,"...","Private services-providing industries 3/","Thousands of dollars",(D),30475405,30610032,31811170,32574938,33652382,(D),35653309,35578036,36588873,37905965,40094819,(D),(D),(D),(D),(D),(D),(D),57431269,62623835,(D)
 "06015","Del Norte, CA",8,CAGDP2,1,"...","All industry total ","Thousands of dollars",447018,465533,494474,537801,565918,607420,647156,715816,680410,692600,707259,693949,704217,718431,745710,779815,767790,804348,812151,846306,912862,947225
 "06015","Del Norte, CA",8,CAGDP2,2,"..."," Private industries ","Thousands of dollars",269297,285681,301324,322472,342016,368365,384300,439100,413404,425015,426169,412478,421020,430264,436405,461054,467538,490869,499240,510252,562919,604043
 "06015","Del Norte, CA",8,CAGDP2,3,"11","  Agriculture, forestry, fishing and hunting ","Thousands of dollars",8043,7790,(D),(D),(D),39041,30307,41228,26257,36077,47140,59302,45935,56184,(D),38558,35626,35986,36910,42073,38141,41757
 "06015","Del Norte, CA",8,CAGDP2,6,"21","  Mining, quarrying, and oil and gas extraction ","Thousands of dollars",451,306,370,1786,2298,1287,614,3614,5906,3651,356,2276,2520,0,(D),0,0,0,0,0,0,0
 "06015","Del Norte, CA",8,CAGDP2,10,"22","  Utilities ","Thousands of dollars",1176,1247,(D),(D),(D),(D),1815,(D),(D),(D),(D),(D),(D),(D),(D),(D),(D),(D),(D),(D),(D),(D)
 "06015","Del Norte, CA",8,CAGDP2,11,"23","  Construction ","Thousands of dollars",13466,14095,17014,19518,21957,22716,23115,18012,18832,22115,21436,18554,23037,19513,20654,21779,27901,30211,25989,27021,32151,33935
 "06015","Del Norte, CA",8,CAGDP2,12,"31-33","  Manufacturing ","Thousands of dollars",15108,12088,10140,10474,12419,12342,11168,48602,20750,14109,10776,9350,10726,10347,11376,12526,14140,14494,16221,15790,17997,19503
 "06015","Del Norte, CA",8,CAGDP2,13,"321,327-339","   Durable goods manufacturing ","Thousands of dollars",(D),(D),(D),(D),(D),(D),(D),(D),(D),(D),(D),(D),(D),(D),(D),3301,3153,2968,2954,2718,2807,2559
 "06015","Del Norte, CA",8,CAGDP2,25,"311-316,322-326","   Nondurable goods manufacturing ","Thousands of dollars",(D),(D),(D),(D),(D),(D),(D),(D),(D),(D),(D),(D),(D),(D),(D),9225,10987,11526,13267,13072,15189,16944
 "06015","Del Norte, CA",8,CAGDP2,34,"42","  Wholesale trade ","Thousands of dollars",(D),(D),(D),(D),(D),(D),(D),(D),(D),(D),(D),(D),(D),(D),(D),(D),(D),(D),(D),(D),(D),(D)
 "06015","Del Norte, CA",8,CAGDP2,35,"44-45","  Retail trade ","Thousands of dollars",40049,43008,45468,46755,49216,51960,53143,51179,51222,53118,53437,51586,54598,55893,59760,61652,66015,68792,74297,80245,91134,98685
 "06015","Del Norte, CA",8,CAGDP2,36,"48-49","  Transportation and warehousing ","Thousands of dollars",7513,7589,7022,8415,9481,10147,9276,8125,6685,7292,8248,6701,7115,6208,6130,6806,6127,5971,5938,5024,5680,7172
 "06015","Del Norte, CA",8,CAGDP2,45,"51","  Information ","Thousands of dollars",7498,9774,10341,10617,11468,10342,10424,10112,9762,10354,10093,8701,8414,7310,8986,9779,10908,9767,11385,11753,13474,14223
 "06015","Del Norte, CA",8,CAGDP2,50,"52,53","  Finance, insurance, real estate, rental, and leasing ","Thousands of dollars",83164,93071,94890,88919,91993,95276,111823,114679,131205,136804,127103,110178,119583,124366,130353,137721,119606,130877,123152,128228,136273,145190
 "06015","Del Norte, CA",8,CAGDP2,51,"52","   Finance and insurance ","Thousands of dollars",7022,8965,10935,7949,7942,10210,10101,9616,10063,9595,10286,10480,10841,11771,11965,14530,9597,10579,11404,11570,13921,14520
 "06015","Del Norte, CA",8,CAGDP2,56,"53","   Real estate and rental and leasing ","Thousands of dollars",76142,84106,83955,80971,84051,85066,101722,105063,121142,127209,116817,99698,108742,112595,118389,123192,110009,120298,111747,116658,122352,130670
 "06015","Del Norte, CA",8,CAGDP2,59,"54,55,56","  Professional and business services ","Thousands of dollars",(D),(D),10658,11368,10979,11443,(D),16415,16476,16986,21283,18412,19293,19226,18576,21843,24090,23042,23217,22369,26365,27269
 "06015","Del Norte, CA",8,CAGDP2,60,"54","   Professional, scientific, and technical services ","Thousands of dollars",7054,7508,7761,8554,8192,8324,9705,10933,10570,10302,(D),11565,12250,12015,12321,14123,15446,14056,13862,13034,(D),(D)
 "06015","Del Norte, CA",8,CAGDP2,64,"55","   Management of companies and enterprises ","Thousands of dollars",(D),(D),0,0,0,0,(D),(D),(D),(D),(D),(D),(D),(D),(D),(D),(D),(D),(D),(D),(D),(D)
 "06015","Del Norte, CA",8,CAGDP2,65,"56","   Administrative and support and waste management and remediation services ","Thousands of dollars",(D),(D),2897,2814,2787,3119,(D),(D),(D),(D),8266,(D),(D),(D),(D),(D),(D),(D),(D),(D),(D),10734
 "06015","Del Norte, CA",8,CAGDP2,68,"61,62","  Educational services, health care, and social assistance ","Thousands of dollars",43065,43473,50738,54409,58113,62820,68899,73795,78097,78167,78126,75667,79111,77615,81407,86922,94875,99944,105491,114214,116215,120417
 "06015","Del Norte, CA",8,CAGDP2,69,"61","   Educational services ","Thousands of dollars",519,544,555,542,469,776,1074,1428,1619,1669,1610,1572,1624,1767,466,(D),(D),(D),(D),389,(D),997
 "06015","Del Norte, CA",8,CAGDP2,70,"62","   Health care and social assistance ","Thousands of dollars",42546,42929,50183,53867,57644,62045,67826,72368,76478,76497,76516,74095,77487,75848,80941,(D),(D),(D),(D),113825,(D),119420
 "06015","Del Norte, CA",8,CAGDP2,75,"71,72","  Arts, entertainment, recreation, accommodation, and food services ","Thousands of dollars",23027,25040,21234,22479,24005,27812,28234,32497,27958,26858,27511,31018,30234,32978,36958,42708,45968,48278,51629,39835,60892,68116
 "06015","Del Norte, CA",8,CAGDP2,76,"71","   Arts, entertainment, and recreation ","Thousands of dollars",1650,1918,1860,1568,1422,(D),1105,834,1115,1140,1447,2670,(D),(D),(D),(D),4811,5085,5598,5058,9421,13191
 "06015","Del Norte, CA",8,CAGDP2,79,"72","   Accommodation and food services ","Thousands of dollars",21377,23122,19374,20911,22583,(D),27129,31663,26843,25718,26064,28348,(D),(D),(D),(D),41157,43193,46030,34778,51471,54925
 "06015","Del Norte, CA",8,CAGDP2,82,"81","  Other services (except government and government enterprises) ","Thousands of dollars",12076,13449,13017,13558,13842,14338,14778,14471,14278,13757,13991,14933,15033,14841,14670,15206,16705,17183,17987,17219,19147,20509
 "06015","Del Norte, CA",8,CAGDP2,83,"92","Government and government enterprises ","Thousands of dollars",177721,179852,193150,215329,223902,239055,262857,276716,267007,267585,281090,281471,283197,288167,309306,318761,300252,313479,312911,336054,349943,343182
 "06015","Del Norte, CA",8,CAGDP2,87,"11,21","Natural resources and mining ","Thousands of dollars",8494,8096,(D),(D),(D),40328,30921,44842,32163,39729,47497,61578,48455,56184,41647,38558,35626,35986,36910,42073,38141,41757
 "06015","Del Norte, CA",8,CAGDP2,88,"42,44-45","Trade ","Thousands of dollars",(D),(D),(D),(D),(D),(D),(D),(D),(D),(D),(D),(D),(D),(D),(D),(D),(D),(D),(D),(D),(D),(D)
 "06015","Del Norte, CA",8,CAGDP2,89,"22,48-49","Transportation and utilities ","Thousands of dollars",8689,8836,(D),(D),(D),(D),11091,(D),(D),(D),(D),(D),(D),(D),(D),(D),(D),(D),(D),(D),(D),(D)
 "06015","Del Norte, CA",8,CAGDP2,90,"31-33,51","Manufacturing and information ","Thousands of dollars",22605,21861,20482,21091,23887,22684,21592,58715,30511,24463,20870,18051,19139,17657,20362,22306,25048,24261,27606,27544,31471,33726
 "06015","Del Norte, CA",8,CAGDP2,91,"...","Private goods-producing industries 2/","Thousands of dollars",37068,34279,(D),(D),(D),75386,65204,111456,71745,75952,79708,89482,82218,86044,73677,72863,77667,80691,79120,84885,88289,95195
 "06015","Del Norte, CA",8,CAGDP2,92,"...","Private services-providing industries 3/","Thousands of dollars",232229,251402,(D),(D),(D),292979,319096,327644,341659,349063,346461,322995,338803,344220,362728,388191,389871,410178,420120,425367,474630,508847
 "06017","El Dorado, CA",8,CAGDP2,1,"...","All industry total ","Thousands of dollars",3999295,4452223,4652235,4989919,5298916,5671019,5735611,5815871,5741948,5760049,5952077,5877200,6088209,6474126,6891680,7563944,7932017,8425401,8730472,8364203,9021726,9876986
 "06017","El Dorado, CA",8,CAGDP2,2,"..."," Private industries ","Thousands of dollars",3469899,3886352,4063134,4374470,4643781,4965823,4981963,4993760,4871147,4915609,5109081,5040923,5193688,5517210,5883621,6500739,6874860,7318664,7608479,7239721,7863910,8655972
 "06017","El Dorado, CA",8,CAGDP2,3,"11","  Agriculture, forestry, fishing and hunting ","Thousands of dollars",24214,20118,22344,20199,21869,29543,20093,19324,10177,11052,10772,(D),30137,31507,39859,22074,20253,21501,25050,29206,40299,45351
 "06017","El Dorado, CA",8,CAGDP2,6,"21","  Mining, quarrying, and oil and gas extraction ","Thousands of dollars",5620,5046,4859,7922,7752,7053,11659,10116,11661,7380,6823,8535,7590,10949,10245,9526,4998,6691,8073,10597,11667,6652
 "06017","El Dorado, CA",8,CAGDP2,10,"22","  Utilities ","Thousands of dollars",31561,128002,142653,120384,186847,234899,111823,98259,166143,226760,340552,(D),145964,119928,90276,265568,340059,197078,314946,151309,131599,247710
 "06017","El Dorado, CA",8,CAGDP2,11,"23","  Construction ","Thousands of dollars",536155,556046,585371,709971,696357,772596,741540,633927,500104,534905,459021,430900,461223,495093,560912,651196,701028,844573,902714,853982,885968,928128
 "06017","El Dorado, CA",8,CAGDP2,12,"31-33","  Manufacturing ","Thousands of dollars",189592,175350,196612,197039,210622,232256,244976,227966,195757,180253,183909,177735,202613,206376,297828,300454,297287,308805,312643,289418,317157,359002
 "06017","El Dorado, CA",8,CAGDP2,13,"321,327-339","   Durable goods manufacturing ","Thousands of dollars",140189,125787,139075,137747,154115,168169,180467,168331,146899,137108,138703,125192,139208,139716,156782,148964,145992,145370,151741,156073,161532,187617
 "06017","El Dorado, CA",8,CAGDP2,25,"311-316,322-326","   Nondurable goods manufacturing ","Thousands of dollars",49403,49563,57536,59292,56507,64087,64508,59635,48857,43145,45206,52543,63405,66660,141046,151490,151296,163435,160902,133345,155625,171385
 "06017","El Dorado, CA",8,CAGDP2,34,"42","  Wholesale trade ","Thousands of dollars",109064,123759,124663,126066,133607,147250,146385,152557,131010,136160,152691,(D),165512,163802,165963,155442,149401,156122,165199,164791,161858,194560
 "06017","El Dorado, CA",8,CAGDP2,35,"44-45","  Retail trade ","Thousands of dollars",374560,391959,407914,423505,425263,421955,392323,367254,342445,353125,366860,377981,407191,415435,449857,466971,501044,519309,557909,582880,613814,662913
 "06017","El Dorado, CA",8,CAGDP2,36,"48-49","  Transportation and warehousing ","Thousands of dollars",36880,41980,39329,40299,45978,51486,49532,39915,35899,35339,32281,29057,33422,34334,38044,44854,43602,46317,49612,54202,69595,76748
 "06017","El Dorado, CA",8,CAGDP2,45,"51","  Information ","Thousands of dollars",36848,42980,52688,74112,82447,92576,113184,97857,81545,91308,75502,79671,91890,105573,133470,165346,179445,187987,177925,(D),185829,196048
 "06017","El Dorado, CA",8,CAGDP2,50,"52,53","  Finance, insurance, real estate, rental, and leasing ","Thousands of dollars",1010392,1185026,1229198,1284428,1409322,1421245,1540860,1700594,1830011,1756474,1865075,1928213,1969119,2170525,2269945,2387443,2436740,2740012,2686075,2700853,2892269,3156978
 "06017","El Dorado, CA",8,CAGDP2,51,"52","   Finance and insurance ","Thousands of dollars",158856,228650,277881,273146,297970,317224,330344,317728,389669,401502,450426,509286,555003,647015,717906,659964,734685,783061,672277,732116,744760,842429
 "06017","El Dorado, CA",8,CAGDP2,56,"53","   Real estate and rental and leasing ","Thousands of dollars",851536,956376,951317,1011282,1111352,1104021,1210517,1382866,1440342,1354972,1414649,1418927,1414117,1523510,1552040,1727479,1702055,1956951,2013799,1968737,2147508,2314549
 "06017","El Dorado, CA",8,CAGDP2,59,"54,55,56","  Professional and business services ","Thousands of dollars",526290,544513,562249,613369,640268,707182,733956,748722,661476,637001,630212,649037,641724,663414,646891,743939,824004,845809,877183,837252,928894,959481
 "06017","El Dorado, CA",8,CAGDP2,60,"54","   Professional, scientific, and technical services ","Thousands of dollars",416066,428222,441516,450638,470726,517011,521052,537149,460214,424873,411119,412672,405017,417290,352722,397167,418116,463272,505181,441052,486684,533385
 "06017","El Dorado, CA",8,CAGDP2,64,"55","   Management of companies and enterprises ","Thousands of dollars",12923,12213,15510,15029,15604,16158,16398,7204,5346,6601,16472,15804,16955,16244,30975,34169,37924,38570,39298,41397,37534,36996
 "06017","El Dorado, CA",8,CAGDP2,65,"56","   Administrative and support and waste management and remediation services ","Thousands of dollars",97301,104078,105222,147702,153938,174012,196505,204368,195916,205528,202621,220561,219752,229880,263194,312603,367964,343966,332704,354803,404676,389100
 "06017","El Dorado, CA",8,CAGDP2,68,"61,62","  Educational services, health care, and social assistance ","Thousands of dollars",252939,292145,317906,346816,363931,396717,422753,451483,476815,498122,526533,516877,515404,530999,561311,611403,637054,666618,707107,712955,743684,770312
 "06017","El Dorado, CA",8,CAGDP2,69,"61","   Educational services ","Thousands of dollars",12262,14732,13181,16540,17920,31768,37870,27333,31042,49599,57840,60844,42518,32573,33502,34527,32980,33945,31449,26869,28269,56629
 "06017","El Dorado, CA",8,CAGDP2,70,"62","   Health care and social assistance ","Thousands of dollars",240677,277413,304725,330275,346012,364948,384884,424150,445773,448523,468693,456033,472886,498426,527809,576876,604074,632673,675658,686086,715415,713683
 "06017","El Dorado, CA",8,CAGDP2,75,"71,72","  Arts, entertainment, recreation, accommodation, and food services ","Thousands of dollars",207380,229820,238640,251731,251519,249027,256912,266258,258176,274778,291763,304285,348433,379412,416402,466247,523726,544684,583265,468384,652287,794971
 "06017","El Dorado, CA",8,CAGDP2,76,"71","   Arts, entertainment, and recreation ","Thousands of dollars",61216,65727,66777,67977,70879,64886,63312,65766,63841,86392,95772,103585,120011,116936,116117,134202,141591,150723,166999,137370,215930,288790
 "06017","El Dorado, CA",8,CAGDP2,79,"72","   Accommodation and food services ","Thousands of dollars",146164,164093,171864,183754,180640,184141,193600,200492,194335,188387,195991,200701,228422,262476,300285,332045,382135,393961,416266,331015,436357,506182
 "06017","El Dorado, CA",8,CAGDP2,82,"81","  Other services (except government and government enterprises) ","Thousands of dollars",128404,149607,138709,158628,167998,202038,195968,179526,169927,172952,167087,169408,173466,189864,202617,210277,216218,233158,240777,(D),228990,257117
 "06017","El Dorado, CA",8,CAGDP2,83,"92","Government and government enterprises ","Thousands of dollars",529396,565871,589101,615449,655135,705196,753648,822111,870800,844440,842996,836277,894521,956916,1008059,1063205,1057157,1106737,1121993,1124483,1157816,1221014
 "06017","El Dorado, CA",8,CAGDP2,87,"11,21","Natural resources and mining ","Thousands of dollars",29834,25164,27203,28121,29621,36596,31752,29440,21838,18432,17595,(D),37727,42456,50104,31600,25251,28192,33124,39802,51966,52003
 "06017","El Dorado, CA",8,CAGDP2,88,"42,44-45","Trade ","Thousands of dollars",483624,515718,532576,549571,558871,569205,538707,519811,473456,489284,519551,(D),572703,579237,615821,622413,650445,675432,723107,747671,775672,857473
 "06017","El Dorado, CA",8,CAGDP2,89,"22,48-49","Transportation and utilities ","Thousands of dollars",68441,169983,181982,160684,232825,286386,161355,138175,202042,262099,372833,(D),179386,154262,128320,310422,383661,243395,364558,205511,201194,324458
 "06017","El Dorado, CA",8,CAGDP2,90,"31-33,51","Manufacturing and information ","Thousands of dollars",226440,218330,249299,271152,293069,324831,358159,325823,277302,271561,259411,257406,294503,311949,431298,465800,476733,496792,490568,(D),502986,555050
 "06017","El Dorado, CA",8,CAGDP2,91,"...","Private goods-producing industries 2/","Thousands of dollars",755582,756560,809185,935131,936599,1041448,1018268,891334,717699,733590,660525,(D),701563,743925,908844,983250,1023567,1181569,1248481,1183201,1255091,1339134
 "06017","El Dorado, CA",8,CAGDP2,92,"...","Private services-providing industries 3/","Thousands of dollars",2714318,3129792,3253949,3439339,3707181,3924375,3963696,4102426,4153448,4182019,4448556,(D),4492126,4773285,4974777,5517489,5851293,6137094,6359998,6056519,6608819,7316838
 "06019","Fresno, CA",8,CAGDP2,1,"...","All industry total ","Thousands of dollars",21072492,23139506,25186546,26776494,28199278,30526310,31301937,31002431,31296023,32317672,33957255,33556402,35856786,37447463,39044721,40546805,42568888,44516333,46666365,46980382,51719474,55426932
 "06019","Fresno, CA",8,CAGDP2,2,"..."," Private industries ","Thousands of dollars",17161405,18916787,20779246,22168863,23383494,25492338,25878508,25280997,25592315,26494884,27964745,27630820,29699821,31008048,32245718,33490199,35307362,36715514,38634051,38791849,43161135,46540443
 "06019","Fresno, CA",8,CAGDP2,3,"11","  Agriculture, forestry, fishing and hunting ","Thousands of dollars",1488942,2128292,3108314,3530473,3262676,3530921,3255657,2192849,3107713,3605522,4212728,3713060,4665937,4796139,4625705,4527037,4819761,4786321,4218425,4209235,4829904,4740363
 "06019","Fresno, CA",8,CAGDP2,6,"21","  Mining, quarrying, and oil and gas extraction ","Thousands of dollars",101160,94758,105225,141958,220994,334628,417721,544080,411447,412817,487514,517881,459291,421033,215969,210467,286191,266315,211692,191138,295767,307092
 "06019","Fresno, CA",8,CAGDP2,10,"22","  Utilities ","Thousands of dollars",290272,515035,506859,484453,687511,746830,498855,587693,759319,934804,1079646,750648,722797,778617,704211,1009023,1448825,1248638,1452457,1137624,1143767,1461161
 "06019","Fresno, CA",8,CAGDP2,11,"23","  Construction ","Thousands of dollars",953310,997184,1191646,1475667,1742167,1985841,1882107,1596106,1188619,1047386,991564,1013017,1238719,1326769,1531001,1720604,1864217,2064414,2315082,2526281,2786706,3113516
 "06019","Fresno, CA",8,CAGDP2,12,"31-33","  Manufacturing ","Thousands of dollars",1961611,1941961,2056541,2105609,2253148,2582005,2697295,2685818,2539151,2283475,2222421,2289560,2416723,2533310,2851055,2842474,2977414,2962401,3055386,3064132,3234526,3431364
 "06019","Fresno, CA",8,CAGDP2,13,"321,327-339","   Durable goods manufacturing ","Thousands of dollars",843646,842286,(D),(D),946520,1056092,1068322,(D),803826,746792,781535,757936,809774,805404,874402,905868,981429,1069516,1100809,1097440,1177211,1281604
 "06019","Fresno, CA",8,CAGDP2,25,"311-316,322-326","   Nondurable goods manufacturing ","Thousands of dollars",1117965,1099675,(D),(D),1306628,1525913,1628972,(D),1735325,1536683,1440886,1531624,1606948,1727906,1976653,1936606,1995985,1892885,1954576,1966692,2057316,2149760
 "06019","Fresno, CA",8,CAGDP2,34,"42","  Wholesale trade ","Thousands of dollars",1132506,1140012,1232003,1278251,1429925,1612106,1722267,1734004,1599854,1756091,1991997,2031796,2124245,2312571,2502572,2452938,2512033,2643323,2882072,2934031,3161833,3476754
 "06019","Fresno, CA",8,CAGDP2,35,"44-45","  Retail trade ","Thousands of dollars",1932401,2023335,2191909,2297594,2409289,2525980,2476783,2303567,2253713,2336344,2300523,2365578,2507657,2615243,2831373,2975709,3099526,3174841,3385543,3519820,4053896,4359387
 "06019","Fresno, CA",8,CAGDP2,36,"48-49","  Transportation and warehousing ","Thousands of dollars",567162,576763,629468,712792,774363,876636,897822,896253,844008,916485,979211,954133,998145,1036276,1117131,1200217,1355790,1546619,1738715,1954380,2406472,2677938
 "06019","Fresno, CA",8,CAGDP2,45,"51","  Information ","Thousands of dollars",535590,580712,590536,679497,704740,689893,728170,804660,754778,841195,880841,930590,1045076,1081856,1146216,1121177,1131244,1107327,(D),1185565,1298408,1384497
 "06019","Fresno, CA",8,CAGDP2,50,"52,53","  Finance, insurance, real estate, rental, and leasing ","Thousands of dollars",3694829,3907935,3938594,3906469,4154459,4516733,4880831,5048888,5342205,5499623,5729997,5626221,5745175,5911635,6051428,6186910,6182316,6670392,7069864,7164491,7785880,8308584
 "06019","Fresno, CA",8,CAGDP2,51,"52","   Finance and insurance ","Thousands of dollars",825450,903485,968550,896999,990875,1133956,1138139,1048319,1148471,1240397,1306720,1282882,1287388,1419574,1521113,1468638,1512766,1578797,1664304,1623458,1758154,1783668
 "06019","Fresno, CA",8,CAGDP2,56,"53","   Real estate and rental and leasing ","Thousands of dollars",2869379,3004450,2970044,3009470,3163584,3382777,3742692,4000569,4193735,4259226,4423278,4343340,4457788,4492062,4530315,4718272,4669551,5091594,5405561,5541032,6027727,6524917
 "06019","Fresno, CA",8,CAGDP2,59,"54,55,56","  Professional and business services ","Thousands of dollars",1399513,1582994,1703406,1850790,1933021,2052213,2192809,2437919,2236957,2229518,2186840,2251779,2295821,2365319,2443835,2559975,2667222,2850416,3145807,3109235,3410170,3683037
 "06019","Fresno, CA",8,CAGDP2,60,"54","   Professional, scientific, and technical services ","Thousands of dollars",710111,791484,835935,910897,984699,1052022,1101476,1322445,1194563,1218185,1137519,1144147,1160333,1230375,1255126,1291034,1339891,1403334,1493935,1549104,1658519,1770139
 "06019","Fresno, CA",8,CAGDP2,64,"55","   Management of companies and enterprises ","Thousands of dollars",246762,297416,307781,297772,237317,239678,256023,249151,209354,187028,193352,203071,205738,220600,215933,213037,214757,211708,332491,273490,334223,354612
 "06019","Fresno, CA",8,CAGDP2,65,"56","   Administrative and support and waste management and remediation services ","Thousands of dollars",442640,494094,559690,642122,711004,760513,835310,866322,833040,824305,855969,904561,929750,914344,972776,1055903,1112573,1235373,1319381,1286641,1417428,1558286
 "06019","Fresno, CA",8,CAGDP2,68,"61,62","  Educational services, health care, and social assistance ","Thousands of dollars",1676727,1865289,1990032,2133538,2202408,2318556,2509554,2809228,3004540,3081200,3211138,3384914,3582597,3767285,4007587,4339679,4536364,4806264,5151114,5398270,5889515,6376409
 "06019","Fresno, CA",8,CAGDP2,69,"61","   Educational services ","Thousands of dollars",86844,92825,108296,126974,129018,139356,151499,175862,197251,214600,232659,235492,207807,200416,191229,212195,198002,205564,219751,207197,227845,255640
 "06019","Fresno, CA",8,CAGDP2,70,"62","   Health care and social assistance ","Thousands of dollars",1589883,1772464,1881736,2006564,2073390,2179199,2358055,2633367,2807289,2866600,2978479,3149422,3374790,3566869,3816359,4127484,4338362,4600700,4931362,5191073,5661671,6120769
 "06019","Fresno, CA",8,CAGDP2,75,"71,72","  Arts, entertainment, recreation, accommodation, and food services ","Thousands of dollars",696573,765577,767500,797732,804278,868611,862767,862033,794408,802667,871471,953346,1008350,1119948,1224959,1316411,1376062,1457676,1599068,1273981,1650854,1879857
 "06019","Fresno, CA",8,CAGDP2,76,"71","   Arts, entertainment, and recreation ","Thousands of dollars",82399,92781,103316,108385,118184,121634,114737,108479,104623,103057,110886,127715,138187,152014,161447,173832,181580,200147,200076,109664,156055,202748
 "06019","Fresno, CA",8,CAGDP2,79,"72","   Accommodation and food services ","Thousands of dollars",614174,672797,664184,689348,686095,746977,748030,753554,689785,699610,760585,825631,870162,967934,1063511,1142579,1194482,1257529,1398992,1164318,1494799,1677109
 "06019","Fresno, CA",8,CAGDP2,82,"81","  Other services (except government and government enterprises) ","Thousands of dollars",730809,796939,767214,774038,804514,851385,855869,777900,755604,747758,818855,848295,889290,942047,992677,1027579,1050397,1130569,(D),1123667,1213436,1340484
 "06019","Fresno, CA",8,CAGDP2,83,"92","Government and government enterprises ","Thousands of dollars",3911087,4222719,4407300,4607631,4815783,5033972,5423429,5721433,5703708,5822788,5992510,5925583,6156965,6439415,6799003,7056606,7261527,7800818,8032314,8188533,8558340,8886489
 "06019","Fresno, CA",8,CAGDP2,87,"11,21","Natural resources and mining ","Thousands of dollars",1590102,2223050,3213538,3672432,3483670,3865548,3673379,2736929,3519160,4018339,4700242,4230941,5125227,5217172,4841674,4737504,5105952,5052636,4430117,4400373,5125671,5047456
 "06019","Fresno, CA",8,CAGDP2,88,"42,44-45","Trade ","Thousands of dollars",3064908,3163347,3423912,3575845,3839214,4138086,4199051,4037571,3853567,4092435,4292520,4397374,4631902,4927814,5333944,5428647,5611559,5818163,6267615,6453851,7215729,7836140
 "06019","Fresno, CA",8,CAGDP2,89,"22,48-49","Transportation and utilities ","Thousands of dollars",857434,1091798,1136327,1197246,1461874,1623467,1396677,1483946,1603326,1851289,2058857,1704781,1720942,1814893,1821342,2209241,2804615,2795257,3191171,3092004,3550239,4139099
 "06019","Fresno, CA",8,CAGDP2,90,"31-33,51","Manufacturing and information ","Thousands of dollars",2497201,2522673,2647077,2785106,2957889,3271898,3425464,3490478,3293929,3124671,3103262,3220150,3461798,3615165,3997271,3963651,4108658,4069728,(D),4249696,4532934,4815861
 "06019","Fresno, CA",8,CAGDP2,91,"...","Private goods-producing industries 2/","Thousands of dollars",4505023,5162195,6461725,7253708,7478985,8433395,8252781,7018853,7246930,7349200,7914227,7533519,8780669,9077250,9223730,9300582,9947583,10079451,9800584,9990786,11146903,11592336
 "06019","Fresno, CA",8,CAGDP2,92,"...","Private services-providing industries 3/","Thousands of dollars",12656383,13754592,14317522,14915155,15904509,17058943,17625728,18262145,18345385,19145685,20050519,20097301,20919152,21930798,23021988,24189617,25359779,26636063,28833467,28801063,32014232,34948107
 "06021","Glenn, CA",8,CAGDP2,1,"...","All industry total ","Thousands of dollars",598214,596612,637766,696621,738925,684306,932264,993446,975981,961226,1002784,968787,1094278,968834,959767,1005112,1000079,1127814,1053475,1116086,1242980,1248681
 "06021","Glenn, CA",8,CAGDP2,2,"..."," Private industries ","Thousands of dollars",478963,471076,508466,564447,599760,537430,775494,827555,812792,795924,835066,803728,924498,796802,774951,826449,820681,930071,848886,903789,1023804,1028547
 "06021","Glenn, CA",8,CAGDP2,3,"11","  Agriculture, forestry, fishing and hunting ","Thousands of dollars",137049,125705,151007,202142,200394,109288,303105,352799,354930,300046,353824,346764,431095,257639,226188,271994,230109,321211,195906,237658,289748,259208
 "06021","Glenn, CA",8,CAGDP2,6,"21","  Mining, quarrying, and oil and gas extraction ","Thousands of dollars",26022,15225,21814,25387,39491,51244,65703,76439,50818,47693,34397,22094,16292,17378,7646,6938,10449,8357,7970,13283,16239,18115
 "06021","Glenn, CA",8,CAGDP2,10,"22","  Utilities ","Thousands of dollars",4992,6344,6376,6706,7084,8845,7782,9136,8712,9844,9504,7842,(D),8186,9309,9996,10192,9889,11586,12833,11708,12782
 "06021","Glenn, CA",8,CAGDP2,11,"23","  Construction ","Thousands of dollars",26524,26691,25570,25411,28262,29751,30172,26901,28641,40306,35612,26970,28817,30660,37742,36692,39127,41092,41159,46076,59443,50593
 "06021","Glenn, CA",8,CAGDP2,12,"31-33","  Manufacturing ","Thousands of dollars",44413,43216,45347,45594,45755,49838,48133,45194,47707,48308,49343,53228,77123,91491,90739,90297,98050,99676,111924,111103,127286,137756
 "06021","Glenn, CA",8,CAGDP2,13,"321,327-339","   Durable goods manufacturing ","Thousands of dollars",(D),(D),(D),(D),37612,38847,(D),(D),(D),(D),32358,33821,40260,45722,50078,53037,60766,62126,71057,74343,87450,97909
 "06021","Glenn, CA",8,CAGDP2,25,"311-316,322-326","   Nondurable goods manufacturing ","Thousands of dollars",(D),(D),(D),(D),8143,10991,(D),(D),(D),(D),16985,19408,36863,45769,40661,37261,37284,37550,40868,36760,39836,39847
 "06021","Glenn, CA",8,CAGDP2,34,"42","  Wholesale trade ","Thousands of dollars",27163,28147,28648,30990,35092,38388,43991,42828,38811,39737,39675,37239,40303,47812,56569,55854,52937,53958,57606,60342,55742,57420
 "06021","Glenn, CA",8,CAGDP2,35,"44-45","  Retail trade ","Thousands of dollars",40940,42140,43020,41796,45657,47972,45563,41259,38228,41307,42626,46866,49822,53044,59582,63608,65129,64940,72195,78613,93530,102557
 "06021","Glenn, CA",8,CAGDP2,36,"48-49","  Transportation and warehousing ","Thousands of dollars",26819,27038,26582,28158,30458,33475,34613,37411,32343,32926,34159,34560,34780,35721,40521,42597,47797,49701,50227,49154,57821,67784
 "06021","Glenn, CA",8,CAGDP2,45,"51","  Information ","Thousands of dollars",2892,(D),(D),(D),2589,2808,(D),(D),(D),(D),(D),(D),(D),(D),199,109,4109,(D),14232,7235,9512,11009
 "06021","Glenn, CA",8,CAGDP2,50,"52,53","  Finance, insurance, real estate, rental, and leasing ","Thousands of dollars",78018,85528,87752,83436,88854,84587,111416,106866,124290,144243,142072,131307,133676,149151,133678,125233,136115,137339,142980,143082,148559,147694
 "06021","Glenn, CA",8,CAGDP2,51,"52","   Finance and insurance ","Thousands of dollars",10612,13020,13981,10247,9939,13253,13529,14609,18368,20810,23529,22503,22118,26757,27879,26112,26116,27721,28392,28177,32538,31327
 "06021","Glenn, CA",8,CAGDP2,56,"53","   Real estate and rental and leasing ","Thousands of dollars",67406,72508,73771,73188,78915,71335,97887,92257,105923,123434,118543,108805,111558,122394,105798,99120,109999,109618,114588,114905,116021,116367
 "06021","Glenn, CA",8,CAGDP2,59,"54,55,56","  Professional and business services ","Thousands of dollars",15747,15717,14594,14468,14033,14650,14237,14430,14628,16541,16736,16546,20116,21921,22248,27334,26180,28198,30374,34429,32870,35057
 "06021","Glenn, CA",8,CAGDP2,60,"54","   Professional, scientific, and technical services ","Thousands of dollars",11334,11009,10499,10362,10106,10420,9549,9677,9070,9794,10634,11051,10507,11576,13210,12400,12969,14347,15325,17580,15471,16129
 "06021","Glenn, CA",8,CAGDP2,64,"55","   Management of companies and enterprises ","Thousands of dollars",0,0,0,0,0,0,0,0,0,0,0,0,0,0,0,0,0,0,0,0,0,0
 "06021","Glenn, CA",8,CAGDP2,65,"56","   Administrative and support and waste management and remediation services ","Thousands of dollars",4413,4708,4095,4106,3927,4230,4689,4753,5558,6748,6102,5495,9610,10345,9039,14934,13211,13851,15050,16848,17399,18927
 "06021","Glenn, CA",8,CAGDP2,68,"61,62","  Educational services, health care, and social assistance ","Thousands of dollars",14997,(D),(D),(D),20923,22803,(D),(D),(D),(D),(D),(D),39499,(D),35804,37804,39899,(D),46180,50286,53515,54326
 "06021","Glenn, CA",8,CAGDP2,69,"61","   Educational services ","Thousands of dollars",(D),(D),(D),(D),(D),(D),(D),(D),(D),(D),(D),(D),(D),(D),(D),(D),(D),(D),(D),(D),(D),(D)
 "06021","Glenn, CA",8,CAGDP2,70,"62","   Health care and social assistance ","Thousands of dollars",(D),(D),(D),(D),(D),(D),(D),(D),(D),(D),(D),(D),(D),(D),(D),(D),(D),(D),(D),(D),(D),(D)
 "06021","Glenn, CA",8,CAGDP2,75,"71,72","  Arts, entertainment, recreation, accommodation, and food services ","Thousands of dollars",15041,16080,16588,16225,17534,18759,19377,23082,20993,20827,21050,20385,20690,22005,26686,28448,28525,30554,35130,29232,37008,41305
 "06021","Glenn, CA",8,CAGDP2,76,"71","   Arts, entertainment, and recreation ","Thousands of dollars",583,626,864,1619,1774,1820,2003,2473,2813,2917,3044,3484,3449,3624,3882,4304,4163,4927,6007,4333,5687,7152
 "06021","Glenn, CA",8,CAGDP2,79,"72","   Accommodation and food services ","Thousands of dollars",14458,15454,15725,14606,15760,16939,17375,20609,18180,17910,18006,16902,17241,18381,22804,24144,24362,25627,29123,24899,31321,34153
 "06021","Glenn, CA",8,CAGDP2,82,"81","  Other services (except government and government enterprises) ","Thousands of dollars",18345,20623,20645,21990,23634,25022,24180,22979,22920,22470,20753,22360,23552,26286,28039,29545,32062,32819,31416,30464,30823,32942
 "06021","Glenn, CA",8,CAGDP2,83,"92","Government and government enterprises ","Thousands of dollars",119251,125536,129301,132174,139166,146876,156770,165891,163189,165303,167718,165059,169780,172033,184816,178663,179398,197743,204589,212297,219176,220134
 "06021","Glenn, CA",8,CAGDP2,87,"11,21","Natural resources and mining ","Thousands of dollars",163071,140930,172820,227529,239885,160532,368808,429238,405749,347739,388221,368858,447386,275017,233834,278932,240558,329568,203876,250941,305987,277323
 "06021","Glenn, CA",8,CAGDP2,88,"42,44-45","Trade ","Thousands of dollars",68103,70287,71669,72786,80749,86360,89554,84086,77039,81044,82301,84105,90125,100857,116152,119462,118066,118898,129801,138955,149272,159977
 "06021","Glenn, CA",8,CAGDP2,89,"22,48-49","Transportation and utilities ","Thousands of dollars",31812,33382,32958,34864,37542,42320,42395,46548,41055,42769,43663,42402,(D),43907,49830,52593,57989,59590,61813,61987,69529,80566
 "06021","Glenn, CA",8,CAGDP2,90,"31-33,51","Manufacturing and information ","Thousands of dollars",47305,(D),(D),(D),48344,52646,(D),(D),(D),(D),(D),(D),(D),(D),90938,90407,102159,(D),126157,118338,136798,148765
 "06021","Glenn, CA",8,CAGDP2,91,"...","Private goods-producing industries 2/","Thousands of dollars",234009,210837,243737,298534,313902,240120,447113,501332,482097,436353,473176,449057,553327,397168,362314,405921,377735,470336,356959,408120,492716,465672
 "06021","Glenn, CA",8,CAGDP2,92,"...","Private services-providing industries 3/","Thousands of dollars",244954,260239,264729,265913,285858,297310,328381,326223,330695,359570,361890,354671,371171,399634,412637,420528,442946,459735,491927,495669,531087,562875
 "06023","Humboldt, CA",8,CAGDP2,1,"...","All industry total ","Thousands of dollars",3220143,3429926,3644885,3825784,3906446,4044085,4137237,4349880,4325714,4642142,4741677,4688812,4791931,4883331,5122027,5253682,5436863,5590871,5895597,5789281,6295323,6843306
 "06023","Humboldt, CA",8,CAGDP2,2,"..."," Private industries ","Thousands of dollars",2553584,2712812,2883596,3069027,3119732,3210628,3274217,3442408,3418817,3713801,3780437,3719893,3781585,3829491,4007237,4065906,4254834,4369521,4653922,4503534,4989478,5430854
 "06023","Humboldt, CA",8,CAGDP2,3,"11","  Agriculture, forestry, fishing and hunting ","Thousands of dollars",131563,105973,160303,164971,161178,(D),(D),(D),(D),(D),(D),(D),(D),(D),228937,(D),(D),(D),(D),(D),229565,305797
 "06023","Humboldt, CA",8,CAGDP2,6,"21","  Mining, quarrying, and oil and gas extraction ","Thousands of dollars",2998,2014,3041,4766,6034,6856,8444,8739,4473,3892,3025,2286,2312,2541,1833,1928,1783,1312,1406,1802,2090,(D)
 "06023","Humboldt, CA",8,CAGDP2,10,"22","  Utilities ","Thousands of dollars",72989,81971,74493,90233,89176,95760,101886,108923,124945,134576,133836,135078,131587,(D),114073,109700,109701,110709,123372,137726,154901,173654
 "06023","Humboldt, CA",8,CAGDP2,11,"23","  Construction ","Thousands of dollars",138125,152092,171861,222480,242701,281092,294707,281415,323418,431520,398769,306823,301831,306480,323683,324278,339378,338789,371183,347274,354322,381949
 "06023","Humboldt, CA",8,CAGDP2,12,"31-33","  Manufacturing ","Thousands of dollars",249585,244052,259481,269619,269035,261479,251848,222580,190021,180637,167473,164975,181997,182910,189607,191432,200662,207602,214254,217243,291708,292300
 "06023","Humboldt, CA",8,CAGDP2,13,"321,327-339","   Durable goods manufacturing ","Thousands of dollars",182577,174837,180659,(D),184618,159502,140477,113235,89332,95490,89728,83728,92653,93505,96195,95231,110929,113070,120396,128108,174879,192036
 "06023","Humboldt, CA",8,CAGDP2,25,"311-316,322-326","   Nondurable goods manufacturing ","Thousands of dollars",67008,69216,78822,(D),84417,101977,111371,109345,100689,85147,77745,81247,89344,89404,93413,96202,89732,94532,93858,89135,116829,100263
 "06023","Humboldt, CA",8,CAGDP2,34,"42","  Wholesale trade ","Thousands of dollars",(D),(D),70075,75330,87508,101807,112026,119440,111821,116475,130708,133752,139425,(D),(D),140538,142744,144425,170101,185757,182165,201804
 "06023","Humboldt, CA",8,CAGDP2,35,"44-45","  Retail trade ","Thousands of dollars",408814,443759,462667,478646,490654,512591,488192,469567,496907,514513,490339,476322,501323,517352,552190,588616,618314,621772,643603,645918,692780,744147
 "06023","Humboldt, CA",8,CAGDP2,36,"48-49","  Transportation and warehousing ","Thousands of dollars",(D),(D),78998,83477,81793,(D),(D),(D),(D),(D),(D),(D),(D),96650,(D),(D),(D),(D),(D),(D),(D),(D)
 "06023","Humboldt, CA",8,CAGDP2,45,"51","  Information ","Thousands of dollars",47790,46970,53172,59016,60082,69219,73094,79258,73718,78638,79709,84571,82219,81030,91392,124028,137607,166940,144793,123247,(D),148824
 "06023","Humboldt, CA",8,CAGDP2,50,"52,53","  Finance, insurance, real estate, rental, and leasing ","Thousands of dollars",578435,649145,690583,742319,766085,738669,790760,844708,797070,870125,925010,891903,998628,938615,1033550,993485,1034014,1006446,1137374,1062740,1236242,(D)
 "06023","Humboldt, CA",8,CAGDP2,51,"52","   Finance and insurance ","Thousands of dollars",94418,115580,142500,131673,144897,160742,108108,250519,87065,154356,154333,172006,183673,155653,162990,157395,161051,172293,178546,183585,207478,206455
 "06023","Humboldt, CA",8,CAGDP2,56,"53","   Real estate and rental and leasing ","Thousands of dollars",484017,533565,548083,610646,621188,577927,682653,594189,710004,715769,770677,719897,814955,782962,870559,836090,872963,834153,958828,879155,1028764,(D)
 "06023","Humboldt, CA",8,CAGDP2,59,"54,55,56","  Professional and business services ","Thousands of dollars",221231,228522,221366,232738,232511,244299,261787,288546,257420,283023,289294,291216,273664,284846,301840,320713,341303,367120,407094,396884,410855,420072
 "06023","Humboldt, CA",8,CAGDP2,60,"54","   Professional, scientific, and technical services ","Thousands of dollars",114768,124567,125421,131407,137503,146673,157561,181133,153255,157266,162558,159799,159799,163380,169284,173273,184199,201650,216344,211078,220714,228990
 "06023","Humboldt, CA",8,CAGDP2,64,"55","   Management of companies and enterprises ","Thousands of dollars",32028,35904,27658,25168,23222,20579,23059,19735,21995,24259,22812,29124,20889,18705,18816,16830,19029,17132,32189,30730,37959,42036
 "06023","Humboldt, CA",8,CAGDP2,65,"56","   Administrative and support and waste management and remediation services ","Thousands of dollars",74436,68051,68288,76163,71785,77047,81167,87678,82169,101498,103924,102293,92975,102762,113740,130609,138074,148337,158561,155076,152183,149046
 "06023","Humboldt, CA",8,CAGDP2,68,"61,62","  Educational services, health care, and social assistance ","Thousands of dollars",271976,288128,295721,306870,310780,321256,337252,367400,397874,416188,432797,426881,450578,463108,486280,515824,560433,606155,626033,631586,662256,704841
 "06023","Humboldt, CA",8,CAGDP2,69,"61","   Educational services ","Thousands of dollars",7113,6998,7227,8168,8223,9698,10968,12092,13688,13848,15340,15028,15681,17728,14120,16080,15649,16909,15513,13991,14737,15221
 "06023","Humboldt, CA",8,CAGDP2,70,"62","   Health care and social assistance ","Thousands of dollars",264863,281130,288494,298702,302557,311558,326284,355308,384186,402341,417456,411853,434898,445380,472160,499743,544783,589245,610520,617596,647519,689620
 "06023","Humboldt, CA",8,CAGDP2,75,"71,72","  Arts, entertainment, recreation, accommodation, and food services ","Thousands of dollars",170293,186575,202951,193671,170201,167276,165277,178825,171842,178941,182656,193543,208820,227634,244684,266994,273261,282611,288393,222783,299141,341358
 "06023","Humboldt, CA",8,CAGDP2,76,"71","   Arts, entertainment, and recreation ","Thousands of dollars",24591,27195,28144,25482,24844,25585,30031,31036,31306,36523,37310,39348,43566,45244,41486,41277,39688,39473,41643,30941,44783,62037
 "06023","Humboldt, CA",8,CAGDP2,79,"72","   Accommodation and food services ","Thousands of dollars",145702,159380,174807,168190,145357,141691,135246,147789,140536,142418,145346,154195,165254,182391,203197,225718,233573,243137,246750,191842,254357,279321
 "06023","Humboldt, CA",8,CAGDP2,82,"81","  Other services (except government and government enterprises) ","Thousands of dollars",131468,148280,138882,144891,151994,159404,160443,160254,163633,177163,174607,172663,173710,181244,186021,196513,202412,213958,218436,204166,218186,238688
 "06023","Humboldt, CA",8,CAGDP2,83,"92","Government and government enterprises ","Thousands of dollars",666559,717113,761290,756757,786714,833458,863020,907472,906897,928340,961240,968919,1010346,1053839,1114790,1187777,1182030,1221350,1241675,1285746,1305845,1412453
 "06023","Humboldt, CA",8,CAGDP2,87,"11,21","Natural resources and mining ","Thousands of dollars",134561,107987,163345,169737,167212,(D),(D),(D),(D),(D),(D),(D),(D),(D),230770,(D),(D),(D),(D),(D),231656,(D)
 "06023","Humboldt, CA",8,CAGDP2,88,"42,44-45","Trade ","Thousands of dollars",(D),(D),532742,553976,578162,614397,600218,589007,608728,630988,621047,610074,640748,(D),(D),729154,761059,766197,813705,831675,874944,945952
 "06023","Humboldt, CA",8,CAGDP2,89,"22,48-49","Transportation and utilities ","Thousands of dollars",(D),(D),153491,173711,170969,(D),(D),(D),(D),(D),(D),(D),(D),(D),(D),(D),(D),(D),(D),(D),(D),(D)
 "06023","Humboldt, CA",8,CAGDP2,90,"31-33,51","Manufacturing and information ","Thousands of dollars",297375,291022,312653,328635,329117,330699,324942,301839,263739,259275,247182,249546,264217,263940,280999,315460,338269,374542,359047,340490,(D),441123
 "06023","Humboldt, CA",8,CAGDP2,91,"...","Private goods-producing industries 2/","Thousands of dollars",522271,504131,594686,661836,678947,(D),(D),(D),(D),(D),(D),(D),(D),(D),744061,(D),(D),(D),(D),(D),877686,(D)
 "06023","Humboldt, CA",8,CAGDP2,92,"...","Private services-providing industries 3/","Thousands of dollars",2031313,2208681,2288909,2407191,2440785,(D),(D),(D),(D),(D),(D),(D),(D),(D),3263176,(D),(D),(D),(D),(D),4111792,(D)
 "06025","Imperial, CA",8,CAGDP2,1,"...","All industry total ","Thousands of dollars",3646230,4404064,4276080,4330900,4723209,5182448,5384693,6403227,5951348,6124019,6816614,6559862,7158340,7624316,8058720,7943155,8039122,8099883,8523718,9018819,9550181,11064218
 "06025","Imperial, CA",8,CAGDP2,2,"..."," Private industries ","Thousands of dollars",2684888,3378491,3190638,3168367,3475311,3889467,3967389,4861792,4353520,4471309,5095394,4831783,5408786,5825824,6149183,5970802,6045449,6018860,6384449,6796397,7183267,8597461
 "06025","Imperial, CA",8,CAGDP2,3,"11","  Agriculture, forestry, fishing and hunting ","Thousands of dollars",772615,(D),861553,854263,966811,1198912,1112282,1920200,1270647,1262384,1792217,1466145,1757476,1894292,2129103,1827135,1861222,1689191,1772080,1750480,1702878,2369189
 "06025","Imperial, CA",8,CAGDP2,6,"21","  Mining, quarrying, and oil and gas extraction ","Thousands of dollars",19091,6903,5972,4154,4401,5344,5940,5668,82120,80700,83879,92051,92542,96399,86589,100873,124993,145836,125171,168302,192133,176834
 "06025","Imperial, CA",8,CAGDP2,10,"22","  Utilities ","Thousands of dollars",215382,348996,375583,328549,375600,401412,432844,453838,523562,556481,592672,603074,720814,945559,1014953,1045990,1059223,1067099,1129702,1315232,1433660,1804466
 "06025","Imperial, CA",8,CAGDP2,11,"23","  Construction ","Thousands of dollars",80478,77115,85064,123957,166753,138965,181106,141008,121005,107667,108111,112301,148679,154876,173488,156965,159896,165669,192842,224942,222312,235466
 "06025","Imperial, CA",8,CAGDP2,12,"31-33","  Manufacturing ","Thousands of dollars",130886,164903,161385,162413,172102,197046,203836,199649,210752,207580,203617,220481,208433,176062,151698,147298,150781,143856,176706,213679,260246,282183
 "06025","Imperial, CA",8,CAGDP2,13,"321,327-339","   Durable goods manufacturing ","Thousands of dollars",62790,60037,65853,70121,75541,74754,73421,66558,51714,48262,47717,53155,56505,61308,62891,66924,76723,77386,80292,77109,98057,109022
 "06025","Imperial, CA",8,CAGDP2,25,"311-316,322-326","   Nondurable goods manufacturing ","Thousands of dollars",68095,104866,95531,92291,96561,122292,130415,133091,159039,159317,155900,167325,151928,114754,88807,80375,74058,66469,96414,136570,162189,173161
 "06025","Imperial, CA",8,CAGDP2,34,"42","  Wholesale trade ","Thousands of dollars",151031,149947,179035,164048,179639,189883,213328,228231,206293,221430,243800,256580,287556,334429,373512,367355,381457,398690,415978,420284,454646,501637
 "06025","Imperial, CA",8,CAGDP2,35,"44-45","  Retail trade ","Thousands of dollars",328132,349280,384448,413470,440445,468198,443834,408938,406567,426740,445456,463222,497124,503922,528091,527542,534867,556235,587626,593192,681545,735256
 "06025","Imperial, CA",8,CAGDP2,36,"48-49","  Transportation and warehousing ","Thousands of dollars",124959,(D),136378,136882,152409,170585,172467,164572,154616,174670,185649,164668,167583,182208,198477,214568,248627,263439,276311,287361,342131,386697
 "06025","Imperial, CA",8,CAGDP2,45,"51","  Information ","Thousands of dollars",27785,28165,32785,41903,47917,50796,59639,59167,50761,53221,52662,69989,81281,76441,71554,63549,60161,64454,68129,65625,(D),74807
 "06025","Imperial, CA",8,CAGDP2,50,"52,53","  Finance, insurance, real estate, rental, and leasing ","Thousands of dollars",456772,499423,507893,465053,477195,531572,551239,615135,667311,709213,694174,663774,728892,713317,658596,705948,634672,652385,691606,802010,753707,824428
 "06025","Imperial, CA",8,CAGDP2,51,"52","   Finance and insurance ","Thousands of dollars",70991,85482,89764,65806,67304,90624,97120,94490,103763,109451,121025,124884,127543,129235,124977,112982,110254,114269,120686,124414,133724,129683
 "06025","Imperial, CA",8,CAGDP2,56,"53","   Real estate and rental and leasing ","Thousands of dollars",385782,413942,418129,399247,409891,440948,454119,520644,563549,599762,573150,538890,601349,584082,533620,592966,524418,538116,570919,677596,619983,694745
 "06025","Imperial, CA",8,CAGDP2,59,"54,55,56","  Professional and business services ","Thousands of dollars",95346,113318,121579,127152,132261,148634,175080,206364,197576,199328,211405,235261,220129,217866,199989,209986,223691,232319,240144,261997,275917,319623
 "06025","Imperial, CA",8,CAGDP2,60,"54","   Professional, scientific, and technical services ","Thousands of dollars",52208,58614,59547,59305,61644,65589,68201,81262,76318,74549,84369,98892,95575,90349,88424,86603,91430,100598,107752,110836,112385,129234
 "06025","Imperial, CA",8,CAGDP2,64,"55","   Management of companies and enterprises ","Thousands of dollars",14290,20176,20364,22207,20548,18823,19616,22273,14077,14644,14809,13953,13642,13999,15631,18124,17428,17975,13934,12197,11833,12710
 "06025","Imperial, CA",8,CAGDP2,65,"56","   Administrative and support and waste management and remediation services ","Thousands of dollars",28848,34528,41667,45639,50070,64222,87263,102829,107181,110135,112228,122416,110912,113518,95934,105258,114833,113745,118458,138964,151699,177680
 "06025","Imperial, CA",8,CAGDP2,68,"61,62","  Educational services, health care, and social assistance ","Thousands of dollars",99515,129514,142611,152642,163389,175432,184012,215178,241178,240760,241477,230196,243119,258503,274699,300236,299358,322268,363695,393882,434660,479651
 "06025","Imperial, CA",8,CAGDP2,69,"61","   Educational services ","Thousands of dollars",7685,11337,11699,11577,10926,11623,12209,13096,13208,5170,6065,11424,13108,15623,10632,11017,10189,11096,11573,10297,9335,13375
 "06025","Imperial, CA",8,CAGDP2,70,"62","   Health care and social assistance ","Thousands of dollars",91830,118177,130912,141064,152463,163809,171802,202082,227970,235590,235412,218772,230011,242880,264067,289219,289169,311172,352122,383585,425325,466276
 "06025","Imperial, CA",8,CAGDP2,75,"71,72","  Arts, entertainment, recreation, accommodation, and food services ","Thousands of dollars",86668,93225,96742,99631,95599,101702,108049,117976,110849,113677,119989,130768,133420,141747,154183,166221,167434,172952,194479,157508,206642,235639
 "06025","Imperial, CA",8,CAGDP2,76,"71","   Arts, entertainment, and recreation ","Thousands of dollars",2618,2844,2816,5122,4063,4061,4585,5649,5257,5302,5965,6617,6180,7311,7380,8358,7514,7008,8598,4582,6116,7919
 "06025","Imperial, CA",8,CAGDP2,79,"72","   Accommodation and food services ","Thousands of dollars",84050,90381,93926,94509,91536,97641,103464,112326,105592,108374,114024,124151,127240,134437,146803,157862,159920,165944,185882,152926,200527,227720
 "06025","Imperial, CA",8,CAGDP2,82,"81","  Other services (except government and government enterprises) ","Thousands of dollars",96227,110238,99610,94252,100790,110985,123735,125870,110283,117457,120286,123274,121739,130205,134250,137137,139067,144468,149980,141903,(D),171585
 "06025","Imperial, CA",8,CAGDP2,83,"92","Government and government enterprises ","Thousands of dollars",961342,1025573,1085442,1162533,1247898,1292981,1417304,1541434,1597828,1652711,1721220,1728079,1749554,1798492,1909537,1972353,1993673,2081024,2139268,2222421,2366914,2466757
 "06025","Imperial, CA",8,CAGDP2,87,"11,21","Natural resources and mining ","Thousands of dollars",791706,(D),867525,858417,971212,1204256,1118222,1925868,1352767,1343085,1876096,1558196,1850018,1990691,2215692,1928007,1986215,1835027,1897251,1918782,1895010,2546022
 "06025","Imperial, CA",8,CAGDP2,88,"42,44-45","Trade ","Thousands of dollars",479163,499227,563483,577518,620084,658081,657161,637169,612860,648170,689255,719802,784680,838351,901603,894897,916324,954925,1003604,1013476,1136191,1236894
 "06025","Imperial, CA",8,CAGDP2,89,"22,48-49","Transportation and utilities ","Thousands of dollars",340342,(D),511961,465431,528009,571997,605311,618409,678177,731151,778321,767742,888397,1127766,1213430,1260558,1307850,1330538,1406013,1602594,1775790,2191163
 "06025","Imperial, CA",8,CAGDP2,90,"31-33,51","Manufacturing and information ","Thousands of dollars",158671,193068,194169,204316,220018,247842,263475,258816,261514,260801,256279,290470,289713,252503,223252,210847,210942,208309,244835,279304,(D),356991
 "06025","Imperial, CA",8,CAGDP2,91,"...","Private goods-producing industries 2/","Thousands of dollars",1003070,(D),1113974,1144787,1310067,1540268,1503163,2266525,1684524,1658331,2187824,1890978,2207130,2321628,2540878,2232271,2296891,2144551,2266800,2357403,2377568,3063672
 "06025","Imperial, CA",8,CAGDP2,92,"...","Private services-providing industries 3/","Thousands of dollars",1681819,(D),2076665,2023580,2165244,2349199,2464226,2595267,2668996,2812978,2907570,2940806,3201656,3504196,3608305,3738531,3748557,3874309,4117650,4438994,4805699,5533790
 "06027","Inyo, CA",8,CAGDP2,1,"...","All industry total ","Thousands of dollars",682330,791928,788600,832006,852396,900133,917462,964326,980065,1001877,1002118,1004057,1022126,1054460,1087978,1171453,1226727,1195606,1278590,1210928,1258062,1354674
 "06027","Inyo, CA",8,CAGDP2,2,"..."," Private industries ","Thousands of dollars",526331,621738,603039,633025,642625,686804,695828,727329,735118,747525,730583,729954,737603,764627,792531,873755,909925,845379,899545,834639,896617,1003416
 "06027","Inyo, CA",8,CAGDP2,3,"11","  Agriculture, forestry, fishing and hunting ","Thousands of dollars",16513,14925,10606,10671,12720,16191,12560,21267,17390,22066,28190,30785,21418,19870,18138,11519,10832,9486,10393,12398,20575,32775
 "06027","Inyo, CA",8,CAGDP2,6,"21","  Mining, quarrying, and oil and gas extraction ","Thousands of dollars",20045,16517,1263,1682,1859,2022,1938,5530,3004,7267,9355,10419,10896,10416,9249,8446,13221,1703,1876,3845,3442,6301
 "06027","Inyo, CA",8,CAGDP2,10,"22","  Utilities ","Thousands of dollars",128573,209965,192338,200496,180265,193701,177386,178551,205028,211220,206780,185757,190808,187945,184124,193315,198447,186001,192928,200954,203194,252184
 "06027","Inyo, CA",8,CAGDP2,11,"23","  Construction ","Thousands of dollars",16503,16240,18896,23070,25146,30918,33660,27030,38748,44425,26018,30463,33628,40824,44449,35767,31481,32752,33127,32327,33862,29600
 "06027","Inyo, CA",8,CAGDP2,12,"31-33","  Manufacturing ","Thousands of dollars",52450,55574,55607,61264,70041,89878,93007,106065,108871,84949,74951,100195,104372,119630,128579,202807,224268,172163,176181,149808,133402,140599
 "06027","Inyo, CA",8,CAGDP2,13,"321,327-339","   Durable goods manufacturing ","Thousands of dollars",11786,13044,10909,(D),11347,10261,5338,4044,3219,2394,2339,1621,2275,2691,3249,3397,3772,3882,3694,4400,5691,6892
 "06027","Inyo, CA",8,CAGDP2,25,"311-316,322-326","   Nondurable goods manufacturing ","Thousands of dollars",40664,42530,44699,(D),58695,79616,87669,102022,105652,82555,72612,98574,102097,116939,125330,199410,220497,168281,172487,145408,127712,133707
 "06027","Inyo, CA",8,CAGDP2,34,"42","  Wholesale trade ","Thousands of dollars",4699,4828,5504,8040,8945,9822,9110,9684,11003,12252,15695,17274,16656,16099,14893,13979,14040,14368,18881,19006,20004,21407
 "06027","Inyo, CA",8,CAGDP2,35,"44-45","  Retail trade ","Thousands of dollars",55175,57387,58995,63795,67902,71317,64263,60397,57337,57374,57563,59583,66610,68200,71203,76274,82687,81304,83371,81799,97939,108186
 "06027","Inyo, CA",8,CAGDP2,36,"48-49","  Transportation and warehousing ","Thousands of dollars",9067,(D),9761,(D),(D),9968,6784,8676,7527,6642,6945,6229,5868,6394,6301,6720,5048,5251,5029,6408,6872,8172
 "06027","Inyo, CA",8,CAGDP2,45,"51","  Information ","Thousands of dollars",11467,10998,13990,13585,20999,23133,29948,19813,16417,17065,15019,11539,10854,10971,12413,8792,7320,9407,18035,14012,14239,15315
 "06027","Inyo, CA",8,CAGDP2,50,"52,53","  Finance, insurance, real estate, rental, and leasing ","Thousands of dollars",90791,105521,109923,104770,110324,104127,128487,144370,137376,146473,147035,133066,132117,136494,139471,138964,147324,146501,164091,143379,152539,158979
 "06027","Inyo, CA",8,CAGDP2,51,"52","   Finance and insurance ","Thousands of dollars",10735,14228,15601,10161,9266,12014,12237,12852,14583,15098,16712,15928,14959,18312,19370,18116,16352,17240,15805,16538,18302,18148
 "06027","Inyo, CA",8,CAGDP2,56,"53","   Real estate and rental and leasing ","Thousands of dollars",80057,91293,94321,94609,101058,92113,116250,131518,122792,131375,130324,117138,117157,118181,120101,120849,130971,129261,148286,126840,134236,140831
 "06027","Inyo, CA",8,CAGDP2,59,"54,55,56","  Professional and business services ","Thousands of dollars",26833,25493,28969,29879,32910,35107,36201,37119,23713,24621,25595,26371,24697,24490,27638,29933,28312,28522,27683,30699,37995,39656
 "06027","Inyo, CA",8,CAGDP2,60,"54","   Professional, scientific, and technical services ","Thousands of dollars",(D),11114,(D),11741,(D),(D),(D),(D),(D),(D),(D),(D),14835,15972,16550,16827,17186,17140,16605,20328,23659,23910
 "06027","Inyo, CA",8,CAGDP2,64,"55","   Management of companies and enterprises ","Thousands of dollars",(D),(D),8944,9124,(D),(D),(D),(D),(D),(D),(D),(D),(D),1676,(D),(D),(D),2412,(D),(D),(D),(D)
 "06027","Inyo, CA",8,CAGDP2,65,"56","   Administrative and support and waste management and remediation services ","Thousands of dollars",6980,(D),(D),9015,11142,11797,11820,11514,10435,11196,10980,11552,(D),6842,(D),(D),(D),8970,(D),(D),(D),(D)
 "06027","Inyo, CA",8,CAGDP2,68,"61,62","  Educational services, health care, and social assistance ","Thousands of dollars",17984,(D),18177,(D),(D),23534,23900,25359,27148,28943,31209,32133,34404,33729,35035,36437,27767,28924,30121,33433,39086,39665
 "06027","Inyo, CA",8,CAGDP2,69,"61","   Educational services ","Thousands of dollars",1705,(D),(D),(D),(D),(D),(D),(D),(D),2680,3810,(D),(D),(D),2121,2024,(D),(D),(D),(D),2399,(D)
 "06027","Inyo, CA",8,CAGDP2,70,"62","   Health care and social assistance ","Thousands of dollars",16278,(D),(D),(D),(D),(D),(D),(D),(D),26263,27399,(D),(D),(D),32914,34412,(D),(D),(D),(D),36686,(D)
 "06027","Inyo, CA",8,CAGDP2,75,"71,72","  Arts, entertainment, recreation, accommodation, and food services ","Thousands of dollars",56841,55219,57760,62559,57270,53715,56012,62399,60366,62196,64345,64001,63365,66492,76987,86621,95764,104121,111264,84180,111516,126566
 "06027","Inyo, CA",8,CAGDP2,76,"71","   Arts, entertainment, and recreation ","Thousands of dollars",1970,2126,2394,4130,4478,3624,3054,4198,4726,5758,4564,4160,4312,5285,5759,7327,8536,9485,10810,7209,12790,15706
 "06027","Inyo, CA",8,CAGDP2,79,"72","   Accommodation and food services ","Thousands of dollars",54871,53093,55367,58428,52793,50091,52958,58201,55640,56437,59781,59841,59052,61208,71229,79294,87229,94636,100454,76971,98726,110860
 "06027","Inyo, CA",8,CAGDP2,82,"81","  Other services (except government and government enterprises) ","Thousands of dollars",19390,20981,21250,21757,22268,23371,22572,21068,21191,22033,21883,22140,21911,23074,24050,24182,23414,24875,26566,22391,21952,24012
 "06027","Inyo, CA",8,CAGDP2,83,"92","Government and government enterprises ","Thousands of dollars",155999,170190,185561,198981,209772,213328,221634,236997,244947,254352,271534,274103,284523,289833,295447,297698,316801,350228,379044,376289,361445,351258
 "06027","Inyo, CA",8,CAGDP2,87,"11,21","Natural resources and mining ","Thousands of dollars",36558,31443,11869,12353,14579,18213,14498,26797,20393,29332,37545,41204,32314,30286,27387,19965,24053,11189,12269,16244,24017,39075
 "06027","Inyo, CA",8,CAGDP2,88,"42,44-45","Trade ","Thousands of dollars",59874,62214,64499,71835,76848,81139,73373,70081,68340,69626,73258,76857,83266,84299,86096,90252,96727,95672,102252,100804,117943,129593
 "06027","Inyo, CA",8,CAGDP2,89,"22,48-49","Transportation and utilities ","Thousands of dollars",137640,(D),202099,(D),(D),203669,184170,187227,212555,217862,213724,191985,196675,194339,190425,200034,203495,191252,197957,207362,210066,260356
 "06027","Inyo, CA",8,CAGDP2,90,"31-33,51","Manufacturing and information ","Thousands of dollars",63917,66572,69597,74849,91040,113011,122955,125878,125288,102014,89970,111734,115226,130601,140992,211599,231589,181569,194216,163819,147642,155914
 "06027","Inyo, CA",8,CAGDP2,91,"...","Private goods-producing industries 2/","Thousands of dollars",105511,103257,86372,96688,109766,139009,141165,159892,168012,158706,138514,171862,170314,190739,200415,258539,279802,216104,221577,198379,191281,209274
 "06027","Inyo, CA",8,CAGDP2,92,"...","Private services-providing industries 3/","Thousands of dollars",420820,518481,516667,536337,532859,547795,554663,567436,567106,588819,592069,558092,567289,573888,592116,615216,630123,629275,677968,636260,705336,794142
 "06029","Kern, CA",8,CAGDP2,1,"...","All industry total ","Thousands of dollars",19531786,21670279,23539730,27159018,31596401,36986668,42631833,46265785,39684415,41785032,43954455,46508179,47098717,47459214,42329440,41404338,43812095,45646364,46707513,45582252,52042876,57540870
 "06029","Kern, CA",8,CAGDP2,2,"..."," Private industries ","Thousands of dollars",15479591,17554942,19210644,22614344,26733703,31958939,37219279,40633413,33977222,35893221,37814232,40251961,40781623,40900712,35337588,33972941,36200674,37570632,38390004,37041811,43103848,48322538
 "06029","Kern, CA",8,CAGDP2,3,"11","  Agriculture, forestry, fishing and hunting ","Thousands of dollars",566136,1542214,1114443,2271365,2499253,2227450,2967404,1691550,1583573,2593049,3021655,3393467,4051460,4203489,3908665,4115803,4416724,4382766,4348017,4415161,4893732,4530017
 "06029","Kern, CA",8,CAGDP2,6,"21","  Mining, quarrying, and oil and gas extraction ","Thousands of dollars",3346562,3256928,3871921,5137380,7687117,11073931,13643500,16742257,11124605,11612926,13128993,13784624,12414380,10862006,5393023,4325961,5556320,5175215,4501440,3454311,4944347,6199681
 "06029","Kern, CA",8,CAGDP2,10,"22","  Utilities ","Thousands of dollars",815476,1443322,2006102,2432938,2292524,2722124,2999773,2939413,3346849,3195302,2561485,3164471,3676821,4136210,4034274,4118382,4178331,4196096,4017317,4630067,4986947,6285294
 "06029","Kern, CA",8,CAGDP2,11,"23","  Construction ","Thousands of dollars",806680,849470,939123,1157805,1440678,1710897,1701634,1406406,1156939,1087568,1257686,1497193,1631190,1734817,1630241,1513799,1599300,1777272,2059580,1937103,2188452,2424325
 "06029","Kern, CA",8,CAGDP2,12,"31-33","  Manufacturing ","Thousands of dollars",1056570,1032437,1393142,1520047,1814126,2206797,2943185,4045979,2786312,2401329,2292428,2427244,2557988,2674390,2510130,2152936,2347006,2998370,3175428,2109506,3042108,3696102
 "06029","Kern, CA",8,CAGDP2,13,"321,327-339","   Durable goods manufacturing ","Thousands of dollars",464283,463095,(D),612210,(D),(D),709064,731883,714882,693308,774139,745326,784160,776357,721447,658958,645973,656410,727713,733221,769981,833365
 "06029","Kern, CA",8,CAGDP2,25,"311-316,322-326","   Nondurable goods manufacturing ","Thousands of dollars",592288,569343,(D),907837,(D),(D),2234121,3314096,2071431,1708021,1518289,1681919,1773828,1898034,1788683,1493978,1701034,2341960,2447715,1376285,2272127,2862737
 "06029","Kern, CA",8,CAGDP2,34,"42","  Wholesale trade ","Thousands of dollars",664888,680543,721580,784671,907793,1081482,1176630,1240548,1154452,1249640,1428332,1531847,1673336,1825669,1774365,1593859,1545787,1661700,1763035,1763399,1912722,2105833
 "06029","Kern, CA",8,CAGDP2,35,"44-45","  Retail trade ","Thousands of dollars",1328990,1386541,1494687,1605236,1746504,1920343,1906921,1855187,1771515,1888894,1889808,2022339,2216475,2343112,2477976,2590839,2684107,2775849,3083791,3250439,3682327,3971691
 "06029","Kern, CA",8,CAGDP2,36,"48-49","  Transportation and warehousing ","Thousands of dollars",696518,729350,794561,676454,754965,875413,934882,1108709,1288962,1688548,1522819,1168071,999239,1074818,1160085,1149561,1296399,1566120,1686300,1832398,2461574,2815250
 "06029","Kern, CA",8,CAGDP2,45,"51","  Information ","Thousands of dollars",275919,297155,316908,331873,340111,377185,434152,468857,441446,462487,464153,463942,497381,486479,546821,542994,587263,622291,635154,563128,611979,649503
 "06029","Kern, CA",8,CAGDP2,50,"52,53","  Finance, insurance, real estate, rental, and leasing ","Thousands of dollars",2786616,2950860,2974112,2951848,3166645,3357463,3750217,4044461,4117703,4305157,4524534,4643869,4759786,4934061,5083008,4897841,4813289,4939568,5071529,5133550,5784059,6294736
 "06029","Kern, CA",8,CAGDP2,51,"52","   Finance and insurance ","Thousands of dollars",423758,483670,554059,556657,580321,633626,592947,550129,600661,625666,722442,763178,788638,852025,873619,805007,794202,768280,763866,783497,893420,883560
 "06029","Kern, CA",8,CAGDP2,56,"53","   Real estate and rental and leasing ","Thousands of dollars",2362858,2467190,2420053,2395191,2586324,2723836,3157270,3494332,3517042,3679491,3802092,3880690,3971148,4082035,4209389,4092834,4019087,4171288,4307663,4350053,4890639,5411176
 "06029","Kern, CA",8,CAGDP2,59,"54,55,56","  Professional and business services ","Thousands of dollars",1183185,1269078,1365436,1414225,1608842,1769457,1933326,2087292,2083647,2211562,2357855,2548939,2514351,2587287,2540277,2528371,2633198,2795170,3036786,3008261,3093554,3307218
 "06029","Kern, CA",8,CAGDP2,60,"54","   Professional, scientific, and technical services ","Thousands of dollars",629349,669016,726333,763163,824293,950840,1011559,1139491,1064677,1128853,1186926,1312295,1311027,1326267,1253579,1160544,1148330,1207548,1289018,1338209,1373629,1509989
 "06029","Kern, CA",8,CAGDP2,64,"55","   Management of companies and enterprises ","Thousands of dollars",179890,195754,193990,174275,178979,183364,202001,210745,312329,332516,355242,367569,386465,398509,394957,393642,528068,523673,524843,534572,546201,567287
 "06029","Kern, CA",8,CAGDP2,65,"56","   Administrative and support and waste management and remediation services ","Thousands of dollars",373945,404308,445113,476787,605570,635253,719766,737055,706640,750193,815687,869075,816858,862511,891741,974185,956800,1063949,1222925,1135479,1173724,1229942
 "06029","Kern, CA",8,CAGDP2,68,"61,62","  Educational services, health care, and social assistance ","Thousands of dollars",984436,1069239,1138109,1226020,1272751,1341345,1484358,1636793,1755741,1808826,1936935,2061277,2125818,2193869,2316903,2432679,2571206,2704022,2955245,3133441,3277687,3495884
 "06029","Kern, CA",8,CAGDP2,69,"61","   Educational services ","Thousands of dollars",43767,47697,54381,61671,61567,45768,52844,62347,73313,82841,92736,98765,90975,92000,81010,84905,85207,92470,110746,97626,114361,124838
 "06029","Kern, CA",8,CAGDP2,70,"62","   Health care and social assistance ","Thousands of dollars",940670,1021542,1083727,1164349,1211184,1295577,1431514,1574446,1682428,1725986,1844199,1962512,2034844,2101869,2235893,2347774,2486000,2611552,2844499,3035815,3163326,3371046
 "06029","Kern, CA",8,CAGDP2,75,"71,72","  Arts, entertainment, recreation, accommodation, and food services ","Thousands of dollars",508811,549335,586167,580853,622533,657786,689265,691479,659705,645320,678189,730708,771995,845330,935199,1006653,1039955,1091230,1172037,986577,1326503,1534983
 "06029","Kern, CA",8,CAGDP2,76,"71","   Arts, entertainment, and recreation ","Thousands of dollars",46323,49448,55867,61290,90455,99981,104192,84779,90131,86821,86412,95082,99764,113539,111369,123649,126241,125460,127806,82323,144841,192742
 "06029","Kern, CA",8,CAGDP2,79,"72","   Accommodation and food services ","Thousands of dollars",462488,499887,530300,519563,532078,557804,585073,606700,569574,558499,591776,635626,672231,731791,823830,883004,913714,965770,1044231,904254,1181662,1342241
 "06029","Kern, CA",8,CAGDP2,82,"81","  Other services (except government and government enterprises) ","Thousands of dollars",458804,498467,494353,523628,579861,637268,654032,674481,705773,742614,749363,813970,891405,999175,1026619,1003261,931790,884964,884347,824471,897859,1012021
 "06029","Kern, CA",8,CAGDP2,83,"92","Government and government enterprises ","Thousands of dollars",4052194,4115338,4329086,4544674,4862698,5027728,5412554,5632372,5707193,5891811,6140223,6256217,6317094,6558502,6991852,7431397,7611421,8075731,8317509,8540442,8939028,9218332
 "06029","Kern, CA",8,CAGDP2,87,"11,21","Natural resources and mining ","Thousands of dollars",3912698,4799142,4986363,7408745,10186370,13301380,16610904,18433807,12708178,14205975,16150648,17178091,16465840,15065495,9301688,8441765,9973044,9557981,8849456,7869473,9838078,10729699
 "06029","Kern, CA",8,CAGDP2,88,"42,44-45","Trade ","Thousands of dollars",1993878,2067084,2216268,2389906,2654296,3001825,3083551,3095734,2925967,3138534,3318140,3554186,3889810,4168781,4252342,4184698,4229893,4437549,4846826,5013837,5595049,6077524
 "06029","Kern, CA",8,CAGDP2,89,"22,48-49","Transportation and utilities ","Thousands of dollars",1511994,2172672,2800663,3109392,3047489,3597537,3934655,4048122,4635811,4883850,4084304,4332542,4676059,5211028,5194360,5267943,5474730,5762216,5703616,6462465,7448521,9100544
 "06029","Kern, CA",8,CAGDP2,90,"31-33,51","Manufacturing and information ","Thousands of dollars",1332489,1329593,1710050,1851920,2154237,2583981,3377338,4514836,3227758,2863816,2756581,2891186,3055369,3160869,3056951,2695930,2934269,3620661,3810582,2672634,3654086,4345605
 "06029","Kern, CA",8,CAGDP2,91,"...","Private goods-producing industries 2/","Thousands of dollars",5775949,6681050,7318629,10086598,13441174,17219074,21255723,23886193,16651429,17694872,19700761,21102529,20655018,19474702,13442059,12108500,13919350,14333623,14084464,11916081,15068638,16850126
 "06029","Kern, CA",8,CAGDP2,92,"...","Private services-providing industries 3/","Thousands of dollars",9703643,10873892,11892015,12527746,13292529,14739865,15963556,16747221,17325793,18198349,18113470,19149433,20126605,21426010,21895529,21864441,22281324,23237010,24305540,25125730,28035211,31472412
 "06031","Kings, CA",8,CAGDP2,1,"...","All industry total ","Thousands of dollars",3028879,3275899,3752699,4139750,4328421,4127508,5116087,4686478,4322813,4513397,5392340,5008802,5146267,5621380,5630251,5935795,6443298,6425036,6669073,6935198,7513969,8145669
 "06031","Kings, CA",8,CAGDP2,2,"..."," Private industries ","Thousands of dollars",1941879,1921092,2259079,2513782,2587713,2270230,3153833,2666284,2404061,2558891,3343125,2998883,3116812,3487579,3502373,3549985,3840888,3916867,4034975,4190555,4503475,5201229
 "06031","Kings, CA",8,CAGDP2,3,"11","  Agriculture, forestry, fishing and hunting ","Thousands of dollars",492606,(D),653182,861429,812889,371715,1103752,454938,146077,339258,1098221,756945,(D),1017258,839944,804664,1010705,894957,942661,962491,1019233,1146478
 "06031","Kings, CA",8,CAGDP2,6,"21","  Mining, quarrying, and oil and gas extraction ","Thousands of dollars",2792,2667,3331,4237,7279,10035,10581,9852,6332,7192,10241,11496,(D),8997,5998,3514,4546,4361,3900,3022,4188,5281
 "06031","Kings, CA",8,CAGDP2,10,"22","  Utilities ","Thousands of dollars",10872,15576,13292,11975,13544,14927,15857,19814,23038,15015,19844,33044,47457,69650,92345,132910,156210,157433,149939,175864,291513,563668
 "06031","Kings, CA",8,CAGDP2,11,"23","  Construction ","Thousands of dollars",60601,(D),81944,101218,162449,106246,106177,129141,150280,130161,107132,83623,100455,113778,134422,138783,143697,147533,153102,168553,200123,218042
 "06031","Kings, CA",8,CAGDP2,12,"31-33","  Manufacturing ","Thousands of dollars",319887,352214,354685,353049,361722,436347,470455,527536,577586,510843,461322,474406,467475,531804,571974,543147,570636,595559,619143,643259,667662,704387
 "06031","Kings, CA",8,CAGDP2,13,"321,327-339","   Durable goods manufacturing ","Thousands of dollars",17474,22221,30170,37796,40457,45087,46965,45019,38092,35806,42337,37738,39414,43189,52869,54898,57961,58301,63646,60639,63111,69905
 "06031","Kings, CA",8,CAGDP2,25,"311-316,322-326","   Nondurable goods manufacturing ","Thousands of dollars",302414,329993,324515,315254,321265,391260,423490,482517,539495,475037,418986,436669,428061,488615,519106,488249,512675,537258,555497,582621,604552,634482
 "06031","Kings, CA",8,CAGDP2,34,"42","  Wholesale trade ","Thousands of dollars",80047,75876,70291,65709,68068,63365,61165,67984,65458,70001,88184,94512,99459,114904,124764,124856,126215,126560,140072,144425,161317,180602
 "06031","Kings, CA",8,CAGDP2,35,"44-45","  Retail trade ","Thousands of dollars",180221,163398,179540,198599,215220,231245,233786,226858,220448,225187,228429,232455,256955,261368,284375,306969,328697,318860,323798,331848,375807,414312
 "06031","Kings, CA",8,CAGDP2,36,"48-49","  Transportation and warehousing ","Thousands of dollars",39105,35489,42134,50609,74550,89003,89212,98056,82025,83979,86813,81160,94472,102545,105405,115144,165061,207146,256126,269988,212797,242075
 "06031","Kings, CA",8,CAGDP2,45,"51","  Information ","Thousands of dollars",20741,22126,24539,32223,34905,35940,38573,35185,27640,27423,27599,33416,40478,45738,45288,36951,30576,28608,31936,30164,33704,35485
 "06031","Kings, CA",8,CAGDP2,50,"52,53","  Finance, insurance, real estate, rental, and leasing ","Thousands of dollars",409481,438858,438608,418537,410974,443592,522266,545265,517073,532368,598289,568736,559474,563210,600125,633041,567936,658008,603743,647867,655299,699545
 "06031","Kings, CA",8,CAGDP2,51,"52","   Finance and insurance ","Thousands of dollars",49342,59179,71139,58369,58141,67132,65017,65493,71447,78039,85645,87463,74705,86717,100970,82660,80888,83746,94655,96462,109644,109066
 "06031","Kings, CA",8,CAGDP2,56,"53","   Real estate and rental and leasing ","Thousands of dollars",360138,379680,367469,360169,352833,376460,457250,479773,445626,454329,512644,481274,484769,476493,499155,550381,487048,574262,509089,551405,545655,590479
 "06031","Kings, CA",8,CAGDP2,59,"54,55,56","  Professional and business services ","Thousands of dollars",64630,72932,76254,84893,84334,86732,93595,96112,106605,132989,116173,120302,120453,125401,128447,126687,130547,131237,143028,154754,153299,207137
 "06031","Kings, CA",8,CAGDP2,60,"54","   Professional, scientific, and technical services ","Thousands of dollars",27412,30711,34772,37219,39471,39739,41090,47770,44448,75053,61078,68480,69134,71819,71070,60481,63883,64690,69061,78613,69075,99939
 "06031","Kings, CA",8,CAGDP2,64,"55","   Management of companies and enterprises ","Thousands of dollars",7156,8946,9557,9400,10423,11671,12170,8919,10876,11783,12545,12926,13568,12743,14374,15208,17652,16152,17456,21412,27391,26445
 "06031","Kings, CA",8,CAGDP2,65,"56","   Administrative and support and waste management and remediation services ","Thousands of dollars",30062,33276,31925,38274,34440,35323,40335,39423,51282,46153,42550,38896,37751,40838,43004,50998,49012,50395,56510,54729,56833,80753
 "06031","Kings, CA",8,CAGDP2,68,"61,62","  Educational services, health care, and social assistance ","Thousands of dollars",130833,151349,170606,179588,192198,220938,244888,292150,323446,324869,338794,342524,343597,343722,366630,375107,396427,418905,423459,427200,449097,473195
 "06031","Kings, CA",8,CAGDP2,69,"61","   Educational services ","Thousands of dollars",2643,2992,9528,12032,13047,13815,12938,14075,13361,12961,10803,12391,9998,8233,6762,6038,5509,6232,5541,4771,5870,6887
 "06031","Kings, CA",8,CAGDP2,70,"62","   Health care and social assistance ","Thousands of dollars",128190,148357,161078,167556,179151,207122,231949,278074,310085,311908,327991,330133,333599,335489,359868,369068,390918,412673,417918,422429,443227,466308
 "06031","Kings, CA",8,CAGDP2,75,"71,72","  Arts, entertainment, recreation, accommodation, and food services ","Thousands of dollars",66168,74155,82414,81112,75713,79791,79075,79436,78112,81376,85474,89317,94182,100257,113713,120676,123965,134747,146173,134161,176230,196876
 "06031","Kings, CA",8,CAGDP2,76,"71","   Arts, entertainment, and recreation ","Thousands of dollars",3672,3893,4396,5314,5721,6309,6316,6639,7221,8576,9189,8278,7265,7094,8520,10314,10120,11362,12231,10015,14102,19784
 "06031","Kings, CA",8,CAGDP2,79,"72","   Accommodation and food services ","Thousands of dollars",62496,70262,78019,75799,69992,73482,72760,72796,70890,72800,76286,81039,86917,93162,105193,110362,113845,123385,133943,124146,162129,177092
 "06031","Kings, CA",8,CAGDP2,82,"81","  Other services (except government and government enterprises) ","Thousands of dollars",63895,70428,68259,70603,73867,80355,84450,83957,79940,78230,76608,76947,79964,88947,88942,87537,85668,92955,97896,96959,103205,114146
 "06031","Kings, CA",8,CAGDP2,83,"92","Government and government enterprises ","Thousands of dollars",1087000,1354807,1493620,1625968,1740708,1857278,1962254,2020194,1918752,1954505,2049215,2009918,2029455,2133801,2127878,2385810,2602410,2508168,2634098,2744643,3010494,2944440
 "06031","Kings, CA",8,CAGDP2,87,"11,21","Natural resources and mining ","Thousands of dollars",495398,(D),656513,865666,820168,381750,1114333,464790,152409,346451,1108462,768441,812392,1026255,845941,808178,1015251,899317,946561,965513,1023421,1151759
 "06031","Kings, CA",8,CAGDP2,88,"42,44-45","Trade ","Thousands of dollars",260268,239273,249832,264308,283288,294609,294951,294842,285906,295188,316613,326967,356414,376272,409139,431825,454912,445419,463870,476272,537125,594914
 "06031","Kings, CA",8,CAGDP2,89,"22,48-49","Transportation and utilities ","Thousands of dollars",49977,51065,55426,62584,88094,103930,105069,117870,105063,98994,106657,114204,141928,172195,197750,248054,321272,364579,406065,445852,504310,805743
 "06031","Kings, CA",8,CAGDP2,90,"31-33,51","Manufacturing and information ","Thousands of dollars",340629,374340,379224,385273,396627,472287,509029,562721,605226,538266,488921,507822,507953,577542,617262,580098,601212,624167,651079,673424,701367,739871
 "06031","Kings, CA",8,CAGDP2,91,"...","Private goods-producing industries 2/","Thousands of dollars",875886,800904,1093141,1319933,1344339,924343,1690965,1121467,880275,987455,1676917,1326470,1380321,1671837,1552338,1490108,1729585,1642409,1718805,1777326,1891207,2074188
 "06031","Kings, CA",8,CAGDP2,92,"...","Private services-providing industries 3/","Thousands of dollars",1065993,1120188,1165938,1193849,1243374,1345887,1462868,1544816,1523785,1571436,1666208,1672413,1736491,1815742,1950035,2059877,2111303,2274459,2316170,2413229,2612269,3127041
 "06033","Lake, CA",8,CAGDP2,1,"...","All industry total ","Thousands of dollars",1054239,1232343,1256173,1304073,1341774,1455150,1509305,1530040,1518345,1595474,1613906,1632392,1671858,1747438,1789284,1807677,1943085,1987652,2018346,2015525,2175448,2273787
 "06033","Lake, CA",8,CAGDP2,2,"..."," Private industries ","Thousands of dollars",850058,1018203,1024252,1059577,1098762,1198949,1238901,1252032,1255087,1330089,1354133,1368031,1389044,1450626,1469270,1466600,1601070,1634098,1659871,1662586,1805068,1879722
 "06033","Lake, CA",8,CAGDP2,3,"11","  Agriculture, forestry, fishing and hunting ","Thousands of dollars",37374,23323,21682,18781,18759,32304,24665,28720,27466,34537,50407,105158,105339,99795,83005,81578,84191,93873,90944,100942,114192,75943
 "06033","Lake, CA",8,CAGDP2,6,"21","  Mining, quarrying, and oil and gas extraction ","Thousands of dollars",3968,4663,3754,5171,5776,8795,12930,10212,10196,8681,8615,8369,8101,8996,7942,9612,16320,32069,37789,20821,23369,22752
 "06033","Lake, CA",8,CAGDP2,10,"22","  Utilities ","Thousands of dollars",67196,154141,148938,154005,144923,152067,166827,177922,182370,189898,201088,204191,202246,208952,179014,162301,173593,185117,157032,192900,191717,223413
 "06033","Lake, CA",8,CAGDP2,11,"23","  Construction ","Thousands of dollars",65645,70107,72071,80945,83014,90534,93899,79993,73793,89976,73824,68695,66167,68708,75097,96760,102282,115595,126346,114345,109657,113386
 "06033","Lake, CA",8,CAGDP2,12,"31-33","  Manufacturing ","Thousands of dollars",36995,36356,33333,34061,36286,47810,32156,34119,35575,33203,32750,37182,38491,44105,52284,63785,61608,48709,61511,61381,63156,67298
 "06033","Lake, CA",8,CAGDP2,13,"321,327-339","   Durable goods manufacturing ","Thousands of dollars",12082,11009,10320,12454,15969,22385,7756,6857,5659,5772,6457,6871,6995,6715,6019,7445,7529,7426,7618,7632,7968,9362
 "06033","Lake, CA",8,CAGDP2,25,"311-316,322-326","   Nondurable goods manufacturing ","Thousands of dollars",24913,25347,23013,21607,20316,25425,24400,27262,29917,27431,26293,30311,31495,37390,46265,56341,54079,41283,53893,53749,55188,57936
 "06033","Lake, CA",8,CAGDP2,34,"42","  Wholesale trade ","Thousands of dollars",16441,17844,18348,18387,20263,18765,19320,21225,19782,20722,30063,31270,32563,30531,28942,22504,17483,17255,16532,15667,16275,19006
 "06033","Lake, CA",8,CAGDP2,35,"44-45","  Retail trade ","Thousands of dollars",103931,106957,113871,126111,132365,140061,135183,128056,134133,135183,130908,129749,140656,146553,157920,165184,173823,180802,193935,194604,203789,213132
 "06033","Lake, CA",8,CAGDP2,36,"48-49","  Transportation and warehousing ","Thousands of dollars",14685,15037,14517,16232,17079,20505,20568,18473,13955,15260,17383,16864,15734,15562,16729,17978,23821,25913,30472,28779,56514,45057
 "06033","Lake, CA",8,CAGDP2,45,"51","  Information ","Thousands of dollars",9932,8768,10353,12684,14416,19539,23689,23998,20362,23241,26724,35397,42980,45277,46621,41867,33874,36037,31022,31987,36638,40697
 "06033","Lake, CA",8,CAGDP2,50,"52,53","  Finance, insurance, real estate, rental, and leasing ","Thousands of dollars",236221,281566,295340,298943,329895,352648,394602,397610,398599,439776,440883,403098,410317,436613,454318,417599,505246,475446,467443,444858,482380,506365
 "06033","Lake, CA",8,CAGDP2,51,"52","   Finance and insurance ","Thousands of dollars",27900,34385,37316,25688,24931,30733,28339,30025,31143,30996,32446,32708,31391,34555,34451,37021,33513,33176,34046,35247,39860,38554
 "06033","Lake, CA",8,CAGDP2,56,"53","   Real estate and rental and leasing ","Thousands of dollars",208322,247180,258024,273256,304964,321915,366263,367585,367456,408780,408437,370390,378926,402059,419867,380578,471733,442270,433397,409611,442520,467810
 "06033","Lake, CA",8,CAGDP2,59,"54,55,56","  Professional and business services ","Thousands of dollars",71561,78160,61309,58251,59041,64569,64470,70174,66429,68820,66961,66096,64526,67726,62428,65177,69407,70569,72302,79218,89539,97968
 "06033","Lake, CA",8,CAGDP2,60,"54","   Professional, scientific, and technical services ","Thousands of dollars",35117,40444,(D),37563,38345,39711,38224,41230,36943,35641,35769,32603,32467,34182,35265,34252,35219,34732,34719,37124,41635,45275
 "06033","Lake, CA",8,CAGDP2,64,"55","   Management of companies and enterprises ","Thousands of dollars",12991,12596,(D),(D),(D),5292,5568,4931,4933,4574,4470,4534,5659,6755,7713,8468,9164,7840,8526,8806,9174,9948
 "06033","Lake, CA",8,CAGDP2,65,"56","   Administrative and support and waste management and remediation services ","Thousands of dollars",23454,25120,22473,(D),(D),19567,20679,24013,24553,28606,26722,28959,26400,26788,19450,22457,25024,27997,29057,33287,38731,42745
 "06033","Lake, CA",8,CAGDP2,68,"61,62","  Educational services, health care, and social assistance ","Thousands of dollars",88030,114129,127579,137192,142361,153142,158220,175399,187394,184119,191554,179035,181962,188518,210826,228031,240803,249512,262655,274005,296327,320942
 "06033","Lake, CA",8,CAGDP2,69,"61","   Educational services ","Thousands of dollars",1116,1230,1642,2009,1613,1758,2375,2010,2130,1321,2517,2094,1780,1641,1714,3588,4116,4121,3952,2474,2316,2403
 "06033","Lake, CA",8,CAGDP2,70,"62","   Health care and social assistance ","Thousands of dollars",86914,112900,125937,135183,140749,151384,155844,173389,185264,182798,189037,176941,180182,186878,209111,224443,236687,245391,258703,271531,294012,318539
 "06033","Lake, CA",8,CAGDP2,75,"71,72","  Arts, entertainment, recreation, accommodation, and food services ","Thousands of dollars",50354,53351,54718,50465,44277,42898,39560,38007,35814,34605,34147,35987,34254,37247,41569,40425,43510,44846,51622,44043,56938,63363
 "06033","Lake, CA",8,CAGDP2,76,"71","   Arts, entertainment, and recreation ","Thousands of dollars",4773,3442,3999,4817,3765,3612,3265,3335,2348,1954,1745,2136,2324,2210,2503,2775,3311,3650,3488,3341,4401,4941
 "06033","Lake, CA",8,CAGDP2,79,"72","   Accommodation and food services ","Thousands of dollars",45581,49909,50719,45647,40512,39285,36295,34672,33465,32651,32402,33851,31931,35037,39067,37650,40199,41196,48134,40702,52537,58421
 "06033","Lake, CA",8,CAGDP2,82,"81","  Other services (except government and government enterprises) ","Thousands of dollars",47723,53801,48438,48349,50307,55312,52813,48123,49221,52069,48827,46938,45706,52042,52576,53799,55109,58353,60267,59036,64576,70402
 "06033","Lake, CA",8,CAGDP2,83,"92","Government and government enterprises ","Thousands of dollars",204181,214140,231920,244497,243013,256201,270404,278007,263258,265386,259773,264361,282815,296812,320014,341077,342015,353554,358475,352939,370380,394064
 "06033","Lake, CA",8,CAGDP2,87,"11,21","Natural resources and mining ","Thousands of dollars",41342,27985,25436,23952,24535,41100,37595,38932,37662,43218,59022,113527,113440,108792,90947,91190,100511,125943,128733,121763,137561,98694
 "06033","Lake, CA",8,CAGDP2,88,"42,44-45","Trade ","Thousands of dollars",120373,124801,132219,144498,152628,158826,154503,149282,153915,155905,160971,161019,173219,177084,186862,187688,191306,198057,210467,210271,220064,232138
 "06033","Lake, CA",8,CAGDP2,89,"22,48-49","Transportation and utilities ","Thousands of dollars",81881,169178,163456,170237,162002,172572,187395,196395,196325,205158,218471,221056,217980,224514,195743,180278,197414,211029,187504,221679,248231,268470
 "06033","Lake, CA",8,CAGDP2,90,"31-33,51","Manufacturing and information ","Thousands of dollars",46927,45124,43686,46745,50701,67349,55845,58117,55937,56445,59474,72580,81471,89382,98905,105653,95482,84746,92532,93368,99794,107995
 "06033","Lake, CA",8,CAGDP2,91,"...","Private goods-producing industries 2/","Thousands of dollars",143981,134448,130840,138958,143835,179444,163650,153044,147029,166397,165595,219405,218098,221605,218328,251735,264401,290247,316590,297489,310373,279378
 "06033","Lake, CA",8,CAGDP2,92,"...","Private services-providing industries 3/","Thousands of dollars",706077,883754,893413,920619,954927,1019505,1075251,1098988,1108058,1163692,1188537,1148626,1170946,1229022,1250942,1214865,1336668,1343851,1343281,1365097,1494694,1600344
 "06035","Lassen, CA",8,CAGDP2,1,"...","All industry total ","Thousands of dollars",630121,689121,733266,753980,798459,858057,921572,1044026,979970,1036207,1121378,1085410,1080997,1086721,1129853,1174444,1164870,1192986,1199520,1266064,1301687,1297714
 "06035","Lassen, CA",8,CAGDP2,2,"..."," Private industries ","Thousands of dollars",314408,363366,378750,369363,371741,400476,413349,506401,432264,441206,478509,428523,434782,456749,484914,489874,477879,494787,486983,502831,530518,571367
 "06035","Lassen, CA",8,CAGDP2,3,"11","  Agriculture, forestry, fishing and hunting ","Thousands of dollars",13013,12774,16971,(D),26020,47185,44600,124994,43461,39712,79162,67251,52503,51525,50404,42018,37915,38150,34654,55951,64260,60969
 "06035","Lassen, CA",8,CAGDP2,6,"21","  Mining, quarrying, and oil and gas extraction ","Thousands of dollars",3053,4571,1390,1271,1529,2354,3491,2956,1025,788,440,333,113,0,0,0,0,0,0,0,0,0
 "06035","Lassen, CA",8,CAGDP2,10,"22","  Utilities ","Thousands of dollars",12804,(D),26460,21247,20933,25598,19231,24022,23871,24356,34480,29267,29577,27007,29407,28705,33480,33179,36816,35627,33440,(D)
 "06035","Lassen, CA",8,CAGDP2,11,"23","  Construction ","Thousands of dollars",20388,(D),26907,24514,23198,24055,25530,21243,25076,31408,27900,20080,17688,15916,15974,21621,25082,26118,25486,(D),(D),(D)
 "06035","Lassen, CA",8,CAGDP2,12,"31-33","  Manufacturing ","Thousands of dollars",15691,(D),17190,(D),4762,2628,1994,9459,5132,3310,3151,2282,2628,2022,2414,2070,1524,976,1083,(D),(D),(D)
 "06035","Lassen, CA",8,CAGDP2,13,"321,327-339","   Durable goods manufacturing ","Thousands of dollars",(D),(D),(D),(D),2262,1485,1535,963,985,996,1695,1568,1703,881,(D),655,484,489,503,(D),(D),(D)
 "06035","Lassen, CA",8,CAGDP2,25,"311-316,322-326","   Nondurable goods manufacturing ","Thousands of dollars",(D),(D),(D),2214,2501,1143,459,8497,4148,2314,1455,713,925,1141,(D),1415,1040,487,580,429,464,568
 "06035","Lassen, CA",8,CAGDP2,34,"42","  Wholesale trade ","Thousands of dollars",9797,10005,10337,9142,8845,8506,8315,8219,7499,9257,12122,12241,12365,14377,17204,17651,17712,18536,19167,18870,19334,(D)
 "06035","Lassen, CA",8,CAGDP2,35,"44-45","  Retail trade ","Thousands of dollars",47668,50365,51742,54814,57087,57406,57638,53855,51987,51307,48827,48126,51541,53492,58351,59927,61554,62848,65941,67227,76029,81777
 "06035","Lassen, CA",8,CAGDP2,36,"48-49","  Transportation and warehousing ","Thousands of dollars",7171,9949,11447,11215,11091,11738,11528,9937,7825,6095,6779,6500,6207,7558,9187,10808,(D),(D),(D),(D),10463,11374
 "06035","Lassen, CA",8,CAGDP2,45,"51","  Information ","Thousands of dollars",9990,11525,12836,14972,11439,11267,12179,12353,10248,10370,9656,9080,12954,16455,23208,29738,34957,32310,31047,24953,20509,24155
 "06035","Lassen, CA",8,CAGDP2,50,"52,53","  Finance, insurance, real estate, rental, and leasing ","Thousands of dollars",90328,100233,100194,96610,101514,103428,119659,125033,143740,150050,138133,119666,131417,138350,144460,151651,132992,142444,129647,132600,139341,148963
 "06035","Lassen, CA",8,CAGDP2,51,"52","   Finance and insurance ","Thousands of dollars",8989,10829,11577,9284,9179,10849,10674,11564,11599,11462,11726,12350,13175,13924,14272,14895,12960,12630,13086,13826,15663,15821
 "06035","Lassen, CA",8,CAGDP2,56,"53","   Real estate and rental and leasing ","Thousands of dollars",81339,89404,88617,87326,92335,92579,108985,113468,132141,138588,126407,107316,118242,124425,130188,136756,120031,129814,116561,118774,123678,133143
 "06035","Lassen, CA",8,CAGDP2,59,"54,55,56","  Professional and business services ","Thousands of dollars",14817,(D),16581,15984,15850,15704,16052,16807,15493,16023,17684,17825,21698,19987,18077,16239,(D),(D),(D),(D),23639,26251
 "06035","Lassen, CA",8,CAGDP2,60,"54","   Professional, scientific, and technical services ","Thousands of dollars",7965,8261,10625,8192,9323,9382,9623,10144,(D),(D),(D),(D),12381,11271,(D),(D),(D),(D),(D),(D),(D),(D)
 "06035","Lassen, CA",8,CAGDP2,64,"55","   Management of companies and enterprises ","Thousands of dollars",(D),0,0,0,0,(D),0,0,(D),(D),(D),(D),(D),(D),(D),(D),(D),(D),(D),(D),(D),(D)
 "06035","Lassen, CA",8,CAGDP2,65,"56","   Administrative and support and waste management and remediation services ","Thousands of dollars",(D),(D),5956,7792,6528,(D),6429,6662,6607,8676,8352,7626,(D),(D),7945,6339,7520,8373,9777,11165,11740,14430
 "06035","Lassen, CA",8,CAGDP2,68,"61,62","  Educational services, health care, and social assistance ","Thousands of dollars",35104,40834,44577,47011,46876,48625,51891,57410,59854,60865,64219,61662,61955,64077,65652,66037,67255,70592,71377,72951,74377,81020
 "06035","Lassen, CA",8,CAGDP2,69,"61","   Educational services ","Thousands of dollars",1035,1367,1664,1760,1835,1767,1822,2118,2468,2326,5613,7443,5512,6059,(D),(D),(D),(D),(D),(D),(D),880
 "06035","Lassen, CA",8,CAGDP2,70,"62","   Health care and social assistance ","Thousands of dollars",34069,39467,42913,45251,45041,46858,50069,55292,57386,58540,58606,54219,56443,58018,(D),(D),(D),(D),(D),(D),(D),80140
 "06035","Lassen, CA",8,CAGDP2,75,"71,72","  Arts, entertainment, recreation, accommodation, and food services ","Thousands of dollars",18410,22456,24532,25199,23777,22965,22335,21577,18929,19989,20788,20180,18904,21019,23010,23420,21802,21519,22127,18139,24553,26969
 "06035","Lassen, CA",8,CAGDP2,76,"71","   Arts, entertainment, and recreation ","Thousands of dollars",496,648,799,1085,1721,858,1262,1052,1479,1352,1755,2040,1798,1900,1639,1860,(D),985,1055,1122,3240,3971
 "06035","Lassen, CA",8,CAGDP2,79,"72","   Accommodation and food services ","Thousands of dollars",17914,21807,23733,24115,22056,22107,21073,20525,17450,18637,19033,18140,17106,19118,21371,21560,(D),20534,21072,17017,21313,22998
 "06035","Lassen, CA",8,CAGDP2,82,"81","  Other services (except government and government enterprises) ","Thousands of dollars",16174,18472,17584,18132,18819,19016,18905,18536,18125,17676,15167,14032,15234,24966,27565,19991,15892,16959,18333,18459,20155,20340
 "06035","Lassen, CA",8,CAGDP2,83,"92","Government and government enterprises ","Thousands of dollars",315713,325755,354516,384617,426717,457581,508223,537625,547706,595001,642869,656886,646215,629972,644940,684570,686991,698199,712538,763234,771169,726347
 "06035","Lassen, CA",8,CAGDP2,87,"11,21","Natural resources and mining ","Thousands of dollars",16066,17345,18361,(D),27549,49539,48091,127950,44485,40500,79603,67584,52616,51525,50404,42018,37915,38150,34654,55951,64260,60969
 "06035","Lassen, CA",8,CAGDP2,88,"42,44-45","Trade ","Thousands of dollars",57465,60370,62080,63957,65932,65913,65952,62074,59486,60564,60950,60367,63906,67869,75556,77578,79266,81384,85108,86097,95363,(D)
 "06035","Lassen, CA",8,CAGDP2,89,"22,48-49","Transportation and utilities ","Thousands of dollars",19975,(D),37907,32462,32024,37337,30759,33959,31697,30451,41259,35767,35784,34564,38594,39513,(D),(D),(D),(D),43904,(D)
 "06035","Lassen, CA",8,CAGDP2,90,"31-33,51","Manufacturing and information ","Thousands of dollars",25681,(D),30026,(D),16202,13894,14173,21812,15380,13679,12806,11361,15581,18476,25622,31807,36481,33286,32130,(D),(D),(D)
 "06035","Lassen, CA",8,CAGDP2,91,"...","Private goods-producing industries 2/","Thousands of dollars",52145,55326,62459,55035,55509,76222,75616,158653,74693,75217,110653,89946,72931,69463,68792,65708,64522,65244,61223,82443,88677,84101
 "06035","Lassen, CA",8,CAGDP2,92,"...","Private services-providing industries 3/","Thousands of dollars",262264,308040,316291,314327,316233,324254,337733,347748,357571,365988,367856,338577,361851,387286,416122,424166,413357,429543,425759,420388,441841,487266
 "06037","Los Angeles, CA",8,CAGDP2,1,"...","All industry total ","Thousands of dollars",388588265,402912466,422751231,444475896,467179943,497988979,518786826,539074844,518967088,537427551,557551527,576831706,600243761,628546369,667257201,687790470,720841757,755372387,795139880,766347705,841764959,913292121
 "06037","Los Angeles, CA",8,CAGDP2,2,"..."," Private industries ","Thousands of dollars",345953661,358299644,376339725,396577758,417567498,446027310,463237762,481002727,461624305,479619525,499403248,518248525,539191675,563562438,598106517,616058509,648261975,678908053,716323809,685892421,759148794,828129334
 "06037","Los Angeles, CA",8,CAGDP2,3,"11","  Agriculture, forestry, fishing and hunting ","Thousands of dollars",245682,281152,413772,324219,326640,384584,288375,282443,224515,196241,208194,276709,214338,211653,226719,202952,202275,212602,160004,193492,207196,307136
 "06037","Los Angeles, CA",8,CAGDP2,6,"21","  Mining, quarrying, and oil and gas extraction ","Thousands of dollars",861345,858469,1071688,1418437,1717161,2329418,2865851,3342935,2337645,2495322,2729891,2782334,2748446,2529220,1527689,1263096,994579,896369,724957,605449,858581,1058742
 "06037","Los Angeles, CA",8,CAGDP2,10,"22","  Utilities ","Thousands of dollars",3007550,3223797,3070859,3105858,3113278,3741496,3853911,3883795,4087653,3663949,3880745,4185323,4181832,4291957,4555180,4790010,5183299,5365028,5420601,6031029,5867408,7020706
 "06037","Los Angeles, CA",8,CAGDP2,11,"23","  Construction ","Thousands of dollars",9422657,9612349,10851779,13940237,15873720,16681162,17796212,14942709,11712724,9018009,10200105,11203030,12981971,14569367,16546111,18472762,21188219,22163315,23776816,23595698,23420228,24714069
 "06037","Los Angeles, CA",8,CAGDP2,12,"31-33","  Manufacturing ","Thousands of dollars",47036435,43030360,46389496,46758611,50909536,52848060,54425461,58020776,53852846,52199298,51872059,51541458,54464143,57583214,60929834,61687854,65244115,73695704,72225603,62204149,73370566,83255600
 "06037","Los Angeles, CA",8,CAGDP2,13,"321,327-339","   Durable goods manufacturing ","Thousands of dollars",25809591,24732558,26021908,26111129,28772427,29207615,30166099,30794300,29923929,28252483,29527055,28300832,30277689,30886000,33283550,35287592,36506220,38700498,37992830,37454243,39275848,42824075
 "06037","Los Angeles, CA",8,CAGDP2,25,"311-316,322-326","   Nondurable goods manufacturing ","Thousands of dollars",21226844,18297802,20367589,20647482,22137109,23640445,24259362,27226476,23928917,23946816,22345005,23240626,24186454,26697213,27646284,26400261,28737895,34995206,34232773,24749906,34094718,40431526
 "06037","Los Angeles, CA",8,CAGDP2,34,"42","  Wholesale trade ","Thousands of dollars",24020691,24188366,25165199,27458496,30009823,32449108,33689072,33833640,30901403,33333927,36721849,37288393,39094645,41946447,45192977,43486525,44843621,47161443,51378592,50032993,54120800,58654264
 "06037","Los Angeles, CA",8,CAGDP2,35,"44-45","  Retail trade ","Thousands of dollars",25245433,26273317,28226680,30323079,32046065,33816763,32880939,30791140,29249844,30329207,30861672,32694784,35025841,36547000,38328055,38937138,40050024,40629993,43309683,44355342,52205350,57412922
 "06037","Los Angeles, CA",8,CAGDP2,36,"48-49","  Transportation and warehousing ","Thousands of dollars",11951041,11997333,12145966,13414587,14018675,16157755,16477376,16404635,15619569,17098229,17843969,17728033,19072014,20855836,23212562,25024524,26210047,28891725,31011269,26090232,32295338,37894092
 "06037","Los Angeles, CA",8,CAGDP2,45,"51","  Information ","Thousands of dollars",47360549,52362086,53332690,57010735,55094446,57742670,62140266,68605641,64905692,73399464,72565333,73809293,80231946,81521256,91284327,97267223,99847281,96491923,105024523,102747086,111083131,118206684
 "06037","Los Angeles, CA",8,CAGDP2,50,"52,53","  Finance, insurance, real estate, rental, and leasing ","Thousands of dollars",75739681,78951436,81156480,81005869,87333208,94393847,98617137,103371740,104322795,108148407,114169667,120580575,122248483,125298106,129464616,131625291,138617498,146297227,150961038,149532341,160896555,172112511
 "06037","Los Angeles, CA",8,CAGDP2,51,"52","   Finance and insurance ","Thousands of dollars",20876920,22913979,24206208,22716667,25006157,28428548,27453045,23058763,24215060,24772091,26626503,30225097,30781391,33455867,35211216,36280027,37524575,38126026,38685078,40732918,47365826,47255983
 "06037","Los Angeles, CA",8,CAGDP2,56,"53","   Real estate and rental and leasing ","Thousands of dollars",54862760,56037457,56950272,58289201,62327051,65965299,71164093,80312977,80107735,83376316,87543163,90355479,91467093,91842238,94253401,95345264,101092923,108171201,112275960,108799423,113530729,124856528
 "06037","Los Angeles, CA",8,CAGDP2,59,"54,55,56","  Professional and business services ","Thousands of dollars",48954419,50540547,53135988,55502959,58524373,62769138,66487575,70275985,64847697,67359155,71118542,73737311,74324950,78170280,82042294,82229060,88598130,93870825,101113519,100807163,113241766,120324748
 "06037","Los Angeles, CA",8,CAGDP2,60,"54","   Professional, scientific, and technical services ","Thousands of dollars",30204635,31218999,33056660,34521293,36783552,39763547,42326600,46615893,43313681,44820191,47125160,48630780,49216686,51522684,54471893,53645076,57854864,61910087,66658911,67152506,74326056,79005196
 "06037","Los Angeles, CA",8,CAGDP2,64,"55","   Management of companies and enterprises ","Thousands of dollars",7349683,7719482,7722724,8041897,8023663,8119569,8160124,7491457,6592935,6794921,7643708,8036973,8311511,8987054,9203880,8995315,9533639,9826977,10318691,10532892,12434534,12725096
 "06037","Los Angeles, CA",8,CAGDP2,65,"56","   Administrative and support and waste management and remediation services ","Thousands of dollars",11400101,11602065,12356604,12939768,13717159,14886021,16000850,16168636,14941081,15744043,16349674,17069558,16796752,17660541,18366520,19588669,21209627,22133761,24135917,23121766,26481176,28594456
 "06037","Los Angeles, CA",8,CAGDP2,68,"61,62","  Educational services, health care, and social assistance ","Thousands of dollars",23274780,25798032,27643316,29769940,30746654,32728676,34012765,37413110,40301663,42098929,44371900,47282049,48373096,49706323,52243657,55744709,58096700,61282325,64666887,66800013,71595571,75701163
 "06037","Los Angeles, CA",8,CAGDP2,69,"61","   Educational services ","Thousands of dollars",3959036,4279391,4698236,5144153,5349941,5839443,6035216,6819172,7662448,8425830,8810978,9207050,9356810,9861761,10093613,10435840,10627473,11417874,11989795,11296084,12107071,13152796
 "06037","Los Angeles, CA",8,CAGDP2,70,"62","   Health care and social assistance ","Thousands of dollars",19315744,21518641,22945080,24625787,25396713,26889234,27977550,30593938,32639215,33673099,35560922,38074999,39016286,39844562,42150044,45308869,47469228,49864450,52677092,55503929,59488500,62548367
 "06037","Los Angeles, CA",8,CAGDP2,75,"71,72","  Arts, entertainment, recreation, accommodation, and food services ","Thousands of dollars",18472108,20095199,22887486,25111297,25855992,27344363,26915701,27261953,27173202,28223333,30592999,32241169,32838540,35920734,37536572,40494911,42765875,45550058,49299613,37330794,43277257,52447014
 "06037","Los Angeles, CA",8,CAGDP2,76,"71","   Arts, entertainment, and recreation ","Thousands of dollars",9167108,10014948,12453649,13907180,14217907,14783049,14189181,14635482,14496704,15210141,16946796,18610304,18353037,19542163,18651464,19541006,20326172,22510489,24657441,18230627,18998266,23547922
 "06037","Los Angeles, CA",8,CAGDP2,79,"72","   Accommodation and food services ","Thousands of dollars",9305001,10080251,10433837,11204117,11638085,12561314,12726520,12626471,12676498,13013192,13646203,13630865,14485502,16378570,18885109,20953905,22439703,23039570,24642172,19100166,24278991,28899092
 "06037","Los Angeles, CA",8,CAGDP2,82,"81","  Other services (except government and government enterprises) ","Thousands of dollars",10361290,11087199,10848326,11433434,11997928,12640272,12787121,12572225,12087058,12056057,12266325,12898065,13391429,14411047,15015923,14832453,16420312,16399518,17250703,15566640,16709046,19019681
 "06037","Los Angeles, CA",8,CAGDP2,83,"92","Government and government enterprises ","Thousands of dollars",42634604,44612822,46411506,47898137,49612445,51961669,55549064,58072116,57342783,57808025,58148279,58583181,61052086,64983931,69150685,71731961,72579782,76464334,78816071,80455284,82616166,85162787
 "06037","Los Angeles, CA",8,CAGDP2,87,"11,21","Natural resources and mining ","Thousands of dollars",1107027,1139621,1485460,1742656,2043801,2714002,3154226,3625378,2562160,2691562,2938085,3059043,2962784,2740873,1754407,1466048,1196854,1108971,884961,798941,1065777,1365878
 "06037","Los Angeles, CA",8,CAGDP2,88,"42,44-45","Trade ","Thousands of dollars",49266123,50461684,53391879,57781575,62055888,66265870,66570011,64624780,60151247,63663134,67583520,69983177,74120485,78493446,83521032,82423663,84893645,87791436,94688276,94388336,106326149,116067186
 "06037","Los Angeles, CA",8,CAGDP2,89,"22,48-49","Transportation and utilities ","Thousands of dollars",14958591,15221130,15216825,16520445,17131952,19899251,20331287,20288430,19707222,20762178,21724714,21913356,23253846,25147793,27767742,29814534,31393346,34256752,36431871,32121261,38162746,44914799
 "06037","Los Angeles, CA",8,CAGDP2,90,"31-33,51","Manufacturing and information ","Thousands of dollars",94396984,95392446,99722187,103769346,106003982,110590730,116565727,126626417,118758538,125598762,124437392,125350751,134696090,139104470,152214161,158955077,165091396,170187627,177250126,164951234,184453698,201462285
 "06037","Los Angeles, CA",8,CAGDP2,91,"...","Private goods-producing industries 2/","Thousands of dollars",57566119,53782330,58726735,62441505,68827057,72243223,75375899,76588863,68127729,63908869,65010249,65803531,70408898,74893454,79230352,81626663,87629188,96967990,96887381,86598787,97856571,109335548
 "06037","Los Angeles, CA",8,CAGDP2,92,"...","Private services-providing industries 3/","Thousands of dollars",288387542,304517314,317612989,334136253,348740441,373784087,387861863,404413865,393496576,415710656,434393000,452444995,468782777,488668984,518876164,534431846,560632786,581940063,619436428,599293633,661292222,718793786
 "06039","Madera, CA",8,CAGDP2,1,"...","All industry total ","Thousands of dollars",2354301,2699625,2865070,3430525,3667869,3909271,4178725,4186263,3728010,4431320,4692281,4991598,5323120,5597031,5215027,5682028,6023623,6077794,6394382,6508219,7304127,7737581
 "06039","Madera, CA",8,CAGDP2,2,"..."," Private industries ","Thousands of dollars",1913606,2244300,2346754,2856968,3039139,3230195,3405762,3353283,2923827,3637511,3879783,4183569,4489111,4718635,4333912,4718330,5019873,5016010,5317106,5412289,6129096,6480637
 "06039","Madera, CA",8,CAGDP2,3,"11","  Agriculture, forestry, fishing and hunting ","Thousands of dollars",126898,303962,261798,732798,759524,669572,843907,718610,236839,856248,993423,1305892,1443973,1605356,1223093,1376461,1496456,1519799,1547075,1452250,1697537,1632324
 "06039","Madera, CA",8,CAGDP2,6,"21","  Mining, quarrying, and oil and gas extraction ","Thousands of dollars",11973,10524,11098,13914,16356,20043,26611,31523,21549,16218,26064,24365,43891,39634,16712,20605,30978,35274,23824,30408,57005,79267
 "06039","Madera, CA",8,CAGDP2,10,"22","  Utilities ","Thousands of dollars",45823,83029,90175,89454,110097,126562,65398,83084,125149,164803,186087,101950,112367,96326,83328,182678,252692,149851,191607,152308,156552,241605
 "06039","Madera, CA",8,CAGDP2,11,"23","  Construction ","Thousands of dollars",115142,126099,148307,176077,211234,244771,214028,192065,157539,163682,142067,127045,154248,153653,171626,199781,223179,287065,329440,334506,383338,356656
 "06039","Madera, CA",8,CAGDP2,12,"31-33","  Manufacturing ","Thousands of dollars",277608,275546,297651,303884,308035,350991,348014,341253,350785,353751,404205,455866,467565,462423,488442,478130,469170,450028,490166,485179,500838,544108
 "06039","Madera, CA",8,CAGDP2,13,"321,327-339","   Durable goods manufacturing ","Thousands of dollars",185372,178759,197013,202344,211517,235281,234276,(D),194871,207454,256095,251763,265570,263999,262884,262822,270268,258095,277000,265020,291145,335977
 "06039","Madera, CA",8,CAGDP2,25,"311-316,322-326","   Nondurable goods manufacturing ","Thousands of dollars",92235,96787,100638,101539,96518,115709,113738,(D),155914,146296,148110,204103,201995,198424,225558,215308,198902,191933,213165,220159,209693,208131
 "06039","Madera, CA",8,CAGDP2,34,"42","  Wholesale trade ","Thousands of dollars",65705,66022,64788,69949,77694,84207,86202,88602,85300,96488,110272,122579,134458,149418,149754,139750,136047,154325,162044,162542,217167,247240
 "06039","Madera, CA",8,CAGDP2,35,"44-45","  Retail trade ","Thousands of dollars",213223,224708,239792,239504,256428,283923,277277,255733,263243,263829,259628,260010,275808,280509,302320,315335,327563,334536,350634,385770,432037,465799
 "06039","Madera, CA",8,CAGDP2,36,"48-49","  Transportation and warehousing ","Thousands of dollars",59283,63050,66314,68595,78764,89056,102971,90361,84864,96572,97644,94062,90902,101085,110241,115200,121207,132732,140689,146562,188699,208789
 "06039","Madera, CA",8,CAGDP2,45,"51","  Information ","Thousands of dollars",66333,71812,76391,81602,87426,94373,104755,99260,88523,91298,90554,91676,92123,84509,84475,89292,92294,93434,98916,91704,96342,100413
 "06039","Madera, CA",8,CAGDP2,50,"52,53","  Finance, insurance, real estate, rental, and leasing ","Thousands of dollars",391387,426067,469605,433386,458827,508518,542970,611852,646269,678332,666134,646496,696414,740196,658414,715317,728536,652074,689329,771196,903754,987004
 "06039","Madera, CA",8,CAGDP2,51,"52","   Finance and insurance ","Thousands of dollars",41166,52681,53334,41102,42460,52100,52142,50457,54741,58124,61202,65014,67865,78001,78026,74597,70354,70694,71457,77706,88942,86790
 "06039","Madera, CA",8,CAGDP2,56,"53","   Real estate and rental and leasing ","Thousands of dollars",350222,373386,416271,392284,416368,456418,490828,561395,591528,620208,604932,581482,628549,662195,580388,640720,658182,581380,617872,693490,814812,900214
 "06039","Madera, CA",8,CAGDP2,59,"54,55,56","  Professional and business services ","Thousands of dollars",159334,177364,135328,140431,145058,189546,201032,202252,184446,193810,200342,213609,211105,206585,192170,183091,193793,206123,220366,298185,308378,337022
 "06039","Madera, CA",8,CAGDP2,60,"54","   Professional, scientific, and technical services ","Thousands of dollars",(D),(D),57498,(D),(D),(D),(D),(D),74687,74929,74535,85726,76516,73205,59985,62602,61528,73877,80515,85197,89100,105379
 "06039","Madera, CA",8,CAGDP2,64,"55","   Management of companies and enterprises ","Thousands of dollars",(D),(D),(D),(D),(D),(D),(D),(D),24313,25353,28180,30335,35000,31909,31856,31636,38124,36305,38232,40330,35731,36451
 "06039","Madera, CA",8,CAGDP2,65,"56","   Administrative and support and waste management and remediation services ","Thousands of dollars",51178,66413,(D),52575,59213,95393,98589,92806,85447,93529,97626,97549,99589,101471,100329,88853,94142,95941,101620,172658,183547,195192
 "06039","Madera, CA",8,CAGDP2,68,"61,62","  Educational services, health care, and social assistance ","Thousands of dollars",229852,251678,312818,325368,341943,367303,393533,444107,496242,479887,512500,536163,545036,557342,584978,621657,660350,698410,738728,806035,828115,880397
 "06039","Madera, CA",8,CAGDP2,69,"61","   Educational services ","Thousands of dollars",2157,2201,4036,4551,3861,4382,6533,7746,11114,11842,17562,17883,11583,12044,5296,5274,4984,4950,5393,4934,5371,5698
 "06039","Madera, CA",8,CAGDP2,70,"62","   Health care and social assistance ","Thousands of dollars",227695,249477,308782,320818,338082,362921,387000,436361,485128,468046,494938,518280,533453,545298,579682,616383,655366,693460,733335,801101,822744,874699
 "06039","Madera, CA",8,CAGDP2,75,"71,72","  Arts, entertainment, recreation, accommodation, and food services ","Thousands of dollars",77371,83397,91904,93089,89428,94038,90262,91616,83340,84722,92301,103897,113139,124648,137031,146882,158616,165616,181820,153859,207323,233786
 "06039","Madera, CA",8,CAGDP2,76,"71","   Arts, entertainment, and recreation ","Thousands of dollars",7028,7484,9471,11256,11388,11513,11287,11978,11379,11771,11369,12073,14005,15903,13319,13688,18163,19583,22623,17770,29050,36800
 "06039","Madera, CA",8,CAGDP2,79,"72","   Accommodation and food services ","Thousands of dollars",70343,75914,82432,81832,78040,82525,78975,79638,71961,72951,80931,91824,99134,108745,123711,133194,140454,146033,159197,136088,178273,196986
 "06039","Madera, CA",8,CAGDP2,82,"81","  Other services (except government and government enterprises) ","Thousands of dollars",73674,81044,80784,88917,98324,107294,108804,102963,99740,97871,98563,99959,108082,116951,131328,134151,128991,136741,152468,141786,152010,166229
 "06039","Madera, CA",8,CAGDP2,83,"92","Government and government enterprises ","Thousands of dollars",440695,455325,518316,573557,628729,679075,772963,832980,804182,793808,812497,808028,834009,878397,881116,963698,1003750,1061784,1077276,1095930,1175031,1256944
 "06039","Madera, CA",8,CAGDP2,87,"11,21","Natural resources and mining ","Thousands of dollars",138871,314486,272896,746712,775880,689615,870517,750134,258387,872466,1019486,1330257,1487865,1644990,1239805,1397066,1527435,1555073,1570899,1482658,1754542,1711590
 "06039","Madera, CA",8,CAGDP2,88,"42,44-45","Trade ","Thousands of dollars",278928,290729,304580,309453,334122,368130,363479,344335,348543,360317,369900,382589,410266,429928,452074,455085,463610,488861,512679,548313,649204,713039
 "06039","Madera, CA",8,CAGDP2,89,"22,48-49","Transportation and utilities ","Thousands of dollars",105106,146078,156489,158049,188861,215618,168369,173445,210012,261375,283730,196012,203268,197411,193568,297879,373899,282584,332296,298869,345252,450394
 "06039","Madera, CA",8,CAGDP2,90,"31-33,51","Manufacturing and information ","Thousands of dollars",343941,347358,374042,385486,395461,445363,452768,440513,439308,445049,494760,547543,559688,546932,572917,567422,561465,543463,589082,576883,597180,644521
 "06039","Madera, CA",8,CAGDP2,91,"...","Private goods-producing industries 2/","Thousands of dollars",531621,716131,718855,1226673,1295149,1285377,1432559,1283452,766712,1389899,1565759,1913169,2109678,2261066,1899873,2074976,2219784,2292167,2390505,2302343,2638718,2612354
 "06039","Madera, CA",8,CAGDP2,92,"...","Private services-providing industries 3/","Thousands of dollars",1381985,1528169,1627900,1630295,1743990,1944819,1973203,2069831,2157116,2247612,2314025,2270401,2379432,2457569,2434038,2643354,2800089,2723843,2926602,3109947,3490378,3868283
 "06041","Marin, CA",8,CAGDP2,1,"...","All industry total ","Thousands of dollars",13212120,14141041,14618351,14222925,14560727,15301325,15391254,15910571,15678006,16007783,16482896,17357797,18322683,19492772,20648881,22628549,25066955,28562594,30769424,31230415,33552069,35697807
 "06041","Marin, CA",8,CAGDP2,2,"..."," Private industries ","Thousands of dollars",12258442,13147236,13574069,13135373,13431727,14097973,14086582,14526775,14288024,14539299,14899958,15726071,16609055,17691560,18713684,20652442,23056342,26476713,28710111,29150730,31448393,33594906
 "06041","Marin, CA",8,CAGDP2,3,"11","  Agriculture, forestry, fishing and hunting ","Thousands of dollars",48852,(D),(D),(D),(D),13062,40997,16316,8470,(D),(D),(D),(D),(D),(D),(D),(D),(D),(D),92467,113781,157377
 "06041","Marin, CA",8,CAGDP2,6,"21","  Mining, quarrying, and oil and gas extraction ","Thousands of dollars",452,24137,21863,31049,29436,59219,0,34203,34831,36024,9003,8027,3704,3256,2303,2978,9670,18935,23075,1222,2460,(D)
 "06041","Marin, CA",8,CAGDP2,10,"22","  Utilities ","Thousands of dollars",20585,23730,24951,26399,25825,27404,24799,30531,31717,35742,36176,37141,42421,48152,45148,48125,124004,91755,59211,59005,60214,(D)
 "06041","Marin, CA",8,CAGDP2,11,"23","  Construction ","Thousands of dollars",748026,786418,795650,804828,854022,868035,949546,916322,822257,827237,775560,744093,813983,882782,997965,1103914,1147562,1250635,1318928,1165896,1164489,1223991
 "06041","Marin, CA",8,CAGDP2,12,"31-33","  Manufacturing ","Thousands of dollars",301395,287785,281379,245255,231510,228138,211526,216904,224171,227618,231493,268318,430682,881274,1484844,2790417,4866037,7062599,8436516,8655515,8584616,9281171
 "06041","Marin, CA",8,CAGDP2,13,"321,327-339","   Durable goods manufacturing ","Thousands of dollars",188970,177535,162906,138352,132401,125599,109951,108164,91464,88907,96089,103067,136251,123236,130957,164967,211608,249738,245638,226044,218169,260210
 "06041","Marin, CA",8,CAGDP2,25,"311-316,322-326","   Nondurable goods manufacturing ","Thousands of dollars",112424,110250,118473,106903,99109,102539,101575,108740,132707,138711,135404,165251,294431,758038,1353887,2625450,4654429,6812861,8190878,8429470,8366447,9020962
 "06041","Marin, CA",8,CAGDP2,34,"42","  Wholesale trade ","Thousands of dollars",(D),490658,513817,487570,498346,545942,553517,567387,491501,529019,587714,638892,678749,752771,801932,763612,696382,700059,790471,(D),(D),(D)
 "06041","Marin, CA",8,CAGDP2,35,"44-45","  Retail trade ","Thousands of dollars",1160841,1225839,1235775,1251054,1277802,1300880,1244665,1153486,1070538,1116489,1110535,1158211,1241804,1299916,1384203,1417714,1461343,1693868,1668467,1694574,1930614,2079756
 "06041","Marin, CA",8,CAGDP2,36,"48-49","  Transportation and warehousing ","Thousands of dollars",(D),(D),(D),(D),(D),108904,90661,87799,71546,(D),(D),(D),(D),(D),(D),(D),(D),(D),(D),(D),(D),174059
 "06041","Marin, CA",8,CAGDP2,45,"51","  Information ","Thousands of dollars",865797,1090358,1189874,479234,654986,822163,570373,521045,536919,562786,806741,870857,937983,922532,1068575,1213660,1235573,1364243,1297058,1426207,(D),1697004
 "06041","Marin, CA",8,CAGDP2,50,"52,53","  Finance, insurance, real estate, rental, and leasing ","Thousands of dollars",3630028,3849281,3992905,3971219,3957860,4085267,4000846,4340890,4707814,4554898,4573446,4940309,5199513,5288111,5183402,5364150,5398878,5808073,6076995,7004760,7519465,7685546
 "06041","Marin, CA",8,CAGDP2,51,"52","   Finance and insurance ","Thousands of dollars",1237257,1372638,1556101,1521035,1443386,1522271,1329673,993089,1248415,1170110,1211729,1370543,1401679,1430678,1395989,1278052,1319038,1219329,1163991,1373557,1545414,1553884
 "06041","Marin, CA",8,CAGDP2,56,"53","   Real estate and rental and leasing ","Thousands of dollars",2392771,2476643,2436804,2450183,2514474,2562996,2671172,3347802,3459398,3384787,3361716,3569766,3797834,3857433,3787413,4086097,4079840,4588744,4913004,5631204,5974051,6131662
 "06041","Marin, CA",8,CAGDP2,59,"54,55,56","  Professional and business services ","Thousands of dollars",2329491,2371440,2498802,2770715,2918258,3079274,3305883,3492210,3169622,3345791,3401600,3558025,3523898,3547199,3559509,3597242,3667668,3810134,4082880,3984311,4562494,4842194
 "06041","Marin, CA",8,CAGDP2,60,"54","   Professional, scientific, and technical services ","Thousands of dollars",1711586,1751747,1765877,1892057,2013302,2108046,2239220,2536376,2319150,2413095,2401762,2494923,2503486,2379248,2456656,2491038,2498055,2687170,2672082,2647926,3047051,3200577
 "06041","Marin, CA",8,CAGDP2,64,"55","   Management of companies and enterprises ","Thousands of dollars",191313,203038,263381,340597,421852,426265,457040,345845,280429,318411,375797,391053,380484,532685,486007,432593,479607,378292,620303,579311,701617,695043
 "06041","Marin, CA",8,CAGDP2,65,"56","   Administrative and support and waste management and remediation services ","Thousands of dollars",426592,416655,469544,538061,483104,544963,609623,609990,570043,614285,624041,672049,639928,635265,616845,673610,690006,744673,790495,757074,813826,946574
 "06041","Marin, CA",8,CAGDP2,68,"61,62","  Educational services, health care, and social assistance ","Thousands of dollars",1047417,1177699,1219482,1304943,1353515,1424880,1481422,1590766,1637334,1652525,1661677,1692882,1759238,1834374,1949257,2053456,2100826,2193631,2276979,2242098,2445641,2546553
 "06041","Marin, CA",8,CAGDP2,69,"61","   Educational services ","Thousands of dollars",157798,178654,183240,207866,204930,212874,241629,263388,285389,295775,304339,327343,353420,373031,396921,421965,431497,446348,472991,452841,492379,511858
 "06041","Marin, CA",8,CAGDP2,70,"62","   Health care and social assistance ","Thousands of dollars",889619,999045,1036242,1097077,1148586,1212006,1239792,1327378,1351945,1356750,1357337,1365540,1405819,1461343,1552336,1631491,1669329,1747283,1803988,1789257,1953262,2034695
 "06041","Marin, CA",8,CAGDP2,75,"71,72","  Arts, entertainment, recreation, accommodation, and food services ","Thousands of dollars",975998,1078755,1111688,1037717,926263,944839,1045083,1039125,968534,1021433,1027641,1077379,1217438,1340743,1321990,1376302,1407100,1521310,1651325,1246424,1739787,2219392
 "06041","Marin, CA",8,CAGDP2,76,"71","   Arts, entertainment, and recreation ","Thousands of dollars",503703,564786,585916,555930,536335,563930,633543,537573,511540,579399,573623,555176,613588,669249,585840,580649,580860,681846,739347,657517,897388,1291882
 "06041","Marin, CA",8,CAGDP2,79,"72","   Accommodation and food services ","Thousands of dollars",472295,513969,525772,481787,389928,380910,411540,501552,456994,442034,454018,522203,603850,671493,736150,795653,826240,839464,911977,588907,842399,927511
 "06041","Marin, CA",8,CAGDP2,82,"81","  Other services (except government and government enterprises) ","Thousands of dollars",472848,522887,499899,517378,550462,589966,567265,519790,512771,537111,540430,574498,596239,647128,687705,691877,695760,723658,750269,688165,(D),804330
 "06041","Marin, CA",8,CAGDP2,83,"92","Government and government enterprises ","Thousands of dollars",953678,993805,1044282,1087551,1129001,1203352,1304671,1383796,1389982,1468483,1582937,1631726,1713628,1801212,1935197,1976107,2010613,2085880,2059313,2079685,2103676,2102901
 "06041","Marin, CA",8,CAGDP2,87,"11,21","Natural resources and mining ","Thousands of dollars",49305,(D),(D),(D),(D),72281,40997,50519,43301,(D),(D),(D),(D),(D),(D),(D),(D),(D),(D),93689,116242,(D)
 "06041","Marin, CA",8,CAGDP2,88,"42,44-45","Trade ","Thousands of dollars",(D),1716497,1749592,1738624,1776148,1846823,1798182,1720873,1562038,1645508,1698249,1797103,1920553,2052687,2186135,2181327,2157725,2393927,2458938,(D),(D),(D)
 "06041","Marin, CA",8,CAGDP2,89,"22,48-49","Transportation and utilities ","Thousands of dollars",(D),(D),(D),(D),(D),136308,115460,118330,103262,(D),(D),(D),(D),(D),(D),(D),(D),(D),(D),(D),(D),(D)
 "06041","Marin, CA",8,CAGDP2,90,"31-33,51","Manufacturing and information ","Thousands of dollars",1167192,1378143,1471253,724488,886496,1050300,781899,737949,761090,790404,1038234,1139175,1368665,1803806,2553419,4004077,6101609,8426842,9733574,10081721,(D),10978175
 "06041","Marin, CA",8,CAGDP2,91,"...","Private goods-producing industries 2/","Thousands of dollars",1098725,(D),(D),(D),(D),1168454,1202069,1183745,1089729,(D),(D),(D),(D),(D),(D),(D),(D),(D),(D),9915099,9865347,(D)
 "06041","Marin, CA",8,CAGDP2,92,"...","Private services-providing industries 3/","Thousands of dollars",11159717,(D),(D),(D),(D),12929520,12884514,13343030,13198294,(D),(D),(D),(D),(D),(D),(D),(D),(D),(D),19235631,21583047,(D)
 "06043","Mariposa, CA",8,CAGDP2,1,"...","All industry total ","Thousands of dollars",379338,410620,421049,458903,505780,539876,564237,532825,537367,546091,614202,576904,575992,593892,615639,675174,739708,739515,783000,700160,760727,849397
 "06043","Mariposa, CA",8,CAGDP2,2,"..."," Private industries ","Thousands of dollars",267106,296951,305349,333432,368593,394936,413956,370661,367683,362509,415568,380870,383991,404170,422072,444744,504282,490788,534177,443668,498482,566277
 "06043","Mariposa, CA",8,CAGDP2,3,"11","  Agriculture, forestry, fishing and hunting ","Thousands of dollars",(D),4014,2637,2093,2165,3359,(D),2796,1815,2157,3487,(D),(D),15959,15834,(D),18398,23959,26230,24251,25807,35702
 "06043","Mariposa, CA",8,CAGDP2,6,"21","  Mining, quarrying, and oil and gas extraction ","Thousands of dollars",788,411,377,29,800,1041,1105,996,637,0,0,0,0,1267,535,486,478,667,510,206,226,(D)
 "06043","Mariposa, CA",8,CAGDP2,10,"22","  Utilities ","Thousands of dollars",(D),(D),(D),(D),(D),(D),57392,17704,(D),(D),58851,(D),(D),(D),(D),(D),(D),33767,47732,(D),23343,(D)
 "06043","Mariposa, CA",8,CAGDP2,11,"23","  Construction ","Thousands of dollars",13992,14759,16860,22126,25256,31245,28659,23714,31326,35587,23635,17709,20177,22822,25207,25989,26507,31381,34349,36214,41843,48112
 "06043","Mariposa, CA",8,CAGDP2,12,"31-33","  Manufacturing ","Thousands of dollars",8816,9993,10919,10065,10541,10818,10501,10976,10986,8727,9406,11910,11612,11143,10978,10844,10318,9184,9934,10032,11537,13336
 "06043","Mariposa, CA",8,CAGDP2,13,"321,327-339","   Durable goods manufacturing ","Thousands of dollars",8013,(D),(D),9154,9519,(D),(D),(D),8955,6667,7167,8701,8510,7919,7739,7798,8106,7388,7793,8353,(D),11270
 "06043","Mariposa, CA",8,CAGDP2,25,"311-316,322-326","   Nondurable goods manufacturing ","Thousands of dollars",803,(D),(D),911,1022,(D),(D),(D),2031,2061,2238,3209,3102,3224,3239,3046,2212,1796,2140,1679,(D),2065
 "06043","Mariposa, CA",8,CAGDP2,34,"42","  Wholesale trade ","Thousands of dollars",(D),(D),(D),(D),(D),(D),(D),5524,(D),(D),(D),(D),(D),(D),(D),(D),(D),4431,(D),(D),(D),(D)
 "06043","Mariposa, CA",8,CAGDP2,35,"44-45","  Retail trade ","Thousands of dollars",15281,14424,15038,21612,23459,25276,21764,18150,18863,20819,22643,27551,33442,37596,39385,43472,45322,46813,44746,39208,37266,38905
 "06043","Mariposa, CA",8,CAGDP2,36,"48-49","  Transportation and warehousing ","Thousands of dollars",2795,2905,3292,3476,4189,4930,(D),(D),3378,3649,(D),4084,3230,2949,2575,2408,3737,4284,4333,3969,4145,4733
 "06043","Mariposa, CA",8,CAGDP2,45,"51","  Information ","Thousands of dollars",3022,3584,5059,5048,4971,4957,5748,5612,3479,3419,3426,3868,4749,5804,6660,10116,10845,16640,(D),5677,(D),6523
 "06043","Mariposa, CA",8,CAGDP2,50,"52,53","  Finance, insurance, real estate, rental, and leasing ","Thousands of dollars",74824,86986,91964,94784,104153,97216,121447,129591,123340,131461,132468,128532,128939,130295,133127,131548,138313,133016,(D),136438,152037,168106
 "06043","Mariposa, CA",8,CAGDP2,51,"52","   Finance and insurance ","Thousands of dollars",3975,5952,(D),(D),(D),(D),(D),(D),5457,6276,(D),(D),(D),(D),6215,6179,5446,6263,(D),(D),(D),5820
 "06043","Mariposa, CA",8,CAGDP2,56,"53","   Real estate and rental and leasing ","Thousands of dollars",70849,81033,(D),(D),(D),(D),(D),(D),117883,125185,(D),(D),(D),(D),126912,125369,132867,126754,146179,(D),(D),162286
 "06043","Mariposa, CA",8,CAGDP2,59,"54,55,56","  Professional and business services ","Thousands of dollars",16249,16465,17071,16614,17447,15341,16932,17509,14903,16026,16458,15897,16050,15991,17432,18215,19645,19996,24172,22889,25612,24204
 "06043","Mariposa, CA",8,CAGDP2,60,"54","   Professional, scientific, and technical services ","Thousands of dollars",(D),(D),(D),(D),8835,(D),(D),(D),8781,(D),(D),9825,11463,11938,13199,12578,12444,11864,15467,13842,16852,14148
 "06043","Mariposa, CA",8,CAGDP2,64,"55","   Management of companies and enterprises ","Thousands of dollars",(D),(D),(D),(D),(D),(D),(D),(D),(D),(D),(D),(D),(D),(D),(D),(D),(D),(D),(D),(D),(D),(D)
 "06043","Mariposa, CA",8,CAGDP2,65,"56","   Administrative and support and waste management and remediation services ","Thousands of dollars",3920,4335,4408,4657,(D),(D),6259,6263,(D),6609,6246,(D),(D),(D),(D),(D),(D),(D),(D),(D),(D),(D)
 "06043","Mariposa, CA",8,CAGDP2,68,"61,62","  Educational services, health care, and social assistance ","Thousands of dollars",7617,8986,9686,11688,11379,9362,10013,(D),10198,10258,10954,11392,14234,15192,16739,19421,20138,22699,19656,21637,22556,20630
 "06043","Mariposa, CA",8,CAGDP2,69,"61","   Educational services ","Thousands of dollars",(D),(D),(D),(D),(D),(D),(D),(D),(D),(D),1056,1796,2632,3358,3317,4629,5444,(D),1010,920,1035,1130
 "06043","Mariposa, CA",8,CAGDP2,70,"62","   Health care and social assistance ","Thousands of dollars",(D),(D),(D),(D),(D),(D),(D),(D),(D),(D),9898,9597,11602,11834,13422,14792,14694,(D),18646,20717,21521,19500
 "06043","Mariposa, CA",8,CAGDP2,75,"71,72","  Arts, entertainment, recreation, accommodation, and food services ","Thousands of dollars",86261,94929,94918,107372,112504,119513,(D),112494,109047,110806,116728,107639,105915,115940,133052,127113,130110,127112,136279,90186,127364,152346
 "06043","Mariposa, CA",8,CAGDP2,76,"71","   Arts, entertainment, and recreation ","Thousands of dollars",(D),(D),(D),(D),557,380,(D),455,297,874,997,915,1365,2041,3231,3434,3747,3820,4197,3083,3147,3579
 "06043","Mariposa, CA",8,CAGDP2,79,"72","   Accommodation and food services ","Thousands of dollars",(D),(D),(D),(D),111947,119133,115027,112039,108750,109931,115731,106725,104549,113899,129821,123678,126363,123292,132082,87103,124217,148767
 "06043","Mariposa, CA",8,CAGDP2,82,"81","  Other services (except government and government enterprises) ","Thousands of dollars",11621,13299,12500,12474,12618,12744,12468,11457,12240,10453,10273,13801,13200,12984,12501,12631,15740,16837,19345,17101,17632,22028
 "06043","Mariposa, CA",8,CAGDP2,83,"92","Government and government enterprises ","Thousands of dollars",112231,113669,115699,125471,137187,144941,150281,162164,169683,183582,198634,196034,192001,189722,193567,230430,235427,248727,248823,256492,262245,283121
 "06043","Mariposa, CA",8,CAGDP2,87,"11,21","Natural resources and mining ","Thousands of dollars",(D),4425,3014,2122,2965,4400,(D),3792,2452,2157,3487,(D),(D),17227,16368,(D),18877,24626,26740,24457,26032,(D)
 "06043","Mariposa, CA",8,CAGDP2,88,"42,44-45","Trade ","Thousands of dollars",(D),(D),(D),(D),(D),(D),(D),23674,(D),(D),(D),(D),(D),(D),(D),(D),(D),51244,(D),(D),(D),(D)
 "06043","Mariposa, CA",8,CAGDP2,89,"22,48-49","Transportation and utilities ","Thousands of dollars",(D),(D),(D),(D),(D),(D),(D),(D),(D),(D),(D),(D),(D),(D),(D),(D),(D),38051,52065,(D),27488,(D)
 "06043","Mariposa, CA",8,CAGDP2,90,"31-33,51","Manufacturing and information ","Thousands of dollars",11839,13577,15978,15113,15512,15775,16249,16588,14465,12146,12832,15778,16361,16947,17638,20959,21163,25825,(D),15709,(D),19859
 "06043","Mariposa, CA",8,CAGDP2,91,"...","Private goods-producing industries 2/","Thousands of dollars",(D),29178,30793,34313,38763,46463,(D),38482,44764,46472,36527,(D),(D),51192,52553,(D),55702,65192,71023,70703,79412,(D)
 "06043","Mariposa, CA",8,CAGDP2,92,"...","Private services-providing industries 3/","Thousands of dollars",(D),267774,274557,299119,329831,348473,(D),332179,322920,316037,379041,(D),(D),352978,369519,(D),448579,425596,463153,372965,419070,(D)
 "06045","Mendocino, CA",8,CAGDP2,1,"...","All industry total ","Thousands of dollars",2231203,2371947,2415715,2394140,2476329,2665235,2732034,2779332,2773985,2968744,2952834,2876963,2975596,3120264,3274998,3320050,3504547,3631514,3672511,3659945,4063512,4277135
 "06045","Mendocino, CA",8,CAGDP2,2,"..."," Private industries ","Thousands of dollars",1854885,1969439,1997272,1971078,2025984,2197850,2245445,2269918,2278056,2472488,2459294,2389239,2467143,2587744,2712867,2732481,2923605,3026674,3062409,3048680,3448831,3621186
 "06045","Mendocino, CA",8,CAGDP2,3,"11","  Agriculture, forestry, fishing and hunting ","Thousands of dollars",75193,60269,64463,64481,62197,63942,62257,69750,39943,57897,52540,133552,137525,138963,110953,113465,113881,155989,136713,151867,192683,164235
 "06045","Mendocino, CA",8,CAGDP2,6,"21","  Mining, quarrying, and oil and gas extraction ","Thousands of dollars",912,1058,1506,4462,3238,5203,5266,5135,3972,3291,3178,2968,2960,5339,5089,5164,7099,6522,5086,5750,6684,7539
 "06045","Mendocino, CA",8,CAGDP2,10,"22","  Utilities ","Thousands of dollars",12113,14874,16906,16940,16129,18096,19163,27137,23495,24592,27847,23091,26390,25615,27292,29402,31980,31627,37183,41431,40517,44534
 "06045","Mendocino, CA",8,CAGDP2,11,"23","  Construction ","Thousands of dollars",168968,177341,179526,173754,169525,187371,191331,183993,227549,318296,277692,217586,208451,204000,203466,195009,200230,221377,228549,208972,209726,232818
 "06045","Mendocino, CA",8,CAGDP2,12,"31-33","  Manufacturing ","Thousands of dollars",269604,279457,262880,241547,236543,249997,245345,243162,270574,256308,280078,238293,257468,275033,308963,296053,305139,308801,295151,306279,372961,396120
 "06045","Mendocino, CA",8,CAGDP2,13,"321,327-339","   Durable goods manufacturing ","Thousands of dollars",134478,129867,121728,111817,114976,111090,(D),102408,93791,94739,112920,97732,112047,119819,137019,151644,166051,164370,163649,164549,214197,238574
 "06045","Mendocino, CA",8,CAGDP2,25,"311-316,322-326","   Nondurable goods manufacturing ","Thousands of dollars",135126,149590,141152,129730,121567,138907,(D),140754,176783,161569,167158,140561,145421,155214,171944,144409,139088,144431,131502,141730,158764,157546
 "06045","Mendocino, CA",8,CAGDP2,34,"42","  Wholesale trade ","Thousands of dollars",48753,51927,55156,57694,76584,84479,89122,90349,75654,82153,91171,92836,103266,119648,124392,127872,138806,132097,140655,146991,162015,159374
 "06045","Mendocino, CA",8,CAGDP2,35,"44-45","  Retail trade ","Thousands of dollars",311825,326626,335301,334262,345701,359493,345886,304981,302455,306989,315871,314728,333776,335752,368293,384715,396354,407676,424037,421218,463546,495040
 "06045","Mendocino, CA",8,CAGDP2,36,"48-49","  Transportation and warehousing ","Thousands of dollars",44837,44642,44706,47740,48257,51242,51487,51990,48132,48829,45390,45004,43483,46796,52296,59459,66248,68638,(D),93894,103937,102432
 "06045","Mendocino, CA",8,CAGDP2,45,"51","  Information ","Thousands of dollars",40132,36376,40650,44346,44102,45289,49665,47833,40699,46156,42742,38422,38402,39487,44190,50966,55237,62769,(D),46030,50528,54553
 "06045","Mendocino, CA",8,CAGDP2,50,"52,53","  Finance, insurance, real estate, rental, and leasing ","Thousands of dollars",368404,413674,427135,420056,443906,519528,534598,553770,564109,614875,595887,550287,554799,586908,610089,567860,686922,662252,653557,660825,730398,754530
 "06045","Mendocino, CA",8,CAGDP2,51,"52","   Finance and insurance ","Thousands of dollars",59682,72732,80157,56933,58785,112919,74146,80208,83393,87272,86997,86367,81783,86023,89983,85205,82286,84543,84437,86155,97865,97015
 "06045","Mendocino, CA",8,CAGDP2,56,"53","   Real estate and rental and leasing ","Thousands of dollars",308722,340942,346978,363123,385122,406608,460452,473561,480716,527603,508890,463919,473016,500886,520106,482654,604636,577709,569120,574669,632533,657515
 "06045","Mendocino, CA",8,CAGDP2,59,"54,55,56","  Professional and business services ","Thousands of dollars",136881,143517,143055,143901,145368,157165,173716,193448,187838,201117,205748,200342,189370,189976,202892,211382,222822,234549,241504,252169,275439,296642
 "06045","Mendocino, CA",8,CAGDP2,60,"54","   Professional, scientific, and technical services ","Thousands of dollars",71800,78604,74254,71276,73058,80537,89659,106918,103402,106729,110938,104898,97480,86194,88033,88980,94546,96224,96227,93668,103409,111001
 "06045","Mendocino, CA",8,CAGDP2,64,"55","   Management of companies and enterprises ","Thousands of dollars",14183,12253,13499,12913,12647,14098,15210,16632,19079,18792,18375,17032,17926,18853,19548,18959,20925,20273,19562,22109,24117,25250
 "06045","Mendocino, CA",8,CAGDP2,65,"56","   Administrative and support and waste management and remediation services ","Thousands of dollars",50898,52660,55301,59713,59663,62530,68847,69899,65357,75596,76435,78412,73964,84929,95311,103442,107351,118053,125714,136392,147914,160391
 "06045","Mendocino, CA",8,CAGDP2,68,"61,62","  Educational services, health care, and social assistance ","Thousands of dollars",154879,176498,187414,202435,212229,213778,227520,248036,254403,259502,275585,276018,299380,309378,318007,338018,342201,359148,381190,390127,415459,436255
 "06045","Mendocino, CA",8,CAGDP2,69,"61","   Educational services ","Thousands of dollars",6080,6742,7130,9482,10262,11949,14333,15914,16029,13162,15443,17173,16661,19441,11576,13134,14064,12840,15092,12794,14043,15891
 "06045","Mendocino, CA",8,CAGDP2,70,"62","   Health care and social assistance ","Thousands of dollars",148799,169756,180284,192953,201967,201829,213187,232122,238374,246341,260142,258845,282719,289936,306431,324884,328137,346308,366099,377334,401417,420365
 "06045","Mendocino, CA",8,CAGDP2,75,"71,72","  Arts, entertainment, recreation, accommodation, and food services ","Thousands of dollars",140667,152665,151021,130903,127199,139606,148180,155552,142340,150257,147754,157708,173894,203293,221434,233750,238431,254240,269645,213624,306950,349797
 "06045","Mendocino, CA",8,CAGDP2,76,"71","   Arts, entertainment, and recreation ","Thousands of dollars",14859,17942,17380,16398,16474,18703,24150,24752,25457,32230,21596,20046,21679,33100,30823,31060,30906,34193,38748,35558,57515,84035
 "06045","Mendocino, CA",8,CAGDP2,79,"72","   Accommodation and food services ","Thousands of dollars",125808,134723,133640,114505,110725,120903,124030,130800,116883,118027,126158,137662,152215,170193,190611,202690,207525,220047,230897,178067,249436,265762
 "06045","Mendocino, CA",8,CAGDP2,82,"81","  Other services (except government and government enterprises) ","Thousands of dollars",81716,90515,87555,88557,95009,102660,101908,94782,96892,102225,97811,98405,97978,107558,115511,119367,118255,120988,(D),109501,117987,127316
 "06045","Mendocino, CA",8,CAGDP2,83,"92","Government and government enterprises ","Thousands of dollars",376318,402507,418443,423063,450345,467385,486590,509414,495929,496256,493540,487724,508453,532520,562131,587569,580942,604840,610102,611265,614681,655949
 "06045","Mendocino, CA",8,CAGDP2,87,"11,21","Natural resources and mining ","Thousands of dollars",76105,61327,65969,68943,65435,69145,67523,74885,43915,61188,55718,136520,140485,144302,116042,118629,120981,162511,141799,157617,199367,171775
 "06045","Mendocino, CA",8,CAGDP2,88,"42,44-45","Trade ","Thousands of dollars",360578,378553,390456,391956,422284,443973,435007,395329,378109,389142,407041,407563,437042,455400,492685,512586,535160,539774,564692,568209,625561,654414
 "06045","Mendocino, CA",8,CAGDP2,89,"22,48-49","Transportation and utilities ","Thousands of dollars",56950,59516,61612,64680,64386,69338,70650,79127,71627,73421,73238,68095,69873,72411,79588,88861,98228,100265,(D),135326,144454,146966
 "06045","Mendocino, CA",8,CAGDP2,90,"31-33,51","Manufacturing and information ","Thousands of dollars",309736,315833,303530,285893,280644,295286,295010,290995,311274,302465,322820,276715,295870,314519,353152,347019,360376,371570,(D),352309,423489,450672
 "06045","Mendocino, CA",8,CAGDP2,91,"...","Private goods-producing industries 2/","Thousands of dollars",514678,518125,508375,484244,471503,506513,504199,502040,542038,635792,613488,592399,606405,623335,628471,609691,626349,692689,665499,672869,782054,800713
 "06045","Mendocino, CA",8,CAGDP2,92,"...","Private services-providing industries 3/","Thousands of dollars",1340207,1451314,1488897,1486834,1554481,1691337,1741246,1767878,1736018,1836696,1845806,1796840,1860738,1964410,2084396,2122790,2297256,2333984,2396910,2375811,2666777,2820473
 "06047","Merced, CA",8,CAGDP2,1,"...","All industry total ","Thousands of dollars",4241759,4556175,5105840,5870731,6075933,6063440,7275693,6540953,6359541,6647351,7251635,7223909,7724264,8492211,8525084,8465887,9136656,9225402,9481489,9577666,10539064,11560438
 "06047","Merced, CA",8,CAGDP2,2,"..."," Private industries ","Thousands of dollars",3504895,3771040,4281780,4994076,5144410,5033313,6124504,5297297,5073938,5339419,5903874,5857986,6291438,6955303,6811822,6691128,7309218,7451613,7655034,7726887,8622254,9592666
 "06047","Merced, CA",8,CAGDP2,3,"11","  Agriculture, forestry, fishing and hunting ","Thousands of dollars",(D),(D),(D),(D),(D),(D),(D),1133018,(D),(D),1696186,1467391,1724448,(D),1789694,1526864,(D),(D),(D),(D),1843709,2339000
 "06047","Merced, CA",8,CAGDP2,6,"21","  Mining, quarrying, and oil and gas extraction ","Thousands of dollars",2544,2386,3106,3447,0,0,0,0,385,443,729,800,607,619,515,525,752,924,484,618,(D),(D)
 "06047","Merced, CA",8,CAGDP2,10,"22","  Utilities ","Thousands of dollars",(D),(D),(D),(D),(D),(D),49819,67940,46546,48051,47282,62555,55206,(D),61415,53560,(D),(D),(D),(D),(D),223646
 "06047","Merced, CA",8,CAGDP2,11,"23","  Construction ","Thousands of dollars",199609,215794,274389,340953,470315,496071,375544,203865,245824,165972,152418,190660,184973,188722,220038,253402,299253,449986,414136,331925,433656,385369
 "06047","Merced, CA",8,CAGDP2,12,"31-33","  Manufacturing ","Thousands of dollars",578680,606148,658170,683012,709867,848646,923350,950650,1009435,816193,767617,846052,941531,1078261,1197547,1132465,1172329,1164959,1194835,1191305,1263788,1320628
 "06047","Merced, CA",8,CAGDP2,13,"321,327-339","   Durable goods manufacturing ","Thousands of dollars",99141,93045,104005,108796,133249,159170,183109,164979,111774,100531,119322,109808,133423,143338,160071,175394,195385,197063,203036,200101,215178,250532
 "06047","Merced, CA",8,CAGDP2,25,"311-316,322-326","   Nondurable goods manufacturing ","Thousands of dollars",479539,513102,554165,574216,576618,689476,740241,785671,897661,715662,648295,736244,808107,934923,1037476,957071,976944,967896,991799,991204,1048610,1070096
 "06047","Merced, CA",8,CAGDP2,34,"42","  Wholesale trade ","Thousands of dollars",(D),(D),(D),(D),(D),(D),184511,(D),204556,236534,267629,282416,285526,(D),254327,275506,(D),(D),(D),(D),(D),(D)
 "06047","Merced, CA",8,CAGDP2,35,"44-45","  Retail trade ","Thousands of dollars",409309,441387,462692,495104,511807,522507,504680,468167,458866,471698,473809,475782,501494,515271,560227,593497,626416,636818,683291,718506,813419,880653
 "06047","Merced, CA",8,CAGDP2,36,"48-49","  Transportation and warehousing ","Thousands of dollars",141023,152846,160620,168470,186498,215236,(D),(D),(D),(D),264453,261698,268554,274084,301618,319815,370635,416466,446108,449687,512801,534213
 "06047","Merced, CA",8,CAGDP2,45,"51","  Information ","Thousands of dollars",64557,110412,118207,132423,145847,139188,148840,134611,120520,118236,109218,63504,68359,67564,71876,65997,63184,62562,62264,52748,48519,54665
 "06047","Merced, CA",8,CAGDP2,50,"52,53","  Finance, insurance, real estate, rental, and leasing ","Thousands of dollars",689481,759577,766970,771233,829464,913803,950255,948996,1072194,1142947,1072203,1071840,1107362,1044470,1109556,1161037,1172252,1205431,1282362,1231169,1482843,(D)
 "06047","Merced, CA",8,CAGDP2,51,"52","   Finance and insurance ","Thousands of dollars",93002,111539,124523,104208,110856,130692,126480,116268,120826,126499,137699,130432,131832,150729,160853,189512,191969,199379,202749,238346,276652,244213
 "06047","Merced, CA",8,CAGDP2,56,"53","   Real estate and rental and leasing ","Thousands of dollars",596479,648038,642448,667025,718608,783111,823775,832728,951368,1016448,934505,941407,975530,893741,948703,971525,980284,1006052,1079612,992823,1206190,(D)
 "06047","Merced, CA",8,CAGDP2,59,"54,55,56","  Professional and business services ","Thousands of dollars",194979,212361,230386,239267,242484,251685,257331,269253,242578,296579,296907,334369,319434,316946,315743,326786,349345,370722,387435,375219,373293,412437
 "06047","Merced, CA",8,CAGDP2,60,"54","   Professional, scientific, and technical services ","Thousands of dollars",71346,78562,88503,104161,102836,104337,113216,118610,110865,109710,113320,115466,113919,113992,118659,116755,118859,120637,136978,114229,120099,138034
 "06047","Merced, CA",8,CAGDP2,64,"55","   Management of companies and enterprises ","Thousands of dollars",73267,80742,81223,70933,74610,73840,53457,63722,51009,94368,82561,86866,81195,89565,103703,112312,118072,108936,93360,94030,97737,113896
 "06047","Merced, CA",8,CAGDP2,65,"56","   Administrative and support and waste management and remediation services ","Thousands of dollars",50366,53058,60661,64173,65039,73507,90657,86921,80704,92501,101025,132036,124320,113389,93382,97719,112414,141150,157096,166961,155457,160507
 "06047","Merced, CA",8,CAGDP2,68,"61,62","  Educational services, health care, and social assistance ","Thousands of dollars",263872,295589,317999,332506,341955,351444,374438,400807,414042,438572,466420,491056,514798,523488,561969,589725,633387,657260,706976,738466,786952,824182
 "06047","Merced, CA",8,CAGDP2,69,"61","   Educational services ","Thousands of dollars",2563,2797,2807,3520,3539,3539,4746,4246,4407,5216,6291,7181,9999,12681,12330,15725,15152,14910,17989,15085,16498,19242
 "06047","Merced, CA",8,CAGDP2,70,"62","   Health care and social assistance ","Thousands of dollars",261309,292793,315192,328987,338415,347905,369692,396562,409634,433356,460129,483875,504799,510807,549640,574000,618236,642351,688987,723381,770454,804941
 "06047","Merced, CA",8,CAGDP2,75,"71,72","  Arts, entertainment, recreation, accommodation, and food services ","Thousands of dollars",137184,145850,163647,159755,148067,150430,142620,144449,141741,147392,140065,153085,160771,177238,195746,214762,224467,240338,266327,223321,283263,333127
 "06047","Merced, CA",8,CAGDP2,76,"71","   Arts, entertainment, and recreation ","Thousands of dollars",11223,12321,15551,14610,13938,14353,15978,16125,14623,16038,15263,14335,17728,18963,18426,21662,23827,25497,27153,13417,21942,35541
 "06047","Merced, CA",8,CAGDP2,79,"72","   Accommodation and food services ","Thousands of dollars",125960,133529,148096,145145,134129,136077,126641,128324,127118,131354,124802,138750,143043,158275,177320,193100,200640,214841,239174,209904,261321,297586
 "06047","Merced, CA",8,CAGDP2,82,"81","  Other services (except government and government enterprises) ","Thousands of dollars",134400,149372,147415,154686,160647,161231,160847,156730,155796,147944,148938,156778,158375,170299,171551,177186,180661,195316,206638,202169,217658,241670
 "06047","Merced, CA",8,CAGDP2,83,"92","Government and government enterprises ","Thousands of dollars",736864,785135,824060,876655,931523,1030127,1151189,1243656,1285603,1307932,1347761,1365924,1432826,1536908,1713261,1774759,1827438,1773789,1826455,1850779,1916810,1967772
 "06047","Merced, CA",8,CAGDP2,87,"11,21","Natural resources and mining ","Thousands of dollars",(D),(D),(D),(D),(D),(D),(D),1133018,(D),(D),1696915,1468191,1725055,(D),1790209,1527390,(D),(D),(D),(D),(D),(D)
 "06047","Merced, CA",8,CAGDP2,88,"42,44-45","Trade ","Thousands of dollars",(D),(D),(D),(D),(D),(D),689190,(D),663423,708232,741439,758198,787020,(D),814554,869002,(D),(D),(D),(D),(D),(D)
 "06047","Merced, CA",8,CAGDP2,89,"22,48-49","Transportation and utilities ","Thousands of dollars",(D),(D),(D),(D),(D),(D),(D),(D),(D),(D),311734,324253,323760,(D),363033,373375,(D),(D),(D),(D),(D),757860
 "06047","Merced, CA",8,CAGDP2,90,"31-33,51","Manufacturing and information ","Thousands of dollars",643237,716560,776376,815436,855714,987835,1072191,1085261,1129954,934429,876834,909556,1009890,1145825,1269423,1198462,1235513,1227522,1257099,1244053,1312307,1375294
 "06047","Merced, CA",8,CAGDP2,91,"...","Private goods-producing industries 2/","Thousands of dollars",(D),(D),(D),(D),(D),(D),(D),2287533,(D),(D),2616950,2504903,2851558,(D),3207794,2913257,(D),(D),(D),(D),(D),(D)
 "06047","Merced, CA",8,CAGDP2,92,"...","Private services-providing industries 3/","Thousands of dollars",(D),(D),(D),(D),(D),(D),(D),3009765,(D),(D),3286924,3353083,3439879,(D),3604029,3777871,(D),(D),(D),(D),(D),(D)
 "06049","Modoc, CA",8,CAGDP2,1,"...","All industry total ","Thousands of dollars",183912,233991,225678,223113,257395,262909,278692,335720,337586,333200,329302,305330,320823,335433,352171,363083,349468,370240,418477,468957,523163,579842
 "06049","Modoc, CA",8,CAGDP2,2,"..."," Private industries ","Thousands of dollars",114807,161927,151269,144808,174087,180197,194631,247476,242971,237796,230233,207567,222132,235840,254170,260312,245334,263233,305811,351839,409171,468235
 "06049","Modoc, CA",8,CAGDP2,3,"11","  Agriculture, forestry, fishing and hunting ","Thousands of dollars",6906,48492,33301,33141,56114,54222,65544,119906,106635,93299,97877,88573,91556,(D),111096,101409,97639,100012,111201,133208,134290,176225
 "06049","Modoc, CA",8,CAGDP2,6,"21","  Mining, quarrying, and oil and gas extraction ","Thousands of dollars",1259,1288,2459,55,51,1745,1980,0,0,0,0,0,0,0,0,0,0,0,0,0,0,0
 "06049","Modoc, CA",8,CAGDP2,10,"22","  Utilities ","Thousands of dollars",1751,1856,2386,2150,1888,2058,2073,2255,2320,2403,2461,2475,2380,2683,2789,3023,3078,3002,3080,3321,3495,3811
 "06049","Modoc, CA",8,CAGDP2,11,"23","  Construction ","Thousands of dollars",9014,(D),(D),(D),10701,12242,13314,(D),(D),(D),(D),(D),(D),8196,9646,10855,10715,15501,19193,12648,13827,14494
 "06049","Modoc, CA",8,CAGDP2,12,"31-33","  Manufacturing ","Thousands of dollars",2520,(D),(D),(D),2194,2840,601,(D),(D),(D),(D),(D),(D),(D),1757,1925,1625,1579,1470,1345,1708,1814
 "06049","Modoc, CA",8,CAGDP2,13,"321,327-339","   Durable goods manufacturing ","Thousands of dollars",(D),(D),(D),(D),1754,2419,28,(D),(D),(D),(D),(D),(D),(D),(D),(D),(D),(D),(D),(D),(D),(D)
 "06049","Modoc, CA",8,CAGDP2,25,"311-316,322-326","   Nondurable goods manufacturing ","Thousands of dollars",(D),(D),305,382,440,422,573,671,718,484,365,525,(D),(D),(D),(D),(D),(D),(D),(D),(D),(D)
 "06049","Modoc, CA",8,CAGDP2,34,"42","  Wholesale trade ","Thousands of dollars",11066,11272,11316,10544,11516,11975,12684,12044,10546,10630,10155,10055,10771,13028,16395,17107,21057,23363,51467,75593,118268,120499
 "06049","Modoc, CA",8,CAGDP2,35,"44-45","  Retail trade ","Thousands of dollars",15348,16117,17996,19011,21086,22311,17947,14593,13981,14931,14789,15569,16485,15037,15457,15162,14473,15029,15284,20731,21923,25749
 "06049","Modoc, CA",8,CAGDP2,36,"48-49","  Transportation and warehousing ","Thousands of dollars",(D),(D),5913,6294,(D),(D),(D),(D),(D),(D),(D),(D),(D),(D),(D),(D),(D),(D),(D),(D),(D),(D)
 "06049","Modoc, CA",8,CAGDP2,45,"51","  Information ","Thousands of dollars",1816,1827,1797,1920,(D),(D),(D),(D),(D),(D),(D),(D),(D),(D),(D),(D),(D),3338,3661,3072,3531,3668
 "06049","Modoc, CA",8,CAGDP2,50,"52,53","  Finance, insurance, real estate, rental, and leasing ","Thousands of dollars",37999,42056,42301,39521,41280,42571,49245,52073,61098,64285,59039,50629,54256,57413,61596,68422,53219,57992,54465,56069,61005,(D)
 "06049","Modoc, CA",8,CAGDP2,51,"52","   Finance and insurance ","Thousands of dollars",4315,4940,5103,3182,3568,4554,4796,5268,5755,6339,7288,7008,5794,6666,6622,(D),5339,5947,5953,5856,6947,6709
 "06049","Modoc, CA",8,CAGDP2,56,"53","   Real estate and rental and leasing ","Thousands of dollars",33684,37116,37198,36339,37712,38017,44449,46805,55343,57946,51751,43621,48461,50747,54974,(D),47880,52045,48512,50213,54058,(D)
 "06049","Modoc, CA",8,CAGDP2,59,"54,55,56","  Professional and business services ","Thousands of dollars",3144,3542,3530,3761,(D),(D),4278,4785,4445,4409,4326,4042,4101,5015,5018,5109,4794,7231,8070,(D),10242,13617
 "06049","Modoc, CA",8,CAGDP2,60,"54","   Professional, scientific, and technical services ","Thousands of dollars",2526,2777,2580,(D),2547,2638,2793,(D),(D),(D),2718,2673,(D),(D),3427,3293,3040,3296,4078,(D),5630,(D)
 "06049","Modoc, CA",8,CAGDP2,64,"55","   Management of companies and enterprises ","Thousands of dollars",0,0,0,0,0,0,0,0,0,0,0,0,0,0,0,0,0,0,0,0,0,0
 "06049","Modoc, CA",8,CAGDP2,65,"56","   Administrative and support and waste management and remediation services ","Thousands of dollars",618,764,950,(D),(D),(D),1485,(D),(D),(D),1609,1369,(D),(D),1591,1816,1754,3935,3992,(D),4612,(D)
 "06049","Modoc, CA",8,CAGDP2,68,"61,62","  Educational services, health care, and social assistance ","Thousands of dollars",(D),(D),6113,6638,6896,7140,7099,7157,7117,6987,7929,7028,8455,(D),8739,13852,15582,14853,17210,17087,18965,20745
 "06049","Modoc, CA",8,CAGDP2,69,"61","   Educational services ","Thousands of dollars",67,69,(D),(D),(D),(D),(D),(D),(D),(D),(D),(D),(D),(D),(D),(D),(D),(D),(D),(D),(D),(D)
 "06049","Modoc, CA",8,CAGDP2,70,"62","   Health care and social assistance ","Thousands of dollars",(D),(D),(D),(D),(D),(D),(D),(D),(D),(D),(D),(D),(D),(D),(D),(D),(D),(D),(D),(D),(D),(D)
 "06049","Modoc, CA",8,CAGDP2,75,"71,72","  Arts, entertainment, recreation, accommodation, and food services ","Thousands of dollars",3806,3900,4452,3290,3625,3481,3000,3146,3617,3917,4140,4295,4563,4758,4845,(D),7995,(D),(D),8450,(D),11917
 "06049","Modoc, CA",8,CAGDP2,76,"71","   Arts, entertainment, and recreation ","Thousands of dollars",136,(D),(D),(D),(D),(D),(D),(D),(D),(D),(D),(D),(D),(D),(D),(D),(D),(D),(D),(D),(D),(D)
 "06049","Modoc, CA",8,CAGDP2,79,"72","   Accommodation and food services ","Thousands of dollars",3671,(D),(D),(D),(D),(D),(D),(D),(D),(D),(D),(D),(D),(D),(D),(D),(D),(D),(D),(D),(D),(D)
 "06049","Modoc, CA",8,CAGDP2,82,"81","  Other services (except government and government enterprises) ","Thousands of dollars",7922,7962,7502,7252,7521,8370,8864,9060,8586,8205,7814,7697,7708,7716,7845,8640,7297,7969,7931,8075,8326,9391
 "06049","Modoc, CA",8,CAGDP2,83,"92","Government and government enterprises ","Thousands of dollars",69105,72065,74409,78305,83308,82712,84061,88244,94615,95404,99068,97764,98691,99593,98001,102771,104133,107007,112666,117119,113991,111608
 "06049","Modoc, CA",8,CAGDP2,87,"11,21","Natural resources and mining ","Thousands of dollars",8165,49779,35759,33197,56165,55966,67524,119906,106635,93299,97877,88573,91556,(D),111096,101409,97639,100012,111201,133208,134290,176225
 "06049","Modoc, CA",8,CAGDP2,88,"42,44-45","Trade ","Thousands of dollars",26414,27389,29312,29556,32602,34286,30631,26637,24527,25561,24944,25624,27256,28066,31852,32269,35530,38391,66751,96324,140191,146248
 "06049","Modoc, CA",8,CAGDP2,89,"22,48-49","Transportation and utilities ","Thousands of dollars",(D),(D),8299,8444,(D),(D),(D),(D),(D),(D),(D),(D),(D),(D),(D),(D),(D),(D),(D),(D),(D),(D)
 "06049","Modoc, CA",8,CAGDP2,90,"31-33,51","Manufacturing and information ","Thousands of dollars",4336,(D),(D),(D),(D),(D),(D),3288,3049,2866,2871,2854,5665,5454,(D),(D),(D),4917,5131,4416,5239,5482
 "06049","Modoc, CA",8,CAGDP2,91,"...","Private goods-producing industries 2/","Thousands of dollars",19699,62083,47962,44425,69060,71048,81439,134224,123785,115565,113295,100050,106066,113945,122499,114188,109979,117091,131865,147201,149826,192534
 "06049","Modoc, CA",8,CAGDP2,92,"...","Private services-providing industries 3/","Thousands of dollars",95107,99843,103307,100383,105027,109148,113192,113251,119186,122231,116939,107517,116066,121895,131670,146124,135355,146141,173946,204638,259345,275701
 "06051","Mono, CA",8,CAGDP2,1,"...","All industry total ","Thousands of dollars",523002,598891,655425,655963,771084,759719,750380,784933,763860,823268,845300,800433,809496,826792,847932,897894,1041898,981960,1087737,988267,1149737,1311754
 "06051","Mono, CA",8,CAGDP2,2,"..."," Private industries ","Thousands of dollars",421594,491182,540144,531783,636863,622920,601417,618547,586596,636762,656473,613075,616680,632987,653960,697170,839690,772709,869081,758574,906479,1059104
 "06051","Mono, CA",8,CAGDP2,3,"11","  Agriculture, forestry, fishing and hunting ","Thousands of dollars",(D),(D),13507,11153,8418,12168,(D),(D),(D),(D),(D),(D),(D),23533,21009,13498,12216,7293,23770,21763,25329,37900
 "06051","Mono, CA",8,CAGDP2,6,"21","  Mining, quarrying, and oil and gas extraction ","Thousands of dollars",480,411,507,582,719,875,1192,1109,1082,1127,1356,1516,1655,1825,1898,1709,2921,3113,2788,2464,2248,2492
 "06051","Mono, CA",8,CAGDP2,10,"22","  Utilities ","Thousands of dollars",(D),38109,35970,13138,39768,51302,36150,(D),44703,(D),(D),(D),(D),(D),(D),(D),(D),(D),(D),(D),(D),(D)
 "06051","Mono, CA",8,CAGDP2,11,"23","  Construction ","Thousands of dollars",35078,35989,47647,54134,80325,74939,58608,50943,52289,61317,49911,36582,37004,36501,38523,41927,44819,46524,63423,64629,62486,66498
 "06051","Mono, CA",8,CAGDP2,12,"31-33","  Manufacturing ","Thousands of dollars",(D),4816,4069,3902,4439,5150,(D),(D),(D),6433,6533,9042,10075,11237,10866,11138,11075,12952,15636,14238,16407,18273
 "06051","Mono, CA",8,CAGDP2,13,"321,327-339","   Durable goods manufacturing ","Thousands of dollars",(D),1576,(D),1004,(D),(D),(D),(D),(D),957,846,636,954,1587,1576,1564,1802,2421,3902,3277,3773,4240
 "06051","Mono, CA",8,CAGDP2,25,"311-316,322-326","   Nondurable goods manufacturing ","Thousands of dollars",(D),3240,(D),2898,(D),(D),(D),(D),(D),5476,5686,8406,9121,9650,9290,9574,9273,10531,11734,10961,12634,14033
 "06051","Mono, CA",8,CAGDP2,34,"42","  Wholesale trade ","Thousands of dollars",(D),3935,3384,2420,1907,(D),1361,(D),(D),(D),(D),(D),(D),(D),(D),(D),(D),(D),(D),(D),(D),(D)
 "06051","Mono, CA",8,CAGDP2,35,"44-45","  Retail trade ","Thousands of dollars",47704,50899,50347,47689,45197,46835,43807,40648,38979,39929,37697,38098,42605,42082,43967,47583,50596,50114,51887,50823,61108,65576
 "06051","Mono, CA",8,CAGDP2,36,"48-49","  Transportation and warehousing ","Thousands of dollars",1914,(D),(D),(D),(D),4968,(D),5360,4439,4248,4703,4604,4929,4986,5325,3042,2780,2699,2810,2311,2532,3923
 "06051","Mono, CA",8,CAGDP2,45,"51","  Information ","Thousands of dollars",3340,2942,3837,2920,2826,2297,2654,2925,2758,3312,3312,3030,2430,3785,5690,6635,4602,5961,5742,4777,5556,6705
 "06051","Mono, CA",8,CAGDP2,50,"52,53","  Finance, insurance, real estate, rental, and leasing ","Thousands of dollars",135403,159193,179141,189033,211952,199563,219741,224200,203137,219576,216337,215118,220746,216252,215158,214131,251894,248457,285462,256766,290876,309352
 "06051","Mono, CA",8,CAGDP2,51,"52","   Finance and insurance ","Thousands of dollars",6186,8115,8930,6531,5362,9377,6553,6305,7452,8848,8758,8907,8636,6092,(D),5995,5483,5843,6582,7542,9762,9718
 "06051","Mono, CA",8,CAGDP2,56,"53","   Real estate and rental and leasing ","Thousands of dollars",129217,151078,170211,182502,206590,190186,213188,217895,195685,210728,207579,206211,212110,210160,(D),208136,246411,242614,278880,249224,281114,299634
 "06051","Mono, CA",8,CAGDP2,59,"54,55,56","  Professional and business services ","Thousands of dollars",26079,28200,31233,31959,36386,37649,34300,32948,31141,33473,36929,33000,34883,37963,37888,38160,44497,44713,44993,37187,44349,47398
 "06051","Mono, CA",8,CAGDP2,60,"54","   Professional, scientific, and technical services ","Thousands of dollars",18584,20514,21567,21753,24697,24888,23520,22500,18538,18099,18029,17961,19441,(D),(D),(D),(D),(D),(D),(D),(D),(D)
 "06051","Mono, CA",8,CAGDP2,64,"55","   Management of companies and enterprises ","Thousands of dollars",(D),(D),(D),(D),(D),(D),0,0,0,0,0,0,0,(D),(D),(D),(D),(D),(D),(D),(D),(D)
 "06051","Mono, CA",8,CAGDP2,65,"56","   Administrative and support and waste management and remediation services ","Thousands of dollars",(D),(D),(D),(D),(D),(D),10780,10447,12604,15374,18900,15038,15441,17216,15836,14551,18349,17630,20190,17936,22309,23858
 "06051","Mono, CA",8,CAGDP2,68,"61,62","  Educational services, health care, and social assistance ","Thousands of dollars",9312,(D),(D),(D),(D),(D),12343,12550,(D),14459,15440,16050,15528,15150,14731,15124,15552,(D),17540,18940,20096,21901
 "06051","Mono, CA",8,CAGDP2,69,"61","   Educational services ","Thousands of dollars",(D),(D),(D),(D),(D),(D),1041,1117,(D),1611,1570,1775,1990,2079,1747,1679,1744,(D),1852,1977,2217,2707
 "06051","Mono, CA",8,CAGDP2,70,"62","   Health care and social assistance ","Thousands of dollars",(D),(D),(D),(D),(D),(D),11302,11433,(D),12849,13869,14275,13538,13071,12984,13445,13808,(D),15688,16963,17878,19194
 "06051","Mono, CA",8,CAGDP2,75,"71,72","  Arts, entertainment, recreation, accommodation, and food services ","Thousands of dollars",117756,134404,146827,148588,174583,156572,155814,164152,155552,156138,171899,151347,163391,182230,207786,236462,300452,259879,269574,207885,304458,371963
 "06051","Mono, CA",8,CAGDP2,76,"71","   Arts, entertainment, and recreation ","Thousands of dollars",4099,4494,5671,7765,8972,8544,10413,6963,6777,9446,8812,8789,9407,14129,10844,9336,6388,8412,11567,8037,9782,11988
 "06051","Mono, CA",8,CAGDP2,79,"72","   Accommodation and food services ","Thousands of dollars",113657,129911,141156,140823,165611,148028,145400,157188,148775,146692,163087,142558,153984,168101,196942,227126,294064,251467,258007,199848,294676,359975
 "06051","Mono, CA",8,CAGDP2,82,"81","  Other services (except government and government enterprises) ","Thousands of dollars",11588,13745,12814,13772,16006,17056,16317,16391,16247,16332,15896,15262,14453,15629,17583,19960,21683,21450,22474,20831,20433,22188
 "06051","Mono, CA",8,CAGDP2,83,"92","Government and government enterprises ","Thousands of dollars",101408,107709,115281,124180,134221,136799,148963,166385,177264,186506,188827,187358,192817,193806,193973,200724,202208,209251,218655,229693,243258,252650
 "06051","Mono, CA",8,CAGDP2,87,"11,21","Natural resources and mining ","Thousands of dollars",(D),(D),14014,11735,9137,13043,(D),(D),(D),(D),(D),(D),(D),25357,22908,15206,15137,10406,26558,24227,27578,40392
 "06051","Mono, CA",8,CAGDP2,88,"42,44-45","Trade ","Thousands of dollars",(D),54834,53731,50108,47104,(D),45169,(D),(D),(D),(D),(D),(D),(D),(D),(D),(D),(D),(D),(D),(D),(D)
 "06051","Mono, CA",8,CAGDP2,89,"22,48-49","Transportation and utilities ","Thousands of dollars",(D),(D),(D),(D),(D),56270,(D),(D),49141,(D),(D),(D),(D),(D),(D),(D),(D),(D),(D),(D),(D),(D)
 "06051","Mono, CA",8,CAGDP2,90,"31-33,51","Manufacturing and information ","Thousands of dollars",(D),7758,7905,6823,7265,7447,(D),(D),(D),9745,9845,12072,12505,15021,16556,17773,15677,18913,21378,19016,21963,24978
 "06051","Mono, CA",8,CAGDP2,91,"...","Private goods-producing industries 2/","Thousands of dollars",43876,(D),65730,69771,93901,93132,(D),80106,75790,(D),(D),(D),(D),73094,72296,68271,71031,69882,105617,103095,106470,125162
 "06051","Mono, CA",8,CAGDP2,92,"...","Private services-providing industries 3/","Thousands of dollars",377718,(D),474415,462012,542962,529788,(D),538442,510806,(D),(D),(D),(D),559892,581663,628899,768659,702827,763464,655479,800009,933942
 "06053","Monterey, CA",8,CAGDP2,1,"...","All industry total ","Thousands of dollars",15654179,16550108,17227212,16239681,16778678,18408063,18794818,18927494,19600694,19889415,19656023,20759427,22686479,23262057,24678718,25102365,25923476,27182017,28302595,28165462,30843921,33248856
 "06053","Monterey, CA",8,CAGDP2,2,"..."," Private industries ","Thousands of dollars",13123077,13851711,14383390,13278849,13626066,15087039,15199014,15136609,15752414,15857125,15421656,16490655,18401309,18888793,20077840,20293446,20998295,22121579,23041876,22701489,25155293,27533243
 "06053","Monterey, CA",8,CAGDP2,3,"11","  Agriculture, forestry, fishing and hunting ","Thousands of dollars",3674595,3660073,3920581,2864629,2879569,3681641,3213840,2810296,3972282,3744442,3178073,3502344,4979649,4898194,5476121,5413235,5520990,5608617,5463980,5564995,5742523,6475744
 "06053","Monterey, CA",8,CAGDP2,6,"21","  Mining, quarrying, and oil and gas extraction ","Thousands of dollars",83207,88947,95427,114963,147793,207940,281778,413288,374218,428858,579922,639339,562564,485631,228296,221562,304144,312153,254342,204848,298375,347383
 "06053","Monterey, CA",8,CAGDP2,10,"22","  Utilities ","Thousands of dollars",520650,719612,715498,691718,550755,681941,799621,785187,624108,561152,433804,767264,790563,722156,705421,563106,479348,728348,834842,908955,918856,1148015
 "06053","Monterey, CA",8,CAGDP2,11,"23","  Construction ","Thousands of dollars",685716,714444,743151,709424,721374,778942,814356,628144,557726,607065,538170,527445,571834,613331,689905,787808,822906,889184,877045,830688,867537,933472
 "06053","Monterey, CA",8,CAGDP2,12,"31-33","  Manufacturing ","Thousands of dollars",762482,717945,690449,646012,627489,630890,623528,617646,657016,570294,596382,635946,679300,707175,762979,739567,749251,723313,738246,703158,771223,815768
 "06053","Monterey, CA",8,CAGDP2,13,"321,327-339","   Durable goods manufacturing ","Thousands of dollars",190863,170935,150435,151339,168265,162807,155804,151041,148661,148104,149456,155915,168161,177778,193261,201369,206940,217489,226972,225540,227143,250566
 "06053","Monterey, CA",8,CAGDP2,25,"311-316,322-326","   Nondurable goods manufacturing ","Thousands of dollars",571618,547010,540014,494672,459223,468083,467724,466604,508354,422190,446926,480031,511139,529397,569718,538197,542311,505824,511274,477617,544080,565203
 "06053","Monterey, CA",8,CAGDP2,34,"42","  Wholesale trade ","Thousands of dollars",532219,572708,589251,598100,665778,741044,783006,844703,787117,880039,990111,1051629,1195349,1355331,1576422,1548711,1641875,1694103,1877418,2092522,2519077,2590960
 "06053","Monterey, CA",8,CAGDP2,35,"44-45","  Retail trade ","Thousands of dollars",1079722,1120707,1170812,1202572,1239131,1267435,1214213,1128132,1059887,1104289,1121282,1142629,1211924,1250770,1338831,1396592,1459060,1510760,1593373,1565666,1758055,1904223
 "06053","Monterey, CA",8,CAGDP2,36,"48-49","  Transportation and warehousing ","Thousands of dollars",161607,164575,160012,207997,247429,290299,310931,320582,290871,293558,287806,298084,324745,378475,425633,443444,474696,456596,437725,397779,511724,578796
 "06053","Monterey, CA",8,CAGDP2,45,"51","  Information ","Thousands of dollars",365417,432641,467610,521412,525010,515607,529024,490194,407396,402582,365780,352855,416606,383967,429557,350657,324795,270220,340757,340017,368924,394731
 "06053","Monterey, CA",8,CAGDP2,50,"52,53","  Finance, insurance, real estate, rental, and leasing ","Thousands of dollars",2287224,2503235,2566678,2461256,2643815,2655621,2787730,3080749,3158038,3307732,3287514,3396253,3424137,3449649,3585577,3677589,3805508,4079013,4292939,4520637,4749894,4838645
 "06053","Monterey, CA",8,CAGDP2,51,"52","   Finance and insurance ","Thousands of dollars",444097,515452,567289,419414,453301,529207,526942,511161,524602,507225,510096,528233,512165,532810,571404,572661,588307,605420,614800,610862,680240,711215
 "06053","Monterey, CA",8,CAGDP2,56,"53","   Real estate and rental and leasing ","Thousands of dollars",1843127,1987783,1999388,2041841,2190514,2126414,2260788,2569588,2633436,2800506,2777418,2868020,2911971,2916840,3014173,3104928,3217202,3473592,3678138,3909775,4069654,4127430
 "06053","Monterey, CA",8,CAGDP2,59,"54,55,56","  Professional and business services ","Thousands of dollars",1017763,1038743,1089237,1022381,1094733,1168377,1194590,1296219,1239270,1290390,1313817,1266454,1217152,1329481,1257072,1352381,1399045,1548492,1673902,1633681,1781632,1929493
 "06053","Monterey, CA",8,CAGDP2,60,"54","   Professional, scientific, and technical services ","Thousands of dollars",497575,531968,538329,581312,603269,658820,702275,780426,733605,714499,722363,689191,703783,765626,741292,764251,782432,860978,909952,859215,942983,1017155
 "06053","Monterey, CA",8,CAGDP2,64,"55","   Management of companies and enterprises ","Thousands of dollars",249862,241051,280515,160247,180665,187019,165091,174933,166199,171029,182794,134925,125869,144906,71155,87853,96607,141032,176305,178881,199607,228406
 "06053","Monterey, CA",8,CAGDP2,65,"56","   Administrative and support and waste management and remediation services ","Thousands of dollars",270326,265724,270394,280821,310800,322538,327224,340860,339466,404862,408660,442337,387501,418949,444625,500278,520005,546482,587644,595585,639042,683931
 "06053","Monterey, CA",8,CAGDP2,68,"61,62","  Educational services, health care, and social assistance ","Thousands of dollars",721069,775230,834524,880759,904010,951003,994636,1080902,1145697,1168769,1192964,1257133,1285185,1336906,1415803,1475343,1575169,1684163,1804945,1831359,2021469,2103652
 "06053","Monterey, CA",8,CAGDP2,69,"61","   Educational services ","Thousands of dollars",88598,92143,96635,108415,107863,114244,120443,133920,152970,157916,154571,164389,160035,171460,175240,180771,190353,197399,218090,204023,207681,212204
 "06053","Monterey, CA",8,CAGDP2,70,"62","   Health care and social assistance ","Thousands of dollars",632471,683086,737889,772344,796147,836759,874194,946981,992727,1010853,1038393,1092743,1125149,1165446,1240563,1294572,1384816,1486765,1586855,1627336,1813788,1891449
 "06053","Monterey, CA",8,CAGDP2,75,"71,72","  Arts, entertainment, recreation, accommodation, and food services ","Thousands of dollars",846941,921244,945665,970363,973817,1102630,1237953,1232121,1082823,1099939,1142514,1258599,1333012,1543673,1716643,1830244,1923396,2067328,2274099,1569737,2281492,2833082
 "06053","Monterey, CA",8,CAGDP2,76,"71","   Arts, entertainment, and recreation ","Thousands of dollars",140350,170521,184942,167603,152229,222044,328834,288496,270122,281910,269164,295899,308537,397111,427262,468330,454704,499327,569744,409876,723037,1039370
 "06053","Monterey, CA",8,CAGDP2,79,"72","   Accommodation and food services ","Thousands of dollars",706591,750724,760723,802760,821588,880586,909119,943624,812700,818029,873350,962700,1024475,1146562,1289382,1361914,1468692,1568000,1704355,1159861,1558455,1793711
 "06053","Monterey, CA",8,CAGDP2,82,"81","  Other services (except government and government enterprises) ","Thousands of dollars",384465,421606,394495,387263,405364,413668,413807,408447,395967,398015,393517,394682,409288,434054,469578,493207,518113,549291,578264,537448,564511,639279
 "06053","Monterey, CA",8,CAGDP2,83,"92","Government and government enterprises ","Thousands of dollars",2531102,2698397,2843822,2960832,3152612,3321025,3595804,3790885,3848280,4032290,4234367,4268772,4285170,4373264,4600878,4808919,4925181,5060438,5260719,5463973,5688629,5715613
 "06053","Monterey, CA",8,CAGDP2,87,"11,21","Natural resources and mining ","Thousands of dollars",3757803,3749020,4016008,2979592,3027363,3889581,3495618,3223584,4346500,4173300,3757995,4141682,5542213,5383825,5704417,5634796,5825134,5920770,5718323,5769842,6040898,6823127
 "06053","Monterey, CA",8,CAGDP2,88,"42,44-45","Trade ","Thousands of dollars",1611941,1693415,1760064,1800672,1904909,2008479,1997220,1972835,1847004,1984329,2111393,2194258,2407273,2606101,2915253,2945303,3100934,3204862,3470791,3658188,4277133,4495183
 "06053","Monterey, CA",8,CAGDP2,89,"22,48-49","Transportation and utilities ","Thousands of dollars",682257,884186,875510,899716,798183,972240,1110553,1105769,914979,854710,721610,1065348,1115309,1100631,1131054,1006550,954044,1184944,1272567,1306734,1430579,1726812
 "06053","Monterey, CA",8,CAGDP2,90,"31-33,51","Manufacturing and information ","Thousands of dollars",1127899,1150586,1158059,1167424,1152498,1146497,1152553,1107840,1064411,972876,962162,988801,1095906,1091141,1192536,1090223,1074047,993533,1079002,1043175,1140147,1210499
 "06053","Monterey, CA",8,CAGDP2,91,"...","Private goods-producing industries 2/","Thousands of dollars",5206000,5181410,5449608,4335027,4376225,5299413,4933502,4469373,5561241,5350659,4892547,5305074,6793348,6704330,7157302,7162171,7397291,7533267,7333613,7303688,7679658,8572367
 "06053","Monterey, CA",8,CAGDP2,92,"...","Private services-providing industries 3/","Thousands of dollars",7917077,8670301,8933782,8943822,9249841,9787625,10265512,10667236,10191173,10506466,10529109,11185581,11607961,12184462,12920538,13131275,13601004,14588312,15708263,15397801,17475634,18960876
 "06055","Napa, CA",8,CAGDP2,1,"...","All industry total ","Thousands of dollars",5464867,5928347,6075195,6127050,6616173,6769970,7090160,7386053,7535938,7435884,7367867,8113171,8687877,9531057,10293910,10747702,10996519,11212869,11445191,11148064,12648671,13165651
 "06055","Napa, CA",8,CAGDP2,2,"..."," Private industries ","Thousands of dollars",4909934,5332946,5438010,5462165,5916261,6023939,6274182,6508798,6655583,6540965,6451148,7213957,7720063,8516045,9191633,9585509,9815591,9963050,10182366,9862301,11340852,11863476
 "06055","Napa, CA",8,CAGDP2,3,"11","  Agriculture, forestry, fishing and hunting ","Thousands of dollars",222970,305401,(D),134358,327421,148424,133927,163725,130859,146210,125263,408385,437544,411607,335232,383567,406175,470796,342333,398331,598225,368964
 "06055","Napa, CA",8,CAGDP2,6,"21","  Mining, quarrying, and oil and gas extraction ","Thousands of dollars",12386,13909,5154,7996,8762,12652,13539,13347,17139,13594,11340,8946,4968,4933,4784,5074,5702,7389,8889,9790,10550,(D)
 "06055","Napa, CA",8,CAGDP2,10,"22","  Utilities ","Thousands of dollars",11850,14116,(D),14312,13641,16138,18577,24310,22612,23724,26735,23652,25103,25826,25560,27241,29508,35970,36397,43330,40947,(D)
 "06055","Napa, CA",8,CAGDP2,11,"23","  Construction ","Thousands of dollars",379795,407345,387844,422143,412962,444720,480064,440570,392542,382839,304123,281488,383837,487855,597493,624103,636690,704251,682852,633266,684507,741764
 "06055","Napa, CA",8,CAGDP2,12,"31-33","  Manufacturing ","Thousands of dollars",1253270,1359651,1411746,1481568,1521684,1680273,1709251,1742163,1915264,1693493,1588037,1815121,1936771,2179589,2439287,2581184,2575464,2386395,2539349,2440080,2872330,3010886
 "06055","Napa, CA",8,CAGDP2,13,"321,327-339","   Durable goods manufacturing ","Thousands of dollars",185517,192094,188211,189997,206027,208716,215250,193688,170763,154925,156405,169684,170642,179180,174981,191302,207618,217054,227263,212467,271029,299338
 "06055","Napa, CA",8,CAGDP2,25,"311-316,322-326","   Nondurable goods manufacturing ","Thousands of dollars",1067753,1167557,1223535,1291571,1315657,1471557,1494001,1548476,1744501,1538568,1431632,1645437,1766129,2000409,2264306,2389882,2367846,2169341,2312086,2227613,2601302,2711548
 "06055","Napa, CA",8,CAGDP2,34,"42","  Wholesale trade ","Thousands of dollars",160638,173823,(D),195741,221274,244003,281588,284794,260895,282500,320162,333755,401795,445058,518859,509672,485513,509939,543446,571547,601518,(D)
 "06055","Napa, CA",8,CAGDP2,35,"44-45","  Retail trade ","Thousands of dollars",410482,415583,419661,399495,425802,437761,432598,406253,393741,398361,400396,429578,466424,483841,527900,543987,561012,560113,589115,593843,669434,722881
 "06055","Napa, CA",8,CAGDP2,36,"48-49","  Transportation and warehousing ","Thousands of dollars",125705,125239,140651,109022,93908,103970,112619,111793,107099,96951,115161,135356,161775,166858,192362,216671,234243,235404,213114,182002,223140,255725
 "06055","Napa, CA",8,CAGDP2,45,"51","  Information ","Thousands of dollars",79515,52001,81308,103009,108467,132732,169109,154731,129845,131564,131980,110713,115681,112546,112317,97044,106275,118700,104820,105295,119930,127431
 "06055","Napa, CA",8,CAGDP2,50,"52,53","  Finance, insurance, real estate, rental, and leasing ","Thousands of dollars",891773,998242,1034743,1029177,1180744,1129054,1136776,1297496,1436616,1446332,1353535,1500949,1576826,1805985,1857301,1884911,1978750,2019644,2045026,2100010,2324488,2413420
 "06055","Napa, CA",8,CAGDP2,51,"52","   Finance and insurance ","Thousands of dollars",198674,237477,251916,215081,248404,266303,257188,227241,254357,264595,291999,339001,323581,354684,369132,360003,381690,375650,379868,384889,463217,460954
 "06055","Napa, CA",8,CAGDP2,56,"53","   Real estate and rental and leasing ","Thousands of dollars",693099,760764,782827,814096,932339,862751,879588,1070255,1182259,1181737,1061536,1161949,1253245,1451301,1488170,1524908,1597060,1643993,1665158,1715121,1861271,1952466
 "06055","Napa, CA",8,CAGDP2,59,"54,55,56","  Professional and business services ","Thousands of dollars",426116,457239,470130,484988,496576,523052,598900,637902,589167,582314,621052,664248,677662,716471,775709,831509,851792,904826,965286,949694,1033477,1067947
 "06055","Napa, CA",8,CAGDP2,60,"54","   Professional, scientific, and technical services ","Thousands of dollars",259633,266270,259461,262431,271614,289208,319684,354181,308957,299562,317038,334321,350930,381049,427921,436271,418869,441018,492555,491921,556747,539294
 "06055","Napa, CA",8,CAGDP2,64,"55","   Management of companies and enterprises ","Thousands of dollars",23704,22483,24539,27440,20966,20322,56561,54730,63794,60554,68964,79282,74605,72805,67212,74190,91048,100879,94101,88041,98493,117822
 "06055","Napa, CA",8,CAGDP2,65,"56","   Administrative and support and waste management and remediation services ","Thousands of dollars",142778,168486,186130,195117,203996,213523,222654,228992,216415,222197,235050,250645,252126,262616,280575,321048,341875,362929,378629,369733,378237,410832
 "06055","Napa, CA",8,CAGDP2,68,"61,62","  Educational services, health care, and social assistance ","Thousands of dollars",389527,431763,459395,491267,510695,532342,568098,611095,637590,666769,692926,694762,708116,726689,749287,793030,833180,857963,893852,897819,960119,1017814
 "06055","Napa, CA",8,CAGDP2,69,"61","   Educational services ","Thousands of dollars",49717,51532,57382,62764,65812,70609,74231,85666,94685,96674,92320,97913,85119,86859,89518,99931,102071,102714,108714,93721,98069,110618
 "06055","Napa, CA",8,CAGDP2,70,"62","   Health care and social assistance ","Thousands of dollars",339810,380231,402012,428502,444883,461733,493866,525430,542905,570095,600606,596849,622997,639830,659769,693098,731109,755249,785139,804099,862050,907195
 "06055","Napa, CA",8,CAGDP2,75,"71,72","  Arts, entertainment, recreation, accommodation, and food services ","Thousands of dollars",411484,430276,449522,431213,431353,446540,440063,436226,444068,492582,580066,626140,635758,742054,834615,857585,872939,897577,960078,710293,963514,1158928
 "06055","Napa, CA",8,CAGDP2,76,"71","   Arts, entertainment, and recreation ","Thousands of dollars",39963,34880,32079,33923,35328,37374,36642,37482,34508,38744,60233,68381,72146,72729,65433,65776,68848,81429,82971,49965,61383,78881
 "06055","Napa, CA",8,CAGDP2,79,"72","   Accommodation and food services ","Thousands of dollars",371521,395396,417443,397291,396026,409166,403421,398744,409560,453838,519833,557759,563612,669324,769182,791809,804091,816147,877107,660328,902131,1080047
 "06055","Napa, CA",8,CAGDP2,82,"81","  Other services (except government and government enterprises) ","Thousands of dollars",134423,148358,150089,157875,162972,172277,179074,184390,178145,183732,180371,180864,187802,206734,220929,229932,238350,254084,257808,227000,238673,269883
 "06055","Napa, CA",8,CAGDP2,83,"92","Government and government enterprises ","Thousands of dollars",554933,595401,637184,664886,699912,746031,815978,877255,880355,894919,916720,899214,967815,1015012,1102277,1162193,1180928,1249818,1262825,1285762,1307819,1302175
 "06055","Napa, CA",8,CAGDP2,87,"11,21","Natural resources and mining ","Thousands of dollars",235356,319311,(D),142354,336183,161076,147466,177073,147998,159805,136604,417331,442513,416540,340015,388641,411877,478184,351221,408121,608775,(D)
 "06055","Napa, CA",8,CAGDP2,88,"42,44-45","Trade ","Thousands of dollars",571120,589406,(D),595236,647076,681764,714186,691048,654636,680861,720557,763333,868219,928900,1046759,1053659,1046526,1070052,1132561,1165390,1270952,(D)
 "06055","Napa, CA",8,CAGDP2,89,"22,48-49","Transportation and utilities ","Thousands of dollars",137555,139355,(D),123335,107549,120108,131196,136103,129711,120675,141896,159008,186879,192683,217922,243912,263751,271374,249511,225333,264086,(D)
 "06055","Napa, CA",8,CAGDP2,90,"31-33,51","Manufacturing and information ","Thousands of dollars",1332785,1411653,1493055,1584577,1630151,1813005,1878360,1896895,2045109,1825057,1720017,1925834,2052452,2292135,2551604,2678228,2681738,2505095,2644170,2545375,2992260,3138317
 "06055","Napa, CA",8,CAGDP2,91,"...","Private goods-producing industries 2/","Thousands of dollars",1868421,2086306,(D),2046065,2270830,2286070,2336781,2359806,2455804,2236137,2028764,2513939,2763121,3083985,3376795,3593928,3624030,3568831,3573422,3481468,4165612,(D)
 "06055","Napa, CA",8,CAGDP2,92,"...","Private services-providing industries 3/","Thousands of dollars",3041513,3246640,(D),3416100,3645431,3737869,3937402,4148992,4199779,4304828,4422384,4700018,4956942,5432061,5814838,5991581,6191561,6394219,6608944,6380834,7175240,(D)
 "06057","Nevada, CA",8,CAGDP2,1,"...","All industry total ","Thousands of dollars",2502433,2722905,2798776,2846393,3028300,3197856,3318578,3323631,3403118,3564484,3655330,3653430,3856367,3843844,4017225,4200439,4271659,4382323,4592457,4611623,4975383,5392918
 "06057","Nevada, CA",8,CAGDP2,2,"..."," Private industries ","Thousands of dollars",2211787,2409500,2443262,2476320,2642298,2795864,2887326,2862838,2952368,3083031,3171596,3175689,3331264,3301659,3437697,3592542,3650915,3736610,3921036,3906642,4238430,4612738
 "06057","Nevada, CA",8,CAGDP2,3,"11","  Agriculture, forestry, fishing and hunting ","Thousands of dollars",21219,(D),(D),(D),(D),(D),(D),(D),(D),(D),(D),(D),(D),(D),(D),(D),(D),(D),(D),21915,22902,25433
 "06057","Nevada, CA",8,CAGDP2,6,"21","  Mining, quarrying, and oil and gas extraction ","Thousands of dollars",10914,10664,10455,9357,13689,19004,19667,16430,13349,9978,12779,11687,10714,13346,6321,6892,8925,11297,11771,15245,(D),(D)
 "06057","Nevada, CA",8,CAGDP2,10,"22","  Utilities ","Thousands of dollars",18840,40002,43365,(D),40858,(D),33491,37524,51418,57828,61876,49062,40602,(D),(D),(D),(D),(D),(D),43294,(D),(D)
 "06057","Nevada, CA",8,CAGDP2,11,"23","  Construction ","Thousands of dollars",305733,320281,321475,343638,379632,397880,435562,362897,366859,417781,421599,391601,410598,458892,479440,481045,449328,465615,493877,482493,482113,539725
 "06057","Nevada, CA",8,CAGDP2,12,"31-33","  Manufacturing ","Thousands of dollars",169881,168047,178103,180251,209380,208352,220493,213459,216928,204970,218767,227590,193977,190780,191775,203331,217623,225592,212904,200761,221456,246508
 "06057","Nevada, CA",8,CAGDP2,13,"321,327-339","   Durable goods manufacturing ","Thousands of dollars",148449,151012,162870,163819,192556,191223,203159,192284,199002,188141,201541,207282,174722,169234,168806,182797,193625,195052,181797,175802,189781,210590
 "06057","Nevada, CA",8,CAGDP2,25,"311-316,322-326","   Nondurable goods manufacturing ","Thousands of dollars",21432,17035,15233,16432,16824,17130,17333,21175,17926,16829,17227,20307,19255,21545,22969,20533,23998,30540,31107,24960,31675,35918
 "06057","Nevada, CA",8,CAGDP2,34,"42","  Wholesale trade ","Thousands of dollars",47875,50874,50549,(D),59299,(D),62936,58116,49814,54585,64187,75446,(D),(D),(D),(D),(D),(D),(D),(D),(D),(D)
 "06057","Nevada, CA",8,CAGDP2,35,"44-45","  Retail trade ","Thousands of dollars",316842,333420,335922,322144,339260,360594,325306,286948,272879,273733,269820,276695,286436,293459,311799,330616,341891,358426,381800,385164,438253,462676
 "06057","Nevada, CA",8,CAGDP2,36,"48-49","  Transportation and warehousing ","Thousands of dollars",27248,(D),(D),28916,(D),34834,(D),(D),(D),(D),(D),(D),(D),22559,28579,32334,27744,31674,33575,(D),40059,49144
 "06057","Nevada, CA",8,CAGDP2,45,"51","  Information ","Thousands of dollars",26883,31321,32323,36611,43446,53459,61571,58718,49494,57272,57280,66374,79561,79310,84521,86666,86382,97598,78713,65653,68272,73335
 "06057","Nevada, CA",8,CAGDP2,50,"52,53","  Finance, insurance, real estate, rental, and leasing ","Thousands of dollars",612074,682425,680346,691145,734772,759928,830441,896231,1009406,1037199,1082251,1076161,1199941,1080557,1100800,1159120,1172173,1169551,1209603,1281959,1323799,1447287
 "06057","Nevada, CA",8,CAGDP2,51,"52","   Finance and insurance ","Thousands of dollars",116255,143751,143883,120983,110393,132417,128303,118260,123603,120778,122663,122111,118094,119152,123771,137329,140428,147562,147066,150758,176931,170814
 "06057","Nevada, CA",8,CAGDP2,56,"53","   Real estate and rental and leasing ","Thousands of dollars",495819,538674,536463,570162,624378,627511,702138,777970,885804,916421,959587,954050,1081847,961405,977030,1021791,1031745,1021990,1062537,1131201,1146868,1276474
 "06057","Nevada, CA",8,CAGDP2,59,"54,55,56","  Professional and business services ","Thousands of dollars",219505,231395,237877,240859,252452,282924,300364,322104,302837,307036,307256,312979,299548,312542,330955,344671,357111,378313,402752,400186,434672,473304
 "06057","Nevada, CA",8,CAGDP2,60,"54","   Professional, scientific, and technical services ","Thousands of dollars",144643,148195,152157,157624,166139,186146,200748,233563,214856,214770,221865,227969,217502,223671,238050,233520,240601,256700,278329,274505,296161,323790
 "06057","Nevada, CA",8,CAGDP2,64,"55","   Management of companies and enterprises ","Thousands of dollars",4095,4111,4526,6893,6958,7632,7856,7578,7226,9584,1497,2050,5232,5370,6011,6186,5624,6073,4600,2047,2478,2600
 "06057","Nevada, CA",8,CAGDP2,65,"56","   Administrative and support and waste management and remediation services ","Thousands of dollars",70766,79088,81194,76342,79355,89145,91761,80963,80755,82682,83894,82961,76813,83500,86893,104965,110886,115540,119823,123634,136033,146914
 "06057","Nevada, CA",8,CAGDP2,68,"61,62","  Educational services, health care, and social assistance ","Thousands of dollars",186511,210122,223775,241587,245854,260448,275375,299655,320180,325784,335659,342523,355305,364768,382031,389562,395474,411636,425014,434268,469302,489448
 "06057","Nevada, CA",8,CAGDP2,69,"61","   Educational services ","Thousands of dollars",11850,13185,16792,18996,17470,17937,19875,20709,25427,28416,29649,30854,28762,32937,24934,23905,21587,22827,25060,31564,47117,50442
 "06057","Nevada, CA",8,CAGDP2,70,"62","   Health care and social assistance ","Thousands of dollars",174660,196937,206983,222591,228383,242511,255500,278946,294753,297367,306011,311669,326543,331831,357096,365657,373887,388810,399954,402704,422185,439006
 "06057","Nevada, CA",8,CAGDP2,75,"71,72","  Arts, entertainment, recreation, accommodation, and food services ","Thousands of dollars",146057,169794,172934,155793,151373,150682,148779,150308,150949,179037,186372,188040,201992,222991,234621,251695,262654,270482,323159,276723,377461,409300
 "06057","Nevada, CA",8,CAGDP2,76,"71","   Arts, entertainment, and recreation ","Thousands of dollars",34320,39599,39349,40352,41531,43152,51594,55594,59261,71111,66950,59968,73247,74451,73312,79184,83411,85791,90041,60567,76393,93072
 "06057","Nevada, CA",8,CAGDP2,79,"72","   Accommodation and food services ","Thousands of dollars",111737,130195,133584,115441,109843,107530,97185,94714,91688,107926,119422,128072,128746,148540,161308,172511,179243,184692,233118,216155,301068,316228
 "06057","Nevada, CA",8,CAGDP2,82,"81","  Other services (except government and government enterprises) ","Thousands of dollars",102206,115543,110502,115079,122779,127562,119802,111554,110057,116686,115207,120675,127468,146920,160385,166663,175378,185972,193946,182339,198996,220139
 "06057","Nevada, CA",8,CAGDP2,83,"92","Government and government enterprises ","Thousands of dollars",290646,313405,355514,370073,386002,401992,431252,460793,450750,481453,483734,477741,525103,542185,579528,607897,620744,645714,671421,704981,736953,780179
 "06057","Nevada, CA",8,CAGDP2,87,"11,21","Natural resources and mining ","Thousands of dollars",32133,(D),(D),(D),(D),(D),(D),(D),(D),(D),(D),(D),(D),(D),(D),(D),(D),(D),(D),37160,(D),(D)
 "06057","Nevada, CA",8,CAGDP2,88,"42,44-45","Trade ","Thousands of dollars",364717,384294,386471,(D),398559,(D),388242,345063,322693,328318,334007,352141,(D),(D),(D),(D),(D),(D),(D),(D),(D),(D)
 "06057","Nevada, CA",8,CAGDP2,89,"22,48-49","Transportation and utilities ","Thousands of dollars",46088,(D),(D),(D),(D),(D),(D),(D),(D),(D),(D),(D),(D),(D),(D),(D),(D),(D),(D),(D),(D),(D)
 "06057","Nevada, CA",8,CAGDP2,90,"31-33,51","Manufacturing and information ","Thousands of dollars",196765,199369,210426,216862,252826,261811,282063,272177,266422,262242,276048,293964,273538,270089,276296,289997,304005,323191,291617,266414,289728,319843
 "06057","Nevada, CA",8,CAGDP2,91,"...","Private goods-producing industries 2/","Thousands of dollars",507747,(D),(D),(D),(D),(D),(D),(D),(D),(D),(D),(D),(D),(D),(D),(D),(D),(D),(D),720414,(D),(D)
 "06057","Nevada, CA",8,CAGDP2,92,"...","Private services-providing industries 3/","Thousands of dollars",1704040,(D),(D),(D),(D),(D),(D),(D),(D),(D),(D),(D),(D),(D),(D),(D),(D),(D),(D),3186228,(D),(D)
 "06059","Orange, CA",8,CAGDP2,1,"...","All industry total ","Thousands of dollars",129569807,135403517,145979963,156015934,169089280,180577745,184237297,181056238,173785114,180255917,182787949,193589249,201775559,209015768,222125630,230408425,244438165,256068837,269080278,268778347,294339604,314177082
 "06059","Orange, CA",8,CAGDP2,2,"..."," Private industries ","Thousands of dollars",119326336,124476814,134519122,144208922,156818202,167637648,170281107,166426383,159406008,165854851,168245070,178912447,186399646,192867955,204884174,212185137,226160075,237088404,249724161,248937806,273823766,293254482
 "06059","Orange, CA",8,CAGDP2,3,"11","  Agriculture, forestry, fishing and hunting ","Thousands of dollars",162635,180922,191172,217722,306128,370220,250669,358800,276473,185485,195699,180274,120432,118379,122217,115214,101405,103250,98376,104830,124069,130065
 "06059","Orange, CA",8,CAGDP2,6,"21","  Mining, quarrying, and oil and gas extraction ","Thousands of dollars",95800,100596,110188,145640,186597,241133,262947,323208,245207,248735,294780,303283,281651,324423,195425,175684,229891,177692,146980,120236,150706,184417
 "06059","Orange, CA",8,CAGDP2,10,"22","  Utilities ","Thousands of dollars",822512,849041,796787,551501,715343,861133,795867,685428,606009,684332,818527,829574,881485,923709,970915,909989,1594084,2240420,2131670,2136281,2300947,2240868
 "06059","Orange, CA",8,CAGDP2,11,"23","  Construction ","Thousands of dollars",6919636,7142625,8774138,11577356,13246687,14766994,12458361,8892228,7718229,8626213,6002894,8716350,9602579,9852338,10952004,12151107,12983047,13563501,13801031,13090813,13963670,14652399
 "06059","Orange, CA",8,CAGDP2,12,"31-33","  Manufacturing ","Thousands of dollars",17119149,16351679,17931730,18658078,19920522,21138934,21215876,20893664,20457648,20319394,20665443,21655892,22758602,23487714,24484513,25537774,27805140,29603380,30557876,29827017,31066159,33299906
 "06059","Orange, CA",8,CAGDP2,13,"321,327-339","   Durable goods manufacturing ","Thousands of dollars",12052485,11655526,12752554,13003797,14431410,15217250,15610731,15194544,14839988,14614373,15175564,15802962,16588108,17603958,18397671,19540660,21921447,23452298,24365242,23823838,24827463,26731756
 "06059","Orange, CA",8,CAGDP2,25,"311-316,322-326","   Nondurable goods manufacturing ","Thousands of dollars",5066663,4696153,5179176,5654282,5489113,5921685,5605145,5699121,5617660,5705021,5489880,5852929,6170495,5883756,6086842,5997114,5883693,6151083,6192634,6003179,6238696,6568150
 "06059","Orange, CA",8,CAGDP2,34,"42","  Wholesale trade ","Thousands of dollars",12437238,12482484,13331437,13970414,15051068,16013155,17116282,17332211,15806756,16764881,18101589,17717549,18686051,20352497,22428608,22309059,23580638,24171410,25743000,24829507,26778715,28954851
 "06059","Orange, CA",8,CAGDP2,35,"44-45","  Retail trade ","Thousands of dollars",10586600,11043443,11629806,11938194,12668534,13294213,13056606,11976884,11173584,11382950,11510636,11893590,12884673,13251540,13889501,14128360,14622564,15013726,15937996,15833661,18396716,19745738
 "06059","Orange, CA",8,CAGDP2,36,"48-49","  Transportation and warehousing ","Thousands of dollars",1539012,1553259,1671006,1985764,2107649,2291916,2326826,2366884,2187938,2083747,2020862,2100668,2334509,2299218,2563058,2672206,2813381,3220042,3665079,3772730,4499768,5172109
 "06059","Orange, CA",8,CAGDP2,45,"51","  Information ","Thousands of dollars",5009748,5209398,5369637,6193509,6581446,6736810,7128239,7128492,6251766,6583169,6526417,6239921,7074571,7206803,7958633,8134630,9007426,9147853,10941942,11463814,12443800,13108376
 "06059","Orange, CA",8,CAGDP2,50,"52,53","  Finance, insurance, real estate, rental, and leasing ","Thousands of dollars",29536049,32420460,35844047,38126928,42371233,44407536,45712848,43447249,44304738,47381701,49091803,53882935,55523056,54972226,54833926,56954649,61677453,64158072,66062152,69969681,76249181,79633555
 "06059","Orange, CA",8,CAGDP2,51,"52","   Finance and insurance ","Thousands of dollars",9594443,11075725,13290145,13826115,15001577,15313684,14095066,10729921,14058792,16768809,17091657,18505044,18156923,16029186,16653941,17612935,18279872,17961651,18204754,21093041,23764143,23115223
 "06059","Orange, CA",8,CAGDP2,56,"53","   Real estate and rental and leasing ","Thousands of dollars",19941605,21344735,22553902,24300813,27369656,29093852,31617783,32717329,30245946,30612892,32000146,35377891,37366134,38943040,38179985,39341713,43397581,46196422,47857398,48876639,52485039,56518332
 "06059","Orange, CA",8,CAGDP2,59,"54,55,56","  Professional and business services ","Thousands of dollars",19861148,20643610,21405663,22127970,23721661,25957429,27141452,29280185,26967668,27640218,28518893,29357343,29304172,31592387,35566597,36086807,37376423,39796880,42601587,43994102,48508786,51630530
 "06059","Orange, CA",8,CAGDP2,60,"54","   Professional, scientific, and technical services ","Thousands of dollars",10762132,11264858,11766802,12094951,13254460,14498233,15435732,17417740,15978207,16322795,17221884,17641820,17766259,19245423,22488531,21558805,21610347,22595371,24162320,25254058,27789417,28962628
 "06059","Orange, CA",8,CAGDP2,64,"55","   Management of companies and enterprises ","Thousands of dollars",3368793,3172744,3282567,3214305,3225221,3540975,3209105,3207787,3037352,2996020,3011778,3187483,3596622,4009243,4228021,4535686,4878378,5587520,6074827,6465516,7020484,7458656
 "06059","Orange, CA",8,CAGDP2,65,"56","   Administrative and support and waste management and remediation services ","Thousands of dollars",5730222,6206008,6356293,6818713,7241980,7918222,8496615,8654658,7952109,8321403,8285231,8528040,7941291,8337721,8850045,9992315,10887698,11613989,12364439,12274527,13698885,15209245
 "06059","Orange, CA",8,CAGDP2,68,"61,62","  Educational services, health care, and social assistance ","Thousands of dollars",6708703,7354543,7993323,8704904,9092268,9732216,10202019,11314986,12012457,12493111,13097920,13456611,13880810,14376126,15432776,16428497,17165717,18092204,19086876,19466257,21343532,22798631
 "06059","Orange, CA",8,CAGDP2,69,"61","   Educational services ","Thousands of dollars",752385,795791,983934,1076339,1102961,1188639,1216281,1395595,1571306,1647107,1693771,1695331,1749118,1841021,1882338,2026389,2093169,2332577,2519623,2328994,2656284,2922186
 "06059","Orange, CA",8,CAGDP2,70,"62","   Health care and social assistance ","Thousands of dollars",5956317,6558752,7009389,7628565,7989307,8543577,8985738,9919391,10441152,10846004,11404149,11761280,12131692,12535105,13550437,14402108,15072549,15759627,16567253,17137263,18687248,19876445
 "06059","Orange, CA",8,CAGDP2,75,"71,72","  Arts, entertainment, recreation, accommodation, and food services ","Thousands of dollars",5375520,5751237,6111355,6385872,6936319,7717855,8550290,8611854,7823784,7792050,7667510,8629585,9015284,9714869,10832755,11721180,12289690,12532946,13455618,9888627,13358113,16458340
 "06059","Orange, CA",8,CAGDP2,76,"71","   Arts, entertainment, and recreation ","Thousands of dollars",1714174,1804325,1925108,1850266,2084551,2346578,2938479,2942611,2667608,2498584,2181570,2389102,2565051,2681440,2889905,3229938,3540273,3564895,4031277,2655729,4045869,5420796
 "06059","Orange, CA",8,CAGDP2,79,"72","   Accommodation and food services ","Thousands of dollars",3661346,3946911,4186247,4535606,4851768,5371277,5611811,5669242,5156176,5293466,5485940,6240483,6450233,7033428,7942849,8491242,8749417,8968051,9424341,7232898,9312244,11037545
 "06059","Orange, CA",8,CAGDP2,82,"81","  Other services (except government and government enterprises) ","Thousands of dollars",3152587,3393517,3358833,3625070,3912748,4108103,4062825,3814310,3573749,3668864,3732096,3948873,4051770,4395725,4653247,4859982,4913216,5267025,5493978,4440249,4639603,5244696
 "06059","Orange, CA",8,CAGDP2,83,"92","Government and government enterprises ","Thousands of dollars",10243471,10926703,11460841,11807012,12271078,12940098,13956191,14629855,14379107,14401066,14542879,14676802,15375913,16147813,17241456,18223288,18278090,18980433,19356117,19840541,20515838,20922600
 "06059","Orange, CA",8,CAGDP2,87,"11,21","Natural resources and mining ","Thousands of dollars",258435,281519,301360,363362,492725,611353,513616,682008,521680,434220,490479,483557,402084,442802,317642,290898,331295,280942,245356,225066,274775,314481
 "06059","Orange, CA",8,CAGDP2,88,"42,44-45","Trade ","Thousands of dollars",23023838,23525926,24961244,25908608,27719601,29307367,30172888,29309096,26980340,28147831,29612225,29611139,31570723,33604037,36318109,36437419,38203203,39185137,41680996,40663168,45175431,48700589
 "06059","Orange, CA",8,CAGDP2,89,"22,48-49","Transportation and utilities ","Thousands of dollars",2361524,2402300,2467793,2537265,2822993,3153050,3122693,3052311,2793947,2768079,2839389,2930242,3215995,3222927,3533973,3582195,4407464,5460462,5796749,5909012,6800715,7412978
 "06059","Orange, CA",8,CAGDP2,90,"31-33,51","Manufacturing and information ","Thousands of dollars",22128897,21561078,23301367,24851587,26501968,27875745,28344115,28022156,26709413,26902563,27191860,27895812,29833173,30694517,32443146,33672404,36812566,38751233,41499819,41290831,43509959,46408282
 "06059","Orange, CA",8,CAGDP2,91,"...","Private goods-producing industries 2/","Thousands of dollars",24297220,23775822,27007228,30598797,33659934,36517281,34187853,30467900,28697557,29379827,27158817,30855799,32763265,33782855,35754159,37979779,41119482,43447824,44604263,43142896,45304605,48266787
 "06059","Orange, CA",8,CAGDP2,92,"...","Private services-providing industries 3/","Thousands of dollars",95029116,100700992,107511895,113610126,123158268,131120367,136093254,135958483,130708450,136475024,141086253,148056649,153636382,159085100,169130015,174205358,185040593,193640580,205119898,205794910,228519162,244987695
 "06061","Placer, CA",8,CAGDP2,1,"...","All industry total ","Thousands of dollars",10122178,10927626,12012820,12919605,14071113,14741849,14913127,14742777,14530731,14994018,15464935,16551947,17477157,18314419,19869268,21017401,21945008,23846050,24998577,25586330,29002570,31402694
 "06061","Placer, CA",8,CAGDP2,2,"..."," Private industries ","Thousands of dollars",9231830,9984269,10981324,11794107,12868370,13413262,13438270,13224293,13041010,13529248,13974803,15000234,15864859,16593359,18022559,19046833,19927370,21707862,22811416,23375552,26663368,28970647
 "06061","Placer, CA",8,CAGDP2,3,"11","  Agriculture, forestry, fishing and hunting ","Thousands of dollars",17450,15281,31768,28502,26267,14784,6279,15234,43896,17467,19850,17457,13449,(D),(D),14704,24225,26948,16034,19620,24570,37815
 "06061","Placer, CA",8,CAGDP2,6,"21","  Mining, quarrying, and oil and gas extraction ","Thousands of dollars",12242,11007,13216,15369,14528,17431,8742,6101,2268,1905,2345,2952,4636,9119,11131,14980,18597,22316,20444,21076,(D),36615
 "06061","Placer, CA",8,CAGDP2,10,"22","  Utilities ","Thousands of dollars",100584,179656,221896,208943,228397,295566,210635,280950,359838,361639,376698,346290,343847,326909,331257,445440,470644,421758,522855,442789,466559,519068
 "06061","Placer, CA",8,CAGDP2,11,"23","  Construction ","Thousands of dollars",1110916,1197480,1451960,1599782,1700269,1563962,1324587,997446,875243,897834,776767,893031,1088687,1235975,1526558,1776450,1959639,2070221,2353484,2526288,2914838,2953312
 "06061","Placer, CA",8,CAGDP2,12,"31-33","  Manufacturing ","Thousands of dollars",1519216,1432033,1455666,1464245,1614518,1577887,1628311,1603491,1513179,1324736,1340187,1453679,1352439,1360335,1536559,1451091,1052344,888231,893490,853047,1004440,1136016
 "06061","Placer, CA",8,CAGDP2,13,"321,327-339","   Durable goods manufacturing ","Thousands of dollars",1417611,1345994,1349447,1373802,1500776,1426385,1497291,(D),1432630,1236437,1253306,1354123,1214022,1096162,1096214,1046695,912854,715008,712679,685455,799975,907193
 "06061","Placer, CA",8,CAGDP2,25,"311-316,322-326","   Nondurable goods manufacturing ","Thousands of dollars",101606,86039,106219,90442,113742,151502,131019,(D),80550,88298,86881,99556,138417,264173,440346,404396,139490,173223,180811,167592,204465,228822
 "06061","Placer, CA",8,CAGDP2,34,"42","  Wholesale trade ","Thousands of dollars",307716,328418,359988,401384,468800,548655,568868,571346,541086,618232,699509,757816,730837,733430,788488,792502,830979,936733,1023932,923717,887797,905112
 "06061","Placer, CA",8,CAGDP2,35,"44-45","  Retail trade ","Thousands of dollars",1122499,1227440,1357525,1482089,1534264,1603451,1572228,1462760,1389418,1432923,1479376,1511534,1599595,1640249,1752001,1839966,1981547,2050409,2169999,2199922,2532931,2709488
 "06061","Placer, CA",8,CAGDP2,36,"48-49","  Transportation and warehousing ","Thousands of dollars",228560,217520,209289,227404,256957,286442,278856,261832,257988,267193,267442,282628,288310,(D),(D),345759,341532,364328,393021,(D),(D),529633
 "06061","Placer, CA",8,CAGDP2,45,"51","  Information ","Thousands of dollars",280013,299412,315512,389278,408157,436908,471966,454573,441230,492134,520878,582008,591947,579846,652987,597652,597159,644282,680175,(D),641054,678952
 "06061","Placer, CA",8,CAGDP2,50,"52,53","  Finance, insurance, real estate, rental, and leasing ","Thousands of dollars",2132727,2496415,2785220,2985325,3428227,3664259,3746829,3694552,3780781,3954469,4086257,4443847,4828885,4944025,5128758,5370573,5778321,6944079,6853500,7486089,8413600,9374154
 "06061","Placer, CA",8,CAGDP2,51,"52","   Finance and insurance ","Thousands of dollars",453837,612707,785765,782787,896665,1086061,1006598,890250,1022591,1009979,1068278,1283186,1376239,1513904,1636130,1640630,1551224,1556699,1533669,1783954,1884461,1743359
 "06061","Placer, CA",8,CAGDP2,56,"53","   Real estate and rental and leasing ","Thousands of dollars",1678890,1883708,1999455,2202539,2531561,2578198,2740231,2804302,2758190,2944490,3017979,3160661,3452646,3430121,3492627,3729943,4227098,5387381,5319831,5702136,6529139,7630795
 "06061","Placer, CA",8,CAGDP2,59,"54,55,56","  Professional and business services ","Thousands of dollars",980451,993784,1106698,1166093,1239252,1342459,1381566,1526941,1377902,1462727,1534568,1628665,1702482,1924414,2115348,2264859,2436287,2652738,2853421,2979459,3544405,3795134
 "06061","Placer, CA",8,CAGDP2,60,"54","   Professional, scientific, and technical services ","Thousands of dollars",490243,554322,615270,674489,772617,852508,879705,978004,875837,913402,973499,1019674,1052519,1103481,1168058,1260433,1317227,1406756,1505815,1541013,1851969,1945913
 "06061","Placer, CA",8,CAGDP2,64,"55","   Management of companies and enterprises ","Thousands of dollars",183680,143541,160122,122779,95200,97501,92619,110904,113710,134790,142132,166002,191558,217668,218383,217166,253816,273045,318423,331009,366686,396544
 "06061","Placer, CA",8,CAGDP2,65,"56","   Administrative and support and waste management and remediation services ","Thousands of dollars",306529,295921,331306,368825,371436,392450,409241,438033,388354,414535,418937,442989,458406,603266,728907,787260,865243,972937,1029184,1107436,1325750,1452677
 "06061","Placer, CA",8,CAGDP2,68,"61,62","  Educational services, health care, and social assistance ","Thousands of dollars",598587,710881,776016,875151,932745,1005358,1187294,1335718,1464159,1670001,1821229,1916661,2050718,2151569,2335124,2538604,2709808,2897624,3142566,3275061,3581542,3769989
 "06061","Placer, CA",8,CAGDP2,69,"61","   Educational services ","Thousands of dollars",63007,75352,84334,87049,84180,84584,88520,98534,100720,116132,123909,120967,102869,110682,105000,108801,111439,123022,137863,121312,135854,145617
 "06061","Placer, CA",8,CAGDP2,70,"62","   Health care and social assistance ","Thousands of dollars",535579,635528,691683,788102,848565,920773,1098774,1237184,1363440,1553869,1697321,1795695,1947848,2040887,2230125,2429803,2598369,2774602,3004704,3153749,3445688,3624372
 "06061","Placer, CA",8,CAGDP2,75,"71,72","  Arts, entertainment, recreation, accommodation, and food services ","Thousands of dollars",479950,512869,573958,609337,631894,666160,671927,650147,621711,647657,670394,770260,849496,923938,1011761,1116274,1215658,1279630,1382652,1133633,1571236,1897663
 "06061","Placer, CA",8,CAGDP2,76,"71","   Arts, entertainment, and recreation ","Thousands of dollars",81057,87874,105463,119554,133235,133664,131959,142781,134944,151695,149711,197550,216415,224368,224277,232129,267849,273163,308465,253709,399038,543847
 "06061","Placer, CA",8,CAGDP2,79,"72","   Accommodation and food services ","Thousands of dollars",398892,424995,468494,489783,498659,532496,539967,507366,486767,495961,520682,572710,633082,699570,787484,884145,947809,1006468,1074188,879924,1172198,1353816
 "06061","Placer, CA",8,CAGDP2,82,"81","  Other services (except government and government enterprises) ","Thousands of dollars",340919,362075,322611,341206,384095,389939,380183,363201,372311,380331,379304,393406,419531,448852,477711,477981,510630,508564,505842,(D),557477,627697
 "06061","Placer, CA",8,CAGDP2,83,"92","Government and government enterprises ","Thousands of dollars",890348,943357,1031496,1125498,1202744,1328587,1474858,1518484,1489722,1464769,1490132,1551714,1612297,1721059,1846708,1970568,2017638,2138188,2187161,2210777,2339202,2432047
 "06061","Placer, CA",8,CAGDP2,87,"11,21","Natural resources and mining ","Thousands of dollars",29692,26288,44984,43870,40796,32215,15021,21335,46164,19373,22195,20409,18085,(D),(D),29683,42821,49264,36478,40697,(D),74430
 "06061","Placer, CA",8,CAGDP2,88,"42,44-45","Trade ","Thousands of dollars",1430215,1555858,1717513,1883473,2003064,2152106,2141096,2034107,1930504,2051154,2178885,2269350,2330433,2373679,2540489,2632468,2812526,2987142,3193931,3123639,3420728,3614600
 "06061","Placer, CA",8,CAGDP2,89,"22,48-49","Transportation and utilities ","Thousands of dollars",329144,397175,431186,436346,485354,582008,489490,542782,617826,628833,644140,628919,632157,(D),(D),791199,812176,786085,915876,(D),(D),1048701
 "06061","Placer, CA",8,CAGDP2,90,"31-33,51","Manufacturing and information ","Thousands of dollars",1799229,1731444,1771178,1853523,2022675,2014794,2100277,2058064,1954409,1816870,1861065,2035687,1944386,1940181,2189547,2048743,1649503,1532513,1573664,(D),1645493,1814967
 "06061","Placer, CA",8,CAGDP2,91,"...","Private goods-producing industries 2/","Thousands of dollars",2659825,2655800,2952610,3107897,3355582,3174065,2967918,2622272,2434587,2241943,2139149,2367118,2459211,(D),(D),3257225,3054804,3007716,3283452,3420032,(D),4163758
 "06061","Placer, CA",8,CAGDP2,92,"...","Private services-providing industries 3/","Thousands of dollars",6572005,7328469,8028713,8686210,9512787,10239198,10470351,10602022,10606423,11287305,11835655,12633115,13405649,(D),(D),15789608,16872566,18700145,19527964,19955521,(D),24806890
 "06063","Plumas, CA",8,CAGDP2,1,"...","All industry total ","Thousands of dollars",626414,710978,810909,820225,833667,965827,846721,886636,897999,946999,1004384,801987,860511,825005,823898,897907,1006184,949496,1077715,961689,959075,1121249
 "06063","Plumas, CA",8,CAGDP2,2,"..."," Private industries ","Thousands of dollars",494707,572760,660808,662923,666669,794552,676518,699985,717600,757971,811482,606425,662378,620654,608677,681217,782035,714750,836187,718510,706868,861866
 "06063","Plumas, CA",8,CAGDP2,3,"11","  Agriculture, forestry, fishing and hunting ","Thousands of dollars",16887,8981,12073,15639,17038,22558,18768,16762,8173,8315,7457,11981,8379,11149,8484,3985,4772,4626,5547,6663,9360,12243
 "06063","Plumas, CA",8,CAGDP2,6,"21","  Mining, quarrying, and oil and gas extraction ","Thousands of dollars",1748,600,1028,1376,980,1353,1129,790,1397,556,458,434,351,452,423,438,509,168,13,0,0,0
 "06063","Plumas, CA",8,CAGDP2,10,"22","  Utilities ","Thousands of dollars",85750,135455,201349,185735,170916,285535,152955,134007,153969,198486,267192,170262,207623,152837,137316,193450,292014,185746,301313,198692,129502,239463
 "06063","Plumas, CA",8,CAGDP2,11,"23","  Construction ","Thousands of dollars",42184,49994,52573,58919,61069,65027,66363,56093,57078,60879,47465,38654,39281,40042,41663,43595,44645,53135,59801,53442,50805,57265
 "06063","Plumas, CA",8,CAGDP2,12,"31-33","  Manufacturing ","Thousands of dollars",40620,38608,44793,48038,52747,46705,48035,87204,67642,62606,58930,49197,55647,54634,52721,55697,60020,60421,56909,56024,74346,77650
 "06063","Plumas, CA",8,CAGDP2,13,"321,327-339","   Durable goods manufacturing ","Thousands of dollars",(D),(D),43785,46996,(D),(D),(D),(D),(D),(D),(D),(D),51753,50233,48156,51434,54874,54294,52209,53175,69271,70595
 "06063","Plumas, CA",8,CAGDP2,25,"311-316,322-326","   Nondurable goods manufacturing ","Thousands of dollars",(D),(D),1009,1042,(D),(D),(D),(D),(D),(D),(D),(D),3895,4401,4566,4263,5146,6127,4700,2849,5075,7055
 "06063","Plumas, CA",8,CAGDP2,34,"42","  Wholesale trade ","Thousands of dollars",5971,6176,6029,6933,7672,7763,8414,8046,7356,6502,6283,7220,9221,9393,9726,9245,8691,8134,7966,8737,8824,7933
 "06063","Plumas, CA",8,CAGDP2,35,"44-45","  Retail trade ","Thousands of dollars",55585,57468,54039,50887,51735,52645,46354,41105,40725,41923,39652,40132,42206,40348,42093,43727,46343,50820,56182,58356,59889,63742
 "06063","Plumas, CA",8,CAGDP2,36,"48-49","  Transportation and warehousing ","Thousands of dollars",19687,19426,19939,20749,21720,21112,21074,19570,16499,15158,14306,13583,14940,15126,17098,15882,21280,22459,22011,23975,27108,31398
 "06063","Plumas, CA",8,CAGDP2,45,"51","  Information ","Thousands of dollars",6015,6202,6800,8245,8355,8627,8895,9166,(D),10816,10527,9041,7976,8003,8083,7520,8385,7589,8196,7133,8045,8270
 "06063","Plumas, CA",8,CAGDP2,50,"52,53","  Finance, insurance, real estate, rental, and leasing ","Thousands of dollars",136710,156842,165604,161590,175304,179503,192886,213801,244522,236685,244769,147667,158656,165403,172364,180426,159682,178389,166704,173351,191946,208851
 "06063","Plumas, CA",8,CAGDP2,51,"52","   Finance and insurance ","Thousands of dollars",14373,18612,20385,15961,15056,17695,17309,16187,20831,19110,19434,18504,16274,17656,17803,17834,16971,17616,17745,17735,22752,24463
 "06063","Plumas, CA",8,CAGDP2,56,"53","   Real estate and rental and leasing ","Thousands of dollars",122338,138231,145219,145629,160248,161807,175578,197614,223690,217575,225335,129163,142383,147748,154562,162592,142711,160773,148959,155617,169194,184388
 "06063","Plumas, CA",8,CAGDP2,59,"54,55,56","  Professional and business services ","Thousands of dollars",23455,25005,25889,27841,29105,32004,34454,33603,(D),29438,29088,29705,27085,29008,32734,35680,36494,37880,39372,40536,40585,41891
 "06063","Plumas, CA",8,CAGDP2,60,"54","   Professional, scientific, and technical services ","Thousands of dollars",13489,14412,14224,14291,15842,17508,18236,(D),14923,14619,16140,15565,(D),14983,17394,18957,18870,20288,21593,21525,22782,(D)
 "06063","Plumas, CA",8,CAGDP2,64,"55","   Management of companies and enterprises ","Thousands of dollars",(D),(D),(D),(D),(D),(D),(D),(D),(D),(D),(D),(D),(D),(D),(D),(D),(D),(D),(D),(D),(D),(D)
 "06063","Plumas, CA",8,CAGDP2,65,"56","   Administrative and support and waste management and remediation services ","Thousands of dollars",(D),(D),(D),(D),(D),(D),(D),11717,(D),(D),(D),(D),10265,(D),(D),(D),(D),(D),(D),(D),(D),16711
 "06063","Plumas, CA",8,CAGDP2,68,"61,62","  Educational services, health care, and social assistance ","Thousands of dollars",20742,22887,24618,27114,27951,29594,30577,31502,32862,35475,36613,35968,40653,43628,32535,31195,31162,32170,33345,32417,36230,36655
 "06063","Plumas, CA",8,CAGDP2,69,"61","   Educational services ","Thousands of dollars",(D),(D),1522,2028,2074,2592,2887,2913,3183,3383,4549,5481,6327,6312,3983,2041,2157,2017,2355,1827,2397,2436
 "06063","Plumas, CA",8,CAGDP2,70,"62","   Health care and social assistance ","Thousands of dollars",(D),(D),23096,25085,25877,27002,27690,28589,29679,32092,32064,30487,34326,37316,28551,29154,29005,30153,30990,30590,33833,34220
 "06063","Plumas, CA",8,CAGDP2,75,"71,72","  Arts, entertainment, recreation, accommodation, and food services ","Thousands of dollars",24763,28663,28953,34381,26961,27265,29762,31713,32488,34247,33561,38316,36796,36726,38743,44501,49281,52435,54970,35878,44145,48829
 "06063","Plumas, CA",8,CAGDP2,76,"71","   Arts, entertainment, and recreation ","Thousands of dollars",8131,9208,7685,9050,10260,11509,13355,15206,15587,17108,14422,12919,11376,11976,11720,12083,10081,10680,12858,11056,13269,15418
 "06063","Plumas, CA",8,CAGDP2,79,"72","   Accommodation and food services ","Thousands of dollars",16632,19455,21268,25331,16701,15757,16407,16507,16901,17138,19139,25397,25420,24750,27024,32418,39200,41755,42112,24822,30876,33411
 "06063","Plumas, CA",8,CAGDP2,82,"81","  Other services (except government and government enterprises) ","Thousands of dollars",14591,16452,17121,15476,15116,14861,16853,16624,17009,16885,15181,14263,13561,13904,14694,15876,18758,20781,23857,23305,26081,27674
 "06063","Plumas, CA",8,CAGDP2,83,"92","Government and government enterprises ","Thousands of dollars",131707,138218,150101,157302,166998,171275,170202,186652,180399,189028,192903,195563,198133,204351,215221,216690,224148,234746,241529,243179,252207,259384
 "06063","Plumas, CA",8,CAGDP2,87,"11,21","Natural resources and mining ","Thousands of dollars",18635,9581,13102,17014,18018,23911,19897,17552,9570,8872,7915,12416,8730,11601,8907,4423,5282,4793,5560,6663,9360,12243
 "06063","Plumas, CA",8,CAGDP2,88,"42,44-45","Trade ","Thousands of dollars",61555,63644,60068,57820,59407,60408,54768,49151,48081,48426,45935,47353,51428,49741,51819,52972,55034,58954,64148,67093,68714,71676
 "06063","Plumas, CA",8,CAGDP2,89,"22,48-49","Transportation and utilities ","Thousands of dollars",105436,154882,221288,206484,192636,306647,174029,153576,170468,213644,281498,183844,222564,167963,154414,209333,313293,208205,323324,222667,156611,270861
 "06063","Plumas, CA",8,CAGDP2,90,"31-33,51","Manufacturing and information ","Thousands of dollars",46635,44810,51593,56283,61101,55332,56930,96370,(D),73421,69457,58238,63624,62637,60804,63217,68405,68010,65105,63157,82391,85920
 "06063","Plumas, CA",8,CAGDP2,91,"...","Private goods-producing industries 2/","Thousands of dollars",101439,98183,110468,123971,131834,135643,134294,160849,134291,132356,114309,100267,103658,106277,103291,103715,109947,118349,122269,116129,134511,147158
 "06063","Plumas, CA",8,CAGDP2,92,"...","Private services-providing industries 3/","Thousands of dollars",393269,474577,550340,538951,534834,658909,542224,539136,583309,625615,697173,506158,558719,514377,505386,577501,672088,596401,713918,602381,572357,714708
 "06065","Riverside, CA",8,CAGDP2,1,"...","All industry total ","Thousands of dollars",36513666,39735541,43395913,48189198,53410789,58012693,60581891,59975055,58250985,60203075,62556645,63918932,68360839,71927082,77365817,80522072,84070198,89364658,95064950,95796528,106367609,115363850
 "06065","Riverside, CA",8,CAGDP2,2,"..."," Private industries ","Thousands of dollars",30543439,33296067,36455874,40763523,45249598,49152615,50758632,49496005,47940496,49877718,52108735,53347721,57126247,59926351,64483173,66788186,70203215,74716809,79919164,80765040,90749609,98921793
 "06065","Riverside, CA",8,CAGDP2,3,"11","  Agriculture, forestry, fishing and hunting ","Thousands of dollars",885945,734331,769023,826798,849991,814193,938458,890147,608481,727593,995077,866970,925574,971792,976607,897464,898706,899409,905418,916806,996850,1090443
 "06065","Riverside, CA",8,CAGDP2,6,"21","  Mining, quarrying, and oil and gas extraction ","Thousands of dollars",77167,85741,84729,84555,108128,158009,166860,126918,133076,97320,92250,93948,66901,71015,61278,70779,104787,145243,142358,179545,196880,216371
 "06065","Riverside, CA",8,CAGDP2,10,"22","  Utilities ","Thousands of dollars",183712,294575,290540,409346,418829,517439,539026,505826,664487,922212,915133,1013365,897760,1159898,1055777,1049101,1215982,1340411,1201071,1413955,1739757,1972847
 "06065","Riverside, CA",8,CAGDP2,11,"23","  Construction ","Thousands of dollars",3103687,3295296,3907961,4912767,6008525,6330378,6010390,4467504,3411020,2933763,3281891,3384663,4183837,4719546,5426776,6275688,6786050,7433596,7842058,8048899,8880224,9601713
 "06065","Riverside, CA",8,CAGDP2,12,"31-33","  Manufacturing ","Thousands of dollars",4034593,4058960,4373574,4727846,5071040,5424035,5126268,4779405,4640294,4895790,5388289,6284669,6461835,6227036,6134921,6027298,5874755,6143022,6297831,6264160,6602528,7134560
 "06065","Riverside, CA",8,CAGDP2,13,"321,327-339","   Durable goods manufacturing ","Thousands of dollars",2868571,2938402,3152458,3321619,3604991,3773354,3480132,3163512,3056041,3226342,3511350,3610632,3571133,3587906,3586723,3721026,3758161,3934173,4051220,4037995,4298691,4634629
 "06065","Riverside, CA",8,CAGDP2,25,"311-316,322-326","   Nondurable goods manufacturing ","Thousands of dollars",1166022,1120557,1221116,1406228,1466049,1650682,1646136,1615892,1584254,1669448,1876939,2674037,2890701,2639130,2548198,2306271,2116594,2208849,2246612,2226165,2303837,2499931
 "06065","Riverside, CA",8,CAGDP2,34,"42","  Wholesale trade ","Thousands of dollars",1749043,1884558,2035208,2157480,2423378,2749940,2891235,2796772,2487807,2698895,2979178,3043280,3636253,4051153,5651521,4996185,5794217,6176291,7236090,7321176,8145764,8781174
 "06065","Riverside, CA",8,CAGDP2,35,"44-45","  Retail trade ","Thousands of dollars",3739862,4047715,4423831,4935643,5357060,5645895,5616816,5519973,5814410,6393009,6434721,6354319,6816193,6752802,7142105,7348078,7839540,8066259,8688844,8802176,10206972,11099236
 "06065","Riverside, CA",8,CAGDP2,36,"48-49","  Transportation and warehousing ","Thousands of dollars",812888,803244,893392,1065981,1251848,1492939,1642711,1688415,1604271,1709872,1828224,1783016,1932969,2230879,2668202,2911943,3257755,3561916,3976817,4723587,6046835,6892477
 "06065","Riverside, CA",8,CAGDP2,45,"51","  Information ","Thousands of dollars",526609,627110,685273,799110,907427,968145,1102857,1100749,995320,1271177,1284971,1172614,1324214,1314995,1389322,1356445,1288750,1309737,1411165,1298304,1455742,1562799
 "06065","Riverside, CA",8,CAGDP2,50,"52,53","  Finance, insurance, real estate, rental, and leasing ","Thousands of dollars",7428082,8509728,9373629,10037501,11396029,12532149,13659972,14481008,14762125,15293311,15194583,14884933,15909028,16247761,16547468,17017801,17316201,18527375,19627558,19880195,21510732,23083199
 "06065","Riverside, CA",8,CAGDP2,51,"52","   Finance and insurance ","Thousands of dollars",915022,1145615,1398171,1268481,1350489,1644984,1594414,1452329,1565375,1565433,1725447,1800841,1849955,2007249,2118022,2090122,2093623,2163997,2127138,2289603,2605026,2727206
 "06065","Riverside, CA",8,CAGDP2,56,"53","   Real estate and rental and leasing ","Thousands of dollars",6513060,7364113,7975458,8769020,10045540,10887164,12065558,13028679,13196749,13727878,13469136,13084091,14059073,14240512,14429447,14927679,15222578,16363378,17500420,17590592,18905706,20355992
 "06065","Riverside, CA",8,CAGDP2,59,"54,55,56","  Professional and business services ","Thousands of dollars",2527430,2825044,3164809,3622231,4006354,4421084,4740089,4638448,4281751,4143842,4445022,4529860,4569657,4900938,5148494,5554760,5837439,6204326,6720236,6904429,7825929,8346122
 "06065","Riverside, CA",8,CAGDP2,60,"54","   Professional, scientific, and technical services ","Thousands of dollars",1212410,1373107,1462085,1679111,1901969,2189086,2358816,2310833,2094525,1870632,1918055,1954652,1993835,2164633,2304936,2367932,2546905,2756489,2930170,3025193,3394761,3567923
 "06065","Riverside, CA",8,CAGDP2,64,"55","   Management of companies and enterprises ","Thousands of dollars",222100,255216,261764,314387,333682,259384,235657,248287,215800,219398,287655,306601,337288,344928,330674,319891,282173,297115,391107,419345,524150,550622
 "06065","Riverside, CA",8,CAGDP2,65,"56","   Administrative and support and waste management and remediation services ","Thousands of dollars",1092920,1196721,1440961,1628733,1770704,1972614,2145617,2079329,1971426,2053812,2239312,2268607,2238533,2391378,2512883,2866937,3008362,3150723,3398959,3459890,3907018,4227577
 "06065","Riverside, CA",8,CAGDP2,68,"61,62","  Educational services, health care, and social assistance ","Thousands of dollars",2265137,2561424,2760973,2997658,3181846,3445297,3574409,3906116,4136987,4291613,4561069,4914983,5187806,5462247,5972747,6455017,6832841,7323386,7873386,8368550,8978259,9673750
 "06065","Riverside, CA",8,CAGDP2,69,"61","   Educational services ","Thousands of dollars",138855,146962,175135,205244,213608,256487,294646,319795,332879,357202,372045,389510,373113,403100,437164,471310,486372,521014,566392,544741,606917,682861
 "06065","Riverside, CA",8,CAGDP2,70,"62","   Health care and social assistance ","Thousands of dollars",2126282,2414461,2585838,2792414,2968238,3188811,3279763,3586322,3804108,3934411,4189025,4525472,4814693,5059146,5535582,5983707,6346469,6802372,7306993,7823809,8371342,8990889
 "06065","Riverside, CA",8,CAGDP2,75,"71,72","  Arts, entertainment, recreation, accommodation, and food services ","Thousands of dollars",1877268,2077759,2205469,2573256,2529200,2758388,2832255,2852195,2678582,2725123,2880492,3105963,3211172,3555469,3878942,4255187,4515563,4751834,5060481,3983360,5299343,6265750
 "06065","Riverside, CA",8,CAGDP2,76,"71","   Arts, entertainment, and recreation ","Thousands of dollars",405539,451286,425641,428315,467319,548888,520273,527181,499702,549898,564713,602578,655634,727268,718086,803878,844714,906830,924477,651486,943852,1147836
 "06065","Riverside, CA",8,CAGDP2,79,"72","   Accommodation and food services ","Thousands of dollars",1471729,1626473,1779828,2144941,2061881,2209500,2311982,2325013,2178880,2175225,2315779,2503385,2555538,2828201,3160856,3451309,3670849,3845004,4136004,3331874,4355491,5117914
 "06065","Riverside, CA",8,CAGDP2,82,"81","  Other services (except government and government enterprises) ","Thousands of dollars",1332018,1490583,1487463,1613350,1739944,1894725,1917286,1742528,1721886,1774198,1827832,1915138,2003048,2260820,2429012,2572439,2640630,2834004,2935850,2659899,2863793,3201351
 "06065","Riverside, CA",8,CAGDP2,83,"92","Government and government enterprises ","Thousands of dollars",5970227,6439474,6940039,7425675,8161191,8860077,9823258,10479050,10310488,10325357,10447911,10571211,11234591,12000731,12882643,13733887,13866983,14647848,15145786,15031488,15617999,16442057
 "06065","Riverside, CA",8,CAGDP2,87,"11,21","Natural resources and mining ","Thousands of dollars",963112,820071,853753,911354,958119,972201,1105318,1017065,741557,824913,1087328,960919,992475,1042807,1037885,968243,1003493,1044651,1047777,1096351,1193730,1306814
 "06065","Riverside, CA",8,CAGDP2,88,"42,44-45","Trade ","Thousands of dollars",5488905,5932273,6459039,7093123,7780438,8395835,8508051,8316745,8302217,9091904,9413899,9397600,10452446,10803955,12793626,12344264,13633757,14242550,15924933,16123352,18352736,19880411
 "06065","Riverside, CA",8,CAGDP2,89,"22,48-49","Transportation and utilities ","Thousands of dollars",996600,1097819,1183932,1475327,1670677,2010378,2181737,2194241,2268758,2632083,2743357,2796381,2830729,3390777,3723980,3961044,4473737,4902328,5177888,6137542,7786592,8865325
 "06065","Riverside, CA",8,CAGDP2,90,"31-33,51","Manufacturing and information ","Thousands of dollars",4561202,4686070,5058847,5526957,5978467,6392181,6229125,5880154,5635615,6166967,6673260,7457282,7786049,7542031,7524243,7383743,7163506,7452759,7708997,7562464,8058271,8697359
 "06065","Riverside, CA",8,CAGDP2,91,"...","Private goods-producing industries 2/","Thousands of dollars",8101392,8174327,9135288,10551968,12037684,12726615,12241976,10263975,8792871,8654466,9757508,10630250,11638147,11989389,12599582,13271229,13664298,14621270,15187666,15409410,16676482,18043086
 "06065","Riverside, CA",8,CAGDP2,92,"...","Private services-providing industries 3/","Thousands of dollars",22442048,25121740,27320586,30211555,33211915,36426000,38516657,39232030,39147625,41223252,42351227,42717471,45488100,47936962,51883591,53516957,56538918,60095539,64731498,65355630,74073127,80878707
 "06067","Sacramento, CA",8,CAGDP2,1,"...","All industry total ","Thousands of dollars",48300579,50647226,53803084,56946086,61630820,65450281,68150818,68658001,66590796,65473691,67794894,69694943,73402041,76776777,81420134,83132119,86961022,92385700,98202674,98951689,108188143,116260531
 "06067","Sacramento, CA",8,CAGDP2,2,"..."," Private industries ","Thousands of dollars",34906466,36727655,39340152,41903284,45888435,48727295,50042735,49212213,47521612,46514544,47797304,49809925,52291048,54404215,58126143,60074033,63786747,68231891,72933638,72906577,80716283,87208857
 "06067","Sacramento, CA",8,CAGDP2,3,"11","  Agriculture, forestry, fishing and hunting ","Thousands of dollars",98680,45488,104752,184762,218643,113930,227392,206493,254382,195676,177919,216794,224803,271570,261225,289358,314780,340994,292045,(D),356472,367348
 "06067","Sacramento, CA",8,CAGDP2,6,"21","  Mining, quarrying, and oil and gas extraction ","Thousands of dollars",71567,72636,108575,92131,116277,161024,194216,180021,98277,73649,55630,50686,51104,60520,43062,45590,62750,66441,58785,85830,97606,11722
 "06067","Sacramento, CA",8,CAGDP2,10,"22","  Utilities ","Thousands of dollars",233435,345849,335088,346857,337882,555083,660190,683319,721914,774817,746553,761246,852047,878066,930089,1135685,1038360,1111722,1045964,(D),1410772,1247938
 "06067","Sacramento, CA",8,CAGDP2,11,"23","  Construction ","Thousands of dollars",2427253,2609423,2918787,3413907,3896025,3862894,3842865,3145817,2613401,2002612,2001825,2132202,2646514,2949892,3527056,3970111,4434332,5011254,5976688,6046301,6725853,6771347
 "06067","Sacramento, CA",8,CAGDP2,12,"31-33","  Manufacturing ","Thousands of dollars",3390068,3083472,3285105,3232180,4087415,4378235,4013513,3815976,3696551,3257985,3620816,3932838,3770671,3546574,3607104,3180747,3129188,3378413,3544655,3536783,3849991,4135879
 "06067","Sacramento, CA",8,CAGDP2,13,"321,327-339","   Durable goods manufacturing ","Thousands of dollars",2513743,2258260,2404821,2351648,3203646,3440683,3068561,2814287,2624145,2276183,2656840,2859446,2676885,2480770,2459705,2081629,2019478,2121651,2230774,2315314,2437190,2629652
 "06067","Sacramento, CA",8,CAGDP2,25,"311-316,322-326","   Nondurable goods manufacturing ","Thousands of dollars",876325,825212,880284,880533,883769,937551,944953,1001689,1072407,981802,963976,1073392,1093787,1065805,1147399,1099118,1109710,1256762,1313882,1221469,1412801,1506227
 "06067","Sacramento, CA",8,CAGDP2,34,"42","  Wholesale trade ","Thousands of dollars",1780659,1824148,1964223,2131690,2303661,2525669,2530448,2426941,2168259,2253721,2518799,2816422,3250420,3621854,4163356,4308350,4761885,4992047,5412017,5418602,6048754,6664404
 "06067","Sacramento, CA",8,CAGDP2,35,"44-45","  Retail trade ","Thousands of dollars",3799755,4004370,4176862,4396577,4517350,4509016,4209622,3844177,3636576,3840438,3926888,4134613,4488791,4575619,4890699,5148834,5448402,5642659,6065716,6260902,7162689,7771266
 "06067","Sacramento, CA",8,CAGDP2,36,"48-49","  Transportation and warehousing ","Thousands of dollars",751522,705061,678358,1006427,1123563,1313771,1343477,1401459,1313215,1475611,1355848,1421574,1535151,1696402,1880919,1884180,1943783,2198747,2484014,2216262,3009525,3602129
 "06067","Sacramento, CA",8,CAGDP2,45,"51","  Information ","Thousands of dollars",1981282,2257766,2425012,2740153,3010205,3037538,3220275,2803735,2498848,2452420,2471817,2424452,2463151,2170738,2178698,2052751,2348885,2552814,2508527,(D),2939906,3159656
 "06067","Sacramento, CA",8,CAGDP2,50,"52,53","  Finance, insurance, real estate, rental, and leasing ","Thousands of dollars",8965092,9736863,10702451,11013656,12065550,13159591,13194905,12708589,12932822,12224209,12245764,12261273,12882355,13438773,14087165,14170742,15168002,16339770,17116519,17024912,18447270,20172556
 "06067","Sacramento, CA",8,CAGDP2,51,"52","   Finance and insurance ","Thousands of dollars",2866328,3242785,3717877,3574506,3812037,4366732,4021765,3605873,4153841,3552631,3558180,3798854,3896157,4346364,4735174,4360008,4517026,4883858,5174219,5337130,5641771,5770069
 "06067","Sacramento, CA",8,CAGDP2,56,"53","   Real estate and rental and leasing ","Thousands of dollars",6098763,6494078,6984574,7439150,8253513,8792859,9173141,9102715,8778981,8671578,8687584,8462419,8986198,9092409,9351992,9810735,10650977,11455912,11942300,11687783,12805499,14402487
 "06067","Sacramento, CA",8,CAGDP2,59,"54,55,56","  Professional and business services ","Thousands of dollars",5489427,5588604,5670731,5757101,6370013,6727738,7993620,8810614,8256455,8746216,9052144,9311962,9336487,9816682,10127195,10823220,11340879,11852860,12530603,13093562,13736192,14824131
 "06067","Sacramento, CA",8,CAGDP2,60,"54","   Professional, scientific, and technical services ","Thousands of dollars",3353707,3536104,3493315,3515515,3806575,4112797,5214438,5851977,5491335,5731398,5980010,6013642,5903963,6173046,6475844,6654143,6901900,7263531,7802304,8163864,8475264,9190368
 "06067","Sacramento, CA",8,CAGDP2,64,"55","   Management of companies and enterprises ","Thousands of dollars",651555,614288,634915,549768,634268,598808,627730,860845,890490,952739,916037,900455,963886,987128,1019069,1113385,1218966,1208486,1283016,1359962,1439865,1449748
 "06067","Sacramento, CA",8,CAGDP2,65,"56","   Administrative and support and waste management and remediation services ","Thousands of dollars",1484165,1438212,1542501,1691818,1929170,2016134,2151452,2097792,1874629,2062079,2156097,2397866,2468638,2656509,2632282,3055693,3220013,3380843,3445282,3569736,3821063,4184014
 "06067","Sacramento, CA",8,CAGDP2,68,"61,62","  Educational services, health care, and social assistance ","Thousands of dollars",3079981,3342398,3680408,4102653,4345351,4780148,5050114,5570352,5885922,5891119,6252276,6745043,7002232,7227910,7852486,8156832,8549227,9137857,9967891,10358079,11139119,11734484
 "06067","Sacramento, CA",8,CAGDP2,69,"61","   Educational services ","Thousands of dollars",288270,324196,363903,432258,411045,453701,497990,550305,615061,653131,680705,697435,662416,678939,710352,689647,721811,746505,858991,830767,908434,972029
 "06067","Sacramento, CA",8,CAGDP2,70,"62","   Health care and social assistance ","Thousands of dollars",2791711,3018202,3316505,3670394,3934305,4326448,4552124,5020047,5270861,5237988,5571572,6047608,6339816,6548971,7142135,7467185,7827416,8391353,9108900,9527313,10230685,10762456
 "06067","Sacramento, CA",8,CAGDP2,75,"71,72","  Arts, entertainment, recreation, accommodation, and food services ","Thousands of dollars",1471388,1621057,1775918,1875719,1824563,1879247,1829998,1886895,1767962,1695417,1708915,1898450,2021930,2238524,2587525,2792064,3022670,3193009,3404724,2553901,3321722,3997182
 "06067","Sacramento, CA",8,CAGDP2,76,"71","   Arts, entertainment, and recreation ","Thousands of dollars",267776,301057,383554,420940,394220,386876,347040,414174,412984,369673,347291,431329,405622,436955,516966,553979,656099,664220,633972,422156,618010,853640
 "06067","Sacramento, CA",8,CAGDP2,79,"72","   Accommodation and food services ","Thousands of dollars",1203611,1320000,1392364,1454779,1430343,1492371,1482957,1472720,1354978,1325744,1361624,1467120,1616308,1801569,2070559,2238085,2366572,2528789,2770752,2131745,2703713,3143543
 "06067","Sacramento, CA",8,CAGDP2,82,"81","  Other services (except government and government enterprises) ","Thousands of dollars",1366356,1490518,1513882,1609468,1671935,1723411,1732098,1727826,1677028,1630655,1662109,1702370,1765391,1911089,1989562,2115569,2223604,2413303,2525491,2349043,2470411,2748815
 "06067","Sacramento, CA",8,CAGDP2,83,"92","Government and government enterprises ","Thousands of dollars",13394112,13919571,14462932,15042802,15742385,16722986,18108083,19445788,19069184,18959147,19997590,19885017,21110992,22372562,23293991,23058086,23174275,24153809,25269036,26045112,27471860,29051675
 "06067","Sacramento, CA",8,CAGDP2,87,"11,21","Natural resources and mining ","Thousands of dollars",170248,118124,213327,276894,334921,274954,421608,386514,352659,269325,233549,267481,275907,332090,304287,334948,377530,407435,350830,(D),454078,379070
 "06067","Sacramento, CA",8,CAGDP2,88,"42,44-45","Trade ","Thousands of dollars",5580414,5828518,6141084,6528268,6821011,7034685,6740071,6271118,5804835,6094158,6445687,6951035,7739211,8197473,9054055,9457184,10210288,10634706,11477733,11679504,13211443,14435670
 "06067","Sacramento, CA",8,CAGDP2,89,"22,48-49","Transportation and utilities ","Thousands of dollars",984958,1050910,1013446,1353284,1461446,1868853,2003667,2084778,2035129,2250427,2102401,2182820,2387198,2574468,2811009,3019865,2982143,3310468,3529977,(D),4420297,4850067
 "06067","Sacramento, CA",8,CAGDP2,90,"31-33,51","Manufacturing and information ","Thousands of dollars",5371350,5341238,5710117,5972334,7097620,7415773,7233789,6619711,6195399,5710405,6092633,6357290,6233823,5717312,5785802,5233498,5478072,5931227,6053183,(D),6789897,7295535
 "06067","Sacramento, CA",8,CAGDP2,91,"...","Private goods-producing industries 2/","Thousands of dollars",5987569,5811020,6417219,6922981,8318361,8516083,8277987,7348306,6662611,5529923,5856191,6332521,6693092,6828557,7438447,7485806,7941050,8797101,9872173,(D),11029923,11286296
 "06067","Sacramento, CA",8,CAGDP2,92,"...","Private services-providing industries 3/","Thousands of dollars",28918897,30916635,32922932,34980303,37570074,40211212,41764748,41863907,40859001,40984622,41941114,43477404,45597956,47575658,50687696,52588227,55845697,59434789,63061465,(D),69686360,75922561
 "06069","San Benito, CA",8,CAGDP2,1,"...","All industry total ","Thousands of dollars",1180976,1259233,1392837,1460454,1501236,1635631,1673010,1589001,1628616,1671265,1717398,1774168,1812571,1821435,1973598,2020877,2152903,2241526,2449888,2351394,2606987,2735746
 "06069","San Benito, CA",8,CAGDP2,2,"..."," Private industries ","Thousands of dollars",1003200,1066144,1193408,1246048,1282732,1409316,1439816,1345687,1383920,1426937,1471395,1529817,1555935,1539810,1667054,1697595,1826534,1903956,2094402,1989404,2216979,2337604
 "06069","San Benito, CA",8,CAGDP2,3,"11","  Agriculture, forestry, fishing and hunting ","Thousands of dollars",(D),(D),(D),(D),(D),(D),(D),155347,174105,137619,120613,140709,186003,185242,191979,199958,185270,203273,176505,178991,188151,202252
 "06069","San Benito, CA",8,CAGDP2,6,"21","  Mining, quarrying, and oil and gas extraction ","Thousands of dollars",3512,2904,2277,1746,1927,2729,3858,3793,3511,2871,1701,1909,1662,3760,2531,5352,37047,4911,4144,2697,3841,4069
 "06069","San Benito, CA",8,CAGDP2,10,"22","  Utilities ","Thousands of dollars",2966,3079,3011,3128,2715,2560,2296,3130,3368,3583,4242,3937,(D),(D),7205,7850,(D),(D),(D),(D),(D),(D)
 "06069","San Benito, CA",8,CAGDP2,11,"23","  Construction ","Thousands of dollars",85977,88046,96798,104189,112927,119197,118923,103071,79051,70190,77468,79911,101041,106709,141394,174219,212522,254758,298090,251932,248319,237564
 "06069","San Benito, CA",8,CAGDP2,12,"31-33","  Manufacturing ","Thousands of dollars",189683,188476,218544,237287,275561,303238,330624,328527,366668,384117,412087,464033,398580,335604,339541,348670,461958,495515,529060,479239,549530,575251
 "06069","San Benito, CA",8,CAGDP2,13,"321,327-339","   Durable goods manufacturing ","Thousands of dollars",109626,114037,126394,127390,150416,158130,163746,134416,105475,97351,108984,93093,97394,100366,103958,105571,116594,127727,126450,122349,160989,179167
 "06069","San Benito, CA",8,CAGDP2,25,"311-316,322-326","   Nondurable goods manufacturing ","Thousands of dollars",80056,74439,92150,109896,125146,145109,166878,194110,261193,286766,303102,370940,301186,235238,235583,243099,345364,367787,402610,356890,388541,396084
 "06069","San Benito, CA",8,CAGDP2,34,"42","  Wholesale trade ","Thousands of dollars",49125,47933,46465,49519,48524,57447,61056,62435,55292,56153,57428,56795,(D),(D),(D),(D),(D),(D),(D),(D),(D),(D)
 "06069","San Benito, CA",8,CAGDP2,35,"44-45","  Retail trade ","Thousands of dollars",121991,120161,128503,138364,139705,142712,129583,134195,135369,147865,168875,178581,193717,207536,213769,209713,111699,116319,128822,134995,152376,161875
 "06069","San Benito, CA",8,CAGDP2,36,"48-49","  Transportation and warehousing ","Thousands of dollars",(D),(D),(D),(D),(D),(D),(D),(D),(D),(D),(D),(D),30293,33443,36273,40112,50776,50012,48646,51214,58285,71253
 "06069","San Benito, CA",8,CAGDP2,45,"51","  Information ","Thousands of dollars",9483,10147,10685,11517,11824,11359,12703,11343,10358,11440,10782,9180,8919,9059,(D),(D),11218,11070,11677,10436,13014,14520
 "06069","San Benito, CA",8,CAGDP2,50,"52,53","  Finance, insurance, real estate, rental, and leasing ","Thousands of dollars",226223,255314,260444,259887,280514,270419,291999,328669,348106,394694,397447,348516,343054,346380,394685,348959,383992,360108,439234,425580,480289,(D)
 "06069","San Benito, CA",8,CAGDP2,51,"52","   Finance and insurance ","Thousands of dollars",32566,42909,42483,29928,28532,36784,40089,39470,40755,42446,43258,41928,40675,46335,48829,48851,49405,50117,52040,54620,62396,60832
 "06069","San Benito, CA",8,CAGDP2,56,"53","   Real estate and rental and leasing ","Thousands of dollars",193657,212405,217961,229958,251981,233635,251910,289198,307351,352248,354189,306588,302379,300045,345855,300108,334586,309991,387194,370959,417893,(D)
 "06069","San Benito, CA",8,CAGDP2,59,"54,55,56","  Professional and business services ","Thousands of dollars",49897,53974,66105,59441,58429,62976,61156,(D),(D),(D),(D),(D),(D),104350,111092,124775,137193,(D),(D),(D),170534,180614
 "06069","San Benito, CA",8,CAGDP2,60,"54","   Professional, scientific, and technical services ","Thousands of dollars",32012,30249,29315,26055,25276,27858,26245,(D),(D),(D),(D),(D),(D),(D),(D),(D),(D),(D),(D),(D),(D),(D)
 "06069","San Benito, CA",8,CAGDP2,64,"55","   Management of companies and enterprises ","Thousands of dollars",3572,4133,9218,8047,6581,7187,3600,(D),(D),(D),(D),(D),(D),(D),(D),(D),(D),(D),(D),(D),(D),(D)
 "06069","San Benito, CA",8,CAGDP2,65,"56","   Administrative and support and waste management and remediation services ","Thousands of dollars",14313,19591,27571,25339,26571,27930,31311,28280,30816,35966,38709,57286,56529,60523,63198,77802,90256,85082,85292,93512,110399,116580
 "06069","San Benito, CA",8,CAGDP2,68,"61,62","  Educational services, health care, and social assistance ","Thousands of dollars",34762,35696,39552,42272,43635,43646,46794,49451,48959,50413,51133,51577,56798,60234,61714,67178,65386,67956,72138,74870,83363,86257
 "06069","San Benito, CA",8,CAGDP2,69,"61","   Educational services ","Thousands of dollars",2742,2741,3129,3518,3562,3787,4212,4339,4124,3986,4177,4019,3940,4099,5019,5286,5969,6381,6632,5495,5593,5969
 "06069","San Benito, CA",8,CAGDP2,70,"62","   Health care and social assistance ","Thousands of dollars",32020,32955,36423,38754,40073,39859,42582,45112,44835,46427,46956,47558,52858,56135,56694,61892,59417,61575,65506,69375,77770,80288
 "06069","San Benito, CA",8,CAGDP2,75,"71,72","  Arts, entertainment, recreation, accommodation, and food services ","Thousands of dollars",42033,47700,50285,49340,45667,45745,44723,42249,38495,36407,38175,42987,44712,48523,56150,62315,63899,68902,79431,68108,91543,96609
 "06069","San Benito, CA",8,CAGDP2,76,"71","   Arts, entertainment, and recreation ","Thousands of dollars",10782,12034,10675,10453,10437,10205,9594,9758,9040,8473,9089,9833,9577,9348,9079,9393,7762,7513,8093,4565,5955,6146
 "06069","San Benito, CA",8,CAGDP2,79,"72","   Accommodation and food services ","Thousands of dollars",31251,35666,39610,38887,35229,35540,35129,32492,29455,27935,29086,33154,35135,39175,47071,52922,56137,61389,71337,63543,85589,90463
 "06069","San Benito, CA",8,CAGDP2,82,"81","  Other services (except government and government enterprises) ","Thousands of dollars",32567,35924,36677,39314,41921,44306,42601,38623,37838,37517,39582,40838,40786,44375,48236,52956,56412,60836,64101,59231,65145,72477
 "06069","San Benito, CA",8,CAGDP2,83,"92","Government and government enterprises ","Thousands of dollars",177776,193089,199429,214406,218504,226315,233193,243314,244696,244328,246003,244351,256635,281625,306545,323282,326369,337570,355487,361990,390008,398142
 "06069","San Benito, CA",8,CAGDP2,87,"11,21","Natural resources and mining ","Thousands of dollars",(D),(D),(D),(D),(D),(D),(D),159140,177615,140490,122314,142617,187665,189003,194509,205310,222317,208184,180649,181688,191991,206321
 "06069","San Benito, CA",8,CAGDP2,88,"42,44-45","Trade ","Thousands of dollars",171116,168094,174968,187883,188229,200158,190639,196630,190662,204018,226303,235376,(D),(D),(D),(D),(D),(D),(D),(D),(D),(D)
 "06069","San Benito, CA",8,CAGDP2,89,"22,48-49","Transportation and utilities ","Thousands of dollars",(D),(D),(D),(D),(D),(D),(D),(D),(D),(D),(D),(D),(D),(D),43478,47962,(D),(D),(D),(D),(D),(D)
 "06069","San Benito, CA",8,CAGDP2,90,"31-33,51","Manufacturing and information ","Thousands of dollars",199166,198624,229229,248804,287385,314597,343327,339870,377025,395557,422869,473213,407499,344663,(D),(D),473176,506584,540738,489675,562544,589771
 "06069","San Benito, CA",8,CAGDP2,91,"...","Private goods-producing industries 2/","Thousands of dollars",(D),(D),(D),(D),(D),(D),(D),590738,623334,594797,611869,686561,687287,631315,675445,728199,896797,958456,1007799,912858,989841,1019136
 "06069","San Benito, CA",8,CAGDP2,92,"...","Private services-providing industries 3/","Thousands of dollars",(D),(D),(D),(D),(D),(D),(D),754949,760585,832140,859526,843255,868648,908495,991609,969396,929737,945500,1086603,1076546,1227138,1318468
 "06071","San Bernardino, CA",8,CAGDP2,1,"...","All industry total ","Thousands of dollars",41783612,44434465,48228323,52827601,57732449,61978916,65269875,65354590,62814088,63592935,65686157,67535577,70800777,75091556,80182380,83644188,87133086,91882188,98718271,100745026,112050041,122548771
 "06071","San Bernardino, CA",8,CAGDP2,2,"..."," Private industries ","Thousands of dollars",33842841,36074755,39376253,43465416,47603948,51175650,53598352,52787690,49969286,50524282,52372412,54358960,57268753,61056824,65487364,68410544,71820148,75723838,82073479,83577627,94337274,103797333
 "06071","San Bernardino, CA",8,CAGDP2,3,"11","  Agriculture, forestry, fishing and hunting ","Thousands of dollars",481925,211333,436218,579410,420183,136466,558667,489460,29952,237946,419441,260614,216017,443823,270275,218081,264058,219283,261666,263558,279491,428418
 "06071","San Bernardino, CA",8,CAGDP2,6,"21","  Mining, quarrying, and oil and gas extraction ","Thousands of dollars",109576,115575,133278,171166,181256,171521,158166,157818,173820,149047,157140,209178,222012,260336,246411,136086,176025,263396,245860,350208,471849,609565
 "06071","San Bernardino, CA",8,CAGDP2,10,"22","  Utilities ","Thousands of dollars",659742,751503,893584,978285,965836,1546064,1783548,1806618,1800069,1806297,1655631,2187638,2010970,2078152,2144197,2168814,2052974,1815719,1978079,2047460,2079294,2951730
 "06071","San Bernardino, CA",8,CAGDP2,11,"23","  Construction ","Thousands of dollars",2256865,2319943,2745082,3558091,4328143,4486591,4587632,3352190,2470969,2053431,2380918,2707279,2918848,3158262,3720304,4067336,4557326,4769671,5781608,5766634,6229535,6700088
 "06071","San Bernardino, CA",8,CAGDP2,12,"31-33","  Manufacturing ","Thousands of dollars",4747271,4778116,5093759,5446663,5684467,6025453,5873934,5676647,5474195,5206634,5173782,5380596,5845292,6226316,7171756,7226952,7398402,7576200,7923571,7508070,8104446,8740005
 "06071","San Bernardino, CA",8,CAGDP2,13,"321,327-339","   Durable goods manufacturing ","Thousands of dollars",3156152,3221207,3408703,3616565,3889102,3949501,3724421,3503152,2954304,2792743,2918401,2944386,3181223,3311924,3712921,3941482,4165288,4355012,4531708,4236312,4579826,5031417
 "06071","San Bernardino, CA",8,CAGDP2,25,"311-316,322-326","   Nondurable goods manufacturing ","Thousands of dollars",1591119,1556908,1685055,1830098,1795365,2075952,2149513,2173495,2519891,2413892,2255381,2436211,2664069,2914392,3458835,3285470,3233113,3221188,3391864,3271759,3524620,3708589
 "06071","San Bernardino, CA",8,CAGDP2,34,"42","  Wholesale trade ","Thousands of dollars",2550459,2678154,2977546,3174531,3666999,4096738,4318375,4371572,3880745,4171537,4532891,4731955,5393594,6154846,7031837,7147111,7667046,8092209,8889296,9028446,10005540,10783198
 "06071","San Bernardino, CA",8,CAGDP2,35,"44-45","  Retail trade ","Thousands of dollars",4024409,4297882,4629147,5093541,5548484,5972570,5839570,5439679,5176291,5449981,5653587,5857208,6287856,6431864,6757767,7146090,7599758,7854985,8496440,8918480,10335278,11294977
 "06071","San Bernardino, CA",8,CAGDP2,36,"48-49","  Transportation and warehousing ","Thousands of dollars",2084801,2110723,2379782,3054274,3466522,3793911,4010697,4077690,3804159,3843661,4070513,4091975,4430985,4728798,5255680,5823197,6556559,7295633,8159043,9401851,11852954,13417779
 "06071","San Bernardino, CA",8,CAGDP2,45,"51","  Information ","Thousands of dollars",718237,779299,845940,882656,949769,991941,1078830,1043013,933054,1035994,992341,1068923,1189845,1171446,1238441,1308159,1339377,1420936,1447815,1325874,1401493,1484726
 "06071","San Bernardino, CA",8,CAGDP2,50,"52,53","  Finance, insurance, real estate, rental, and leasing ","Thousands of dollars",7828410,8737978,9306769,9464037,10580594,11291045,12064806,12379593,12273405,12447477,12435921,12255344,12835089,13469180,13522095,13960651,13897774,15034675,16044479,16039907,18180890,19666625
 "06071","San Bernardino, CA",8,CAGDP2,51,"52","   Finance and insurance ","Thousands of dollars",1143048,1400200,1608968,1576472,1677105,1876617,1819079,1643321,1784142,1806763,1956666,2075092,2049767,2223676,2235784,2242123,2177024,2295329,2431059,2557768,2885557,2902666
 "06071","San Bernardino, CA",8,CAGDP2,56,"53","   Real estate and rental and leasing ","Thousands of dollars",6685362,7337779,7697800,7887565,8903489,9414428,10245728,10736272,10489263,10640713,10479255,10180252,10785323,11245504,11286311,11718528,11720750,12739346,13613420,13482139,15295333,16763959
 "06071","San Bernardino, CA",8,CAGDP2,59,"54,55,56","  Professional and business services ","Thousands of dollars",2789310,3105128,3465399,3941806,4309674,4680720,5096536,5308223,5025339,5012060,5308244,5352284,5232857,5462781,5789583,5904848,6431831,6674110,7167927,7528904,8506894,9273303
 "06071","San Bernardino, CA",8,CAGDP2,60,"54","   Professional, scientific, and technical services ","Thousands of dollars",1131824,1318848,1382654,1467962,1605845,1775975,1851899,2086652,1977606,2070161,2183252,2188147,2257472,2314989,2314079,2341753,2502256,2734688,2885944,3014710,3303956,3659443
 "06071","San Bernardino, CA",8,CAGDP2,64,"55","   Management of companies and enterprises ","Thousands of dollars",476161,530764,565765,546689,570862,600270,576480,584217,561655,558913,581302,556998,569011,576641,646911,665883,670997,655853,705589,685622,682806,698888
 "06071","San Bernardino, CA",8,CAGDP2,65,"56","   Administrative and support and waste management and remediation services ","Thousands of dollars",1181325,1255516,1516980,1927156,2132966,2304475,2668157,2637353,2486078,2382985,2543691,2607139,2406373,2571151,2828593,2897212,3258578,3283570,3576394,3828573,4520131,4914973
 "06071","San Bernardino, CA",8,CAGDP2,68,"61,62","  Educational services, health care, and social assistance ","Thousands of dollars",2973186,3290788,3576641,3899737,4133069,4407052,4584206,5072492,5490052,5583333,5924457,6320372,6557013,6965250,7414431,7997781,8340002,8852372,9460531,10046089,10365386,10954258
 "06071","San Bernardino, CA",8,CAGDP2,69,"61","   Educational services ","Thousands of dollars",289629,322824,353723,408527,408127,432884,450183,503125,595079,628815,643240,664702,644877,727486,723731,774329,804032,842762,893943,881581,788752,872668
 "06071","San Bernardino, CA",8,CAGDP2,70,"62","   Health care and social assistance ","Thousands of dollars",2683557,2967964,3222917,3491210,3724941,3974168,4134023,4569367,4894973,4954519,5281217,5655669,5912136,6237764,6690700,7223452,7535969,8009610,8566589,9164508,9576634,10081589
 "06071","San Bernardino, CA",8,CAGDP2,75,"71,72","  Arts, entertainment, recreation, accommodation, and food services ","Thousands of dollars",1330743,1459589,1460403,1679988,1723072,1805516,1878720,1895746,1802690,1834561,1898365,2044656,2191575,2439012,2733794,3014501,3223233,3395084,3683270,2984471,3933993,4638412
 "06071","San Bernardino, CA",8,CAGDP2,76,"71","   Arts, entertainment, and recreation ","Thousands of dollars",180914,191870,209112,216161,244973,242235,267264,286385,285846,302100,317425,341950,377135,404992,430726,457120,481342,482806,516494,317078,552230,722350
 "06071","San Bernardino, CA",8,CAGDP2,79,"72","   Accommodation and food services ","Thousands of dollars",1149830,1267719,1251291,1463828,1478099,1563280,1611456,1609360,1516843,1532461,1580940,1702706,1814440,2034020,2303068,2557381,2741891,2912278,3166776,2667393,3381763,3916062
 "06071","San Bernardino, CA",8,CAGDP2,82,"81","  Other services (except government and government enterprises) ","Thousands of dollars",1287907,1438744,1432704,1541231,1645880,1770063,1764664,1716949,1634546,1692322,1769182,1890938,1936800,2066759,2190794,2290936,2315782,2459566,2533894,2367674,2590232,2854248
 "06071","San Bernardino, CA",8,CAGDP2,83,"92","Government and government enterprises ","Thousands of dollars",7940771,8359710,8852071,9362185,10128502,10803266,11671523,12566900,12844802,13068652,13313745,13176618,13532024,14034732,14695016,15233644,15312938,16158350,16644792,17167399,17712767,18751438
 "06071","San Bernardino, CA",8,CAGDP2,87,"11,21","Natural resources and mining ","Thousands of dollars",591501,326908,569496,750576,601439,307987,716832,647278,203772,386993,576581,469792,438029,704159,516686,354167,440083,482680,507526,613767,751341,1037983
 "06071","San Bernardino, CA",8,CAGDP2,88,"42,44-45","Trade ","Thousands of dollars",6574868,6976036,7606693,8268072,9215483,10069308,10157945,9811251,9057037,9621519,10186477,10589162,11681450,12586710,13789604,14293201,15266804,15947193,17385736,17946926,20340818,22078176
 "06071","San Bernardino, CA",8,CAGDP2,89,"22,48-49","Transportation and utilities ","Thousands of dollars",2744543,2862226,3273366,4032559,4432358,5339975,5794244,5884308,5604228,5649959,5726144,6279613,6441955,6806950,7399876,7992011,8609533,9111352,10137122,11449310,13932248,16369508
 "06071","San Bernardino, CA",8,CAGDP2,90,"31-33,51","Manufacturing and information ","Thousands of dollars",5465508,5557415,5939699,6329319,6634236,7017394,6952765,6719660,6407250,6242628,6166123,6449520,7035138,7397762,8410197,8535111,8737779,8997136,9371387,8833944,9505939,10224732
 "06071","San Bernardino, CA",8,CAGDP2,91,"...","Private goods-producing industries 2/","Thousands of dollars",7595637,7424967,8408337,9755330,10614050,10820031,11178399,9676114,8148936,7647059,8131281,8557668,9202169,10088736,11408746,11648455,12395812,12828550,14212705,13888471,15085322,16478076
 "06071","San Bernardino, CA",8,CAGDP2,92,"...","Private services-providing industries 3/","Thousands of dollars",26247204,28649789,30967916,33710086,36989898,40355619,42419952,43111576,41820350,42877224,44241131,45801292,48066584,50968088,54078617,56762089,59424336,62895288,67860774,69689156,79251952,87319258
 "06073","San Diego, CA",8,CAGDP2,1,"...","All industry total ","Thousands of dollars",114955415,122590876,131300883,141748253,153018106,160879592,167679715,168619416,163754184,166853350,172673079,178060071,188544901,197821789,208543077,213889714,224767520,234685540,245468318,246738140,272825696,295644871
 "06073","San Diego, CA",8,CAGDP2,2,"..."," Private industries ","Thousands of dollars",91419479,97750694,104660824,113682167,123718264,130094756,134806719,133640203,127635270,129479830,134013953,139181620,149284008,157306165,166550127,169932096,180131751,190177300,200313324,199853587,223293356,245002828
 "06073","San Diego, CA",8,CAGDP2,3,"11","  Agriculture, forestry, fishing and hunting ","Thousands of dollars",630529,644021,690038,733391,763315,703969,570872,856206,912977,1149776,994435,1102052,705713,746367,777818,712356,652345,739323,714462,795031,870094,922153
 "06073","San Diego, CA",8,CAGDP2,6,"21","  Mining, quarrying, and oil and gas extraction ","Thousands of dollars",47836,55293,58098,83589,82628,113729,93423,74521,95214,83353,85842,89556,88159,111271,73708,65336,96345,112299,108255,130069,150207,165854
 "06073","San Diego, CA",8,CAGDP2,10,"22","  Utilities ","Thousands of dollars",1515625,2428665,2484068,2221616,2313393,2352654,2824446,2816033,3229380,3236353,3818997,2354368,2325943,2054541,2126794,1912442,1940256,1744006,1565933,2023275,2032019,2578478
 "06073","San Diego, CA",8,CAGDP2,11,"23","  Construction ","Thousands of dollars",5428219,5730987,6743739,8995250,10220008,10599870,9215920,6950910,5548549,5438872,4850933,5404487,6028952,6581911,7395051,8333348,9444261,10146275,10542264,10470194,11582756,13227050
 "06073","San Diego, CA",8,CAGDP2,12,"31-33","  Manufacturing ","Thousands of dollars",11264998,11019306,11655952,11874573,12568561,12786378,13348331,13659707,14325624,14558892,15316456,16427725,17699419,18607880,20412589,20644477,21277876,22462728,23639355,24345462,26329549,27574515
 "06073","San Diego, CA",8,CAGDP2,13,"321,327-339","   Durable goods manufacturing ","Thousands of dollars",8511422,8602196,9001727,8975430,9865768,9939143,10518590,10725991,11060634,10914048,11540039,11692339,12694844,13378967,14871097,15526514,16193377,17048275,17847805,18558349,19731731,20860213
 "06073","San Diego, CA",8,CAGDP2,25,"311-316,322-326","   Nondurable goods manufacturing ","Thousands of dollars",2753576,2417110,2654225,2899143,2702793,2847235,2829741,2933715,3264990,3644844,3776418,4735386,5004575,5228913,5541492,5117963,5084499,5414453,5791550,5787113,6597818,6714302
 "06073","San Diego, CA",8,CAGDP2,34,"42","  Wholesale trade ","Thousands of dollars",4211809,4347880,4865710,5326487,6049025,6824249,7607418,7856237,7049990,7673835,8510616,9091156,9371410,10068603,10374923,9850979,10917457,10622325,11986391,12099690,13130040,14841169
 "06073","San Diego, CA",8,CAGDP2,35,"44-45","  Retail trade ","Thousands of dollars",7540678,7901596,8437465,9634935,10321143,10461936,9915215,9237695,8455327,8702123,9024564,9678313,10570029,11011912,11613591,11820712,12467788,12947507,13808675,13826017,15612959,16958866
 "06073","San Diego, CA",8,CAGDP2,36,"48-49","  Transportation and warehousing ","Thousands of dollars",1344635,1397870,1486193,1732427,1809962,1979862,1976440,2042107,1827209,1861251,1926428,2180902,2474584,2569563,2872079,3188665,3485405,3737510,3915908,2941928,4194655,5400488
 "06073","San Diego, CA",8,CAGDP2,45,"51","  Information ","Thousands of dollars",7826394,8075203,8730280,10723976,12726773,13678474,15914624,12217614,8655715,7831702,7159747,6599662,8308022,8728278,9464023,10259420,11834192,12489477,13277071,12832035,14270432,15071883
 "06073","San Diego, CA",8,CAGDP2,50,"52,53","  Finance, insurance, real estate, rental, and leasing ","Thousands of dollars",21712597,23970407,25351617,26093580,28760574,29971452,31076166,31187577,31210032,31117750,31593616,33783643,36498552,38473002,39592151,39597362,42607634,45144147,45990772,46926323,51754001,55775483
 "06073","San Diego, CA",8,CAGDP2,51,"52","   Finance and insurance ","Thousands of dollars",5007536,5789511,6493986,6364075,6941016,7577393,6857039,5577169,6737712,6248973,5984633,7349930,7761963,8618007,8856165,8723673,9119239,9730694,9747166,10596639,12566521,12159639
 "06073","San Diego, CA",8,CAGDP2,56,"53","   Real estate and rental and leasing ","Thousands of dollars",16705061,18180896,18857631,19729505,21819558,22394059,24219127,25610407,24472320,24868778,25608984,26433713,28736588,29854995,30735986,30873689,33488395,35413454,36243607,36329683,39187480,43615844
 "06073","San Diego, CA",8,CAGDP2,59,"54,55,56","  Professional and business services ","Thousands of dollars",16147149,17202901,18178509,18992148,20146237,21482599,22670057,26141953,24928151,25744184,27627319,28639202,30406504,31536273,32777866,32819503,33614085,37083737,39859149,41959808,47493056,51782585
 "06073","San Diego, CA",8,CAGDP2,60,"54","   Professional, scientific, and technical services ","Thousands of dollars",11006000,11724257,12094735,12455430,13453257,14614134,15580741,19094657,18381144,18557170,19644934,20191574,21547549,22315978,23486300,23106714,23487258,26217554,28390030,30124567,33644057,36162083
 "06073","San Diego, CA",8,CAGDP2,64,"55","   Management of companies and enterprises ","Thousands of dollars",1617379,1660027,1752231,1795046,1709244,1725253,1657788,1545032,1580702,2238023,2501373,2962544,3352947,3638225,3382631,3241880,3169051,3472369,3708480,4062941,4668941,4476285
 "06073","San Diego, CA",8,CAGDP2,65,"56","   Administrative and support and waste management and remediation services ","Thousands of dollars",3523770,3818616,4331542,4741671,4983737,5143212,5431529,5502264,4966305,4948991,5481012,5485084,5506008,5582069,5908935,6470909,6957775,7393813,7760640,7772299,9180058,11144218
 "06073","San Diego, CA",8,CAGDP2,68,"61,62","  Educational services, health care, and social assistance ","Thousands of dollars",5946682,6534506,7005226,7487786,7838820,8377060,8845568,9924808,10868405,11410808,12180580,12785586,13171379,13713037,14524483,15395337,15970752,16552410,17562265,18030297,19487009,21051275
 "06073","San Diego, CA",8,CAGDP2,69,"61","   Educational services ","Thousands of dollars",746307,817481,927509,1083733,1153099,1230998,1298956,1519105,1813863,1971311,2118205,2372727,2377465,2451189,2440364,2497605,2433436,2497587,2556352,2445039,2423826,2629052
 "06073","San Diego, CA",8,CAGDP2,70,"62","   Health care and social assistance ","Thousands of dollars",5200375,5717026,6077717,6404053,6685722,7146062,7546612,8405703,9054542,9439497,10062375,10412859,10793914,11261848,12084119,12897732,13537315,14054823,15005914,15585257,17063183,18422223
 "06073","San Diego, CA",8,CAGDP2,75,"71,72","  Arts, entertainment, recreation, accommodation, and food services ","Thousands of dollars",4951096,5325910,5836974,6496151,6536870,7046882,7071310,7124629,6998735,7058326,7247305,7301389,7944230,9083336,10281253,10855080,11223091,11477538,12217557,9002216,11604801,14210778
 "06073","San Diego, CA",8,CAGDP2,76,"71","   Arts, entertainment, and recreation ","Thousands of dollars",1043021,1112817,1197351,1189344,1289251,1386325,1499422,1782442,1696456,1640737,1685933,1819486,2009695,2265259,2519913,2470559,2417271,2472001,2625370,1726591,2194363,2841965
 "06073","San Diego, CA",8,CAGDP2,79,"72","   Accommodation and food services ","Thousands of dollars",3908074,4213093,4639623,5306807,5247619,5660557,5571888,5342187,5302279,5417589,5561372,5481903,5934536,6818077,7761339,8384521,8805819,9005537,9592187,7275625,9410438,11368813
 "06073","San Diego, CA",8,CAGDP2,82,"81","  Other services (except government and government enterprises) ","Thousands of dollars",2851233,3116150,3136956,3286259,3580955,3715644,3676929,3550208,3529959,3612604,3677115,3743580,3691111,4020192,4263797,4477078,4600263,4918018,5125268,4471243,4781778,5442252
 "06073","San Diego, CA",8,CAGDP2,83,"92","Government and government enterprises ","Thousands of dollars",23535936,24840182,26640059,28066085,29299842,30784836,32872996,34979213,36118914,37373520,38659125,38878450,39260894,40515624,41992951,43957618,44635769,44508239,45154994,46884553,49532340,50642043
 "06073","San Diego, CA",8,CAGDP2,87,"11,21","Natural resources and mining ","Thousands of dollars",678365,699314,748136,816980,845943,817697,664296,930727,1008191,1233129,1080277,1191608,793872,857637,851527,777692,748690,851622,822717,925099,1020301,1088007
 "06073","San Diego, CA",8,CAGDP2,88,"42,44-45","Trade ","Thousands of dollars",11752487,12249476,13303174,14961422,16370168,17286185,17522633,17093933,15505318,16375959,17535180,18769469,19941439,21080515,21988514,21671691,23385246,23569832,25795065,25925707,28742999,31800035
 "06073","San Diego, CA",8,CAGDP2,89,"22,48-49","Transportation and utilities ","Thousands of dollars",2860260,3826535,3970261,3954043,4123355,4332516,4800885,4858139,5056590,5097605,5745425,4535271,4800527,4624104,4998873,5101108,5425661,5481516,5481841,4965203,6226674,7978965
 "06073","San Diego, CA",8,CAGDP2,90,"31-33,51","Manufacturing and information ","Thousands of dollars",19091392,19094508,20386232,22598549,25295334,26464852,29262955,25877320,22981340,22390594,22476203,23027386,26007441,27336158,29876613,30903898,33112068,34952205,36916426,37177497,40599981,42646398
 "06073","San Diego, CA",8,CAGDP2,91,"...","Private goods-producing industries 2/","Thousands of dollars",17371582,17449606,19147827,21686803,23634511,24203945,23228547,21541343,20882365,21230893,21247667,23023820,24522243,26047428,28659167,29755518,31470827,33460625,35004335,35740755,38932605,41889572
 "06073","San Diego, CA",8,CAGDP2,92,"...","Private services-providing industries 3/","Thousands of dollars",74047897,80301088,85512996,91995365,100083752,105890811,111578173,112098861,106752905,108248937,112766287,116157801,124761764,131258737,137890960,140176578,148660923,156716675,165308989,164112832,184360750,203113256
 "06075","San Francisco, CA",8,CAGDP2,1,"...","All industry total ","Thousands of dollars",70340160,67844363,68364568,69752735,75787310,81452208,86575981,87507090,87805377,91823420,99716894,111520599,118950648,131173743,143901469,157208562,172992477,189220774,207371562,217050026,251781937,252186339
 "06075","San Francisco, CA",8,CAGDP2,2,"..."," Private industries ","Thousands of dollars",62030786,59070883,59265257,60385702,66098294,71124085,75586949,75906966,75932903,79626434,87080793,98625483,105289250,116942398,128886632,141611652,156832589,172074142,189459667,198541546,232625831,232517427
 "06075","San Francisco, CA",8,CAGDP2,3,"11","  Agriculture, forestry, fishing and hunting ","Thousands of dollars",(D),(D),(D),(D),(D),(D),(D),(D),(D),(D),(D),(D),(D),(D),(D),(D),6341,8175,11538,19167,12635,12859
 "06075","San Francisco, CA",8,CAGDP2,6,"21","  Mining, quarrying, and oil and gas extraction ","Thousands of dollars",25089,6534,4188,6013,3063,8321,15670,16389,19014,16931,21392,16134,7231,13889,9251,7774,9961,11054,8408,5901,(D),12096
 "06075","San Francisco, CA",8,CAGDP2,10,"22","  Utilities ","Thousands of dollars",791237,823478,852089,1107394,1071733,1092604,821683,688878,727563,789339,832706,858756,940298,890560,1000420,1065629,1077180,974713,970142,1047766,(D),1164697
 "06075","San Francisco, CA",8,CAGDP2,11,"23","  Construction ","Thousands of dollars",1824585,1747703,1762777,1811023,2095476,2638185,2788560,2508817,2278945,1802785,2164980,2272834,2528685,3107878,3598561,4162350,4725491,5137481,5215383,4936429,4717373,4584401
 "06075","San Francisco, CA",8,CAGDP2,12,"31-33","  Manufacturing ","Thousands of dollars",1839916,1506987,1752159,1564213,1809159,1093092,1300008,1580374,1589570,1833873,2238720,3307496,3041970,2998307,2927510,3514154,3491446,3735901,3887427,3815550,4182332,4734541
 "06075","San Francisco, CA",8,CAGDP2,13,"321,327-339","   Durable goods manufacturing ","Thousands of dollars",(D),(D),(D),377991,480189,(D),(D),670837,815493,1068942,1440351,2299486,1995153,1859259,1833003,2082489,2308924,2543630,2661562,2582436,2845633,3265236
 "06075","San Francisco, CA",8,CAGDP2,25,"311-316,322-326","   Nondurable goods manufacturing ","Thousands of dollars",(D),(D),(D),1186221,1328970,(D),(D),909538,774077,764930,798369,1008010,1046817,1139048,1094507,1431665,1182522,1192271,1225865,1233114,1336700,1469305
 "06075","San Francisco, CA",8,CAGDP2,34,"42","  Wholesale trade ","Thousands of dollars",1883023,1698713,1798323,1801251,1998798,2212044,2420975,2484236,2268818,2436236,2763411,3117496,3771576,4506286,5510010,6162819,7279665,6841393,7184512,6290696,6340719,6459514
 "06075","San Francisco, CA",8,CAGDP2,35,"44-45","  Retail trade ","Thousands of dollars",3053991,3066809,3382685,3833623,4341236,4484875,4362120,4061203,4029820,4405461,4578445,4924788,5280751,5490270,5939847,5917169,6225810,6568779,6870458,6325727,7038587,8071894
 "06075","San Francisco, CA",8,CAGDP2,36,"48-49","  Transportation and warehousing ","Thousands of dollars",(D),(D),(D),(D),(D),(D),(D),(D),(D),(D),(D),(D),(D),(D),(D),(D),4093761,6277176,11005081,8778669,9216144,9384507
 "06075","San Francisco, CA",8,CAGDP2,45,"51","  Information ","Thousands of dollars",4852332,4619287,4677396,5401382,5409124,5528452,5940103,6127812,5843612,6509005,7315340,8027289,9984834,12415013,15077683,19163309,25237476,28512178,34604309,41741430,53615214,52434871
 "06075","San Francisco, CA",8,CAGDP2,50,"52,53","  Finance, insurance, real estate, rental, and leasing ","Thousands of dollars",21992488,20937575,20351139,19075334,21232348,23711580,24790404,21754260,23705629,24218220,25747598,31290862,31554845,34184724,34507525,35989055,39313537,42662482,44690475,48179898,58000855,55830077
 "06075","San Francisco, CA",8,CAGDP2,51,"52","   Finance and insurance ","Thousands of dollars",12296297,11239131,11228362,10338673,12087483,14111166,13834579,10525712,13284231,12803155,13419465,16905734,15882268,18174046,18543987,19017608,20341214,21692047,22824444,26513096,33157460,30667206
 "06075","San Francisco, CA",8,CAGDP2,56,"53","   Real estate and rental and leasing ","Thousands of dollars",9696190,9698444,9122777,8736661,9144865,9600414,10955825,11228548,10421399,11415064,12328133,14385128,15672576,16010678,15963538,16971447,18972323,20970436,21866030,21666802,24843395,25162872
 "06075","San Francisco, CA",8,CAGDP2,59,"54,55,56","  Professional and business services ","Thousands of dollars",16918224,15582154,15072158,15516489,17580379,19267592,21534939,23969649,22636981,24330955,27317938,29687990,32245193,35884341,41173110,43914174,46667122,51558587,53412742,55079934,61674694,65959834
 "06075","San Francisco, CA",8,CAGDP2,60,"54","   Professional, scientific, and technical services ","Thousands of dollars",11597314,11060215,10664421,11037451,12769427,14098896,15442714,17561552,16741797,17754380,20495811,22685067,23674226,26861683,30880053,33481242,35835049,40013367,42621774,44807495,50971593,52217408
 "06075","San Francisco, CA",8,CAGDP2,64,"55","   Management of companies and enterprises ","Thousands of dollars",3062175,2369823,2194792,2252668,2252770,2423361,2899436,3187931,3004425,3428349,3519857,3473285,4767014,4990658,5839569,5722185,5743918,5858758,4961635,4243342,3918240,3806520
 "06075","San Francisco, CA",8,CAGDP2,65,"56","   Administrative and support and waste management and remediation services ","Thousands of dollars",2258735,2152116,2212945,2226370,2558182,2745335,3192789,3220166,2890759,3148226,3302270,3529638,3803953,4031999,4453488,4710748,5088155,5686463,5829333,6029097,6784860,9935905
 "06075","San Francisco, CA",8,CAGDP2,68,"61,62","  Educational services, health care, and social assistance ","Thousands of dollars",2970955,3167839,3398522,3746552,3889456,4136618,4323916,4773571,5123402,5289324,5542557,5895415,6206975,6467887,7029178,7451337,7666813,8078612,8560225,8889300,9743800,10302210
 "06075","San Francisco, CA",8,CAGDP2,69,"61","   Educational services ","Thousands of dollars",634396,662769,744944,853634,886664,991894,1046775,1162409,1318033,1393715,1484110,1512256,1636953,1746551,1842676,1891740,1928482,1983225,2093095,1933147,2033763,2200787
 "06075","San Francisco, CA",8,CAGDP2,70,"62","   Health care and social assistance ","Thousands of dollars",2336559,2505070,2653578,2892919,3002793,3144724,3277140,3611162,3805369,3895608,4058447,4383159,4570022,4721336,5186502,5559596,5738331,6095387,6467130,6956153,7710037,8101423
 "06075","San Francisco, CA",8,CAGDP2,75,"71,72","  Arts, entertainment, recreation, accommodation, and food services ","Thousands of dollars",3522257,3654251,4013016,4315832,4461230,4759721,4913451,5383621,5355104,5744492,6142650,6326787,6488006,7027994,7628123,8290228,8332492,8743077,9933238,10818467,14168219,10318379
 "06075","San Francisco, CA",8,CAGDP2,76,"71","   Arts, entertainment, and recreation ","Thousands of dollars",912572,1011259,1210274,1239969,1379676,1458617,1525855,1730030,1748950,1938466,1947454,2194652,2222667,2365442,2288819,2473218,2228857,2406561,2097739,1409759,2504344,3307191
 "06075","San Francisco, CA",8,CAGDP2,79,"72","   Accommodation and food services ","Thousands of dollars",2609684,2642992,2802742,3075863,3081554,3301104,3387597,3653592,3606153,3806026,4195196,4132135,4265338,4662552,5339304,5817010,6103635,6336516,7835499,9408708,11663875,7011188
 "06075","San Francisco, CA",8,CAGDP2,82,"81","  Other services (except government and government enterprises) ","Thousands of dollars",1495531,1484027,1454863,1479039,1475767,1446076,1603691,1847590,1752339,1604852,1583870,1689762,1899155,2149332,2326829,2509895,2705495,2964533,3105730,2612612,(D),3247547
 "06075","San Francisco, CA",8,CAGDP2,83,"92","Government and government enterprises ","Thousands of dollars",8309375,8773480,9099311,9367034,9689016,10328123,10989033,11600123,11872474,12196986,12636101,12895115,13661399,14231345,15014837,15596911,16159888,17146632,17911895,18508480,19156106,19668913
 "06075","San Francisco, CA",8,CAGDP2,87,"11,21","Natural resources and mining ","Thousands of dollars",(D),(D),(D),(D),(D),(D),(D),(D),(D),(D),(D),(D),(D),(D),(D),(D),16302,19229,19945,25068,(D),24955
 "06075","San Francisco, CA",8,CAGDP2,88,"42,44-45","Trade ","Thousands of dollars",4937014,4765523,5181007,5634874,6340035,6696918,6783095,6545439,6298638,6841697,7341856,8042285,9052326,9996556,11449856,12079988,13505475,13410172,14054969,12616423,13379306,14531408
 "06075","San Francisco, CA",8,CAGDP2,89,"22,48-49","Transportation and utilities ","Thousands of dollars",(D),(D),(D),(D),(D),(D),(D),(D),(D),(D),(D),(D),(D),(D),(D),(D),5170940,7251889,11975223,9826434,(D),10549203
 "06075","San Francisco, CA",8,CAGDP2,90,"31-33,51","Manufacturing and information ","Thousands of dollars",6692249,6126274,6429555,6965595,7218283,6621544,7240111,7708186,7433182,8342878,9554059,11334785,13026804,15413320,18005193,22677463,28728922,32248079,38491736,45556981,57797546,57169412
 "06075","San Francisco, CA",8,CAGDP2,91,"...","Private goods-producing industries 2/","Thousands of dollars",(D),(D),(D),(D),(D),(D),(D),(D),(D),(D),(D),(D),(D),(D),(D),(D),8233240,8892611,9122755,8777047,(D),9343897
 "06075","San Francisco, CA",8,CAGDP2,92,"...","Private services-providing industries 3/","Thousands of dollars",(D),(D),(D),(D),(D),(D),(D),(D),(D),(D),(D),(D),(D),(D),(D),(D),148599349,163181531,180336911,189764500,(D),223173530
 "06077","San Joaquin, CA",8,CAGDP2,1,"...","All industry total ","Thousands of dollars",15761207,16777049,18000415,19383124,21033454,21202767,22073820,22045949,21816259,21580604,21905117,22656907,24094472,25298611,26781932,27645259,29141656,30921302,32629268,33160269,37819829,40227907
 "06077","San Joaquin, CA",8,CAGDP2,2,"..."," Private industries ","Thousands of dollars",13406623,14232125,15348513,16618757,18140468,18154396,18797935,18607200,18431193,18230173,18533252,19288129,20593233,21607837,22578830,23270215,24582783,26135511,27670359,28142833,32643341,34937219
 "06077","San Joaquin, CA",8,CAGDP2,3,"11","  Agriculture, forestry, fishing and hunting ","Thousands of dollars",862701,829173,1000840,1102442,1177244,958250,1347710,1305912,1199501,925759,1154430,1870055,1999452,2102895,1718235,1689014,1738167,1716331,1664282,1525386,1952247,1802384
 "06077","San Joaquin, CA",8,CAGDP2,6,"21","  Mining, quarrying, and oil and gas extraction ","Thousands of dollars",90498,111809,203180,286331,408431,463476,545609,621925,306995,284608,275556,132629,181054,203770,74793,69447,116954,92623,80321,70352,126898,114603
 "06077","San Joaquin, CA",8,CAGDP2,10,"22","  Utilities ","Thousands of dollars",138104,185186,195145,185629,174018,186390,210404,219049,201061,194181,218486,251209,415155,484205,542282,375572,484472,589317,577533,555136,740779,576510
 "06077","San Joaquin, CA",8,CAGDP2,11,"23","  Construction ","Thousands of dollars",1113107,1160549,1329262,1576281,1931140,1817560,1304349,1019908,1147405,1270202,776721,689504,925452,923304,1138890,1256417,1551728,1945240,1988536,2067925,2570877,2627943
 "06077","San Joaquin, CA",8,CAGDP2,12,"31-33","  Manufacturing ","Thousands of dollars",2006030,1925937,2005472,2004867,2102161,2381486,2471556,2301448,2450816,2196289,2217608,2152210,2146560,2254219,2518400,2509919,2490434,2573807,2664033,2868468,3258102,3502398
 "06077","San Joaquin, CA",8,CAGDP2,13,"321,327-339","   Durable goods manufacturing ","Thousands of dollars",965581,935637,990372,1015985,1057007,1123947,1091654,927533,757143,707891,764491,721770,788786,852427,917981,989250,1069889,1132829,1166929,1230148,1457631,1665069
 "06077","San Joaquin, CA",8,CAGDP2,25,"311-316,322-326","   Nondurable goods manufacturing ","Thousands of dollars",1040449,990301,1015099,988882,1045154,1257539,1379902,1373916,1693673,1488398,1453117,1430441,1357774,1401792,1600420,1520669,1420545,1440979,1497103,1638320,1800471,1837329
 "06077","San Joaquin, CA",8,CAGDP2,34,"42","  Wholesale trade ","Thousands of dollars",775344,807725,875804,940634,1103385,1268576,1326324,1345294,1241939,1367541,1586995,1628078,1827590,2066961,2406890,2387739,2494052,2571200,2810605,2604040,2864306,3085654
 "06077","San Joaquin, CA",8,CAGDP2,35,"44-45","  Retail trade ","Thousands of dollars",1496270,1594191,1642213,1741960,1825724,1858554,1801031,1636684,1556654,1613832,1651244,1724067,1857938,1933613,2043667,2149522,2242186,2293505,2439549,2561489,2913808,3136311
 "06077","San Joaquin, CA",8,CAGDP2,36,"48-49","  Transportation and warehousing ","Thousands of dollars",892742,886624,993575,1020539,1115639,1224405,1258070,1323439,1216628,1261888,1353127,1341018,1426442,1542165,1890456,2015310,2332440,2627873,2967277,3567213,4381996,5028472
 "06077","San Joaquin, CA",8,CAGDP2,45,"51","  Information ","Thousands of dollars",296409,279895,277203,318317,343025,353958,395793,399900,368832,392301,382662,487308,514153,514382,477302,441031,400693,386464,368677,319984,324979,343427
 "06077","San Joaquin, CA",8,CAGDP2,50,"52,53","  Finance, insurance, real estate, rental, and leasing ","Thousands of dollars",2854236,3268212,3411889,3645137,4121426,3610683,3904907,4010563,4351876,4253133,4356041,4318342,4513946,4548364,4351809,4624452,4692376,4990572,5339024,5348557,6144441,6620086
 "06077","San Joaquin, CA",8,CAGDP2,51,"52","   Finance and insurance ","Thousands of dollars",657462,878524,982477,1022895,1199162,832719,722469,688708,749927,676927,697523,699143,686215,763634,764862,747035,758504,821827,821315,874843,984389,969854
 "06077","San Joaquin, CA",8,CAGDP2,56,"53","   Real estate and rental and leasing ","Thousands of dollars",2196774,2389687,2429412,2622241,2922264,2777964,3182437,3321855,3601949,3576207,3658518,3619200,3827731,3784730,3586946,3877417,3933872,4168745,4517709,4473714,5160052,5650232
 "06077","San Joaquin, CA",8,CAGDP2,59,"54,55,56","  Professional and business services ","Thousands of dollars",977355,1061277,1150617,1248370,1195880,1219666,1264316,1327644,1259759,1273756,1253361,1295101,1292458,1365446,1458621,1553442,1595662,1715705,1868631,1989462,2142167,2401675
 "06077","San Joaquin, CA",8,CAGDP2,60,"54","   Professional, scientific, and technical services ","Thousands of dollars",378833,438355,498661,551958,474816,494116,492483,524635,470652,482758,490232,499076,509087,539576,568837,606728,605447,626270,657791,663229,727185,852086
 "06077","San Joaquin, CA",8,CAGDP2,64,"55","   Management of companies and enterprises ","Thousands of dollars",183205,185945,181533,179217,169360,138724,136274,165994,173605,172236,194124,203738,195341,203288,215978,223623,223344,240285,287142,311228,304276,317863
 "06077","San Joaquin, CA",8,CAGDP2,65,"56","   Administrative and support and waste management and remediation services ","Thousands of dollars",415317,436977,470422,517195,551703,586827,635560,637015,615502,618762,569005,592287,588030,622582,673805,723091,766871,849150,923699,1015005,1110706,1231726
 "06077","San Joaquin, CA",8,CAGDP2,68,"61,62","  Educational services, health care, and social assistance ","Thousands of dollars",1079341,1198313,1292619,1434529,1533729,1642169,1816233,1965332,2065552,2130543,2211697,2236783,2275772,2347463,2504456,2620895,2750387,2870447,3010373,3039190,3281554,3431162
 "06077","San Joaquin, CA",8,CAGDP2,69,"61","   Educational services ","Thousands of dollars",118506,122667,134221,153770,164283,176212,195318,221854,250907,264282,289900,281671,288587,303175,276262,298290,292568,318474,332431,300678,320920,313969
 "06077","San Joaquin, CA",8,CAGDP2,70,"62","   Health care and social assistance ","Thousands of dollars",960835,1075646,1158398,1280759,1369445,1465957,1620914,1743478,1814645,1866261,1921797,1955112,1987186,2044289,2228195,2322604,2457819,2551974,2677942,2738512,2960634,3117192
 "06077","San Joaquin, CA",8,CAGDP2,75,"71,72","  Arts, entertainment, recreation, accommodation, and food services ","Thousands of dollars",380243,425648,485962,606746,572340,601987,595832,608475,555263,549691,564882,611495,644089,702594,793272,868326,942655,1018051,1108586,898335,1185537,1412562
 "06077","San Joaquin, CA",8,CAGDP2,76,"71","   Arts, entertainment, and recreation ","Thousands of dollars",59682,66186,82369,101902,72650,85766,86084,74749,73394,76781,78395,81430,93208,104504,111374,122477,132966,131784,133993,86467,159382,217338
 "06077","San Joaquin, CA",8,CAGDP2,79,"72","   Accommodation and food services ","Thousands of dollars",320561,359462,403592,504844,499690,516221,509748,533726,481869,472911,486486,530065,550880,598090,681898,745850,809689,886267,974593,811868,1026155,1195224
 "06077","San Joaquin, CA",8,CAGDP2,82,"81","  Other services (except government and government enterprises) ","Thousands of dollars",444242,497584,484731,506975,536327,567235,555802,521628,508910,516448,530441,550330,573171,618453,659755,709129,750577,744375,782933,727296,755649,854032
 "06077","San Joaquin, CA",8,CAGDP2,83,"92","Government and government enterprises ","Thousands of dollars",2354584,2544924,2651903,2764367,2892986,3048371,3275885,3438749,3385066,3350431,3371865,3368778,3501239,3690774,4203102,4375044,4558874,4785792,4958909,5017436,5176488,5290688
 "06077","San Joaquin, CA",8,CAGDP2,87,"11,21","Natural resources and mining ","Thousands of dollars",953199,940983,1204020,1388773,1585675,1421726,1893319,1927837,1506497,1210368,1429986,2002684,2180507,2306665,1793028,1758461,1855120,1808953,1744603,1595738,2079145,1916987
 "06077","San Joaquin, CA",8,CAGDP2,88,"42,44-45","Trade ","Thousands of dollars",2271614,2401917,2518017,2682594,2929109,3127130,3127355,2981978,2798593,2981373,3238240,3352145,3685528,4000575,4450557,4537261,4736238,4864705,5250154,5165528,5778114,6221965
 "06077","San Joaquin, CA",8,CAGDP2,89,"22,48-49","Transportation and utilities ","Thousands of dollars",1030846,1071810,1188720,1206167,1289657,1410796,1468474,1542487,1417689,1456069,1571613,1592227,1841597,2026370,2432739,2390882,2816912,3217190,3544810,4122349,5122775,5604982
 "06077","San Joaquin, CA",8,CAGDP2,90,"31-33,51","Manufacturing and information ","Thousands of dollars",2302439,2205832,2282675,2323184,2445186,2735444,2867349,2701348,2819648,2588590,2600271,2639518,2660714,2768602,2995703,2950950,2891126,2960272,3032709,3188451,3583081,3845825
 "06077","San Joaquin, CA",8,CAGDP2,91,"...","Private goods-producing industries 2/","Thousands of dollars",4072336,4027469,4538754,4969920,5618976,5620771,5669224,5249192,5104718,4676858,4424315,4844399,5252519,5484189,5450318,5524797,5897282,6328001,6397171,6532130,7908124,8047329
 "06077","San Joaquin, CA",8,CAGDP2,92,"...","Private services-providing industries 3/","Thousands of dollars",9334287,10204656,10809759,11648836,12521493,12533625,13128711,13358007,13326475,13553315,14108937,14443730,15340714,16123648,17128511,17745418,18685500,19807510,21273187,21610702,24735217,26889891
 "06079","San Luis Obispo, CA",8,CAGDP2,1,"...","All industry total ","Thousands of dollars",8250158,9229572,9719392,10095760,10884972,11592131,11931068,11688211,11846075,12485472,12948599,13442388,14277384,14948383,16009628,16359598,16779957,17594844,18027334,18039343,19809217,21712946
 "06079","San Luis Obispo, CA",8,CAGDP2,2,"..."," Private industries ","Thousands of dollars",7019314,7915246,8355193,8690172,9439065,10053967,10251428,9917039,10117728,10774091,11144762,11605062,12365073,12967944,13901261,14151945,14539789,15252686,15662721,15620420,17330143,19164824
 "06079","San Luis Obispo, CA",8,CAGDP2,3,"11","  Agriculture, forestry, fishing and hunting ","Thousands of dollars",356524,323460,321211,288531,292795,346261,318844,170385,300333,(D),(D),(D),(D),594748,607418,565239,534689,564419,(D),(D),532949,533364
 "06079","San Luis Obispo, CA",8,CAGDP2,6,"21","  Mining, quarrying, and oil and gas extraction ","Thousands of dollars",14275,17606,22608,29652,40852,55501,62114,64673,53793,98235,50542,49245,49586,53136,34497,29505,38953,34892,27575,32850,(D),59089
 "06079","San Luis Obispo, CA",8,CAGDP2,10,"22","  Utilities ","Thousands of dollars",1038387,1533295,1616830,1504656,1576574,1802606,1938234,1825625,2004216,2241224,2358223,2241870,2441729,2549551,2843265,2925000,2816609,2974735,2768793,2999196,3169819,4221316
 "06079","San Luis Obispo, CA",8,CAGDP2,11,"23","  Construction ","Thousands of dollars",606002,649548,688183,789319,839845,931249,852626,678102,612460,626955,626976,643226,731663,788158,878128,1026455,1090484,1175103,1273098,1252169,1306557,1249884
 "06079","San Luis Obispo, CA",8,CAGDP2,12,"31-33","  Manufacturing ","Thousands of dollars",622277,561918,623394,685177,931176,931532,785760,620683,624383,643694,698510,822460,869859,874682,896942,872107,895819,1003274,1051157,987688,1138566,1249294
 "06079","San Luis Obispo, CA",8,CAGDP2,13,"321,327-339","   Durable goods manufacturing ","Thousands of dollars",281073,287956,291038,281479,274839,286534,305885,(D),(D),299542,336483,361215,392038,370185,383534,376611,373081,403883,412818,388418,399901,442303
 "06079","San Luis Obispo, CA",8,CAGDP2,25,"311-316,322-326","   Nondurable goods manufacturing ","Thousands of dollars",341205,273962,332356,403698,656337,644998,479875,(D),(D),344152,362026,461245,477822,504497,513408,495495,522738,599391,638338,599270,738665,806991
 "06079","San Luis Obispo, CA",8,CAGDP2,34,"42","  Wholesale trade ","Thousands of dollars",160657,166194,182429,217121,258956,300453,335901,351395,310108,347929,390398,394030,405869,432929,459424,414331,398650,387820,409960,414583,440795,454188
 "06079","San Luis Obispo, CA",8,CAGDP2,35,"44-45","  Retail trade ","Thousands of dollars",742769,792917,833475,863631,886270,925360,894045,846838,836606,905779,946141,997665,1068207,1105151,1181006,1207331,1247823,1301775,1394251,1433740,1604403,1702107
 "06079","San Luis Obispo, CA",8,CAGDP2,36,"48-49","  Transportation and warehousing ","Thousands of dollars",87363,91856,96489,102886,118882,117577,105620,118810,100172,(D),(D),(D),(D),136351,146390,159248,170988,176443,(D),(D),(D),254738
 "06079","San Luis Obispo, CA",8,CAGDP2,45,"51","  Information ","Thousands of dollars",149443,148635,153846,182927,207168,207017,207920,189614,169148,179638,211551,262705,324292,333393,356489,341061,348899,385098,390753,375395,410492,432855
 "06079","San Luis Obispo, CA",8,CAGDP2,50,"52,53","  Finance, insurance, real estate, rental, and leasing ","Thousands of dollars",1476602,1709045,1803353,1841176,2030835,2050473,2200553,2442592,2490861,2495514,2546369,2570423,2681908,2888170,3024940,3059455,3230275,3238856,3408816,3541003,3889734,4090421
 "06079","San Luis Obispo, CA",8,CAGDP2,51,"52","   Finance and insurance ","Thousands of dollars",239617,305080,334710,264510,274802,316360,320983,302000,325013,336904,370179,393728,386739,420656,433288,419374,432692,472293,486225,524355,584209,555611
 "06079","San Luis Obispo, CA",8,CAGDP2,56,"53","   Real estate and rental and leasing ","Thousands of dollars",1236985,1403965,1468643,1576666,1756033,1734113,1879571,2140592,2165848,2158611,2176190,2176695,2295169,2467515,2591652,2640081,2797583,2766563,2922591,3016648,3305525,3534809
 "06079","San Luis Obispo, CA",8,CAGDP2,59,"54,55,56","  Professional and business services ","Thousands of dollars",573867,605426,652514,716784,736294,801447,885171,908589,900107,928134,956037,963118,980223,1058556,1160991,1145574,1249981,1346958,1478099,1388769,1493757,1568047
 "06079","San Luis Obispo, CA",8,CAGDP2,60,"54","   Professional, scientific, and technical services ","Thousands of dollars",344654,375233,403522,443627,462267,502087,530912,587697,596907,575227,591856,576948,587154,646816,732315,764140,846532,918652,1016277,941042,990075,1045638
 "06079","San Luis Obispo, CA",8,CAGDP2,64,"55","   Management of companies and enterprises ","Thousands of dollars",53989,47504,47630,51740,52776,54499,69787,38534,43073,50438,51210,52841,59137,53685,50454,53097,54588,66169,68604,57344,60282,56136
 "06079","San Luis Obispo, CA",8,CAGDP2,65,"56","   Administrative and support and waste management and remediation services ","Thousands of dollars",175224,182690,201362,221417,221251,244862,284472,282359,260127,302469,312971,333328,333932,358054,378221,328336,348861,362137,393218,390383,443400,466272
 "06079","San Luis Obispo, CA",8,CAGDP2,68,"61,62","  Educational services, health care, and social assistance ","Thousands of dollars",511678,552191,582921,628101,667416,705635,760902,825113,861471,910195,962959,978818,1033020,1044527,1075981,1093509,1151229,1271018,1369801,1382808,1508931,1572227
 "06079","San Luis Obispo, CA",8,CAGDP2,69,"61","   Educational services ","Thousands of dollars",24979,26482,28543,29913,25170,27301,31834,31418,34109,35403,39508,40002,44352,50153,51665,58343,60809,110066,117198,105578,116280,122638
 "06079","San Luis Obispo, CA",8,CAGDP2,70,"62","   Health care and social assistance ","Thousands of dollars",486699,525709,554377,598188,642246,678334,729068,793696,827361,874791,923451,938816,988668,994374,1024317,1035167,1090419,1160952,1252604,1277230,1392651,1449589
 "06079","San Luis Obispo, CA",8,CAGDP2,75,"71,72","  Arts, entertainment, recreation, accommodation, and food services ","Thousands of dollars",414352,474625,499124,546782,540644,545661,569420,556749,535868,542292,561538,608508,670174,758276,856488,910641,958809,991542,1056195,824729,1155935,1340819
 "06079","San Luis Obispo, CA",8,CAGDP2,76,"71","   Arts, entertainment, and recreation ","Thousands of dollars",47107,53422,62698,68760,72573,77093,89142,86968,81972,77545,80513,74216,77037,85812,94973,95312,97283,105822,111976,82866,143554,198522
 "06079","San Luis Obispo, CA",8,CAGDP2,79,"72","   Accommodation and food services ","Thousands of dollars",367244,421203,436426,478022,468071,468568,480277,469780,453896,464747,481025,534292,593137,672464,761515,815329,861526,885719,944219,741864,1012380,1142297
 "06079","San Luis Obispo, CA",8,CAGDP2,82,"81","  Other services (except government and government enterprises) ","Thousands of dollars",265119,288529,278817,293430,311359,333196,334318,317872,318201,323827,318701,318809,323776,350315,379302,402490,406582,400755,415218,376470,399799,436478
 "06079","San Luis Obispo, CA",8,CAGDP2,83,"92","Government and government enterprises ","Thousands of dollars",1230844,1314327,1364199,1405588,1445907,1538164,1679640,1771172,1728347,1711381,1803837,1837326,1912312,1980439,2108367,2207653,2240168,2342158,2364613,2418923,2479074,2548121
 "06079","San Luis Obispo, CA",8,CAGDP2,87,"11,21","Natural resources and mining ","Thousands of dollars",370799,341066,343819,318182,333647,401762,380958,235058,354127,(D),(D),(D),(D),647884,641915,594744,573642,599311,(D),(D),(D),592452
 "06079","San Luis Obispo, CA",8,CAGDP2,88,"42,44-45","Trade ","Thousands of dollars",903426,959111,1015904,1080752,1145226,1225813,1229946,1198233,1146713,1253708,1336539,1391695,1474076,1538080,1640430,1621662,1646472,1689595,1804211,1848323,2045198,2156295
 "06079","San Luis Obispo, CA",8,CAGDP2,89,"22,48-49","Transportation and utilities ","Thousands of dollars",1125750,1625151,1713319,1607541,1695456,1920182,2043854,1944435,2104388,(D),(D),(D),(D),2685902,2989655,3084248,2987597,3151178,(D),(D),(D),4476054
 "06079","San Luis Obispo, CA",8,CAGDP2,90,"31-33,51","Manufacturing and information ","Thousands of dollars",771720,710553,777239,868104,1138343,1138549,993680,810297,793532,823332,910061,1085165,1194151,1208075,1253431,1213168,1244718,1388371,1441910,1363083,1549058,1682148
 "06079","San Luis Obispo, CA",8,CAGDP2,91,"...","Private goods-producing industries 2/","Thousands of dollars",1599078,1552532,1655395,1792679,2104668,2264543,2019344,1533843,1590970,(D),(D),(D),(D),2310724,2416985,2493305,2559946,2777687,(D),(D),(D),3091630
 "06079","San Luis Obispo, CA",8,CAGDP2,92,"...","Private services-providing industries 3/","Thousands of dollars",5420236,6362714,6699797,6897493,7334397,7789424,8232084,8383196,8526758,(D),(D),(D),(D),10657220,11484276,11658639,11979843,12474998,(D),(D),(D),16073194
 "06081","San Mateo, CA",8,CAGDP2,1,"...","All industry total ","Thousands of dollars",45303636,43514646,44673596,46573826,48792451,52639124,54596859,55449802,57140809,58337572,61864893,77122829,82814292,88587125,96214449,106443375,126396261,134576775,142613897,147004975,170503410,177912200
 "06081","San Mateo, CA",8,CAGDP2,2,"..."," Private industries ","Thousands of dollars",42921746,40949700,42024523,43843322,45998558,49662982,51457206,52138524,53827383,55014076,58570615,73825353,79342218,84888832,92162703,102178056,121996589,130028190,137990188,142229988,165583666,172963945
 "06081","San Mateo, CA",8,CAGDP2,3,"11","  Agriculture, forestry, fishing and hunting ","Thousands of dollars",25597,57341,69972,82627,42777,(D),(D),(D),112149,119830,104724,119613,58479,67772,85176,77302,69245,70355,61413,76743,80824,114829
 "06081","San Mateo, CA",8,CAGDP2,6,"21","  Mining, quarrying, and oil and gas extraction ","Thousands of dollars",14499,12500,11824,15790,12123,14449,10935,11217,9553,8433,6741,9865,10454,13744,16011,43644,57269,82528,48913,61798,116277,70751
 "06081","San Mateo, CA",8,CAGDP2,10,"22","  Utilities ","Thousands of dollars",61427,66004,69826,74727,71902,(D),(D),(D),146258,212854,133394,124932,186834,196772,210690,198451,159664,154983,160350,177673,191705,227027
 "06081","San Mateo, CA",8,CAGDP2,11,"23","  Construction ","Thousands of dollars",1908369,1756907,1765132,1894212,1880774,2017199,2383018,2113936,1849649,1813307,2025068,2119667,2500977,2944760,3395974,3242374,3536690,3695607,3863917,3435400,3484636,3684069
 "06081","San Mateo, CA",8,CAGDP2,12,"31-33","  Manufacturing ","Thousands of dollars",4967216,4259632,5519880,6126213,7052689,6611144,7134641,7029266,9437024,8145274,8013810,9573289,13287124,14185196,15668864,19517358,24032111,27548826,27095981,27020464,28361174,30762714
 "06081","San Mateo, CA",8,CAGDP2,13,"321,327-339","   Durable goods manufacturing ","Thousands of dollars",2930543,2579081,2657816,2698565,2954327,3129715,(D),3076221,2829663,2850716,3018921,3627763,3765968,3650814,3500042,3203866,3284511,3226243,3715617,3601456,3530098,3749512
 "06081","San Mateo, CA",8,CAGDP2,25,"311-316,322-326","   Nondurable goods manufacturing ","Thousands of dollars",2036673,1680551,2862064,3427648,4098362,3481429,(D),3953045,6607361,5294558,4994889,5945527,9521156,10534383,12168822,16313492,20747600,24322583,23380363,23419008,24831075,27013203
 "06081","San Mateo, CA",8,CAGDP2,34,"42","  Wholesale trade ","Thousands of dollars",2053668,1981289,1948935,1993142,2157826,(D),(D),(D),2428550,2632084,2899998,2983602,2984338,3387217,3730988,3240059,3364541,3405581,3572281,3508169,3956126,4783744
 "06081","San Mateo, CA",8,CAGDP2,35,"44-45","  Retail trade ","Thousands of dollars",3413940,3398534,3314303,3175084,3390074,3459642,3167358,2956005,2958392,3145522,3214898,3347030,3564960,3790023,4127219,4369396,4712217,4846663,4998926,4879795,5549721,6085556
 "06081","San Mateo, CA",8,CAGDP2,36,"48-49","  Transportation and warehousing ","Thousands of dollars",2789135,2854521,2612063,3165095,2591888,4371460,3494155,3417361,3367244,3967811,4035173,4205031,4718230,5052508,5821516,6827172,7112840,5830117,6468914,2825097,4318524,6796819
 "06081","San Mateo, CA",8,CAGDP2,45,"51","  Information ","Thousands of dollars",5107643,5668844,5632853,6118396,6207354,6120159,6611846,6552612,6052352,6653127,7164883,8019070,15545341,15170035,16738453,20270529,31701387,33317504,36667162,40630428,51605459,53558576
 "06081","San Mateo, CA",8,CAGDP2,50,"52,53","  Finance, insurance, real estate, rental, and leasing ","Thousands of dollars",9151749,9381410,9261915,8724599,9079475,9973969,10042844,9836537,10172949,10076455,10752527,12604828,12996704,14212242,15291674,16452076,18381143,20021246,21347029,23741770,27176704,27015096
 "06081","San Mateo, CA",8,CAGDP2,51,"52","   Finance and insurance ","Thousands of dollars",2855382,2991109,3110248,2920836,3124480,3768308,3414613,2387705,2868376,2619511,2707065,4128613,4142797,4960456,5211547,5526939,6262605,6822885,6924213,7431921,9709933,9326960
 "06081","San Mateo, CA",8,CAGDP2,56,"53","   Real estate and rental and leasing ","Thousands of dollars",6296367,6390301,6151667,5803763,5954995,6205661,6628231,7448832,7304573,7456944,8045463,8476215,8853907,9251785,10080126,10925136,12118538,13198361,14422817,16309849,17466771,17688136
 "06081","San Mateo, CA",8,CAGDP2,59,"54,55,56","  Professional and business services ","Thousands of dollars",9173104,6902684,7127633,7533214,8358068,8957308,9951707,11218255,11140620,11934269,13438643,23649392,15958256,17636867,18061481,18429993,18872977,20336772,22147393,25523746,27378591,26865694
 "06081","San Mateo, CA",8,CAGDP2,60,"54","   Professional, scientific, and technical services ","Thousands of dollars",5427846,4759822,4802590,5419116,5949455,6466822,7247284,8577472,8633222,9156053,10636095,20731939,12563695,13857852,14192271,14264219,14261175,15828031,17520649,21195873,22225483,21590020
 "06081","San Mateo, CA",8,CAGDP2,64,"55","   Management of companies and enterprises ","Thousands of dollars",2428985,879346,990056,674290,752975,873218,1009054,945617,849053,862598,778829,750165,1185055,1338691,1496080,1687786,1887007,1583049,1760847,1754396,1632946,1418771
 "06081","San Mateo, CA",8,CAGDP2,65,"56","   Administrative and support and waste management and remediation services ","Thousands of dollars",1316274,1263515,1334988,1439807,1655638,1617268,1695369,1695167,1658346,1915619,2023718,2167288,2209507,2440324,2373130,2477988,2724795,2925691,2865897,2573477,3520162,3856904
 "06081","San Mateo, CA",8,CAGDP2,68,"61,62","  Educational services, health care, and social assistance ","Thousands of dollars",1919107,2117628,2243620,2425642,2502689,2683862,2824048,3118027,3273030,3411548,3602746,3737897,3909952,4316914,4614570,4920838,5136514,5480783,6312108,6301495,8340906,6984121
 "06081","San Mateo, CA",8,CAGDP2,69,"61","   Educational services ","Thousands of dollars",235572,254539,276815,306688,290139,313094,333478,365875,395988,421523,439589,485843,561779,685980,777458,860700,908920,938561,1381744,1382891,1424526,1492600
 "06081","San Mateo, CA",8,CAGDP2,70,"62","   Health care and social assistance ","Thousands of dollars",1683535,1863089,1966805,2118954,2212550,2370769,2490570,2752152,2877043,2990024,3163156,3252054,3348173,3630934,3837113,4060137,4227594,4542223,4930365,4918604,6916380,5491520
 "06081","San Mateo, CA",8,CAGDP2,75,"71,72","  Arts, entertainment, recreation, accommodation, and food services ","Thousands of dollars",1289546,1365799,1386828,1451217,1543601,1664318,1764079,1791762,1638653,1727990,1910336,2132561,2281697,2488052,2867029,3039154,3225667,3405990,3396561,2322749,3247167,4044452
 "06081","San Mateo, CA",8,CAGDP2,76,"71","   Arts, entertainment, and recreation ","Thousands of dollars",302665,343194,381880,365729,374968,344296,368417,328967,327722,403554,426541,393381,341987,312944,373779,443035,480367,497182,404499,391533,781938,1131617
 "06081","San Mateo, CA",8,CAGDP2,79,"72","   Accommodation and food services ","Thousands of dollars",986881,1022605,1004947,1085488,1168632,1320023,1395662,1462795,1310931,1324436,1483794,1739180,1939711,2175107,2493250,2596120,2745300,2908808,2992062,1931216,2465230,2912835
 "06081","San Mateo, CA",8,CAGDP2,82,"81","  Other services (except government and government enterprises) ","Thousands of dollars",1046747,1126606,1059738,1063365,1107319,1129815,1211447,1258462,1240960,1165572,1267675,1198574,1338872,1426729,1533058,1549710,1634325,1831236,1849240,1724661,1775851,1970497
 "06081","San Mateo, CA",8,CAGDP2,83,"92","Government and government enterprises ","Thousands of dollars",2381890,2564947,2649074,2730504,2793894,2976142,3139654,3311278,3313426,3323496,3294278,3297476,3472074,3698294,4051746,4265319,4399672,4548585,4623710,4774987,4919744,4948255
 "06081","San Mateo, CA",8,CAGDP2,87,"11,21","Natural resources and mining ","Thousands of dollars",40096,69841,81796,98417,54900,(D),(D),(D),121702,128263,111465,129477,68933,81516,101187,120946,126513,152883,110326,138541,197101,185580
 "06081","San Mateo, CA",8,CAGDP2,88,"42,44-45","Trade ","Thousands of dollars",5467609,5379824,5263238,5168227,5547900,(D),(D),(D),5386942,5777606,6114896,6330632,6549298,7177240,7858207,7609455,8076758,8252244,8571208,8387964,9505847,10869300
 "06081","San Mateo, CA",8,CAGDP2,89,"22,48-49","Transportation and utilities ","Thousands of dollars",2850562,2920524,2681889,3239822,2663789,(D),(D),(D),3513502,4180665,4168567,4329963,4905064,5249280,6032207,7025623,7272504,5985100,6629263,3002770,4510230,7023846
 "06081","San Mateo, CA",8,CAGDP2,90,"31-33,51","Manufacturing and information ","Thousands of dollars",10074859,9928477,11152733,12244608,13260043,12731303,13746487,13581878,15489376,14798401,15178694,17592360,28832465,29355232,32407317,39787887,55733498,60866330,63763143,67650891,79966633,84321290
 "06081","San Mateo, CA",8,CAGDP2,91,"...","Private goods-producing industries 2/","Thousands of dollars",6915681,6086381,7366808,8118841,8988363,(D),(D),(D),11408375,10086845,10150343,11822434,15857034,17211473,19166025,22880678,27695314,31397316,31070223,30594404,32042911,34632364
 "06081","San Mateo, CA",8,CAGDP2,92,"...","Private services-providing industries 3/","Thousands of dollars",36006066,34863319,34657715,35724481,37010195,(D),(D),(D),42419009,44927231,48420272,62002919,63485184,67677359,72996679,79297378,94301274,98630875,106919965,111635583,133540755,138331581
 "06083","Santa Barbara, CA",8,CAGDP2,1,"...","All industry total ","Thousands of dollars",14113297,14961633,15904142,16924292,18109467,18907590,19964689,20804658,21068863,21190469,21841469,22809868,23699222,24597304,25926487,26296779,27474155,28963583,29855363,30869226,34331324,36081257
 "06083","Santa Barbara, CA",8,CAGDP2,2,"..."," Private industries ","Thousands of dollars",11721721,12464207,13292705,14211352,15217560,15886303,16746096,17460703,17702487,17750855,18277400,19193660,19921792,20628923,21775331,22109250,23243007,24501526,25296391,26225270,29536633,31239658
 "06083","Santa Barbara, CA",8,CAGDP2,3,"11","  Agriculture, forestry, fishing and hunting ","Thousands of dollars",487952,658900,762335,720510,758244,888194,830045,799471,1335147,1194987,1028856,1234116,1447217,1500405,1578541,1536616,1464780,1560886,1482047,1619142,1791064,1935372
 "06083","Santa Barbara, CA",8,CAGDP2,6,"21","  Mining, quarrying, and oil and gas extraction ","Thousands of dollars",206923,168096,195936,225220,276862,382329,514594,573615,410727,411452,523457,591380,630233,588961,388881,309565,412656,417309,372144,264575,294737,382568
 "06083","Santa Barbara, CA",8,CAGDP2,10,"22","  Utilities ","Thousands of dollars",56571,70307,78052,81292,72194,83905,83190,83091,91511,80205,84091,74181,80546,85425,66141,52317,53524,68039,65750,71076,69513,77491
 "06083","Santa Barbara, CA",8,CAGDP2,11,"23","  Construction ","Thousands of dollars",549686,554512,694088,913464,1043734,1031106,1071944,978086,987928,1014993,950771,744154,765258,809712,985355,1004975,1043703,1111032,1223106,1179228,1169578,1226560
 "06083","Santa Barbara, CA",8,CAGDP2,12,"31-33","  Manufacturing ","Thousands of dollars",1357684,1278250,1434219,1385583,1598258,1677241,1661106,1723257,1723560,1675720,1768702,1855202,1952402,2000188,2190971,2311039,2428247,2474602,2544921,2504811,2846108,3062303
 "06083","Santa Barbara, CA",8,CAGDP2,13,"321,327-339","   Durable goods manufacturing ","Thousands of dollars",1063140,1002548,1113365,1035015,1195470,1271864,1284274,1371283,1362634,1333844,1436202,1478602,1551524,1550272,1683329,1800639,1918659,1938701,2010592,2000284,2279432,2398288
 "06083","Santa Barbara, CA",8,CAGDP2,25,"311-316,322-326","   Nondurable goods manufacturing ","Thousands of dollars",294544,275702,320855,350568,402788,405377,376832,351974,360926,341876,332499,376600,400878,449916,507642,510401,509588,535901,534328,504527,566676,664016
 "06083","Santa Barbara, CA",8,CAGDP2,34,"42","  Wholesale trade ","Thousands of dollars",465263,443071,439936,506285,558479,649691,743591,735104,669047,673682,757981,797131,875119,922582,1019722,983788,1013312,1117877,1112539,1064218,1114498,1213100
 "06083","Santa Barbara, CA",8,CAGDP2,35,"44-45","  Retail trade ","Thousands of dollars",1155721,1241359,1318949,1417245,1431881,1464551,1415462,1323323,1283791,1317181,1352077,1427108,1494088,1564234,1612490,1614322,1633511,1671609,1755054,1782888,2000342,2141205
 "06083","Santa Barbara, CA",8,CAGDP2,36,"48-49","  Transportation and warehousing ","Thousands of dollars",126399,125236,134686,169882,205789,218913,204763,209977,216947,228269,238866,254038,267240,291985,290637,295096,322055,355118,358552,357127,456692,505003
 "06083","Santa Barbara, CA",8,CAGDP2,45,"51","  Information ","Thousands of dollars",574114,573383,628766,735702,904251,983250,1213439,1100738,874433,827394,924195,1048872,1162779,1178521,1475339,1345092,1799862,1909533,1807930,2023599,2248412,2300987
 "06083","Santa Barbara, CA",8,CAGDP2,50,"52,53","  Finance, insurance, real estate, rental, and leasing ","Thousands of dollars",2895735,3167862,3222319,3253759,3424807,3429943,3668303,4210539,4424244,4387317,4445416,4633645,4731167,4813928,4925777,5168062,5267245,5512673,5835785,6450660,7240723,7548961
 "06083","Santa Barbara, CA",8,CAGDP2,51,"52","   Finance and insurance ","Thousands of dollars",584359,696024,761054,743704,779967,834851,823086,728977,745726,696387,790188,860980,819037,851213,939285,836324,856193,881702,911080,961206,1109971,1099867
 "06083","Santa Barbara, CA",8,CAGDP2,56,"53","   Real estate and rental and leasing ","Thousands of dollars",2311375,2471838,2461265,2510055,2644841,2595092,2845217,3481562,3678518,3690929,3655228,3772665,3912131,3962715,3986491,4331738,4411053,4630971,4924705,5489455,6130753,6449094
 "06083","Santa Barbara, CA",8,CAGDP2,59,"54,55,56","  Professional and business services ","Thousands of dollars",1625163,1788556,1934879,2033023,2215557,2270901,2393564,2604423,2514862,2719433,2854052,2994113,2816265,2888675,2945618,2984510,3099980,3467097,3724275,4195366,4815901,4852898
 "06083","Santa Barbara, CA",8,CAGDP2,60,"54","   Professional, scientific, and technical services ","Thousands of dollars",1058666,1171351,1220948,1289373,1375489,1432598,1527189,1704775,1607400,1701256,1792735,1844949,1811423,1837083,1913585,1962057,2077983,2228417,2393251,2477650,2773869,2896474
 "06083","Santa Barbara, CA",8,CAGDP2,64,"55","   Management of companies and enterprises ","Thousands of dollars",131935,124000,173740,186542,204194,228383,244156,245709,263706,305843,283247,255709,271394,323514,325794,328193,304305,449397,479382,553126,796339,760438
 "06083","Santa Barbara, CA",8,CAGDP2,65,"56","   Administrative and support and waste management and remediation services ","Thousands of dollars",434562,493205,540191,557108,635875,609920,622219,653940,643755,712334,778071,893454,733448,728079,706239,694260,717692,789283,851642,1164590,1245693,1195985
 "06083","Santa Barbara, CA",8,CAGDP2,68,"61,62","  Educational services, health care, and social assistance ","Thousands of dollars",986100,1064701,1145623,1259076,1288166,1354676,1447816,1597029,1708163,1779718,1872156,1914751,1980697,2080778,2231775,2362451,2457020,2517282,2623489,2699274,2917795,2984788
 "06083","Santa Barbara, CA",8,CAGDP2,69,"61","   Educational services ","Thousands of dollars",137786,129548,152049,177853,180332,180316,192656,210862,229882,226784,241995,245574,248499,259831,252134,264457,260635,277349,294354,249368,263845,286866
 "06083","Santa Barbara, CA",8,CAGDP2,70,"62","   Health care and social assistance ","Thousands of dollars",848314,935153,993574,1081223,1107834,1174360,1255160,1386167,1478281,1552934,1630161,1669176,1732198,1820948,1979641,2097994,2196385,2239933,2329135,2449905,2653950,2697922
 "06083","Santa Barbara, CA",8,CAGDP2,75,"71,72","  Arts, entertainment, recreation, accommodation, and food services ","Thousands of dollars",797938,859761,847037,1033677,945646,935726,969123,981495,942019,955705,1022009,1176260,1250496,1396523,1529579,1598641,1647574,1663263,1687428,1344604,1837419,2176504
 "06083","Santa Barbara, CA",8,CAGDP2,76,"71","   Arts, entertainment, and recreation ","Thousands of dollars",184528,208454,224870,227429,225044,216244,202136,202878,200961,220161,224975,235012,241224,260296,258347,265296,283183,284634,308304,249418,364840,481301
 "06083","Santa Barbara, CA",8,CAGDP2,79,"72","   Accommodation and food services ","Thousands of dollars",613409,651307,622166,806247,720602,719482,766987,778617,741058,735545,797034,941248,1009272,1136227,1271232,1333345,1364391,1378629,1379124,1095186,1472579,1695203
 "06083","Santa Barbara, CA",8,CAGDP2,82,"81","  Other services (except government and government enterprises) ","Thousands of dollars",436473,470213,455879,476634,493691,515878,529155,540555,520109,484797,454770,448709,468286,507006,534505,542776,599536,655205,703371,668702,733852,831919
 "06083","Santa Barbara, CA",8,CAGDP2,83,"92","Government and government enterprises ","Thousands of dollars",2391576,2497426,2611437,2712940,2891907,3021287,3218593,3343955,3366376,3439614,3564069,3616209,3777430,3968381,4151156,4187530,4231148,4462058,4558972,4643957,4794690,4841599
 "06083","Santa Barbara, CA",8,CAGDP2,87,"11,21","Natural resources and mining ","Thousands of dollars",694875,826995,958271,945730,1035106,1270523,1344639,1373086,1745874,1606439,1552313,1825495,2077450,2089366,1967422,1846181,1877437,1978195,1854191,1883717,2085801,2317940
 "06083","Santa Barbara, CA",8,CAGDP2,88,"42,44-45","Trade ","Thousands of dollars",1620984,1684430,1758886,1923530,1990360,2114242,2159053,2058427,1952839,1990864,2110058,2224239,2369207,2486816,2632212,2598110,2646823,2789486,2867593,2847106,3114840,3354305
 "06083","Santa Barbara, CA",8,CAGDP2,89,"22,48-49","Transportation and utilities ","Thousands of dollars",182970,195543,212739,251175,277983,302818,287953,293068,308458,308474,322957,328219,347785,377410,356777,347413,375579,423156,424302,428203,526204,582493
 "06083","Santa Barbara, CA",8,CAGDP2,90,"31-33,51","Manufacturing and information ","Thousands of dollars",1931798,1851634,2062985,2121285,2502509,2660491,2874545,2823994,2597993,2503115,2692897,2904075,3115181,3178709,3666310,3656131,4228109,4384135,4352851,4528410,5094520,5363291
 "06083","Santa Barbara, CA",8,CAGDP2,91,"...","Private goods-producing industries 2/","Thousands of dollars",2602245,2659758,3086578,3244777,3677098,3978870,4077689,4074429,4457362,4297153,4271786,4424852,4795110,4899266,5143748,5162196,5349387,5563830,5622218,5567756,6101487,6606804
 "06083","Santa Barbara, CA",8,CAGDP2,92,"...","Private services-providing industries 3/","Thousands of dollars",9119476,9804449,10206127,10966575,11540462,11907433,12668406,13386274,13245125,13453703,14005614,14768808,15126683,15729657,16631583,16947054,17893620,18937696,19674172,20657514,23435146,24632855
 "06085","Santa Clara, CA",8,CAGDP2,1,"...","All industry total ","Thousands of dollars",120423328,114181201,118620079,121775696,130091992,138743312,151697778,157480585,154522185,165967271,181388910,191533411,212929778,229218264,251565966,266748660,280510581,301321537,320102518,344201399,392899696,400777502
 "06085","Santa Clara, CA",8,CAGDP2,2,"..."," Private industries ","Thousands of dollars",113207894,106290063,110534682,113517000,121583401,129907806,142331018,147647214,144611264,156116555,171730092,181973765,202901350,218460301,240127427,254660275,268012995,288238443,306495721,329828426,378136624,385557816
 "06085","Santa Clara, CA",8,CAGDP2,3,"11","  Agriculture, forestry, fishing and hunting ","Thousands of dollars",465900,275849,215530,205839,160643,185649,181800,207451,321016,365563,303503,336181,303659,303978,365199,337273,312413,321962,307889,308680,315144,399415
 "06085","Santa Clara, CA",8,CAGDP2,6,"21","  Mining, quarrying, and oil and gas extraction ","Thousands of dollars",25461,28907,28529,24308,26677,52371,50367,46493,37726,33544,39352,47817,52617,56599,40939,46249,57443,63460,51506,58281,61144,66343
 "06085","Santa Clara, CA",8,CAGDP2,10,"22","  Utilities ","Thousands of dollars",1082261,922395,679208,208304,605713,977352,830789,647190,489642,601345,626063,764651,955154,1050498,1301877,1144110,2479764,3675165,3532796,3117397,2839721,2432160
 "06085","Santa Clara, CA",8,CAGDP2,11,"23","  Construction ","Thousands of dollars",4181479,3793534,3643806,3847098,4298548,4719173,5288265,4917731,4014577,3396542,3349585,3977109,4741806,5311194,6423539,7471148,7741531,8084846,8738428,8516818,8632397,9857469
 "06085","Santa Clara, CA",8,CAGDP2,12,"31-33","  Manufacturing ","Thousands of dollars",36041684,31504438,32795085,30859446,35075446,35550865,38959105,37486341,37319234,39537031,43745962,47377093,49107199,51054444,52736166,53007076,57880815,62629500,65046940,72719121,82992680,84166118
 "06085","Santa Clara, CA",8,CAGDP2,13,"321,327-339","   Durable goods manufacturing ","Thousands of dollars",33490667,29535273,30912073,29067111,(D),(D),(D),(D),(D),37497031,41678640,44651515,45722639,47886213,49880541,50410435,55510757,59989682,62373031,70213417,80152488,81894002
 "06085","Santa Clara, CA",8,CAGDP2,25,"311-316,322-326","   Nondurable goods manufacturing ","Thousands of dollars",2551017,1969165,1883012,1792335,(D),(D),(D),(D),(D),2040000,2067321,2725579,3384560,3168231,2855626,2596641,2370058,2639818,2673910,2505704,2840193,2272116
 "06085","Santa Clara, CA",8,CAGDP2,34,"42","  Wholesale trade ","Thousands of dollars",6605164,6092121,6358070,6742085,7793117,8881402,10147446,10278812,9169567,9740130,10798573,10719502,11219459,11673020,11933542,11248180,10505555,10398010,11028812,11347343,12412736,13434244
 "06085","Santa Clara, CA",8,CAGDP2,35,"44-45","  Retail trade ","Thousands of dollars",6108879,5890481,6088520,6128439,6334343,6655673,7304530,7033670,6672026,7354475,7785303,8666739,9624568,10006740,10931167,11032054,11863806,12037147,12599550,12233245,13600418,15141758
 "06085","Santa Clara, CA",8,CAGDP2,36,"48-49","  Transportation and warehousing ","Thousands of dollars",1047775,954478,911546,945276,1024754,1120556,1072965,1081818,954298,1016669,1023763,(D),1268870,1462549,1664082,1901819,1982954,2474748,2552178,2097061,5180116,4068889
 "06085","Santa Clara, CA",8,CAGDP2,45,"51","  Information ","Thousands of dollars",7581647,8289296,9980099,13246645,14676165,17101192,17844049,20509461,20734484,26185494,31164099,31157734,43875535,48785089,57332518,63598782,62962217,65370942,72029335,80681585,94026831,96235223
 "06085","Santa Clara, CA",8,CAGDP2,50,"52,53","  Finance, insurance, real estate, rental, and leasing ","Thousands of dollars",16024920,17037348,17098069,16756244,17648856,18326247,19552303,21128620,21587787,22131239,23480163,25138526,26336821,28647219,29920257,30753537,33474361,36032579,39380579,43368533,51890741,52986207
 "06085","Santa Clara, CA",8,CAGDP2,51,"52","   Finance and insurance ","Thousands of dollars",3489122,3895288,3825930,3300406,3502852,4009933,4051069,3812087,3953389,4124312,4933153,5744562,6183946,7422351,8078707,7795789,7727212,8803761,9255796,10082719,13897607,12914288
 "06085","Santa Clara, CA",8,CAGDP2,56,"53","   Real estate and rental and leasing ","Thousands of dollars",12535798,13142060,13272138,13455838,14146004,14316314,15501234,17316532,17634398,18006926,18547011,19393964,20152876,21224868,21841550,22957749,25747149,27228818,30124783,33285813,37993135,40071918
 "06085","Santa Clara, CA",8,CAGDP2,59,"54,55,56","  Professional and business services ","Thousands of dollars",23371500,20023452,20923776,21810697,20892418,22386113,26460809,28274417,26638269,28434594,31314793,(D),35002744,38200066,43709850,48634446,51517755,57780158,60265401,67132704,75322575,72494478
 "06085","Santa Clara, CA",8,CAGDP2,60,"54","   Professional, scientific, and technical services ","Thousands of dollars",17006272,14805040,15811135,15585644,16195091,17725103,20820403,22477655,20924945,22321851,24783554,(D),27554617,30085122,34340969,36945866,39848218,44497302,48318927,53384871,59922982,58335070
 "06085","Santa Clara, CA",8,CAGDP2,64,"55","   Management of companies and enterprises ","Thousands of dollars",2843723,2269070,2061931,2883577,1319421,1105489,1483292,1424801,1659019,1766206,1639064,1975901,2381005,2526440,3140454,4799344,4014551,6546270,5104811,6931353,7839053,6043020
 "06085","Santa Clara, CA",8,CAGDP2,65,"56","   Administrative and support and waste management and remediation services ","Thousands of dollars",3521505,2949342,3050710,3341475,3377906,3555521,4157115,4371961,4054305,4346538,4892175,5692945,5067123,5588505,6228428,6889235,7654986,6736586,6841663,6816480,7560540,8116387
 "06085","Santa Clara, CA",8,CAGDP2,68,"61,62","  Educational services, health care, and social assistance ","Thousands of dollars",5944973,6562523,7010673,7646411,7978190,8622623,9163074,10383364,11218507,11670574,12195361,13026483,13886992,14690301,15681285,16786261,17908997,19316200,20261706,20433576,21722409,23365413
 "06085","Santa Clara, CA",8,CAGDP2,69,"61","   Educational services ","Thousands of dollars",1722402,1883002,2064915,2278567,2339818,2540649,2689465,3009846,3353461,3572342,3779690,4015938,4271580,4541372,4875803,5272507,5591098,5935805,6103575,5819631,6068013,6833704
 "06085","Santa Clara, CA",8,CAGDP2,70,"62","   Health care and social assistance ","Thousands of dollars",4222571,4679521,4945758,5367843,5638373,6081974,6473610,7373519,7865046,8098233,8415671,9010545,9615412,10148929,10805482,11513754,12317899,13380395,14158131,14613946,15654396,16531709
 "06085","Santa Clara, CA",8,CAGDP2,75,"71,72","  Arts, entertainment, recreation, accommodation, and food services ","Thousands of dollars",2936660,3040267,3046239,3226792,3110609,3256280,3372850,3546262,3368593,3559568,3777019,3953039,4339266,4886208,5600139,6058378,6477307,6990656,7529992,5058214,6264089,7720295
 "06085","Santa Clara, CA",8,CAGDP2,76,"71","   Arts, entertainment, and recreation ","Thousands of dollars",753356,877159,1024301,931723,899322,864579,812316,906455,937893,1003179,1023205,1098385,1140802,1137568,1209238,1323692,1432830,1594900,1687915,1121485,1391172,1829809
 "06085","Santa Clara, CA",8,CAGDP2,79,"72","   Accommodation and food services ","Thousands of dollars",2183305,2163108,2021938,2295068,2211287,2391701,2560535,2639806,2430700,2556389,2753815,2854654,3198464,3748640,4390901,4734686,5044477,5395756,5842077,3936728,4872918,5890486
 "06085","Santa Clara, CA",8,CAGDP2,82,"81","  Other services (except government and government enterprises) ","Thousands of dollars",1789589,1874975,1755534,1869417,1957922,2072310,2102666,2105584,2085538,2089785,2126552,2146622,2186658,2332396,2486866,2640959,2848076,3063070,3170611,2755867,2875622,3189806
 "06085","Santa Clara, CA",8,CAGDP2,83,"92","Government and government enterprises ","Thousands of dollars",7215434,7891138,8085397,8258696,8508591,8835506,9366760,9833371,9910921,9850717,9658819,9559645,10028428,10757963,11438539,12088385,12497586,13083095,13606797,14372974,14763072,15219686
 "06085","Santa Clara, CA",8,CAGDP2,87,"11,21","Natural resources and mining ","Thousands of dollars",491362,304757,244059,230148,187320,238020,232167,253944,358742,399107,342855,383998,356277,360578,406138,383522,369856,385422,359394,366961,376288,465758
 "06085","Santa Clara, CA",8,CAGDP2,88,"42,44-45","Trade ","Thousands of dollars",12714043,11982602,12446589,12870523,14127460,15537075,17451976,17312482,15841593,17094606,18583875,19386241,20844028,21679760,22864709,22280235,22369361,22435156,23628362,23580589,26013153,28576001
 "06085","Santa Clara, CA",8,CAGDP2,89,"22,48-49","Transportation and utilities ","Thousands of dollars",2130036,1876872,1590753,1153580,1630467,2097908,1903753,1729008,1443940,1618014,1649826,(D),2224024,2513047,2965959,3045930,4462718,6149913,6084974,5214458,8019837,6501049
 "06085","Santa Clara, CA",8,CAGDP2,90,"31-33,51","Manufacturing and information ","Thousands of dollars",43623332,39793734,42775184,44106091,49751611,52652057,56803154,57995802,58053718,65722526,74910060,78534827,92982733,99839533,110068685,116605858,120843032,128000442,137076275,153400706,177019511,180401341
 "06085","Santa Clara, CA",8,CAGDP2,91,"...","Private goods-producing industries 2/","Thousands of dollars",40714525,35602729,36682950,34936691,39561314,40508058,44479537,42658017,41692553,43332680,47438402,51738200,54205281,56726216,59565843,60861746,65992202,71099769,74144763,81602900,92001365,94489344
 "06085","Santa Clara, CA",8,CAGDP2,92,"...","Private services-providing industries 3/","Thousands of dollars",72493369,70687334,73851731,78580309,82022087,89399748,97851481,104989198,102918711,112783874,124291689,130235565,148696068,161734085,180561584,193798529,202020793,217138674,232350958,248225526,286135259,291068472
 "06087","Santa Cruz, CA",8,CAGDP2,1,"...","All industry total ","Thousands of dollars",8666625,8793542,9143666,9149436,9377228,9596355,9949698,10185494,10501112,11416599,11528593,11592638,12246791,12784603,13142079,13603907,13941610,14614086,15947908,16234132,18111113,19175929
 "06087","Santa Cruz, CA",8,CAGDP2,2,"..."," Private industries ","Thousands of dollars",7567619,7626222,7925215,7881934,8069065,8216156,8477997,8637468,8981114,9918500,9994029,10032778,10586015,10998570,11276644,11650356,11982186,12544543,13824699,13960553,15857796,16927092
 "06087","Santa Cruz, CA",8,CAGDP2,3,"11","  Agriculture, forestry, fishing and hunting ","Thousands of dollars",(D),(D),(D),(D),(D),(D),(D),295517,(D),497733,(D),(D),(D),(D),(D),(D),(D),450148,312052,303976,420428,313579
 "06087","Santa Cruz, CA",8,CAGDP2,6,"21","  Mining, quarrying, and oil and gas extraction ","Thousands of dollars",7913,10340,6597,7862,5547,7369,8504,8428,6510,5104,5198,6910,6098,5808,3461,4460,6455,6665,6058,8124,8794,9128
 "06087","Santa Cruz, CA",8,CAGDP2,10,"22","  Utilities ","Thousands of dollars",16185,16841,17497,18918,18632,22644,20379,25854,27853,28596,31360,28704,29767,28496,31792,35355,37985,39573,44439,48469,52235,58225
 "06087","Santa Cruz, CA",8,CAGDP2,11,"23","  Construction ","Thousands of dollars",581341,610453,628096,707205,719462,609778,532779,566394,909629,1495943,1096264,1087248,1300311,1328741,1037995,827666,730687,756282,758355,673363,646720,704419
 "06087","Santa Cruz, CA",8,CAGDP2,12,"31-33","  Manufacturing ","Thousands of dollars",779752,747355,725824,794527,780336,732352,714598,716788,696509,710582,801927,907289,984296,970787,1090502,1182725,1353937,1508313,1828313,2381771,3245270,3369577
 "06087","Santa Cruz, CA",8,CAGDP2,13,"321,327-339","   Durable goods manufacturing ","Thousands of dollars",505552,(D),477620,541685,536660,492460,496681,488903,429510,445225,540241,602456,600608,580873,639206,652417,747775,796925,1119507,1653344,2476053,2549484
 "06087","Santa Cruz, CA",8,CAGDP2,25,"311-316,322-326","   Nondurable goods manufacturing ","Thousands of dollars",274199,(D),248205,252842,243675,239891,217917,227885,267000,265357,261687,304833,383688,389914,451297,530308,606163,711388,708806,728428,769217,820093
 "06087","Santa Cruz, CA",8,CAGDP2,34,"42","  Wholesale trade ","Thousands of dollars",372036,372641,381426,422895,504596,561845,664304,590595,553479,569563,622478,631926,654299,697623,756857,757147,747363,783693,835198,856315,917059,1002755
 "06087","Santa Cruz, CA",8,CAGDP2,35,"44-45","  Retail trade ","Thousands of dollars",972581,999344,995424,931652,979031,1021860,991403,931599,866042,899046,882710,922404,985401,1017312,1109573,1179433,1227697,1239654,1264673,1205299,1309041,1410178
 "06087","Santa Cruz, CA",8,CAGDP2,36,"48-49","  Transportation and warehousing ","Thousands of dollars",(D),(D),(D),(D),(D),(D),(D),106195,(D),104202,(D),(D),(D),(D),(D),(D),(D),146206,152955,160989,195221,216466
 "06087","Santa Cruz, CA",8,CAGDP2,45,"51","  Information ","Thousands of dollars",309286,316135,295718,199455,192212,192222,194288,171356,149305,176603,188073,196691,211804,211352,228042,220179,200949,218253,196469,176752,196085,209191
 "06087","Santa Cruz, CA",8,CAGDP2,50,"52,53","  Finance, insurance, real estate, rental, and leasing ","Thousands of dollars",1657603,1835579,1965912,1821802,1937226,1845913,1983864,2205717,2329211,2427129,2538979,2463828,2508586,2651152,2677815,2890938,2939201,3020737,3325165,3543277,3793038,4115205
 "06087","Santa Cruz, CA",8,CAGDP2,51,"52","   Finance and insurance ","Thousands of dollars",245329,318314,341698,260284,259824,295685,287507,259067,307401,328432,344869,347129,344030,385977,428514,436320,435391,442381,458711,484070,529226,523727
 "06087","Santa Cruz, CA",8,CAGDP2,56,"53","   Real estate and rental and leasing ","Thousands of dollars",1412275,1517265,1624214,1561518,1677402,1550228,1696357,1946650,2021809,2098697,2194110,2116699,2164556,2265176,2249301,2454618,2503810,2578356,2866454,3059207,3263812,3591479
 "06087","Santa Cruz, CA",8,CAGDP2,59,"54,55,56","  Professional and business services ","Thousands of dollars",1129684,1019020,1042152,1019670,1033106,1254923,1318150,1347113,1230947,1224488,1319395,1171714,1184231,1223621,1285652,1354366,1489346,1542462,2064261,1845383,1875613,1968240
 "06087","Santa Cruz, CA",8,CAGDP2,60,"54","   Professional, scientific, and technical services ","Thousands of dollars",682483,572970,543331,559939,563550,624155,639839,693093,630010,619253,687289,669847,669019,724511,752915,738715,810310,864806,1186009,1050026,1019656,1034891
 "06087","Santa Cruz, CA",8,CAGDP2,64,"55","   Management of companies and enterprises ","Thousands of dollars",247346,260173,311602,240635,230115,326438,351631,311856,271168,267864,281326,152185,162573,131907,136025,156218,197370,197746,390343,294666,308749,351885
 "06087","Santa Cruz, CA",8,CAGDP2,65,"56","   Administrative and support and waste management and remediation services ","Thousands of dollars",199855,185877,187220,219096,239441,304329,326681,342164,329769,337371,350780,349682,352639,367203,396712,459432,481665,479910,487908,500691,547207,581464
 "06087","Santa Cruz, CA",8,CAGDP2,68,"61,62","  Educational services, health care, and social assistance ","Thousands of dollars",575164,625706,676714,720322,752932,832627,874611,909751,993336,1038761,1138524,1164493,1207401,1259977,1366250,1444303,1514746,1553290,1623694,1623546,1743075,1822471
 "06087","Santa Cruz, CA",8,CAGDP2,69,"61","   Educational services ","Thousands of dollars",51273,53046,56830,63474,64599,72347,79493,90172,102696,113973,121214,130831,133176,139446,151456,161926,166798,166329,172389,153547,168291,172324
 "06087","Santa Cruz, CA",8,CAGDP2,70,"62","   Health care and social assistance ","Thousands of dollars",523890,572661,619884,656848,688333,760280,795118,819580,890639,924788,1017310,1033663,1074226,1120531,1214794,1282377,1347949,1386961,1451306,1470000,1574784,1650147
 "06087","Santa Cruz, CA",8,CAGDP2,75,"71,72","  Arts, entertainment, recreation, accommodation, and food services ","Thousands of dollars",438942,463928,461870,436822,413090,437273,438007,460265,422269,435972,454775,505807,549273,612545,695214,742335,777722,825415,939298,689107,988792,1194259
 "06087","Santa Cruz, CA",8,CAGDP2,76,"71","   Arts, entertainment, and recreation ","Thousands of dollars",88168,95915,96133,93541,93576,97095,99034,95954,92738,105926,98872,111300,119390,136004,146999,155758,158097,160958,181481,139966,253753,357505
 "06087","Santa Cruz, CA",8,CAGDP2,79,"72","   Accommodation and food services ","Thousands of dollars",350774,368013,365737,343281,319514,340178,338973,364311,329530,330046,355903,394507,429884,476541,548216,586578,619625,664456,757817,549141,735039,836755
 "06087","Santa Cruz, CA",8,CAGDP2,82,"81","  Other services (except government and government enterprises) ","Thousands of dollars",270284,292777,272687,272085,293813,317220,317585,301898,295248,304780,305734,330444,338737,369904,395041,418681,421607,453852,473768,444183,466426,533399
 "06087","Santa Cruz, CA",8,CAGDP2,83,"92","Government and government enterprises ","Thousands of dollars",1099006,1167320,1218450,1267502,1308163,1380199,1471701,1548026,1519999,1498099,1534564,1559860,1660776,1786033,1865435,1953551,1959424,2069543,2123210,2273579,2253316,2248837
 "06087","Santa Cruz, CA",8,CAGDP2,87,"11,21","Natural resources and mining ","Thousands of dollars",(D),(D),(D),(D),(D),(D),(D),303944,(D),502836,(D),(D),(D),(D),(D),(D),(D),456813,318110,312100,429223,322707
 "06087","Santa Cruz, CA",8,CAGDP2,88,"42,44-45","Trade ","Thousands of dollars",1344617,1371984,1376850,1354547,1483627,1583705,1655707,1522193,1419521,1468609,1505188,1554330,1639700,1714936,1866430,1936580,1975060,2023347,2099871,2061614,2226100,2412933
 "06087","Santa Cruz, CA",8,CAGDP2,89,"22,48-49","Transportation and utilities ","Thousands of dollars",(D),(D),(D),(D),(D),(D),(D),132049,(D),132797,(D),(D),(D),(D),(D),(D),(D),185779,197394,209458,247455,274691
 "06087","Santa Cruz, CA",8,CAGDP2,90,"31-33,51","Manufacturing and information ","Thousands of dollars",1089038,1063490,1021542,993982,972548,924574,908886,888144,845815,887184,990001,1103980,1196100,1182139,1318545,1402904,1554886,1726566,2024782,2558523,3441355,3578768
 "06087","Santa Cruz, CA",8,CAGDP2,91,"...","Private goods-producing industries 2/","Thousands of dollars",(D),(D),(D),(D),(D),(D),(D),1587126,(D),2709361,(D),(D),(D),(D),(D),(D),(D),2721408,2904778,3367234,4321212,4396703
 "06087","Santa Cruz, CA",8,CAGDP2,92,"...","Private services-providing industries 3/","Thousands of dollars",(D),(D),(D),(D),(D),(D),(D),7050342,(D),7209139,(D),(D),(D),(D),(D),(D),(D),9823135,10919921,10593319,11536584,12530388
 "06089","Shasta, CA",8,CAGDP2,1,"...","All industry total ","Thousands of dollars",4656706,5270808,5550156,5601739,5678407,6159204,6120019,6019970,6096759,6312224,6531721,6369211,6517706,6839415,7109083,7545090,8147396,8077936,8741810,8732869,9320031,9920685
 "06089","Shasta, CA",8,CAGDP2,2,"..."," Private industries ","Thousands of dollars",3910434,4485432,4720828,4736028,4781581,5244573,5135560,4992128,5093047,5294037,5492430,5324859,5435094,5685737,5891973,6325005,6910607,6768472,7438053,7368190,7877717,8419753
 "06089","Shasta, CA",8,CAGDP2,3,"11","  Agriculture, forestry, fishing and hunting ","Thousands of dollars",31507,37016,41482,37825,34686,44604,43069,42416,62931,101127,91964,115839,90614,98622,105265,93999,95050,109924,112229,120381,133443,149004
 "06089","Shasta, CA",8,CAGDP2,6,"21","  Mining, quarrying, and oil and gas extraction ","Thousands of dollars",21332,22495,25384,19367,25413,35990,39644,34331,42869,25655,29711,22159,19353,35852,25102,26518,33256,42266,44833,51081,58563,79726
 "06089","Shasta, CA",8,CAGDP2,10,"22","  Utilities ","Thousands of dollars",418733,707850,775867,734712,625653,863940,679158,609423,653905,770498,963176,786350,818321,713019,679159,881415,1094387,892456,1070151,973282,839427,893706
 "06089","Shasta, CA",8,CAGDP2,11,"23","  Construction ","Thousands of dollars",284707,308387,337282,347680,369668,419048,400840,323974,297875,321427,288381,235581,262382,268712,302963,326395,361250,378668,499256,508786,520615,552899
 "06089","Shasta, CA",8,CAGDP2,12,"31-33","  Manufacturing ","Thousands of dollars",215561,216165,221620,221719,234885,238663,232767,219555,204546,209837,218788,212075,250889,266485,291064,334003,408628,424453,445908,459152,614981,640670
 "06089","Shasta, CA",8,CAGDP2,13,"321,327-339","   Durable goods manufacturing ","Thousands of dollars",150179,(D),181985,184637,202453,200907,199568,187006,162046,173650,183203,181077,215869,228378,235728,255321,294969,303182,331733,354276,494070,520588
 "06089","Shasta, CA",8,CAGDP2,25,"311-316,322-326","   Nondurable goods manufacturing ","Thousands of dollars",65382,(D),39635,37082,32432,37756,33198,32549,42500,36187,35585,30998,35021,38107,55335,78683,113659,121270,114175,104877,120911,120083
 "06089","Shasta, CA",8,CAGDP2,34,"42","  Wholesale trade ","Thousands of dollars",103944,100600,116933,126387,143118,171272,197442,190664,158556,178770,185779,189721,214737,228254,258914,245353,248125,251191,273850,288316,313139,332833
 "06089","Shasta, CA",8,CAGDP2,35,"44-45","  Retail trade ","Thousands of dollars",487171,527155,563340,595411,614974,633965,609300,560056,536211,548879,552671,563668,616926,643773,697290,728954,756870,771171,850173,873434,987639,1062803
 "06089","Shasta, CA",8,CAGDP2,36,"48-49","  Transportation and warehousing ","Thousands of dollars",183897,182208,185108,186770,203224,223863,273342,267951,228775,200609,204824,199464,126965,132179,145218,149019,153152,159629,179236,191844,215013,233320
 "06089","Shasta, CA",8,CAGDP2,45,"51","  Information ","Thousands of dollars",84966,85660,88127,102003,100990,103336,117340,101177,92598,109867,108376,116596,136884,140342,143586,139366,133051,137669,134525,131395,141044,152932
 "06089","Shasta, CA",8,CAGDP2,50,"52,53","  Finance, insurance, real estate, rental, and leasing ","Thousands of dollars",824305,910278,934579,904539,948832,965551,967907,1066393,1267882,1261780,1251258,1247073,1208201,1381063,1349630,1387862,1530357,1404081,1501933,1480680,1545154,1652098
 "06089","Shasta, CA",8,CAGDP2,51,"52","   Finance and insurance ","Thousands of dollars",135270,161653,193149,172218,181809,201458,195580,182419,207052,214734,229212,252682,267239,340534,340817,309949,321447,332105,342705,358322,391755,398349
 "06089","Shasta, CA",8,CAGDP2,56,"53","   Real estate and rental and leasing ","Thousands of dollars",689035,748625,741430,732321,767024,764093,772327,883973,1060830,1047046,1022047,994391,940962,1040528,1008813,1077912,1208910,1071976,1159228,1122358,1153399,1253749
 "06089","Shasta, CA",8,CAGDP2,59,"54,55,56","  Professional and business services ","Thousands of dollars",329508,361530,373528,388838,445134,470789,483036,462080,412198,399908,406570,403024,426310,458416,480146,515869,575158,623404,660427,609359,676876,718736
 "06089","Shasta, CA",8,CAGDP2,60,"54","   Professional, scientific, and technical services ","Thousands of dollars",183968,210373,214103,222406,247727,262950,272078,275097,217927,212836,219485,214812,231162,242099,256752,268515,280149,295074,305643,312000,332536,358591
 "06089","Shasta, CA",8,CAGDP2,64,"55","   Management of companies and enterprises ","Thousands of dollars",44566,45495,48668,41984,45877,43691,45533,44003,42561,41058,40892,41202,48545,49647,45688,46256,65181,65152,73301,72118,97766,85228
 "06089","Shasta, CA",8,CAGDP2,65,"56","   Administrative and support and waste management and remediation services ","Thousands of dollars",100974,105663,110757,124448,151529,164147,165425,142980,151710,146014,146193,147010,146603,166669,177707,201098,229828,263178,281483,225242,246575,274918
 "06089","Shasta, CA",8,CAGDP2,68,"61,62","  Educational services, health care, and social assistance ","Thousands of dollars",523134,580196,586493,605423,605315,632278,660436,701760,755337,790860,812529,831491,850031,881350,952805,1015775,1038690,1065959,1132150,1180740,1232699,1300791
 "06089","Shasta, CA",8,CAGDP2,69,"61","   Educational services ","Thousands of dollars",30241,33925,32391,30944,30004,31185,30090,31188,32657,33622,38541,38298,39697,47907,47154,52905,50404,51458,55524,53556,57923,64881
 "06089","Shasta, CA",8,CAGDP2,70,"62","   Health care and social assistance ","Thousands of dollars",492892,546271,554102,574479,575311,601092,630347,670572,722680,757238,773989,793193,810334,833443,905651,962869,988285,1014501,1076626,1127184,1174776,1235909
 "06089","Shasta, CA",8,CAGDP2,75,"71,72","  Arts, entertainment, recreation, accommodation, and food services ","Thousands of dollars",238680,265717,295665,283018,241722,245700,237634,234135,202957,201838,205941,220296,227471,241978,264447,278385,279000,284841,302348,277073,361177,391052
 "06089","Shasta, CA",8,CAGDP2,76,"71","   Arts, entertainment, and recreation ","Thousands of dollars",32653,35963,35718,32871,33434,36219,40316,39461,38286,38902,36872,43312,43034,44851,45086,48439,49116,50871,53866,37844,45998,52719
 "06089","Shasta, CA",8,CAGDP2,79,"72","   Accommodation and food services ","Thousands of dollars",206027,229754,259947,250148,208288,209481,197318,194674,164670,162936,169069,176984,184437,197128,219361,229947,229883,233971,248482,239229,315179,338333
 "06089","Shasta, CA",8,CAGDP2,82,"81","  Other services (except government and government enterprises) ","Thousands of dollars",162989,180175,175420,182337,187967,195573,193644,178214,176407,172981,172461,181522,186010,195694,196384,202093,203634,222759,231035,222667,237944,259183
 "06089","Shasta, CA",8,CAGDP2,83,"92","Government and government enterprises ","Thousands of dollars",746272,785376,829328,865711,896827,914630,984459,1027842,1003712,1018187,1039290,1044352,1082612,1153678,1217110,1220084,1236789,1309464,1303757,1364678,1442313,1500933
 "06089","Shasta, CA",8,CAGDP2,87,"11,21","Natural resources and mining ","Thousands of dollars",52839,59511,66866,57192,60099,80594,82713,76748,105800,126783,121675,137998,109967,134474,130366,120517,128306,152190,157061,171462,192007,228730
 "06089","Shasta, CA",8,CAGDP2,88,"42,44-45","Trade ","Thousands of dollars",591116,627755,680273,721799,758092,805237,806742,750720,694767,727649,738450,753389,831664,872027,956204,974307,1004995,1022362,1124023,1161750,1300779,1395636
 "06089","Shasta, CA",8,CAGDP2,89,"22,48-49","Transportation and utilities ","Thousands of dollars",602629,890059,960974,921482,828876,1087804,952500,877373,882680,971107,1168000,985814,945285,845197,824377,1030434,1247540,1052086,1249388,1165126,1054440,1127026
 "06089","Shasta, CA",8,CAGDP2,90,"31-33,51","Manufacturing and information ","Thousands of dollars",300527,301825,309747,323722,335875,342000,350107,320732,297144,319704,327164,328671,387773,406827,434650,473370,541679,562122,580433,590548,756026,793602
 "06089","Shasta, CA",8,CAGDP2,91,"...","Private goods-producing industries 2/","Thousands of dollars",553107,584063,625768,626590,664652,738305,716320,620277,608221,658046,628844,585654,623238,669670,724393,780915,898184,955311,1102225,1139400,1327603,1422299
 "06089","Shasta, CA",8,CAGDP2,92,"...","Private services-providing industries 3/","Thousands of dollars",3357327,3901369,4095060,4109437,4116928,4506268,4419241,4371851,4484826,4635991,4863586,4739205,4811856,5016066,5167580,5544091,6012423,5813161,6335828,6228790,6550114,6997453
 "06091","Sierra, CA",8,CAGDP2,1,"...","All industry total ","Thousands of dollars",81060,81372,81857,79659,85786,89352,91998,90208,90670,92870,89435,84258,84502,82435,82747,90470,89556,97089,102503,96867,98578,114322
 "06091","Sierra, CA",8,CAGDP2,2,"..."," Private industries ","Thousands of dollars",54502,54709,54800,53368,58809,62099,63657,62337,63363,65222,61028,55676,57416,55433,53812,59718,59080,64539,68551,64127,63175,79667
 "06091","Sierra, CA",8,CAGDP2,3,"11","  Agriculture, forestry, fishing and hunting ","Thousands of dollars",2905,(D),(D),(D),(D),(D),2282,(D),(D),1732,1816,(D),(D),(D),(D),(D),39,782,362,(D),1931,3350
 "06091","Sierra, CA",8,CAGDP2,6,"21","  Mining, quarrying, and oil and gas extraction ","Thousands of dollars",2013,980,357,440,1177,1126,467,331,442,849,354,285,311,257,239,923,668,715,623,244,(D),(D)
 "06091","Sierra, CA",8,CAGDP2,10,"22","  Utilities ","Thousands of dollars",6015,9675,9448,8481,8239,10310,9677,8780,9262,8801,5106,3007,2526,1864,714,3573,4332,8586,6841,3029,1327,3983
 "06091","Sierra, CA",8,CAGDP2,11,"23","  Construction ","Thousands of dollars",(D),3297,3385,3700,5160,7049,(D),(D),(D),(D),(D),3383,3049,4308,(D),5375,(D),(D),(D),5709,4854,7902
 "06091","Sierra, CA",8,CAGDP2,12,"31-33","  Manufacturing ","Thousands of dollars",(D),3170,2926,3167,4017,4484,(D),2934,1352,(D),(D),(D),(D),(D),(D),(D),(D),(D),(D),(D),(D),(D)
 "06091","Sierra, CA",8,CAGDP2,13,"321,327-339","   Durable goods manufacturing ","Thousands of dollars",(D),2833,2605,2900,3666,(D),(D),(D),685,535,395,9,78,81,(D),(D),(D),298,242,(D),(D),(D)
 "06091","Sierra, CA",8,CAGDP2,25,"311-316,322-326","   Nondurable goods manufacturing ","Thousands of dollars",324,337,322,267,352,(D),(D),(D),667,(D),(D),(D),(D),(D),(D),(D),(D),(D),(D),764,726,884
 "06091","Sierra, CA",8,CAGDP2,34,"42","  Wholesale trade ","Thousands of dollars",(D),(D),(D),(D),(D),(D),(D),(D),(D),(D),1987,(D),867,(D),(D),(D),(D),306,(D),(D),(D),(D)
 "06091","Sierra, CA",8,CAGDP2,35,"44-45","  Retail trade ","Thousands of dollars",1934,2189,2444,2249,(D),(D),(D),(D),(D),1942,(D),1068,1270,1399,1065,1021,1255,(D),(D),1334,(D),1389
 "06091","Sierra, CA",8,CAGDP2,36,"48-49","  Transportation and warehousing ","Thousands of dollars",(D),(D),(D),(D),(D),(D),(D),(D),(D),(D),(D),(D),(D),(D),(D),(D),(D),(D),615,195,295,297
 "06091","Sierra, CA",8,CAGDP2,45,"51","  Information ","Thousands of dollars",702,780,(D),(D),(D),(D),(D),(D),(D),(D),(D),(D),(D),(D),(D),(D),(D),(D),(D),(D),(D),(D)
 "06091","Sierra, CA",8,CAGDP2,50,"52,53","  Finance, insurance, real estate, rental, and leasing ","Thousands of dollars",19023,21532,21792,21950,24482,25823,28460,32209,36546,(D),37231,33039,38365,34276,34850,36982,36342,35502,(D),39833,37589,41198
 "06091","Sierra, CA",8,CAGDP2,51,"52","   Finance and insurance ","Thousands of dollars",(D),(D),(D),(D),(D),(D),(D),(D),1193,(D),(D),(D),(D),(D),(D),(D),(D),(D),(D),68,51,52
 "06091","Sierra, CA",8,CAGDP2,56,"53","   Real estate and rental and leasing ","Thousands of dollars",(D),(D),(D),(D),(D),(D),(D),(D),35353,(D),(D),(D),(D),(D),(D),(D),(D),(D),37893,39764,37538,41146
 "06091","Sierra, CA",8,CAGDP2,59,"54,55,56","  Professional and business services ","Thousands of dollars",1375,1168,961,(D),1074,1289,(D),1887,2230,2621,(D),(D),(D),1275,1466,1412,(D),(D),(D),2256,2669,2625
 "06091","Sierra, CA",8,CAGDP2,60,"54","   Professional, scientific, and technical services ","Thousands of dollars",(D),(D),(D),(D),(D),(D),1197,1349,1422,1511,(D),(D),(D),(D),(D),(D),(D),(D),(D),(D),1275,(D)
 "06091","Sierra, CA",8,CAGDP2,64,"55","   Management of companies and enterprises ","Thousands of dollars",0,0,0,0,0,0,0,0,0,0,0,0,0,0,0,0,0,0,0,0,(D),(D)
 "06091","Sierra, CA",8,CAGDP2,65,"56","   Administrative and support and waste management and remediation services ","Thousands of dollars",(D),(D),(D),(D),(D),(D),(D),538,809,1110,(D),(D),(D),(D),(D),(D),(D),(D),(D),(D),(D),1009
 "06091","Sierra, CA",8,CAGDP2,68,"61,62","  Educational services, health care, and social assistance ","Thousands of dollars",(D),678,769,755,713,711,822,1137,1152,1257,1342,1306,1316,1347,1496,2372,2220,2088,2163,2336,2571,2670
 "06091","Sierra, CA",8,CAGDP2,69,"61","   Educational services ","Thousands of dollars",122,125,95,51,56,79,146,95,3,2,1,99,51,66,135,148,252,138,127,(D),(D),(D)
 "06091","Sierra, CA",8,CAGDP2,70,"62","   Health care and social assistance ","Thousands of dollars",(D),553,674,704,657,632,676,1041,1149,1255,1341,1207,1265,1281,1361,2224,1968,1950,2036,(D),(D),(D)
 "06091","Sierra, CA",8,CAGDP2,75,"71,72","  Arts, entertainment, recreation, accommodation, and food services ","Thousands of dollars",4455,(D),5587,(D),3924,3349,(D),3938,2622,3237,2889,(D),1815,2799,2497,(D),2327,2615,3263,3489,(D),6490
 "06091","Sierra, CA",8,CAGDP2,76,"71","   Arts, entertainment, and recreation ","Thousands of dollars",852,(D),(D),(D),(D),165,862,(D),(D),(D),(D),126,(D),(D),(D),258,152,325,362,547,708,1163
 "06091","Sierra, CA",8,CAGDP2,79,"72","   Accommodation and food services ","Thousands of dollars",3603,(D),(D),(D),(D),3184,(D),(D),(D),(D),(D),(D),(D),(D),(D),(D),2175,2290,2901,2942,(D),5327
 "06091","Sierra, CA",8,CAGDP2,82,"81","  Other services (except government and government enterprises) ","Thousands of dollars",1453,1335,(D),1595,(D),(D),(D),(D),1617,(D),(D),(D),(D),(D),(D),2251,2538,(D),3120,(D),(D),2828
 "06091","Sierra, CA",8,CAGDP2,83,"92","Government and government enterprises ","Thousands of dollars",26558,26664,27057,26291,26977,27253,28341,27871,27307,27647,28406,28582,27086,27003,28935,30751,30476,32550,33952,32740,35404,34655
 "06091","Sierra, CA",8,CAGDP2,87,"11,21","Natural resources and mining ","Thousands of dollars",4918,(D),(D),(D),(D),(D),2749,(D),(D),2581,2171,(D),(D),(D),(D),(D),707,1497,985,(D),(D),(D)
 "06091","Sierra, CA",8,CAGDP2,88,"42,44-45","Trade ","Thousands of dollars",(D),(D),(D),(D),3626,3313,3311,3247,2754,(D),(D),(D),2137,(D),(D),(D),(D),(D),1939,(D),1572,(D)
 "06091","Sierra, CA",8,CAGDP2,89,"22,48-49","Transportation and utilities ","Thousands of dollars",(D),(D),(D),(D),(D),(D),(D),(D),(D),(D),(D),(D),(D),(D),(D),(D),(D),(D),7456,3225,1622,4281
 "06091","Sierra, CA",8,CAGDP2,90,"31-33,51","Manufacturing and information ","Thousands of dollars",(D),3950,(D),(D),(D),(D),4121,(D),(D),1259,(D),(D),(D),(D),1481,1982,(D),(D),2912,2057,1771,2073
 "06091","Sierra, CA",8,CAGDP2,91,"...","Private goods-producing industries 2/","Thousands of dollars",12581,(D),(D),(D),(D),(D),13995,9167,6814,8352,7001,9291,7896,9124,(D),8736,6361,(D),(D),(D),(D),16806
 "06091","Sierra, CA",8,CAGDP2,92,"...","Private services-providing industries 3/","Thousands of dollars",41921,(D),(D),(D),(D),(D),49662,53169,56549,56871,54028,46386,49520,46309,(D),50982,52719,(D),(D),(D),(D),62861
 "06093","Siskiyou, CA",8,CAGDP2,1,"...","All industry total ","Thousands of dollars",987225,1129582,1104676,1134672,1144187,1241770,1254559,1376089,1251931,1246110,1400922,1383032,1394222,1471556,1596764,1650212,1637738,1675270,1698573,1745972,1848548,2007673
 "06093","Siskiyou, CA",8,CAGDP2,2,"..."," Private industries ","Thousands of dollars",756910,894547,856738,874799,867392,959282,954706,1061476,948822,927341,1074553,1064590,1069236,1135515,1232331,1264113,1246579,1263046,1284772,1315681,1413501,1567802
 "06093","Siskiyou, CA",8,CAGDP2,3,"11","  Agriculture, forestry, fishing and hunting ","Thousands of dollars",95439,182959,(D),109474,(D),(D),(D),(D),(D),(D),175721,220657,182856,191039,224084,199671,190490,197325,191898,215209,237084,283297
 "06093","Siskiyou, CA",8,CAGDP2,6,"21","  Mining, quarrying, and oil and gas extraction ","Thousands of dollars",1024,245,242,2291,1917,446,507,594,387,206,560,973,7052,7730,575,654,975,939,923,1311,1530,6509
 "06093","Siskiyou, CA",8,CAGDP2,10,"22","  Utilities ","Thousands of dollars",20684,29927,(D),28705,(D),(D),(D),(D),(D),36307,58912,49297,44652,43715,43053,54302,62131,46615,51777,49923,47847,60181
 "06093","Siskiyou, CA",8,CAGDP2,11,"23","  Construction ","Thousands of dollars",40270,43182,47733,52526,53592,58890,58459,52516,55587,65758,57997,42222,44733,46010,49734,55586,58459,61383,79157,73152,73358,94783
 "06093","Siskiyou, CA",8,CAGDP2,12,"31-33","  Manufacturing ","Thousands of dollars",43468,44909,49231,52851,56519,56371,60146,56755,55038,59982,56737,54509,61262,70887,81682,96726,112157,107956,103543,102508,108435,112371
 "06093","Siskiyou, CA",8,CAGDP2,13,"321,327-339","   Durable goods manufacturing ","Thousands of dollars",35307,(D),38827,42862,45105,(D),(D),(D),(D),46160,43972,42120,47112,53970,55431,70207,82516,80207,77442,73104,78289,84027
 "06093","Siskiyou, CA",8,CAGDP2,25,"311-316,322-326","   Nondurable goods manufacturing ","Thousands of dollars",8161,(D),10404,9989,11414,(D),(D),(D),(D),13823,12765,12389,14150,16917,26250,26519,29641,27749,26101,29404,30146,28345
 "06093","Siskiyou, CA",8,CAGDP2,34,"42","  Wholesale trade ","Thousands of dollars",12683,13079,(D),16452,(D),(D),(D),(D),(D),31253,28381,30466,32741,39189,38347,32954,30810,32160,37886,40761,45335,46339
 "06093","Siskiyou, CA",8,CAGDP2,35,"44-45","  Retail trade ","Thousands of dollars",74088,78345,84406,98035,96462,98616,93472,87885,84230,83365,85021,89462,99678,110806,126375,127450,121951,112924,123087,136744,147812,159329
 "06093","Siskiyou, CA",8,CAGDP2,36,"48-49","  Transportation and warehousing ","Thousands of dollars",45890,44906,46152,47495,47915,50730,50483,45593,39500,(D),33483,30990,31134,31790,33238,31954,31731,32230,33425,32359,36768,41782
 "06093","Siskiyou, CA",8,CAGDP2,45,"51","  Information ","Thousands of dollars",20213,18616,21618,25265,28334,32208,32896,31437,27725,30118,30440,37058,45659,50441,50356,46534,38391,39310,38170,34052,34581,36537
 "06093","Siskiyou, CA",8,CAGDP2,50,"52,53","  Finance, insurance, real estate, rental, and leasing ","Thousands of dollars",190839,209360,212826,200020,209155,213665,245460,248061,287542,304052,283218,244389,253317,264389,276324,284205,250377,280862,259667,272962,290494,307393
 "06093","Siskiyou, CA",8,CAGDP2,51,"52","   Finance and insurance ","Thousands of dollars",24507,29278,30403,21825,20658,27330,27086,27927,30943,34407,37586,35878,32529,35691,35992,33400,31803,34348,32099,33260,38854,38211
 "06093","Siskiyou, CA",8,CAGDP2,56,"53","   Real estate and rental and leasing ","Thousands of dollars",166331,180082,182424,178195,188496,186335,218374,220134,256599,269645,245632,208511,220788,228698,240332,250805,218574,246513,227568,239701,251640,269182
 "06093","Siskiyou, CA",8,CAGDP2,59,"54,55,56","  Professional and business services ","Thousands of dollars",44495,45335,47886,46939,50466,51794,58295,59805,53761,57974,60357,60114,55134,59448,66362,69371,71542,70128,66954,68025,69076,72451
 "06093","Siskiyou, CA",8,CAGDP2,60,"54","   Professional, scientific, and technical services ","Thousands of dollars",23236,25291,26088,26837,28732,29451,30879,32290,28751,28070,29395,28559,28181,29139,31314,31518,33174,34337,35534,34981,(D),(D)
 "06093","Siskiyou, CA",8,CAGDP2,64,"55","   Management of companies and enterprises ","Thousands of dollars",10222,8243,8493,7473,7306,6999,7897,7802,6732,6413,6608,5965,6210,6667,7763,8475,8687,7800,2625,1964,(D),(D)
 "06093","Siskiyou, CA",8,CAGDP2,65,"56","   Administrative and support and waste management and remediation services ","Thousands of dollars",11037,11801,13306,12629,14429,15344,19519,19713,18278,23491,24355,25589,20743,23641,27285,29378,29681,27991,28795,31080,29307,29665
 "06093","Siskiyou, CA",8,CAGDP2,68,"61,62","  Educational services, health care, and social assistance ","Thousands of dollars",71690,77758,82904,90401,93884,100755,105075,112173,115406,117588,120377,120283,125469,128018,136841,146108,153915,159866,165520,172000,180714,191838
 "06093","Siskiyou, CA",8,CAGDP2,69,"61","   Educational services ","Thousands of dollars",759,760,949,1517,2068,2438,3020,3131,4171,2830,4923,5854,2493,2472,2738,2785,3044,3569,4704,4354,5461,5120
 "06093","Siskiyou, CA",8,CAGDP2,70,"62","   Health care and social assistance ","Thousands of dollars",70931,76998,81955,88885,91816,98317,102055,109042,111235,114757,115453,114429,122976,125546,134103,143323,150872,156297,160816,167645,175253,186718
 "06093","Siskiyou, CA",8,CAGDP2,75,"71,72","  Arts, entertainment, recreation, accommodation, and food services ","Thousands of dollars",64919,70954,74003,69409,52952,55226,49657,48182,44834,45884,49916,52201,51937,55687,64943,77460,81474,78412,89225,73581,94422,105234
 "06093","Siskiyou, CA",8,CAGDP2,76,"71","   Arts, entertainment, and recreation ","Thousands of dollars",8657,8223,7689,6488,7039,7149,5609,6695,5863,6444,6777,6245,6803,6512,6754,9496,9112,7232,10841,8346,11960,13309
 "06093","Siskiyou, CA",8,CAGDP2,79,"72","   Accommodation and food services ","Thousands of dollars",56261,62730,66314,62921,45913,48078,44048,41487,38971,39440,43140,45956,45134,49176,58189,67964,72362,71181,78384,65234,82461,91925
 "06093","Siskiyou, CA",8,CAGDP2,82,"81","  Other services (except government and government enterprises) ","Thousands of dollars",31207,34972,33543,34936,35855,38259,37046,35922,34823,34969,33433,31968,33613,36366,40419,41137,42177,42936,43542,43097,46044,49757
 "06093","Siskiyou, CA",8,CAGDP2,83,"92","Government and government enterprises ","Thousands of dollars",230315,235035,247939,259873,276795,282488,299853,314612,303109,318770,326369,318442,324986,336041,364433,386099,391159,412224,413801,430290,435047,439872
 "06093","Siskiyou, CA",8,CAGDP2,87,"11,21","Natural resources and mining ","Thousands of dollars",96464,183203,(D),111765,(D),(D),(D),(D),(D),(D),176282,221630,189908,198769,224659,200326,191464,198264,192820,216520,238615,289806
 "06093","Siskiyou, CA",8,CAGDP2,88,"42,44-45","Trade ","Thousands of dollars",86771,91424,(D),114487,(D),(D),(D),(D),(D),114618,113402,119928,132419,149995,164721,160404,152760,145084,160973,177505,193146,205668
 "06093","Siskiyou, CA",8,CAGDP2,89,"22,48-49","Transportation and utilities ","Thousands of dollars",66575,74833,(D),76200,(D),(D),(D),(D),(D),(D),92395,80287,75786,75505,76292,86256,93862,78845,85202,82281,84616,101963
 "06093","Siskiyou, CA",8,CAGDP2,90,"31-33,51","Manufacturing and information ","Thousands of dollars",63681,63525,70850,78116,84854,88579,93042,88192,82763,90100,87176,91567,106921,121328,132038,143260,150548,147267,141713,136560,143017,148908
 "06093","Siskiyou, CA",8,CAGDP2,91,"...","Private goods-producing industries 2/","Thousands of dollars",180202,271294,(D),217142,(D),(D),(D),(D),(D),(D),291016,318361,295903,315666,356074,352638,362080,367603,375520,392179,420408,496960
 "06093","Siskiyou, CA",8,CAGDP2,92,"...","Private services-providing industries 3/","Thousands of dollars",576708,623252,(D),657657,(D),(D),(D),(D),(D),(D),783537,746229,773334,819849,876257,911475,884499,895443,909253,923502,993093,1070841
 "06095","Solano, CA",8,CAGDP2,1,"...","All industry total ","Thousands of dollars",11011484,11244802,12082882,12587578,13635978,14404702,15547828,17183353,16451135,16822343,16889878,18877270,20138616,20746140,21431367,22120166,22725056,26610754,30945346,31576656,34376655,35407753
 "06095","Solano, CA",8,CAGDP2,2,"..."," Private industries ","Thousands of dollars",8633568,8684422,9420525,9826903,10790799,11447898,12375271,13899954,13164114,13432189,13461650,15451534,16631668,17152748,17749411,18090046,18704774,22424044,26674672,27183020,29934189,30847040
 "06095","Solano, CA",8,CAGDP2,3,"11","  Agriculture, forestry, fishing and hunting ","Thousands of dollars",61592,(D),139522,126005,159045,157427,192511,312009,202477,160404,189883,254534,231866,232204,227468,206383,155451,222219,113921,114359,233957,219274
 "06095","Solano, CA",8,CAGDP2,6,"21","  Mining, quarrying, and oil and gas extraction ","Thousands of dollars",93305,47698,74723,87530,110696,136286,172149,213828,110930,139644,114313,82808,103319,90028,57031,51718,106182,128158,112213,84105,101515,120243
 "06095","Solano, CA",8,CAGDP2,10,"22","  Utilities ","Thousands of dollars",31411,49781,109749,139379,125896,176778,202259,215169,218618,284026,300016,388838,451192,451309,474737,466105,464173,501820,478229,551314,634091,729882
 "06095","Solano, CA",8,CAGDP2,11,"23","  Construction ","Thousands of dollars",724527,757938,775511,888524,1010752,1098851,984480,858860,818765,952471,1038874,965628,1033452,1031072,1151392,1267450,1365225,1523636,1913070,1657374,1863761,1936220
 "06095","Solano, CA",8,CAGDP2,12,"31-33","  Manufacturing ","Thousands of dollars",1778562,1272548,1437444,1450846,1822245,2130930,2812530,3851454,3230876,3123953,3008100,4780528,5556962,5681985,5614572,5476361,5497400,8326624,11772902,12242373,13464280,12926506
 "06095","Solano, CA",8,CAGDP2,13,"321,327-339","   Durable goods manufacturing ","Thousands of dollars",381144,357140,361081,353161,398681,408244,448461,413673,400382,391091,395661,440951,500123,497716,531752,574532,636609,715398,721795,705040,689672,760768
 "06095","Solano, CA",8,CAGDP2,25,"311-316,322-326","   Nondurable goods manufacturing ","Thousands of dollars",1397417,915408,1076362,1097685,1423564,1722685,2364069,3437781,2830495,2732862,2612439,4339577,5056839,5184269,5082820,4901829,4860791,7611226,11051107,11537333,12774608,12165738
 "06095","Solano, CA",8,CAGDP2,34,"42","  Wholesale trade ","Thousands of dollars",337988,355505,398558,433190,487216,549774,597582,627024,597189,661265,704329,719222,786091,849520,927936,812954,779728,809598,830760,866447,899497,1003095
 "06095","Solano, CA",8,CAGDP2,35,"44-45","  Retail trade ","Thousands of dollars",1074981,1151367,1237561,1218735,1225891,1234605,1123302,1050780,988300,1009795,1022716,1049795,1121615,1158927,1308108,1393342,1466405,1486473,1551423,1689583,2069008,2277842
 "06095","Solano, CA",8,CAGDP2,36,"48-49","  Transportation and warehousing ","Thousands of dollars",(D),(D),211233,276323,314023,349433,333179,362066,346800,318884,327207,323988,290461,314941,357658,404634,449156,501669,521501,529335,640697,705343
 "06095","Solano, CA",8,CAGDP2,45,"51","  Information ","Thousands of dollars",(D),146192,167239,188170,200152,218717,225901,228832,214452,233176,215064,211775,229860,224967,253265,269741,280506,298391,301247,274175,294962,309695
 "06095","Solano, CA",8,CAGDP2,50,"52,53","  Finance, insurance, real estate, rental, and leasing ","Thousands of dollars",1977177,2189669,2391251,2401367,2642050,2519473,2734556,2908760,3128588,3140013,3162898,3153984,3158953,3247606,3234610,3335753,3486547,3694628,3857475,4095987,4253488,4680540
 "06095","Solano, CA",8,CAGDP2,51,"52","   Finance and insurance ","Thousands of dollars",236171,301888,361144,317588,352157,384373,389014,378194,441604,448114,509138,512696,486809,487089,502110,503049,519046,541404,559677,585058,602034,579171
 "06095","Solano, CA",8,CAGDP2,56,"53","   Real estate and rental and leasing ","Thousands of dollars",1741006,1887781,2030107,2083779,2289892,2135101,2345542,2530565,2686983,2691899,2653759,2641288,2672143,2760517,2732500,2832704,2967501,3153224,3297798,3510929,3651455,4101369
 "06095","Solano, CA",8,CAGDP2,59,"54,55,56","  Professional and business services ","Thousands of dollars",733592,776536,745851,776192,810544,858155,911174,1046822,1008208,969334,866173,862436,861565,902786,955379,1081248,1180278,1272698,1195848,1183666,1329730,1474555
 "06095","Solano, CA",8,CAGDP2,60,"54","   Professional, scientific, and technical services ","Thousands of dollars",275888,285238,280451,295136,304224,338063,359661,418014,425785,404471,394967,390039,409929,449664,476070,463435,490773,538484,553222,556187,655648,710490
 "06095","Solano, CA",8,CAGDP2,64,"55","   Management of companies and enterprises ","Thousands of dollars",183246,196503,144824,124140,116487,127905,128215,171091,165702,149864,125966,121419,108507,95299,94270,94671,128502,112660,112335,109773,97780,103414
 "06095","Solano, CA",8,CAGDP2,65,"56","   Administrative and support and waste management and remediation services ","Thousands of dollars",274458,294795,320576,356915,389833,392187,423299,457718,416721,414999,345240,350978,343130,357823,385040,523143,561004,621554,530292,517705,576302,660650
 "06095","Solano, CA",8,CAGDP2,68,"61,62","  Educational services, health care, and social assistance ","Thousands of dollars",780589,858655,961118,1041884,1107571,1202575,1292345,1434313,1540084,1670685,1721050,1829412,1914965,2001088,2172117,2251147,2343795,2453238,2701206,2794574,2879736,3010096
 "06095","Solano, CA",8,CAGDP2,69,"61","   Educational services ","Thousands of dollars",45832,49542,63734,70130,72299,74605,81632,95868,110016,109914,106612,105694,110006,127016,130532,144355,148552,160475,172023,163780,167033,158131
 "06095","Solano, CA",8,CAGDP2,70,"62","   Health care and social assistance ","Thousands of dollars",734758,809113,897384,971753,1035273,1127970,1210713,1338445,1430068,1560771,1614438,1723718,1804958,1874072,2041585,2106791,2195243,2292762,2529183,2630794,2712704,2851965
 "06095","Solano, CA",8,CAGDP2,75,"71,72","  Arts, entertainment, recreation, accommodation, and food services ","Thousands of dollars",371904,407787,430329,430447,396720,417995,413586,427887,410042,418682,451185,477676,535964,586019,611649,655000,680985,722906,783193,597744,739838,857711
 "06095","Solano, CA",8,CAGDP2,76,"71","   Arts, entertainment, and recreation ","Thousands of dollars",56679,67648,64526,77665,74754,88454,92060,90667,88596,89830,99908,106327,139958,149223,121122,131249,129795,129398,123080,62920,90818,118046
 "06095","Solano, CA",8,CAGDP2,79,"72","   Accommodation and food services ","Thousands of dollars",315225,340139,365803,352782,321966,329541,321526,337220,321446,328851,351277,371349,396006,436797,490527,523751,551190,593508,660113,534824,649020,739666
 "06095","Solano, CA",8,CAGDP2,82,"81","  Other services (except government and government enterprises) ","Thousands of dollars",320976,341575,340435,368313,377997,396900,379717,362150,348786,349857,339842,350911,355404,380296,403487,418211,448943,481986,541684,501984,529628,596038
 "06095","Solano, CA",8,CAGDP2,83,"92","Government and government enterprises ","Thousands of dollars",2377915,2560380,2662356,2760675,2845178,2956804,3172557,3283400,3287020,3390154,3428228,3425736,3506948,3593392,3681956,4030121,4020282,4186710,4270674,4393637,4442466,4560713
 "06095","Solano, CA",8,CAGDP2,87,"11,21","Natural resources and mining ","Thousands of dollars",154896,(D),214245,213535,269741,293713,364660,525838,313407,300048,304196,337342,335185,322232,284500,258101,261633,350377,226134,198464,335471,339517
 "06095","Solano, CA",8,CAGDP2,88,"42,44-45","Trade ","Thousands of dollars",1412970,1506872,1636119,1651925,1713107,1784379,1720884,1677804,1585488,1671060,1727044,1769017,1907706,2008447,2236045,2206296,2246133,2296071,2382184,2556030,2968505,3280937
 "06095","Solano, CA",8,CAGDP2,89,"22,48-49","Transportation and utilities ","Thousands of dollars",(D),(D),320982,415702,439920,526211,535438,577235,565419,602910,627223,712827,741653,766250,832395,870739,913329,1003489,999730,1080649,1274788,1435224
 "06095","Solano, CA",8,CAGDP2,90,"31-33,51","Manufacturing and information ","Thousands of dollars",(D),1418740,1604683,1639016,2022398,2349647,3038431,4080285,3445328,3357129,3223164,4992302,5786822,5906951,5867837,5746102,5777906,8625015,12074148,12516548,13759242,13236201
 "06095","Solano, CA",8,CAGDP2,91,"...","Private goods-producing industries 2/","Thousands of dollars",2657985,(D),2427200,2552905,3102738,3523493,4161670,5236151,4363048,4376472,4351170,6083497,6925599,7035289,7050463,7001913,7124259,10200637,13912106,14098211,15663513,15202244
 "06095","Solano, CA",8,CAGDP2,92,"...","Private services-providing industries 3/","Thousands of dollars",5975584,(D),6993325,7273998,7688061,7924405,8213601,8663803,8801066,9055717,9110480,9368037,9706069,10117459,10698948,11088133,11580515,12223407,12762566,13084809,14270676,15644796
 "06097","Sonoma, CA",8,CAGDP2,1,"...","All industry total ","Thousands of dollars",16801379,17792694,17840100,18125439,18989480,19686079,20588096,20779501,20479936,21102971,21701285,22643019,23707950,25156845,26913595,28033935,28853518,30752760,31728327,31609410,34838439,36876932
 "06097","Sonoma, CA",8,CAGDP2,2,"..."," Private industries ","Thousands of dollars",14998452,15877602,15875008,16106886,16923211,17509941,18278428,18401843,18138198,18807820,19371202,20327625,21251316,22516281,24093367,25103149,25898772,27720841,28659035,28503186,31618205,33520286
 "06097","Sonoma, CA",8,CAGDP2,3,"11","  Agriculture, forestry, fishing and hunting ","Thousands of dollars",147522,138400,63641,109018,302595,(D),134395,100286,244065,111249,141464,(D),564267,(D),435119,357362,346116,410526,211583,281150,460278,249465
 "06097","Sonoma, CA",8,CAGDP2,6,"21","  Mining, quarrying, and oil and gas extraction ","Thousands of dollars",54778,53610,42262,46500,41849,47295,52967,40364,29650,23524,25989,27900,42257,48069,36541,29699,39323,50399,42431,58372,60626,60341
 "06097","Sonoma, CA",8,CAGDP2,10,"22","  Utilities ","Thousands of dollars",309113,554813,541090,542066,494008,547205,610905,608958,675261,692165,721734,721476,733243,760674,772576,796777,799129,810568,758015,890913,948263,1217997
 "06097","Sonoma, CA",8,CAGDP2,11,"23","  Construction ","Thousands of dollars",1348785,1391686,1436020,1529629,1663093,1759586,1735237,1375778,1190829,1239984,1216161,1211427,1416055,1514638,1723928,1841270,1875461,2482028,2647272,2449526,2506998,2704551
 "06097","Sonoma, CA",8,CAGDP2,12,"31-33","  Manufacturing ","Thousands of dollars",2808648,2717472,2651427,2444459,2485131,2589117,2593731,2619990,2670042,2566688,2706514,2753228,2944113,3196400,3708364,3878876,3953594,4050202,4237590,4471676,5341802,5463080
 "06097","Sonoma, CA",8,CAGDP2,13,"321,327-339","   Durable goods manufacturing ","Thousands of dollars",1825172,1719438,1595843,1406289,1395344,1323284,1253767,(D),1187286,1219239,1433313,1336657,1462867,1499898,1566407,1669246,1634794,1759434,1858384,1939835,2457609,2513627
 "06097","Sonoma, CA",8,CAGDP2,25,"311-316,322-326","   Nondurable goods manufacturing ","Thousands of dollars",983475,998035,1055583,1038169,1089786,1265833,1339963,(D),1482756,1347449,1273201,1416571,1481246,1696503,2141956,2209630,2318799,2290767,2379205,2531842,2884193,2949454
 "06097","Sonoma, CA",8,CAGDP2,34,"42","  Wholesale trade ","Thousands of dollars",532893,538888,596322,698935,874769,1019217,1169768,1179675,1026830,1114095,1245451,1294639,1310882,1399432,1418744,1335173,1255632,1293354,1366718,1360249,1450843,1493706
 "06097","Sonoma, CA",8,CAGDP2,35,"44-45","  Retail trade ","Thousands of dollars",1532470,1613053,1658933,1662398,1682780,1691666,1638562,1534301,1479461,1534195,1564577,1641322,1785288,1874411,2006688,2080633,2175730,2211323,2287099,2270280,2560861,2758554
 "06097","Sonoma, CA",8,CAGDP2,36,"48-49","  Transportation and warehousing ","Thousands of dollars",247862,262945,249112,249436,237590,(D),259478,265394,233313,274186,293050,(D),372330,(D),355513,369209,394433,411244,425425,418822,506230,558657
 "06097","Sonoma, CA",8,CAGDP2,45,"51","  Information ","Thousands of dollars",473421,543545,532342,609768,557858,545291,536836,544480,481986,532676,567376,599970,642667,651813,737217,792447,777390,855819,802773,697026,760819,810658
 "06097","Sonoma, CA",8,CAGDP2,50,"52,53","  Finance, insurance, real estate, rental, and leasing ","Thousands of dollars",3272195,3602308,3683228,3636315,3852238,3938890,4251033,4559652,4645217,4909080,4993911,5133735,5195500,5366091,5628353,5985147,6278616,6709436,6963160,7198185,7774865,8105897
 "06097","Sonoma, CA",8,CAGDP2,51,"52","   Finance and insurance ","Thousands of dollars",798920,905611,929797,814025,785654,877099,839384,743025,777680,768145,858304,867214,893068,991909,1063817,1082453,1131459,1210054,1302479,1377729,1497523,1479576
 "06097","Sonoma, CA",8,CAGDP2,56,"53","   Real estate and rental and leasing ","Thousands of dollars",2473275,2696696,2753430,2822290,3066584,3061791,3411650,3816627,3867537,4140936,4135607,4266520,4302432,4374182,4564536,4902694,5147157,5499382,5660681,5820455,6277342,6626321
 "06097","Sonoma, CA",8,CAGDP2,59,"54,55,56","  Professional and business services ","Thousands of dollars",1764550,1692822,1650638,1770028,1855842,1949970,2096868,2262937,2104044,2350644,2321029,2167921,2225407,2373573,2555168,2604811,2757628,2948210,3179341,3199310,3482903,3772824
 "06097","Sonoma, CA",8,CAGDP2,60,"54","   Professional, scientific, and technical services ","Thousands of dollars",896529,942073,940596,989224,1156423,1228645,1314228,1489116,1360118,1547107,1530594,1317204,1337162,1395169,1514135,1446748,1517846,1642036,1782431,1772127,1937950,2048226
 "06097","Sonoma, CA",8,CAGDP2,64,"55","   Management of companies and enterprises ","Thousands of dollars",360559,251372,162882,153095,137381,133614,157561,174344,173476,184945,166924,215158,257638,294397,324921,326819,340688,320287,319152,328552,356649,369859
 "06097","Sonoma, CA",8,CAGDP2,65,"56","   Administrative and support and waste management and remediation services ","Thousands of dollars",507462,499377,547160,627708,562038,587711,625079,599477,570451,618592,623511,635559,630608,684006,716113,831243,899093,985888,1077759,1098632,1188304,1354740
 "06097","Sonoma, CA",8,CAGDP2,68,"61,62","  Educational services, health care, and social assistance ","Thousands of dollars",1204990,1321522,1345727,1447995,1529371,1633688,1743706,1873282,1946433,1986960,2058247,2177805,2234431,2332767,2544589,2751376,2893594,3042798,3207017,3265534,3298723,3472338
 "06097","Sonoma, CA",8,CAGDP2,69,"61","   Educational services ","Thousands of dollars",91972,98821,102505,112937,114832,119970,129810,139170,147721,153798,148021,159311,146167,161005,168819,190697,206691,208777,243564,240915,202977,216470
 "06097","Sonoma, CA",8,CAGDP2,70,"62","   Health care and social assistance ","Thousands of dollars",1113018,1222701,1243222,1335059,1414539,1513718,1613896,1734111,1798712,1833162,1910225,2018494,2088263,2171762,2375770,2560679,2686903,2834022,2963453,3024619,3095746,3255868
 "06097","Sonoma, CA",8,CAGDP2,75,"71,72","  Arts, entertainment, recreation, accommodation, and food services ","Thousands of dollars",735382,831122,831993,753844,714525,760908,802027,821990,801668,830805,878719,981970,1093242,1230448,1342377,1397226,1454170,1525261,1596001,1125118,1580385,1866422
 "06097","Sonoma, CA",8,CAGDP2,76,"71","   Arts, entertainment, and recreation ","Thousands of dollars",145331,168278,151911,143855,149009,170038,180017,189786,199866,212692,237799,264838,292415,311826,308163,303059,302775,317797,329323,212444,275297,370363
 "06097","Sonoma, CA",8,CAGDP2,79,"72","   Accommodation and food services ","Thousands of dollars",590051,662845,680082,609989,565516,590870,622010,632204,601802,618113,640920,717133,800828,918623,1034213,1094167,1151394,1207464,1266677,912674,1305088,1496059
 "06097","Sonoma, CA",8,CAGDP2,82,"81","  Other services (except government and government enterprises) ","Thousands of dollars",565841,615415,592274,606495,631563,662183,652915,614756,609398,641569,636982,661992,691636,748743,828191,883146,897956,919674,934611,817025,884611,985796
 "06097","Sonoma, CA",8,CAGDP2,83,"92","Government and government enterprises ","Thousands of dollars",1802927,1915092,1965092,2018553,2066269,2176138,2309668,2377658,2341738,2295152,2330083,2315394,2456634,2640564,2820228,2930786,2954746,3031919,3069292,3106224,3220233,3356646
 "06097","Sonoma, CA",8,CAGDP2,87,"11,21","Natural resources and mining ","Thousands of dollars",202300,192010,105903,155518,344444,(D),187363,140650,273715,134772,167453,(D),606524,(D),471660,387061,385439,460925,254014,339522,520904,309807
 "06097","Sonoma, CA",8,CAGDP2,88,"42,44-45","Trade ","Thousands of dollars",2065364,2151941,2255255,2361333,2557549,2710883,2808330,2713976,2506291,2648291,2810027,2935961,3096169,3273843,3425432,3415806,3431362,3504677,3653816,3630528,4011704,4252260
 "06097","Sonoma, CA",8,CAGDP2,89,"22,48-49","Transportation and utilities ","Thousands of dollars",556976,817758,790201,791502,731598,(D),870382,874351,908574,966351,1014783,(D),1105573,(D),1128088,1165985,1193562,1221812,1183440,1309735,1454493,1776654
 "06097","Sonoma, CA",8,CAGDP2,90,"31-33,51","Manufacturing and information ","Thousands of dollars",3282069,3261018,3183769,3054227,3042989,3134408,3130566,3164470,3152028,3099363,3273890,3353199,3586780,3848213,4445580,4671322,4730984,4906021,5040362,5168703,6102620,6273738
 "06097","Sonoma, CA",8,CAGDP2,91,"...","Private goods-producing industries 2/","Thousands of dollars",4359733,4301168,4193350,4129606,4492668,(D),4516330,4136418,4134587,3941444,4090128,(D),4966692,(D),5903952,6107207,6214494,6993154,7138876,7260724,8369704,8477438
 "06097","Sonoma, CA",8,CAGDP2,92,"...","Private services-providing industries 3/","Thousands of dollars",10638719,11576433,11681658,11977280,12430543,(D),13762098,14265424,14003611,14866376,15281074,(D),16284625,(D),18189415,18995942,19684279,20727687,21520159,21242461,23248502,25042848
 "06099","Stanislaus, CA",8,CAGDP2,1,"...","All industry total ","Thousands of dollars",11888546,12626096,13304371,14558723,15272366,16000680,16480104,16339710,16566707,16863100,17227041,17451114,18066528,19521173,20516447,20994684,22191928,23175414,24126002,23976896,26491489,28673725
 "06099","Stanislaus, CA",8,CAGDP2,2,"..."," Private industries ","Thousands of dollars",10282534,10926048,11508605,12688228,13301210,13902499,14249485,14010672,14342839,14657428,15035710,15262196,15748493,17071146,17847813,18173794,19305713,20140410,20957620,20833536,23227865,25269147
 "06099","Stanislaus, CA",8,CAGDP2,3,"11","  Agriculture, forestry, fishing and hunting ","Thousands of dollars",697877,662520,730245,1401039,1247734,(D),(D),(D),(D),(D),(D),1390128,(D),(D),(D),(D),(D),(D),(D),(D),1861026,2222528
 "06099","Stanislaus, CA",8,CAGDP2,6,"21","  Mining, quarrying, and oil and gas extraction ","Thousands of dollars",3988,5628,6633,7507,7713,10010,7122,5810,5015,4626,4732,5926,5973,4682,4243,3346,4395,4836,5454,4471,(D),6972
 "06099","Stanislaus, CA",8,CAGDP2,10,"22","  Utilities ","Thousands of dollars",53146,61988,67050,66478,71420,160979,202879,224023,243099,250565,(D),262077,(D),(D),(D),(D),(D),(D),(D),(D),(D),521429
 "06099","Stanislaus, CA",8,CAGDP2,11,"23","  Construction ","Thousands of dollars",671215,682648,738495,862259,1040604,1007799,889023,711813,592368,525027,572682,575087,650262,704929,873786,929743,969428,1067292,1112285,1102187,1249240,1449417
 "06099","Stanislaus, CA",8,CAGDP2,12,"31-33","  Manufacturing ","Thousands of dollars",2101517,2191398,2174583,2202458,2289419,2541876,2615821,2686264,3016001,2802500,2762015,2766878,2707115,2922218,3309302,3389177,3610347,3767368,3671678,3236703,3790984,4065363
 "06099","Stanislaus, CA",8,CAGDP2,13,"321,327-339","   Durable goods manufacturing ","Thousands of dollars",593650,605440,662034,712290,741509,804134,847654,763290,631019,597967,707649,653348,677496,714601,737015,793648,865474,867754,831797,730751,770833,837097
 "06099","Stanislaus, CA",8,CAGDP2,25,"311-316,322-326","   Nondurable goods manufacturing ","Thousands of dollars",1507867,1585958,1512549,1490168,1547909,1737742,1768167,1922975,2384982,2204533,2054366,2113530,2029620,2207617,2572287,2595528,2744874,2899614,2839881,2505953,3020150,3228265
 "06099","Stanislaus, CA",8,CAGDP2,34,"42","  Wholesale trade ","Thousands of dollars",515306,527434,574595,598982,667210,704510,745479,768844,761024,835679,(D),940001,(D),(D),(D),(D),(D),(D),(D),(D),(D),1467364
 "06099","Stanislaus, CA",8,CAGDP2,35,"44-45","  Retail trade ","Thousands of dollars",1209828,1308422,1371070,1454353,1501064,1510780,1422688,1326234,1286536,1347883,1361284,1403479,1523132,1554834,1690528,1741919,1863109,1938941,2104696,2184642,2417467,2581822
 "06099","Stanislaus, CA",8,CAGDP2,36,"48-49","  Transportation and warehousing ","Thousands of dollars",415304,414650,444657,461880,535216,(D),(D),(D),(D),(D),614853,618307,642093,683640,736203,778151,798311,879431,996910,1048206,1213275,1376092
 "06099","Stanislaus, CA",8,CAGDP2,45,"51","  Information ","Thousands of dollars",203561,237968,239874,276388,260026,243270,253628,235455,186663,189718,186617,188104,208804,203911,215954,229003,244078,260859,278477,260228,292308,312188
 "06099","Stanislaus, CA",8,CAGDP2,50,"52,53","  Finance, insurance, real estate, rental, and leasing ","Thousands of dollars",1951915,2162916,2290378,2295671,2462452,2521515,2773011,2855584,3142729,3276909,3237644,3091052,3145950,3166882,3256561,3173004,3262702,3490497,3737606,3725166,4053460,4210991
 "06099","Stanislaus, CA",8,CAGDP2,51,"52","   Finance and insurance ","Thousands of dollars",352823,421245,465679,392377,399934,444100,453482,430160,462083,461720,494412,495015,490438,544507,565714,540941,531113,561788,582838,612828,694718,685128
 "06099","Stanislaus, CA",8,CAGDP2,56,"53","   Real estate and rental and leasing ","Thousands of dollars",1599092,1741671,1824699,1903294,2062518,2077414,2319530,2425424,2680646,2815189,2743231,2596037,2655512,2622375,2690847,2632064,2731590,2928710,3154768,3112337,3358742,3525862
 "06099","Stanislaus, CA",8,CAGDP2,59,"54,55,56","  Professional and business services ","Thousands of dollars",858844,895470,922733,954556,1025635,1022316,1065248,1086549,1011501,994353,993447,1005022,1028138,1079201,1157352,1224797,1334993,1390817,1447193,1480319,1619153,1718589
 "06099","Stanislaus, CA",8,CAGDP2,60,"54","   Professional, scientific, and technical services ","Thousands of dollars",346596,378869,396835,430389,463515,471872,478237,476667,431451,427641,444204,440992,457934,492246,535084,554734,575196,599456,623454,634817,681456,708606
 "06099","Stanislaus, CA",8,CAGDP2,64,"55","   Management of companies and enterprises ","Thousands of dollars",223008,219492,194758,179438,183470,156153,163739,175742,172667,161877,144181,147693,155523,150967,177943,173526,200550,188251,194445,196543,220819,259466
 "06099","Stanislaus, CA",8,CAGDP2,65,"56","   Administrative and support and waste management and remediation services ","Thousands of dollars",289240,297110,331140,344729,378650,394291,423272,434140,407384,404835,405063,416337,414682,435988,444325,496536,559247,603109,629293,648959,716878,750517
 "06099","Stanislaus, CA",8,CAGDP2,68,"61,62","  Educational services, health care, and social assistance ","Thousands of dollars",923964,1017441,1158076,1244067,1327410,1357240,1488037,1643068,1804150,1907778,1999227,2119956,2151691,2246255,2420482,2514021,2655477,2825551,3043489,3214708,3448882,3607626
 "06099","Stanislaus, CA",8,CAGDP2,69,"61","   Educational services ","Thousands of dollars",25652,27133,31095,36713,38532,40123,48293,54196,63715,71968,82123,90239,97900,104393,88434,91974,89893,83568,85347,72710,76174,83333
 "06099","Stanislaus, CA",8,CAGDP2,70,"62","   Health care and social assistance ","Thousands of dollars",898312,990308,1126981,1207354,1288878,1317117,1439744,1588871,1740435,1835810,1917104,2029717,2053790,2141862,2332048,2422048,2565584,2741982,2958142,3141998,3372708,3524293
 "06099","Stanislaus, CA",8,CAGDP2,75,"71,72","  Arts, entertainment, recreation, accommodation, and food services ","Thousands of dollars",313491,346968,387624,440313,428596,445676,431301,455877,434377,440753,447809,486292,520105,588892,670170,745387,786356,807220,839031,692426,961781,1103192
 "06099","Stanislaus, CA",8,CAGDP2,76,"71","   Arts, entertainment, and recreation ","Thousands of dollars",30126,33271,39316,44747,51825,50942,49821,54786,57360,61351,61142,67560,70423,83725,97496,115061,117592,114185,92957,60444,75494,91890
 "06099","Stanislaus, CA",8,CAGDP2,79,"72","   Accommodation and food services ","Thousands of dollars",283365,313697,348308,395566,376771,394734,381480,401091,377017,379402,386668,418732,449683,505167,572673,630326,668764,693034,746074,631982,886287,1011302
 "06099","Stanislaus, CA",8,CAGDP2,82,"81","  Other services (except government and government enterprises) ","Thousands of dollars",362578,410597,402592,422276,436713,457788,445675,420919,405785,408007,401228,409886,411872,443398,458298,477617,494852,531603,548301,521121,564416,625577
 "06099","Stanislaus, CA",8,CAGDP2,83,"92","Government and government enterprises ","Thousands of dollars",1606012,1700047,1795766,1870496,1971156,2098182,2230618,2329038,2223868,2205672,2191331,2188917,2318035,2450027,2668635,2820890,2886214,3035004,3168382,3143360,3263624,3404578
 "06099","Stanislaus, CA",8,CAGDP2,87,"11,21","Natural resources and mining ","Thousands of dollars",701865,668148,736878,1408546,1255447,(D),(D),(D),(D),(D),(D),1396055,(D),(D),(D),(D),(D),(D),(D),(D),(D),2229500
 "06099","Stanislaus, CA",8,CAGDP2,88,"42,44-45","Trade ","Thousands of dollars",1725134,1835856,1945665,2053335,2168275,2215290,2168168,2095079,2047560,2183562,(D),2343480,(D),(D),(D),(D),(D),(D),(D),(D),(D),4049186
 "06099","Stanislaus, CA",8,CAGDP2,89,"22,48-49","Transportation and utilities ","Thousands of dollars",468450,476638,511707,528358,606636,(D),(D),(D),(D),(D),(D),880385,(D),(D),(D),(D),(D),(D),(D),(D),(D),1897521
 "06099","Stanislaus, CA",8,CAGDP2,90,"31-33,51","Manufacturing and information ","Thousands of dollars",2305078,2429366,2414457,2478845,2549444,2785146,2869449,2921719,3202664,2992218,2948632,2954982,2915919,3126129,3525257,3618179,3854426,4028227,3950155,3496931,4083292,4377551
 "06099","Stanislaus, CA",8,CAGDP2,91,"...","Private goods-producing industries 2/","Thousands of dollars",3474597,3542194,3649956,4473263,4585470,(D),(D),(D),(D),(D),(D),4738020,(D),(D),(D),(D),(D),(D),(D),(D),(D),7744279
 "06099","Stanislaus, CA",8,CAGDP2,92,"...","Private services-providing industries 3/","Thousands of dollars",6807937,7383854,7858648,8214965,8715741,(D),(D),(D),(D),(D),(D),10524177,(D),(D),(D),(D),(D),(D),(D),(D),(D),17524868
 "06101","Sutter, CA",8,CAGDP2,1,"...","All industry total ","Thousands of dollars",1784534,2182899,2254985,2367837,2347806,2607327,2849018,3213490,3262616,3114607,2998287,2916026,3106074,3002105,3203547,3203202,3235371,3555970,3623130,3802846,4368588,4840246
 "06101","Sutter, CA",8,CAGDP2,2,"..."," Private industries ","Thousands of dollars",1550620,1946249,2003985,2100328,2065500,2303202,2515220,2862395,2914848,2769060,2649652,2563456,2724067,2596714,2776197,2757084,2781488,3078036,3137293,3332293,3887186,4329761
 "06101","Sutter, CA",8,CAGDP2,3,"11","  Agriculture, forestry, fishing and hunting ","Thousands of dollars",172594,146183,191368,196144,130459,210552,239773,493790,587030,463980,410613,(D),379438,158889,218786,285310,252292,294616,196155,264525,328964,306585
 "06101","Sutter, CA",8,CAGDP2,6,"21","  Mining, quarrying, and oil and gas extraction ","Thousands of dollars",16685,15179,22154,24945,58522,80728,91465,128952,90256,74283,65460,45225,32438,34010,19704,24637,23823,20661,14587,10970,14021,15007
 "06101","Sutter, CA",8,CAGDP2,10,"22","  Utilities ","Thousands of dollars",43147,382132,327045,335349,231524,224364,297525,313042,303130,265271,179841,(D),164489,183777,195143,45581,43650,120561,115402,151113,313278,540350
 "06101","Sutter, CA",8,CAGDP2,11,"23","  Construction ","Thousands of dollars",108672,95940,104896,118964,143456,144400,148438,128626,130523,134589,98755,83249,83327,98352,120781,133288,143014,160156,188219,184762,195285,217082
 "06101","Sutter, CA",8,CAGDP2,12,"31-33","  Manufacturing ","Thousands of dollars",168555,151687,145220,133496,134939,146099,143606,140909,149502,153002,152706,153025,165833,169950,198223,199530,208509,210737,203351,192193,205027,220346
 "06101","Sutter, CA",8,CAGDP2,13,"321,327-339","   Durable goods manufacturing ","Thousands of dollars",43639,39686,41419,46716,49978,53084,(D),(D),(D),(D),57215,56776,66640,65619,71505,77491,85438,88714,88167,81285,87387,97784
 "06101","Sutter, CA",8,CAGDP2,25,"311-316,322-326","   Nondurable goods manufacturing ","Thousands of dollars",124915,112001,103801,86780,84961,93015,(D),(D),(D),(D),95490,96249,99193,104331,126718,122039,123071,122023,115185,110908,117640,122562
 "06101","Sutter, CA",8,CAGDP2,34,"42","  Wholesale trade ","Thousands of dollars",84512,103140,102150,112672,116807,146400,176463,189144,168649,180780,212650,(D),208172,211015,209280,207774,227208,253677,273195,277705,311180,332560
 "06101","Sutter, CA",8,CAGDP2,35,"44-45","  Retail trade ","Thousands of dollars",204855,223652,238504,257291,273490,291993,277981,255603,245829,256073,255560,265865,289596,303304,318267,336171,349934,366676,397545,450636,510044,550376
 "06101","Sutter, CA",8,CAGDP2,36,"48-49","  Transportation and warehousing ","Thousands of dollars",53262,52471,55364,62714,72068,88964,105616,91413,91812,106737,124369,124694,131900,157171,174248,183938,202944,225706,273346,297058,373535,416000
 "06101","Sutter, CA",8,CAGDP2,45,"51","  Information ","Thousands of dollars",15132,16157,17787,23178,25020,28592,38547,41512,43427,35403,34757,47064,60407,60771,54792,46205,42277,43741,50974,50164,56908,61051
 "06101","Sutter, CA",8,CAGDP2,50,"52,53","  Finance, insurance, real estate, rental, and leasing ","Thousands of dollars",331172,363899,374282,375659,400825,429639,476155,545824,563375,570978,585659,593216,625470,608060,623986,619746,598141,667880,655608,669045,709709,748385
 "06101","Sutter, CA",8,CAGDP2,51,"52","   Finance and insurance ","Thousands of dollars",43739,50059,55256,43366,44169,55888,57560,59101,71908,73148,84427,84666,86887,101216,111877,114299,109553,115216,116487,127490,143777,152580
 "06101","Sutter, CA",8,CAGDP2,56,"53","   Real estate and rental and leasing ","Thousands of dollars",287433,313839,319026,332293,356656,373750,418595,486722,491467,497830,501232,508549,538584,506845,512110,505446,488588,552664,539121,541556,565932,595805
 "06101","Sutter, CA",8,CAGDP2,59,"54,55,56","  Professional and business services ","Thousands of dollars",85790,97642,(D),123977,133568,149419,149707,142441,137040,137560,132218,142070,148330,158566,165504,175354,186687,189418,203146,216013,232554,236731
 "06101","Sutter, CA",8,CAGDP2,60,"54","   Professional, scientific, and technical services ","Thousands of dollars",(D),43813,47573,52500,52258,56554,55355,57827,53803,54126,57870,63075,65513,68103,66088,71496,74970,77923,86063,87747,93267,95684
 "06101","Sutter, CA",8,CAGDP2,64,"55","   Management of companies and enterprises ","Thousands of dollars",(D),20598,(D),17036,15248,15771,16126,16178,17423,18114,12702,12200,12865,13610,13266,11738,11802,12213,13654,13748,15341,14803
 "06101","Sutter, CA",8,CAGDP2,65,"56","   Administrative and support and waste management and remediation services ","Thousands of dollars",31273,33231,47623,54441,66062,77094,78225,68436,65814,65319,61646,66796,69952,76853,86150,92119,99916,99282,103429,114518,123947,126244
 "06101","Sutter, CA",8,CAGDP2,68,"61,62","  Educational services, health care, and social assistance ","Thousands of dollars",150112,172094,180457,208839,217767,231075,234858,254497,269174,251796,256511,274529,286146,286355,295739,313445,307942,317974,343490,373241,411449,430656
 "06101","Sutter, CA",8,CAGDP2,69,"61","   Educational services ","Thousands of dollars",7986,7988,10290,11231,8707,8194,7736,8552,7947,6220,7809,7496,5972,7053,7816,8549,8385,7098,8082,13658,16409,19659
 "06101","Sutter, CA",8,CAGDP2,70,"62","   Health care and social assistance ","Thousands of dollars",142126,164106,170167,197608,209060,222880,227121,245946,261227,245577,248702,267034,280174,279302,287924,304896,299557,310877,335408,359582,395040,410997
 "06101","Sutter, CA",8,CAGDP2,75,"71,72","  Arts, entertainment, recreation, accommodation, and food services ","Thousands of dollars",58664,65658,(D),66321,62366,62516,65460,69619,69844,74354,81330,84082,85349,95171,105472,108030,113373,120476,132949,112477,139144,159414
 "06101","Sutter, CA",8,CAGDP2,76,"71","   Arts, entertainment, and recreation ","Thousands of dollars",6270,6989,(D),6908,7314,8571,10151,9640,8096,8517,9762,11816,12107,12995,13244,14407,14138,13779,14174,9519,12518,14513
 "06101","Sutter, CA",8,CAGDP2,79,"72","   Accommodation and food services ","Thousands of dollars",52394,58669,61035,59413,55052,53945,55309,59979,61748,65836,71567,72266,73242,82176,92228,93623,99236,106696,118775,102958,126626,144901
 "06101","Sutter, CA",8,CAGDP2,82,"81","  Other services (except government and government enterprises) ","Thousands of dollars",57468,60415,60435,60780,64688,68464,69626,67021,65257,64255,59226,61248,63171,71323,76270,78077,81694,85757,89325,82392,86085,95217
 "06101","Sutter, CA",8,CAGDP2,83,"92","Government and government enterprises ","Thousands of dollars",233914,236650,251000,267509,282305,304125,333798,351095,347767,345547,348635,352569,382007,405390,427350,446117,453883,477935,485837,470553,481402,510485
 "06101","Sutter, CA",8,CAGDP2,87,"11,21","Natural resources and mining ","Thousands of dollars",189279,161363,213522,221089,188982,291279,331239,622742,677286,538263,476073,(D),411876,192899,238491,309946,276115,315277,210742,275495,342986,321593
 "06101","Sutter, CA",8,CAGDP2,88,"42,44-45","Trade ","Thousands of dollars",289366,326792,340654,369962,390297,438392,454443,444748,414478,436853,468209,(D),497768,514319,527547,543945,577142,620353,670740,728341,821225,882936
 "06101","Sutter, CA",8,CAGDP2,89,"22,48-49","Transportation and utilities ","Thousands of dollars",96409,434602,382409,398063,303591,313328,403142,404456,394943,372008,304209,(D),296389,340949,369391,229519,246594,346266,388748,448170,686813,956349
 "06101","Sutter, CA",8,CAGDP2,90,"31-33,51","Manufacturing and information ","Thousands of dollars",183687,167844,163008,156674,159959,174691,182153,182421,192928,188405,187463,200089,226240,230721,253015,245735,250786,254478,254326,242357,261935,281397
 "06101","Sutter, CA",8,CAGDP2,91,"...","Private goods-producing industries 2/","Thousands of dollars",466506,408989,463638,473549,467376,581778,623283,892277,957311,825854,727533,(D),661036,461201,557495,642764,627637,686170,602313,652450,743298,759021
 "06101","Sutter, CA",8,CAGDP2,92,"...","Private services-providing industries 3/","Thousands of dollars",1084114,1537260,1540347,1626779,1598124,1721423,1891937,1970117,1957537,1943206,1922119,(D),2063031,2135514,2218702,2114320,2153851,2391866,2534980,2679843,3143888,3570740
 "06103","Tehama, CA",8,CAGDP2,1,"...","All industry total ","Thousands of dollars",1022126,1116071,1171881,1277281,1393984,1355558,1418579,1359296,1361106,1469802,1462524,1497683,1598751,1711250,1725544,1787012,1932232,1968880,2096706,2190195,2400234,2516858
 "06103","Tehama, CA",8,CAGDP2,2,"..."," Private industries ","Thousands of dollars",833956,912984,956326,1051110,1157844,1101095,1146709,1077958,1088366,1196147,1206352,1241418,1314129,1414293,1410125,1440424,1583317,1601245,1730756,1818074,2009335,2100810
 "06103","Tehama, CA",8,CAGDP2,3,"11","  Agriculture, forestry, fishing and hunting ","Thousands of dollars",25776,24686,31564,56543,(D),(D),75146,(D),(D),101364,112569,176754,176114,189544,164717,169895,208638,180096,214041,237996,210779,258798
 "06103","Tehama, CA",8,CAGDP2,6,"21","  Mining, quarrying, and oil and gas extraction ","Thousands of dollars",7865,7715,12100,17083,34924,28138,28382,27360,12445,9572,8926,3970,3584,3789,1611,963,1231,137,111,425,514,366
 "06103","Tehama, CA",8,CAGDP2,10,"22","  Utilities ","Thousands of dollars",10606,15428,23133,22670,(D),(D),22377,(D),(D),27043,33314,29204,28915,26463,24849,25032,24116,24413,25350,25532,29359,36970
 "06103","Tehama, CA",8,CAGDP2,11,"23","  Construction ","Thousands of dollars",60701,67945,65542,60333,62661,69223,65154,55534,56642,72906,64898,56083,71879,85016,101465,94314,102537,111976,139188,160653,184634,169994
 "06103","Tehama, CA",8,CAGDP2,12,"31-33","  Manufacturing ","Thousands of dollars",128431,139427,144868,147782,156207,154708,140291,135715,124472,119168,123634,122583,150725,164134,170117,178592,188855,189171,184688,193456,280836,277979
 "06103","Tehama, CA",8,CAGDP2,13,"321,327-339","   Durable goods manufacturing ","Thousands of dollars",(D),(D),(D),(D),(D),111301,98482,(D),(D),(D),(D),(D),112956,122315,123815,132121,140239,140460,138558,147668,234215,232236
 "06103","Tehama, CA",8,CAGDP2,25,"311-316,322-326","   Nondurable goods manufacturing ","Thousands of dollars",(D),(D),(D),(D),(D),43407,41809,(D),(D),(D),(D),(D),37769,41819,46303,46471,48617,48712,46130,45788,46621,45744
 "06103","Tehama, CA",8,CAGDP2,34,"42","  Wholesale trade ","Thousands of dollars",13202,14560,15217,17461,(D),(D),27483,(D),(D),29696,36302,38212,39018,41818,43243,39459,36921,36338,39296,40999,44031,46245
 "06103","Tehama, CA",8,CAGDP2,35,"44-45","  Retail trade ","Thousands of dollars",110233,120196,137808,143928,150014,155073,151037,141471,132430,137220,132279,132729,143863,150470,164232,179723,197390,203450,233531,235625,265574,278629
 "06103","Tehama, CA",8,CAGDP2,36,"48-49","  Transportation and warehousing ","Thousands of dollars",103677,104914,104517,154647,157020,139681,118713,114800,89523,87463,86903,79404,108349,110390,117070,122877,134313,139806,142252,153242,169809,185254
 "06103","Tehama, CA",8,CAGDP2,45,"51","  Information ","Thousands of dollars",5622,6845,7314,11761,12663,13061,11755,11948,10545,12098,12050,10768,11466,11128,12104,14690,20994,24049,21937,21616,22755,23481
 "06103","Tehama, CA",8,CAGDP2,50,"52,53","  Finance, insurance, real estate, rental, and leasing ","Thousands of dollars",178000,208243,212733,206941,225608,211841,270795,251838,281660,319368,308854,309554,312359,347197,304060,291899,322513,325170,330326,348391,360845,357385
 "06103","Tehama, CA",8,CAGDP2,51,"52","   Finance and insurance ","Thousands of dollars",35156,41655,41357,24352,23608,32238,31121,28737,32504,33924,37859,39363,37518,40937,38847,37149,37229,38450,41385,40608,47230,43202
 "06103","Tehama, CA",8,CAGDP2,56,"53","   Real estate and rental and leasing ","Thousands of dollars",142844,166587,171376,182589,202000,179604,239673,223101,249156,285444,270994,270191,274841,306260,265213,254750,285284,286720,288941,307783,313615,314183
 "06103","Tehama, CA",8,CAGDP2,59,"54,55,56","  Professional and business services ","Thousands of dollars",47456,45913,42408,43525,45752,45226,47327,50107,75204,79091,80548,77784,48718,55009,60128,68386,76723,77104,85083,85894,93267,102000
 "06103","Tehama, CA",8,CAGDP2,60,"54","   Professional, scientific, and technical services ","Thousands of dollars",20095,21340,19793,20758,22534,23316,24234,25601,24224,23694,24520,23825,22324,22372,22116,23321,24623,25127,26290,25810,27598,29381
 "06103","Tehama, CA",8,CAGDP2,64,"55","   Management of companies and enterprises ","Thousands of dollars",6201,5673,5467,5727,4688,4203,4566,3566,30026,31406,32528,31220,3670,3652,5275,10704,10738,11230,10930,11135,12536,13024
 "06103","Tehama, CA",8,CAGDP2,65,"56","   Administrative and support and waste management and remediation services ","Thousands of dollars",21160,18900,17147,17039,18530,17707,18528,20940,20954,23992,23500,22738,22724,28985,32737,34361,41362,40748,47862,48948,53133,59596
 "06103","Tehama, CA",8,CAGDP2,68,"61,62","  Educational services, health care, and social assistance ","Thousands of dollars",70631,79026,83151,87635,90976,96606,102001,111991,118590,118438,123544,120289,134577,138956,149059,156590,165388,175756,188719,202101,215817,223690
 "06103","Tehama, CA",8,CAGDP2,69,"61","   Educational services ","Thousands of dollars",3327,3160,3102,3273,2858,3536,3644,3747,4038,3542,3363,3813,3634,3310,2422,2593,2262,2482,2808,2149,1608,1838
 "06103","Tehama, CA",8,CAGDP2,70,"62","   Health care and social assistance ","Thousands of dollars",67304,75866,80049,84362,88118,93070,98357,108244,114552,114896,120181,116475,130942,135646,146637,153997,163125,173275,185911,199952,214210,221852
 "06103","Tehama, CA",8,CAGDP2,75,"71,72","  Arts, entertainment, recreation, accommodation, and food services ","Thousands of dollars",36429,40224,38681,40734,36420,37968,40616,43430,40668,39819,40664,42890,42699,45494,51619,50519,55052,62089,70398,57944,72839,78521
 "06103","Tehama, CA",8,CAGDP2,76,"71","   Arts, entertainment, and recreation ","Thousands of dollars",7022,8022,8728,8933,7414,6807,8786,7896,8729,9299,7497,7182,6332,6754,5129,5824,8090,9523,9360,4785,5700,7359
 "06103","Tehama, CA",8,CAGDP2,79,"72","   Accommodation and food services ","Thousands of dollars",29407,32201,29953,31801,29007,31162,31830,35535,31939,30521,33167,35708,36366,38740,46490,44695,46962,52567,61039,53159,67140,71163
 "06103","Tehama, CA",8,CAGDP2,82,"81","  Other services (except government and government enterprises) ","Thousands of dollars",35327,37863,37291,40067,42087,45976,45632,42695,41740,42902,41870,41193,41863,44884,45850,47483,48646,51688,55837,54198,58275,61498
 "06103","Tehama, CA",8,CAGDP2,83,"92","Government and government enterprises ","Thousands of dollars",188170,203087,215554,226171,236139,254463,271870,281339,272740,273654,256171,256266,284622,296957,315419,346588,348915,367634,365950,372121,390900,416047
 "06103","Tehama, CA",8,CAGDP2,87,"11,21","Natural resources and mining ","Thousands of dollars",33641,32401,43664,73626,(D),(D),103528,(D),(D),110935,121495,180724,179698,193334,166329,170858,209869,180234,214152,238422,211293,259165
 "06103","Tehama, CA",8,CAGDP2,88,"42,44-45","Trade ","Thousands of dollars",123434,134756,153024,161390,(D),(D),178520,(D),(D),166916,168581,170942,182881,192288,207475,219183,234312,239788,272826,276625,309605,324874
 "06103","Tehama, CA",8,CAGDP2,89,"22,48-49","Transportation and utilities ","Thousands of dollars",114283,120342,127649,177317,(D),(D),141090,(D),(D),114506,120216,108608,137265,136853,141919,147910,158430,164219,167601,178774,199168,222223
 "06103","Tehama, CA",8,CAGDP2,90,"31-33,51","Manufacturing and information ","Thousands of dollars",134053,146272,152182,159543,168870,167769,152046,147663,135017,131266,135683,133351,162192,175262,182221,193282,209849,213221,206625,215072,303591,301460
 "06103","Tehama, CA",8,CAGDP2,91,"...","Private goods-producing industries 2/","Thousands of dollars",222773,239773,254075,281740,(D),(D),308973,(D),(D),303009,310026,359391,402302,442484,437911,443764,501261,481381,538028,592531,676763,707138
 "06103","Tehama, CA",8,CAGDP2,92,"...","Private services-providing industries 3/","Thousands of dollars",611183,673211,702252,769369,(D),(D),837736,(D),(D),893138,896326,882027,911827,971810,972213,996660,1082056,1119864,1192728,1225543,1332572,1393672
 "06105","Trinity, CA",8,CAGDP2,1,"...","All industry total ","Thousands of dollars",227681,258819,283106,283492,276046,299726,304623,303054,294179,335480,355526,345075,360119,361941,354350,374601,413913,410300,413591,436595,441846,465968
 "06105","Trinity, CA",8,CAGDP2,2,"..."," Private industries ","Thousands of dollars",149230,175650,197115,198664,190539,214166,207422,203698,202759,234830,246366,237074,250590,254684,252559,271635,309654,299938,304588,321785,323926,339650
 "06105","Trinity, CA",8,CAGDP2,3,"11","  Agriculture, forestry, fishing and hunting ","Thousands of dollars",4545,3253,4628,7055,5516,6320,4047,3983,2219,1928,1434,2053,2536,6263,10037,14900,19546,19955,23888,22136,26612,39586
 "06105","Trinity, CA",8,CAGDP2,6,"21","  Mining, quarrying, and oil and gas extraction ","Thousands of dollars",1059,1389,1255,1919,2124,2804,2866,2029,1659,1732,1576,1640,1505,1895,1452,2175,2674,3334,3343,4439,4765,4797
 "06105","Trinity, CA",8,CAGDP2,10,"22","  Utilities ","Thousands of dollars",(D),(D),47279,47861,(D),(D),(D),35575,26297,36730,(D),(D),50570,34082,24864,37715,52826,36677,(D),55722,39306,28416
 "06105","Trinity, CA",8,CAGDP2,11,"23","  Construction ","Thousands of dollars",11569,13239,15779,12650,10970,10559,13143,12902,14032,19505,14969,11891,16083,16884,20968,17619,18847,19493,21522,23234,18873,17446
 "06105","Trinity, CA",8,CAGDP2,12,"31-33","  Manufacturing ","Thousands of dollars",11038,11452,12137,13517,14643,13358,12977,13340,11130,11442,12647,14135,19264,19999,20239,22635,26249,30604,26465,26463,32349,37866
 "06105","Trinity, CA",8,CAGDP2,13,"321,327-339","   Durable goods manufacturing ","Thousands of dollars",(D),(D),(D),(D),(D),(D),(D),(D),(D),(D),(D),(D),16907,17355,17244,18921,(D),(D),23600,(D),28639,(D)
 "06105","Trinity, CA",8,CAGDP2,25,"311-316,322-326","   Nondurable goods manufacturing ","Thousands of dollars",(D),(D),(D),(D),(D),(D),(D),(D),(D),(D),(D),(D),2357,2644,2994,3713,(D),(D),2865,(D),3710,(D)
 "06105","Trinity, CA",8,CAGDP2,34,"42","  Wholesale trade ","Thousands of dollars",2535,3546,(D),(D),(D),(D),(D),889,1031,(D),2204,2020,2024,1746,1800,1783,1692,2229,2291,1553,2704,2620
 "06105","Trinity, CA",8,CAGDP2,35,"44-45","  Retail trade ","Thousands of dollars",17632,18304,17463,17349,16123,16274,16266,16498,19213,22735,24745,24604,24624,24711,26767,29526,30525,27995,29967,30031,33802,36947
 "06105","Trinity, CA",8,CAGDP2,36,"48-49","  Transportation and warehousing ","Thousands of dollars",2177,2184,2276,2570,2578,3062,3927,3380,2591,(D),1700,1935,1713,2178,2334,1368,1890,2621,2411,2871,3405,3502
 "06105","Trinity, CA",8,CAGDP2,45,"51","  Information ","Thousands of dollars",3309,(D),3208,2740,2726,2899,3191,3479,3163,2984,3431,4090,4537,4373,4737,4869,5521,6423,6745,6084,6555,6845
 "06105","Trinity, CA",8,CAGDP2,50,"52,53","  Finance, insurance, real estate, rental, and leasing ","Thousands of dollars",46719,55209,58635,57928,63984,59110,79951,73585,83953,(D),93891,88513,89252,98037,85787,81656,88836,88160,87867,85555,83694,84613
 "06105","Trinity, CA",8,CAGDP2,51,"52","   Finance and insurance ","Thousands of dollars",3959,4787,4532,3134,2998,3766,3949,3994,4064,4677,5643,5777,5629,6136,5974,5123,(D),(D),4924,4802,(D),4825
 "06105","Trinity, CA",8,CAGDP2,56,"53","   Real estate and rental and leasing ","Thousands of dollars",42761,50422,54102,54793,60985,55345,76002,69591,79890,(D),88248,82736,83623,91901,79813,76532,(D),(D),82943,80753,(D),79788
 "06105","Trinity, CA",8,CAGDP2,59,"54,55,56","  Professional and business services ","Thousands of dollars",(D),5812,(D),6683,7063,7352,7560,8132,8847,9671,9979,8431,8010,8792,10056,11179,11642,11766,13000,14183,15732,14831
 "06105","Trinity, CA",8,CAGDP2,60,"54","   Professional, scientific, and technical services ","Thousands of dollars",3986,4440,4929,(D),5768,5964,5879,6360,6468,6538,6779,5630,5604,6367,7393,7729,8260,8105,9177,10213,10596,8945
 "06105","Trinity, CA",8,CAGDP2,64,"55","   Management of companies and enterprises ","Thousands of dollars",0,0,0,0,0,0,0,0,0,0,0,0,0,0,0,0,0,0,0,0,0,0
 "06105","Trinity, CA",8,CAGDP2,65,"56","   Administrative and support and waste management and remediation services ","Thousands of dollars",(D),1373,(D),(D),1295,1389,1680,1772,2378,3132,3200,2801,2406,2426,2663,3449,3382,3662,3823,3970,5136,5886
 "06105","Trinity, CA",8,CAGDP2,68,"61,62","  Educational services, health care, and social assistance ","Thousands of dollars",8241,8810,(D),(D),13672,16060,10105,9958,9721,10058,(D),8238,9338,12085,19237,20701,21375,21967,22800,24210,25500,28350
 "06105","Trinity, CA",8,CAGDP2,69,"61","   Educational services ","Thousands of dollars",(D),(D),132,168,(D),(D),(D),(D),(D),(D),(D),(D),(D),(D),(D),(D),(D),(D),(D),125,149,154
 "06105","Trinity, CA",8,CAGDP2,70,"62","   Health care and social assistance ","Thousands of dollars",(D),(D),(D),(D),(D),(D),(D),(D),(D),(D),(D),(D),(D),(D),(D),(D),(D),(D),(D),24085,25351,28196
 "06105","Trinity, CA",8,CAGDP2,75,"71,72","  Arts, entertainment, recreation, accommodation, and food services ","Thousands of dollars",8757,9888,9382,9964,10413,11089,11452,11976,10532,9358,10719,(D),10589,12285,13322,13917,15473,15125,(D),11293,15878,16102
 "06105","Trinity, CA",8,CAGDP2,76,"71","   Arts, entertainment, and recreation ","Thousands of dollars",1284,1495,1489,1556,1516,1607,1672,1266,1355,2149,(D),(D),1938,(D),1945,1871,1660,1959,(D),1420,1911,2289
 "06105","Trinity, CA",8,CAGDP2,79,"72","   Accommodation and food services ","Thousands of dollars",7473,8393,7893,8409,8896,9482,9780,10710,9177,7210,(D),8511,8651,(D),11377,12046,13813,13166,(D),9873,13967,13813
 "06105","Trinity, CA",8,CAGDP2,82,"81","  Other services (except government and government enterprises) ","Thousands of dollars",6660,7649,7439,7472,7888,8768,8218,7970,8370,9087,8697,10293,10544,11355,10960,11593,12558,13588,14057,14014,14750,17727
 "06105","Trinity, CA",8,CAGDP2,83,"92","Government and government enterprises ","Thousands of dollars",78450,83169,85991,84828,85506,85559,97201,99356,91420,100649,109160,108002,109529,107257,101791,102966,104259,110363,109003,114810,117920,126318
 "06105","Trinity, CA",8,CAGDP2,87,"11,21","Natural resources and mining ","Thousands of dollars",5604,4642,5883,8974,7641,9124,6913,6012,3878,3659,3010,3693,4041,8158,11489,17075,22220,23288,27231,26575,31377,44384
 "06105","Trinity, CA",8,CAGDP2,88,"42,44-45","Trade ","Thousands of dollars",20167,21851,(D),(D),(D),(D),(D),17387,20244,(D),26949,26624,26648,26456,28567,31309,32217,30224,32258,31583,36506,39567
 "06105","Trinity, CA",8,CAGDP2,89,"22,48-49","Transportation and utilities ","Thousands of dollars",(D),(D),49555,50430,(D),(D),(D),38956,28888,(D),(D),(D),52283,36260,27198,39083,54716,39298,(D),58593,42711,31918
 "06105","Trinity, CA",8,CAGDP2,90,"31-33,51","Manufacturing and information ","Thousands of dollars",14347,(D),15345,16257,17368,16257,16168,16818,14293,14426,16078,18225,23801,24372,24976,27503,31770,37028,33210,32546,38904,44711
 "06105","Trinity, CA",8,CAGDP2,91,"...","Private goods-producing industries 2/","Thousands of dollars",28211,29333,33799,35141,33254,33041,33033,32254,29041,34607,30626,29719,39389,45041,52696,57329,67316,73385,75218,76272,82599,99696
 "06105","Trinity, CA",8,CAGDP2,92,"...","Private services-providing industries 3/","Thousands of dollars",121019,146317,163315,163523,157286,181125,174389,171444,173718,200224,215740,207354,211201,209643,199864,214307,242338,226552,229370,245514,241327,239954
 "06107","Tulare, CA",8,CAGDP2,1,"...","All industry total ","Thousands of dollars",8558012,8040797,8661283,10041344,10951887,10570750,12510161,12046149,11103358,12507634,13538673,13207482,13933232,15659425,15552573,16408344,17426838,17860731,19025450,19036118,20915635,22794238
 "06107","Tulare, CA",8,CAGDP2,2,"..."," Private industries ","Thousands of dollars",7007674,6389661,6926606,8210343,9008988,8526239,10279007,9679888,8715421,10090164,11065585,10731410,11315692,12953375,12666910,13360188,14368352,14615743,15731356,15713487,17401700,19110644
 "06107","Tulare, CA",8,CAGDP2,3,"11","  Agriculture, forestry, fishing and hunting ","Thousands of dollars",1811483,856567,1144494,2146509,2571137,1282544,2729945,2151365,1135178,2003528,2855484,2709225,2937688,4116180,3028950,3129345,3823922,3536884,3908223,3813967,4214917,4613017
 "06107","Tulare, CA",8,CAGDP2,6,"21","  Mining, quarrying, and oil and gas extraction ","Thousands of dollars",2746,3414,3754,8224,8816,13220,11806,11509,12096,12503,11078,9170,7792,9813,8125,8790,11024,12749,8764,20640,22928,25625
 "06107","Tulare, CA",8,CAGDP2,10,"22","  Utilities ","Thousands of dollars",46568,55629,59985,61460,69435,82989,79140,83310,89084,98677,106603,94268,123836,138851,171296,185664,218717,205600,222138,247706,245032,287207
 "06107","Tulare, CA",8,CAGDP2,11,"23","  Construction ","Thousands of dollars",356980,378380,415822,474464,581872,705889,736141,549803,435329,431935,398989,337272,366546,388986,491244,582771,632079,711208,823030,884520,923873,1077918
 "06107","Tulare, CA",8,CAGDP2,12,"31-33","  Manufacturing ","Thousands of dollars",792631,804879,819131,834610,852233,962291,1000385,1050937,1253344,1175766,1161212,1205099,1268225,1383780,1484209,1468538,1477776,1513244,1559199,1580298,1710088,1832441
 "06107","Tulare, CA",8,CAGDP2,13,"321,327-339","   Durable goods manufacturing ","Thousands of dollars",223480,224621,234932,242292,(D),(D),241949,227847,193641,180567,206591,209067,247009,267685,291056,291245,313956,338243,352596,337817,381476,447481
 "06107","Tulare, CA",8,CAGDP2,25,"311-316,322-326","   Nondurable goods manufacturing ","Thousands of dollars",569152,580258,584198,592317,(D),(D),758436,823089,1059703,995199,954621,996032,1021216,1116095,1193153,1177292,1163820,1175001,1206603,1242482,1328612,1384960
 "06107","Tulare, CA",8,CAGDP2,34,"42","  Wholesale trade ","Thousands of dollars",361586,362057,368409,395221,437606,469980,482575,521627,482736,533369,573174,583280,659460,747677,889417,999795,1130159,1243465,1368115,1393955,1568696,1794468
 "06107","Tulare, CA",8,CAGDP2,35,"44-45","  Retail trade ","Thousands of dollars",751686,795021,824544,867009,912117,953428,947274,923175,930699,978182,997462,1018931,1081199,1124250,1169067,1238325,1212817,1252223,1334837,1368746,1558882,1684799
 "06107","Tulare, CA",8,CAGDP2,36,"48-49","  Transportation and warehousing ","Thousands of dollars",274583,266177,306616,342735,376624,430031,447871,461942,406851,436483,451872,440578,485614,519744,554616,562554,609523,612208,615307,660189,864056,1020742
 "06107","Tulare, CA",8,CAGDP2,45,"51","  Information ","Thousands of dollars",101643,106332,146814,127331,189390,288506,310919,254757,221247,466625,445522,205010,200012,209072,232775,317333,412094,391259,376032,299846,333694,371099
 "06107","Tulare, CA",8,CAGDP2,50,"52,53","  Finance, insurance, real estate, rental, and leasing ","Thousands of dollars",1263568,1386804,1391202,1411219,1410478,1601661,1740490,1774141,1883059,2007129,2025654,2056328,2102049,2133427,2316018,2327225,2164538,2327608,2458541,2342869,2558928,2701004
 "06107","Tulare, CA",8,CAGDP2,51,"52","   Finance and insurance ","Thousands of dollars",263216,319122,346856,285707,284832,350228,326815,318375,333029,347699,383013,392186,396766,445984,452887,435192,439120,439052,442922,455591,485044,480371
 "06107","Tulare, CA",8,CAGDP2,56,"53","   Real estate and rental and leasing ","Thousands of dollars",1000352,1067681,1044346,1125512,1125647,1251433,1413675,1455766,1550030,1659430,1642641,1664142,1705283,1687443,1863132,1892033,1725418,1888556,2015618,1887279,2073884,2220633
 "06107","Tulare, CA",8,CAGDP2,59,"54,55,56","  Professional and business services ","Thousands of dollars",399582,432538,456926,486851,523841,584281,606585,635790,604891,618833,660829,686679,657938,671342,716619,818874,878217,893666,954570,980734,1026134,1097912
 "06107","Tulare, CA",8,CAGDP2,60,"54","   Professional, scientific, and technical services ","Thousands of dollars",168213,180397,189838,199588,221730,(D),230183,251943,232577,223938,236668,254177,252543,265131,281158,299385,316235,326780,340648,342752,355187,383969
 "06107","Tulare, CA",8,CAGDP2,64,"55","   Management of companies and enterprises ","Thousands of dollars",72933,74681,79385,80566,79539,(D),77851,56127,69950,82245,83453,72946,65244,65481,66476,68939,64310,70408,72846,77476,85192,85369
 "06107","Tulare, CA",8,CAGDP2,65,"56","   Administrative and support and waste management and remediation services ","Thousands of dollars",158436,177459,187703,206697,222573,260217,298550,327720,302363,312651,340708,359556,340150,340730,368984,450550,497672,496477,541076,560506,585756,628574
 "06107","Tulare, CA",8,CAGDP2,68,"61,62","  Educational services, health care, and social assistance ","Thousands of dollars",403069,449502,491869,535764,555984,591719,617806,691563,705864,747550,787395,755291,772355,789685,809091,876176,915861,977006,1094916,1184343,1306919,1401558
 "06107","Tulare, CA",8,CAGDP2,69,"61","   Educational services ","Thousands of dollars",21727,25171,30781,35961,37204,37388,45946,51035,58831,87814,88686,82749,80350,77096,68568,64779,62294,65098,71897,67580,74627,89948
 "06107","Tulare, CA",8,CAGDP2,70,"62","   Health care and social assistance ","Thousands of dollars",381342,424331,461088,499803,518780,554331,571860,640528,647033,659736,698709,672542,692005,712589,740523,811397,853567,911908,1023019,1116762,1232292,1311610
 "06107","Tulare, CA",8,CAGDP2,75,"71,72","  Arts, entertainment, recreation, accommodation, and food services ","Thousands of dollars",210583,236505,247803,251258,242562,261870,265598,269529,260678,278955,285216,319067,330224,370703,423582,455921,481915,514280,568060,515572,620865,708387
 "06107","Tulare, CA",8,CAGDP2,76,"71","   Arts, entertainment, and recreation ","Thousands of dollars",23008,23985,24643,23162,25249,29440,30386,38006,40489,37720,38127,44096,41640,43391,42436,43369,49355,62074,73495,39380,48393,60972
 "06107","Tulare, CA",8,CAGDP2,79,"72","   Accommodation and food services ","Thousands of dollars",187575,212520,223160,228096,217313,232430,235213,231523,220189,241235,247088,274971,288584,327312,381146,412551,432559,452205,494565,476193,572472,647415
 "06107","Tulare, CA",8,CAGDP2,82,"81","  Other services (except government and government enterprises) ","Thousands of dollars",230966,255857,249236,267690,276893,297831,302471,300440,294365,300627,305097,311212,322754,349866,371902,388877,399711,424344,439623,420101,446688,494466
 "06107","Tulare, CA",8,CAGDP2,83,"92","Government and government enterprises ","Thousands of dollars",1550338,1651136,1734677,1831001,1942899,2044510,2231154,2366261,2387937,2417469,2473088,2476072,2617540,2706050,2885663,3048156,3058486,3244988,3294094,3322631,3513936,3683594
 "06107","Tulare, CA",8,CAGDP2,87,"11,21","Natural resources and mining ","Thousands of dollars",1814229,859981,1148248,2154733,2579953,1295764,2741751,2162874,1147275,2016032,2866561,2718395,2945480,4125993,3037075,3138135,3834946,3549633,3916987,3834608,4237845,4638643
 "06107","Tulare, CA",8,CAGDP2,88,"42,44-45","Trade ","Thousands of dollars",1113272,1157078,1192953,1262229,1349723,1423408,1429850,1444803,1413435,1511552,1570636,1602211,1740659,1871926,2058484,2238120,2342976,2495688,2702953,2762700,3127578,3479267
 "06107","Tulare, CA",8,CAGDP2,89,"22,48-49","Transportation and utilities ","Thousands of dollars",321151,321806,366601,404195,446059,513020,527011,545252,495935,535160,558474,534846,609450,658595,725911,748218,828240,817808,837445,907895,1109089,1307949
 "06107","Tulare, CA",8,CAGDP2,90,"31-33,51","Manufacturing and information ","Thousands of dollars",894274,911210,965945,961941,1041623,1250797,1311305,1305694,1474592,1642391,1606734,1410109,1468237,1592852,1716984,1785871,1889870,1904503,1935231,1880144,2043782,2203540
 "06107","Tulare, CA",8,CAGDP2,91,"...","Private goods-producing industries 2/","Thousands of dollars",2963840,2043240,2383201,3463806,4014058,2963944,4478277,3763614,2835948,3623732,4426762,4260766,4580252,5898759,5012528,5189444,5944801,5774084,6299216,6299426,6871806,7549002
 "06107","Tulare, CA",8,CAGDP2,92,"...","Private services-providing industries 3/","Thousands of dollars",4043834,4346421,4543406,4746537,4994930,5562295,5800730,5916274,5879473,6466432,6638823,6470644,6735441,7054617,7654382,8170744,8423552,8841659,9432140,9414061,10529894,11561641
 "06109","Tuolumne, CA",8,CAGDP2,1,"...","All industry total ","Thousands of dollars",1347616,1621923,1688708,1755580,1905385,2034054,2025878,2005414,1996446,2107457,2260035,1970999,1999863,2024064,2131197,2360123,2608796,2449082,2690056,2470628,2633623,2884009
 "06109","Tuolumne, CA",8,CAGDP2,2,"..."," Private industries ","Thousands of dollars",1066762,1320327,1356882,1406905,1520445,1626188,1584075,1553492,1573204,1678064,1823518,1558930,1572616,1555354,1645308,1874072,2127488,1946871,2162540,1951844,2088100,2337860
 "06109","Tuolumne, CA",8,CAGDP2,3,"11","  Agriculture, forestry, fishing and hunting ","Thousands of dollars",17364,21914,30244,26659,26143,22910,13025,14204,8807,8931,8797,13443,10002,12775,16059,16056,17344,19549,25134,24862,27229,32623
 "06109","Tuolumne, CA",8,CAGDP2,6,"21","  Mining, quarrying, and oil and gas extraction ","Thousands of dollars",9009,12466,10227,11942,27951,36238,34772,29624,32268,19916,26584,17273,15703,16079,14007,17781,24254,28444,23395,31823,33801,33262
 "06109","Tuolumne, CA",8,CAGDP2,10,"22","  Utilities ","Thousands of dollars",144137,298947,270728,281705,316575,405805,292481,252353,330666,383318,510294,303173,316274,251825,250325,394000,549351,341153,459350,370590,324435,476158
 "06109","Tuolumne, CA",8,CAGDP2,11,"23","  Construction ","Thousands of dollars",91415,94971,104276,116273,114960,124928,124347,92255,95517,113751,91338,68407,66721,70618,91870,115391,100761,118706,148920,125975,146945,139780
 "06109","Tuolumne, CA",8,CAGDP2,12,"31-33","  Manufacturing ","Thousands of dollars",66050,64533,64690,67784,69313,70053,72031,68096,61634,54150,66284,70290,81749,80855,81232,82207,89815,91470,94529,102233,129063,131170
 "06109","Tuolumne, CA",8,CAGDP2,13,"321,327-339","   Durable goods manufacturing ","Thousands of dollars",55649,54581,53006,55066,56901,56434,58094,(D),47303,(D),(D),60216,69236,66949,65869,65761,71933,71928,76542,84360,109666,111579
 "06109","Tuolumne, CA",8,CAGDP2,25,"311-316,322-326","   Nondurable goods manufacturing ","Thousands of dollars",10400,9952,11684,12717,12412,13619,13937,(D),14331,(D),(D),10073,12513,13906,15363,16446,17882,19541,17986,17873,19398,19591
 "06109","Tuolumne, CA",8,CAGDP2,34,"42","  Wholesale trade ","Thousands of dollars",12701,13009,14240,15918,18257,20372,20712,24908,22727,21980,17749,19400,21679,25965,32486,32461,31749,29293,30178,27882,28929,30328
 "06109","Tuolumne, CA",8,CAGDP2,35,"44-45","  Retail trade ","Thousands of dollars",120531,129834,142772,150451,151747,151928,137224,128954,117994,120725,126540,130696,139252,145985,158244,164356,169227,173147,188595,194172,220473,238148
 "06109","Tuolumne, CA",8,CAGDP2,36,"48-49","  Transportation and warehousing ","Thousands of dollars",9945,10193,13323,14983,16463,17029,18765,17184,14326,14914,14580,13591,14271,15903,16511,15768,13743,14527,16881,17548,19366,22001
 "06109","Tuolumne, CA",8,CAGDP2,45,"51","  Information ","Thousands of dollars",19054,20361,27042,32845,37343,35236,40800,43301,37554,38811,36440,37614,41095,42089,47508,69402,91289,86531,68224,63156,65582,67837
 "06109","Tuolumne, CA",8,CAGDP2,50,"52,53","  Finance, insurance, real estate, rental, and leasing ","Thousands of dollars",297289,333877,348012,346640,379232,366054,446125,479252,450778,474696,478550,446111,451798,460917,469438,463274,496036,485354,545375,474841,512625,545509
 "06109","Tuolumne, CA",8,CAGDP2,51,"52","   Finance and insurance ","Thousands of dollars",35098,43868,50305,35474,36630,45636,46751,45898,49792,50849,55322,52382,49963,55586,55989,52173,51752,53817,52801,51874,58676,59586
 "06109","Tuolumne, CA",8,CAGDP2,56,"53","   Real estate and rental and leasing ","Thousands of dollars",262191,290009,297707,311166,342601,320418,399374,433353,400986,423847,423228,393729,401835,405332,413448,411101,444285,431537,492574,422967,453949,485923
 "06109","Tuolumne, CA",8,CAGDP2,59,"54,55,56","  Professional and business services ","Thousands of dollars",66816,80204,79126,88251,92438,99904,96126,104015,93772,95470,95119,93223,86303,88988,90031,97036,107790,114679,120953,127934,138395,141167
 "06109","Tuolumne, CA",8,CAGDP2,60,"54","   Professional, scientific, and technical services ","Thousands of dollars",38649,51518,53518,55567,60538,66445,60514,68236,59973,60521,61376,60477,52991,55038,53806,(D),(D),(D),(D),(D),(D),(D)
 "06109","Tuolumne, CA",8,CAGDP2,64,"55","   Management of companies and enterprises ","Thousands of dollars",1014,1098,1143,4767,3624,4249,(D),6291,5567,5520,4866,(D),(D),(D),(D),(D),(D),(D),(D),(D),(D),(D)
 "06109","Tuolumne, CA",8,CAGDP2,65,"56","   Administrative and support and waste management and remediation services ","Thousands of dollars",27152,27588,24465,27918,28275,29210,(D),29488,28232,29429,28877,(D),(D),(D),(D),36175,43522,46422,52169,58485,68514,70838
 "06109","Tuolumne, CA",8,CAGDP2,68,"61,62","  Educational services, health care, and social assistance ","Thousands of dollars",95746,108400,123165,131733,145010,145533,156741,173608,189046,209907,228221,229369,206819,213329,227094,235088,246042,248618,248269,234280,240529,263865
 "06109","Tuolumne, CA",8,CAGDP2,69,"61","   Educational services ","Thousands of dollars",3539,3675,4043,4253,4333,4570,4562,4872,6007,4966,5936,6616,6467,6989,5986,6889,7845,7506,7754,6680,7839,13681
 "06109","Tuolumne, CA",8,CAGDP2,70,"62","   Health care and social assistance ","Thousands of dollars",92206,104724,119122,127480,140676,140963,152179,168736,183039,204941,222285,222754,200353,206341,221107,228198,238197,241112,240515,227599,232690,250184
 "06109","Tuolumne, CA",8,CAGDP2,75,"71,72","  Arts, entertainment, recreation, accommodation, and food services ","Thousands of dollars",64649,72965,72156,61682,61760,63372,67220,72111,67784,69340,72710,66286,71751,77935,101651,120322,134392,125843,131979,100682,140760,151312
 "06109","Tuolumne, CA",8,CAGDP2,76,"71","   Arts, entertainment, and recreation ","Thousands of dollars",16588,19871,20498,17917,15833,14656,14308,20492,20872,21434,20362,18409,17471,17773,21239,24650,22984,17899,21117,16503,22216,28995
 "06109","Tuolumne, CA",8,CAGDP2,79,"72","   Accommodation and food services ","Thousands of dollars",48061,53094,51658,43765,45927,48716,52912,51619,46912,47906,52348,47878,54280,60162,80412,95673,111408,107944,110862,84179,118544,122317
 "06109","Tuolumne, CA",8,CAGDP2,82,"81","  Other services (except government and government enterprises) ","Thousands of dollars",52057,58654,56881,60037,63253,66828,63705,53629,50332,52155,50312,50054,49196,52088,48852,50931,55696,69557,60760,55866,59966,64699
 "06109","Tuolumne, CA",8,CAGDP2,83,"92","Government and government enterprises ","Thousands of dollars",280854,301596,331825,348675,384940,407865,441803,451922,423242,429393,436517,412069,427248,468710,485890,486051,481308,502211,527516,518784,545524,546150
 "06109","Tuolumne, CA",8,CAGDP2,87,"11,21","Natural resources and mining ","Thousands of dollars",26373,34380,40471,38602,54094,59147,47796,43828,41075,28847,35381,30716,25705,28855,30066,33836,41598,47993,48529,56685,61030,65885
 "06109","Tuolumne, CA",8,CAGDP2,88,"42,44-45","Trade ","Thousands of dollars",133232,142843,157012,166369,170004,172300,157936,153862,140721,142705,144290,150096,160931,171951,190730,196816,200975,202440,218772,222054,249402,268476
 "06109","Tuolumne, CA",8,CAGDP2,89,"22,48-49","Transportation and utilities ","Thousands of dollars",154082,309139,284051,296688,333039,422834,311246,269536,344992,398232,524874,316764,330545,267728,266837,409768,563093,355680,476231,388138,343802,498159
 "06109","Tuolumne, CA",8,CAGDP2,90,"31-33,51","Manufacturing and information ","Thousands of dollars",85104,84894,91732,100629,106656,105289,112831,111396,99188,92961,102724,107904,122845,122944,128740,151609,181104,178001,162752,165389,194645,199007
 "06109","Tuolumne, CA",8,CAGDP2,91,"...","Private goods-producing industries 2/","Thousands of dollars",183837,193884,209437,222659,238367,254128,244175,204178,198226,196747,193003,169412,174176,180328,203168,231435,232175,258169,291977,284893,337039,336835
 "06109","Tuolumne, CA",8,CAGDP2,92,"...","Private services-providing industries 3/","Thousands of dollars",882924,1126443,1147445,1184246,1282078,1372060,1339901,1349314,1374978,1481317,1630515,1389518,1398439,1375026,1442140,1642637,1895313,1688702,1870563,1666951,1751061,2001025
 "06111","Ventura, CA",8,CAGDP2,1,"...","All industry total ","Thousands of dollars",28659454,29863824,32210531,36011877,38778121,44114274,48712862,46223354,46893437,47051134,45989575,46223104,47728311,48251117,48924261,49191376,50165884,51701976,53534661,53869917,58453063,62328544
 "06111","Ventura, CA",8,CAGDP2,2,"..."," Private industries ","Thousands of dollars",25067493,26051847,28138475,31785959,34408090,39563536,43912056,41204437,41888423,41944406,40832736,41132112,42567290,42863717,43185447,43054602,43826302,45293927,46964960,47090369,51350564,55030883
 "06111","Ventura, CA",8,CAGDP2,3,"11","  Agriculture, forestry, fishing and hunting ","Thousands of dollars",387391,627596,502174,924575,599004,1285730,1071334,1196377,1433262,1814323,1489720,1686082,1732619,1678804,1649241,1654858,1660473,1682213,1599530,1589719,1807554,1852996
 "06111","Ventura, CA",8,CAGDP2,6,"21","  Mining, quarrying, and oil and gas extraction ","Thousands of dollars",190636,185384,199137,257345,366046,569501,698689,895124,707545,730120,909312,993511,869981,798750,396514,322579,454028,453102,415953,353935,427838,550944
 "06111","Ventura, CA",8,CAGDP2,10,"22","  Utilities ","Thousands of dollars",484359,411579,352759,396969,230600,249978,323136,318352,280280,273376,289542,315593,386863,335305,378704,327090,341005,299968,307605,396569,343782,367510
 "06111","Ventura, CA",8,CAGDP2,11,"23","  Construction ","Thousands of dollars",1125912,1148228,1271582,1442045,1614099,1711259,1669753,1545565,1539813,1565873,1393649,1285282,1440115,1577198,1744593,1757339,1887400,2038744,2112465,2090463,2254494,2337046
 "06111","Ventura, CA",8,CAGDP2,12,"31-33","  Manufacturing ","Thousands of dollars",5400922,4649144,6068456,8237540,10093910,13554787,17145944,14106654,14847789,13263180,11258593,10913201,11500783,10630665,10308202,9857544,9213197,8114071,8078119,7996844,8323551,8936384
 "06111","Ventura, CA",8,CAGDP2,13,"321,327-339","   Durable goods manufacturing ","Thousands of dollars",2467870,2356740,2474255,2574625,2750355,2743750,2917010,2726182,2555273,2552257,2702684,2667479,2934115,3063042,3397128,3524829,3714057,3860465,4072979,4171216,4466754,4733757
 "06111","Ventura, CA",8,CAGDP2,25,"311-316,322-326","   Nondurable goods manufacturing ","Thousands of dollars",2933052,2292405,3594200,5662915,7343555,10811037,14228934,11380472,12292516,10710923,8555909,8245723,8566668,7567622,6911075,6332715,5499140,4253607,4005139,3825627,3856797,4202627
 "06111","Ventura, CA",8,CAGDP2,34,"42","  Wholesale trade ","Thousands of dollars",2954672,3181297,2924960,2600963,2579864,2497017,2395067,2411711,2233205,2432649,2708139,2814398,2979288,3267301,3688384,3716657,3945949,4117620,4339272,4343409,4677230,5135271
 "06111","Ventura, CA",8,CAGDP2,35,"44-45","  Retail trade ","Thousands of dollars",2151746,2244035,2396181,2578329,2653534,2730185,2586218,2472953,2390419,2563340,2659830,2872543,3098863,3214336,3441979,3440716,3573988,3620509,3873115,3744481,4353644,4795340
 "06111","Ventura, CA",8,CAGDP2,36,"48-49","  Transportation and warehousing ","Thousands of dollars",350358,351236,344130,322353,332169,360614,388277,413897,327379,331173,346115,354112,365533,401953,421611,465329,498261,529963,531484,550496,715602,894780
 "06111","Ventura, CA",8,CAGDP2,45,"51","  Information ","Thousands of dollars",950523,1010411,975682,1065610,1093850,1143342,1165212,1145497,1024933,1187132,1204304,1278199,1379106,1381288,1419280,1533983,1568987,1645098,1659067,1567840,1588355,1654437
 "06111","Ventura, CA",8,CAGDP2,50,"52,53","  Finance, insurance, real estate, rental, and leasing ","Thousands of dollars",5397233,6137666,6718913,7004101,7576933,7818049,8641837,8356850,8751949,9380372,9963777,9731093,9707798,10084045,9802507,9685725,10008215,10163773,10384396,10941024,12171698,12706527
 "06111","Ventura, CA",8,CAGDP2,51,"52","   Finance and insurance ","Thousands of dollars",1538751,1932809,2393559,2569557,2698086,2793583,2836108,2128632,2262064,2530051,2687209,2639704,2383410,2522181,2555779,2371938,2295475,2330633,2337393,2541427,2777658,2652848
 "06111","Ventura, CA",8,CAGDP2,56,"53","   Real estate and rental and leasing ","Thousands of dollars",3858482,4204857,4325354,4434544,4878846,5024466,5805730,6228218,6489886,6850321,7276567,7091390,7324388,7561864,7246728,7313787,7712740,7833139,8047003,8399597,9394039,10053679
 "06111","Ventura, CA",8,CAGDP2,59,"54,55,56","  Professional and business services ","Thousands of dollars",2660546,2776399,2912369,3222393,3414256,3564766,3635979,3911689,3893762,3799717,3851077,3968325,3951687,4009070,4170270,4268563,4463546,6087435,6718566,6927454,7254099,7535936
 "06111","Ventura, CA",8,CAGDP2,60,"54","   Professional, scientific, and technical services ","Thousands of dollars",1607224,1659802,1681042,1738601,1912656,2050834,2075088,2308670,2315446,2293401,2352721,2402653,2412669,2475554,2559024,2531478,2627952,2759076,3068785,3325054,3582581,3856651
 "06111","Ventura, CA",8,CAGDP2,64,"55","   Management of companies and enterprises ","Thousands of dollars",233598,255322,306470,477716,435898,424000,418503,413476,445186,327120,319266,312919,302938,271563,280784,295367,336513,1741051,1941379,1984316,1909303,1904007
 "06111","Ventura, CA",8,CAGDP2,65,"56","   Administrative and support and waste management and remediation services ","Thousands of dollars",819724,861275,924857,1006076,1065701,1089932,1142388,1189543,1133130,1179196,1179090,1252752,1236080,1261953,1330462,1441717,1499081,1587308,1708402,1618084,1762215,1775278
 "06111","Ventura, CA",8,CAGDP2,68,"61,62","  Educational services, health care, and social assistance ","Thousands of dollars",1407544,1553955,1682116,1782463,1853993,1959901,2063105,2266492,2423648,2521885,2655225,2738769,2848284,2968035,3127687,3333144,3436984,3604856,3796045,3848637,4124584,4330264
 "06111","Ventura, CA",8,CAGDP2,69,"61","   Educational services ","Thousands of dollars",121571,135901,158342,186769,186419,198881,218352,251976,289916,320714,317590,342867,323693,351178,368513,398980,394720,412758,449516,423565,466158,483837
 "06111","Ventura, CA",8,CAGDP2,70,"62","   Health care and social assistance ","Thousands of dollars",1285973,1418054,1523774,1595695,1667574,1761019,1844754,2014516,2133732,2201171,2337635,2395902,2524591,2616858,2759173,2934164,3042264,3192098,3346528,3425071,3658426,3846428
 "06111","Ventura, CA",8,CAGDP2,75,"71,72","  Arts, entertainment, recreation, accommodation, and food services ","Thousands of dollars",899390,984394,995758,1105603,1114752,1188479,1208636,1284241,1188094,1238833,1275879,1312026,1410719,1546976,1635127,1669154,1737983,1836341,2013472,1713629,2230738,2746597
 "06111","Ventura, CA",8,CAGDP2,76,"71","   Arts, entertainment, and recreation ","Thousands of dollars",269035,292019,303895,311511,323408,333133,344100,331290,317846,339755,326974,329780,355187,379514,367552,366875,380671,436467,519286,459562,659030,902187
 "06111","Ventura, CA",8,CAGDP2,79,"72","   Accommodation and food services ","Thousands of dollars",630355,692375,691863,794093,791344,855346,864536,952950,870248,899078,948905,982246,1055531,1167461,1267575,1302279,1357312,1399873,1494186,1254067,1571708,1844411
 "06111","Ventura, CA",8,CAGDP2,82,"81","  Other services (except government and government enterprises) ","Thousands of dollars",706260,790523,794258,845668,885081,929929,918867,879036,846345,842433,827574,868975,895653,969990,1001347,1021923,1036286,1100235,1135872,1025870,1077396,1186849
 "06111","Ventura, CA",8,CAGDP2,83,"92","Government and government enterprises ","Thousands of dollars",3591961,3811977,4072056,4225918,4370031,4550738,4800806,5018917,5005014,5106728,5156839,5090992,5161021,5387400,5738814,6136775,6339582,6408048,6569701,6779548,7102499,7297662
 "06111","Ventura, CA",8,CAGDP2,87,"11,21","Natural resources and mining ","Thousands of dollars",578027,812980,701311,1181920,965050,1855230,1770024,2091502,2140807,2544443,2399032,2679593,2602600,2477555,2045755,1977436,2114501,2135315,2015483,1943654,2235392,2403941
 "06111","Ventura, CA",8,CAGDP2,88,"42,44-45","Trade ","Thousands of dollars",5106419,5425331,5321141,5179292,5233398,5227202,4981285,4884664,4623624,4995989,5367969,5686941,6078152,6481637,7130363,7157373,7519938,7738129,8212387,8087890,9030874,9930611
 "06111","Ventura, CA",8,CAGDP2,89,"22,48-49","Transportation and utilities ","Thousands of dollars",834718,762815,696890,719322,562769,610592,711413,732249,607659,604549,635657,669705,752395,737258,800315,792418,839266,829932,839088,947065,1059384,1262290
 "06111","Ventura, CA",8,CAGDP2,90,"31-33,51","Manufacturing and information ","Thousands of dollars",6351445,5659555,7044138,9303151,11187761,14698129,18311156,15252151,15872722,14450312,12462897,12191401,12879888,12011953,11727483,11391527,10782184,9759169,9737186,9564684,9911905,10590821
 "06111","Ventura, CA",8,CAGDP2,91,"...","Private goods-producing industries 2/","Thousands of dollars",7104861,6610353,8041349,10861506,12673059,17121277,20585722,17743721,18528408,17373495,15051274,14878077,15543498,14685418,14098550,13592319,13215098,12288130,12206067,12030961,12813436,13677371
 "06111","Ventura, CA",8,CAGDP2,92,"...","Private services-providing industries 3/","Thousands of dollars",17962632,19441494,20097127,20924454,21735031,22442260,23326334,23460716,23360015,24570911,25781462,26254035,27023792,28178299,29086897,29462283,30611204,33005797,34758893,35059408,38537128,41353511
 "06113","Yolo, CA",8,CAGDP2,1,"...","All industry total ","Thousands of dollars",6977827,7242853,7675969,8327184,8715956,9145108,10003933,10262130,9970302,9905762,10346391,10684902,11416441,12083325,13104552,13807469,14319346,15226633,16150552,16046535,17441576,18735314
 "06113","Yolo, CA",8,CAGDP2,2,"..."," Private industries ","Thousands of dollars",5113164,5303913,5514524,5871967,6220826,6513828,7051042,7144996,6846322,6706376,7014860,7203753,7607714,7969534,8714189,9157270,9492208,9976077,10868273,10923848,12045744,13088197
 "06113","Yolo, CA",8,CAGDP2,3,"11","  Agriculture, forestry, fishing and hunting ","Thousands of dollars",(D),(D),(D),(D),(D),(D),(D),(D),(D),(D),(D),(D),(D),(D),(D),(D),(D),(D),(D),(D),479990,517516
 "06113","Yolo, CA",8,CAGDP2,6,"21","  Mining, quarrying, and oil and gas extraction ","Thousands of dollars",60028,49363,50103,58561,64815,73875,72393,80701,42445,31845,36049,25159,31712,35589,30349,16627,25310,27621,32830,36898,46147,30156
 "06113","Yolo, CA",8,CAGDP2,10,"22","  Utilities ","Thousands of dollars",(D),(D),(D),(D),(D),(D),(D),(D),(D),(D),(D),(D),(D),(D),(D),(D),(D),(D),(D),(D),182193,221504
 "06113","Yolo, CA",8,CAGDP2,11,"23","  Construction ","Thousands of dollars",389584,364259,410881,499772,611406,564447,607808,478759,379903,321227,390209,343083,382770,406908,520749,561941,571766,621883,977654,965224,940785,990708
 "06113","Yolo, CA",8,CAGDP2,12,"31-33","  Manufacturing ","Thousands of dollars",517281,510476,593419,625180,682295,716737,781250,719548,652645,586802,566746,654407,658392,781798,914436,1039411,1191573,1311470,1435324,1407962,1402864,1567842
 "06113","Yolo, CA",8,CAGDP2,13,"321,327-339","   Durable goods manufacturing ","Thousands of dollars",262865,258210,278783,286085,335920,348609,351321,321348,253865,237632,275255,283783,306386,385307,457261,468810,513036,598662,752837,668685,601702,666058
 "06113","Yolo, CA",8,CAGDP2,25,"311-316,322-326","   Nondurable goods manufacturing ","Thousands of dollars",254415,252266,314636,339095,346375,368128,429929,398200,398780,349170,291492,370624,352007,396491,457175,570601,678538,712808,682487,739277,801162,901784
 "06113","Yolo, CA",8,CAGDP2,34,"42","  Wholesale trade ","Thousands of dollars",(D),(D),(D),(D),(D),(D),(D),(D),(D),(D),(D),(D),(D),(D),(D),(D),(D),(D),(D),(D),1355208,1534034
 "06113","Yolo, CA",8,CAGDP2,35,"44-45","  Retail trade ","Thousands of dollars",488850,484607,454539,495348,516379,547968,485634,488673,481087,519559,539471,558737,600811,624213,659898,689299,710714,736692,786073,827873,952944,1021791
 "06113","Yolo, CA",8,CAGDP2,36,"48-49","  Transportation and warehousing ","Thousands of dollars",450145,459791,464265,527229,572822,587455,584110,572152,515405,503496,508671,481711,506867,553597,606328,626260,665075,712141,763288,855478,997261,1071248
 "06113","Yolo, CA",8,CAGDP2,45,"51","  Information ","Thousands of dollars",105317,113733,120758,154579,168397,184279,231219,233781,215250,237170,237357,235167,255540,240561,264242,271526,291109,288527,296610,271046,299000,307325
 "06113","Yolo, CA",8,CAGDP2,50,"52,53","  Finance, insurance, real estate, rental, and leasing ","Thousands of dollars",1036140,1134366,1156967,1164431,1289264,1342807,1494760,1531878,1656294,1738759,1673411,1679215,1681468,1703919,1792626,1829702,1821620,1947992,2124966,2145753,2527732,2749450
 "06113","Yolo, CA",8,CAGDP2,51,"52","   Finance and insurance ","Thousands of dollars",163554,185457,181084,141783,149316,192863,219002,200881,217665,217070,231550,246843,242059,240561,237848,222443,226425,232517,233034,237153,270762,268847
 "06113","Yolo, CA",8,CAGDP2,56,"53","   Real estate and rental and leasing ","Thousands of dollars",872586,948910,975883,1022649,1139948,1149944,1275759,1330997,1438629,1521689,1441861,1432372,1439409,1463358,1554778,1607259,1595195,1715475,1891933,1908600,2256970,2480603
 "06113","Yolo, CA",8,CAGDP2,59,"54,55,56","  Professional and business services ","Thousands of dollars",634535,639565,662058,629038,653953,645873,742307,775286,750745,742403,811110,826126,819475,866421,917988,1000676,1026503,1067366,1130840,1213319,1280353,1369513
 "06113","Yolo, CA",8,CAGDP2,60,"54","   Professional, scientific, and technical services ","Thousands of dollars",290666,331915,353005,370652,396390,402456,444325,482604,479115,467850,533485,553336,541542,560412,560063,536823,527089,585629,613469,628111,695676,733088
 "06113","Yolo, CA",8,CAGDP2,64,"55","   Management of companies and enterprises ","Thousands of dollars",212833,221480,207210,146070,131350,104339,129501,133411,114502,120876,109599,93451,121773,126425,158524,181299,193852,172872,189359,219400,203880,232692
 "06113","Yolo, CA",8,CAGDP2,65,"56","   Administrative and support and waste management and remediation services ","Thousands of dollars",131036,86170,101843,112316,126212,139077,168481,159270,157128,153677,168026,179339,156160,179584,199401,282555,305562,308865,328012,365807,380797,403733
 "06113","Yolo, CA",8,CAGDP2,68,"61,62","  Educational services, health care, and social assistance ","Thousands of dollars",262461,292635,308764,357943,379731,408964,445465,502306,532545,544479,551746,583210,605911,632685,668738,705610,743439,773478,844798,863495,935870,979306
 "06113","Yolo, CA",8,CAGDP2,69,"61","   Educational services ","Thousands of dollars",24518,26302,27026,28350,26214,26359,32662,34335,31205,33218,37213,38575,38690,41144,39114,42747,45666,46954,49973,43856,47838,52670
 "06113","Yolo, CA",8,CAGDP2,70,"62","   Health care and social assistance ","Thousands of dollars",237943,266333,281738,329593,353517,382605,412803,467971,501340,511260,514533,544635,567221,591541,629624,662863,697773,726524,794825,819639,888032,926637
 "06113","Yolo, CA",8,CAGDP2,75,"71,72","  Arts, entertainment, recreation, accommodation, and food services ","Thousands of dollars",180772,195631,218285,218265,206629,205828,200360,230193,224474,221578,224114,230861,241855,258098,297778,318758,337698,345283,362901,281140,378613,433231
 "06113","Yolo, CA",8,CAGDP2,76,"71","   Arts, entertainment, and recreation ","Thousands of dollars",25225,27492,33284,35353,39034,39744,36891,35578,36904,34905,37038,34431,39699,39433,46502,49464,56195,59448,62212,41580,66322,90169
 "06113","Yolo, CA",8,CAGDP2,79,"72","   Accommodation and food services ","Thousands of dollars",155547,168139,185001,182911,167595,166084,163469,194616,187570,186674,187076,196431,202156,218664,251276,269294,281502,285835,300689,239560,312291,343062
 "06113","Yolo, CA",8,CAGDP2,82,"81","  Other services (except government and government enterprises) ","Thousands of dollars",152836,168967,169409,177277,184653,198059,207981,203491,196742,192876,192772,199246,205894,222708,227380,241823,235765,254604,262937,249725,266785,294573
 "06113","Yolo, CA",8,CAGDP2,83,"92","Government and government enterprises ","Thousands of dollars",1864663,1938940,2161445,2455216,2495130,2631279,2952891,3117133,3123980,3199386,3331532,3481149,3808727,4113791,4390363,4650199,4827139,5250556,5282279,5122687,5395832,5647117
 "06113","Yolo, CA",8,CAGDP2,87,"11,21","Natural resources and mining ","Thousands of dollars",(D),(D),(D),(D),(D),(D),(D),(D),(D),(D),(D),(D),(D),(D),(D),(D),(D),(D),(D),(D),526137,547671
 "06113","Yolo, CA",8,CAGDP2,88,"42,44-45","Trade ","Thousands of dollars",(D),(D),(D),(D),(D),(D),(D),(D),(D),(D),(D),(D),(D),(D),(D),(D),(D),(D),(D),(D),2308152,2555825
 "06113","Yolo, CA",8,CAGDP2,89,"22,48-49","Transportation and utilities ","Thousands of dollars",(D),(D),(D),(D),(D),(D),(D),(D),(D),(D),(D),(D),(D),(D),(D),(D),(D),(D),(D),(D),1179454,1292752
 "06113","Yolo, CA",8,CAGDP2,90,"31-33,51","Manufacturing and information ","Thousands of dollars",622597,624209,714177,779759,850692,901016,1012469,953328,867895,823972,804103,889574,913933,1022359,1178678,1310937,1482682,1599997,1731935,1679008,1701863,1875167
 "06113","Yolo, CA",8,CAGDP2,91,"...","Private goods-producing industries 2/","Thousands of dollars",(D),(D),(D),(D),(D),(D),(D),(D),(D),(D),(D),(D),(D),(D),(D),(D),(D),(D),(D),(D),2869785,3106221
 "06113","Yolo, CA",8,CAGDP2,92,"...","Private services-providing industries 3/","Thousands of dollars",(D),(D),(D),(D),(D),(D),(D),(D),(D),(D),(D),(D),(D),(D),(D),(D),(D),(D),(D),(D),9175959,9981975
 "06115","Yuba, CA",8,CAGDP2,1,"...","All industry total ","Thousands of dollars",1498509,1658805,1809427,1821773,1907873,2086195,2142455,2270945,2338695,2383149,2570787,2572273,2725949,2670253,2722849,2946021,3106720,3267505,3467878,3419227,3608451,3767920
 "06115","Yuba, CA",8,CAGDP2,2,"..."," Private industries ","Thousands of dollars",809953,917090,1022204,980157,1014731,1147554,1151509,1250047,1303083,1304393,1391386,1294151,1382271,1303302,1388212,1566374,1757403,1849961,1994485,1853465,1967399,2102068
 "06115","Yuba, CA",8,CAGDP2,3,"11","  Agriculture, forestry, fishing and hunting ","Thousands of dollars",(D),(D),91502,65653,53915,83319,(D),128801,180456,111490,(D),(D),(D),(D),(D),107130,104643,108631,79627,85448,89863,82834
 "06115","Yuba, CA",8,CAGDP2,6,"21","  Mining, quarrying, and oil and gas extraction ","Thousands of dollars",12435,15225,16819,18214,19941,28687,35069,34732,31231,27098,16494,15462,17819,17068,12995,16950,25574,31736,34188,44266,56287,10616
 "06115","Yuba, CA",8,CAGDP2,10,"22","  Utilities ","Thousands of dollars",(D),(D),(D),(D),(D),(D),(D),(D),(D),(D),(D),(D),(D),(D),(D),(D),(D),200882,(D),(D),136497,187888
 "06115","Yuba, CA",8,CAGDP2,11,"23","  Construction ","Thousands of dollars",63116,52166,63060,81686,87038,98214,107252,102268,86921,96467,85675,75789,86377,88535,133889,151973,170829,199784,237842,163641,194998,203808
 "06115","Yuba, CA",8,CAGDP2,12,"31-33","  Manufacturing ","Thousands of dollars",59680,66720,68737,69133,65731,61710,68710,64646,78514,74449,58478,59873,70515,74105,86112,99136,109609,110609,116878,115856,128820,126587
 "06115","Yuba, CA",8,CAGDP2,13,"321,327-339","   Durable goods manufacturing ","Thousands of dollars",(D),43168,45313,48117,51468,48054,56296,49656,60367,59160,48379,48973,54473,54723,63074,69562,76660,77453,83916,84268,97395,95051
 "06115","Yuba, CA",8,CAGDP2,25,"311-316,322-326","   Nondurable goods manufacturing ","Thousands of dollars",(D),23553,23424,21016,14263,13656,12414,14989,18147,15289,10099,10900,16041,19383,23039,29573,32949,33157,32963,31588,31425,31536
 "06115","Yuba, CA",8,CAGDP2,34,"42","  Wholesale trade ","Thousands of dollars",(D),(D),(D),(D),(D),(D),(D),(D),(D),(D),(D),(D),(D),(D),(D),(D),(D),(D),(D),(D),(D),(D)
 "06115","Yuba, CA",8,CAGDP2,35,"44-45","  Retail trade ","Thousands of dollars",86247,91221,88769,96803,97371,98997,89969,86535,83670,81477,81083,83682,89549,95484,99514,106810,118937,129405,133557,139926,160718,173536
 "06115","Yuba, CA",8,CAGDP2,36,"48-49","  Transportation and warehousing ","Thousands of dollars",23122,22793,25095,27883,34034,37045,37389,33559,31888,32995,38113,41182,43424,44557,38194,37973,39260,(D),41698,46003,57237,67935
 "06115","Yuba, CA",8,CAGDP2,45,"51","  Information ","Thousands of dollars",11463,9319,11215,18677,23062,26911,32584,31481,28474,33146,34321,36902,39313,39991,42269,44025,47609,55897,68902,66310,(D),(D)
 "06115","Yuba, CA",8,CAGDP2,50,"52,53","  Finance, insurance, real estate, rental, and leasing ","Thousands of dollars",206085,222966,232862,230828,251299,249119,288768,334366,326774,340108,344329,357009,381815,360340,363253,359655,335820,405227,392590,385246,396879,421930
 "06115","Yuba, CA",8,CAGDP2,51,"52","   Finance and insurance ","Thousands of dollars",29513,22475,26164,20226,19090,23936,24096,22837,24896,28197,28481,26012,25085,25349,24980,23608,23328,23961,25920,23742,24343,24438
 "06115","Yuba, CA",8,CAGDP2,56,"53","   Real estate and rental and leasing ","Thousands of dollars",176572,200491,206698,210602,232209,225184,264672,311530,301878,311910,315848,330997,356730,334990,338273,336047,312492,381266,366671,361505,372536,397492
 "06115","Yuba, CA",8,CAGDP2,59,"54,55,56","  Professional and business services ","Thousands of dollars",70628,75548,72719,64246,73567,75157,83652,84402,73296,75586,78639,78389,80262,79896,91338,100604,108248,(D),(D),147826,158912,186267
 "06115","Yuba, CA",8,CAGDP2,60,"54","   Professional, scientific, and technical services ","Thousands of dollars",38629,42816,49527,40204,47553,49769,51752,50351,38181,38968,43088,40362,45864,45384,53856,(D),(D),(D),(D),69286,72479,72121
 "06115","Yuba, CA",8,CAGDP2,64,"55","   Management of companies and enterprises ","Thousands of dollars",1443,1236,(D),(D),(D),(D),2180,2618,2491,1812,2015,4596,4469,3076,3496,(D),(D),(D),(D),19572,28768,48974
 "06115","Yuba, CA",8,CAGDP2,65,"56","   Administrative and support and waste management and remediation services ","Thousands of dollars",30556,31495,(D),(D),(D),(D),29721,31433,32623,34806,33536,33430,29929,31437,33985,40782,46150,47031,52706,58968,57665,65172
 "06115","Yuba, CA",8,CAGDP2,68,"61,62","  Educational services, health care, and social assistance ","Thousands of dollars",86496,103107,114281,97339,103689,120604,139512,161058,162779,165861,175582,183703,191927,199649,225474,242886,278397,(D),335503,348364,341559,366445
 "06115","Yuba, CA",8,CAGDP2,69,"61","   Educational services ","Thousands of dollars",1255,1523,1598,1968,1800,(D),4284,(D),(D),(D),7142,11780,10952,8488,3682,4680,5766,(D),(D),(D),1463,(D)
 "06115","Yuba, CA",8,CAGDP2,70,"62","   Health care and social assistance ","Thousands of dollars",85242,101584,112683,95371,101889,(D),135228,(D),(D),(D),168440,171922,180975,191161,221791,238206,272631,(D),(D),(D),340096,(D)
 "06115","Yuba, CA",8,CAGDP2,75,"71,72","  Arts, entertainment, recreation, accommodation, and food services ","Thousands of dollars",29759,32813,33491,30822,30898,32507,31628,35594,33101,33288,33863,37779,41043,44755,48078,53876,54541,59239,61160,53552,85248,104556
 "06115","Yuba, CA",8,CAGDP2,76,"71","   Arts, entertainment, and recreation ","Thousands of dollars",5671,6598,5878,4972,5360,5535,4706,5812,6318,6486,6191,6475,7067,7602,7498,8292,8767,10985,9260,6485,10217,16112
 "06115","Yuba, CA",8,CAGDP2,79,"72","   Accommodation and food services ","Thousands of dollars",24088,26214,27613,25850,25538,26972,26922,29782,26783,26802,27672,31304,33976,37152,40581,45584,45774,48254,51901,47068,75031,88444
 "06115","Yuba, CA",8,CAGDP2,82,"81","  Other services (except government and government enterprises) ","Thousands of dollars",31835,35245,32972,32994,33838,36334,37118,35943,36158,37684,37545,35695,36781,42532,45446,48162,49645,53478,55393,54647,(D),59656
 "06115","Yuba, CA",8,CAGDP2,83,"92","Government and government enterprises ","Thousands of dollars",688555,741715,787223,841616,893142,938641,990946,1020898,1035612,1078756,1179401,1278122,1343678,1366950,1334637,1379646,1349317,1417544,1473392,1565762,1641053,1665852
 "06115","Yuba, CA",8,CAGDP2,87,"11,21","Natural resources and mining ","Thousands of dollars",(D),(D),108321,83867,73855,112006,(D),163534,211687,138588,(D),(D),(D),(D),(D),124080,130218,140366,113815,129714,146150,93450
 "06115","Yuba, CA",8,CAGDP2,88,"42,44-45","Trade ","Thousands of dollars",(D),(D),(D),(D),(D),(D),(D),(D),(D),(D),(D),(D),(D),(D),(D),(D),(D),(D),(D),(D),(D),(D)
 "06115","Yuba, CA",8,CAGDP2,89,"22,48-49","Transportation and utilities ","Thousands of dollars",(D),(D),(D),(D),(D),(D),(D),(D),(D),(D),(D),(D),(D),(D),(D),(D),(D),(D),(D),(D),193735,255823
 "06115","Yuba, CA",8,CAGDP2,90,"31-33,51","Manufacturing and information ","Thousands of dollars",71143,76039,79953,87810,88793,88621,101294,96127,106989,107594,92799,96775,109828,114096,128381,143161,157218,166506,185781,182166,(D),(D)
 "06115","Yuba, CA",8,CAGDP2,91,"...","Private goods-producing industries 2/","Thousands of dollars",(D),(D),240118,234686,226624,271930,(D),330447,377122,309503,(D),(D),(D),(D),(D),375189,410655,450760,468536,409211,469967,423846
 "06115","Yuba, CA",8,CAGDP2,92,"...","Private services-providing industries 3/","Thousands of dollars",(D),(D),782087,745471,788106,875624,(D),919600,925960,994890,(D),(D),(D),(D),(D),1191185,1346748,1399202,1525950,1444254,1497432,1678222
"Note: See the included footnote file."
"CAGDP2: Gross domestic product (GDP) by county and metropolitan area 1."
"Last updated: November 1, 2024 -- revised statistics for 2001-2016."
"U.S. Bureau of Economic Analysis"
