GeoFIPS,GeoName,Region,TableName,LineCode,IndustryClassification,Description,Unit,2001,2002,2003,2004,2005,2006,2007,2008,2009,2010,2011,2012,2013,2014,2015,2016,2017,2018,2019,2020,2021,2022
 "19000","Iowa",4,CAGDP2,1,"...","All industry total ","Thousands of dollars",94922619,98669407,105329732,117149838,122866107,127670802,137590223,137749220,137094318,142497665,149026089,158553073,162414980,173734222,181471666,183834825,187124993,193155082,196085122,199446954,220818181,238342280
 "19000","Iowa",4,CAGDP2,2,"..."," Private industries ","Thousands of dollars",83227714,86571273,92683969,103973520,108996195,113146684,122471911,121853209,120201841,125030777,131465752,140522378,143715949,154149860,161137246,162728317,165551509,170714417,173237230,176043350,197250538,213658529
 "19000","Iowa",4,CAGDP2,3,"11","  Agriculture, forestry, fishing and hunting ","Thousands of dollars",3002552,3837390,4001596,6912799,5004562,4970704,6639522,7753569,5989419,6428244,10666008,10521420,12910041,11131786,9194847,7670929,8510898,8986765,6647409,5396128,12618119,18636834
 "19000","Iowa",4,CAGDP2,6,"21","  Mining, quarrying, and oil and gas extraction ","Thousands of dollars",170583,182890,192741,231270,271004,328856,325447,372713,297546,317025,311325,341677,310813,336624,311678,271303,380456,394389,468450,511976,604908,484701
 "19000","Iowa",4,CAGDP2,10,"22","  Utilities ","Thousands of dollars",2078473,2029985,2008546,2124266,2175341,2561696,2643268,3182495,3267172,3110343,2681859,2772333,2806661,2919401,2902870,3082639,3168925,3233853,3411177,3670089,4040382,4192791
 "19000","Iowa",4,CAGDP2,11,"23","  Construction ","Thousands of dollars",3733859,3773210,4116779,4613579,5118833,5484365,5656436,5607086,5443722,5173393,5440664,5871013,6272339,7135891,7892990,8720259,8399970,8680372,9043753,9188491,9486366,10195269
 "19000","Iowa",4,CAGDP2,12,"31-33","  Manufacturing ","Thousands of dollars",20362157,20970936,21837283,24038288,24280136,26180299,26247144,26819252,25493142,27041101,26403252,29574971,29376450,32801946,33764966,29991641,31977401,34001872,33481390,34822442,36629847,39288945
 "19000","Iowa",4,CAGDP2,13,"321,327-339","   Durable goods manufacturing ","Thousands of dollars",10779817,11189617,11161780,13429604,14388274,14999015,15032258,14278484,12220045,13878027,13771460,17731770,15321948,18430500,18109482,15133939,16888967,17763465,18901161,19188509,19495390,20572928
 "19000","Iowa",4,CAGDP2,25,"311-316,322-326","   Nondurable goods manufacturing ","Thousands of dollars",9582340,9781319,10675503,10608685,9891862,11181284,11214886,12540768,13273097,13163074,12631792,11843201,14054502,14371446,15655484,14857703,15088434,16238408,14580229,15633933,17134457,18716017
 "19000","Iowa",4,CAGDP2,34,"42","  Wholesale trade ","Thousands of dollars",5211867,5283254,5410728,5990216,6662286,7033363,7531307,8377904,8383795,8855920,9276522,10154659,10594667,10865051,10892560,10972795,11215127,11471300,11779508,12002875,13145709,14240596
 "19000","Iowa",4,CAGDP2,35,"44-45","  Retail trade ","Thousands of dollars",6726748,6887776,7115278,7219615,7339900,7436284,7480061,7777939,7989242,8182365,8360576,8812813,9009532,9113706,9660604,10259038,10432518,10663254,11058658,11656476,13192838,13897385
 "19000","Iowa",4,CAGDP2,36,"48-49","  Transportation and warehousing ","Thousands of dollars",2933081,2994569,3283706,3808427,4186758,4601287,4665906,4805795,4563893,4743635,4880071,5118512,5271738,5672243,6052925,6071374,6469072,6816246,6886196,6750825,7714167,8567866
 "19000","Iowa",4,CAGDP2,45,"51","  Information ","Thousands of dollars",2833656,3080568,3347950,3808862,4023784,4194479,4528256,4700942,4877745,4953242,4825642,4465020,4508646,4463284,4597775,4407384,4470141,4467932,4842822,4564880,5092432,5461540
 "19000","Iowa",4,CAGDP2,50,"52,53","  Finance, insurance, real estate, rental, and leasing ","Thousands of dollars",18465649,18853382,21971049,24839667,28604029,27778361,32695647,26847530,27724895,29366060,30824149,33428635,32581594,38261748,42782998,46692988,45061348,45029734,47167760,50283233,53299992,54029142
 "19000","Iowa",4,CAGDP2,51,"52","   Finance and insurance ","Thousands of dollars",8724243,9228364,11407261,13905175,16701201,15513341,19467072,13064236,13479025,14657020,15267665,17395720,15751576,21098685,25431701,28661958,26574150,26294533,28000275,31076174,33249076,32624397
 "19000","Iowa",4,CAGDP2,56,"53","   Real estate and rental and leasing ","Thousands of dollars",9741406,9625018,10563788,10934492,11902829,12265020,13228575,13783294,14245870,14709039,15556484,16032914,16830018,17163063,17351296,18031030,18487199,18735201,19167485,19207058,20050916,21404745
 "19000","Iowa",4,CAGDP2,59,"54,55,56","  Professional and business services ","Thousands of dollars",5175237,5447370,5865495,6147397,6597859,7055683,7853576,8406360,8330120,8737761,9172514,9924618,10108455,10649760,11187357,11568422,12073029,12741528,13169968,13384561,14906803,16445063
 "19000","Iowa",4,CAGDP2,60,"54","   Professional, scientific, and technical services ","Thousands of dollars",2717993,2934673,3010241,3156223,3283371,3455099,3796914,4208449,4192075,4350035,4593230,4927539,5058357,5267933,5597547,5948077,6230652,6579263,6710790,6759349,7298473,7891007
 "19000","Iowa",4,CAGDP2,64,"55","   Management of companies and enterprises ","Thousands of dollars",531162,579805,792252,865144,1020767,1150316,1311914,1309659,1329879,1351499,1499885,1738005,1774417,1967396,2152096,2155838,2189184,2261333,2466780,2683951,3111178,3543253
 "19000","Iowa",4,CAGDP2,65,"56","   Administrative and support and waste management and remediation services ","Thousands of dollars",1926082,1932892,2063002,2126029,2293721,2450267,2744748,2888252,2808167,3036227,3079400,3259074,3275681,3414431,3437714,3464507,3653192,3900932,3992397,3941261,4497152,5010802
 "19000","Iowa",4,CAGDP2,68,"61,62","  Educational services, health care, and social assistance ","Thousands of dollars",7216023,7595352,7975140,8526596,8846511,9309649,9661188,10498360,11085671,11261209,11532494,12006362,12172000,12567849,13126853,13857174,14076023,14507083,14934228,14767682,15591883,16208209
 "19000","Iowa",4,CAGDP2,69,"61","   Educational services ","Thousands of dollars",927030,945188,1006810,1112639,1126113,1194411,1233430,1362394,1518079,1564702,1585903,1645860,1623504,1668906,1644287,1834643,1760695,1810123,1850073,1699242,1769471,1858090
 "19000","Iowa",4,CAGDP2,70,"62","   Health care and social assistance ","Thousands of dollars",6288993,6650164,6968330,7413956,7720398,8115238,8427758,9135966,9567592,9696507,9946591,10360502,10548496,10898944,11482566,12022530,12315328,12696960,13084156,13068440,13822412,14350119
 "19000","Iowa",4,CAGDP2,75,"71,72","  Arts, entertainment, recreation, accommodation, and food services ","Thousands of dollars",2907848,3046571,3036332,3106413,3200930,3433114,3694446,3818800,3809819,3897686,4104869,4375452,4562472,4793519,5113291,5340826,5451628,5647552,6049606,4898229,6492786,7214678
 "19000","Iowa",4,CAGDP2,76,"71","   Arts, entertainment, and recreation ","Thousands of dollars",755411,799878,751855,728551,736214,872428,1011572,1046282,1066032,1105499,1145207,1138217,1067002,1110617,1101427,1113491,1152173,1237703,1436032,1123357,1716585,1934469
 "19000","Iowa",4,CAGDP2,79,"72","   Accommodation and food services ","Thousands of dollars",2152437,2246694,2284477,2377862,2464716,2560686,2682875,2772519,2743787,2792187,2959662,3237236,3495470,3682903,4011864,4227335,4299455,4409848,4613574,3774872,4776201,5280208
 "19000","Iowa",4,CAGDP2,82,"81","  Other services (except government and government enterprises) ","Thousands of dollars",2409982,2588021,2521348,2606126,2684262,2778545,2849706,2884463,2945660,2962793,2985804,3154892,3230541,3437050,3655534,3821544,3864974,4072537,4296304,4145464,4434305,4795510
 "19000","Iowa",4,CAGDP2,83,"92","Government and government enterprises ","Thousands of dollars",11694905,12098135,12645763,13176318,13869911,14524118,15118313,15896011,16892477,17466887,17560338,18030695,18699031,19584363,20334420,21106508,21573485,22440665,22847892,23403604,23567643,24683751
 "19000","Iowa",4,CAGDP2,87,"11,21","Natural resources and mining ","Thousands of dollars",3173135,4020279,4194337,7144069,5275565,5299560,6964969,8126282,6286965,6745269,10977333,10863097,13220854,11468410,9506524,7942233,8891353,9381154,7115859,5908104,13223027,19121535
 "19000","Iowa",4,CAGDP2,88,"42,44-45","Trade ","Thousands of dollars",11938616,12171030,12526006,13209831,14002186,14469647,15011368,16155843,16373037,17038284,17637098,18967472,19604199,19978757,20553164,21231833,21647645,22134554,22838166,23659351,26338547,28137981
 "19000","Iowa",4,CAGDP2,89,"22,48-49","Transportation and utilities ","Thousands of dollars",5011553,5024554,5292252,5932693,6362099,7162982,7309175,7988290,7831065,7853979,7561931,7890845,8078400,8591644,8955795,9154013,9637997,10050099,10297373,10420914,11754549,12760657
 "19000","Iowa",4,CAGDP2,90,"31-33,51","Manufacturing and information ","Thousands of dollars",23195813,24051504,25185232,27847150,28303920,30374778,30775400,31520194,30370888,31994343,31228895,34039991,33885096,37265230,38362741,34399025,36447542,38469804,38324212,39387322,41722279,44750485
 "19000","Iowa",4,CAGDP2,91,"...","Private goods-producing industries 2/","Thousands of dollars",27269150,28764426,30148399,35795936,34674534,36964224,38868549,40552621,37223829,38959763,42821250,46309081,48869642,51406248,51164481,46654133,49268724,52063398,49641002,49919038,59339240,68605750
 "19000","Iowa",4,CAGDP2,92,"...","Private services-providing industries 3/","Thousands of dollars",55958563,57806847,62535570,68177584,74321661,76182460,83603362,81300588,82978012,86071014,88644501,94213297,94846306,102743612,109972765,116074184,116282784,118651018,123596228,126124313,137911298,145052780
 "19001","Adair, IA",4,CAGDP2,1,"...","All industry total ","Thousands of dollars",192444,207804,213967,264721,231430,240901,238591,274835,252893,250175,294180,291579,325659,319987,339861,335857,349809,369589,388813,469664,585619,664524
 "19001","Adair, IA",4,CAGDP2,2,"..."," Private industries ","Thousands of dollars",171213,185977,191549,241735,207226,216101,213613,249032,225442,221629,266246,263579,296192,289667,308386,303813,317680,335648,354600,435024,550485,627273
 "19001","Adair, IA",4,CAGDP2,3,"11","  Agriculture, forestry, fishing and hunting ","Thousands of dollars",14132,30956,23369,60612,27344,28322,42367,68447,45905,22096,60125,36832,51828,30268,33109,7615,12231,46210,16240,3816,68208,101086
 "19001","Adair, IA",4,CAGDP2,6,"21","  Mining, quarrying, and oil and gas extraction ","Thousands of dollars",4991,1053,1306,1609,2038,1715,1972,2887,2365,1772,2247,2704,2248,1516,2131,1607,2683,4340,4674,4644,3403,2282
 "19001","Adair, IA",4,CAGDP2,10,"22","  Utilities ","Thousands of dollars",3437,3077,3125,3501,4744,7469,6375,12610,8704,24890,21619,26117,37515,37710,35892,40885,38716,34950,96028,165184,179244,209914
 "19001","Adair, IA",4,CAGDP2,11,"23","  Construction ","Thousands of dollars",9209,9108,9131,9057,9117,6961,8991,10981,10509,11205,13616,16248,15562,15775,13731,(D),(D),13681,16329,25586,25069,24628
 "19001","Adair, IA",4,CAGDP2,12,"31-33","  Manufacturing ","Thousands of dollars",58654,57929,64232,73390,68596,74902,60450,52727,49729,52143,51494,56876,61731,69244,85494,(D),(D),72876,57420,69312,79518,82558
 "19001","Adair, IA",4,CAGDP2,13,"321,327-339","   Durable goods manufacturing ","Thousands of dollars",(D),(D),(D),(D),(D),(D),(D),(D),(D),(D),(D),(D),50143,59208,74538,(D),(D),(D),(D),(D),(D),(D)
 "19001","Adair, IA",4,CAGDP2,25,"311-316,322-326","   Nondurable goods manufacturing ","Thousands of dollars",(D),(D),(D),(D),(D),(D),(D),(D),(D),(D),(D),(D),11587,10037,10956,10365,10704,(D),(D),(D),(D),(D)
 "19001","Adair, IA",4,CAGDP2,34,"42","  Wholesale trade ","Thousands of dollars",11363,11729,13104,13662,13650,13674,13365,16141,17029,18760,20255,21308,21207,21038,24110,26655,27525,26452,26420,26944,27706,28915
 "19001","Adair, IA",4,CAGDP2,35,"44-45","  Retail trade ","Thousands of dollars",11817,11652,11989,11148,10202,10221,10316,11058,11505,11494,11631,12606,12993,14343,14180,14714,14812,15615,18171,20322,23305,26056
 "19001","Adair, IA",4,CAGDP2,36,"48-49","  Transportation and warehousing ","Thousands of dollars",(D),(D),(D),(D),(D),(D),(D),(D),(D),(D),(D),(D),(D),10141,11228,(D),(D),(D),15849,16341,18632,19459
 "19001","Adair, IA",4,CAGDP2,45,"51","  Information ","Thousands of dollars",1343,1783,(D),(D),1767,1905,2040,1769,1860,(D),971,(D),(D),884,(D),1701,900,841,1064,918,1085,1142
 "19001","Adair, IA",4,CAGDP2,50,"52,53","  Finance, insurance, real estate, rental, and leasing ","Thousands of dollars",29974,27896,29782,30552,33707,33839,31839,34815,38366,35382,39627,43908,47522,52223,49427,57669,62248,64008,60064,61439,75402,78868
 "19001","Adair, IA",4,CAGDP2,51,"52","   Finance and insurance ","Thousands of dollars",10318,(D),9698,9571,11243,12017,9742,9036,8687,8575,11876,14330,15017,17282,18440,22809,24135,25308,26241,26960,28760,29209
 "19001","Adair, IA",4,CAGDP2,56,"53","   Real estate and rental and leasing ","Thousands of dollars",19656,(D),20083,20981,22463,21822,22096,25779,29679,26807,27751,29579,32505,34942,30987,34860,38113,38700,33823,34480,46642,49659
 "19001","Adair, IA",4,CAGDP2,59,"54,55,56","  Professional and business services ","Thousands of dollars",4923,(D),7808,7979,(D),(D),(D),(D),(D),7103,(D),(D),(D),7503,(D),(D),(D),(D),12054,11107,17588,18235
 "19001","Adair, IA",4,CAGDP2,60,"54","   Professional, scientific, and technical services ","Thousands of dollars",3483,3833,3681,3621,3367,3021,2919,3612,3166,3108,3066,3256,3312,3482,3683,4354,4515,4430,(D),(D),(D),(D)
 "19001","Adair, IA",4,CAGDP2,64,"55","   Management of companies and enterprises ","Thousands of dollars",0,(D),(D),(D),(D),(D),(D),(D),(D),(D),(D),(D),(D),(D),(D),(D),(D),(D),(D),(D),(D),(D)
 "19001","Adair, IA",4,CAGDP2,65,"56","   Administrative and support and waste management and remediation services ","Thousands of dollars",1439,(D),(D),(D),(D),(D),(D),(D),(D),(D),(D),1717,2092,(D),1452,(D),(D),(D),4214,4451,9086,8527
 "19001","Adair, IA",4,CAGDP2,68,"61,62","  Educational services, health care, and social assistance ","Thousands of dollars",(D),7724,8968,8641,7763,8535,7257,8019,10381,11123,12197,13204,12964,13652,14893,14022,13404,12326,13175,13812,13352,15067
 "19001","Adair, IA",4,CAGDP2,69,"61","   Educational services ","Thousands of dollars",(D),(D),(D),(D),109,(D),(D),(D),(D),(D),(D),(D),(D),(D),(D),(D),(D),(D),50,36,11,(D)
 "19001","Adair, IA",4,CAGDP2,70,"62","   Health care and social assistance ","Thousands of dollars",(D),(D),(D),(D),7654,(D),(D),(D),(D),(D),(D),(D),(D),(D),(D),(D),(D),(D),13125,13777,13341,(D)
 "19001","Adair, IA",4,CAGDP2,75,"71,72","  Arts, entertainment, recreation, accommodation, and food services ","Thousands of dollars",3000,3062,3266,4319,5261,5111,5465,6358,6527,6793,7055,7570,6821,6458,6857,7258,7056,7581,7748,6531,8296,9035
 "19001","Adair, IA",4,CAGDP2,76,"71","   Arts, entertainment, and recreation ","Thousands of dollars",469,638,667,836,541,616,683,856,1037,1188,1217,1362,1262,1062,918,1214,854,893,954,621,1125,1190
 "19001","Adair, IA",4,CAGDP2,79,"72","   Accommodation and food services ","Thousands of dollars",2531,2424,2599,3484,4720,4494,4782,5502,5490,5606,5839,6208,5559,5396,5939,6045,6201,6689,6794,5909,7172,7845
 "19001","Adair, IA",4,CAGDP2,82,"81","  Other services (except government and government enterprises) ","Thousands of dollars",6299,7933,(D),8251,8232,8295,7922,7762,7651,7664,7838,8270,8489,8911,9241,9405,9252,9301,9363,9068,9676,10027
 "19001","Adair, IA",4,CAGDP2,83,"92","Government and government enterprises ","Thousands of dollars",21231,21827,22418,22987,24204,24800,24978,25802,27451,28546,27934,28000,29467,30320,31475,32044,32129,33941,34213,34640,35133,37251
 "19001","Adair, IA",4,CAGDP2,87,"11,21","Natural resources and mining ","Thousands of dollars",19123,32009,24675,62221,29382,30037,44339,71334,48270,23868,62372,39536,54077,31784,35240,9222,14914,50550,20914,8459,71611,103368
 "19001","Adair, IA",4,CAGDP2,88,"42,44-45","Trade ","Thousands of dollars",23180,23381,25093,24810,23851,23895,23681,27199,28534,30254,31887,33914,34200,35381,38290,41369,42337,42067,44591,47265,51011,54972
 "19001","Adair, IA",4,CAGDP2,89,"22,48-49","Transportation and utilities ","Thousands of dollars",(D),(D),(D),(D),(D),(D),(D),(D),(D),(D),(D),(D),(D),47851,47120,(D),(D),(D),111877,181525,197876,229373
 "19001","Adair, IA",4,CAGDP2,90,"31-33,51","Manufacturing and information ","Thousands of dollars",59997,59713,(D),(D),70363,76808,62490,54496,51589,(D),52465,(D),(D),70128,(D),(D),(D),73717,58485,70231,80603,83700
 "19001","Adair, IA",4,CAGDP2,91,"...","Private goods-producing industries 2/","Thousands of dollars",86985,99046,98038,144669,107095,111901,113780,135042,108508,87216,127482,112660,131369,116803,134464,110769,118574,137107,94663,103358,176198,210554
 "19001","Adair, IA",4,CAGDP2,92,"...","Private services-providing industries 3/","Thousands of dollars",84227,86931,93511,97066,100131,104200,99833,113991,116934,134413,138764,150919,164823,172864,173922,193045,199106,198541,259937,331666,374287,416719
 "19003","Adams, IA",4,CAGDP2,1,"...","All industry total ","Thousands of dollars",104814,122634,108328,133085,113004,105770,103568,140810,155097,185097,228633,162073,194618,225313,233659,239325,234992,225048,227134,204681,256044,289583
 "19003","Adams, IA",4,CAGDP2,2,"..."," Private industries ","Thousands of dollars",93786,111235,96579,121032,100541,92625,89439,126574,140718,170604,214301,147093,179872,209837,217991,224087,219234,209063,210387,188172,239468,272467
 "19003","Adams, IA",4,CAGDP2,3,"11","  Agriculture, forestry, fishing and hunting ","Thousands of dollars",18892,31031,22479,41641,(D),14201,15184,34686,36539,(D),46484,39457,(D),43429,34725,27980,40622,(D),48433,37634,64664,77927
 "19003","Adams, IA",4,CAGDP2,6,"21","  Mining, quarrying, and oil and gas extraction ","Thousands of dollars",1177,1037,553,683,1729,1389,1304,1444,1673,2019,2961,1637,1431,2451,2645,1722,2032,1545,2767,1747,4772,(D)
 "19003","Adams, IA",4,CAGDP2,10,"22","  Utilities ","Thousands of dollars",677,681,668,717,652,734,763,743,735,697,690,602,647,642,2005,21013,20686,18182,19413,20958,19802,25464
 "19003","Adams, IA",4,CAGDP2,11,"23","  Construction ","Thousands of dollars",2021,2770,3190,2261,(D),6630,2980,3225,3751,(D),5171,9900,(D),4967,5295,4510,3942,(D),6572,4650,4393,(D)
 "19003","Adams, IA",4,CAGDP2,12,"31-33","  Manufacturing ","Thousands of dollars",30450,31571,22971,24272,21845,21544,18882,32641,39894,72602,89784,26324,41659,68903,69607,66239,55410,55411,45442,35233,40001,42876
 "19003","Adams, IA",4,CAGDP2,13,"321,327-339","   Durable goods manufacturing ","Thousands of dollars",(D),(D),(D),(D),(D),(D),(D),(D),(D),(D),(D),(D),13972,20817,22284,21264,21971,23312,24811,24358,27273,27199
 "19003","Adams, IA",4,CAGDP2,25,"311-316,322-326","   Nondurable goods manufacturing ","Thousands of dollars",(D),(D),(D),(D),(D),(D),(D),(D),(D),(D),(D),(D),27687,48086,47323,44975,33439,32099,20631,10875,12728,15677
 "19003","Adams, IA",4,CAGDP2,34,"42","  Wholesale trade ","Thousands of dollars",3682,4184,3972,4020,3863,4365,5564,7531,8554,9251,11095,10540,13172,14363,18353,15178,13740,13308,11798,16464,21931,27237
 "19003","Adams, IA",4,CAGDP2,35,"44-45","  Retail trade ","Thousands of dollars",5433,5417,5662,4966,4332,3922,3601,3636,3882,4075,7133,6643,6773,8108,10600,11345,8089,7892,6544,(D),(D),(D)
 "19003","Adams, IA",4,CAGDP2,36,"48-49","  Transportation and warehousing ","Thousands of dollars",(D),(D),(D),(D),(D),(D),(D),(D),(D),(D),(D),(D),(D),(D),(D),(D),(D),(D),(D),(D),(D),(D)
 "19003","Adams, IA",4,CAGDP2,45,"51","  Information ","Thousands of dollars",(D),(D),(D),(D),(D),(D),813,(D),(D),2157,2986,(D),(D),(D),6782,(D),6113,(D),(D),922,(D),(D)
 "19003","Adams, IA",4,CAGDP2,50,"52,53","  Finance, insurance, real estate, rental, and leasing ","Thousands of dollars",14262,14799,16196,17323,18380,17157,18026,18774,20524,18590,22174,23340,26140,27186,26351,29665,29857,30031,(D),27928,36535,(D)
 "19003","Adams, IA",4,CAGDP2,51,"52","   Finance and insurance ","Thousands of dollars",(D),(D),(D),(D),(D),(D),(D),(D),(D),(D),(D),(D),(D),(D),(D),(D),(D),(D),(D),(D),(D),(D)
 "19003","Adams, IA",4,CAGDP2,56,"53","   Real estate and rental and leasing ","Thousands of dollars",(D),(D),(D),(D),(D),(D),(D),(D),(D),(D),(D),(D),(D),(D),(D),(D),(D),(D),18884,(D),(D),30031
 "19003","Adams, IA",4,CAGDP2,59,"54,55,56","  Professional and business services ","Thousands of dollars",(D),2013,(D),2271,(D),(D),(D),(D),(D),1980,2208,2804,3041,5201,6464,6374,5094,4272,3690,3164,2757,3656
 "19003","Adams, IA",4,CAGDP2,60,"54","   Professional, scientific, and technical services ","Thousands of dollars",1371,1549,1627,1655,1565,1451,1345,1276,1112,1220,1369,1760,2043,2975,3191,3040,2660,2581,2552,2343,2378,2641
 "19003","Adams, IA",4,CAGDP2,64,"55","   Management of companies and enterprises ","Thousands of dollars",(D),(D),(D),(D),(D),(D),(D),0,0,0,(D),(D),(D),(D),(D),(D),(D),(D),(D),(D),(D),562
 "19003","Adams, IA",4,CAGDP2,65,"56","   Administrative and support and waste management and remediation services ","Thousands of dollars",334,(D),439,(D),373,334,(D),(D),(D),760,(D),(D),(D),(D),(D),(D),(D),(D),(D),(D),(D),453
 "19003","Adams, IA",4,CAGDP2,68,"61,62","  Educational services, health care, and social assistance ","Thousands of dollars",9496,10930,11478,12001,11981,12967,13467,15008,15871,15140,15505,16272,16479,16921,19876,19281,18012,17990,19424,18820,20595,22832
 "19003","Adams, IA",4,CAGDP2,69,"61","   Educational services ","Thousands of dollars",66,68,77,79,63,45,127,172,78,93,(D),262,43,(D),(D),1497,1017,534,306,69,29,27
 "19003","Adams, IA",4,CAGDP2,70,"62","   Health care and social assistance ","Thousands of dollars",9430,10863,11401,11922,11918,12922,13340,14836,15793,15047,(D),16010,16437,(D),(D),17784,16995,17456,19118,18751,20566,22805
 "19003","Adams, IA",4,CAGDP2,75,"71,72","  Arts, entertainment, recreation, accommodation, and food services ","Thousands of dollars",1490,1610,1468,1313,1125,(D),709,733,848,888,(D),1202,2042,3866,(D),4602,(D),4075,4222,1700,2185,2426
 "19003","Adams, IA",4,CAGDP2,76,"71","   Arts, entertainment, and recreation ","Thousands of dollars",599,661,539,547,521,(D),397,(D),372,362,(D),(D),(D),(D),(D),(D),(D),(D),(D),(D),(D),(D)
 "19003","Adams, IA",4,CAGDP2,79,"72","   Accommodation and food services ","Thousands of dollars",892,949,929,766,603,467,312,(D),476,526,(D),(D),(D),(D),(D),(D),(D),(D),(D),(D),(D),(D)
 "19003","Adams, IA",4,CAGDP2,82,"81","  Other services (except government and government enterprises) ","Thousands of dollars",2860,3254,3238,6038,3223,3843,3594,3361,3339,3217,3355,(D),(D),4266,4386,4427,4412,4464,4470,4292,(D),(D)
 "19003","Adams, IA",4,CAGDP2,83,"92","Government and government enterprises ","Thousands of dollars",11028,11399,11749,12053,12463,13144,14129,14236,14378,14493,14332,14979,14747,15477,15667,15239,15759,15985,16748,16510,16576,17115
 "19003","Adams, IA",4,CAGDP2,87,"11,21","Natural resources and mining ","Thousands of dollars",20069,32068,23032,42324,(D),15589,16488,36130,38213,(D),49445,41094,(D),45880,37370,29702,42654,(D),51200,39381,69436,(D)
 "19003","Adams, IA",4,CAGDP2,88,"42,44-45","Trade ","Thousands of dollars",9115,9601,9634,8985,8194,8286,9165,11167,12436,13326,18229,17183,19944,22471,28952,26523,21829,21200,18342,(D),(D),(D)
 "19003","Adams, IA",4,CAGDP2,89,"22,48-49","Transportation and utilities ","Thousands of dollars",(D),(D),(D),(D),(D),(D),(D),(D),(D),(D),(D),(D),(D),(D),(D),(D),(D),(D),(D),(D),(D),(D)
 "19003","Adams, IA",4,CAGDP2,90,"31-33,51","Manufacturing and information ","Thousands of dollars",(D),(D),(D),(D),(D),(D),19695,(D),(D),74759,92770,(D),(D),(D),76389,(D),61523,(D),(D),36155,(D),(D)
 "19003","Adams, IA",4,CAGDP2,91,"...","Private goods-producing industries 2/","Thousands of dollars",52540,66408,49194,68857,51430,43764,38350,71996,81858,(D),144400,77317,99614,119750,112272,100452,102007,97484,103213,79264,113830,128399
 "19003","Adams, IA",4,CAGDP2,92,"...","Private services-providing industries 3/","Thousands of dollars",41247,44827,47386,52175,49111,48862,51088,54578,58860,(D),69902,69776,80258,90087,105719,123635,117227,111579,107174,108908,125637,144068
 "19005","Allamakee, IA",4,CAGDP2,1,"...","All industry total ","Thousands of dollars",370481,373842,405775,449132,450513,460591,479043,489150,473546,509975,543657,526817,577436,619443,625147,658913,628558,617692,616548,632661,644968,713140
 "19005","Allamakee, IA",4,CAGDP2,2,"..."," Private industries ","Thousands of dollars",332190,333615,363636,404737,403993,411955,429738,436856,416542,448951,483104,466366,514531,551892,554445,583208,551782,535784,533965,550499,561415,625441
 "19005","Allamakee, IA",4,CAGDP2,3,"11","  Agriculture, forestry, fishing and hunting ","Thousands of dollars",18875,14627,19093,42434,37445,35514,32761,38162,13482,44966,69723,54541,113699,125999,131858,142934,104978,82912,86772,99582,98794,135109
 "19005","Allamakee, IA",4,CAGDP2,6,"21","  Mining, quarrying, and oil and gas extraction ","Thousands of dollars",631,714,730,858,1014,1089,1110,1264,1098,1226,1196,1484,1325,1487,1189,1375,1958,1702,1989,2752,2678,2352
 "19005","Allamakee, IA",4,CAGDP2,10,"22","  Utilities ","Thousands of dollars",52340,44694,46920,53390,51945,54272,64024,69231,66060,53693,57901,51676,46417,61203,43740,49148,51041,44372,28990,25413,37274,54940
 "19005","Allamakee, IA",4,CAGDP2,11,"23","  Construction ","Thousands of dollars",15536,15751,16341,18402,19110,22331,18889,19112,24513,28200,28737,27193,26437,27578,26793,27425,24297,23840,25096,23106,23979,26656
 "19005","Allamakee, IA",4,CAGDP2,12,"31-33","  Manufacturing ","Thousands of dollars",93162,98493,110830,115466,106546,107632,113764,102247,105758,102994,91536,88739,84508,78932,88452,94371,101962,109660,114940,130951,126186,125052
 "19005","Allamakee, IA",4,CAGDP2,13,"321,327-339","   Durable goods manufacturing ","Thousands of dollars",20570,20488,18567,21441,22280,21014,20186,16772,9778,10838,10941,12099,8897,9442,10396,11039,12748,15657,16359,17171,17337,17079
 "19005","Allamakee, IA",4,CAGDP2,25,"311-316,322-326","   Nondurable goods manufacturing ","Thousands of dollars",72592,78006,92263,94024,84266,86618,93578,85475,95979,92156,80595,76639,75611,69490,78056,83331,89214,94003,98581,113780,108849,107973
 "19005","Allamakee, IA",4,CAGDP2,34,"42","  Wholesale trade ","Thousands of dollars",21675,22153,22632,25015,26413,27464,26308,30695,32182,35500,34531,34081,29070,30089,30715,32029,33003,35884,37639,41403,43689,46980
 "19005","Allamakee, IA",4,CAGDP2,35,"44-45","  Retail trade ","Thousands of dollars",30067,30922,32192,30653,30509,30618,28312,28715,29866,35098,34584,36539,36687,37100,37882,38230,35854,35609,35512,37604,43174,46152
 "19005","Allamakee, IA",4,CAGDP2,36,"48-49","  Transportation and warehousing ","Thousands of dollars",5224,5322,7567,9867,14428,16373,16612,14476,11444,12795,14402,(D),(D),(D),(D),(D),(D),(D),(D),(D),(D),(D)
 "19005","Allamakee, IA",4,CAGDP2,45,"51","  Information ","Thousands of dollars",3183,3155,2832,3185,2521,2134,2123,2333,2469,2538,3266,3041,2752,2179,2152,1819,1766,1584,1996,1330,1594,1675
 "19005","Allamakee, IA",4,CAGDP2,50,"52,53","  Finance, insurance, real estate, rental, and leasing ","Thousands of dollars",53386,57400,63066,62771,69443,67749,76887,78318,77265,77826,91767,95481,97771,109507,111038,114776,116175,117246,116811,112863,105613,105296
 "19005","Allamakee, IA",4,CAGDP2,51,"52","   Finance and insurance ","Thousands of dollars",15823,19114,19103,18486,19917,19829,20608,19077,17762,16989,24972,28819,30044,34854,36540,43287,44450,44130,43651,41981,43701,44997
 "19005","Allamakee, IA",4,CAGDP2,56,"53","   Real estate and rental and leasing ","Thousands of dollars",37563,38286,43963,44285,49527,47920,56278,59240,59503,60837,66795,66662,67727,74653,74498,71489,71724,73116,73160,70882,61912,60298
 "19005","Allamakee, IA",4,CAGDP2,59,"54,55,56","  Professional and business services ","Thousands of dollars",6889,7593,8280,7939,7792,8504,8849,10582,9514,9946,9703,(D),(D),(D),(D),(D),(D),(D),(D),(D),12361,(D)
 "19005","Allamakee, IA",4,CAGDP2,60,"54","   Professional, scientific, and technical services ","Thousands of dollars",4729,5497,5443,5438,4395,4938,(D),(D),5254,5130,5456,5681,5994,5832,6506,6912,7073,7994,8414,7845,7200,7715
 "19005","Allamakee, IA",4,CAGDP2,64,"55","   Management of companies and enterprises ","Thousands of dollars",(D),(D),1130,1473,2047,(D),(D),(D),(D),(D),(D),(D),(D),(D),(D),(D),(D),(D),(D),(D),(D),(D)
 "19005","Allamakee, IA",4,CAGDP2,65,"56","   Administrative and support and waste management and remediation services ","Thousands of dollars",(D),(D),1707,1028,1351,(D),1713,(D),(D),(D),(D),(D),(D),(D),(D),(D),(D),(D),(D),(D),(D),(D)
 "19005","Allamakee, IA",4,CAGDP2,68,"61,62","  Educational services, health care, and social assistance ","Thousands of dollars",17007,17471,18530,19612,19936,20613,21091,23200,23897,24634,25367,26120,27045,27978,28365,29476,29449,29808,30118,25184,26118,26418
 "19005","Allamakee, IA",4,CAGDP2,69,"61","   Educational services ","Thousands of dollars",(D),(D),(D),(D),(D),(D),(D),(D),(D),1565,1667,1844,1673,1618,1671,1962,1886,2296,2427,1963,2412,2315
 "19005","Allamakee, IA",4,CAGDP2,70,"62","   Health care and social assistance ","Thousands of dollars",(D),(D),(D),(D),(D),(D),(D),(D),(D),23070,23700,24276,25372,26360,26694,27514,27563,27512,27691,23220,23705,24103
 "19005","Allamakee, IA",4,CAGDP2,75,"71,72","  Arts, entertainment, recreation, accommodation, and food services ","Thousands of dollars",4363,4428,4235,4168,3885,4029,4168,4020,4061,4399,5030,4960,5126,4857,5587,5966,5900,5726,5725,4636,(D),6426
 "19005","Allamakee, IA",4,CAGDP2,76,"71","   Arts, entertainment, and recreation ","Thousands of dollars",383,358,401,346,284,298,523,444,444,527,568,517,518,595,624,609,646,730,811,597,(D),1145
 "19005","Allamakee, IA",4,CAGDP2,79,"72","   Accommodation and food services ","Thousands of dollars",3980,4070,3833,3823,3600,3731,3644,3576,3617,3872,4462,4443,4608,4262,4964,5357,5254,4996,4913,4039,(D),5282
 "19005","Allamakee, IA",4,CAGDP2,82,"81","  Other services (except government and government enterprises) ","Thousands of dollars",9852,10892,10387,10977,13005,13632,14840,14502,14934,15135,15361,15977,16053,16905,18851,19064,19959,20724,21598,21115,22255,23488
 "19005","Allamakee, IA",4,CAGDP2,83,"92","Government and government enterprises ","Thousands of dollars",38291,40228,42139,44394,46521,48636,49306,52294,57004,61024,60553,60452,62905,67552,70702,75705,76776,81908,82583,82162,83553,87699
 "19005","Allamakee, IA",4,CAGDP2,87,"11,21","Natural resources and mining ","Thousands of dollars",19506,15340,19823,43292,38459,36602,33871,39426,14580,46192,70919,56026,115024,127486,133048,144309,106935,84613,88761,102334,101473,137461
 "19005","Allamakee, IA",4,CAGDP2,88,"42,44-45","Trade ","Thousands of dollars",51742,53075,54824,55668,56922,58082,54620,59409,62047,70598,69115,70620,65757,67189,68597,70259,68857,71493,73151,79007,86863,93132
 "19005","Allamakee, IA",4,CAGDP2,89,"22,48-49","Transportation and utilities ","Thousands of dollars",57564,50016,54488,63257,66373,70645,80637,83707,77504,66487,72303,(D),(D),(D),(D),(D),(D),(D),(D),(D),(D),(D)
 "19005","Allamakee, IA",4,CAGDP2,90,"31-33,51","Manufacturing and information ","Thousands of dollars",96345,101648,113662,118651,109067,109767,115887,104580,108226,105532,94802,91779,87260,81111,90604,96190,103728,111244,116936,132280,127780,126727
 "19005","Allamakee, IA",4,CAGDP2,91,"...","Private goods-producing industries 2/","Thousands of dollars",128204,129584,146994,177159,164115,166565,166523,160785,144851,177387,191192,171958,225969,233996,248293,266105,233194,218113,228798,256391,251638,289169
 "19005","Allamakee, IA",4,CAGDP2,92,"...","Private services-providing industries 3/","Thousands of dollars",203987,204030,216642,227578,239878,245390,263215,276071,271691,271564,291912,294408,288562,317896,306151,317103,318587,317671,305167,294108,309777,336271
 "19007","Appanoose, IA",4,CAGDP2,1,"...","All industry total ","Thousands of dollars",246212,262379,283872,310236,312182,312035,298246,337807,350015,342970,367762,355439,371962,374347,405922,404663,410365,416034,422150,435257,501543,521084
 "19007","Appanoose, IA",4,CAGDP2,2,"..."," Private industries ","Thousands of dollars",209194,224083,243823,269234,270385,269715,255005,293927,303177,294699,321394,310818,327214,327329,357284,354140,359806,364302,368589,380347,447748,464488
 "19007","Appanoose, IA",4,CAGDP2,3,"11","  Agriculture, forestry, fishing and hunting ","Thousands of dollars",(D),4294,6029,15943,8121,5985,5555,3948,9374,(D),(D),8647,25404,682,11783,2631,1058,4358,1546,1214,16417,15382
 "19007","Appanoose, IA",4,CAGDP2,6,"21","  Mining, quarrying, and oil and gas extraction ","Thousands of dollars",1689,1782,1949,2280,4130,3374,3127,4774,3110,2995,2730,3083,2292,2520,2672,2648,3047,3490,4530,5967,8216,7021
 "19007","Appanoose, IA",4,CAGDP2,10,"22","  Utilities ","Thousands of dollars",10751,12075,12215,13405,14474,17663,16946,22150,18220,15671,12603,(D),12509,13565,14029,(D),14428,15711,17974,20822,21208,18710
 "19007","Appanoose, IA",4,CAGDP2,11,"23","  Construction ","Thousands of dollars",6628,7672,7988,8316,7706,7755,9172,10921,8765,(D),(D),14763,13586,14172,13990,9984,10017,9060,11034,11101,12831,15140
 "19007","Appanoose, IA",4,CAGDP2,12,"31-33","  Manufacturing ","Thousands of dollars",64831,66193,75694,79390,76945,74297,59245,79151,75629,75256,86612,74006,68783,77356,90406,87642,88521,87661,94904,98782,112052,115228
 "19007","Appanoose, IA",4,CAGDP2,13,"321,327-339","   Durable goods manufacturing ","Thousands of dollars",(D),(D),(D),(D),(D),(D),(D),(D),(D),(D),(D),(D),39252,57711,68577,62642,56438,50922,60616,64927,76753,75701
 "19007","Appanoose, IA",4,CAGDP2,25,"311-316,322-326","   Nondurable goods manufacturing ","Thousands of dollars",(D),(D),(D),(D),(D),(D),(D),(D),(D),(D),(D),(D),29531,19646,21829,25000,32083,36738,34288,33855,35299,39527
 "19007","Appanoose, IA",4,CAGDP2,34,"42","  Wholesale trade ","Thousands of dollars",8541,13993,12698,8455,8741,8945,6219,6927,7945,8879,10177,(D),13316,(D),17508,(D),(D),(D),(D),10568,11190,13368
 "19007","Appanoose, IA",4,CAGDP2,35,"44-45","  Retail trade ","Thousands of dollars",20313,20814,20810,20941,21867,22206,22897,24314,25734,25733,26691,27698,28242,29427,31431,30952,31312,31107,31601,32736,35363,36206
 "19007","Appanoose, IA",4,CAGDP2,36,"48-49","  Transportation and warehousing ","Thousands of dollars",6199,6821,9052,16591,17814,17862,19641,19788,21323,22455,23556,22519,21983,21352,22099,22681,22990,24885,25019,25184,27431,28821
 "19007","Appanoose, IA",4,CAGDP2,45,"51","  Information ","Thousands of dollars",2928,2343,2756,3265,4011,4150,4529,4093,4337,4333,4009,3440,4033,4636,5878,5989,5892,4202,3772,3619,3643,3775
 "19007","Appanoose, IA",4,CAGDP2,50,"52,53","  Finance, insurance, real estate, rental, and leasing ","Thousands of dollars",42330,44346,48512,50804,55854,55022,57461,63709,68776,63469,65848,69519,73628,77548,71396,82075,87002,89391,80195,80719,103306,109867
 "19007","Appanoose, IA",4,CAGDP2,51,"52","   Finance and insurance ","Thousands of dollars",9722,10998,11034,11189,12308,11903,12843,11584,11134,11353,12608,14301,13777,15792,17640,20466,20538,20869,20146,20509,20762,21887
 "19007","Appanoose, IA",4,CAGDP2,56,"53","   Real estate and rental and leasing ","Thousands of dollars",32608,33349,37478,39615,43545,43119,44618,52125,57642,52117,53239,55217,59851,61756,53756,61609,66465,68522,60049,60210,82544,87980
 "19007","Appanoose, IA",4,CAGDP2,59,"54,55,56","  Professional and business services ","Thousands of dollars",(D),4503,4610,6599,7119,8600,6834,7312,7730,8064,8150,9066,9372,12603,13503,12999,(D),(D),(D),15917,16183,17470
 "19007","Appanoose, IA",4,CAGDP2,60,"54","   Professional, scientific, and technical services ","Thousands of dollars",3510,3355,(D),(D),(D),(D),4731,5640,5855,5873,5949,6247,5923,6218,6689,6633,(D),(D),(D),(D),(D),(D)
 "19007","Appanoose, IA",4,CAGDP2,64,"55","   Management of companies and enterprises ","Thousands of dollars",(D),(D),(D),(D),(D),(D),(D),(D),(D),(D),(D),915,1110,1201,1155,437,(D),(D),(D),(D),(D),(D)
 "19007","Appanoose, IA",4,CAGDP2,65,"56","   Administrative and support and waste management and remediation services ","Thousands of dollars",(D),(D),(D),2397,2581,3560,(D),(D),(D),(D),(D),1904,2339,5185,5660,5930,6180,6919,6897,7010,6894,7338
 "19007","Appanoose, IA",4,CAGDP2,68,"61,62","  Educational services, health care, and social assistance ","Thousands of dollars",22472,24238,26432,27589,27771,28327,28156,30430,33567,33385,33554,33725,32236,33746,36154,39511,40044,40940,42275,47704,49041,49789
 "19007","Appanoose, IA",4,CAGDP2,69,"61","   Educational services ","Thousands of dollars",430,598,(D),(D),504,(D),(D),(D),(D),(D),(D),(D),(D),96,(D),(D),(D),(D),(D),(D),191,194
 "19007","Appanoose, IA",4,CAGDP2,70,"62","   Health care and social assistance ","Thousands of dollars",22042,23639,(D),(D),27267,(D),(D),(D),(D),(D),(D),(D),(D),33650,(D),(D),(D),(D),(D),(D),48851,49594
 "19007","Appanoose, IA",4,CAGDP2,75,"71,72","  Arts, entertainment, recreation, accommodation, and food services ","Thousands of dollars",6126,6251,6508,6684,6983,7222,7510,8799,10645,10973,11563,12340,12992,(D),16591,16530,17121,16948,17423,12978,17761,20148
 "19007","Appanoose, IA",4,CAGDP2,76,"71","   Arts, entertainment, and recreation ","Thousands of dollars",1124,1147,1249,1241,1398,1511,1757,1908,1578,1296,1209,1216,1202,(D),1295,1472,1666,1880,1914,1693,2764,2814
 "19007","Appanoose, IA",4,CAGDP2,79,"72","   Accommodation and food services ","Thousands of dollars",5002,5104,5259,5443,5586,5711,5753,6890,9067,9677,10354,11123,11790,(D),15296,15057,15455,15068,15509,11285,14997,17334
 "19007","Appanoose, IA",4,CAGDP2,82,"81","  Other services (except government and government enterprises) ","Thousands of dollars",7983,8758,8572,8972,8849,8306,7713,7611,8021,8383,8493,9090,8839,9112,9845,10236,10819,11996,12780,13034,13105,13564
 "19007","Appanoose, IA",4,CAGDP2,83,"92","Government and government enterprises ","Thousands of dollars",37018,38296,40049,41002,41797,42320,43241,43880,46838,48271,46368,44621,44748,47018,48638,50523,50559,51732,53561,54910,53795,56596
 "19007","Appanoose, IA",4,CAGDP2,87,"11,21","Natural resources and mining ","Thousands of dollars",(D),6076,7978,18223,12251,9360,8682,8722,12485,(D),(D),11730,27696,3202,14455,5279,4105,7848,6076,7182,24633,22402
 "19007","Appanoose, IA",4,CAGDP2,88,"42,44-45","Trade ","Thousands of dollars",28854,34807,33508,29396,30608,31151,29116,31241,33680,34611,36868,(D),41558,(D),48939,(D),(D),(D),(D),43304,46553,49574
 "19007","Appanoose, IA",4,CAGDP2,89,"22,48-49","Transportation and utilities ","Thousands of dollars",16950,18896,21267,29996,32288,35525,36587,41939,39543,38126,36159,(D),34492,34917,36129,(D),37418,40596,42993,46006,48639,47531
 "19007","Appanoose, IA",4,CAGDP2,90,"31-33,51","Manufacturing and information ","Thousands of dollars",67759,68536,78449,82655,80956,78447,63774,83244,79966,79589,90621,77446,72816,81992,96284,93631,94413,91863,98676,102401,115695,119003
 "19007","Appanoose, IA",4,CAGDP2,91,"...","Private goods-producing industries 2/","Thousands of dollars",(D),79941,91660,105929,96902,91412,77099,98794,96878,93354,116750,100498,110065,94731,118851,102905,102643,104569,112014,117066,149516,152770
 "19007","Appanoose, IA",4,CAGDP2,92,"...","Private services-providing industries 3/","Thousands of dollars",(D),144141,152163,163305,173483,178303,177907,195133,206299,201344,204644,210320,217149,232598,238434,251235,257163,259733,256574,263281,298231,311718
 "19009","Audubon, IA",4,CAGDP2,1,"...","All industry total ","Thousands of dollars",128070,137581,136007,185169,171624,183694,191351,280384,240090,237259,255080,225152,247506,239467,219140,225441,261283,268730,301894,289859,361603,429987
 "19009","Audubon, IA",4,CAGDP2,2,"..."," Private industries ","Thousands of dollars",110410,119707,117652,165541,150866,162526,169540,258505,216544,212812,230708,200171,224770,214496,192474,197885,232998,240044,273392,259516,330949,398284
 "19009","Audubon, IA",4,CAGDP2,3,"11","  Agriculture, forestry, fishing and hunting ","Thousands of dollars",21885,27414,25140,70013,54046,61336,61178,81382,57531,63245,113618,76667,104339,86498,70029,71690,97873,98548,107795,94411,144786,194691
 "19009","Audubon, IA",4,CAGDP2,6,"21","  Mining, quarrying, and oil and gas extraction ","Thousands of dollars",0,0,0,0,0,0,0,0,0,0,0,0,0,0,0,0,0,0,0,0,0,0
 "19009","Audubon, IA",4,CAGDP2,10,"22","  Utilities ","Thousands of dollars",353,406,392,468,1262,1590,3036,1291,1040,1143,1297,2537,1297,1142,1679,2681,3064,4778,23214,25138,26309,30626
 "19009","Audubon, IA",4,CAGDP2,11,"23","  Construction ","Thousands of dollars",5890,6131,5990,5947,5630,6439,5723,5243,5970,7429,7394,9451,8812,8870,7463,7836,9583,7636,7809,7557,7414,10631
 "19009","Audubon, IA",4,CAGDP2,12,"31-33","  Manufacturing ","Thousands of dollars",13304,16966,17023,19876,20720,20086,21402,94490,76216,57154,22751,22541,19175,22959,21838,19163,22042,22203,26578,27100,29664,33889
 "19009","Audubon, IA",4,CAGDP2,13,"321,327-339","   Durable goods manufacturing ","Thousands of dollars",11084,14556,(D),(D),(D),(D),(D),(D),(D),(D),(D),(D),(D),(D),(D),(D),(D),(D),(D),(D),(D),(D)
 "19009","Audubon, IA",4,CAGDP2,25,"311-316,322-326","   Nondurable goods manufacturing ","Thousands of dollars",2220,2410,(D),(D),(D),(D),(D),(D),(D),(D),(D),(D),(D),(D),(D),(D),(D),(D),(D),(D),(D),(D)
 "19009","Audubon, IA",4,CAGDP2,34,"42","  Wholesale trade ","Thousands of dollars",9470,9330,8936,8397,8784,8426,8390,9722,10648,11852,13060,14507,15697,15998,15369,15008,14644,14997,16293,15866,17838,17670
 "19009","Audubon, IA",4,CAGDP2,35,"44-45","  Retail trade ","Thousands of dollars",11525,11158,10027,8887,7860,8013,8146,8583,9751,11793,10631,9967,8661,8123,8022,8289,7679,8668,8429,8257,10023,10419
 "19009","Audubon, IA",4,CAGDP2,36,"48-49","  Transportation and warehousing ","Thousands of dollars",(D),(D),(D),(D),(D),(D),(D),(D),(D),(D),(D),(D),(D),(D),(D),(D),(D),(D),11133,11265,11813,13312
 "19009","Audubon, IA",4,CAGDP2,45,"51","  Information ","Thousands of dollars",(D),(D),(D),(D),(D),(D),(D),(D),(D),(D),(D),1126,1348,(D),1208,(D),1468,1742,2059,1333,1564,1810
 "19009","Audubon, IA",4,CAGDP2,50,"52,53","  Finance, insurance, real estate, rental, and leasing ","Thousands of dollars",25937,24189,24540,24295,24944,27918,32753,29274,28180,32036,32464,34196,36305,40036,37221,42189,43871,45270,40822,40460,51611,54437
 "19009","Audubon, IA",4,CAGDP2,51,"52","   Finance and insurance ","Thousands of dollars",6622,7444,7672,7475,7878,7646,8383,7998,8398,8478,9222,(D),(D),(D),12956,15008,14773,14863,14152,13743,14895,15857
 "19009","Audubon, IA",4,CAGDP2,56,"53","   Real estate and rental and leasing ","Thousands of dollars",19316,16744,16868,16820,17066,20273,24370,21276,19782,23558,23242,(D),(D),(D),24265,27181,29098,30407,26670,26717,36716,38579
 "19009","Audubon, IA",4,CAGDP2,59,"54,55,56","  Professional and business services ","Thousands of dollars",6040,7145,7178,7491,7133,7865,7986,7140,5597,5724,6279,7121,6948,6824,7161,7695,9085,10588,10833,10903,12889,12503
 "19009","Audubon, IA",4,CAGDP2,60,"54","   Professional, scientific, and technical services ","Thousands of dollars",4544,5650,(D),(D),(D),(D),(D),(D),(D),(D),(D),(D),(D),2943,2833,2927,3432,4894,5243,5803,7188,7214
 "19009","Audubon, IA",4,CAGDP2,64,"55","   Management of companies and enterprises ","Thousands of dollars",0,0,(D),(D),(D),(D),(D),(D),(D),(D),(D),(D),(D),(D),(D),(D),(D),(D),(D),(D),(D),(D)
 "19009","Audubon, IA",4,CAGDP2,65,"56","   Administrative and support and waste management and remediation services ","Thousands of dollars",1496,1495,1754,1676,1733,1663,1653,1647,1210,1304,1377,1342,1251,(D),(D),(D),(D),(D),(D),(D),(D),(D)
 "19009","Audubon, IA",4,CAGDP2,68,"61,62","  Educational services, health care, and social assistance ","Thousands of dollars",(D),6414,6624,6876,6775,7128,7572,8171,7885,7711,7693,7451,7768,7790,7349,7627,8587,8879,8595,8682,8216,8860
 "19009","Audubon, IA",4,CAGDP2,69,"61","   Educational services ","Thousands of dollars",26,27,(D),21,26,(D),(D),31,69,103,(D),(D),(D),(D),(D),(D),(D),(D),(D),8,56,54
 "19009","Audubon, IA",4,CAGDP2,70,"62","   Health care and social assistance ","Thousands of dollars",(D),6387,(D),6856,6749,(D),(D),8140,7816,7609,(D),(D),(D),(D),(D),(D),(D),(D),(D),8674,8160,8806
 "19009","Audubon, IA",4,CAGDP2,75,"71,72","  Arts, entertainment, recreation, accommodation, and food services ","Thousands of dollars",1066,1098,1036,1220,1139,(D),1206,1272,1298,1385,1460,(D),(D),1316,(D),1186,(D),(D),4020,2665,2747,2805
 "19009","Audubon, IA",4,CAGDP2,76,"71","   Arts, entertainment, and recreation ","Thousands of dollars",191,(D),(D),(D),(D),(D),217,227,(D),(D),365,(D),(D),(D),(D),(D),(D),(D),(D),(D),(D),(D)
 "19009","Audubon, IA",4,CAGDP2,79,"72","   Accommodation and food services ","Thousands of dollars",875,(D),(D),(D),(D),963,989,1045,(D),(D),1095,(D),(D),(D),(D),(D),(D),(D),(D),(D),(D),(D)
 "19009","Audubon, IA",4,CAGDP2,82,"81","  Other services (except government and government enterprises) ","Thousands of dollars",(D),(D),(D),(D),(D),(D),6596,6018,6449,6190,5553,5155,4924,4936,5293,5629,5738,6544,5812,5880,6075,6630
 "19009","Audubon, IA",4,CAGDP2,83,"92","Government and government enterprises ","Thousands of dollars",17661,17873,18355,19628,20758,21167,21811,21879,23546,24448,24371,24981,22736,24971,26665,27555,28285,28685,28502,30343,30654,31704
 "19009","Audubon, IA",4,CAGDP2,87,"11,21","Natural resources and mining ","Thousands of dollars",21885,27414,25140,70013,54046,61336,61178,81382,57531,63245,113618,76667,104339,86498,70029,71690,97873,98548,107795,94411,144786,194691
 "19009","Audubon, IA",4,CAGDP2,88,"42,44-45","Trade ","Thousands of dollars",20995,20488,18963,17284,16645,16439,16536,18305,20399,23645,23691,24474,24358,24121,23390,23298,22323,23664,24722,24123,27861,28089
 "19009","Audubon, IA",4,CAGDP2,89,"22,48-49","Transportation and utilities ","Thousands of dollars",(D),(D),(D),(D),(D),(D),(D),(D),(D),(D),(D),(D),(D),(D),(D),(D),(D),(D),34347,36402,38121,43938
 "19009","Audubon, IA",4,CAGDP2,90,"31-33,51","Manufacturing and information ","Thousands of dollars",(D),(D),(D),(D),(D),(D),(D),(D),(D),(D),(D),23668,20523,(D),23046,(D),23510,23945,28637,28433,31229,35699
 "19009","Audubon, IA",4,CAGDP2,91,"...","Private goods-producing industries 2/","Thousands of dollars",41079,50512,48153,95836,80396,87861,88304,181115,139718,127829,143763,108658,132326,118328,99330,98690,129498,128387,142182,129068,181864,239211
 "19009","Audubon, IA",4,CAGDP2,92,"...","Private services-providing industries 3/","Thousands of dollars",69331,69196,69499,69705,70470,74666,81236,77390,76826,84983,86946,91513,92444,96168,93144,99196,103500,111657,131210,130448,149085,159073
 "19011","Benton, IA",4,CAGDP2,1,"...","All industry total ","Thousands of dollars",419452,451336,451314,503744,483250,500068,558067,591836,580688,620463,684996,689523,735556,740856,762981,767172,809714,859889,895804,893804,1037922,1181470
 "19011","Benton, IA",4,CAGDP2,2,"..."," Private industries ","Thousands of dollars",354036,383803,380265,428600,403849,418113,474267,504627,489667,524903,589574,593914,635025,634338,653547,654530,695496,742863,774418,767904,910889,1046163
 "19011","Benton, IA",4,CAGDP2,3,"11","  Agriculture, forestry, fishing and hunting ","Thousands of dollars",52307,75693,64365,87739,54576,51238,90728,110345,74091,85423,126976,106503,133285,89766,66091,61734,80573,82455,85105,110520,214105,263246
 "19011","Benton, IA",4,CAGDP2,6,"21","  Mining, quarrying, and oil and gas extraction ","Thousands of dollars",1932,2206,2234,3186,2903,4264,4207,5317,4734,5363,5067,5265,4744,4831,4525,3730,4768,3910,3697,2974,3564,3144
 "19011","Benton, IA",4,CAGDP2,10,"22","  Utilities ","Thousands of dollars",3678,3432,3468,3230,4701,7121,6282,11645,8424,6086,2832,2679,(D),2995,3137,(D),3114,(D),3810,5324,5376,4675
 "19011","Benton, IA",4,CAGDP2,11,"23","  Construction ","Thousands of dollars",26506,26197,27351,26794,27678,29477,29551,28810,35397,39905,43251,48561,40866,41442,45787,53274,59616,59435,50449,48966,46902,46893
 "19011","Benton, IA",4,CAGDP2,12,"31-33","  Manufacturing ","Thousands of dollars",60520,61322,60193,66565,64978,68356,70140,70356,68068,58051,57902,67442,98218,131151,145900,139560,151907,161002,168502,164153,196498,248500
 "19011","Benton, IA",4,CAGDP2,13,"321,327-339","   Durable goods manufacturing ","Thousands of dollars",39198,38762,34564,37750,39359,38201,35015,28825,(D),21083,19298,21308,29348,38163,37755,35124,37103,42609,41111,44519,40426,42909
 "19011","Benton, IA",4,CAGDP2,25,"311-316,322-326","   Nondurable goods manufacturing ","Thousands of dollars",21322,22560,25630,28816,25618,30155,35124,41531,(D),36968,38604,46134,68870,92988,108145,104436,114804,118393,127392,119634,156072,205591
 "19011","Benton, IA",4,CAGDP2,34,"42","  Wholesale trade ","Thousands of dollars",22137,23488,25778,31388,30884,31713,31762,39748,39137,39499,38741,43240,47518,54050,54948,56313,55805,53879,53463,52811,58962,62674
 "19011","Benton, IA",4,CAGDP2,35,"44-45","  Retail trade ","Thousands of dollars",33009,34180,35546,33526,32700,31667,30987,32576,33558,38045,39452,43706,47932,50043,53796,55258,56776,68124,75104,81699,83629,86801
 "19011","Benton, IA",4,CAGDP2,36,"48-49","  Transportation and warehousing ","Thousands of dollars",(D),(D),(D),(D),(D),(D),(D),(D),(D),(D),(D),(D),(D),(D),(D),(D),(D),(D),(D),(D),(D),(D)
 "19011","Benton, IA",4,CAGDP2,45,"51","  Information ","Thousands of dollars",16663,16770,12580,14544,13173,12175,14064,21167,32954,45187,34238,26579,16108,10173,12340,12644,12118,15406,18908,18916,19005,21509
 "19011","Benton, IA",4,CAGDP2,50,"52,53","  Finance, insurance, real estate, rental, and leasing ","Thousands of dollars",88212,87118,91666,91543,98646,99839,114371,100769,106779,113709,142027,147029,147858,150565,167324,171384,170776,188192,206655,180596,176959,(D)
 "19011","Benton, IA",4,CAGDP2,51,"52","   Finance and insurance ","Thousands of dollars",22940,25386,25575,25556,28546,26970,30309,26034,26595,27348,32694,38479,38515,47700,51965,60956,62097,59649,60711,61545,66360,65829
 "19011","Benton, IA",4,CAGDP2,56,"53","   Real estate and rental and leasing ","Thousands of dollars",65272,61731,66091,65987,70099,72869,84062,74735,80183,86362,109333,108550,109343,102865,115360,110428,108680,128543,145944,119051,110599,(D)
 "19011","Benton, IA",4,CAGDP2,59,"54,55,56","  Professional and business services ","Thousands of dollars",(D),(D),(D),(D),(D),(D),(D),(D),(D),(D),(D),(D),(D),20074,(D),(D),(D),(D),20794,(D),(D),39275
 "19011","Benton, IA",4,CAGDP2,60,"54","   Professional, scientific, and technical services ","Thousands of dollars",(D),(D),6484,6341,6355,7834,8318,9017,8667,(D),10176,(D),(D),11138,11441,(D),11389,(D),11280,(D),(D),(D)
 "19011","Benton, IA",4,CAGDP2,64,"55","   Management of companies and enterprises ","Thousands of dollars",(D),(D),(D),(D),(D),(D),(D),(D),(D),(D),(D),(D),(D),520,(D),(D),(D),(D),935,(D),(D),(D)
 "19011","Benton, IA",4,CAGDP2,65,"56","   Administrative and support and waste management and remediation services ","Thousands of dollars",5823,(D),(D),(D),(D),(D),(D),(D),(D),(D),(D),8232,8155,8416,(D),7918,(D),8315,8579,8157,(D),9116
 "19011","Benton, IA",4,CAGDP2,68,"61,62","  Educational services, health care, and social assistance ","Thousands of dollars",12835,13761,14758,15646,16081,16235,16424,18508,20048,21107,21463,21233,(D),(D),23876,24442,25401,26607,(D),28104,28700,29487
 "19011","Benton, IA",4,CAGDP2,69,"61","   Educational services ","Thousands of dollars",(D),(D),(D),(D),185,(D),(D),(D),(D),(D),(D),548,(D),(D),(D),(D),(D),(D),(D),(D),(D),(D)
 "19011","Benton, IA",4,CAGDP2,70,"62","   Health care and social assistance ","Thousands of dollars",(D),(D),(D),(D),15897,(D),(D),(D),(D),(D),(D),20685,(D),(D),(D),(D),(D),(D),(D),(D),(D),(D)
 "19011","Benton, IA",4,CAGDP2,75,"71,72","  Arts, entertainment, recreation, accommodation, and food services ","Thousands of dollars",4813,5263,5379,5345,5515,6208,6380,6268,6673,6777,7447,7983,8141,8083,7979,8150,7965,8500,8900,7425,10809,11716
 "19011","Benton, IA",4,CAGDP2,76,"71","   Arts, entertainment, and recreation ","Thousands of dollars",1433,1501,1591,1664,1773,1941,2360,2232,2336,2296,2382,2403,2467,2424,2246,2388,2247,2329,2687,2158,3642,4248
 "19011","Benton, IA",4,CAGDP2,79,"72","   Accommodation and food services ","Thousands of dollars",3379,3762,3788,3682,3741,4267,4020,4036,4337,4481,5065,5580,5674,5659,5733,5762,5719,6172,6213,5267,7167,7468
 "19011","Benton, IA",4,CAGDP2,82,"81","  Other services (except government and government enterprises) ","Thousands of dollars",14760,16664,16197,16626,17580,18706,18145,16761,17489,18800,19140,20107,19746,20649,20541,20698,20564,21711,20630,19244,18191,18930
 "19011","Benton, IA",4,CAGDP2,83,"92","Government and government enterprises ","Thousands of dollars",65416,67534,71048,75144,79401,81955,83800,87209,91021,95560,95422,95609,100531,106519,109435,112642,114218,117026,121387,125900,127033,135307
 "19011","Benton, IA",4,CAGDP2,87,"11,21","Natural resources and mining ","Thousands of dollars",54239,77899,66599,90925,57480,55501,94935,115661,78825,90786,132042,111768,138029,94597,70616,65464,85341,86365,88802,113494,217669,266390
 "19011","Benton, IA",4,CAGDP2,88,"42,44-45","Trade ","Thousands of dollars",55146,57668,61325,64914,63584,63380,62749,72324,72695,77544,78193,86946,95450,104094,108744,111570,112581,122003,128566,134510,142591,149475
 "19011","Benton, IA",4,CAGDP2,89,"22,48-49","Transportation and utilities ","Thousands of dollars",(D),(D),(D),(D),(D),(D),(D),(D),(D),(D),(D),(D),(D),(D),(D),(D),(D),(D),(D),(D),(D),(D)
 "19011","Benton, IA",4,CAGDP2,90,"31-33,51","Manufacturing and information ","Thousands of dollars",77183,78093,72774,81109,78151,80531,84204,91523,101022,103238,92140,94021,114326,141324,158240,152204,164024,176408,187411,183069,215502,270010
 "19011","Benton, IA",4,CAGDP2,91,"...","Private goods-producing industries 2/","Thousands of dollars",141265,165417,154144,184284,150135,153334,194625,214827,182290,188742,233195,227771,277113,267191,262303,258299,296864,306802,307753,326613,461069,561784
 "19011","Benton, IA",4,CAGDP2,92,"...","Private services-providing industries 3/","Thousands of dollars",212771,218385,226122,244316,253714,264779,279642,289800,307377,336161,356379,366143,357912,367147,391243,396231,398632,436061,466665,441292,449820,484379
 "19013","Black Hawk, IA",4,CAGDP2,1,"...","All industry total ","Thousands of dollars",4264961,4547963,4560748,5197561,5525340,5714034,5997379,6079503,6315029,6732923,6707152,8581888,7633162,8858823,8485844,7695704,7815015,8102036,8252006,8516787,9201551,9635198
 "19013","Black Hawk, IA",4,CAGDP2,2,"..."," Private industries ","Thousands of dollars",3724400,3990157,3977912,4593825,4875552,5039373,5305057,5368857,5558383,5946161,5908471,7766811,6802094,7994001,7599203,6791820,6902772,7174812,7326303,7583697,8282298,8685886
 "19013","Black Hawk, IA",4,CAGDP2,3,"11","  Agriculture, forestry, fishing and hunting ","Thousands of dollars",(D),31973,(D),(D),(D),(D),(D),(D),(D),47687,(D),(D),(D),(D),(D),(D),(D),(D),(D),16535,120725,163604
 "19013","Black Hawk, IA",4,CAGDP2,6,"21","  Mining, quarrying, and oil and gas extraction ","Thousands of dollars",4688,4762,5163,6532,8291,7700,9256,10200,7886,8185,6845,7850,6970,7068,6484,5796,7661,8032,10172,11746,14101,10888
 "19013","Black Hawk, IA",4,CAGDP2,10,"22","  Utilities ","Thousands of dollars",19015,17030,20233,18455,20248,20997,21580,23655,19386,9371,(D),(D),(D),(D),(D),(D),(D),(D),(D),4390,6467,5416
 "19013","Black Hawk, IA",4,CAGDP2,11,"23","  Construction ","Thousands of dollars",119432,102113,127782,154572,172171,183635,196068,193014,201235,192984,193913,208944,208881,219507,221370,250644,254343,249123,244431,251432,271189,288343
 "19013","Black Hawk, IA",4,CAGDP2,12,"31-33","  Manufacturing ","Thousands of dollars",1410674,1611236,1445447,1789364,1848050,1822801,1887475,1898617,2033393,2294727,2055421,3695561,2711774,3827154,3290481,2332652,2399479,2469722,2518559,2718646,2725678,2774798
 "19013","Black Hawk, IA",4,CAGDP2,13,"321,327-339","   Durable goods manufacturing ","Thousands of dollars",1111884,1300529,1094982,1449990,1548882,1511564,(D),1486881,1543060,1850757,1661906,3333069,2313888,3419455,2832995,1833028,1932174,1873275,2052318,2195566,2173512,2218764
 "19013","Black Hawk, IA",4,CAGDP2,25,"311-316,322-326","   Nondurable goods manufacturing ","Thousands of dollars",298790,310707,350465,339374,299168,311238,(D),411737,490333,443970,393515,362492,397886,407698,457486,499623,467305,596448,466241,523080,552166,556034
 "19013","Black Hawk, IA",4,CAGDP2,34,"42","  Wholesale trade ","Thousands of dollars",171364,179495,183359,202242,227607,254184,286256,325162,323332,(D),(D),(D),(D),(D),(D),(D),(D),(D),(D),524968,609534,630482
 "19013","Black Hawk, IA",4,CAGDP2,35,"44-45","  Retail trade ","Thousands of dollars",306938,310831,333392,352180,359871,352045,361022,382561,392616,397174,403487,426754,440583,442737,479931,511699,508462,513701,541863,598172,711120,740189
 "19013","Black Hawk, IA",4,CAGDP2,36,"48-49","  Transportation and warehousing ","Thousands of dollars",(D),86172,(D),(D),(D),(D),(D),(D),(D),(D),232972,258522,261409,267640,265683,266802,270679,298134,302643,303044,376794,409375
 "19013","Black Hawk, IA",4,CAGDP2,45,"51","  Information ","Thousands of dollars",76824,73887,80419,91820,97801,107290,111845,109940,105940,102123,93631,83896,95595,102439,117000,123325,137065,138712,136138,123999,142984,146699
 "19013","Black Hawk, IA",4,CAGDP2,50,"52,53","  Finance, insurance, real estate, rental, and leasing ","Thousands of dollars",609292,627969,687805,731960,847118,929497,987580,881474,933916,998062,1063520,1149638,1116368,1147492,1192662,1224361,1183395,1219557,1255524,1302519,1397750,1474982
 "19013","Black Hawk, IA",4,CAGDP2,51,"52","   Finance and insurance ","Thousands of dollars",207018,226388,258403,293325,363397,341168,394532,299870,321661,347500,369805,434202,374083,414916,417645,469427,443426,451913,460532,492796,512127,499049
 "19013","Black Hawk, IA",4,CAGDP2,56,"53","   Real estate and rental and leasing ","Thousands of dollars",402274,401581,429403,438635,483721,588329,593047,581604,612255,650562,693715,715436,742284,732576,775016,754934,739969,767645,794992,809723,885624,975933
 "19013","Black Hawk, IA",4,CAGDP2,59,"54,55,56","  Professional and business services ","Thousands of dollars",275284,293925,303841,324707,339779,359395,386620,392838,366350,387306,404010,442759,441875,470338,501163,512032,523923,574619,502059,510572,556915,595932
 "19013","Black Hawk, IA",4,CAGDP2,60,"54","   Professional, scientific, and technical services ","Thousands of dollars",130134,146565,146276,157148,160092,172544,184389,189698,177354,170659,178444,204898,205492,210334,241231,266725,275998,326426,249324,233038,247555,271353
 "19013","Black Hawk, IA",4,CAGDP2,64,"55","   Management of companies and enterprises ","Thousands of dollars",38965,37838,44798,47140,47740,51189,51138,51207,45170,56257,70876,72020,68028,74072,75380,76888,80198,80599,80350,103767,112224,112969
 "19013","Black Hawk, IA",4,CAGDP2,65,"56","   Administrative and support and waste management and remediation services ","Thousands of dollars",106184,109521,112767,120419,131947,135661,151092,151934,143826,160390,154689,165841,168354,185931,184552,168419,167726,167594,172386,173768,197135,211610
 "19013","Black Hawk, IA",4,CAGDP2,68,"61,62","  Educational services, health care, and social assistance ","Thousands of dollars",399939,423301,444728,491518,508089,535397,548671,599738,619123,607020,625240,643674,647616,670281,703740,736707,752521,758876,782875,770810,822387,848013
 "19013","Black Hawk, IA",4,CAGDP2,69,"61","   Educational services ","Thousands of dollars",18367,19459,21264,25235,26077,27528,27006,28577,31777,34302,34438,34483,33965,34916,33483,34717,34287,34051,34489,30937,32645,35378
 "19013","Black Hawk, IA",4,CAGDP2,70,"62","   Health care and social assistance ","Thousands of dollars",381572,403843,423464,466283,482012,507868,521665,571161,587345,572718,590802,609191,613651,635365,670257,701990,718234,724825,748386,739874,789742,812635
 "19013","Black Hawk, IA",4,CAGDP2,75,"71,72","  Arts, entertainment, recreation, accommodation, and food services ","Thousands of dollars",112293,118020,122931,130765,139557,143364,159990,177527,184889,187382,196868,211187,208841,206928,212303,223942,229467,247169,257891,211667,272229,303617
 "19013","Black Hawk, IA",4,CAGDP2,76,"71","   Arts, entertainment, and recreation ","Thousands of dollars",12463,13591,15565,17102,18707,20095,20863,22784,24037,24532,24681,25492,25697,25002,25002,25566,26649,28466,30903,25461,39590,46065
 "19013","Black Hawk, IA",4,CAGDP2,79,"72","   Accommodation and food services ","Thousands of dollars",99830,104430,107366,113663,120850,123270,139127,154743,160852,162849,172187,185695,183144,181926,187301,198376,202818,218703,226988,186205,232638,257552
 "19013","Black Hawk, IA",4,CAGDP2,82,"81","  Other services (except government and government enterprises) ","Thousands of dollars",107330,109443,105045,108311,111406,114786,115680,143022,148997,155843,163452,171813,177030,190321,204549,211027,223335,236855,276689,235195,254424,293549
 "19013","Black Hawk, IA",4,CAGDP2,83,"92","Government and government enterprises ","Thousands of dollars",540561,557807,582836,603735,649788,674661,692322,710646,756646,786762,798681,815077,831068,864822,886641,903884,912243,927224,925703,933090,919253,949312
 "19013","Black Hawk, IA",4,CAGDP2,87,"11,21","Natural resources and mining ","Thousands of dollars",(D),36735,(D),(D),(D),(D),(D),(D),(D),55872,(D),(D),(D),(D),(D),(D),(D),(D),(D),28281,134826,174492
 "19013","Black Hawk, IA",4,CAGDP2,88,"42,44-45","Trade ","Thousands of dollars",478302,490326,516751,554422,587478,606229,647279,707723,715948,(D),(D),(D),(D),(D),(D),(D),(D),(D),(D),1123140,1320654,1370672
 "19013","Black Hawk, IA",4,CAGDP2,89,"22,48-49","Transportation and utilities ","Thousands of dollars",(D),103202,(D),(D),(D),(D),(D),(D),(D),(D),(D),(D),(D),(D),(D),(D),(D),(D),(D),307434,383261,414790
 "19013","Black Hawk, IA",4,CAGDP2,90,"31-33,51","Manufacturing and information ","Thousands of dollars",1487498,1685123,1525867,1881184,1945851,1930092,1999320,2008558,2139333,2396850,2149052,3779458,2807369,3929593,3407481,2455976,2536544,2608435,2654697,2842645,2868662,2921497
 "19013","Black Hawk, IA",4,CAGDP2,91,"...","Private goods-producing industries 2/","Thousands of dollars",(D),1750083,(D),(D),(D),(D),(D),(D),(D),2543583,(D),(D),(D),(D),(D),(D),(D),(D),(D),2998360,3131693,3237633
 "19013","Black Hawk, IA",4,CAGDP2,92,"...","Private services-providing industries 3/","Thousands of dollars",(D),2240073,(D),(D),(D),(D),(D),(D),(D),3402579,(D),(D),(D),(D),(D),(D),(D),(D),(D),4585337,5150605,5448254
 "19015","Boone, IA",4,CAGDP2,1,"...","All industry total ","Thousands of dollars",594783,641430,690734,743924,759211,770926,829634,851668,914874,921355,967575,955908,1011878,1003626,976701,982749,942446,1013440,1063848,1092912,1197664,1300159
 "19015","Boone, IA",4,CAGDP2,2,"..."," Private industries ","Thousands of dollars",486388,530492,571401,619526,625130,629909,676112,691099,743022,747378,793197,776300,830564,818958,789432,790288,749445,819890,868547,893112,996124,1091858
 "19015","Boone, IA",4,CAGDP2,3,"11","  Agriculture, forestry, fishing and hunting ","Thousands of dollars",12651,29365,38188,66140,45394,38093,74790,66734,86837,67287,130548,140186,155982,118602,60565,46999,22043,40477,37760,42577,132437,163176
 "19015","Boone, IA",4,CAGDP2,6,"21","  Mining, quarrying, and oil and gas extraction ","Thousands of dollars",103,126,0,113,121,149,142,161,126,136,122,135,118,120,114,96,131,126,149,187,221,267
 "19015","Boone, IA",4,CAGDP2,10,"22","  Utilities ","Thousands of dollars",4374,2544,10343,(D),8572,10422,10776,10348,(D),9554,9528,9514,10394,12343,13197,14153,16554,38766,(D),(D),74109,85180
 "19015","Boone, IA",4,CAGDP2,11,"23","  Construction ","Thousands of dollars",25369,28583,30957,32266,36915,37964,38209,39656,35744,36801,39445,41840,48909,51445,52675,66882,51915,56406,55388,57822,55999,72548
 "19015","Boone, IA",4,CAGDP2,12,"31-33","  Manufacturing ","Thousands of dollars",68694,72153,77712,79357,78285,83355,81307,90016,95578,95755,65744,58495,66560,67037,67050,62087,69120,74896,67693,66644,69017,72924
 "19015","Boone, IA",4,CAGDP2,13,"321,327-339","   Durable goods manufacturing ","Thousands of dollars",20643,22015,33050,35091,35771,36278,40382,39989,28829,22529,22662,20075,20545,22553,23779,21597,23796,25488,27579,29337,32886,34403
 "19015","Boone, IA",4,CAGDP2,25,"311-316,322-326","   Nondurable goods manufacturing ","Thousands of dollars",48051,50138,44662,44266,42514,47077,40924,50028,66749,73227,43081,38420,46014,44484,43272,40490,45324,49408,40114,37307,36131,38521
 "19015","Boone, IA",4,CAGDP2,34,"42","  Wholesale trade ","Thousands of dollars",74983,79622,77824,73805,70565,61666,56773,63171,64935,67832,67477,64758,(D),(D),(D),(D),(D),(D),43885,40744,48389,54797
 "19015","Boone, IA",4,CAGDP2,35,"44-45","  Retail trade ","Thousands of dollars",59097,44282,47066,43517,44272,43992,44054,46171,45007,44300,45424,48567,51016,51582,55514,61713,63909,65345,69497,76732,87674,91166
 "19015","Boone, IA",4,CAGDP2,36,"48-49","  Transportation and warehousing ","Thousands of dollars",44382,59356,60601,67691,74212,79152,83710,85333,80561,78979,81169,85897,85085,88429,88227,80951,79415,82654,77424,75404,75986,81632
 "19015","Boone, IA",4,CAGDP2,45,"51","  Information ","Thousands of dollars",13205,20683,20934,25194,25701,28274,25827,30643,32070,35243,41591,(D),35435,(D),(D),46569,41429,41406,47663,47519,58355,(D)
 "19015","Boone, IA",4,CAGDP2,50,"52,53","  Finance, insurance, real estate, rental, and leasing ","Thousands of dollars",109975,115272,126856,125701,138166,137624,150043,142183,173821,187951,186574,160444,176295,182730,198504,208071,205386,211858,238669,240924,210443,219985
 "19015","Boone, IA",4,CAGDP2,51,"52","   Finance and insurance ","Thousands of dollars",21537,25731,26337,26704,27676,27873,28211,23373,24536,25081,29375,33958,32399,38508,41706,47769,47460,47986,47848,50774,56144,58253
 "19015","Boone, IA",4,CAGDP2,56,"53","   Real estate and rental and leasing ","Thousands of dollars",88438,89541,100519,98997,110490,109750,121832,118811,149285,162870,157199,126487,143897,144223,156797,160301,157926,163871,190820,190150,154299,161732
 "19015","Boone, IA",4,CAGDP2,59,"54,55,56","  Professional and business services ","Thousands of dollars",15185,16507,(D),(D),(D),(D),(D),39416,(D),(D),(D),48857,(D),50950,51714,(D),(D),(D),(D),(D),79507,80132
 "19015","Boone, IA",4,CAGDP2,60,"54","   Professional, scientific, and technical services ","Thousands of dollars",10528,11454,11645,12602,12958,14707,(D),(D),(D),(D),16005,16146,17172,17925,17719,20134,20004,(D),(D),(D),(D),(D)
 "19015","Boone, IA",4,CAGDP2,64,"55","   Management of companies and enterprises ","Thousands of dollars",(D),0,(D),(D),(D),(D),(D),(D),(D),(D),(D),(D),(D),21776,(D),(D),(D),(D),(D),(D),(D),(D)
 "19015","Boone, IA",4,CAGDP2,65,"56","   Administrative and support and waste management and remediation services ","Thousands of dollars",(D),5052,(D),(D),(D),(D),11371,11659,12467,(D),(D),(D),(D),11249,(D),(D),(D),13827,15326,16030,18699,20295
 "19015","Boone, IA",4,CAGDP2,68,"61,62","  Educational services, health care, and social assistance ","Thousands of dollars",29852,31491,(D),37270,(D),(D),(D),45089,46154,(D),(D),49045,51219,54763,56126,55877,50340,51301,52671,54101,54871,54836
 "19015","Boone, IA",4,CAGDP2,69,"61","   Educational services ","Thousands of dollars",1078,1096,(D),1199,(D),(D),(D),(D),1808,(D),(D),(D),(D),2280,2058,2195,2262,2356,2372,2071,2190,2116
 "19015","Boone, IA",4,CAGDP2,70,"62","   Health care and social assistance ","Thousands of dollars",28774,30395,(D),36071,(D),(D),(D),(D),44346,(D),(D),(D),(D),52482,54068,53682,48078,48945,50299,52030,52682,52720
 "19015","Boone, IA",4,CAGDP2,75,"71,72","  Arts, entertainment, recreation, accommodation, and food services ","Thousands of dollars",10787,11753,11820,11882,11853,12227,12403,12475,13172,13001,13399,14388,14476,15557,17184,18237,18551,19753,20787,17119,21689,23163
 "19015","Boone, IA",4,CAGDP2,76,"71","   Arts, entertainment, and recreation ","Thousands of dollars",2142,2509,2887,3295,2939,3297,3582,3592,3994,3997,4086,4457,4491,4746,4869,5749,6395,6865,7722,5217,7060,8037
 "19015","Boone, IA",4,CAGDP2,79,"72","   Accommodation and food services ","Thousands of dollars",8645,9244,8933,8586,8914,8930,8821,8883,9178,9003,9313,9931,9985,10811,12315,12487,12156,12888,13065,11902,14629,15126
 "19015","Boone, IA",4,CAGDP2,82,"81","  Other services (except government and government enterprises) ","Thousands of dollars",17729,18754,18502,18932,19831,20447,20117,19702,19655,20198,19704,(D),21500,23594,25178,26522,26279,27320,27122,25905,27426,(D)
 "19015","Boone, IA",4,CAGDP2,83,"92","Government and government enterprises ","Thousands of dollars",108395,110939,119333,124399,134081,141017,153522,160569,171852,173977,174378,179609,181313,184668,187269,192461,193002,193550,195301,199800,201540,208300
 "19015","Boone, IA",4,CAGDP2,87,"11,21","Natural resources and mining ","Thousands of dollars",12754,29491,38188,66253,45516,38241,74932,66896,86963,67423,130670,140322,156099,118722,60679,47095,22174,40602,37910,42764,132659,163443
 "19015","Boone, IA",4,CAGDP2,88,"42,44-45","Trade ","Thousands of dollars",134079,123904,124889,117322,114836,105658,100827,109341,109942,112132,112902,113325,(D),(D),(D),(D),(D),(D),113382,117476,136063,145963
 "19015","Boone, IA",4,CAGDP2,89,"22,48-49","Transportation and utilities ","Thousands of dollars",48757,61900,70943,(D),82784,89574,94486,95681,(D),88533,90697,95410,95480,100772,101424,95104,95970,121420,(D),(D),150095,166813
 "19015","Boone, IA",4,CAGDP2,90,"31-33,51","Manufacturing and information ","Thousands of dollars",81900,92836,98646,104551,103986,111629,107134,120660,127648,130998,107335,(D),101994,(D),(D),108656,110549,116302,115356,114163,127372,(D)
 "19015","Boone, IA",4,CAGDP2,91,"...","Private goods-producing industries 2/","Thousands of dollars",106818,130227,146856,177875,160716,159561,194448,196568,218285,199980,235859,240657,271568,237204,180404,176065,143209,171905,160991,167230,257674,308915
 "19015","Boone, IA",4,CAGDP2,92,"...","Private services-providing industries 3/","Thousands of dollars",379570,400264,424545,441651,464414,470348,481664,494531,524737,547398,557338,535643,558997,581754,609028,614223,606236,647985,707556,725882,738450,782943
 "19017","Bremer, IA",4,CAGDP2,1,"...","All industry total ","Thousands of dollars",589847,616409,637597,773568,839093,824204,905025,825759,797116,814840,892501,993941,992756,1075337,1124307,1122749,1113008,1146034,1165200,1159319,1290563,1416685
 "19017","Bremer, IA",4,CAGDP2,2,"..."," Private industries ","Thousands of dollars",530643,554728,572380,702417,758234,737475,813338,726178,688954,702610,777082,872250,863245,940307,981838,978986,964989,991782,1008616,998522,1130506,1248200
 "19017","Bremer, IA",4,CAGDP2,3,"11","  Agriculture, forestry, fishing and hunting ","Thousands of dollars",25032,32969,12804,49913,42500,31468,47164,27426,21377,29006,90051,62709,73819,50125,34081,22190,39788,44318,29240,21446,101425,150717
 "19017","Bremer, IA",4,CAGDP2,6,"21","  Mining, quarrying, and oil and gas extraction ","Thousands of dollars",4970,837,1387,835,1273,1689,1437,1925,2039,2349,2072,2477,721,1291,1658,1093,1998,2078,2815,3193,3656,3185
 "19017","Bremer, IA",4,CAGDP2,10,"22","  Utilities ","Thousands of dollars",1940,1590,1574,1337,2734,4764,4116,8849,5968,4150,1096,2273,6054,6483,6635,6968,6755,6114,(D),8529,8797,(D)
 "19017","Bremer, IA",4,CAGDP2,11,"23","  Construction ","Thousands of dollars",26053,23611,25184,30318,32615,28363,31030,28053,31701,32410,32980,34061,34708,36595,38361,40300,40818,42560,43631,45281,49321,51192
 "19017","Bremer, IA",4,CAGDP2,12,"31-33","  Manufacturing ","Thousands of dollars",118857,127142,122832,162510,171996,196129,205285,208801,174081,184322,163321,206821,176757,185904,199436,174088,167636,164462,160950,160873,158961,177327
 "19017","Bremer, IA",4,CAGDP2,13,"321,327-339","   Durable goods manufacturing ","Thousands of dollars",83014,92235,83919,116998,130085,150603,155147,156055,112939,124466,106488,(D),124152,135988,144623,120275,120764,116173,118091,110292,108409,126498
 "19017","Bremer, IA",4,CAGDP2,25,"311-316,322-326","   Nondurable goods manufacturing ","Thousands of dollars",35843,34906,38914,45512,41911,45525,50138,52746,61142,59856,56833,(D),52604,49915,54813,53814,46872,48289,42859,50581,50552,50830
 "19017","Bremer, IA",4,CAGDP2,34,"42","  Wholesale trade ","Thousands of dollars",24747,24785,24753,26603,26359,27103,32492,35816,37718,39384,42151,47309,48269,50879,49876,42398,36938,34101,31595,31711,33489,34727
 "19017","Bremer, IA",4,CAGDP2,35,"44-45","  Retail trade ","Thousands of dollars",33035,34548,37197,37622,38374,39728,39732,43186,46782,49655,51868,55794,60119,59227,60626,65054,64354,67269,67388,72969,80718,84698
 "19017","Bremer, IA",4,CAGDP2,36,"48-49","  Transportation and warehousing ","Thousands of dollars",(D),(D),(D),(D),(D),8429,9077,8408,9190,10490,11639,(D),(D),(D),(D),(D),(D),(D),(D),(D),(D),(D)
 "19017","Bremer, IA",4,CAGDP2,45,"51","  Information ","Thousands of dollars",5769,6293,7284,9141,8691,8124,8143,8985,9845,10623,9686,11145,11614,11439,12202,12396,12242,11366,11583,10631,10673,11221
 "19017","Bremer, IA",4,CAGDP2,50,"52,53","  Finance, insurance, real estate, rental, and leasing ","Thousands of dollars",185131,190331,220770,265608,311761,273631,307560,216958,208757,199053,228526,284628,279403,358979,397557,420126,395440,399532,425648,429174,447162,473356
 "19017","Bremer, IA",4,CAGDP2,51,"52","   Finance and insurance ","Thousands of dollars",129215,136487,160862,200882,241032,205259,229119,134771,124347,107926,129693,183836,172382,242063,282692,307269,276446,272088,288870,324789,349220,374438
 "19017","Bremer, IA",4,CAGDP2,56,"53","   Real estate and rental and leasing ","Thousands of dollars",55916,53844,59909,64726,70729,68372,78441,82186,84410,91127,98833,100792,107021,116916,114866,112857,118995,127444,136778,104385,97942,98918
 "19017","Bremer, IA",4,CAGDP2,59,"54,55,56","  Professional and business services ","Thousands of dollars",(D),21639,(D),(D),17925,19014,24614,28253,25452,25529,25960,(D),(D),(D),(D),(D),(D),(D),(D),40811,46978,49144
 "19017","Bremer, IA",4,CAGDP2,60,"54","   Professional, scientific, and technical services ","Thousands of dollars",(D),9434,9378,11065,10741,11480,12697,15081,13525,13814,14650,16003,(D),17554,18187,19875,19476,21940,22620,22884,27355,29121
 "19017","Bremer, IA",4,CAGDP2,64,"55","   Management of companies and enterprises ","Thousands of dollars",(D),3186,(D),(D),3469,(D),(D),(D),(D),(D),(D),(D),(D),(D),(D),(D),(D),(D),(D),9836,10562,11119
 "19017","Bremer, IA",4,CAGDP2,65,"56","   Administrative and support and waste management and remediation services ","Thousands of dollars",10499,9019,(D),(D),3716,(D),(D),(D),(D),(D),(D),(D),9356,(D),(D),(D),(D),(D),(D),8090,9061,8904
 "19017","Bremer, IA",4,CAGDP2,68,"61,62","  Educational services, health care, and social assistance ","Thousands of dollars",53520,(D),62512,66195,(D),71582,73392,79716,85335,84446,85756,89864,94891,(D),103178,112994,117928,(D),130697,(D),(D),(D)
 "19017","Bremer, IA",4,CAGDP2,69,"61","   Educational services ","Thousands of dollars",(D),(D),(D),(D),(D),(D),(D),(D),(D),(D),(D),(D),(D),(D),(D),(D),(D),(D),(D),(D),(D),(D)
 "19017","Bremer, IA",4,CAGDP2,70,"62","   Health care and social assistance ","Thousands of dollars",(D),(D),(D),(D),(D),(D),(D),(D),(D),(D),(D),(D),(D),(D),(D),(D),(D),(D),(D),(D),(D),(D)
 "19017","Bremer, IA",4,CAGDP2,75,"71,72","  Arts, entertainment, recreation, accommodation, and food services ","Thousands of dollars",12999,13659,12903,11349,11068,10841,12702,12971,13359,13354,13495,14042,14043,14370,15449,16678,17427,18638,20014,16494,21715,22995
 "19017","Bremer, IA",4,CAGDP2,76,"71","   Arts, entertainment, and recreation ","Thousands of dollars",1277,1488,1612,1671,1784,2028,2941,2641,2760,2774,2933,3007,2799,2704,2740,2607,2790,3218,3640,2735,5066,5086
 "19017","Bremer, IA",4,CAGDP2,79,"72","   Accommodation and food services ","Thousands of dollars",11723,12171,11291,9678,9285,8813,9761,10330,10599,10580,10562,11035,11244,11666,12709,14072,14637,15420,16374,13759,16648,17909
 "19017","Bremer, IA",4,CAGDP2,82,"81","  Other services (except government and government enterprises) ","Thousands of dollars",14506,15596,15639,16333,16697,16611,16592,16831,17350,17839,18481,20220,21213,22259,22496,22532,22435,24564,25950,24904,26030,27500
 "19017","Bremer, IA",4,CAGDP2,83,"92","Government and government enterprises ","Thousands of dollars",59204,61681,65218,71151,80859,86729,91687,99581,108162,112230,115419,121692,129511,135030,142470,143763,148020,154252,156584,160797,160058,168484
 "19017","Bremer, IA",4,CAGDP2,87,"11,21","Natural resources and mining ","Thousands of dollars",30002,33806,14191,50749,43773,33157,48602,29351,23416,31355,92123,65185,74540,51416,35739,23284,41786,46396,32055,24639,105081,153902
 "19017","Bremer, IA",4,CAGDP2,88,"42,44-45","Trade ","Thousands of dollars",57782,59333,61950,64225,64733,66831,72224,79002,84500,89039,94019,103103,108388,110105,110502,107452,101292,101370,98982,104681,114207,119425
 "19017","Bremer, IA",4,CAGDP2,89,"22,48-49","Transportation and utilities ","Thousands of dollars",(D),(D),(D),(D),(D),13193,13194,17257,15158,14640,12734,(D),(D),(D),(D),(D),(D),(D),(D),(D),(D),(D)
 "19017","Bremer, IA",4,CAGDP2,90,"31-33,51","Manufacturing and information ","Thousands of dollars",124626,133435,130116,171651,180687,204253,213428,217786,183927,194945,173007,217967,188370,197342,211638,186484,179878,175828,172533,171504,169634,188548
 "19017","Bremer, IA",4,CAGDP2,91,"...","Private goods-producing industries 2/","Thousands of dollars",174912,184558,162207,243577,248385,257648,284917,266206,229198,248087,288424,306068,286004,273914,273536,237672,250240,253418,236635,230793,313363,382421
 "19017","Bremer, IA",4,CAGDP2,92,"...","Private services-providing industries 3/","Thousands of dollars",355731,370170,410172,458841,509849,479827,528421,459972,459756,454523,488658,566181,577241,666393,708302,741314,714748,738364,771980,767729,817142,865779
 "19019","Buchanan, IA",4,CAGDP2,1,"...","All industry total ","Thousands of dollars",401365,413501,416260,477670,502276,519770,557667,548037,576133,578609,689984,683417,734251,735365,692756,753056,795147,794097,792507,789514,909728,1036868
 "19019","Buchanan, IA",4,CAGDP2,2,"..."," Private industries ","Thousands of dollars",327166,339728,342132,399605,422025,437535,475431,465055,488636,489756,601464,592178,637789,632990,588021,646940,683926,678495,675715,665232,781668,903287
 "19019","Buchanan, IA",4,CAGDP2,3,"11","  Agriculture, forestry, fishing and hunting ","Thousands of dollars",36140,50520,24245,54184,49909,46176,75848,41149,50041,54940,142101,100790,146752,135302,(D),(D),137230,133262,130471,119071,197075,276541
 "19019","Buchanan, IA",4,CAGDP2,6,"21","  Mining, quarrying, and oil and gas extraction ","Thousands of dollars",614,1084,1350,1380,1615,1725,1608,1780,1568,1406,1535,2042,1674,1802,1013,1450,1710,1848,1995,2227,2109,(D)
 "19019","Buchanan, IA",4,CAGDP2,10,"22","  Utilities ","Thousands of dollars",649,1981,1946,1818,3115,6541,5043,11620,7676,4941,864,915,1213,1214,1147,1283,1097,1424,1630,3163,3262,2514
 "19019","Buchanan, IA",4,CAGDP2,11,"23","  Construction ","Thousands of dollars",20144,21397,23125,27469,34026,41593,34361,34943,44624,50065,57841,59641,56243,51679,48181,46298,45343,44296,44533,45676,50476,53227
 "19019","Buchanan, IA",4,CAGDP2,12,"31-33","  Manufacturing ","Thousands of dollars",76377,81535,96309,103686,103144,103608,104433,107146,100245,97270,101956,104166,100188,110513,118786,113715,137029,151035,150199,146861,161609,187240
 "19019","Buchanan, IA",4,CAGDP2,13,"321,327-339","   Durable goods manufacturing ","Thousands of dollars",30183,33920,41289,51318,58605,63414,70679,68662,56306,48337,56445,62637,58092,57513,62335,58634,72194,87516,93859,89549,99059,116141
 "19019","Buchanan, IA",4,CAGDP2,25,"311-316,322-326","   Nondurable goods manufacturing ","Thousands of dollars",46195,47615,55020,52368,44539,40195,33754,38484,43940,48933,45511,41529,42096,53000,56451,55081,64834,63519,56340,57313,62550,71099
 "19019","Buchanan, IA",4,CAGDP2,34,"42","  Wholesale trade ","Thousands of dollars",24102,24926,24619,28632,33927,37191,42664,56402,63653,54147,56029,54704,57228,47251,45485,41366,40021,33232,29595,29155,29860,31924
 "19019","Buchanan, IA",4,CAGDP2,35,"44-45","  Retail trade ","Thousands of dollars",29784,30610,33200,33127,33792,37102,37029,38486,40804,43015,44084,44959,45049,44908,45796,47584,47990,49665,51158,54219,58656,60682
 "19019","Buchanan, IA",4,CAGDP2,36,"48-49","  Transportation and warehousing ","Thousands of dollars",(D),(D),(D),(D),(D),(D),(D),(D),(D),(D),(D),(D),(D),(D),(D),(D),(D),(D),(D),(D),(D),(D)
 "19019","Buchanan, IA",4,CAGDP2,45,"51","  Information ","Thousands of dollars",3168,3351,3818,5316,4951,5049,5599,7802,8818,8777,8204,6699,8125,9673,14419,13370,11451,8576,9952,10582,14342,14955
 "19019","Buchanan, IA",4,CAGDP2,50,"52,53","  Finance, insurance, real estate, rental, and leasing ","Thousands of dollars",85382,70602,77396,83397,92683,87926,96965,93046,96656,95801,108606,134097,133795,134351,131985,162453,164588,153425,(D),155501,155241,(D)
 "19019","Buchanan, IA",4,CAGDP2,51,"52","   Finance and insurance ","Thousands of dollars",19369,21326,22046,25695,30558,28230,28262,21959,22921,21552,27250,31033,32578,37603,39738,47151,47322,47865,(D),47698,49129,50480
 "19019","Buchanan, IA",4,CAGDP2,56,"53","   Real estate and rental and leasing ","Thousands of dollars",66014,49276,55350,57702,62125,59696,68703,71087,73735,74249,81356,103064,101217,96749,92248,115302,117266,105560,107004,107803,106113,(D)
 "19019","Buchanan, IA",4,CAGDP2,59,"54,55,56","  Professional and business services ","Thousands of dollars",7946,(D),(D),(D),(D),(D),(D),(D),(D),(D),(D),(D),15300,17014,18215,18673,20121,23148,23658,(D),(D),26655
 "19019","Buchanan, IA",4,CAGDP2,60,"54","   Professional, scientific, and technical services ","Thousands of dollars",5683,6408,6444,6360,6251,6309,6256,6674,6708,6601,(D),7472,8173,8971,9854,9831,10156,12246,12386,(D),(D),12693
 "19019","Buchanan, IA",4,CAGDP2,64,"55","   Management of companies and enterprises ","Thousands of dollars",(D),(D),(D),(D),(D),(D),(D),(D),(D),(D),(D),(D),416,916,909,821,972,1110,1034,(D),(D),1336
 "19019","Buchanan, IA",4,CAGDP2,65,"56","   Administrative and support and waste management and remediation services ","Thousands of dollars",(D),(D),(D),(D),(D),(D),(D),(D),(D),(D),5966,(D),6712,7127,7452,8021,8993,9792,10237,10629,12014,12627
 "19019","Buchanan, IA",4,CAGDP2,68,"61,62","  Educational services, health care, and social assistance ","Thousands of dollars",15290,15533,16522,17858,19052,21320,22324,23808,24971,23771,25117,25866,(D),(D),28523,27796,(D),(D),23429,23933,26286,27125
 "19019","Buchanan, IA",4,CAGDP2,69,"61","   Educational services ","Thousands of dollars",(D),(D),(D),(D),(D),(D),(D),(D),(D),(D),(D),(D),(D),(D),2560,2775,(D),(D),3044,2720,2845,2745
 "19019","Buchanan, IA",4,CAGDP2,70,"62","   Health care and social assistance ","Thousands of dollars",(D),(D),(D),(D),(D),(D),(D),(D),(D),(D),(D),(D),(D),(D),25963,25022,(D),(D),20385,21212,23441,24381
 "19019","Buchanan, IA",4,CAGDP2,75,"71,72","  Arts, entertainment, recreation, accommodation, and food services ","Thousands of dollars",(D),7357,7353,7440,7404,7990,8441,8843,9174,9618,9273,8998,9369,10218,10971,12041,11608,11566,12010,10073,12928,13008
 "19019","Buchanan, IA",4,CAGDP2,76,"71","   Arts, entertainment, and recreation ","Thousands of dollars",(D),1690,1823,1675,1455,1500,1880,2007,2392,2682,2603,2429,2451,2437,2435,2213,1996,1993,2181,1723,2324,2354
 "19019","Buchanan, IA",4,CAGDP2,79,"72","   Accommodation and food services ","Thousands of dollars",5591,5667,5531,5765,5949,6489,6561,6837,6782,6936,6671,6568,6918,7782,8536,9828,9612,9574,9829,8350,10604,10654
 "19019","Buchanan, IA",4,CAGDP2,82,"81","  Other services (except government and government enterprises) ","Thousands of dollars",10779,11982,12062,11934,12780,13425,12837,12603,13023,14331,14187,15640,16031,20501,16393,16772,17108,17828,17690,16951,18199,19038
 "19019","Buchanan, IA",4,CAGDP2,83,"92","Government and government enterprises ","Thousands of dollars",74199,73773,74128,78066,80251,82235,82237,82982,87498,88854,88520,91239,96462,102376,104734,106116,111221,115602,116792,124282,128060,133581
 "19019","Buchanan, IA",4,CAGDP2,87,"11,21","Natural resources and mining ","Thousands of dollars",36754,51604,25595,55564,51524,47901,77456,42930,51609,56346,143636,102832,148426,137104,(D),(D),138940,135109,132466,121298,199184,(D)
 "19019","Buchanan, IA",4,CAGDP2,88,"42,44-45","Trade ","Thousands of dollars",53886,55536,57820,61759,67719,74293,79693,94888,104456,97162,100114,99662,102277,92160,91281,88950,88011,82897,80753,83374,88516,92606
 "19019","Buchanan, IA",4,CAGDP2,89,"22,48-49","Transportation and utilities ","Thousands of dollars",(D),(D),(D),(D),(D),(D),(D),(D),(D),(D),(D),(D),(D),(D),(D),(D),(D),(D),(D),(D),(D),(D)
 "19019","Buchanan, IA",4,CAGDP2,90,"31-33,51","Manufacturing and information ","Thousands of dollars",79545,84886,100127,109002,108095,108657,110032,114948,109064,106047,110159,110865,108314,120186,133205,127085,148480,159611,160151,157444,175951,202196
 "19019","Buchanan, IA",4,CAGDP2,91,"...","Private goods-producing industries 2/","Thousands of dollars",133275,154536,145029,186719,188694,193103,216251,185019,196478,203681,303433,266638,304858,299296,(D),(D),321312,330440,327198,313835,411270,(D)
 "19019","Buchanan, IA",4,CAGDP2,92,"...","Private services-providing industries 3/","Thousands of dollars",193891,185192,197103,212886,233331,244432,259180,280036,292158,286075,298032,325539,332932,333693,(D),(D),362615,348055,348517,351397,370399,(D)
 "19021","Buena Vista, IA",4,CAGDP2,1,"...","All industry total ","Thousands of dollars",616236,638887,673736,761632,763381,784026,879360,1014120,1062413,1115543,1154916,1219867,1413164,1635181,1851146,1367207,1246013,1320272,1219314,1322164,1474668,1735952
 "19021","Buena Vista, IA",4,CAGDP2,2,"..."," Private industries ","Thousands of dollars",554327,572982,601681,686496,684312,701225,791679,920270,963992,1010364,1048005,1109751,1298792,1515382,1727708,1238461,1112801,1179568,1075444,1174573,1324214,1574947
 "19021","Buena Vista, IA",4,CAGDP2,3,"11","  Agriculture, forestry, fishing and hunting ","Thousands of dollars",77208,84824,87282,132524,92900,87235,136449,193531,128594,164332,228077,257722,305847,348787,322061,177405,186575,234644,65392,69446,149423,383318
 "19021","Buena Vista, IA",4,CAGDP2,6,"21","  Mining, quarrying, and oil and gas extraction ","Thousands of dollars",0,0,0,0,0,0,0,0,0,0,0,0,0,0,0,0,0,0,0,0,0,0
 "19021","Buena Vista, IA",4,CAGDP2,10,"22","  Utilities ","Thousands of dollars",19102,21673,17859,18335,32092,39977,39194,38127,43005,38686,38621,41888,40115,40220,35822,39890,36094,38498,41381,46711,43028,48987
 "19021","Buena Vista, IA",4,CAGDP2,11,"23","  Construction ","Thousands of dollars",12846,11434,13119,16200,24091,36317,26786,23535,23707,26639,28103,32001,30805,30103,29294,32741,35249,34405,37405,37957,40113,59062
 "19021","Buena Vista, IA",4,CAGDP2,12,"31-33","  Manufacturing ","Thousands of dollars",154343,158177,183116,208961,208204,224916,260069,320863,389207,375633,321779,320710,467077,635200,864750,520415,382890,397899,468064,567018,621750,595926
 "19021","Buena Vista, IA",4,CAGDP2,13,"321,327-339","   Durable goods manufacturing ","Thousands of dollars",(D),(D),(D),(D),(D),(D),(D),(D),(D),(D),(D),(D),38620,44031,43249,32623,38450,41685,46409,51587,53733,56550
 "19021","Buena Vista, IA",4,CAGDP2,25,"311-316,322-326","   Nondurable goods manufacturing ","Thousands of dollars",(D),(D),(D),(D),(D),(D),(D),(D),(D),(D),(D),(D),428458,591169,821501,487792,344439,356215,421654,515431,568017,539376
 "19021","Buena Vista, IA",4,CAGDP2,34,"42","  Wholesale trade ","Thousands of dollars",42090,43540,41268,43097,42998,41283,41305,51405,56426,73799,79493,99105,93777,89780,91286,81710,76718,62910,58961,46326,41446,41763
 "19021","Buena Vista, IA",4,CAGDP2,35,"44-45","  Retail trade ","Thousands of dollars",47479,48863,50837,48258,49562,51217,51857,51379,53081,56020,56386,59328,57359,55547,54651,57506,57993,63108,65410,70190,76747,79348
 "19021","Buena Vista, IA",4,CAGDP2,36,"48-49","  Transportation and warehousing ","Thousands of dollars",13208,12656,14092,12932,14168,11872,17544,14282,18842,23591,24402,25411,(D),26585,29481,29500,32017,36384,30650,35632,30958,33891
 "19021","Buena Vista, IA",4,CAGDP2,45,"51","  Information ","Thousands of dollars",5631,6349,6697,7454,7668,7328,7147,7597,8409,9231,8890,11984,15611,16823,18384,17342,16989,12034,8920,5895,9875,11499
 "19021","Buena Vista, IA",4,CAGDP2,50,"52,53","  Finance, insurance, real estate, rental, and leasing ","Thousands of dollars",90839,91803,96364,98313,106143,90676,95549,97961,113514,108704,126789,122549,125841,133835,139123,131814,134062,142396,137422,142527,145767,148349
 "19021","Buena Vista, IA",4,CAGDP2,51,"52","   Finance and insurance ","Thousands of dollars",31317,36670,36600,33597,36251,35056,36283,33996,34761,35999,41714,47373,47811,54228,56724,67006,65686,64457,60926,58883,64633,66247
 "19021","Buena Vista, IA",4,CAGDP2,56,"53","   Real estate and rental and leasing ","Thousands of dollars",59521,55133,59765,64716,69892,55620,59266,63964,78753,72705,85075,75177,78030,79606,82400,64809,68377,77939,76495,83644,81134,82103
 "19021","Buena Vista, IA",4,CAGDP2,59,"54,55,56","  Professional and business services ","Thousands of dollars",22501,24736,21585,21609,22885,23827,25542,26558,27710,29005,29987,30754,(D),30754,34527,36403,41608,43828,42601,40784,45293,47238
 "19021","Buena Vista, IA",4,CAGDP2,60,"54","   Professional, scientific, and technical services ","Thousands of dollars",12234,(D),(D),(D),12576,13330,(D),(D),(D),17100,(D),(D),(D),(D),(D),(D),(D),(D),24259,21840,23883,25246
 "19021","Buena Vista, IA",4,CAGDP2,64,"55","   Management of companies and enterprises ","Thousands of dollars",674,(D),(D),(D),139,109,(D),(D),(D),0,(D),(D),(D),(D),(D),(D),(D),(D),(D),2154,1706,2766
 "19021","Buena Vista, IA",4,CAGDP2,65,"56","   Administrative and support and waste management and remediation services ","Thousands of dollars",9592,9546,10122,9759,10171,10388,9962,11242,11689,11905,12714,13595,14015,14542,15952,17758,20251,21388,(D),16791,19704,19226
 "19021","Buena Vista, IA",4,CAGDP2,68,"61,62","  Educational services, health care, and social assistance ","Thousands of dollars",46192,43008,43534,50877,55567,57283,58306,62316,67649,69824,71584,72781,71187,70649,69560,72065,71118,71043,75291,74717,75804,77616
 "19021","Buena Vista, IA",4,CAGDP2,69,"61","   Educational services ","Thousands of dollars",(D),(D),(D),(D),(D),(D),(D),(D),(D),(D),(D),(D),(D),(D),(D),(D),(D),(D),(D),(D),(D),(D)
 "19021","Buena Vista, IA",4,CAGDP2,70,"62","   Health care and social assistance ","Thousands of dollars",(D),(D),(D),(D),(D),(D),(D),(D),(D),(D),(D),(D),(D),(D),(D),(D),(D),(D),(D),(D),(D),(D)
 "19021","Buena Vista, IA",4,CAGDP2,75,"71,72","  Arts, entertainment, recreation, accommodation, and food services ","Thousands of dollars",10444,11311,11445,12795,13103,13842,16177,17533,17146,16662,15257,15884,16748,18604,20021,22651,21990,23068,24442,18942,25898,28365
 "19021","Buena Vista, IA",4,CAGDP2,76,"71","   Arts, entertainment, and recreation ","Thousands of dollars",937,1015,1146,1286,1304,1264,1333,1342,1452,1463,1516,1597,1552,1701,1668,1677,1699,1828,1999,1599,2905,3185
 "19021","Buena Vista, IA",4,CAGDP2,79,"72","   Accommodation and food services ","Thousands of dollars",9507,10296,10299,11510,11799,12579,14844,16190,15694,15199,13741,14287,15197,16903,18353,20974,20291,21239,22443,17344,22993,25180
 "19021","Buena Vista, IA",4,CAGDP2,82,"81","  Other services (except government and government enterprises) ","Thousands of dollars",12445,14607,14480,15141,14933,15452,15754,15185,16703,18236,18637,19634,18925,18496,18748,19018,19496,19349,19506,18426,18113,19583
 "19021","Buena Vista, IA",4,CAGDP2,83,"92","Government and government enterprises ","Thousands of dollars",61909,65905,72056,75136,79070,82800,87681,93850,98420,105179,106911,110116,114372,119799,123438,128746,133213,140704,143870,147591,150455,161005
 "19021","Buena Vista, IA",4,CAGDP2,87,"11,21","Natural resources and mining ","Thousands of dollars",77208,84824,87282,132524,92900,87235,136449,193531,128594,164332,228077,257722,305847,348787,322061,177405,186575,234644,65392,69446,149423,383318
 "19021","Buena Vista, IA",4,CAGDP2,88,"42,44-45","Trade ","Thousands of dollars",89568,92403,92105,91355,92560,92500,93162,102784,109507,129819,135879,158434,151136,145327,145937,139215,134712,126019,124371,116516,118193,121111
 "19021","Buena Vista, IA",4,CAGDP2,89,"22,48-49","Transportation and utilities ","Thousands of dollars",32310,34329,31952,31266,46260,51849,56738,52409,61847,62277,63023,67299,(D),66805,65303,69390,68111,74883,72031,82343,73986,82878
 "19021","Buena Vista, IA",4,CAGDP2,90,"31-33,51","Manufacturing and information ","Thousands of dollars",159974,164526,189814,216416,215871,232244,267215,328460,397615,384864,330670,332694,482688,652023,883133,537757,399879,409934,476984,572913,631625,607425
 "19021","Buena Vista, IA",4,CAGDP2,91,"...","Private goods-producing industries 2/","Thousands of dollars",244397,254436,283517,357685,325194,348468,423304,537928,541507,566605,577959,610433,803729,1014090,1216105,730561,604714,666949,570860,674421,811286,1038306
 "19021","Buena Vista, IA",4,CAGDP2,92,"...","Private services-providing industries 3/","Thousands of dollars",309930,318546,318163,328811,359117,352757,368375,382342,422485,443759,470047,499318,495063,501292,511604,507900,508087,512619,504584,500152,512928,536640
 "19023","Butler, IA",4,CAGDP2,1,"...","All industry total ","Thousands of dollars",242976,259001,251084,337123,330318,334225,380158,374003,370652,431368,496553,490698,496729,468497,432827,394149,426299,426862,436815,429028,608449,718766
 "19023","Butler, IA",4,CAGDP2,2,"..."," Private industries ","Thousands of dollars",213549,226819,217687,302621,294550,298116,343768,335109,330845,389704,454300,445935,448919,418226,381100,341106,371680,370286,380367,372468,549844,657060
 "19023","Butler, IA",4,CAGDP2,3,"11","  Agriculture, forestry, fishing and hunting ","Thousands of dollars",37734,40179,24889,86405,71928,73365,108446,84109,75377,112072,161865,120159,139972,81619,51618,19301,36351,52604,29066,9322,139617,187631
 "19023","Butler, IA",4,CAGDP2,6,"21","  Mining, quarrying, and oil and gas extraction ","Thousands of dollars",466,320,380,546,551,612,690,801,1082,882,1386,883,719,817,317,934,627,493,1767,4079,4142,2398
 "19023","Butler, IA",4,CAGDP2,10,"22","  Utilities ","Thousands of dollars",3217,2917,2965,2972,3057,3245,3489,3918,3876,3909,3922,3734,3847,4291,4258,4371,4398,4820,4900,4831,4959,5210
 "19023","Butler, IA",4,CAGDP2,11,"23","  Construction ","Thousands of dollars",14022,14270,16312,17558,15395,13391,15698,21208,10981,13244,18511,22934,15249,15011,9332,10850,14843,15728,18911,18794,36209,69226
 "19023","Butler, IA",4,CAGDP2,12,"31-33","  Manufacturing ","Thousands of dollars",27135,35083,33572,45101,48101,52671,52571,57403,64234,78801,79185,107122,97229,105560,99629,80535,90940,77496,89585,99900,110034,119068
 "19023","Butler, IA",4,CAGDP2,13,"321,327-339","   Durable goods manufacturing ","Thousands of dollars",(D),(D),(D),(D),(D),(D),(D),54986,(D),(D),(D),(D),71494,75731,67597,54128,63044,64989,76524,84886,92044,93223
 "19023","Butler, IA",4,CAGDP2,25,"311-316,322-326","   Nondurable goods manufacturing ","Thousands of dollars",(D),(D),(D),(D),(D),(D),(D),2417,(D),(D),(D),(D),25736,29829,32032,26407,27895,12507,13062,15015,17991,25845
 "19023","Butler, IA",4,CAGDP2,34,"42","  Wholesale trade ","Thousands of dollars",27005,28093,26951,28700,28827,29392,31025,33865,32958,31082,30143,31076,33010,35427,37325,38190,38686,36890,39614,42240,42968,44849
 "19023","Butler, IA",4,CAGDP2,35,"44-45","  Retail trade ","Thousands of dollars",16390,16786,17381,17368,15384,15441,13671,13543,15776,17282,16790,17606,19722,20115,20860,20059,19614,19884,20520,21772,24021,25794
 "19023","Butler, IA",4,CAGDP2,36,"48-49","  Transportation and warehousing ","Thousands of dollars",(D),(D),(D),(D),(D),(D),(D),(D),(D),(D),(D),(D),(D),(D),(D),(D),(D),(D),(D),(D),(D),(D)
 "19023","Butler, IA",4,CAGDP2,45,"51","  Information ","Thousands of dollars",1816,1736,1832,2002,2206,2249,2353,2560,2602,2483,(D),2177,2944,3893,4589,4150,2379,2273,2545,(D),(D),3155
 "19023","Butler, IA",4,CAGDP2,50,"52,53","  Finance, insurance, real estate, rental, and leasing ","Thousands of dollars",50797,50340,55938,60469,66615,60836,67871,68879,71115,74830,82630,80568,78893,94787,94097,99693,101345,95236,106782,100431,108034,(D)
 "19023","Butler, IA",4,CAGDP2,51,"52","   Finance and insurance ","Thousands of dollars",11904,13474,15071,17019,19962,16085,15301,15040,15369,17410,20599,24791,24225,30839,32033,37130,37940,38141,39614,38218,39338,39278
 "19023","Butler, IA",4,CAGDP2,56,"53","   Real estate and rental and leasing ","Thousands of dollars",38892,36866,40867,43451,46653,44750,52570,53839,55747,57420,62031,55777,54669,63949,62064,62564,63405,57095,67169,62213,68696,(D)
 "19023","Butler, IA",4,CAGDP2,59,"54,55,56","  Professional and business services ","Thousands of dollars",6577,(D),6647,(D),(D),(D),(D),7845,(D),(D),10081,(D),(D),(D),(D),(D),(D),(D),(D),10270,16032,21212
 "19023","Butler, IA",4,CAGDP2,60,"54","   Professional, scientific, and technical services ","Thousands of dollars",4669,4480,4422,4549,4217,4604,3943,5369,5412,5934,7330,9184,9046,8936,9141,9675,6777,6309,6065,5475,5387,5934
 "19023","Butler, IA",4,CAGDP2,64,"55","   Management of companies and enterprises ","Thousands of dollars",(D),(D),(D),(D),(D),(D),(D),277,(D),(D),(D),(D),(D),(D),(D),(D),(D),(D),(D),(D),828,977
 "19023","Butler, IA",4,CAGDP2,65,"56","   Administrative and support and waste management and remediation services ","Thousands of dollars",(D),(D),(D),(D),(D),(D),(D),2198,(D),(D),(D),(D),(D),(D),(D),(D),(D),(D),(D),(D),9816,14301
 "19023","Butler, IA",4,CAGDP2,68,"61,62","  Educational services, health care, and social assistance ","Thousands of dollars",(D),11413,11495,12523,12618,13019,14911,(D),18236,18091,18893,19843,17971,18854,19711,19979,20283,20860,20423,21330,22236,22348
 "19023","Butler, IA",4,CAGDP2,69,"61","   Educational services ","Thousands of dollars",44,45,53,(D),(D),(D),(D),(D),(D),(D),(D),44,69,95,128,(D),(D),(D),(D),(D),(D),(D)
 "19023","Butler, IA",4,CAGDP2,70,"62","   Health care and social assistance ","Thousands of dollars",(D),11368,11442,(D),(D),(D),(D),(D),(D),(D),(D),19799,17902,18759,19583,(D),(D),(D),(D),(D),(D),(D)
 "19023","Butler, IA",4,CAGDP2,75,"71,72","  Arts, entertainment, recreation, accommodation, and food services ","Thousands of dollars",2549,2575,(D),2261,1947,2130,2212,1926,1880,1980,2057,2172,2081,2081,2063,1940,2180,2193,3186,3237,(D),4123
 "19023","Butler, IA",4,CAGDP2,76,"71","   Arts, entertainment, and recreation ","Thousands of dollars",403,435,(D),423,445,675,683,646,838,966,975,922,617,545,508,474,424,387,1008,1484,(D),2662
 "19023","Butler, IA",4,CAGDP2,79,"72","   Accommodation and food services ","Thousands of dollars",2146,2140,(D),1838,1503,1455,1529,1280,1042,1014,1082,1250,1465,1536,1555,1466,1756,1806,2177,1753,1916,1461
 "19023","Butler, IA",4,CAGDP2,82,"81","  Other services (except government and government enterprises) ","Thousands of dollars",10343,11672,10749,10356,11066,11774,11050,9682,10128,10509,10678,11115,11043,11984,11817,12309,11969,12710,13166,(D),(D),13913
 "19023","Butler, IA",4,CAGDP2,83,"92","Government and government enterprises ","Thousands of dollars",29427,32182,33397,34502,35767,36109,36390,38893,39807,41664,42253,44763,47810,50271,51727,53044,54619,56576,56447,56559,58605,61707
 "19023","Butler, IA",4,CAGDP2,87,"11,21","Natural resources and mining ","Thousands of dollars",38200,40499,25270,86951,72479,73977,109136,84910,76459,112954,163250,121042,140691,82436,51935,20235,36978,53097,30833,13401,143758,190030
 "19023","Butler, IA",4,CAGDP2,88,"42,44-45","Trade ","Thousands of dollars",43395,44879,44331,46068,44211,44832,44695,47407,48734,48364,46933,48682,52732,55542,58184,58249,58300,56774,60134,64012,66989,70642
 "19023","Butler, IA",4,CAGDP2,89,"22,48-49","Transportation and utilities ","Thousands of dollars",(D),(D),(D),(D),(D),(D),(D),(D),(D),(D),(D),(D),(D),(D),(D),(D),(D),(D),(D),(D),(D),(D)
 "19023","Butler, IA",4,CAGDP2,90,"31-33,51","Manufacturing and information ","Thousands of dollars",28950,36819,35404,47103,50307,54919,54923,59964,66836,81284,(D),109299,100173,109453,104218,84685,93319,79769,92130,(D),(D),122223
 "19023","Butler, IA",4,CAGDP2,91,"...","Private goods-producing industries 2/","Thousands of dollars",79357,89852,75153,149610,135974,140038,177404,163522,151674,204999,260947,251098,253170,203007,160895,111620,142761,146322,139330,132095,290001,378324
 "19023","Butler, IA",4,CAGDP2,92,"...","Private services-providing industries 3/","Thousands of dollars",134193,136966,142534,153011,158576,158078,166364,171588,179172,184705,193353,194837,195749,215219,220205,229486,228920,223964,241038,240373,259843,278736
 "19025","Calhoun, IA",4,CAGDP2,1,"...","All industry total ","Thousands of dollars",193098,207507,220264,278111,283147,281888,332445,365177,301446,346112,405054,405844,432981,433051,360864,402728,400377,418348,408243,390981,496590,593672
 "19025","Calhoun, IA",4,CAGDP2,2,"..."," Private industries ","Thousands of dollars",158510,172850,183751,239471,242846,240154,289119,320344,255921,300555,359898,361699,388596,387597,316000,355402,353192,369172,358462,340862,445273,540099
 "19025","Calhoun, IA",4,CAGDP2,3,"11","  Agriculture, forestry, fishing and hunting ","Thousands of dollars",25967,38383,40698,83623,64202,71772,114447,137292,74089,112132,165076,151571,190356,176832,91193,120073,116384,121281,104750,79301,170803,242155
 "19025","Calhoun, IA",4,CAGDP2,6,"21","  Mining, quarrying, and oil and gas extraction ","Thousands of dollars",0,0,0,0,0,0,0,0,0,0,0,0,0,0,0,0,0,0,0,0,0,(D)
 "19025","Calhoun, IA",4,CAGDP2,10,"22","  Utilities ","Thousands of dollars",1231,1301,1326,1327,1210,1359,1453,1491,1536,1756,1523,1440,1553,1684,1784,1794,2014,2261,2204,2257,2212,2367
 "19025","Calhoun, IA",4,CAGDP2,11,"23","  Construction ","Thousands of dollars",5957,6716,7064,7023,8294,8094,7667,8079,9209,11539,13458,16884,14141,12484,14397,21232,10474,8654,9848,10808,16314,22938
 "19025","Calhoun, IA",4,CAGDP2,12,"31-33","  Manufacturing ","Thousands of dollars",8324,9319,8320,7393,6411,5874,5430,5660,8767,10759,10535,10302,6540,3476,4289,3403,4319,5907,7659,8104,9013,(D)
 "19025","Calhoun, IA",4,CAGDP2,13,"321,327-339","   Durable goods manufacturing ","Thousands of dollars",6051,6722,5857,5860,(D),(D),(D),2489,5838,(D),(D),(D),4567,2350,3081,2399,3563,5367,7088,6950,6863,5985
 "19025","Calhoun, IA",4,CAGDP2,25,"311-316,322-326","   Nondurable goods manufacturing ","Thousands of dollars",2274,2596,2463,1533,(D),(D),(D),3171,2930,(D),(D),(D),1974,1125,1207,1004,756,539,571,1154,2150,(D)
 "19025","Calhoun, IA",4,CAGDP2,34,"42","  Wholesale trade ","Thousands of dollars",14793,14193,13664,18322,20401,20433,20400,27010,27661,28001,30240,34894,34535,39553,41177,44570,43870,45920,45884,46515,48364,53075
 "19025","Calhoun, IA",4,CAGDP2,35,"44-45","  Retail trade ","Thousands of dollars",10256,9833,13137,13602,16779,16976,16758,15651,15868,16736,16347,16437,17109,17293,18896,20453,21992,22430,26201,29843,35833,39696
 "19025","Calhoun, IA",4,CAGDP2,36,"48-49","  Transportation and warehousing ","Thousands of dollars",(D),(D),(D),(D),(D),(D),(D),25443,14366,12745,(D),(D),(D),(D),(D),(D),(D),(D),(D),(D),(D),(D)
 "19025","Calhoun, IA",4,CAGDP2,45,"51","  Information ","Thousands of dollars",2072,2003,2222,2540,2728,2636,2734,3123,3952,3887,3068,2449,2386,2540,2651,2586,(D),(D),(D),(D),3244,3491
 "19025","Calhoun, IA",4,CAGDP2,50,"52,53","  Finance, insurance, real estate, rental, and leasing ","Thousands of dollars",43214,42125,44421,46506,50302,45593,50797,51285,54654,55954,59150,64214,62854,66046,69859,62927,66431,73095,70462,73470,71089,72802
 "19025","Calhoun, IA",4,CAGDP2,51,"52","   Finance and insurance ","Thousands of dollars",12864,13919,14476,15650,17752,16021,16704,14545,(D),15325,17309,19198,18200,21389,23005,25465,25444,25710,25195,25169,26005,27942
 "19025","Calhoun, IA",4,CAGDP2,56,"53","   Real estate and rental and leasing ","Thousands of dollars",30351,28206,29945,30856,32550,29573,34093,36740,(D),40629,41841,45016,44654,44657,46853,37462,40988,47385,45267,48301,45084,44860
 "19025","Calhoun, IA",4,CAGDP2,59,"54,55,56","  Professional and business services ","Thousands of dollars",5303,5610,5673,6730,13043,12839,11657,5706,4711,4454,4647,4825,4657,5021,5105,6025,6833,6047,5886,5549,(D),(D)
 "19025","Calhoun, IA",4,CAGDP2,60,"54","   Professional, scientific, and technical services ","Thousands of dollars",3540,3613,3498,3983,3488,2761,(D),(D),2992,2769,3094,3456,3560,3777,3777,4160,4788,4529,4325,4782,4550,5311
 "19025","Calhoun, IA",4,CAGDP2,64,"55","   Management of companies and enterprises ","Thousands of dollars",0,0,0,0,6763,6859,(D),(D),(D),0,0,0,0,0,0,0,0,0,0,0,(D),(D)
 "19025","Calhoun, IA",4,CAGDP2,65,"56","   Administrative and support and waste management and remediation services ","Thousands of dollars",1763,1996,2175,2747,2792,3218,2830,(D),(D),1685,1553,1369,1097,1244,1328,1864,2046,1519,1561,767,(D),(D)
 "19025","Calhoun, IA",4,CAGDP2,68,"61,62","  Educational services, health care, and social assistance ","Thousands of dollars",(D),(D),(D),(D),(D),(D),28377,30585,31952,32810,32820,(D),(D),(D),(D),(D),39443,43828,44029,43589,44964,46258
 "19025","Calhoun, IA",4,CAGDP2,69,"61","   Educational services ","Thousands of dollars",(D),(D),(D),(D),(D),(D),(D),(D),(D),59,30,(D),(D),(D),(D),(D),(D),(D),(D),(D),(D),(D)
 "19025","Calhoun, IA",4,CAGDP2,70,"62","   Health care and social assistance ","Thousands of dollars",(D),(D),(D),(D),(D),(D),(D),(D),(D),32751,32790,(D),(D),(D),(D),(D),(D),(D),(D),(D),(D),(D)
 "19025","Calhoun, IA",4,CAGDP2,75,"71,72","  Arts, entertainment, recreation, accommodation, and food services ","Thousands of dollars",1706,2126,2021,1812,1685,2086,(D),2491,2653,2714,(D),2770,3149,3157,3102,3069,2790,3017,3720,3244,4340,4780
 "19025","Calhoun, IA",4,CAGDP2,76,"71","   Arts, entertainment, and recreation ","Thousands of dollars",306,446,428,349,253,258,(D),488,(D),(D),(D),758,873,967,843,701,522,529,742,646,888,1125
 "19025","Calhoun, IA",4,CAGDP2,79,"72","   Accommodation and food services ","Thousands of dollars",1400,1681,1593,1463,1432,1828,(D),2003,(D),(D),(D),2012,2276,2191,2258,2367,2268,2488,2978,2599,3451,3655
 "19025","Calhoun, IA",4,CAGDP2,82,"81","  Other services (except government and government enterprises) ","Thousands of dollars",6871,7604,7110,7021,7360,7691,7003,6530,6504,7067,7029,7585,7711,8022,7947,8750,(D),(D),(D),(D),9587,9989
 "19025","Calhoun, IA",4,CAGDP2,83,"92","Government and government enterprises ","Thousands of dollars",34588,34657,36513,38640,40301,41734,43325,44833,45525,45557,45156,44145,44384,45454,44863,47326,47185,49176,49781,50119,51317,53573
 "19025","Calhoun, IA",4,CAGDP2,87,"11,21","Natural resources and mining ","Thousands of dollars",25967,38383,40698,83623,64202,71772,114447,137292,74089,112132,165076,151571,190356,176832,91193,120073,116384,121281,104750,79301,170803,(D)
 "19025","Calhoun, IA",4,CAGDP2,88,"42,44-45","Trade ","Thousands of dollars",25049,24026,26800,31924,37180,37408,37158,42661,43528,44738,46587,51332,51645,56846,60073,65023,65862,68350,72086,76357,84196,92772
 "19025","Calhoun, IA",4,CAGDP2,89,"22,48-49","Transportation and utilities ","Thousands of dollars",(D),(D),(D),(D),(D),(D),(D),26934,15901,14501,(D),(D),(D),(D),(D),(D),(D),(D),(D),(D),(D),(D)
 "19025","Calhoun, IA",4,CAGDP2,90,"31-33,51","Manufacturing and information ","Thousands of dollars",10396,11322,10542,9933,9139,8510,8163,8783,12719,14645,13603,12752,8926,6016,6940,5989,(D),(D),(D),(D),12257,(D)
 "19025","Calhoun, IA",4,CAGDP2,91,"...","Private goods-producing industries 2/","Thousands of dollars",40248,54417,56082,98040,78908,85741,127543,151031,92065,134429,189070,178758,211038,192792,109880,144708,131177,135842,122257,98213,196130,274134
 "19025","Calhoun, IA",4,CAGDP2,92,"...","Private services-providing industries 3/","Thousands of dollars",118262,118433,127669,141431,163938,154413,161576,169314,163855,166125,170829,182942,177559,194805,206121,210694,222015,233330,236206,242649,249143,265965
 "19027","Carroll, IA",4,CAGDP2,1,"...","All industry total ","Thousands of dollars",654451,664147,715526,852599,884774,927246,978760,999151,975578,1092606,1150479,1175309,1242542,1297716,1301462,1381148,1428122,1415635,1344651,1360459,1515327,1711680
 "19027","Carroll, IA",4,CAGDP2,2,"..."," Private industries ","Thousands of dollars",600465,607785,656741,792519,821555,862427,912057,930333,900639,1014154,1072564,1097339,1163794,1215849,1215296,1292097,1338363,1323360,1250046,1262777,1417200,1607657
 "19027","Carroll, IA",4,CAGDP2,3,"11","  Agriculture, forestry, fishing and hunting ","Thousands of dollars",57909,58166,58843,116056,79544,98734,75455,138935,108765,156570,201288,169115,238539,237768,169167,218372,269143,253675,186944,162097,229192,343448
 "19027","Carroll, IA",4,CAGDP2,6,"21","  Mining, quarrying, and oil and gas extraction ","Thousands of dollars",1000,996,1076,1329,1500,2151,2135,2194,1878,1957,1958,2171,1997,2077,1967,1660,2227,2237,3038,4092,4613,3412
 "19027","Carroll, IA",4,CAGDP2,10,"22","  Utilities ","Thousands of dollars",2975,3210,3098,3148,3192,4299,16726,17100,17900,32860,34028,37296,37221,37167,39373,45283,40299,37619,38181,47729,51155,56662
 "19027","Carroll, IA",4,CAGDP2,11,"23","  Construction ","Thousands of dollars",30528,30574,31331,29095,29820,33190,37017,32728,38355,40448,42020,47776,48789,50675,53919,55151,52948,56837,53133,49116,42857,43981
 "19027","Carroll, IA",4,CAGDP2,12,"31-33","  Manufacturing ","Thousands of dollars",78740,64151,77152,88980,97324,111552,117795,108613,101701,109922,102351,101826,108927,119002,144233,144592,146748,149010,148675,148194,151054,166922
 "19027","Carroll, IA",4,CAGDP2,13,"321,327-339","   Durable goods manufacturing ","Thousands of dollars",59065,48258,50237,54318,56635,56718,57888,54150,46538,53613,51142,55345,53166,57571,65701,71246,79890,83845,96146,95211,98677,112966
 "19027","Carroll, IA",4,CAGDP2,25,"311-316,322-326","   Nondurable goods manufacturing ","Thousands of dollars",19674,15894,26915,34662,40688,54834,59907,54463,55164,56309,51209,46482,55761,61430,78532,73347,66858,65165,52529,52983,52377,53956
 "19027","Carroll, IA",4,CAGDP2,34,"42","  Wholesale trade ","Thousands of dollars",107136,109244,111483,130167,138452,145940,151482,168439,161492,167696,180294,193235,199726,193909,195349,196315,188105,168102,160802,154963,154434,164955
 "19027","Carroll, IA",4,CAGDP2,35,"44-45","  Retail trade ","Thousands of dollars",64428,64764,66383,67255,66178,62368,59516,63178,64846,65209,66982,69830,70861,73251,77491,81548,80460,80771,84890,90830,103422,110116
 "19027","Carroll, IA",4,CAGDP2,36,"48-49","  Transportation and warehousing ","Thousands of dollars",8912,8593,10494,19017,24411,30378,32998,32336,32755,36854,35385,37547,35256,44841,41794,42857,44203,47243,46845,41778,55983,61992
 "19027","Carroll, IA",4,CAGDP2,45,"51","  Information ","Thousands of dollars",9569,9798,11565,13935,16155,17293,19951,20781,21850,22333,19857,17440,17721,17436,20371,21448,24023,20817,19930,19003,20828,21705
 "19027","Carroll, IA",4,CAGDP2,50,"52,53","  Finance, insurance, real estate, rental, and leasing ","Thousands of dollars",122648,129223,153733,187191,222910,206949,244366,182499,180065,205658,205149,224728,208592,238034,261488,264944,260818,271618,270081,311080,349577,368450
 "19027","Carroll, IA",4,CAGDP2,51,"52","   Finance and insurance ","Thousands of dollars",69226,80584,102790,133668,167500,140643,159594,102340,104947,116238,118143,127093,105691,132440,147975,165324,154290,153132,156140,190386,227790,235495
 "19027","Carroll, IA",4,CAGDP2,56,"53","   Real estate and rental and leasing ","Thousands of dollars",53421,48639,50943,53523,55410,66307,84772,80160,75118,89420,87006,97635,102901,105594,113514,99621,106528,118486,113941,120693,121787,132955
 "19027","Carroll, IA",4,CAGDP2,59,"54,55,56","  Professional and business services ","Thousands of dollars",22811,27917,28125,29448,31121,32871,33668,35513,33663,32052,33935,36484,37765,36933,37488,38257,41918,39080,35494,36359,41966,44041
 "19027","Carroll, IA",4,CAGDP2,60,"54","   Professional, scientific, and technical services ","Thousands of dollars",12423,(D),(D),(D),(D),(D),15153,15657,14904,15099,15764,17296,18288,18855,19265,20236,22519,23400,(D),20494,22857,22857
 "19027","Carroll, IA",4,CAGDP2,64,"55","   Management of companies and enterprises ","Thousands of dollars",2408,(D),(D),(D),(D),(D),2551,3012,3364,3534,3477,3483,3688,4047,4266,4362,4413,3273,(D),3318,3991,4212
 "19027","Carroll, IA",4,CAGDP2,65,"56","   Administrative and support and waste management and remediation services ","Thousands of dollars",7981,11901,12031,13060,14969,16154,15964,16844,15396,13419,14695,15705,15789,14031,13958,13659,14985,12407,12196,12547,15118,16972
 "19027","Carroll, IA",4,CAGDP2,68,"61,62","  Educational services, health care, and social assistance ","Thousands of dollars",65952,71823,74486,77062,80851,86411,89323,96192,103605,105724,110727,118199,116250,120242,125158,132938,138744,146986,150158,148836,155663,162488
 "19027","Carroll, IA",4,CAGDP2,69,"61","   Educational services ","Thousands of dollars",(D),(D),(D),(D),(D),(D),(D),(D),(D),(D),(D),(D),(D),(D),(D),(D),(D),(D),(D),(D),(D),(D)
 "19027","Carroll, IA",4,CAGDP2,70,"62","   Health care and social assistance ","Thousands of dollars",(D),(D),(D),(D),(D),(D),(D),(D),(D),(D),(D),(D),(D),(D),(D),(D),(D),(D),(D),(D),(D),(D)
 "19027","Carroll, IA",4,CAGDP2,75,"71,72","  Arts, entertainment, recreation, accommodation, and food services ","Thousands of dollars",13143,13129,13462,13738,13926,14034,14582,14678,14995,16018,17466,18997,19022,19372,20645,21029,21002,20795,22686,19539,24921,26479
 "19027","Carroll, IA",4,CAGDP2,76,"71","   Arts, entertainment, and recreation ","Thousands of dollars",1495,1676,1730,1676,1953,2199,2552,2507,2532,2551,2487,2351,2281,2126,1958,1839,1915,1931,2414,1931,3219,3144
 "19027","Carroll, IA",4,CAGDP2,79,"72","   Accommodation and food services ","Thousands of dollars",11648,11453,11732,12062,11973,11835,12030,12171,12463,13466,14979,16645,16741,17246,18687,19190,19087,18864,20272,17609,21702,23335
 "19027","Carroll, IA",4,CAGDP2,82,"81","  Other services (except government and government enterprises) ","Thousands of dollars",14714,16198,15510,16100,16171,16255,17044,17147,18768,20853,21124,22694,23127,25143,26851,27702,27723,28568,29189,29162,31535,33006
 "19027","Carroll, IA",4,CAGDP2,83,"92","Government and government enterprises ","Thousands of dollars",53985,56363,58785,60080,63219,64819,66703,68818,74940,78452,77915,77970,78748,81867,86166,89051,89758,92275,94605,97683,98126,104023
 "19027","Carroll, IA",4,CAGDP2,87,"11,21","Natural resources and mining ","Thousands of dollars",58910,59162,59920,117385,81044,100885,77590,141129,110643,158527,203246,171286,240537,239845,171135,220032,271371,255912,189981,166188,233805,346860
 "19027","Carroll, IA",4,CAGDP2,88,"42,44-45","Trade ","Thousands of dollars",171564,174007,177865,197422,204629,208308,210998,231617,226338,232904,247276,263065,270586,267160,272841,277863,268565,248874,245692,245793,257856,275071
 "19027","Carroll, IA",4,CAGDP2,89,"22,48-49","Transportation and utilities ","Thousands of dollars",11887,11803,13592,22165,27603,34677,49723,49436,50655,69714,69413,74843,72477,82008,81167,88141,84502,84862,85026,89508,107138,118654
 "19027","Carroll, IA",4,CAGDP2,90,"31-33,51","Manufacturing and information ","Thousands of dollars",88309,73949,88717,102915,113479,128845,137746,129393,123551,132255,122208,119266,126648,136438,164604,166040,170771,169828,168605,167196,171882,188626
 "19027","Carroll, IA",4,CAGDP2,91,"...","Private goods-producing industries 2/","Thousands of dollars",168178,153888,168402,235459,208188,245628,232402,282470,250699,308898,347617,320889,398253,409522,369287,419775,471067,461760,391789,363498,427717,557763
 "19027","Carroll, IA",4,CAGDP2,92,"...","Private services-providing industries 3/","Thousands of dollars",432288,453897,488338,557060,613366,616799,679655,647863,649940,705256,724947,776450,765541,806327,846009,872322,867296,861600,858257,899279,989483,1049894
 "19029","Cass, IA",4,CAGDP2,1,"...","All industry total ","Thousands of dollars",324672,344094,353576,418967,413493,436696,439561,494627,477682,475647,531500,580024,613677,627052,658089,652340,683709,714890,698477,677615,793186,867296
 "19029","Cass, IA",4,CAGDP2,2,"..."," Private industries ","Thousands of dollars",262545,280042,286149,348234,340220,359676,359177,408492,386131,382482,441921,486529,516152,526032,553428,541512,571267,599889,581814,558851,672383,739628
 "19029","Cass, IA",4,CAGDP2,3,"11","  Agriculture, forestry, fishing and hunting ","Thousands of dollars",23400,27764,31152,74400,51943,59282,66337,93283,72050,55749,87751,61523,71725,45235,53076,36728,50926,48910,53637,43910,90553,129484
 "19029","Cass, IA",4,CAGDP2,6,"21","  Mining, quarrying, and oil and gas extraction ","Thousands of dollars",720,833,1740,1977,1370,1801,2051,1707,1805,2069,2116,2561,3517,1865,1937,1651,1817,1615,1162,6243,7343,3062
 "19029","Cass, IA",4,CAGDP2,10,"22","  Utilities ","Thousands of dollars",220,239,329,304,200,236,283,363,378,465,479,49870,52987,53696,50855,56917,53596,45736,48487,54693,50558,54641
 "19029","Cass, IA",4,CAGDP2,11,"23","  Construction ","Thousands of dollars",23629,22093,24812,22437,23568,23793,23377,22913,25890,25823,28677,27037,30794,31599,31474,31390,53605,63999,34573,34614,30434,31410
 "19029","Cass, IA",4,CAGDP2,12,"31-33","  Manufacturing ","Thousands of dollars",38245,42716,42865,46170,46242,44954,42284,42349,32122,44447,48333,50952,56020,63890,70372,65433,56085,50987,54858,52245,59938,66821
 "19029","Cass, IA",4,CAGDP2,13,"321,327-339","   Durable goods manufacturing ","Thousands of dollars",(D),(D),(D),(D),33246,31772,26038,25082,14403,26874,29737,30276,26097,30465,29664,24472,27037,27031,26643,24238,26875,28703
 "19029","Cass, IA",4,CAGDP2,25,"311-316,322-326","   Nondurable goods manufacturing ","Thousands of dollars",(D),(D),(D),(D),12996,13182,16246,17267,17719,17573,18595,20676,29923,33426,40708,40961,29048,23956,28215,28007,33063,38118
 "19029","Cass, IA",4,CAGDP2,34,"42","  Wholesale trade ","Thousands of dollars",15265,14861,14181,17455,19843,20414,22041,25203,28795,30196,29966,29806,31461,35770,40170,41668,49437,52053,55680,52326,57075,62948
 "19029","Cass, IA",4,CAGDP2,35,"44-45","  Retail trade ","Thousands of dollars",27103,27566,27737,31475,34094,33840,33593,34388,34808,34885,34648,35606,35196,36450,38868,41774,42184,42836,44119,45960,50454,52892
 "19029","Cass, IA",4,CAGDP2,36,"48-49","  Transportation and warehousing ","Thousands of dollars",(D),(D),(D),(D),(D),(D),(D),(D),(D),(D),(D),(D),15255,18012,18912,17030,(D),(D),(D),(D),(D),(D)
 "19029","Cass, IA",4,CAGDP2,45,"51","  Information ","Thousands of dollars",9442,12285,8763,9545,9859,9747,9771,10457,11886,12488,11104,10492,11324,11261,12127,11493,11722,10406,11836,13525,18297,20129
 "19029","Cass, IA",4,CAGDP2,50,"52,53","  Finance, insurance, real estate, rental, and leasing ","Thousands of dollars",64257,66307,72348,78572,84840,93748,88359,102086,99221,93161,112387,126159,126074,143830,145422,150283,149174,172784,162700,144168,186654,(D)
 "19029","Cass, IA",4,CAGDP2,51,"52","   Finance and insurance ","Thousands of dollars",16450,18836,20844,23582,25655,29645,28576,27528,26038,29220,43789,54019,46182,60196,64361,63315,68933,82696,70340,50206,84663,75592
 "19029","Cass, IA",4,CAGDP2,56,"53","   Real estate and rental and leasing ","Thousands of dollars",47807,47471,51504,54990,59185,64103,59782,74557,73184,63942,68598,72140,79893,83634,81061,86968,80241,90088,92360,93962,101991,(D)
 "19029","Cass, IA",4,CAGDP2,59,"54,55,56","  Professional and business services ","Thousands of dollars",(D),(D),(D),(D),(D),17880,17560,(D),(D),(D),(D),(D),20497,20977,23989,19230,(D),(D),(D),(D),22508,29259
 "19029","Cass, IA",4,CAGDP2,60,"54","   Professional, scientific, and technical services ","Thousands of dollars",(D),(D),(D),(D),(D),10312,10125,(D),(D),(D),(D),(D),9818,(D),(D),(D),11292,12603,12532,12108,14305,15725
 "19029","Cass, IA",4,CAGDP2,64,"55","   Management of companies and enterprises ","Thousands of dollars",(D),(D),(D),(D),(D),816,762,(D),(D),(D),(D),(D),1139,(D),(D),(D),(D),(D),(D),(D),597,812
 "19029","Cass, IA",4,CAGDP2,65,"56","   Administrative and support and waste management and remediation services ","Thousands of dollars",5626,6057,5911,5752,6507,6751,6673,6914,7619,8976,9621,11243,9541,(D),12027,(D),(D),(D),(D),(D),7606,12722
 "19029","Cass, IA",4,CAGDP2,68,"61,62","  Educational services, health care, and social assistance ","Thousands of dollars",18806,18063,18918,20224,21153,(D),(D),25294,27075,27680,29740,30784,32659,34646,36275,37813,36631,37768,37590,37433,(D),40867
 "19029","Cass, IA",4,CAGDP2,69,"61","   Educational services ","Thousands of dollars",(D),(D),(D),(D),(D),(D),(D),(D),(D),(D),(D),525,1078,1573,1724,1940,2120,2180,2383,2542,(D),(D)
 "19029","Cass, IA",4,CAGDP2,70,"62","   Health care and social assistance ","Thousands of dollars",(D),(D),(D),(D),(D),(D),(D),(D),(D),(D),(D),30260,31581,33073,34552,35873,34511,35589,35207,34891,(D),(D)
 "19029","Cass, IA",4,CAGDP2,75,"71,72","  Arts, entertainment, recreation, accommodation, and food services ","Thousands of dollars",7199,7282,7306,7549,7771,7872,8350,8639,8560,8708,9443,9830,10001,9486,9925,10074,10444,11456,12797,10690,13453,14057
 "19029","Cass, IA",4,CAGDP2,76,"71","   Arts, entertainment, and recreation ","Thousands of dollars",1360,1515,1671,1714,1775,1736,1796,1629,1661,1597,1348,1346,1450,1597,1777,1997,2146,2209,2507,2089,3468,3708
 "19029","Cass, IA",4,CAGDP2,79,"72","   Accommodation and food services ","Thousands of dollars",5839,5767,5634,5835,5996,6136,6554,7010,6899,7112,8094,8484,8550,7890,8148,8077,8297,9247,10290,8601,9986,10349
 "19029","Cass, IA",4,CAGDP2,82,"81","  Other services (except government and government enterprises) ","Thousands of dollars",11425,13462,12878,13370,13932,14791,14053,13198,14400,15431,15977,16778,18641,19315,20026,20028,20231,20889,20955,20761,21840,22857
 "19029","Cass, IA",4,CAGDP2,83,"92","Government and government enterprises ","Thousands of dollars",62127,64052,67426,70733,73273,77019,80384,86136,91551,93165,89579,93495,97525,101021,104661,110828,112442,115002,116662,118764,120802,127668
 "19029","Cass, IA",4,CAGDP2,87,"11,21","Natural resources and mining ","Thousands of dollars",24120,28598,32892,76377,53312,61083,68388,94989,73855,57817,89868,64084,75242,47100,55013,38379,52743,50525,54799,50153,97897,132546
 "19029","Cass, IA",4,CAGDP2,88,"42,44-45","Trade ","Thousands of dollars",42368,42428,41918,48931,53937,54255,55635,59590,63603,65081,64614,65412,66657,72219,79038,83441,91621,94889,99799,98286,107529,115840
 "19029","Cass, IA",4,CAGDP2,89,"22,48-49","Transportation and utilities ","Thousands of dollars",(D),(D),(D),(D),(D),(D),(D),(D),(D),(D),(D),(D),68242,71708,69767,73947,(D),(D),(D),(D),(D),(D)
 "19029","Cass, IA",4,CAGDP2,90,"31-33,51","Manufacturing and information ","Thousands of dollars",47687,55001,51628,55715,56101,54701,52054,52806,44008,56936,59437,61444,67344,75152,82499,76927,67807,61393,66694,65770,78235,86949
 "19029","Cass, IA",4,CAGDP2,91,"...","Private goods-producing industries 2/","Thousands of dollars",85993,93407,100569,144983,123122,129831,134048,160252,131868,128087,166877,142073,162057,142589,156860,135203,162434,165511,144230,137013,188269,230777
 "19029","Cass, IA",4,CAGDP2,92,"...","Private services-providing industries 3/","Thousands of dollars",176551,186635,185581,203251,217098,229845,225129,248240,254263,254395,275043,344457,354095,383443,396569,406309,408834,434377,437585,421838,484114,508851
 "19031","Cedar, IA",4,CAGDP2,1,"...","All industry total ","Thousands of dollars",337892,355865,372327,396879,382453,405362,432785,455442,448809,485749,568570,579378,612186,614091,591028,581771,589352,628829,626801,597741,764311,841190
 "19031","Cedar, IA",4,CAGDP2,2,"..."," Private industries ","Thousands of dollars",294143,310771,325483,347932,330878,353031,378629,399264,388130,421309,504745,513465,545492,545714,520153,508638,514488,549721,546072,515150,681127,754434
 "19031","Cedar, IA",4,CAGDP2,3,"11","  Agriculture, forestry, fishing and hunting ","Thousands of dollars",40371,50693,51807,63869,28127,39754,52642,53565,41648,39441,114225,104726,128236,108757,66692,62350,64768,72932,60841,38069,167411,221294
 "19031","Cedar, IA",4,CAGDP2,6,"21","  Mining, quarrying, and oil and gas extraction ","Thousands of dollars",0,0,0,0,0,0,0,0,0,0,0,0,0,0,0,0,0,0,134,415,501,608
 "19031","Cedar, IA",4,CAGDP2,10,"22","  Utilities ","Thousands of dollars",(D),1335,1366,1618,3858,5550,4437,9415,6448,4496,1387,1327,2001,2328,2277,1937,1902,2103,2477,4158,3894,3041
 "19031","Cedar, IA",4,CAGDP2,11,"23","  Construction ","Thousands of dollars",16819,16161,16069,18399,18688,20507,23218,23660,25046,26334,28151,29652,27140,28622,30738,31293,30327,33222,35127,32680,31518,32678
 "19031","Cedar, IA",4,CAGDP2,12,"31-33","  Manufacturing ","Thousands of dollars",55545,55438,50617,51460,50921,54866,53901,58213,51637,55370,56574,64157,61991,64864,73213,74603,80789,75575,73455,78335,83694,91165
 "19031","Cedar, IA",4,CAGDP2,13,"321,327-339","   Durable goods manufacturing ","Thousands of dollars",31734,39124,33883,33843,33651,30089,27768,35478,31742,37916,39705,45597,39844,41068,45908,44587,43345,34397,38118,40402,38139,40781
 "19031","Cedar, IA",4,CAGDP2,25,"311-316,322-326","   Nondurable goods manufacturing ","Thousands of dollars",23810,16314,16734,17617,17270,24778,26133,22735,19895,17454,16869,18561,22147,23795,27304,30016,37444,41178,35337,37933,45555,50385
 "19031","Cedar, IA",4,CAGDP2,34,"42","  Wholesale trade ","Thousands of dollars",22148,22020,30533,34654,(D),(D),(D),(D),(D),(D),(D),(D),(D),(D),57046,(D),(D),60736,(D),67740,74777,76070
 "19031","Cedar, IA",4,CAGDP2,35,"44-45","  Retail trade ","Thousands of dollars",24687,25509,26421,22682,22169,22874,22762,23064,24716,26612,28880,30866,30973,30200,31364,32621,33869,34897,36265,41457,46883,49969
 "19031","Cedar, IA",4,CAGDP2,36,"48-49","  Transportation and warehousing ","Thousands of dollars",6980,9358,15968,(D),24289,28424,34512,32982,32530,53246,44429,38451,48346,48054,48113,39524,41992,(D),46370,(D),(D),41838
 "19031","Cedar, IA",4,CAGDP2,45,"51","  Information ","Thousands of dollars",9138,11611,10867,11604,11654,12020,5849,7822,10202,12348,10842,11617,12736,11753,11705,9930,6052,4960,4979,4429,6364,6572
 "19031","Cedar, IA",4,CAGDP2,50,"52,53","  Finance, insurance, real estate, rental, and leasing ","Thousands of dollars",70862,68212,71127,68697,73693,75377,79499,84584,85801,82262,96827,102654,101316,109982,112521,112264,113877,121361,123592,114448,117064,118601
 "19031","Cedar, IA",4,CAGDP2,51,"52","   Finance and insurance ","Thousands of dollars",16188,17599,17422,17443,18816,17170,17075,14620,14757,13705,18436,21440,21422,25774,26176,30020,29916,29293,28354,27759,29934,30188
 "19031","Cedar, IA",4,CAGDP2,56,"53","   Real estate and rental and leasing ","Thousands of dollars",54674,50613,53705,51254,54877,58207,62425,69964,71044,68556,78391,81214,79894,84208,86345,82244,83961,92068,95238,86689,87131,88414
 "19031","Cedar, IA",4,CAGDP2,59,"54,55,56","  Professional and business services ","Thousands of dollars",(D),15149,14965,(D),17312,18935,25812,26981,25375,27863,28271,31029,(D),(D),34004,37479,(D),42816,43272,41695,47523,50046
 "19031","Cedar, IA",4,CAGDP2,60,"54","   Professional, scientific, and technical services ","Thousands of dollars",(D),(D),(D),(D),9180,10176,(D),(D),16085,16343,17004,18302,18051,20050,21384,25502,21144,22596,22085,19730,20730,20752
 "19031","Cedar, IA",4,CAGDP2,64,"55","   Management of companies and enterprises ","Thousands of dollars",(D),(D),(D),(D),0,0,(D),(D),(D),0,0,0,(D),(D),(D),(D),(D),(D),(D),(D),(D),(D)
 "19031","Cedar, IA",4,CAGDP2,65,"56","   Administrative and support and waste management and remediation services ","Thousands of dollars",(D),6086,6358,7423,8132,8760,9492,9957,(D),11520,11267,12727,(D),(D),(D),(D),(D),(D),(D),(D),(D),(D)
 "19031","Cedar, IA",4,CAGDP2,68,"61,62","  Educational services, health care, and social assistance ","Thousands of dollars",13874,14733,15293,16160,(D),(D),(D),(D),(D),(D),(D),(D),23414,23664,24232,(D),27860,(D),(D),(D),(D),30404
 "19031","Cedar, IA",4,CAGDP2,69,"61","   Educational services ","Thousands of dollars",(D),(D),(D),(D),(D),(D),(D),(D),(D),(D),(D),(D),(D),(D),(D),(D),(D),(D),(D),(D),(D),(D)
 "19031","Cedar, IA",4,CAGDP2,70,"62","   Health care and social assistance ","Thousands of dollars",(D),(D),(D),(D),(D),(D),(D),(D),(D),(D),(D),(D),(D),(D),(D),(D),(D),(D),(D),(D),(D),(D)
 "19031","Cedar, IA",4,CAGDP2,75,"71,72","  Arts, entertainment, recreation, accommodation, and food services ","Thousands of dollars",6456,6610,6632,6220,6028,5931,6585,6537,6369,6627,6892,6776,7406,8331,8550,8905,9022,9133,9532,7866,10399,11047
 "19031","Cedar, IA",4,CAGDP2,76,"71","   Arts, entertainment, and recreation ","Thousands of dollars",1587,1660,1504,1255,1248,1482,1659,1663,1622,1692,1845,1943,2154,2601,2453,2444,2558,2609,3039,2096,3286,3829
 "19031","Cedar, IA",4,CAGDP2,79,"72","   Accommodation and food services ","Thousands of dollars",4869,4950,5128,4966,4780,4449,4926,4873,4747,4934,5048,4833,5251,5730,6097,6460,6464,6524,6493,5770,7113,7218
 "19031","Cedar, IA",4,CAGDP2,82,"81","  Other services (except government and government enterprises) ","Thousands of dollars",12453,13941,13819,13869,15580,16414,16118,14698,15382,16131,15290,15164,15531,17109,19698,17370,16838,17365,17775,17792,19540,21101
 "19031","Cedar, IA",4,CAGDP2,83,"92","Government and government enterprises ","Thousands of dollars",43749,45094,46843,48948,51575,52331,54156,56179,60679,64440,63825,65913,66695,68377,70875,73133,74865,79108,80729,82591,83183,86757
 "19031","Cedar, IA",4,CAGDP2,87,"11,21","Natural resources and mining ","Thousands of dollars",40371,50693,51807,63869,28127,39754,52642,53565,41648,39441,114225,104726,128236,108757,66692,62350,64768,72932,60975,38484,167912,221902
 "19031","Cedar, IA",4,CAGDP2,88,"42,44-45","Trade ","Thousands of dollars",46835,47529,56955,57336,(D),(D),(D),(D),(D),(D),(D),(D),(D),(D),88410,(D),(D),95633,(D),109197,121660,126039
 "19031","Cedar, IA",4,CAGDP2,89,"22,48-49","Transportation and utilities ","Thousands of dollars",(D),10693,17334,(D),28147,33974,38949,42397,38978,57742,45816,39778,50346,50382,50390,41461,43894,(D),48847,(D),(D),44879
 "19031","Cedar, IA",4,CAGDP2,90,"31-33,51","Manufacturing and information ","Thousands of dollars",64682,67049,61484,63064,62575,66887,59750,66035,61838,67719,67416,75774,74727,76616,84918,84532,86842,80536,78434,82763,90058,97737
 "19031","Cedar, IA",4,CAGDP2,91,"...","Private goods-producing industries 2/","Thousands of dollars",112734,122293,118493,133727,97735,115127,129760,135438,118331,121146,198951,198535,217367,202242,170643,168246,175884,181729,169557,149499,283125,345745
 "19031","Cedar, IA",4,CAGDP2,92,"...","Private services-providing industries 3/","Thousands of dollars",181409,188478,206991,214205,233143,237903,248869,263826,269800,300163,305794,314930,328124,343472,349510,340392,338604,367992,376515,365650,398003,408689
 "19033","Cerro Gordo, IA",4,CAGDP2,1,"...","All industry total ","Thousands of dollars",1453966,1508965,1694887,1895650,2057266,2069260,2155447,2073976,2011459,2069151,2111530,2215108,2322613,2444338,2578559,2672474,2535359,2560103,2543250,2599200,2913596,3152477
 "19033","Cerro Gordo, IA",4,CAGDP2,2,"..."," Private industries ","Thousands of dollars",1312124,1362541,1543914,1734784,1888428,1895114,1980647,1889248,1819222,1869668,1912879,2016896,2119442,2235701,2362680,2445772,2302108,2317717,2295417,2348209,2664986,2896434
 "19033","Cerro Gordo, IA",4,CAGDP2,3,"11","  Agriculture, forestry, fishing and hunting ","Thousands of dollars",44223,(D),(D),(D),(D),(D),(D),(D),(D),(D),(D),(D),(D),(D),(D),(D),(D),(D),(D),(D),107676,144336
 "19033","Cerro Gordo, IA",4,CAGDP2,6,"21","  Mining, quarrying, and oil and gas extraction ","Thousands of dollars",779,1135,1446,1634,1201,1570,2047,2416,1420,1636,1460,1719,1731,1714,1639,1757,2272,2257,2890,3645,(D),(D)
 "19033","Cerro Gordo, IA",4,CAGDP2,10,"22","  Utilities ","Thousands of dollars",8753,11900,12594,29372,64291,64417,73153,52805,44391,34749,28374,44331,41580,52748,80449,90481,97733,108490,119985,137056,120390,117290
 "19033","Cerro Gordo, IA",4,CAGDP2,11,"23","  Construction ","Thousands of dollars",50917,49253,72317,83650,96025,105820,84936,66060,67443,69572,72495,77614,81363,84533,92011,91139,91008,90947,102686,106924,110714,112911
 "19033","Cerro Gordo, IA",4,CAGDP2,12,"31-33","  Manufacturing ","Thousands of dollars",294430,278011,369042,424159,455753,427557,437976,394717,338782,298314,308291,314391,358585,479683,499467,501576,401738,409774,313920,330822,433283,561986
 "19033","Cerro Gordo, IA",4,CAGDP2,13,"321,327-339","   Durable goods manufacturing ","Thousands of dollars",203299,196465,209364,231406,237311,237412,218828,191535,165104,142917,135861,140884,133937,144855,165111,158630,169117,166215,163522,178028,161614,171538
 "19033","Cerro Gordo, IA",4,CAGDP2,25,"311-316,322-326","   Nondurable goods manufacturing ","Thousands of dollars",91131,81546,159678,192753,218442,190145,219148,203182,173678,155397,172430,173507,224648,334829,334356,342946,232621,243560,150398,152795,271669,390448
 "19033","Cerro Gordo, IA",4,CAGDP2,34,"42","  Wholesale trade ","Thousands of dollars",75263,76688,78600,86186,95650,104236,103853,116194,109998,118389,123666,132852,142433,155070,168963,158949,167173,170371,192887,194479,214837,232325
 "19033","Cerro Gordo, IA",4,CAGDP2,35,"44-45","  Retail trade ","Thousands of dollars",137265,144608,149165,152327,156595,153813,152873,160045,165287,168232,168937,175490,176422,177291,184490,191603,190722,194349,200339,213950,241700,253175
 "19033","Cerro Gordo, IA",4,CAGDP2,36,"48-49","  Transportation and warehousing ","Thousands of dollars",(D),(D),(D),(D),(D),(D),(D),(D),(D),(D),(D),(D),(D),(D),(D),(D),(D),(D),(D),(D),(D),(D)
 "19033","Cerro Gordo, IA",4,CAGDP2,45,"51","  Information ","Thousands of dollars",44214,50350,56529,63588,73403,72643,80885,90055,102100,112278,108099,98082,91326,88175,98021,84794,77869,71746,74700,72190,79142,82487
 "19033","Cerro Gordo, IA",4,CAGDP2,50,"52,53","  Finance, insurance, real estate, rental, and leasing ","Thousands of dollars",239252,239127,273428,309080,352213,352087,391810,325064,305282,345125,330639,369591,375118,388720,423483,499162,445707,435255,444609,443973,435762,(D)
 "19033","Cerro Gordo, IA",4,CAGDP2,51,"52","   Finance and insurance ","Thousands of dollars",102229,113732,139330,173021,210571,183993,206591,132617,120657,125923,123018,147768,140000,172107,186691,209555,200572,199234,201226,210503,199912,190606
 "19033","Cerro Gordo, IA",4,CAGDP2,56,"53","   Real estate and rental and leasing ","Thousands of dollars",137023,125395,134097,136059,141642,168094,185219,192448,184625,219201,207621,221823,235118,216614,236792,289606,245135,236021,243382,233471,235850,(D)
 "19033","Cerro Gordo, IA",4,CAGDP2,59,"54,55,56","  Professional and business services ","Thousands of dollars",(D),69884,78209,90488,93816,101510,110896,124695,112871,116822,119007,129532,127851,139422,137558,150151,158026,162084,168107,164000,177743,190061
 "19033","Cerro Gordo, IA",4,CAGDP2,60,"54","   Professional, scientific, and technical services ","Thousands of dollars",(D),38254,39748,48225,44182,47164,49415,56242,45972,48023,51165,56030,56556,61115,63173,73586,79212,79744,78938,75605,84826,91799
 "19033","Cerro Gordo, IA",4,CAGDP2,64,"55","   Management of companies and enterprises ","Thousands of dollars",(D),803,2473,3522,6181,13630,20638,24278,23812,20216,20713,20794,20017,21233,20475,20533,20515,20723,22356,21661,22098,23659
 "19033","Cerro Gordo, IA",4,CAGDP2,65,"56","   Administrative and support and waste management and remediation services ","Thousands of dollars",27224,30827,35988,38741,43454,40716,40843,44175,43087,48583,47130,52707,51279,57074,53909,56031,58299,61617,66814,66734,70819,74603
 "19033","Cerro Gordo, IA",4,CAGDP2,68,"61,62","  Educational services, health care, and social assistance ","Thousands of dollars",226754,244088,261686,281555,289039,294518,300909,319808,341618,355008,368609,386668,390507,406037,424407,435836,436145,413191,431341,452533,489693,495538
 "19033","Cerro Gordo, IA",4,CAGDP2,69,"61","   Educational services ","Thousands of dollars",8096,9668,10785,11562,10492,10746,10235,11279,12920,12597,11719,12016,10979,10639,9678,9735,9044,9279,8949,7898,8523,9283
 "19033","Cerro Gordo, IA",4,CAGDP2,70,"62","   Health care and social assistance ","Thousands of dollars",218658,234420,250901,269992,278547,283772,290674,308528,328699,342411,356890,374652,379528,395398,414728,426101,427101,403912,422392,444635,481170,486255
 "19033","Cerro Gordo, IA",4,CAGDP2,75,"71,72","  Arts, entertainment, recreation, accommodation, and food services ","Thousands of dollars",49959,52838,51852,52019,53460,57507,58280,60505,60993,61449,64747,71673,81612,88605,92918,96476,87953,80076,76420,72392,88244,95290
 "19033","Cerro Gordo, IA",4,CAGDP2,76,"71","   Arts, entertainment, and recreation ","Thousands of dollars",3537,3701,3914,4137,4370,4835,4590,4477,5243,6120,6783,7339,7690,7897,8170,8002,7825,8532,9163,7668,10860,12081
 "19033","Cerro Gordo, IA",4,CAGDP2,79,"72","   Accommodation and food services ","Thousands of dollars",46423,49137,47939,47882,49090,52672,53690,56028,55749,55329,57965,64334,73922,80708,84748,88475,80128,71544,67257,64724,77384,83209
 "19033","Cerro Gordo, IA",4,CAGDP2,82,"81","  Other services (except government and government enterprises) ","Thousands of dollars",37012,39891,39530,40265,39892,39709,40638,40634,43590,42472,42548,43162,43632,44269,47521,50594,52024,54142,56801,56007,60626,64114
 "19033","Cerro Gordo, IA",4,CAGDP2,83,"92","Government and government enterprises ","Thousands of dollars",141842,146424,150973,160866,168837,174146,174801,184728,192238,199484,198651,198212,203171,208637,215879,226703,233251,242387,247833,250992,248611,256043
 "19033","Cerro Gordo, IA",4,CAGDP2,87,"11,21","Natural resources and mining ","Thousands of dollars",45003,(D),(D),(D),(D),(D),(D),(D),(D),(D),(D),(D),(D),(D),(D),(D),(D),(D),(D),(D),(D),(D)
 "19033","Cerro Gordo, IA",4,CAGDP2,88,"42,44-45","Trade ","Thousands of dollars",212528,221296,227764,238513,252245,258049,256726,276239,275285,286622,292603,308341,318855,332361,353453,350552,357895,364719,393226,408429,456536,485500
 "19033","Cerro Gordo, IA",4,CAGDP2,89,"22,48-49","Transportation and utilities ","Thousands of dollars",(D),(D),(D),(D),(D),(D),(D),(D),(D),(D),(D),(D),(D),(D),(D),(D),(D),(D),(D),(D),(D),(D)
 "19033","Cerro Gordo, IA",4,CAGDP2,90,"31-33,51","Manufacturing and information ","Thousands of dollars",338644,328361,425571,487747,529156,500200,518861,484773,440882,410593,416390,412473,449910,567858,597488,586370,479607,481520,388620,403012,512425,644472
 "19033","Cerro Gordo, IA",4,CAGDP2,91,"...","Private goods-producing industries 2/","Thousands of dollars",390350,(D),(D),(D),(D),(D),(D),(D),(D),(D),(D),(D),(D),(D),(D),(D),(D),(D),(D),(D),(D),(D)
 "19033","Cerro Gordo, IA",4,CAGDP2,92,"...","Private services-providing industries 3/","Thousands of dollars",921775,(D),(D),(D),(D),(D),(D),(D),(D),(D),(D),(D),(D),(D),(D),(D),(D),(D),(D),(D),(D),(D)
 "19035","Cherokee, IA",4,CAGDP2,1,"...","All industry total ","Thousands of dollars",352881,377129,411771,450337,462563,607982,691116,633819,638223,657044,627445,621460,667262,750849,725863,690012,680469,719874,635494,652139,809273,1003354
 "19035","Cherokee, IA",4,CAGDP2,2,"..."," Private industries ","Thousands of dollars",303932,328506,359673,395866,405874,548344,629812,570609,571794,592726,565552,555869,598855,681122,653650,615546,605244,643233,556905,569104,724795,916417
 "19035","Cherokee, IA",4,CAGDP2,3,"11","  Agriculture, forestry, fishing and hunting ","Thousands of dollars",48195,66122,73023,101539,82645,75058,87895,135313,110843,120231,140594,161506,164223,167456,138922,89811,113753,122393,57111,53420,135814,240557
 "19035","Cherokee, IA",4,CAGDP2,6,"21","  Mining, quarrying, and oil and gas extraction ","Thousands of dollars",331,281,597,1001,841,1631,1450,1045,750,761,312,400,216,660,1482,1615,2163,2480,2423,2631,2538,3062
 "19035","Cherokee, IA",4,CAGDP2,10,"22","  Utilities ","Thousands of dollars",3232,2946,3021,2969,4997,5576,4905,9783,6837,4872,2888,2852,3229,3323,2938,3714,3413,3925,6456,38406,42591,48018
 "19035","Cherokee, IA",4,CAGDP2,11,"23","  Construction ","Thousands of dollars",20537,23915,23887,20966,20671,24753,46038,35797,24210,23871,25013,30419,30522,25759,23918,26743,25531,20140,28056,29033,21763,24168
 "19035","Cherokee, IA",4,CAGDP2,12,"31-33","  Manufacturing ","Thousands of dollars",75411,73642,97375,103222,109772,235967,271679,186070,228095,235560,170767,121690,153341,207857,189516,200360,164388,185057,134397,108121,171884,237750
 "19035","Cherokee, IA",4,CAGDP2,13,"321,327-339","   Durable goods manufacturing ","Thousands of dollars",(D),(D),13526,(D),(D),20666,23043,22624,18664,(D),(D),(D),23757,37401,34742,34292,32706,36696,32288,32693,35349,38176
 "19035","Cherokee, IA",4,CAGDP2,25,"311-316,322-326","   Nondurable goods manufacturing ","Thousands of dollars",(D),(D),83849,(D),(D),215300,248636,163446,209431,(D),(D),(D),129584,170456,154774,166069,131682,148361,102109,75428,136534,199573
 "19035","Cherokee, IA",4,CAGDP2,34,"42","  Wholesale trade ","Thousands of dollars",8140,8474,9366,11687,16043,20154,19881,20688,19046,17185,19125,20511,20710,23639,26686,23307,20256,21048,38274,45137,51226,49244
 "19035","Cherokee, IA",4,CAGDP2,35,"44-45","  Retail trade ","Thousands of dollars",28224,28899,29112,27463,26875,26598,26478,26663,28855,29001,30282,30224,29186,28653,29340,29949,29013,30384,30921,32527,33903,34966
 "19035","Cherokee, IA",4,CAGDP2,36,"48-49","  Transportation and warehousing ","Thousands of dollars",15385,17688,14220,16527,22443,26604,25560,27789,28451,27243,31649,35603,40370,42941,46853,50963,56949,59324,61907,63315,63843,66526
 "19035","Cherokee, IA",4,CAGDP2,45,"51","  Information ","Thousands of dollars",3092,2747,3506,5397,12630,17046,20006,10160,7334,5641,11404,9957,9360,16464,16640,19994,24634,21105,18875,11908,14219,16302
 "19035","Cherokee, IA",4,CAGDP2,50,"52,53","  Finance, insurance, real estate, rental, and leasing ","Thousands of dollars",51937,50979,51458,48948,51681,55263,65003,58315,57556,65359,67720,74098,77586,88907,97187,83938,79001,86228,84570,88876,86438,87467
 "19035","Cherokee, IA",4,CAGDP2,51,"52","   Finance and insurance ","Thousands of dollars",(D),(D),(D),(D),(D),18828,20431,18199,18417,18849,21923,24416,28034,39364,(D),42198,34222,34498,34701,33735,34982,36303
 "19035","Cherokee, IA",4,CAGDP2,56,"53","   Real estate and rental and leasing ","Thousands of dollars",(D),(D),(D),(D),(D),36435,44571,40116,39139,46510,45796,49682,49552,49542,(D),41740,44780,51730,49869,55141,51456,51164
 "19035","Cherokee, IA",4,CAGDP2,59,"54,55,56","  Professional and business services ","Thousands of dollars",9325,11229,12099,12640,11886,11509,11234,12103,12622,13648,13657,13440,14979,16283,16501,16875,17867,19428,22150,20915,23072,28135
 "19035","Cherokee, IA",4,CAGDP2,60,"54","   Professional, scientific, and technical services ","Thousands of dollars",4722,5388,5925,6619,6368,6211,6012,6522,6475,6629,6784,6632,7476,8159,8833,8663,8774,9070,9693,9867,11532,12335
 "19035","Cherokee, IA",4,CAGDP2,64,"55","   Management of companies and enterprises ","Thousands of dollars",2479,3622,3695,3557,3064,3107,2783,3003,3374,3480,3878,3959,4166,4381,3778,4066,4240,4516,5666,5227,5078,(D)
 "19035","Cherokee, IA",4,CAGDP2,65,"56","   Administrative and support and waste management and remediation services ","Thousands of dollars",2124,2218,2479,2464,2454,2190,2440,2577,2773,3539,2995,2849,3337,3743,3890,4146,4854,5842,6791,5821,6462,(D)
 "19035","Cherokee, IA",4,CAGDP2,68,"61,62","  Educational services, health care, and social assistance ","Thousands of dollars",24827,25372,26673,27571,28997,32009,34514,32189,32102,33518,36165,37885,37268,39362,42146,45994,46499,49585,49437,54172,55347,56622
 "19035","Cherokee, IA",4,CAGDP2,69,"61","   Educational services ","Thousands of dollars",(D),(D),(D),(D),(D),(D),(D),(D),(D),(D),(D),(D),(D),(D),(D),(D),(D),(D),(D),(D),(D),(D)
 "19035","Cherokee, IA",4,CAGDP2,70,"62","   Health care and social assistance ","Thousands of dollars",(D),(D),(D),(D),(D),(D),(D),(D),(D),(D),(D),(D),(D),(D),(D),(D),(D),(D),(D),(D),(D),(D)
 "19035","Cherokee, IA",4,CAGDP2,75,"71,72","  Arts, entertainment, recreation, accommodation, and food services ","Thousands of dollars",6341,6584,6305,6830,7142,6908,6397,6617,6837,7083,7134,7776,8589,10014,11236,11421,10772,10511,9841,8659,10577,11298
 "19035","Cherokee, IA",4,CAGDP2,76,"71","   Arts, entertainment, and recreation ","Thousands of dollars",1275,1437,1306,1434,1640,1599,1453,1352,1348,1363,1376,1305,1404,1415,1789,1528,1395,1588,1788,1388,1897,2091
 "19035","Cherokee, IA",4,CAGDP2,79,"72","   Accommodation and food services ","Thousands of dollars",5066,5148,4999,5395,5502,5309,4945,5265,5488,5720,5758,6471,7184,8599,9448,9893,9377,8923,8053,7271,8680,9208
 "19035","Cherokee, IA",4,CAGDP2,82,"81","  Other services (except government and government enterprises) ","Thousands of dollars",8954,9627,9033,9106,9251,9268,8772,8077,8256,8751,8842,9506,9277,9806,10284,10861,11005,11625,12486,11986,11580,12302
 "19035","Cherokee, IA",4,CAGDP2,83,"92","Government and government enterprises ","Thousands of dollars",48950,48624,52098,54471,56689,59638,61304,63210,66429,64317,61893,65591,68408,69726,72213,74467,75225,76640,78589,83035,84478,86937
 "19035","Cherokee, IA",4,CAGDP2,87,"11,21","Natural resources and mining ","Thousands of dollars",48526,66403,73620,102540,83486,76689,89345,136358,111593,120992,140906,161907,164439,168116,140404,91426,115916,124873,59534,56051,138351,243619
 "19035","Cherokee, IA",4,CAGDP2,88,"42,44-45","Trade ","Thousands of dollars",36364,37373,38478,39150,42919,46753,46359,47351,47901,46186,49407,50735,49895,52292,56026,53256,49270,51432,69196,77664,85129,84210
 "19035","Cherokee, IA",4,CAGDP2,89,"22,48-49","Transportation and utilities ","Thousands of dollars",18618,20635,17240,19497,27439,32180,30465,37573,35288,32116,34537,38455,43599,46264,49791,54677,60361,63249,68363,101721,106434,114545
 "19035","Cherokee, IA",4,CAGDP2,90,"31-33,51","Manufacturing and information ","Thousands of dollars",78503,76389,100880,108619,122402,253013,291685,196230,235429,241202,182171,131647,162701,224321,206156,220354,189022,206162,153272,120028,186103,254052
 "19035","Cherokee, IA",4,CAGDP2,91,"...","Private goods-producing industries 2/","Thousands of dollars",144474,163960,194881,226728,213929,337408,407061,358225,363898,380423,336685,314015,348303,401732,353838,318530,305835,330070,221987,193204,331998,505537
 "19035","Cherokee, IA",4,CAGDP2,92,"...","Private services-providing industries 3/","Thousands of dollars",159458,164546,164792,169139,191945,210936,222751,212384,207896,212303,228867,241853,250552,279390,299812,297016,299409,313163,334918,375900,392797,410880
 "19037","Chickasaw, IA",4,CAGDP2,1,"...","All industry total ","Thousands of dollars",273676,278253,287369,340986,353424,351805,376170,407749,406068,456279,536913,536240,618931,668229,700928,717238,669950,700634,655592,622422,802203,970622
 "19037","Chickasaw, IA",4,CAGDP2,2,"..."," Private industries ","Thousands of dollars",244720,248957,256999,309285,320950,318696,341731,372254,367480,416238,496859,495667,576697,624402,657394,668311,620828,650175,604615,571741,751264,916955
 "19037","Chickasaw, IA",4,CAGDP2,3,"11","  Agriculture, forestry, fishing and hunting ","Thousands of dollars",12635,12308,8452,50655,48647,39756,49430,51906,27414,81157,121824,96441,132819,101618,119812,120435,78376,85546,61777,55526,126854,180570
 "19037","Chickasaw, IA",4,CAGDP2,6,"21","  Mining, quarrying, and oil and gas extraction ","Thousands of dollars",205,272,352,380,439,592,471,551,608,457,540,775,504,86,275,110,186,323,314,261,236,202
 "19037","Chickasaw, IA",4,CAGDP2,10,"22","  Utilities ","Thousands of dollars",133,136,186,109,71,79,62,48,85,83,57,37,59,61,67,81,69,133,197,73,201,150
 "19037","Chickasaw, IA",4,CAGDP2,11,"23","  Construction ","Thousands of dollars",14198,15924,15102,16524,16461,18204,19503,36655,45881,29620,32266,34536,30994,29719,25415,29462,24758,26821,27387,24632,26763,28598
 "19037","Chickasaw, IA",4,CAGDP2,12,"31-33","  Manufacturing ","Thousands of dollars",67930,65294,75521,78242,79450,80081,83699,88960,90892,84690,102924,115352,150431,204991,217045,217965,197424,215072,175683,170097,266610,353382
 "19037","Chickasaw, IA",4,CAGDP2,13,"321,327-339","   Durable goods manufacturing ","Thousands of dollars",31519,31317,35506,42038,(D),51404,54314,56534,48932,57417,64379,70659,70656,81200,85111,76896,80947,93747,94945,91745,113051,133679
 "19037","Chickasaw, IA",4,CAGDP2,25,"311-316,322-326","   Nondurable goods manufacturing ","Thousands of dollars",36411,33977,40015,36204,(D),28677,29385,32426,41961,27273,38545,44693,79775,123792,131934,141069,116477,121325,80739,78352,153559,219703
 "19037","Chickasaw, IA",4,CAGDP2,34,"42","  Wholesale trade ","Thousands of dollars",25008,26803,26672,27414,32231,34022,35028,38912,40585,47375,46924,47826,48712,53040,55135,53992,51476,49880,53683,49684,46074,46285
 "19037","Chickasaw, IA",4,CAGDP2,35,"44-45","  Retail trade ","Thousands of dollars",24842,24853,24882,24555,25284,25999,25806,26513,26370,26903,27486,27185,29153,29577,29936,32578,35246,37242,41837,44975,49713,51131
 "19037","Chickasaw, IA",4,CAGDP2,36,"48-49","  Transportation and warehousing ","Thousands of dollars",(D),(D),(D),(D),(D),(D),(D),(D),(D),(D),(D),(D),(D),(D),(D),(D),(D),(D),(D),(D),(D),(D)
 "19037","Chickasaw, IA",4,CAGDP2,45,"51","  Information ","Thousands of dollars",2112,2045,2288,2821,3425,3163,2958,2727,2816,4701,2944,3108,7491,13037,13226,14228,15434,14548,(D),9306,11100,(D)
 "19037","Chickasaw, IA",4,CAGDP2,50,"52,53","  Finance, insurance, real estate, rental, and leasing ","Thousands of dollars",52826,53591,54746,56267,60269,58291,64581,63480,64418,65788,76721,78316,81258,90369,90537,93347,95543,97075,95476,92651,89257,90433
 "19037","Chickasaw, IA",4,CAGDP2,51,"52","   Finance and insurance ","Thousands of dollars",15777,17914,17098,17018,19253,19283,20291,17930,17067,16564,22630,26458,26363,30666,30584,35193,36933,36851,35345,34225,35659,36553
 "19037","Chickasaw, IA",4,CAGDP2,56,"53","   Real estate and rental and leasing ","Thousands of dollars",37049,35676,37648,39249,41016,39008,44290,45550,47351,49224,54091,51858,54895,59703,59953,58153,58610,60224,60131,58426,53598,53880
 "19037","Chickasaw, IA",4,CAGDP2,59,"54,55,56","  Professional and business services ","Thousands of dollars",6219,6329,6712,6908,7109,(D),(D),(D),(D),(D),(D),(D),(D),(D),(D),(D),(D),(D),27949,30428,30385,42124
 "19037","Chickasaw, IA",4,CAGDP2,60,"54","   Professional, scientific, and technical services ","Thousands of dollars",3607,3287,3740,4344,4448,4677,4994,(D),(D),(D),5679,5385,6332,7141,7045,6349,6469,6746,7750,7133,7731,8768
 "19037","Chickasaw, IA",4,CAGDP2,64,"55","   Management of companies and enterprises ","Thousands of dollars",0,0,0,0,0,(D),(D),(D),(D),(D),(D),(D),(D),(D),(D),(D),(D),(D),(D),(D),(D),(D)
 "19037","Chickasaw, IA",4,CAGDP2,65,"56","   Administrative and support and waste management and remediation services ","Thousands of dollars",2612,3042,2972,2564,2661,(D),(D),2467,2778,2947,(D),(D),(D),(D),(D),(D),(D),(D),(D),(D),(D),(D)
 "19037","Chickasaw, IA",4,CAGDP2,68,"61,62","  Educational services, health care, and social assistance ","Thousands of dollars",(D),(D),(D),(D),(D),18562,18571,19921,22355,24757,26849,28535,29721,30745,32271,33887,32971,33843,32572,(D),(D),36422
 "19037","Chickasaw, IA",4,CAGDP2,69,"61","   Educational services ","Thousands of dollars",(D),(D),(D),(D),(D),(D),(D),(D),(D),(D),(D),(D),(D),(D),(D),(D),(D),(D),(D),(D),(D),(D)
 "19037","Chickasaw, IA",4,CAGDP2,70,"62","   Health care and social assistance ","Thousands of dollars",(D),(D),(D),(D),(D),(D),(D),(D),(D),(D),(D),(D),(D),(D),(D),(D),(D),(D),(D),(D),(D),(D)
 "19037","Chickasaw, IA",4,CAGDP2,75,"71,72","  Arts, entertainment, recreation, accommodation, and food services ","Thousands of dollars",3699,3900,4422,5150,5311,5413,4456,4869,4841,4767,5010,5219,5120,5108,6900,6546,6063,6568,7832,6141,7301,8067
 "19037","Chickasaw, IA",4,CAGDP2,76,"71","   Arts, entertainment, and recreation ","Thousands of dollars",327,531,1091,1997,2271,2027,1161,1226,1212,1170,1172,1112,1089,1133,1887,1731,1459,1336,1481,1260,1757,1992
 "19037","Chickasaw, IA",4,CAGDP2,79,"72","   Accommodation and food services ","Thousands of dollars",3372,3369,3331,3153,3040,3387,3295,3643,3629,3598,3837,4107,4031,3974,5013,4815,4604,5232,6350,4881,5544,6075
 "19037","Chickasaw, IA",4,CAGDP2,82,"81","  Other services (except government and government enterprises) ","Thousands of dollars",10104,11145,10804,11244,11707,11777,11815,11734,12042,11887,12101,12915,12644,13318,13591,13853,14020,15201,(D),15180,16775,(D)
 "19037","Chickasaw, IA",4,CAGDP2,83,"92","Government and government enterprises ","Thousands of dollars",28956,29296,30370,31701,32474,33110,34438,35495,38588,40041,40054,40573,42234,43827,43534,48928,49122,50459,50977,50681,50939,53667
 "19037","Chickasaw, IA",4,CAGDP2,87,"11,21","Natural resources and mining ","Thousands of dollars",12840,12580,8804,51035,49086,40347,49900,52457,28022,81614,122364,97216,133323,101703,120088,120545,78562,85869,62091,55786,127090,180772
 "19037","Chickasaw, IA",4,CAGDP2,88,"42,44-45","Trade ","Thousands of dollars",49850,51656,51554,51969,57514,60021,60834,65426,66955,74278,74410,75011,77865,82618,85072,86571,86723,87122,95520,94659,95787,97417
 "19037","Chickasaw, IA",4,CAGDP2,89,"22,48-49","Transportation and utilities ","Thousands of dollars",(D),(D),(D),(D),(D),(D),(D),(D),(D),(D),(D),(D),(D),(D),(D),(D),(D),(D),(D),(D),(D),(D)
 "19037","Chickasaw, IA",4,CAGDP2,90,"31-33,51","Manufacturing and information ","Thousands of dollars",70042,67339,77809,81064,82874,83244,86657,91687,93708,89391,105868,118460,157922,218029,230271,232193,212858,229620,(D),179403,277710,(D)
 "19037","Chickasaw, IA",4,CAGDP2,91,"...","Private goods-producing industries 2/","Thousands of dollars",94968,93798,99427,145801,144997,138633,153102,178072,164795,195924,257554,247104,314748,336413,362547,367972,300744,327762,265161,250515,420463,562751
 "19037","Chickasaw, IA",4,CAGDP2,92,"...","Private services-providing industries 3/","Thousands of dollars",149752,155159,157572,163483,175953,180063,188629,194182,202685,220314,239305,248563,261949,287988,294847,300338,320084,322413,339453,321225,330801,354204
 "19039","Clarke, IA",4,CAGDP2,1,"...","All industry total ","Thousands of dollars",228066,239128,244292,262306,281691,301202,322708,330193,329334,326327,319290,335652,350172,366709,406287,407784,414907,451446,420316,431768,478660,549368
 "19039","Clarke, IA",4,CAGDP2,2,"..."," Private industries ","Thousands of dollars",196039,206447,210383,228691,245775,263717,284138,289643,285510,279412,271761,287988,298949,313486,351075,349638,356070,390359,355509,363016,410447,477215
 "19039","Clarke, IA",4,CAGDP2,3,"11","  Agriculture, forestry, fishing and hunting ","Thousands of dollars",947,873,(D),16146,(D),24095,22033,(D),(D),25469,28910,23368,(D),(D),(D),(D),(D),(D),(D),(D),3077,50274
 "19039","Clarke, IA",4,CAGDP2,6,"21","  Mining, quarrying, and oil and gas extraction ","Thousands of dollars",149,194,192,213,268,352,1097,1195,995,1115,1009,806,1397,461,504,706,579,663,1326,2163,2711,1200
 "19039","Clarke, IA",4,CAGDP2,10,"22","  Utilities ","Thousands of dollars",4256,4009,4048,4080,5518,8894,7734,14439,11117,8179,4258,3996,(D),(D),4613,(D),5417,(D),6108,7561,7588,7385
 "19039","Clarke, IA",4,CAGDP2,11,"23","  Construction ","Thousands of dollars",4167,4550,(D),5999,(D),7369,9161,(D),(D),8731,8662,9421,(D),6621,(D),(D),(D),(D),(D),(D),13555,15671
 "19039","Clarke, IA",4,CAGDP2,12,"31-33","  Manufacturing ","Thousands of dollars",71231,73558,78369,81314,78187,88054,101393,105600,110053,106316,94271,99859,103497,115666,144625,147654,143518,149086,152113,168553,185379,188392
 "19039","Clarke, IA",4,CAGDP2,13,"321,327-339","   Durable goods manufacturing ","Thousands of dollars",(D),(D),(D),(D),(D),(D),(D),(D),(D),(D),(D),(D),25260,35217,37547,36238,46590,51280,62645,63975,66073,67640
 "19039","Clarke, IA",4,CAGDP2,25,"311-316,322-326","   Nondurable goods manufacturing ","Thousands of dollars",(D),(D),(D),(D),(D),(D),(D),(D),(D),(D),(D),(D),78237,80449,107078,111416,96928,97806,89468,104578,119306,120752
 "19039","Clarke, IA",4,CAGDP2,34,"42","  Wholesale trade ","Thousands of dollars",(D),(D),(D),3283,(D),(D),(D),(D),(D),(D),(D),(D),(D),(D),(D),(D),(D),(D),(D),(D),(D),(D)
 "19039","Clarke, IA",4,CAGDP2,35,"44-45","  Retail trade ","Thousands of dollars",16414,17992,18104,18160,18271,18569,21980,22090,22639,22110,22728,24644,24825,24611,26199,28178,27934,28362,26824,28775,32518,35321
 "19039","Clarke, IA",4,CAGDP2,36,"48-49","  Transportation and warehousing ","Thousands of dollars",14452,15475,16582,(D),15725,15954,15887,14681,13862,12432,12172,12807,12769,13504,(D),16654,16585,17490,16878,15867,19424,20083
 "19039","Clarke, IA",4,CAGDP2,45,"51","  Information ","Thousands of dollars",1497,1767,2076,2674,2742,2313,(D),(D),(D),1882,1995,2572,2803,2087,1833,1743,(D),1626,2116,2746,2913,3594
 "19039","Clarke, IA",4,CAGDP2,50,"52,53","  Finance, insurance, real estate, rental, and leasing ","Thousands of dollars",28040,28943,31321,32276,35281,34031,34342,37424,41241,37679,40600,45791,48690,51527,48261,54467,58620,61496,55315,53651,67278,(D)
 "19039","Clarke, IA",4,CAGDP2,51,"52","   Finance and insurance ","Thousands of dollars",9427,10377,10373,10244,10889,10338,10151,9360,9411,9164,11223,12781,13246,15277,16612,18713,19630,20344,19791,17799,18475,19509
 "19039","Clarke, IA",4,CAGDP2,56,"53","   Real estate and rental and leasing ","Thousands of dollars",18613,18565,20948,22031,24392,23693,24191,28064,31829,28515,29377,33010,35444,36250,31649,35754,38990,41152,35524,35852,48803,(D)
 "19039","Clarke, IA",4,CAGDP2,59,"54,55,56","  Professional and business services ","Thousands of dollars",6749,(D),(D),(D),(D),(D),7916,8603,6894,(D),(D),(D),6309,6787,6137,6515,7315,8250,8810,7629,7303,8756
 "19039","Clarke, IA",4,CAGDP2,60,"54","   Professional, scientific, and technical services ","Thousands of dollars",1767,1699,1974,(D),(D),(D),2481,(D),(D),(D),(D),(D),2716,2652,2781,2989,3205,3181,3728,3487,3044,3774
 "19039","Clarke, IA",4,CAGDP2,64,"55","   Management of companies and enterprises ","Thousands of dollars",0,0,0,0,(D),(D),(D),(D),(D),(D),(D),(D),802,748,644,607,672,672,671,461,568,483
 "19039","Clarke, IA",4,CAGDP2,65,"56","   Administrative and support and waste management and remediation services ","Thousands of dollars",4981,(D),(D),(D),4603,4723,(D),5512,3678,3683,3683,3843,2791,3386,2712,2920,3438,4397,4411,3681,3692,4499
 "19039","Clarke, IA",4,CAGDP2,68,"61,62","  Educational services, health care, and social assistance ","Thousands of dollars",(D),9083,9462,10728,11455,13130,14254,16069,17418,13722,13937,15077,15723,16428,17435,17733,17412,17420,(D),17182,18106,20007
 "19039","Clarke, IA",4,CAGDP2,69,"61","   Educational services ","Thousands of dollars",(D),(D),(D),(D),(D),177,204,(D),(D),255,164,153,118,127,126,104,89,73,(D),(D),(D),(D)
 "19039","Clarke, IA",4,CAGDP2,70,"62","   Health care and social assistance ","Thousands of dollars",(D),(D),(D),(D),(D),12953,14050,(D),(D),13467,13773,14924,15605,16301,17309,17629,17323,17347,(D),(D),(D),(D)
 "19039","Clarke, IA",4,CAGDP2,75,"71,72","  Arts, entertainment, recreation, accommodation, and food services ","Thousands of dollars",29190,31508,26388,24967,28215,30860,32832,23071,22035,21483,23323,28344,31428,34414,33971,30986,27811,27616,30616,(D),(D),32302
 "19039","Clarke, IA",4,CAGDP2,76,"71","   Arts, entertainment, and recreation ","Thousands of dollars",(D),(D),(D),(D),79,(D),287,214,187,351,426,472,829,1133,1052,645,250,311,(D),(D),(D),(D)
 "19039","Clarke, IA",4,CAGDP2,79,"72","   Accommodation and food services ","Thousands of dollars",(D),(D),(D),(D),28136,(D),32546,22857,21847,21131,22898,27872,30599,33281,32920,30342,27560,27305,(D),(D),(D),(D)
 "19039","Clarke, IA",4,CAGDP2,82,"81","  Other services (except government and government enterprises) ","Thousands of dollars",7529,7752,7640,8635,8860,9519,(D),(D),(D),7992,7643,7985,7607,7143,7332,7546,(D),7888,7769,7740,8523,9432
 "19039","Clarke, IA",4,CAGDP2,83,"92","Government and government enterprises ","Thousands of dollars",32027,32682,33909,33616,35916,37485,38570,40550,43823,46915,47529,47664,51223,53222,55212,58146,58837,61087,64807,68752,68213,72153
 "19039","Clarke, IA",4,CAGDP2,87,"11,21","Natural resources and mining ","Thousands of dollars",1096,1067,(D),16359,(D),24447,23130,(D),(D),26583,29919,24174,(D),(D),(D),(D),(D),(D),(D),(D),5788,51473
 "19039","Clarke, IA",4,CAGDP2,88,"42,44-45","Trade ","Thousands of dollars",(D),(D),(D),21443,(D),(D),(D),(D),(D),(D),(D),(D),(D),(D),(D),(D),(D),(D),(D),(D),(D),(D)
 "19039","Clarke, IA",4,CAGDP2,89,"22,48-49","Transportation and utilities ","Thousands of dollars",18708,19484,20630,(D),21243,24848,23621,29120,24979,20611,16430,16803,(D),(D),(D),(D),22002,(D),22986,23428,27012,27468
 "19039","Clarke, IA",4,CAGDP2,90,"31-33,51","Manufacturing and information ","Thousands of dollars",72728,75325,80444,83988,80929,90367,(D),(D),(D),108198,96265,102431,106300,117753,146458,149397,(D),150712,154229,171300,188292,191986
 "19039","Clarke, IA",4,CAGDP2,91,"...","Private goods-producing industries 2/","Thousands of dollars",76494,79175,85146,103672,109267,119870,133683,138664,135581,141630,132851,133453,138147,(D),181639,170290,173286,201783,170139,186294,204722,255537
 "19039","Clarke, IA",4,CAGDP2,92,"...","Private services-providing industries 3/","Thousands of dollars",119545,127272,125237,125019,136507,143847,150454,150979,149930,137781,138910,154535,160802,(D),169436,179348,182784,188577,185370,176722,205724,221678
 "19041","Clay, IA",4,CAGDP2,1,"...","All industry total ","Thousands of dollars",539831,546905,590493,650551,654742,664714,722124,776267,732860,792385,880363,919292,925336,957775,964767,910065,938222,1025404,1047176,1066478,1165669,1358183
 "19041","Clay, IA",4,CAGDP2,2,"..."," Private industries ","Thousands of dollars",470993,474116,513139,566696,565935,571349,624093,675557,628834,682969,771779,808894,811970,834351,838107,783006,811391,894662,914351,930656,1028140,1211304
 "19041","Clay, IA",4,CAGDP2,3,"11","  Agriculture, forestry, fishing and hunting ","Thousands of dollars",47121,44183,69210,97861,75165,72574,94785,130667,96095,102101,143329,179467,179356,180816,182365,103904,124578,160066,113855,89100,161243,263026
 "19041","Clay, IA",4,CAGDP2,6,"21","  Mining, quarrying, and oil and gas extraction ","Thousands of dollars",301,297,334,421,479,720,1307,971,619,748,729,971,801,833,734,619,736,724,824,967,1251,963
 "19041","Clay, IA",4,CAGDP2,10,"22","  Utilities ","Thousands of dollars",4603,4143,5547,5838,8331,6383,7073,7224,4792,5524,5643,5622,(D),(D),(D),(D),(D),(D),(D),(D),(D),63404
 "19041","Clay, IA",4,CAGDP2,11,"23","  Construction ","Thousands of dollars",18302,19331,22650,27921,25458,25482,28794,26438,28247,29636,32954,36074,35291,36546,36177,39073,35707,39775,41414,42482,50165,47969
 "19041","Clay, IA",4,CAGDP2,12,"31-33","  Manufacturing ","Thousands of dollars",90808,96566,99725,107107,105473,106522,108878,102703,73438,92690,107776,98594,83214,81403,75578,63037,72291,92794,113333,112634,98851,116074
 "19041","Clay, IA",4,CAGDP2,13,"321,327-339","   Durable goods manufacturing ","Thousands of dollars",72081,76334,75021,(D),(D),(D),(D),(D),62017,84737,98518,93482,75639,71766,63974,51004,59718,79257,101225,96954,82874,99441
 "19041","Clay, IA",4,CAGDP2,25,"311-316,322-326","   Nondurable goods manufacturing ","Thousands of dollars",18727,20232,24704,(D),(D),(D),(D),(D),11421,7953,9258,5112,7574,9637,11603,12033,12573,13537,12108,15680,15977,16634
 "19041","Clay, IA",4,CAGDP2,34,"42","  Wholesale trade ","Thousands of dollars",34718,34280,35008,38862,44047,48268,50019,58105,58864,67395,70986,81103,82350,84439,87932,84117,81567,86185,90356,92883,102556,112888
 "19041","Clay, IA",4,CAGDP2,35,"44-45","  Retail trade ","Thousands of dollars",60170,61055,61658,57360,60529,68185,71896,74627,79026,87075,85732,87101,90682,92268,98792,105421,107232,112652,119691,123257,138387,149418
 "19041","Clay, IA",4,CAGDP2,36,"48-49","  Transportation and warehousing ","Thousands of dollars",19508,17036,18922,22618,24351,25269,23723,25089,24693,27449,28602,30259,28123,29230,30370,30789,31851,34409,35735,37185,40365,41865
 "19041","Clay, IA",4,CAGDP2,45,"51","  Information ","Thousands of dollars",15415,13682,13547,16338,17506,18190,22330,24623,26559,28730,26798,26888,31051,32517,32537,35266,38303,36473,38954,36050,39241,40976
 "19041","Clay, IA",4,CAGDP2,50,"52,53","  Finance, insurance, real estate, rental, and leasing ","Thousands of dollars",82851,83991,88121,90863,102399,86707,93318,94290,106591,100964,123892,121204,133578,142612,135463,154112,150457,156665,148441,164221,156517,167721
 "19041","Clay, IA",4,CAGDP2,51,"52","   Finance and insurance ","Thousands of dollars",25190,27730,27432,27597,32418,31026,33251,29437,27261,25051,36990,42887,43689,52058,54792,62477,62732,63288,67836,58866,58894,59617
 "19041","Clay, IA",4,CAGDP2,56,"53","   Real estate and rental and leasing ","Thousands of dollars",57661,56262,60689,63266,69981,55681,60067,64853,79330,75913,86902,78317,89889,90554,80672,91635,87725,93377,80604,105354,97624,108104
 "19041","Clay, IA",4,CAGDP2,59,"54,55,56","  Professional and business services ","Thousands of dollars",22777,22367,22672,22536,23432,32179,39033,42867,38459,45401,47462,42712,(D),(D),(D),(D),(D),(D),(D),(D),(D),66659
 "19041","Clay, IA",4,CAGDP2,60,"54","   Professional, scientific, and technical services ","Thousands of dollars",10976,12003,11886,12692,(D),(D),15277,17759,16437,17845,18837,(D),(D),(D),(D),(D),(D),(D),(D),(D),(D),(D)
 "19041","Clay, IA",4,CAGDP2,64,"55","   Management of companies and enterprises ","Thousands of dollars",0,0,0,0,(D),(D),6316,7399,8159,8443,8555,(D),(D),(D),(D),(D),(D),(D),(D),(D),(D),(D)
 "19041","Clay, IA",4,CAGDP2,65,"56","   Administrative and support and waste management and remediation services ","Thousands of dollars",11801,10364,10786,9844,10643,12940,17440,17709,13863,19113,20071,13758,11903,11786,11247,11432,13650,13318,13174,16583,16421,16002
 "19041","Clay, IA",4,CAGDP2,68,"61,62","  Educational services, health care, and social assistance ","Thousands of dollars",42826,44602,43287,44674,43760,46454,48519,52646,55305,56884,58919,59234,61291,64790,65693,71610,74022,76780,77932,80407,81784,88285
 "19041","Clay, IA",4,CAGDP2,69,"61","   Educational services ","Thousands of dollars",1349,1633,1753,2016,1579,1701,1687,1728,1841,1952,2060,2378,2471,2491,2285,2577,2440,2626,2858,2358,2675,2842
 "19041","Clay, IA",4,CAGDP2,70,"62","   Health care and social assistance ","Thousands of dollars",41476,42969,41534,42658,42181,44753,46831,50918,53465,54932,56859,56856,58820,62299,63408,69032,71582,74153,75074,78049,79109,85442
 "19041","Clay, IA",4,CAGDP2,75,"71,72","  Arts, entertainment, recreation, accommodation, and food services ","Thousands of dollars",13568,13335,13567,15020,15998,15994,15657,16067,16589,17792,18775,20377,21421,21898,22857,23061,22917,23703,26033,20809,26514,29094
 "19041","Clay, IA",4,CAGDP2,76,"71","   Arts, entertainment, and recreation ","Thousands of dollars",2473,2822,3096,3567,3661,3717,3526,3806,4202,4729,5292,5781,6137,6004,6077,5978,6573,6736,7014,5001,6864,7598
 "19041","Clay, IA",4,CAGDP2,79,"72","   Accommodation and food services ","Thousands of dollars",11095,10514,10471,11453,12336,12276,12131,12262,12387,13063,13484,14596,15284,15894,16780,17083,16344,16967,19019,15808,19650,21496
 "19041","Clay, IA",4,CAGDP2,82,"81","  Other services (except government and government enterprises) ","Thousands of dollars",18023,19247,18889,19276,19007,18422,18761,19240,19558,20581,20183,19288,17956,18922,18995,19632,19676,20557,20424,20262,21409,22962
 "19041","Clay, IA",4,CAGDP2,83,"92","Government and government enterprises ","Thousands of dollars",68838,72789,77354,83855,88807,93365,98031,100710,104026,109416,108585,110398,113366,123423,126660,127059,126831,130742,132825,135821,137529,146879
 "19041","Clay, IA",4,CAGDP2,87,"11,21","Natural resources and mining ","Thousands of dollars",47423,44480,69544,98282,75645,73294,96092,131638,96714,102849,144058,180438,180158,181649,183099,104523,125314,160789,114680,90067,162493,263989
 "19041","Clay, IA",4,CAGDP2,88,"42,44-45","Trade ","Thousands of dollars",94888,95335,96667,96223,104576,116453,121915,132732,137889,154469,156718,168204,173032,176707,186724,189538,188799,198837,210047,216140,240943,262305
 "19041","Clay, IA",4,CAGDP2,89,"22,48-49","Transportation and utilities ","Thousands of dollars",24111,21180,24469,28456,32682,31651,30796,32312,29485,32973,34244,35881,(D),(D),(D),(D),(D),(D),(D),(D),(D),105269
 "19041","Clay, IA",4,CAGDP2,90,"31-33,51","Manufacturing and information ","Thousands of dollars",106223,110248,113272,123445,122979,124712,131208,127326,99997,121419,134574,125482,114265,113920,108115,98303,110594,129267,152286,148685,138092,157050
 "19041","Clay, IA",4,CAGDP2,91,"...","Private goods-producing industries 2/","Thousands of dollars",156533,160377,191919,233311,206576,205298,233764,260779,198400,225175,284787,315106,298662,299597,294853,206633,233312,293359,269426,245183,311509,428033
 "19041","Clay, IA",4,CAGDP2,92,"...","Private services-providing industries 3/","Thousands of dollars",314460,313739,321219,333386,359359,366051,390329,414778,430435,457794,486992,493788,513308,534754,543254,576373,578079,601303,644926,685474,716631,783272
 "19043","Clayton, IA",4,CAGDP2,1,"...","All industry total ","Thousands of dollars",388922,401693,425139,484995,490112,494668,498444,516339,475608,558790,656085,676633,730404,790585,796205,815875,879202,893257,901311,845577,948524,1078263
 "19043","Clayton, IA",4,CAGDP2,2,"..."," Private industries ","Thousands of dollars",331770,343570,365344,423081,421608,424776,427390,441137,395642,474479,572441,592046,642454,699794,702970,721263,783755,793861,799624,741246,843952,966647
 "19043","Clayton, IA",4,CAGDP2,3,"11","  Agriculture, forestry, fishing and hunting ","Thousands of dollars",31695,32869,40244,64929,46809,37982,45184,53543,13110,79883,142093,129669,172838,170041,141793,145353,156103,137774,121982,110997,167292,241211
 "19043","Clayton, IA",4,CAGDP2,6,"21","  Mining, quarrying, and oil and gas extraction ","Thousands of dollars",700,723,874,267,28,700,4630,15552,13702,15224,24056,27607,26882,36653,32064,18626,40145,58043,54221,27014,38265,40912
 "19043","Clayton, IA",4,CAGDP2,10,"22","  Utilities ","Thousands of dollars",2539,831,834,774,684,680,682,774,777,896,926,898,913,1029,913,924,955,1194,1226,1233,1614,1556
 "19043","Clayton, IA",4,CAGDP2,11,"23","  Construction ","Thousands of dollars",38153,40914,39554,41646,41857,43631,45971,48062,51849,46518,44230,49073,45013,54885,65470,76621,75610,73674,75087,81140,70853,77564
 "19043","Clayton, IA",4,CAGDP2,12,"31-33","  Manufacturing ","Thousands of dollars",55588,52338,60516,71340,74246,79577,79176,69616,57211,62530,64862,74971,76001,88261,94985,90338,93356,96501,108041,101399,115997,129612
 "19043","Clayton, IA",4,CAGDP2,13,"321,327-339","   Durable goods manufacturing ","Thousands of dollars",34260,30929,34366,40081,(D),46631,51190,48764,37447,40832,42217,50512,50308,61463,62003,54460,59338,64308,68926,68592,66607,69135
 "19043","Clayton, IA",4,CAGDP2,25,"311-316,322-326","   Nondurable goods manufacturing ","Thousands of dollars",21328,21409,26151,31258,(D),32946,27986,20853,19764,21697,22645,24460,25693,26798,32982,35878,34018,32193,39116,32807,49390,60477
 "19043","Clayton, IA",4,CAGDP2,34,"42","  Wholesale trade ","Thousands of dollars",21429,24510,24875,26623,27225,28279,28939,30982,29740,30724,35321,39346,43576,50400,52571,54641,62753,64126,65659,63578,61782,68670
 "19043","Clayton, IA",4,CAGDP2,35,"44-45","  Retail trade ","Thousands of dollars",28580,29559,29038,28584,27710,28532,28105,28534,29140,31505,33948,37921,39210,38098,39057,40553,42860,43457,44013,47006,52171,55114
 "19043","Clayton, IA",4,CAGDP2,36,"48-49","  Transportation and warehousing ","Thousands of dollars",7550,7248,8890,11270,(D),(D),(D),(D),(D),(D),(D),(D),(D),(D),(D),(D),(D),(D),(D),(D),(D),(D)
 "19043","Clayton, IA",4,CAGDP2,45,"51","  Information ","Thousands of dollars",3972,3737,3819,4663,5753,6558,7775,8256,9208,10262,9540,8554,8381,8776,10594,12373,12737,14202,16778,17043,16707,16629
 "19043","Clayton, IA",4,CAGDP2,50,"52,53","  Finance, insurance, real estate, rental, and leasing ","Thousands of dollars",66093,70016,74820,77459,84438,81643,92224,91430,95084,97484,115481,118726,125631,142295,148673,155561,162904,162065,166366,162446,169433,169751
 "19043","Clayton, IA",4,CAGDP2,51,"52","   Finance and insurance ","Thousands of dollars",19349,22986,22895,22899,25291,24826,26518,23856,23867,22093,32740,36988,41006,50024,56017,67238,75297,73441,76996,75210,91808,92819
 "19043","Clayton, IA",4,CAGDP2,56,"53","   Real estate and rental and leasing ","Thousands of dollars",46744,47030,51925,54560,59147,56817,65706,67574,71217,75391,82740,81738,84625,92271,92656,88322,87607,88624,89370,87236,77625,76933
 "19043","Clayton, IA",4,CAGDP2,59,"54,55,56","  Professional and business services ","Thousands of dollars",9100,10334,10191,9749,9226,(D),(D),(D),(D),(D),17922,(D),(D),(D),(D),(D),(D),(D),(D),(D),(D),30554
 "19043","Clayton, IA",4,CAGDP2,60,"54","   Professional, scientific, and technical services ","Thousands of dollars",4623,5268,5221,5739,6743,6801,7417,8272,8362,9513,9512,11064,(D),(D),10528,10514,10073,10872,11047,11454,12736,14061
 "19043","Clayton, IA",4,CAGDP2,64,"55","   Management of companies and enterprises ","Thousands of dollars",0,0,0,0,0,(D),(D),(D),(D),(D),5433,(D),(D),(D),(D),(D),(D),(D),(D),(D),(D),(D)
 "19043","Clayton, IA",4,CAGDP2,65,"56","   Administrative and support and waste management and remediation services ","Thousands of dollars",4477,5066,4970,4010,2483,(D),(D),(D),(D),(D),2977,(D),(D),3056,(D),(D),(D),(D),(D),(D),(D),(D)
 "19043","Clayton, IA",4,CAGDP2,68,"61,62","  Educational services, health care, and social assistance ","Thousands of dollars",22682,23396,23684,26907,(D),26899,28508,30130,31101,31753,(D),34581,33101,33842,35116,37225,36486,35119,37865,38613,39806,41805
 "19043","Clayton, IA",4,CAGDP2,69,"61","   Educational services ","Thousands of dollars",(D),(D),(D),(D),(D),(D),(D),(D),(D),(D),(D),(D),(D),(D),(D),(D),(D),(D),(D),(D),(D),2048
 "19043","Clayton, IA",4,CAGDP2,70,"62","   Health care and social assistance ","Thousands of dollars",(D),(D),(D),(D),(D),(D),(D),(D),(D),(D),(D),(D),(D),(D),(D),(D),(D),(D),(D),(D),(D),39757
 "19043","Clayton, IA",4,CAGDP2,75,"71,72","  Arts, entertainment, recreation, accommodation, and food services ","Thousands of dollars",33859,36484,37848,48951,55438,56899,29253,25992,24882,25267,26260,24115,24014,24574,26535,28243,29747,30767,31316,23878,39099,(D)
 "19043","Clayton, IA",4,CAGDP2,76,"71","   Arts, entertainment, and recreation ","Thousands of dollars",26461,28621,(D),42917,49407,50867,24298,21251,19833,19113,19325,17644,17980,18402,20177,21445,22427,23638,23791,17949,31587,(D)
 "19043","Clayton, IA",4,CAGDP2,79,"72","   Accommodation and food services ","Thousands of dollars",7398,7863,(D),6034,6030,6032,4955,4741,5048,6154,6935,6470,6034,6171,6359,6798,7320,7129,7525,5929,7512,(D)
 "19043","Clayton, IA",4,CAGDP2,82,"81","  Other services (except government and government enterprises) ","Thousands of dollars",9831,10610,10156,9919,10499,10769,11098,11268,12480,12891,11695,11404,11109,12373,14287,14801,15945,16667,16294,15407,15626,17036
 "19043","Clayton, IA",4,CAGDP2,83,"92","Government and government enterprises ","Thousands of dollars",57152,58124,59794,61914,68504,69892,71053,75202,79966,84310,83645,84586,87950,90791,93235,94612,95448,99396,101686,104330,104572,111615
 "19043","Clayton, IA",4,CAGDP2,87,"11,21","Natural resources and mining ","Thousands of dollars",32395,33592,41119,65196,46838,38682,49814,69095,26812,95106,166149,157276,199721,206694,173857,163979,196248,195817,176203,138010,205557,282122
 "19043","Clayton, IA",4,CAGDP2,88,"42,44-45","Trade ","Thousands of dollars",50009,54069,53913,55207,54934,56812,57044,59516,58880,62230,69269,77267,82786,88497,91628,95193,105612,107583,109672,110584,113953,123785
 "19043","Clayton, IA",4,CAGDP2,89,"22,48-49","Transportation and utilities ","Thousands of dollars",10089,8079,9723,12045,(D),(D),(D),(D),(D),(D),(D),(D),(D),(D),(D),(D),(D),(D),(D),(D),(D),(D)
 "19043","Clayton, IA",4,CAGDP2,90,"31-33,51","Manufacturing and information ","Thousands of dollars",59560,56075,64336,76002,79999,86135,86951,77873,66419,72792,74402,83526,84382,97036,105579,102711,106094,110703,124820,118442,132704,146241
 "19043","Clayton, IA",4,CAGDP2,91,"...","Private goods-producing industries 2/","Thousands of dollars",126136,126844,141189,178182,162940,161891,174961,186773,135872,204154,275241,281321,320735,349840,334312,330939,365214,365991,359331,320550,392407,489298
 "19043","Clayton, IA",4,CAGDP2,92,"...","Private services-providing industries 3/","Thousands of dollars",205634,216726,224155,244899,258668,262885,252429,254364,259770,270326,297200,310726,321719,349954,368658,390325,418540,427869,440294,420697,451545,477349
 "19045","Clinton, IA",4,CAGDP2,1,"...","All industry total ","Thousands of dollars",1717201,1796757,1883463,1995602,1943005,2011390,2002822,2047065,2154433,2213653,2306099,2239492,2338785,2310832,2425795,2350056,2355840,2373787,2304474,2317254,2584261,2812605
 "19045","Clinton, IA",4,CAGDP2,2,"..."," Private industries ","Thousands of dollars",1599789,1676208,1759135,1867603,1810200,1873447,1860981,1898916,1995939,2044890,2140458,2071980,2166625,2132746,2244494,2163241,2169245,2180046,2106957,2117095,2384045,2605129
 "19045","Clinton, IA",4,CAGDP2,3,"11","  Agriculture, forestry, fishing and hunting ","Thousands of dollars",46172,57655,50186,63962,19847,31102,58081,46307,28736,7366,94664,60212,94287,21517,49695,47998,19512,13665,14782,16318,128952,182988
 "19045","Clinton, IA",4,CAGDP2,6,"21","  Mining, quarrying, and oil and gas extraction ","Thousands of dollars",255,359,504,7309,8297,10395,10912,14105,11426,14887,15578,17985,15564,14279,12251,10756,14820,14526,17871,23541,28544,21044
 "19045","Clinton, IA",4,CAGDP2,10,"22","  Utilities ","Thousands of dollars",48606,52922,48570,55970,53211,55564,57477,48672,74633,77268,70303,57933,69698,73906,53532,41907,39819,40855,40657,45236,44191,45576
 "19045","Clinton, IA",4,CAGDP2,11,"23","  Construction ","Thousands of dollars",52301,50185,50704,57449,72482,73783,98053,118080,100104,84943,87311,70309,71272,74603,92417,83170,80178,72578,75027,68697,76854,78028
 "19045","Clinton, IA",4,CAGDP2,12,"31-33","  Manufacturing ","Thousands of dollars",779426,795523,856414,873845,797127,804018,696741,695346,775910,831119,792041,748221,845834,826116,897290,820224,856667,854163,746146,765255,827369,919532
 "19045","Clinton, IA",4,CAGDP2,13,"321,327-339","   Durable goods manufacturing ","Thousands of dollars",99113,106308,105836,128042,144281,154964,(D),139883,(D),113243,119205,131460,129473,134291,149962,136365,143051,128919,108104,110333,125105,142636
 "19045","Clinton, IA",4,CAGDP2,25,"311-316,322-326","   Nondurable goods manufacturing ","Thousands of dollars",680313,689216,750579,745803,652845,649053,(D),555462,(D),717876,672836,616761,716361,691825,747328,683859,713616,725244,638042,654922,702264,776896
 "19045","Clinton, IA",4,CAGDP2,34,"42","  Wholesale trade ","Thousands of dollars",43208,44111,43064,45797,49435,43621,45211,52880,55012,55767,58652,61267,60643,65908,64239,62369,61653,60321,63673,68112,67172,69738
 "19045","Clinton, IA",4,CAGDP2,35,"44-45","  Retail trade ","Thousands of dollars",96626,100265,103865,105068,107859,106858,106616,109695,116659,124850,131576,137371,136104,130108,128249,134218,133646,133218,135881,142576,153577,160980
 "19045","Clinton, IA",4,CAGDP2,36,"48-49","  Transportation and warehousing ","Thousands of dollars",60606,67718,72571,87934,91040,114484,108806,106865,120352,134926,128353,137854,107988,117049,116327,121206,120097,115201,115490,149184,175763,206910
 "19045","Clinton, IA",4,CAGDP2,45,"51","  Information ","Thousands of dollars",17791,24065,26073,28599,29904,28619,29678,31635,32628,33121,30279,25343,29359,39959,48161,50270,55695,52779,58411,54165,63967,71109
 "19045","Clinton, IA",4,CAGDP2,50,"52,53","  Finance, insurance, real estate, rental, and leasing ","Thousands of dollars",189998,194126,213581,229184,255978,264287,288070,288047,288920,286687,325687,337990,323903,361976,371008,372812,370412,391218,388716,359781,360820,365832
 "19045","Clinton, IA",4,CAGDP2,51,"52","   Finance and insurance ","Thousands of dollars",55071,60879,67433,75369,86220,80160,88684,71047,72266,74698,86470,104432,97650,126448,134381,148558,139821,135102,130891,131786,138339,139747
 "19045","Clinton, IA",4,CAGDP2,56,"53","   Real estate and rental and leasing ","Thousands of dollars",134926,133247,146148,153815,169758,184126,199386,217000,216655,211989,239217,233558,226253,235527,236627,224254,230591,256116,257824,227995,222482,226086
 "19045","Clinton, IA",4,CAGDP2,59,"54,55,56","  Professional and business services ","Thousands of dollars",54474,60836,60086,64655,67936,71303,75830,82733,76847,76306,77510,82906,82770,83458,85311,86526,90391,95636,101820,101634,104541,110914
 "19045","Clinton, IA",4,CAGDP2,60,"54","   Professional, scientific, and technical services ","Thousands of dollars",19371,21061,22019,24333,23884,23798,24341,26629,24178,23787,23605,24723,24596,25038,26945,28226,27796,29666,31901,33675,35937,40441
 "19045","Clinton, IA",4,CAGDP2,64,"55","   Management of companies and enterprises ","Thousands of dollars",1237,1980,2050,2472,2794,1897,2096,3283,4980,8996,9361,10045,9057,9247,9095,9377,8647,8775,9595,12080,17748,17889
 "19045","Clinton, IA",4,CAGDP2,65,"56","   Administrative and support and waste management and remediation services ","Thousands of dollars",33866,37795,36017,37850,41258,45609,49393,52821,47689,43523,44544,48138,49117,49173,49270,48923,53949,57195,60323,55879,50856,52584
 "19045","Clinton, IA",4,CAGDP2,68,"61,62","  Educational services, health care, and social assistance ","Thousands of dollars",129987,141462,149368,160843,165461,174808,188073,206595,218675,219469,225212,232109,231062,228943,227410,228372,216450,214873,213943,207014,215445,223256
 "19045","Clinton, IA",4,CAGDP2,69,"61","   Educational services ","Thousands of dollars",(D),(D),7565,8861,9897,14699,21248,32210,40976,42145,45362,47492,42202,35959,28511,24108,15729,14689,14471,12208,10654,10161
 "19045","Clinton, IA",4,CAGDP2,70,"62","   Health care and social assistance ","Thousands of dollars",(D),(D),141802,151981,155564,160109,166825,174385,177699,177324,179850,184617,188860,192984,198899,204264,200721,200183,199471,194805,204791,213095
 "19045","Clinton, IA",4,CAGDP2,75,"71,72","  Arts, entertainment, recreation, accommodation, and food services ","Thousands of dollars",46855,49683,49350,51396,55507,59059,62874,63562,61359,63161,69022,68611,63482,61243,61177,63112,68189,76592,86247,70569,88660,97505
 "19045","Clinton, IA",4,CAGDP2,76,"71","   Arts, entertainment, and recreation ","Thousands of dollars",18695,18960,21239,22909,25414,29010,32982,31229,29673,28088,28742,27740,15838,16318,12699,11874,11842,12253,11735,8923,12487,13799
 "19045","Clinton, IA",4,CAGDP2,79,"72","   Accommodation and food services ","Thousands of dollars",28160,30723,28111,28488,30093,30049,29892,32333,31686,35073,40280,40871,47644,44925,48478,51237,56347,64339,74512,61647,76172,83706
 "19045","Clinton, IA",4,CAGDP2,82,"81","  Other services (except government and government enterprises) ","Thousands of dollars",33484,37297,34800,35593,36115,35548,34560,34395,34677,35019,34270,33869,34658,33683,37428,40305,41715,44423,48294,45013,48191,51716
 "19045","Clinton, IA",4,CAGDP2,83,"92","Government and government enterprises ","Thousands of dollars",117411,120549,124328,127999,132805,137944,141841,148149,158495,168763,165641,167512,172160,178087,181301,186814,186595,193740,197517,200159,200217,207477
 "19045","Clinton, IA",4,CAGDP2,87,"11,21","Natural resources and mining ","Thousands of dollars",46428,58014,50690,71270,28144,41498,68993,60412,40162,22253,110241,78197,109851,35796,61946,58754,34332,28191,32653,39859,157496,204033
 "19045","Clinton, IA",4,CAGDP2,88,"42,44-45","Trade ","Thousands of dollars",139834,144376,146930,150865,157295,150478,151827,162575,171671,180617,190228,198637,196747,196016,192487,196586,195299,193539,199554,210688,220748,230717
 "19045","Clinton, IA",4,CAGDP2,89,"22,48-49","Transportation and utilities ","Thousands of dollars",109212,120640,121141,143904,144251,170047,166283,155537,194986,212195,198656,195787,177687,190954,169859,163113,159917,156055,156147,194419,219953,252485
 "19045","Clinton, IA",4,CAGDP2,90,"31-33,51","Manufacturing and information ","Thousands of dollars",797217,819588,882487,902444,827030,832636,726419,726981,808538,864240,822320,773564,875193,866075,945451,870493,912362,906942,804557,819419,891336,990641
 "19045","Clinton, IA",4,CAGDP2,91,"...","Private goods-producing industries 2/","Thousands of dollars",878155,903722,957808,1002564,897753,919298,863787,873838,916176,938315,989594,896728,1026957,936515,1051653,962147,971177,954932,853826,873811,1061719,1201593
 "19045","Clinton, IA",4,CAGDP2,92,"...","Private services-providing industries 3/","Thousands of dollars",721635,772485,801327,865039,912447,954148,997194,1025079,1079763,1106575,1150864,1175252,1139668,1196231,1192841,1201094,1198068,1225114,1253130,1243284,1322326,1403535
 "19047","Crawford, IA",4,CAGDP2,1,"...","All industry total ","Thousands of dollars",421938,442529,477187,556479,578327,636017,767117,831980,756127,717326,763269,814599,852298,800640,783057,767451,782006,808446,786754,773886,909649,996292
 "19047","Crawford, IA",4,CAGDP2,2,"..."," Private industries ","Thousands of dollars",368746,387075,418056,495613,514365,568638,697261,759586,676465,631872,676900,726004,757369,701577,682899,664999,678182,699974,674777,662284,798567,877214
 "19047","Crawford, IA",4,CAGDP2,3,"11","  Agriculture, forestry, fishing and hunting ","Thousands of dollars",37733,50467,49889,97648,80301,60492,103301,156357,118241,117834,159301,144750,161362,(D),71495,62138,76908,83433,77045,45048,171026,235848
 "19047","Crawford, IA",4,CAGDP2,6,"21","  Mining, quarrying, and oil and gas extraction ","Thousands of dollars",0,0,0,0,0,0,0,0,0,0,0,0,0,0,0,0,0,0,0,0,0,0
 "19047","Crawford, IA",4,CAGDP2,10,"22","  Utilities ","Thousands of dollars",2264,2420,2251,2462,2566,2810,2880,2999,3060,2935,2837,12084,12583,(D),13904,15815,14850,13830,15570,16307,15418,14222
 "19047","Crawford, IA",4,CAGDP2,11,"23","  Construction ","Thousands of dollars",12258,13033,13548,16559,24064,19761,18471,18236,21882,20503,25695,28853,25494,21157,21861,23996,24538,26330,29773,30244,30744,31176
 "19047","Crawford, IA",4,CAGDP2,12,"31-33","  Manufacturing ","Thousands of dollars",128178,129313,155794,171842,195933,269416,338325,344371,295282,245907,227283,238311,249445,240559,268536,259802,248396,247478,224080,238808,229501,227092
 "19047","Crawford, IA",4,CAGDP2,13,"321,327-339","   Durable goods manufacturing ","Thousands of dollars",10260,11533,12231,15537,16023,18640,19242,23408,16794,12267,17440,26371,26636,20546,18293,17995,19820,16983,15052,15985,16847,19384
 "19047","Crawford, IA",4,CAGDP2,25,"311-316,322-326","   Nondurable goods manufacturing ","Thousands of dollars",117919,117780,143562,156305,179910,250776,319084,320963,278488,233640,209843,211940,222808,220013,250243,241807,228576,230495,209028,222823,212653,207708
 "19047","Crawford, IA",4,CAGDP2,34,"42","  Wholesale trade ","Thousands of dollars",(D),(D),(D),(D),(D),(D),(D),(D),(D),(D),(D),(D),(D),(D),(D),(D),(D),(D),(D),(D),(D),(D)
 "19047","Crawford, IA",4,CAGDP2,35,"44-45","  Retail trade ","Thousands of dollars",32009,31264,30912,30629,30988,29883,30259,31013,32304,33426,34230,36119,36886,37635,38102,39340,39081,38591,37795,37928,39605,41567
 "19047","Crawford, IA",4,CAGDP2,36,"48-49","  Transportation and warehousing ","Thousands of dollars",22139,24755,24811,31080,29636,30202,28817,29499,29093,29142,29953,34085,34976,37754,37421,35190,37089,39570,41171,41498,49973,52677
 "19047","Crawford, IA",4,CAGDP2,45,"51","  Information ","Thousands of dollars",4634,4365,4962,5410,6606,5538,7396,10901,8598,6749,12046,22625,23302,14818,6493,7174,7664,7169,8829,7402,8108,8398
 "19047","Crawford, IA",4,CAGDP2,50,"52,53","  Finance, insurance, real estate, rental, and leasing ","Thousands of dollars",58876,57754,59805,61507,64979,68046,79494,69576,68281,77043,83359,94278,96528,102787,108513,100402,104638,113337,111291,116730,117512,123260
 "19047","Crawford, IA",4,CAGDP2,51,"52","   Finance and insurance ","Thousands of dollars",18180,20792,21629,23511,26231,23900,25720,21276,21431,20337,26420,30416,31363,37306,39097,43818,45375,46059,46260,46169,48645,52910
 "19047","Crawford, IA",4,CAGDP2,56,"53","   Real estate and rental and leasing ","Thousands of dollars",40696,36962,38176,37995,38748,44146,53774,48301,46850,56706,56939,63862,65165,65481,69417,56584,59263,67278,65032,70561,68867,70350
 "19047","Crawford, IA",4,CAGDP2,59,"54,55,56","  Professional and business services ","Thousands of dollars",(D),(D),(D),(D),(D),(D),(D),(D),(D),(D),(D),(D),(D),17895,(D),(D),(D),(D),(D),(D),(D),(D)
 "19047","Crawford, IA",4,CAGDP2,60,"54","   Professional, scientific, and technical services ","Thousands of dollars",6108,6734,6732,7394,7617,7985,9069,(D),(D),(D),(D),(D),(D),8924,9163,10105,11465,12754,10718,10818,(D),11806
 "19047","Crawford, IA",4,CAGDP2,64,"55","   Management of companies and enterprises ","Thousands of dollars",(D),(D),(D),(D),(D),(D),(D),(D),(D),(D),(D),(D),(D),805,(D),(D),(D),(D),(D),(D),(D),(D)
 "19047","Crawford, IA",4,CAGDP2,65,"56","   Administrative and support and waste management and remediation services ","Thousands of dollars",(D),(D),(D),(D),(D),(D),(D),6333,6556,6586,6716,7843,8194,8167,(D),(D),(D),(D),(D),(D),8517,(D)
 "19047","Crawford, IA",4,CAGDP2,68,"61,62","  Educational services, health care, and social assistance ","Thousands of dollars",21934,23750,26113,27651,26494,27660,26998,29337,28550,27614,27669,31018,30051,30363,30589,36307,37382,40002,41550,43410,44559,44769
 "19047","Crawford, IA",4,CAGDP2,69,"61","   Educational services ","Thousands of dollars",1474,2475,2609,2522,1935,1974,1602,2733,2428,2257,2786,5047,4651,4326,2865,10925,11046,11201,11357,10570,10463,5545
 "19047","Crawford, IA",4,CAGDP2,70,"62","   Health care and social assistance ","Thousands of dollars",20460,21274,23503,25129,24559,25686,25396,26604,26123,25357,24884,25971,25401,26038,27724,25382,26336,28801,30194,32840,34095,39224
 "19047","Crawford, IA",4,CAGDP2,75,"71,72","  Arts, entertainment, recreation, accommodation, and food services ","Thousands of dollars",7221,6898,7445,8046,8552,8662,8948,9365,9924,10225,10141,10878,11496,11315,12410,12458,12579,13327,14510,11620,15634,16593
 "19047","Crawford, IA",4,CAGDP2,76,"71","   Arts, entertainment, and recreation ","Thousands of dollars",827,901,982,1000,810,878,1206,1252,1456,1431,1786,1957,1956,1985,1934,1998,1949,1997,2460,2070,3250,3347
 "19047","Crawford, IA",4,CAGDP2,79,"72","   Accommodation and food services ","Thousands of dollars",6394,5997,6462,7046,7742,7784,7741,8113,8468,8794,8355,8921,9540,9330,10476,10460,10630,11330,12050,9550,12384,13246
 "19047","Crawford, IA",4,CAGDP2,82,"81","  Other services (except government and government enterprises) ","Thousands of dollars",11892,12350,11788,10491,11352,12305,12827,12395,13016,13818,13910,14730,14646,15162,15646,15260,16143,17368,17176,16491,15965,16930
 "19047","Crawford, IA",4,CAGDP2,83,"92","Government and government enterprises ","Thousands of dollars",53191,55454,59131,60866,63962,67378,69856,72394,79662,85454,86369,88595,94929,99063,100159,102452,103824,108472,111976,111602,111081,119079
 "19047","Crawford, IA",4,CAGDP2,87,"11,21","Natural resources and mining ","Thousands of dollars",37733,50467,49889,97648,80301,60492,103301,156357,118241,117834,159301,144750,161362,(D),71495,62138,76908,83433,77045,45048,171026,235848
 "19047","Crawford, IA",4,CAGDP2,88,"42,44-45","Trade ","Thousands of dollars",(D),(D),(D),(D),(D),(D),(D),(D),(D),(D),(D),(D),(D),(D),(D),(D),(D),(D),(D),(D),(D),(D)
 "19047","Crawford, IA",4,CAGDP2,89,"22,48-49","Transportation and utilities ","Thousands of dollars",24403,27175,27062,33542,32201,33012,31698,32498,32153,32078,32790,46169,47558,(D),51325,51005,51940,53400,56741,57805,65391,66899
 "19047","Crawford, IA",4,CAGDP2,90,"31-33,51","Manufacturing and information ","Thousands of dollars",132813,133678,160756,177252,202539,274953,345721,355272,303881,252656,239330,260936,272746,255377,275029,266976,256059,254647,232909,246209,237609,235490
 "19047","Crawford, IA",4,CAGDP2,91,"...","Private goods-producing industries 2/","Thousands of dollars",178169,192813,219232,286050,300298,349669,460098,518964,435405,384244,412279,411915,436300,(D),361892,345936,349841,357242,330897,314099,431271,494115
 "19047","Crawford, IA",4,CAGDP2,92,"...","Private services-providing industries 3/","Thousands of dollars",190577,194262,198825,209563,214067,218970,237163,240622,241060,247628,264621,314090,321069,(D),321006,319063,328341,342733,343880,348185,367296,383098
 "19049","Dallas, IA",4,CAGDP2,1,"...","All industry total ","Thousands of dollars",856226,924073,1067205,1551539,1795975,2007614,2523712,2606456,2683324,2950175,3285740,3874778,4006524,4484054,4913694,5252825,5242758,5485330,5976018,6388672,7190344,7877101
 "19049","Dallas, IA",4,CAGDP2,2,"..."," Private industries ","Thousands of dollars",761907,821320,958228,1432801,1671306,1871917,2372713,2418009,2475574,2733463,3062431,3643474,3751908,4216904,4629923,4945876,4921022,5139387,5611109,6006814,6789292,7452031
 "19049","Dallas, IA",4,CAGDP2,3,"11","  Agriculture, forestry, fishing and hunting ","Thousands of dollars",17272,25365,31417,70158,48175,42681,68587,91380,63272,(D),85742,67492,96046,66519,57964,59905,111555,124866,175275,198414,296985,337000
 "19049","Dallas, IA",4,CAGDP2,6,"21","  Mining, quarrying, and oil and gas extraction ","Thousands of dollars",200,913,2338,2873,2229,3077,2802,4210,2686,2671,2365,2924,2369,3391,3171,2883,2505,1560,2289,3740,5025,5430
 "19049","Dallas, IA",4,CAGDP2,10,"22","  Utilities ","Thousands of dollars",5003,4546,4761,2346,3791,5655,4637,10456,6921,(D),1935,1486,2851,3256,3266,3529,3047,3316,12724,22366,23601,25304
 "19049","Dallas, IA",4,CAGDP2,11,"23","  Construction ","Thousands of dollars",49534,53215,75894,112795,158902,147263,162129,135152,127389,122341,106534,116272,127080,149906,177527,204197,223371,231441,263956,270887,297112,315138
 "19049","Dallas, IA",4,CAGDP2,12,"31-33","  Manufacturing ","Thousands of dollars",143187,144406,171949,205966,208786,219791,202786,207829,147474,160247,176236,197282,174283,171161,216035,231150,236232,288429,366379,449729,481536,474197
 "19049","Dallas, IA",4,CAGDP2,13,"321,327-339","   Durable goods manufacturing ","Thousands of dollars",(D),(D),64780,87546,93555,94501,85220,78896,67550,(D),(D),(D),68158,68161,75200,72101,87727,85701,117666,130251,152295,142100
 "19049","Dallas, IA",4,CAGDP2,25,"311-316,322-326","   Nondurable goods manufacturing ","Thousands of dollars",(D),(D),107169,118421,115231,125290,117565,128933,79924,(D),(D),(D),106125,103000,140835,159049,148504,202728,248713,319479,329241,332096
 "19049","Dallas, IA",4,CAGDP2,34,"42","  Wholesale trade ","Thousands of dollars",64827,69033,70098,84939,80472,79017,89886,110508,118365,(D),118609,122071,140651,149309,141467,146047,139871,142111,123309,120246,121176,128159
 "19049","Dallas, IA",4,CAGDP2,35,"44-45","  Retail trade ","Thousands of dollars",59630,72077,95395,107313,139089,153979,174102,191350,206797,225874,236812,258199,280290,297129,327473,358323,363367,366641,376503,400640,448814,478102
 "19049","Dallas, IA",4,CAGDP2,36,"48-49","  Transportation and warehousing ","Thousands of dollars",62271,63222,66423,68529,79439,87194,82681,81284,74894,64866,68002,73395,86239,95048,107590,114082,133552,150175,150743,158159,173929,195739
 "19049","Dallas, IA",4,CAGDP2,45,"51","  Information ","Thousands of dollars",21686,31690,22653,29438,33909,33843,31988,33505,46549,55951,59039,76657,73314,77215,71995,67817,82338,90042,104090,106080,117127,123120
 "19049","Dallas, IA",4,CAGDP2,50,"52,53","  Finance, insurance, real estate, rental, and leasing ","Thousands of dollars",190313,195671,236148,505163,618227,732579,1068492,1015868,1137066,1377685,1631250,2110156,2094718,2451207,2722991,2850497,2638181,2679183,2802797,3096437,3473585,3932053
 "19049","Dallas, IA",4,CAGDP2,51,"52","   Finance and insurance ","Thousands of dollars",39829,45476,56821,310266,385208,497649,768391,704601,819459,1056352,1325339,1660520,1587631,1917340,2158526,2274700,2009165,2048308,2142338,2413430,2703957,3079984
 "19049","Dallas, IA",4,CAGDP2,56,"53","   Real estate and rental and leasing ","Thousands of dollars",150483,150195,179327,194896,233019,234930,300101,311267,317607,321333,305911,449637,507087,533866,564465,575797,629016,630875,660459,683006,769628,852068
 "19049","Dallas, IA",4,CAGDP2,59,"54,55,56","  Professional and business services ","Thousands of dollars",47605,52449,61451,69958,92776,120665,162273,183872,188718,194340,203811,207530,245868,280170,316695,383517,432708,471630,503505,455999,504898,539531
 "19049","Dallas, IA",4,CAGDP2,60,"54","   Professional, scientific, and technical services ","Thousands of dollars",28790,30906,33119,38450,44941,58174,76350,95554,106936,114972,123189,122231,137736,155370,168226,195204,206732,227276,244345,240609,263382,283478
 "19049","Dallas, IA",4,CAGDP2,64,"55","   Management of companies and enterprises ","Thousands of dollars",921,771,503,1070,14933,22807,34742,39712,42522,44849,45704,46030,41317,46140,55199,56933,52317,51221,53270,17921,17556,36919
 "19049","Dallas, IA",4,CAGDP2,65,"56","   Administrative and support and waste management and remediation services ","Thousands of dollars",17894,20773,27829,30437,32901,39684,51181,48606,39260,34520,34918,39270,66815,78660,93270,131380,173660,193133,205890,197469,223959,219133
 "19049","Dallas, IA",4,CAGDP2,68,"61,62","  Educational services, health care, and social assistance ","Thousands of dollars",51728,55714,60355,61265,70366,97334,156355,175789,189208,212112,195450,211373,222411,250083,267933,290793,312335,327614,438185,458606,511943,526323
 "19049","Dallas, IA",4,CAGDP2,69,"61","   Educational services ","Thousands of dollars",1714,1867,2512,2609,6306,7403,8989,11360,13858,15447,15490,17691,17849,19727,21127,23336,24812,24115,24513,24767,27889,27706
 "19049","Dallas, IA",4,CAGDP2,70,"62","   Health care and social assistance ","Thousands of dollars",50014,53846,57843,58656,64060,89931,147366,164429,175349,196666,179960,193682,204563,230356,246805,267457,287523,303499,413672,433839,484054,498617
 "19049","Dallas, IA",4,CAGDP2,75,"71,72","  Arts, entertainment, recreation, accommodation, and food services ","Thousands of dollars",26728,27680,30852,45893,65266,76097,88575,93250,94223,92743,102290,117424,121680,132775,149060,161589,165460,175944,199645,171247,226481,253662
 "19049","Dallas, IA",4,CAGDP2,76,"71","   Arts, entertainment, and recreation ","Thousands of dollars",11091,11380,11813,12715,15497,18019,18711,18663,19337,20993,22173,24812,23993,25614,26912,31405,35386,38852,46085,38281,55552,61956
 "19049","Dallas, IA",4,CAGDP2,79,"72","   Accommodation and food services ","Thousands of dollars",15637,16299,19039,33178,49769,58077,69864,74587,74886,71750,80117,92612,97687,107161,122148,130184,130074,137092,153560,132965,170929,191706
 "19049","Dallas, IA",4,CAGDP2,82,"81","  Other services (except government and government enterprises) ","Thousands of dollars",21923,25339,28495,66165,69879,72742,77420,83557,72013,72443,74354,81211,84107,89734,66755,71549,76501,86434,91711,94264,107079,118272
 "19049","Dallas, IA",4,CAGDP2,83,"92","Government and government enterprises ","Thousands of dollars",94319,102753,108977,118739,124669,135697,150999,188447,207750,216712,223309,231305,254616,267150,283771,306949,321736,345943,364909,381858,401052,425070
 "19049","Dallas, IA",4,CAGDP2,87,"11,21","Natural resources and mining ","Thousands of dollars",17472,26279,33755,73031,50404,45758,71389,95590,65959,(D),88108,70416,98415,69910,61135,62788,114060,126426,177564,202154,302010,342430
 "19049","Dallas, IA",4,CAGDP2,88,"42,44-45","Trade ","Thousands of dollars",124457,141110,165492,192252,219561,232997,263988,301859,325162,(D),355421,380270,420941,446438,468940,504369,503238,508752,499812,520886,569990,606262
 "19049","Dallas, IA",4,CAGDP2,89,"22,48-49","Transportation and utilities ","Thousands of dollars",67274,67768,71183,70875,83231,92849,87319,91739,81814,(D),69937,74880,89090,98304,110856,117611,136599,153491,163466,180525,197530,221043
 "19049","Dallas, IA",4,CAGDP2,90,"31-33,51","Manufacturing and information ","Thousands of dollars",164873,176095,194602,235404,242695,253633,234773,241334,194023,216198,235275,273940,247598,248377,288031,298967,318570,378471,470468,555809,598663,597316
 "19049","Dallas, IA",4,CAGDP2,91,"...","Private goods-producing industries 2/","Thousands of dollars",210193,223899,281598,391792,418092,412812,436303,438571,340822,(D),370878,383971,399779,390977,454697,498135,573663,646296,807898,922771,1080659,1131766
 "19049","Dallas, IA",4,CAGDP2,92,"...","Private services-providing industries 3/","Thousands of dollars",551714,597421,676630,1041008,1253214,1459105,1936410,1979438,2134752,(D),2691553,3259503,3352129,3825927,4175225,4447741,4347359,4493091,4803211,5084044,5708633,6320265
 "19051","Davis, IA",4,CAGDP2,1,"...","All industry total ","Thousands of dollars",130939,140435,138090,150287,148540,152090,152730,156766,166145,179920,192823,213131,243389,211766,222337,222628,260100,285410,269306,263904,312102,362523
 "19051","Davis, IA",4,CAGDP2,2,"..."," Private industries ","Thousands of dollars",106332,115449,111979,122439,118852,121896,122837,125213,132180,143658,156879,176357,205122,173089,181136,178180,213266,235645,217975,212857,258601,304959
 "19051","Davis, IA",4,CAGDP2,3,"11","  Agriculture, forestry, fishing and hunting ","Thousands of dollars",(D),1529,1459,12049,1017,1343,919,997,877,1283,3337,9132,26640,3548,13343,8568,35011,42236,10887,4328,22555,33583
 "19051","Davis, IA",4,CAGDP2,6,"21","  Mining, quarrying, and oil and gas extraction ","Thousands of dollars",310,405,291,306,776,880,799,1411,492,813,1075,220,811,1552,908,821,901,963,1368,1298,1832,1372
 "19051","Davis, IA",4,CAGDP2,10,"22","  Utilities ","Thousands of dollars",1200,1278,1361,1643,1873,1962,2054,2127,2226,2309,2326,2214,2449,2649,2629,2861,2731,2908,3108,3382,3526,3363
 "19051","Davis, IA",4,CAGDP2,11,"23","  Construction ","Thousands of dollars",(D),7512,8177,8477,9120,10487,10692,10505,15907,18200,20395,22686,21964,23542,22451,24189,23979,26970,29367,27310,32145,37427
 "19051","Davis, IA",4,CAGDP2,12,"31-33","  Manufacturing ","Thousands of dollars",34764,39657,33445,30181,29255,27923,27089,21524,13965,12970,15195,16968,19455,20044,21368,21385,23230,27186,39124,38697,49669,72490
 "19051","Davis, IA",4,CAGDP2,13,"321,327-339","   Durable goods manufacturing ","Thousands of dollars",(D),(D),(D),(D),(D),(D),(D),(D),(D),(D),(D),(D),7337,6403,7005,7901,9782,(D),(D),18241,18226,22814
 "19051","Davis, IA",4,CAGDP2,25,"311-316,322-326","   Nondurable goods manufacturing ","Thousands of dollars",(D),(D),(D),(D),(D),(D),(D),(D),(D),(D),(D),(D),12119,13641,14362,13484,13448,(D),(D),20456,31443,49676
 "19051","Davis, IA",4,CAGDP2,34,"42","  Wholesale trade ","Thousands of dollars",5371,5773,5432,6709,7141,7193,6462,7620,8429,8812,8479,8679,7799,8058,8180,8504,11602,14000,16082,17617,19004,21161
 "19051","Davis, IA",4,CAGDP2,35,"44-45","  Retail trade ","Thousands of dollars",11047,11554,10865,8830,10363,11204,11663,11271,11289,12595,11117,10961,11036,12072,13383,14083,14759,15980,17218,19961,22809,24991
 "19051","Davis, IA",4,CAGDP2,36,"48-49","  Transportation and warehousing ","Thousands of dollars",(D),(D),(D),(D),(D),(D),(D),(D),(D),(D),(D),(D),(D),(D),(D),(D),(D),(D),(D),(D),(D),(D)
 "19051","Davis, IA",4,CAGDP2,45,"51","  Information ","Thousands of dollars",3069,3316,3744,4251,4338,4389,4717,5878,7151,8342,6807,5549,5941,5509,6139,6296,6517,6738,6441,6278,6808,6990
 "19051","Davis, IA",4,CAGDP2,50,"52,53","  Finance, insurance, real estate, rental, and leasing ","Thousands of dollars",22345,23547,25813,26511,29968,29174,29449,32020,35539,33489,34583,36292,43106,38057,42912,48254,49198,52165,47115,48194,48879,48471
 "19051","Davis, IA",4,CAGDP2,51,"52","   Finance and insurance ","Thousands of dollars",5783,6599,6843,6588,7769,7517,7487,6870,7271,7745,8172,(D),9264,11190,12530,16342,16153,16061,16044,15973,16152,16833
 "19051","Davis, IA",4,CAGDP2,56,"53","   Real estate and rental and leasing ","Thousands of dollars",16562,16948,18970,19923,22199,21657,21962,25150,28267,25744,26412,(D),33843,26867,30381,31913,33045,36104,31071,32221,32727,31638
 "19051","Davis, IA",4,CAGDP2,59,"54,55,56","  Professional and business services ","Thousands of dollars",(D),2431,2537,(D),(D),(D),(D),8261,(D),21473,28765,34796,34738,24706,13251,4695,6376,6287,5990,6658,7483,7926
 "19051","Davis, IA",4,CAGDP2,60,"54","   Professional, scientific, and technical services ","Thousands of dollars",(D),1760,1942,(D),(D),(D),(D),6817,11441,19764,27001,32567,32378,22309,10874,(D),(D),(D),(D),(D),(D),(D)
 "19051","Davis, IA",4,CAGDP2,64,"55","   Management of companies and enterprises ","Thousands of dollars",0,0,0,0,0,0,(D),(D),(D),(D),(D),(D),672,643,625,(D),(D),(D),(D),(D),(D),(D)
 "19051","Davis, IA",4,CAGDP2,65,"56","   Administrative and support and waste management and remediation services ","Thousands of dollars",(D),671,595,(D),(D),(D),(D),(D),(D),(D),(D),(D),1688,1754,1752,2273,2076,2157,2162,2261,2572,2785
 "19051","Davis, IA",4,CAGDP2,68,"61,62","  Educational services, health care, and social assistance ","Thousands of dollars",6804,6895,6996,6977,7224,7711,7982,8192,8848,9445,9511,10898,(D),(D),12805,13453,13353,13825,14660,13418,14070,14687
 "19051","Davis, IA",4,CAGDP2,69,"61","   Educational services ","Thousands of dollars",55,57,74,(D),(D),(D),(D),(D),(D),(D),(D),(D),(D),(D),(D),(D),(D),(D),113,98,65,67
 "19051","Davis, IA",4,CAGDP2,70,"62","   Health care and social assistance ","Thousands of dollars",6749,6838,6923,(D),(D),(D),(D),(D),(D),(D),(D),(D),(D),(D),(D),(D),(D),(D),14547,13320,14005,14621
 "19051","Davis, IA",4,CAGDP2,75,"71,72","  Arts, entertainment, recreation, accommodation, and food services ","Thousands of dollars",2034,(D),(D),1915,1913,2123,2194,(D),2148,(D),(D),(D),2884,3059,(D),(D),(D),(D),(D),(D),(D),(D)
 "19051","Davis, IA",4,CAGDP2,76,"71","   Arts, entertainment, and recreation ","Thousands of dollars",(D),(D),(D),(D),(D),(D),(D),(D),216,(D),(D),(D),294,340,(D),(D),(D),(D),(D),(D),(D),(D)
 "19051","Davis, IA",4,CAGDP2,79,"72","   Accommodation and food services ","Thousands of dollars",(D),(D),(D),(D),(D),(D),(D),(D),1932,(D),(D),(D),2590,2719,(D),(D),(D),(D),(D),(D),(D),(D)
 "19051","Davis, IA",4,CAGDP2,82,"81","  Other services (except government and government enterprises) ","Thousands of dollars",6185,7259,6952,6838,7229,7736,8143,7082,6853,6102,7007,8693,10075,10701,11322,11098,10709,11017,11757,12521,14280,15007
 "19051","Davis, IA",4,CAGDP2,83,"92","Government and government enterprises ","Thousands of dollars",24608,24986,26112,27848,29688,30194,29893,31553,33965,36262,35944,36774,38267,38678,41201,44448,46835,49766,51331,51048,53500,57563
 "19051","Davis, IA",4,CAGDP2,87,"11,21","Natural resources and mining ","Thousands of dollars",(D),1934,1750,12355,1793,2223,1718,2408,1368,2096,4411,9352,27451,5100,14252,9389,35912,43199,12255,5627,24387,34955
 "19051","Davis, IA",4,CAGDP2,88,"42,44-45","Trade ","Thousands of dollars",16417,17327,16297,15539,17504,18396,18125,18891,19718,21407,19596,19640,18835,20130,21564,22587,26361,29980,33300,37579,41813,46151
 "19051","Davis, IA",4,CAGDP2,89,"22,48-49","Transportation and utilities ","Thousands of dollars",(D),(D),(D),(D),(D),(D),(D),(D),(D),(D),(D),(D),(D),(D),(D),(D),(D),(D),(D),(D),(D),(D)
 "19051","Davis, IA",4,CAGDP2,90,"31-33,51","Manufacturing and information ","Thousands of dollars",37833,42973,37188,34432,33593,32312,31807,27401,21116,21312,22002,22517,25397,25553,27507,27681,29748,33925,45565,44975,56477,79480
 "19051","Davis, IA",4,CAGDP2,91,"...","Private goods-producing industries 2/","Thousands of dollars",43831,49102,43372,51013,40168,40633,39500,34437,31241,33265,40001,49006,68870,48686,58070,54963,83121,97355,80746,71634,106201,144872
 "19051","Davis, IA",4,CAGDP2,92,"...","Private services-providing industries 3/","Thousands of dollars",62501,66347,68607,71426,78684,81263,83337,90776,100939,110392,116878,127351,136252,124403,123066,123217,130145,138289,137229,141223,152400,160087
 "19053","Decatur, IA",4,CAGDP2,1,"...","All industry total ","Thousands of dollars",110073,108654,116666,143737,145400,145317,141421,157586,162252,160750,172552,175003,179710,181859,191850,203678,217191,228729,220294,218117,255669,280692
 "19053","Decatur, IA",4,CAGDP2,2,"..."," Private industries ","Thousands of dollars",82976,80651,88316,115266,117386,116497,111248,126880,130138,127462,139373,140868,144364,145902,155023,165823,179212,189626,180029,177041,213832,238128
 "19053","Decatur, IA",4,CAGDP2,3,"11","  Agriculture, forestry, fishing and hunting ","Thousands of dollars",308,300,(D),(D),15366,11206,7085,13145,10971,13290,23058,14523,15427,1703,7554,8907,15695,15275,4974,4122,17236,25899
 "19053","Decatur, IA",4,CAGDP2,6,"21","  Mining, quarrying, and oil and gas extraction ","Thousands of dollars",100,119,118,131,250,345,247,1508,1070,1228,1419,1112,944,938,534,812,809,1085,242,547,1330,1761
 "19053","Decatur, IA",4,CAGDP2,10,"22","  Utilities ","Thousands of dollars",569,586,583,600,608,679,612,476,0,0,(D),0,0,0,0,0,0,0,0,0,0,0
 "19053","Decatur, IA",4,CAGDP2,11,"23","  Construction ","Thousands of dollars",6475,3300,(D),(D),5807,6741,5764,4928,6681,7433,8195,(D),(D),10748,(D),11018,9859,(D),(D),(D),(D),16030
 "19053","Decatur, IA",4,CAGDP2,12,"31-33","  Manufacturing ","Thousands of dollars",7788,7906,7608,9344,10113,9985,8738,9836,7874,6570,6273,(D),(D),7734,(D),9586,8103,(D),(D),(D),(D),16659
 "19053","Decatur, IA",4,CAGDP2,13,"321,327-339","   Durable goods manufacturing ","Thousands of dollars",(D),(D),(D),(D),(D),(D),(D),(D),(D),(D),(D),(D),4046,4116,4472,4255,4019,4412,4279,4827,4624,5304
 "19053","Decatur, IA",4,CAGDP2,25,"311-316,322-326","   Nondurable goods manufacturing ","Thousands of dollars",(D),(D),(D),(D),(D),(D),(D),(D),(D),(D),(D),(D),(D),3618,(D),5331,4084,(D),(D),(D),(D),11355
 "19053","Decatur, IA",4,CAGDP2,34,"42","  Wholesale trade ","Thousands of dollars",4194,4170,4088,4825,5935,6597,(D),(D),(D),9400,8777,(D),(D),(D),(D),10832,10602,11043,(D),(D),(D),12336
 "19053","Decatur, IA",4,CAGDP2,35,"44-45","  Retail trade ","Thousands of dollars",6046,6317,6763,6941,7083,6840,6476,7045,7497,8044,8143,8170,8187,8868,9897,10594,10592,10861,11314,11339,12412,13072
 "19053","Decatur, IA",4,CAGDP2,36,"48-49","  Transportation and warehousing ","Thousands of dollars",(D),(D),(D),(D),(D),(D),(D),3858,(D),2737,3175,(D),(D),(D),(D),13912,18665,21158,(D),(D),(D),28490
 "19053","Decatur, IA",4,CAGDP2,45,"51","  Information ","Thousands of dollars",2181,1986,2117,2340,2405,2470,(D),(D),(D),(D),(D),3328,(D),3986,4846,(D),3962,3865,4113,3967,4242,4419
 "19053","Decatur, IA",4,CAGDP2,50,"52,53","  Finance, insurance, real estate, rental, and leasing ","Thousands of dollars",20043,21588,23774,24783,27255,26516,27769,30922,33986,30631,33406,35926,39267,43181,41020,47486,51337,52229,(D),49843,63862,(D)
 "19053","Decatur, IA",4,CAGDP2,51,"52","   Finance and insurance ","Thousands of dollars",3662,(D),(D),(D),(D),(D),4839,4370,3925,3527,(D),(D),(D),(D),(D),(D),(D),(D),(D),(D),(D),(D)
 "19053","Decatur, IA",4,CAGDP2,56,"53","   Real estate and rental and leasing ","Thousands of dollars",16381,(D),(D),(D),(D),(D),22930,26552,30060,27103,(D),(D),(D),(D),(D),(D),(D),(D),31513,(D),(D),45504
 "19053","Decatur, IA",4,CAGDP2,59,"54,55,56","  Professional and business services ","Thousands of dollars",3916,3947,3963,3804,(D),(D),4846,5907,6120,5817,6228,6548,6832,7756,7361,6002,5486,5278,5453,5294,5499,(D)
 "19053","Decatur, IA",4,CAGDP2,60,"54","   Professional, scientific, and technical services ","Thousands of dollars",(D),(D),2140,2022,(D),(D),(D),(D),2033,2340,2491,2679,(D),(D),3392,3439,2901,2707,2699,2666,2859,2538
 "19053","Decatur, IA",4,CAGDP2,64,"55","   Management of companies and enterprises ","Thousands of dollars",0,0,0,0,0,0,0,0,(D),(D),(D),(D),(D),(D),(D),(D),(D),(D),(D),(D),(D),(D)
 "19053","Decatur, IA",4,CAGDP2,65,"56","   Administrative and support and waste management and remediation services ","Thousands of dollars",(D),(D),1823,1782,(D),(D),(D),(D),(D),(D),(D),(D),3341,2111,(D),(D),(D),(D),(D),(D),(D),(D)
 "19053","Decatur, IA",4,CAGDP2,68,"61,62","  Educational services, health care, and social assistance ","Thousands of dollars",21753,20045,20723,(D),24602,25286,25333,28701,31360,31084,31378,34018,29757,31802,31309,33856,36094,37808,37556,34406,34796,35306
 "19053","Decatur, IA",4,CAGDP2,69,"61","   Educational services ","Thousands of dollars",(D),(D),(D),(D),(D),(D),(D),(D),(D),(D),(D),(D),(D),(D),(D),(D),(D),(D),(D),(D),(D),(D)
 "19053","Decatur, IA",4,CAGDP2,70,"62","   Health care and social assistance ","Thousands of dollars",(D),(D),(D),(D),(D),(D),(D),(D),(D),(D),(D),(D),(D),(D),(D),(D),(D),(D),(D),(D),(D),(D)
 "19053","Decatur, IA",4,CAGDP2,75,"71,72","  Arts, entertainment, recreation, accommodation, and food services ","Thousands of dollars",(D),(D),(D),3223,3260,3451,3580,3618,3577,2615,2492,2256,2232,2262,2393,(D),2484,2928,3811,2842,4490,5090
 "19053","Decatur, IA",4,CAGDP2,76,"71","   Arts, entertainment, and recreation ","Thousands of dollars",(D),(D),(D),8,58,190,285,261,252,268,267,245,235,231,204,(D),(D),(D),241,349,766,903
 "19053","Decatur, IA",4,CAGDP2,79,"72","   Accommodation and food services ","Thousands of dollars",(D),(D),(D),3215,3202,3261,3295,3357,3325,2347,2225,2011,1996,2030,2189,(D),(D),(D),3569,2493,3724,4186
 "19053","Decatur, IA",4,CAGDP2,82,"81","  Other services (except government and government enterprises) ","Thousands of dollars",5318,5947,5916,6112,6264,6185,5839,4585,4335,(D),4000,4525,4724,5018,5608,5750,5523,5670,5600,5567,6107,6228
 "19053","Decatur, IA",4,CAGDP2,83,"92","Government and government enterprises ","Thousands of dollars",27097,28002,28349,28471,28013,28820,30173,30706,32113,33289,33179,34135,35345,35957,36826,37856,37979,39103,40265,41076,41837,42564
 "19053","Decatur, IA",4,CAGDP2,87,"11,21","Natural resources and mining ","Thousands of dollars",408,419,(D),(D),15617,11550,7332,14654,12041,14518,24477,15635,16372,2642,8089,9719,16504,16360,5216,4669,18566,27660
 "19053","Decatur, IA",4,CAGDP2,88,"42,44-45","Trade ","Thousands of dollars",10240,10487,10851,11766,13018,13437,(D),(D),(D),17444,16920,(D),(D),(D),(D),21427,21194,21904,(D),(D),(D),25409
 "19053","Decatur, IA",4,CAGDP2,89,"22,48-49","Transportation and utilities ","Thousands of dollars",(D),(D),(D),(D),(D),(D),(D),4334,(D),2737,(D),(D),(D),(D),(D),13912,18665,21158,(D),(D),(D),28490
 "19053","Decatur, IA",4,CAGDP2,90,"31-33,51","Manufacturing and information ","Thousands of dollars",9969,9892,9725,11684,12519,12455,(D),(D),(D),(D),(D),(D),8981,11720,(D),(D),12065,(D),(D),(D),(D),21078
 "19053","Decatur, IA",4,CAGDP2,91,"...","Private goods-producing industries 2/","Thousands of dollars",14672,11625,14940,35791,31537,28276,21835,29418,26596,28521,38945,32369,32734,21123,29225,30323,34466,38786,31963,32635,47369,60349
 "19053","Decatur, IA",4,CAGDP2,92,"...","Private services-providing industries 3/","Thousands of dollars",68305,69026,73376,79475,85849,88221,89414,97462,103543,98941,100428,108499,111630,124779,125798,135499,144746,150840,148066,144406,166463,177779
 "19055","Delaware, IA",4,CAGDP2,1,"...","All industry total ","Thousands of dollars",391388,387062,408342,445620,460751,502059,535527,576895,589404,671441,737903,697989,831829,846065,923762,940798,993535,964650,902811,912457,986880,1147725
 "19055","Delaware, IA",4,CAGDP2,2,"..."," Private industries ","Thousands of dollars",341637,336175,353704,388876,401798,440118,472102,510423,514105,593292,659371,615850,743107,754045,828867,841569,889967,859017,795731,799036,872070,1029290
 "19055","Delaware, IA",4,CAGDP2,3,"11","  Agriculture, forestry, fishing and hunting ","Thousands of dollars",44104,36494,28882,54141,40476,35321,45361,29288,13000,58721,127918,90984,204175,192078,205623,207993,192329,154606,104469,117345,175575,288118
 "19055","Delaware, IA",4,CAGDP2,6,"21","  Mining, quarrying, and oil and gas extraction ","Thousands of dollars",2863,3263,3484,3881,4246,5161,5291,6145,4673,4200,4304,4741,4065,1058,0,0,0,0,0,0,3725,3886
 "19055","Delaware, IA",4,CAGDP2,10,"22","  Utilities ","Thousands of dollars",713,698,632,678,665,711,778,642,619,744,1826,6134,7321,7694,7703,8129,8102,7070,7358,7944,9509,21088
 "19055","Delaware, IA",4,CAGDP2,11,"23","  Construction ","Thousands of dollars",27199,27311,24311,17307,20403,22841,22997,22590,26253,30743,35606,39839,37991,38593,40595,41950,42590,42215,45270,48771,53413,56707
 "19055","Delaware, IA",4,CAGDP2,12,"31-33","  Manufacturing ","Thousands of dollars",91904,88733,105535,112011,119399,152129,156854,202962,216505,242119,211098,168829,178009,193471,241518,214714,266414,282440,254731,233954,221722,235344
 "19055","Delaware, IA",4,CAGDP2,13,"321,327-339","   Durable goods manufacturing ","Thousands of dollars",87197,83698,100150,107158,115697,142659,147457,(D),207793,226663,188333,142027,139443,152662,197207,167528,188277,207977,200452,191360,182364,190396
 "19055","Delaware, IA",4,CAGDP2,25,"311-316,322-326","   Nondurable goods manufacturing ","Thousands of dollars",4707,5035,5385,4852,3702,9470,9397,(D),8713,15456,22765,26802,38565,40809,44311,47186,78137,74463,54279,42595,39358,44948
 "19055","Delaware, IA",4,CAGDP2,34,"42","  Wholesale trade ","Thousands of dollars",25817,27069,27345,30468,35529,37784,40820,43213,45855,49365,53672,55504,59794,64591,68768,71994,76011,72935,75378,75526,81930,87825
 "19055","Delaware, IA",4,CAGDP2,35,"44-45","  Retail trade ","Thousands of dollars",29110,29448,30503,28665,28054,25536,24792,26471,28154,29151,29172,30361,32079,31692,34753,36907,37980,37786,38727,42026,46467,48968
 "19055","Delaware, IA",4,CAGDP2,36,"48-49","  Transportation and warehousing ","Thousands of dollars",4961,(D),(D),(D),(D),(D),(D),(D),(D),(D),(D),(D),(D),(D),(D),(D),(D),(D),(D),(D),(D),(D)
 "19055","Delaware, IA",4,CAGDP2,45,"51","  Information ","Thousands of dollars",4349,3837,3998,4164,4341,4473,5078,5708,7148,6806,5723,4119,3675,3439,4104,4413,5245,5081,5492,5272,6141,5861
 "19055","Delaware, IA",4,CAGDP2,50,"52,53","  Finance, insurance, real estate, rental, and leasing ","Thousands of dollars",64792,66037,72812,75120,81728,81889,85788,92540,96059,92829,108602,127403,125373,126727,125591,156873,162166,154779,158484,164142,159014,166639
 "19055","Delaware, IA",4,CAGDP2,51,"52","   Finance and insurance ","Thousands of dollars",17319,19946,22209,23155,26327,23027,23658,22819,24217,24353,30165,35716,35783,41666,45415,53821,55831,56898,58857,60794,61850,65929
 "19055","Delaware, IA",4,CAGDP2,56,"53","   Real estate and rental and leasing ","Thousands of dollars",47473,46091,50603,51965,55401,58863,62130,69720,71842,68476,78436,91686,89590,85061,80177,103052,106335,97881,99627,103348,97164,100710
 "19055","Delaware, IA",4,CAGDP2,59,"54,55,56","  Professional and business services ","Thousands of dollars",13070,(D),(D),(D),(D),(D),22682,(D),(D),(D),(D),22701,22601,(D),(D),(D),(D),(D),(D),(D),(D),(D)
 "19055","Delaware, IA",4,CAGDP2,60,"54","   Professional, scientific, and technical services ","Thousands of dollars",(D),(D),(D),(D),(D),(D),7438,(D),(D),(D),(D),9350,9767,(D),11542,12272,12684,12801,12927,13245,(D),(D)
 "19055","Delaware, IA",4,CAGDP2,64,"55","   Management of companies and enterprises ","Thousands of dollars",(D),(D),(D),(D),(D),(D),622,(D),(D),(D),(D),5924,5139,(D),(D),(D),(D),(D),(D),(D),(D),(D)
 "19055","Delaware, IA",4,CAGDP2,65,"56","   Administrative and support and waste management and remediation services ","Thousands of dollars",7178,7173,7256,9168,10873,12496,14622,14806,11255,10965,7764,7427,7696,8153,(D),(D),(D),(D),(D),(D),(D),11161
 "19055","Delaware, IA",4,CAGDP2,68,"61,62","  Educational services, health care, and social assistance ","Thousands of dollars",16790,17976,18516,19630,20024,21257,(D),25093,23292,23517,23822,(D),(D),28114,29721,30829,30745,32158,32782,33622,35679,31388
 "19055","Delaware, IA",4,CAGDP2,69,"61","   Educational services ","Thousands of dollars",(D),(D),(D),(D),(D),(D),(D),1497,(D),(D),(D),(D),(D),(D),(D),(D),(D),(D),(D),(D),(D),(D)
 "19055","Delaware, IA",4,CAGDP2,70,"62","   Health care and social assistance ","Thousands of dollars",(D),(D),(D),(D),(D),(D),(D),23595,(D),(D),(D),(D),(D),(D),(D),(D),(D),(D),(D),(D),(D),(D)
 "19055","Delaware, IA",4,CAGDP2,75,"71,72","  Arts, entertainment, recreation, accommodation, and food services ","Thousands of dollars",6502,7274,7424,7663,7746,7690,7594,7218,6943,6817,6929,7658,7935,8254,8492,8913,9250,9751,10219,9448,12344,13168
 "19055","Delaware, IA",4,CAGDP2,76,"71","   Arts, entertainment, and recreation ","Thousands of dollars",2454,2394,2170,1999,1906,1943,2081,1927,2023,1979,2181,2392,2309,2499,2324,2500,2448,2495,2678,2440,3895,4012
 "19055","Delaware, IA",4,CAGDP2,79,"72","   Accommodation and food services ","Thousands of dollars",4048,4879,5254,5664,5840,5747,5513,5291,4920,4837,4749,5266,5626,5756,6168,6413,6802,7256,7541,7008,8449,9155
 "19055","Delaware, IA",4,CAGDP2,82,"81","  Other services (except government and government enterprises) ","Thousands of dollars",9463,10039,9866,10033,10805,13307,17110,12267,12302,12734,12591,13980,14388,15572,16624,17022,18233,18769,19530,18732,19745,20848
 "19055","Delaware, IA",4,CAGDP2,83,"92","Government and government enterprises ","Thousands of dollars",49750,50887,54638,56743,58953,61941,63425,66472,75299,78149,78531,82139,88722,92020,94895,99229,103567,105633,107081,113421,114811,118435
 "19055","Delaware, IA",4,CAGDP2,87,"11,21","Natural resources and mining ","Thousands of dollars",46967,39757,32366,58022,44722,40482,50653,35433,17674,62921,132222,95726,208240,193135,205623,207993,192329,154606,104469,117345,179301,292004
 "19055","Delaware, IA",4,CAGDP2,88,"42,44-45","Trade ","Thousands of dollars",54928,56518,57848,59132,63583,63320,65611,69683,74010,78516,82844,85866,91873,96283,103521,108901,113991,110721,114104,117552,128397,136793
 "19055","Delaware, IA",4,CAGDP2,89,"22,48-49","Transportation and utilities ","Thousands of dollars",5674,(D),(D),(D),(D),(D),(D),(D),(D),(D),(D),(D),(D),(D),(D),(D),(D),(D),(D),(D),(D),(D)
 "19055","Delaware, IA",4,CAGDP2,90,"31-33,51","Manufacturing and information ","Thousands of dollars",96253,92570,109533,116174,123739,156602,161932,208670,223653,248924,216820,172948,181684,196909,245622,219127,271659,287521,260222,239226,227863,241205
 "19055","Delaware, IA",4,CAGDP2,91,"...","Private goods-producing industries 2/","Thousands of dollars",166070,155802,162213,187340,184523,215452,230503,260984,260432,335784,378926,304394,424240,425199,487736,464657,501333,479261,404470,400070,454436,584055
 "19055","Delaware, IA",4,CAGDP2,92,"...","Private services-providing industries 3/","Thousands of dollars",175568,180374,191491,201536,217274,224666,241599,249438,253673,257509,280445,311456,318868,328846,341131,376912,388634,379756,391261,398966,417634,445234
 "19057","Des Moines, IA",4,CAGDP2,1,"...","All industry total ","Thousands of dollars",1455138,1476345,1505446,1585673,1607134,1747094,1817424,1789790,1709442,1665326,1784432,1839992,2021349,2156258,2285898,2351505,2351938,2326351,2283937,2312537,2482465,2646847
 "19057","Des Moines, IA",4,CAGDP2,2,"..."," Private industries ","Thousands of dollars",1332221,1352166,1376385,1451887,1468340,1603757,1667458,1632485,1539404,1492053,1613917,1667823,1842110,1969100,2093331,2151846,2150550,2118286,2073928,2095145,2269173,2427412
 "19057","Des Moines, IA",4,CAGDP2,3,"11","  Agriculture, forestry, fishing and hunting ","Thousands of dollars",(D),(D),(D),(D),(D),(D),(D),(D),(D),(D),(D),(D),(D),(D),(D),(D),(D),(D),(D),(D),67820,82258
 "19057","Des Moines, IA",4,CAGDP2,6,"21","  Mining, quarrying, and oil and gas extraction ","Thousands of dollars",4329,5692,6600,6017,6618,7947,8703,9585,6280,7148,6959,6146,5517,6232,6025,5078,4874,4303,4976,7448,(D),(D)
 "19057","Des Moines, IA",4,CAGDP2,10,"22","  Utilities ","Thousands of dollars",(D),(D),(D),(D),(D),(D),(D),(D),(D),(D),(D),(D),(D),(D),(D),(D),(D),(D),(D),(D),(D),12230
 "19057","Des Moines, IA",4,CAGDP2,11,"23","  Construction ","Thousands of dollars",49512,57321,52475,57898,57448,61811,75796,63196,64085,70545,84239,85578,81529,87996,95562,100741,91174,74052,72231,70772,72555,78041
 "19057","Des Moines, IA",4,CAGDP2,12,"31-33","  Manufacturing ","Thousands of dollars",500377,503676,497562,528605,522390,626254,603474,574567,470512,451898,468131,472143,623774,731723,775441,751613,747478,721687,673056,657087,708039,782612
 "19057","Des Moines, IA",4,CAGDP2,13,"321,327-339","   Durable goods manufacturing ","Thousands of dollars",433306,433706,415478,445073,440384,536611,512768,465786,337152,318061,345034,342136,454439,553266,584545,578215,572161,554252,540756,520036,571342,630450
 "19057","Des Moines, IA",4,CAGDP2,25,"311-316,322-326","   Nondurable goods manufacturing ","Thousands of dollars",67071,69970,82083,83532,82006,89643,90705,108781,133360,133837,123096,130007,169335,178457,190895,173398,175318,167435,132300,137051,136696,152162
 "19057","Des Moines, IA",4,CAGDP2,34,"42","  Wholesale trade ","Thousands of dollars",(D),(D),(D),(D),(D),(D),(D),(D),(D),(D),(D),(D),(D),(D),(D),(D),(D),(D),(D),(D),(D),(D)
 "19057","Des Moines, IA",4,CAGDP2,35,"44-45","  Retail trade ","Thousands of dollars",109744,114631,119757,116076,114898,117051,120847,126679,131123,133513,127966,134424,140265,143110,152614,160901,160794,158679,156130,172688,203087,220118
 "19057","Des Moines, IA",4,CAGDP2,36,"48-49","  Transportation and warehousing ","Thousands of dollars",102377,86011,80774,85916,93356,99614,100394,96004,83458,76604,84104,91080,97761,101038,104556,110210,110770,120253,124103,118300,135955,142648
 "19057","Des Moines, IA",4,CAGDP2,45,"51","  Information ","Thousands of dollars",16062,16725,20155,23159,24833,24785,27601,28078,28338,28103,25326,22616,24260,25099,27426,27207,24570,20687,18681,16996,18795,19799
 "19057","Des Moines, IA",4,CAGDP2,50,"52,53","  Finance, insurance, real estate, rental, and leasing ","Thousands of dollars",174051,177137,188414,191640,207947,206461,235048,210175,216514,202375,237020,251655,261998,263398,304228,315716,315097,298103,282199,359654,307194,(D)
 "19057","Des Moines, IA",4,CAGDP2,51,"52","   Finance and insurance ","Thousands of dollars",51167,56939,59188,62904,69772,64572,71586,56289,56125,57648,70278,77491,77689,94739,99456,112331,112711,110289,110715,112283,119298,123787
 "19057","Des Moines, IA",4,CAGDP2,56,"53","   Real estate and rental and leasing ","Thousands of dollars",122884,120197,129225,128736,138174,141889,163462,153886,160390,144727,166742,174164,184309,168659,204772,203385,202386,187814,171484,247371,187895,(D)
 "19057","Des Moines, IA",4,CAGDP2,59,"54,55,56","  Professional and business services ","Thousands of dollars",61582,65256,70808,67689,72439,71154,72928,73198,71479,78237,91945,93080,92321,93424,99766,106224,112736,123823,115444,110571,118616,152848
 "19057","Des Moines, IA",4,CAGDP2,60,"54","   Professional, scientific, and technical services ","Thousands of dollars",31481,35835,36863,32306,35818,39867,39716,40873,36662,39188,46092,49996,47915,52733,57430,63557,63616,67288,51733,50856,55788,61165
 "19057","Des Moines, IA",4,CAGDP2,64,"55","   Management of companies and enterprises ","Thousands of dollars",2351,2726,3974,3566,3516,3669,3839,4257,4390,4372,4477,6134,4971,4226,5931,7744,8407,14180,15427,15006,15797,19104
 "19057","Des Moines, IA",4,CAGDP2,65,"56","   Administrative and support and waste management and remediation services ","Thousands of dollars",27749,26695,29971,31816,33106,27618,29373,28068,30427,34676,41376,36950,39435,36465,36405,34923,40713,42355,48285,44709,47030,72579
 "19057","Des Moines, IA",4,CAGDP2,68,"61,62","  Educational services, health care, and social assistance ","Thousands of dollars",135179,139908,147996,161347,170333,180363,188023,199452,204969,206498,208088,217348,221457,227441,235606,250577,257271,262904,273705,265661,266594,275561
 "19057","Des Moines, IA",4,CAGDP2,69,"61","   Educational services ","Thousands of dollars",3411,3829,3999,3830,3933,3317,3322,3442,3792,3925,4324,4718,5623,6148,5718,5878,5464,5536,6034,5910,6395,7563
 "19057","Des Moines, IA",4,CAGDP2,70,"62","   Health care and social assistance ","Thousands of dollars",131768,136079,143997,157517,166400,177046,184701,196010,201177,202573,203765,212630,215835,221292,229888,244699,251807,257368,267671,259751,260200,267998
 "19057","Des Moines, IA",4,CAGDP2,75,"71,72","  Arts, entertainment, recreation, accommodation, and food services ","Thousands of dollars",44520,44720,43560,43381,44168,48459,48027,53419,68175,75834,81458,81346,82448,91084,92236,101086,102569,100514,118043,105951,161142,174945
 "19057","Des Moines, IA",4,CAGDP2,76,"71","   Arts, entertainment, and recreation ","Thousands of dollars",9346,9514,8365,7374,6724,10002,7553,11337,26261,34281,37585,34347,34412,41191,37835,45319,48480,47523,57473,47983,87775,98763
 "19057","Des Moines, IA",4,CAGDP2,79,"72","   Accommodation and food services ","Thousands of dollars",35175,35206,35195,36006,37444,38457,40474,42082,41915,41553,43873,46999,48036,49893,54401,55767,54089,52991,60571,57968,73367,76183
 "19057","Des Moines, IA",4,CAGDP2,82,"81","  Other services (except government and government enterprises) ","Thousands of dollars",31689,33865,34703,34844,34977,34838,34153,34340,34552,34504,34621,35842,36293,38348,41676,42277,46283,47951,48194,45967,49809,52933
 "19057","Des Moines, IA",4,CAGDP2,83,"92","Government and government enterprises ","Thousands of dollars",122918,124180,129060,133786,138793,143337,149966,157305,170038,173273,170515,172170,179239,187158,192567,199659,201388,208065,210009,217392,213292,219435
 "19057","Des Moines, IA",4,CAGDP2,87,"11,21","Natural resources and mining ","Thousands of dollars",(D),(D),(D),(D),(D),(D),(D),(D),(D),(D),(D),(D),(D),(D),(D),(D),(D),(D),(D),(D),(D),(D)
 "19057","Des Moines, IA",4,CAGDP2,88,"42,44-45","Trade ","Thousands of dollars",(D),(D),(D),(D),(D),(D),(D),(D),(D),(D),(D),(D),(D),(D),(D),(D),(D),(D),(D),(D),(D),(D)
 "19057","Des Moines, IA",4,CAGDP2,89,"22,48-49","Transportation and utilities ","Thousands of dollars",(D),(D),(D),(D),(D),(D),(D),(D),(D),(D),(D),(D),(D),(D),(D),(D),(D),(D),(D),(D),(D),154878
 "19057","Des Moines, IA",4,CAGDP2,90,"31-33,51","Manufacturing and information ","Thousands of dollars",516440,520401,517716,551764,547223,651039,631074,602644,498850,480001,493456,494759,648034,756822,802867,778820,772048,742373,691736,674083,726834,802411
 "19057","Des Moines, IA",4,CAGDP2,91,"...","Private goods-producing industries 2/","Thousands of dollars",(D),(D),(D),(D),(D),(D),(D),(D),(D),(D),(D),(D),(D),(D),(D),(D),(D),(D),(D),(D),(D),(D)
 "19057","Des Moines, IA",4,CAGDP2,92,"...","Private services-providing industries 3/","Thousands of dollars",(D),(D),(D),(D),(D),(D),(D),(D),(D),(D),(D),(D),(D),(D),(D),(D),(D),(D),(D),(D),(D),(D)
 "19059","Dickinson, IA",4,CAGDP2,1,"...","All industry total ","Thousands of dollars",522502,571947,592452,627917,639890,626687,665349,652069,693744,765739,790383,856986,849851,896704,946216,947738,974131,999096,1032335,1031255,1182704,1292650
 "19059","Dickinson, IA",4,CAGDP2,2,"..."," Private industries ","Thousands of dollars",476364,522903,539609,572226,580461,564620,600203,583630,621669,688849,714695,779017,768395,813085,858312,857397,881153,901204,932125,925771,1075512,1180093
 "19059","Dickinson, IA",4,CAGDP2,3,"11","  Agriculture, forestry, fishing and hunting ","Thousands of dollars",19380,(D),36540,(D),25277,24349,43582,(D),(D),(D),(D),76527,(D),(D),(D),(D),(D),(D),(D),(D),102481,129936
 "19059","Dickinson, IA",4,CAGDP2,6,"21","  Mining, quarrying, and oil and gas extraction ","Thousands of dollars",2311,2369,2243,2547,2850,3710,3662,4024,3287,3667,3188,3474,2884,3226,2722,2443,3221,3278,3943,4501,(D),(D)
 "19059","Dickinson, IA",4,CAGDP2,10,"22","  Utilities ","Thousands of dollars",2014,2133,2599,5360,6914,7560,7454,7525,7825,19973,19255,21067,22385,24343,23675,25162,24002,21232,(D),26175,23137,26205
 "19059","Dickinson, IA",4,CAGDP2,11,"23","  Construction ","Thousands of dollars",37922,42027,41523,40405,42273,47068,52030,41280,37799,42520,46297,53945,53727,58346,82107,60683,52721,57600,65836,62593,63496,65676
 "19059","Dickinson, IA",4,CAGDP2,12,"31-33","  Manufacturing ","Thousands of dollars",123726,135195,134732,149379,150971,141099,134812,124751,153347,183544,161986,194944,148635,167479,179027,160804,173802,176334,183951,183264,212764,219248
 "19059","Dickinson, IA",4,CAGDP2,13,"321,327-339","   Durable goods manufacturing ","Thousands of dollars",119270,(D),(D),141348,142261,129601,121219,106328,128418,157337,137364,171546,116714,132154,139834,125454,135771,137762,148812,141338,159536,156730
 "19059","Dickinson, IA",4,CAGDP2,25,"311-316,322-326","   Nondurable goods manufacturing ","Thousands of dollars",4456,(D),(D),8031,8710,11498,13593,18423,24929,26207,24621,23398,31921,35325,39192,35351,38031,38573,35139,41926,53228,62517
 "19059","Dickinson, IA",4,CAGDP2,34,"42","  Wholesale trade ","Thousands of dollars",15053,15681,16506,18299,20472,19694,18858,20634,21654,24787,26335,31841,34450,36325,37214,38317,41538,41741,41942,41428,46906,49885
 "19059","Dickinson, IA",4,CAGDP2,35,"44-45","  Retail trade ","Thousands of dollars",54724,57352,60326,61747,61727,63702,62319,61745,64548,69900,73636,76268,74776,76835,80417,84963,87880,87069,87446,92294,111403,118670
 "19059","Dickinson, IA",4,CAGDP2,36,"48-49","  Transportation and warehousing ","Thousands of dollars",(D),(D),(D),(D),(D),(D),14016,(D),(D),(D),(D),(D),(D),(D),(D),(D),(D),(D),(D),(D),(D),(D)
 "19059","Dickinson, IA",4,CAGDP2,45,"51","  Information ","Thousands of dollars",5865,6426,8959,12613,13270,14760,17816,15790,13075,18896,16809,14215,13545,11201,9811,8009,9585,9731,15284,15945,20318,22666
 "19059","Dickinson, IA",4,CAGDP2,50,"52,53","  Finance, insurance, real estate, rental, and leasing ","Thousands of dollars",112062,113123,120476,118881,131476,112431,125388,124109,143500,136739,160024,163974,180417,189609,179744,206444,201264,207842,190132,227873,209843,(D)
 "19059","Dickinson, IA",4,CAGDP2,51,"52","   Finance and insurance ","Thousands of dollars",24540,27929,25771,26377,32009,35004,39115,32640,30705,29410,35814,41966,42010,49596,53956,63075,64408,63053,63206,65302,65884,66731
 "19059","Dickinson, IA",4,CAGDP2,56,"53","   Real estate and rental and leasing ","Thousands of dollars",87523,85194,94705,92504,99467,77427,86273,91470,112795,107329,124210,122007,138406,140014,125788,143370,136856,144789,126925,162570,143959,(D)
 "19059","Dickinson, IA",4,CAGDP2,59,"54,55,56","  Professional and business services ","Thousands of dollars",(D),26753,(D),27498,(D),(D),30292,30052,29217,31853,32554,(D),35357,43697,50456,58602,72082,75182,81021,76859,95809,123104
 "19059","Dickinson, IA",4,CAGDP2,60,"54","   Professional, scientific, and technical services ","Thousands of dollars",(D),15337,(D),9695,(D),(D),10352,11162,11791,13615,14429,(D),15432,17734,19587,21501,24329,24867,25829,27621,29349,32501
 "19059","Dickinson, IA",4,CAGDP2,64,"55","   Management of companies and enterprises ","Thousands of dollars",0,0,(D),7356,(D),(D),5493,2421,2417,2418,2144,(D),4209,6029,4725,4975,5103,5804,7817,5090,4898,5351
 "19059","Dickinson, IA",4,CAGDP2,65,"56","   Administrative and support and waste management and remediation services ","Thousands of dollars",11438,11416,9689,10447,12551,12427,14448,16470,15010,15820,15981,14850,15717,19934,26144,32126,42651,44511,47375,44147,61563,85253
 "19059","Dickinson, IA",4,CAGDP2,68,"61,62","  Educational services, health care, and social assistance ","Thousands of dollars",23909,25149,26562,28183,28518,28689,29770,31845,32882,34563,36139,36650,38111,39538,41136,42614,41962,43376,45357,45440,48527,51540
 "19059","Dickinson, IA",4,CAGDP2,69,"61","   Educational services ","Thousands of dollars",374,405,444,593,674,744,789,803,937,944,928,963,1208,1480,1776,1838,1752,1666,1732,1268,1586,1594
 "19059","Dickinson, IA",4,CAGDP2,70,"62","   Health care and social assistance ","Thousands of dollars",23535,24744,26117,27590,27844,27944,28981,31042,31945,33619,35211,35687,36903,38058,39360,40776,40210,41710,43625,44171,46941,49946
 "19059","Dickinson, IA",4,CAGDP2,75,"71,72","  Arts, entertainment, recreation, accommodation, and food services ","Thousands of dollars",35595,39160,38130,37869,38500,38765,43566,44961,45225,44746,45745,46135,49448,51068,58142,61575,64586,66118,72703,62726,86937,94216
 "19059","Dickinson, IA",4,CAGDP2,76,"71","   Arts, entertainment, and recreation ","Thousands of dollars",9587,9700,9704,9228,9515,9214,9919,10075,10978,12061,12265,11791,10842,12507,14117,17288,19352,20359,23196,18771,30701,33336
 "19059","Dickinson, IA",4,CAGDP2,79,"72","   Accommodation and food services ","Thousands of dollars",26008,29460,28426,28641,28985,29551,33647,34886,34248,32685,33481,34344,38606,38561,44025,44287,45234,45759,49507,43955,56236,60880
 "19059","Dickinson, IA",4,CAGDP2,82,"81","  Other services (except government and government enterprises) ","Thousands of dollars",12635,13717,13011,14305,16109,17789,16637,15320,16088,17555,17509,16434,15917,17959,20900,21963,21020,21383,22342,21963,23039,23369
 "19059","Dickinson, IA",4,CAGDP2,83,"92","Government and government enterprises ","Thousands of dollars",46138,49044,52843,55691,59429,62067,65146,68439,72075,76890,75688,77969,81456,83618,87904,90341,92977,97893,100210,105484,107192,112558
 "19059","Dickinson, IA",4,CAGDP2,87,"11,21","Natural resources and mining ","Thousands of dollars",21691,(D),38782,(D),28127,28059,47244,(D),(D),(D),(D),80001,(D),(D),(D),(D),(D),(D),(D),(D),(D),(D)
 "19059","Dickinson, IA",4,CAGDP2,88,"42,44-45","Trade ","Thousands of dollars",69777,73033,76832,80046,82199,83396,81178,82379,86202,94687,99971,108109,109225,113159,117632,123280,129418,128810,129388,133722,158308,168555
 "19059","Dickinson, IA",4,CAGDP2,89,"22,48-49","Transportation and utilities ","Thousands of dollars",(D),(D),(D),(D),(D),(D),21470,(D),(D),(D),(D),(D),(D),(D),(D),(D),(D),(D),(D),(D),(D),(D)
 "19059","Dickinson, IA",4,CAGDP2,90,"31-33,51","Manufacturing and information ","Thousands of dollars",129591,141620,143691,161992,164241,155859,152628,140541,166422,202439,178795,209159,162180,178680,188838,168813,183387,186066,199236,199209,233082,241913
 "19059","Dickinson, IA",4,CAGDP2,91,"...","Private goods-producing industries 2/","Thousands of dollars",183339,(D),215037,(D),221371,216225,234086,(D),(D),(D),(D),328890,(D),(D),(D),(D),(D),(D),(D),(D),(D),(D)
 "19059","Dickinson, IA",4,CAGDP2,92,"...","Private services-providing industries 3/","Thousands of dollars",293025,(D),324572,(D),359090,348395,366116,(D),(D),(D),(D),450127,(D),(D),(D),(D),(D),(D),(D),(D),(D),(D)
 "19061","Dubuque, IA",4,CAGDP2,1,"...","All industry total ","Thousands of dollars",2905791,3085441,3279125,3710893,4059654,4260592,4571032,4426561,4307817,4642049,4681155,5473445,5287927,5865840,6111644,6031949,6389591,6494713,6923400,7261763,7758432,8184019
 "19061","Dubuque, IA",4,CAGDP2,2,"..."," Private industries ","Thousands of dollars",2716153,2886854,3068475,3487807,3821011,4008812,4308883,4152609,4014119,4335957,4375179,5157346,4957799,5516229,5749530,5655470,6012834,6101179,6523245,6844055,7343646,7750244
 "19061","Dubuque, IA",4,CAGDP2,3,"11","  Agriculture, forestry, fishing and hunting ","Thousands of dollars",57798,56605,61246,73581,54220,48334,61938,46335,7917,41844,82157,102624,124877,134202,191459,159721,174868,126341,101338,153453,141714,232379
 "19061","Dubuque, IA",4,CAGDP2,6,"21","  Mining, quarrying, and oil and gas extraction ","Thousands of dollars",798,700,699,918,1057,989,731,848,649,643,723,775,762,872,795,666,932,588,965,2379,2800,258
 "19061","Dubuque, IA",4,CAGDP2,10,"22","  Utilities ","Thousands of dollars",36138,34566,33108,35846,36162,39731,41048,46513,37329,33448,29002,24278,20972,21401,20393,21545,20508,18416,19556,21719,20134,18935
 "19061","Dubuque, IA",4,CAGDP2,11,"23","  Construction ","Thousands of dollars",114228,113421,135793,144509,161604,167239,191439,183077,186559,188123,203101,220069,206798,211517,222909,228044,222132,242282,247825,255913,255731,273177
 "19061","Dubuque, IA",4,CAGDP2,12,"31-33","  Manufacturing ","Thousands of dollars",796909,815020,793508,1027794,1186983,1260348,1275932,1173690,1041803,1189611,1020717,1463750,1232924,1711879,1778337,1462199,1710000,1729069,1997854,2252353,2352140,2347690
 "19061","Dubuque, IA",4,CAGDP2,13,"321,327-339","   Durable goods manufacturing ","Thousands of dollars",645595,678298,652189,893305,1062512,1131207,1156821,1041740,886289,1008546,834600,1268417,1026148,1501077,1521145,1198060,1481950,1468135,1773521,2026278,2114909,2076005
 "19061","Dubuque, IA",4,CAGDP2,25,"311-316,322-326","   Nondurable goods manufacturing ","Thousands of dollars",151313,136722,141319,134489,124471,129142,119111,131951,155514,181066,186117,195333,206776,210802,257193,264138,228049,260934,224333,226075,237231,271686
 "19061","Dubuque, IA",4,CAGDP2,34,"42","  Wholesale trade ","Thousands of dollars",140900,160710,179095,201756,225211,247093,270676,284607,264855,312187,341848,393724,431476,439181,395411,396828,412073,457167,494239,508882,646179,727646
 "19061","Dubuque, IA",4,CAGDP2,35,"44-45","  Retail trade ","Thousands of dollars",262984,267523,274903,283970,284641,287123,283098,295272,296360,300933,303804,317627,323654,320063,342278,371895,370988,367860,372810,380232,430229,446237
 "19061","Dubuque, IA",4,CAGDP2,36,"48-49","  Transportation and warehousing ","Thousands of dollars",72894,75205,87255,95694,96194,102539,96974,102316,107798,122901,127539,129689,133802,138839,162007,175648,186132,207524,223148,219214,248420,268788
 "19061","Dubuque, IA",4,CAGDP2,45,"51","  Information ","Thousands of dollars",114761,163753,211420,252774,292050,288614,301149,264515,250973,248621,238558,219300,199453,182615,171885,159997,162466,188698,208051,205443,180230,192107
 "19061","Dubuque, IA",4,CAGDP2,50,"52,53","  Finance, insurance, real estate, rental, and leasing ","Thousands of dollars",405769,428767,510893,572797,660698,677092,764069,681312,698837,685635,743443,894390,906498,959059,1012088,1199352,1235150,1230015,1257969,1306327,1334913,1412439
 "19061","Dubuque, IA",4,CAGDP2,51,"52","   Finance and insurance ","Thousands of dollars",160452,184191,236091,284406,348712,342456,408985,289996,308721,304173,318176,380032,395681,467500,540928,626343,650532,688965,723421,759471,791258,837599
 "19061","Dubuque, IA",4,CAGDP2,56,"53","   Real estate and rental and leasing ","Thousands of dollars",245317,244576,274802,288391,311986,334636,355083,391315,390116,381462,425267,514359,510817,491559,471160,573009,584617,541050,534548,546856,543655,574840
 "19061","Dubuque, IA",4,CAGDP2,59,"54,55,56","  Professional and business services ","Thousands of dollars",145860,165275,164052,173802,194024,206392,267774,281691,297565,360324,402609,458053,441356,438368,451012,429617,443752,430880,447842,455091,485983,523305
 "19061","Dubuque, IA",4,CAGDP2,60,"54","   Professional, scientific, and technical services ","Thousands of dollars",92026,107226,92173,96850,102500,105632,147570,159782,176538,231371,266922,289505,285668,272545,263697,258242,267461,243101,248739,242704,226464,255459
 "19061","Dubuque, IA",4,CAGDP2,64,"55","   Management of companies and enterprises ","Thousands of dollars",14131,16520,22913,27324,37765,42284,48721,45367,51297,52472,54354,77404,57915,60054,79838,66954,65509,74934,89792,99909,132899,129731
 "19061","Dubuque, IA",4,CAGDP2,65,"56","   Administrative and support and waste management and remediation services ","Thousands of dollars",39703,41529,48965,49628,53759,58476,71483,76543,69730,76481,81332,91144,97773,105768,107477,104422,110782,112845,109311,112477,126619,138114
 "19061","Dubuque, IA",4,CAGDP2,68,"61,62","  Educational services, health care, and social assistance ","Thousands of dollars",376767,396936,414496,441393,446925,462083,474632,519586,563834,568157,574985,613668,614246,629177,650549,682598,693225,710263,736186,732456,788035,807718
 "19061","Dubuque, IA",4,CAGDP2,69,"61","   Educational services ","Thousands of dollars",84123,85681,90661,95885,94362,93469,92713,98678,111376,115104,118372,124929,122434,122281,118476,121890,116363,119537,124509,117228,131168,136317
 "19061","Dubuque, IA",4,CAGDP2,70,"62","   Health care and social assistance ","Thousands of dollars",292644,311255,323835,345507,352562,368614,381919,420908,452458,453053,456613,488739,491811,506896,532073,560709,576862,590726,611677,615228,656867,671401
 "19061","Dubuque, IA",4,CAGDP2,75,"71,72","  Arts, entertainment, recreation, accommodation, and food services ","Thousands of dollars",119470,132894,126546,102772,100448,137373,193323,185481,168746,191934,213388,224993,223544,223074,237370,248786,260842,269422,287765,228529,327743,361372
 "19061","Dubuque, IA",4,CAGDP2,76,"71","   Arts, entertainment, and recreation ","Thousands of dollars",47267,54683,38851,11598,10025,46894,102796,94113,76543,95778,112276,118765,114955,110846,112632,119342,124489,131132,145499,112286,184991,200556
 "19061","Dubuque, IA",4,CAGDP2,79,"72","   Accommodation and food services ","Thousands of dollars",72203,78212,87695,91174,90423,90479,90527,91368,92203,96156,101112,106227,108588,112228,124738,129444,136353,138291,142266,116243,142752,160817
 "19061","Dubuque, IA",4,CAGDP2,82,"81","  Other services (except government and government enterprises) ","Thousands of dollars",70877,75479,75461,80202,80795,83863,86101,87366,90895,91597,93305,94407,97438,105983,113039,118573,119767,122655,127698,122066,129396,138192
 "19061","Dubuque, IA",4,CAGDP2,83,"92","Government and government enterprises ","Thousands of dollars",189639,198587,210650,223086,238643,251780,262148,273951,293697,306092,305976,316100,330128,349612,362114,376479,376758,393534,400154,417708,414786,433775
 "19061","Dubuque, IA",4,CAGDP2,87,"11,21","Natural resources and mining ","Thousands of dollars",58596,57304,61946,74498,55277,49323,62668,47184,8565,42487,82879,103399,125639,135074,192253,160387,175800,126929,102302,155832,144514,232638
 "19061","Dubuque, IA",4,CAGDP2,88,"42,44-45","Trade ","Thousands of dollars",403883,428233,453998,485726,509852,534216,553774,579879,561215,613119,645652,711352,755129,759244,737689,768723,783060,825027,867049,889114,1076408,1173882
 "19061","Dubuque, IA",4,CAGDP2,89,"22,48-49","Transportation and utilities ","Thousands of dollars",109032,109771,120363,131540,132356,142270,138022,148829,145127,156349,156541,153966,154774,160239,182399,197193,206639,225940,242704,240932,268554,287723
 "19061","Dubuque, IA",4,CAGDP2,90,"31-33,51","Manufacturing and information ","Thousands of dollars",911670,978773,1004927,1280568,1479033,1548962,1577081,1438205,1292776,1438232,1259275,1683049,1432377,1894493,1950222,1622196,1872466,1917767,2205904,2457796,2532369,2539797
 "19061","Dubuque, IA",4,CAGDP2,91,"...","Private goods-producing industries 2/","Thousands of dollars",969733,985746,991247,1246802,1403864,1476910,1530039,1403951,1236926,1420221,1306698,1787218,1565362,2058470,2193500,1850629,2107931,2098280,2347981,2664098,2752385,2853505
 "19061","Dubuque, IA",4,CAGDP2,92,"...","Private services-providing industries 3/","Thousands of dollars",1746420,1901108,2077229,2241005,2417148,2531902,2778844,2748658,2777193,2915736,3068481,3370128,3392437,3457759,3556030,3804841,3904902,4002899,4175265,4179957,4591262,4896739
 "19063","Emmet, IA",4,CAGDP2,1,"...","All industry total ","Thousands of dollars",264042,282840,294820,316004,308046,305119,348839,358063,339863,377152,399757,434036,437359,440856,413207,353397,364613,407955,383488,364339,438102,495187
 "19063","Emmet, IA",4,CAGDP2,2,"..."," Private industries ","Thousands of dollars",227913,245442,256734,276528,266354,261551,303861,311290,290598,325058,348202,385574,389125,389589,361095,300720,311762,353958,328801,311135,383559,438455
 "19063","Emmet, IA",4,CAGDP2,3,"11","  Agriculture, forestry, fishing and hunting ","Thousands of dollars",24829,39189,45859,52097,33490,(D),59628,67744,43892,61269,76402,82469,101690,88155,66365,3327,13337,51980,34665,4776,80126,125338
 "19063","Emmet, IA",4,CAGDP2,6,"21","  Mining, quarrying, and oil and gas extraction ","Thousands of dollars",1101,1153,1116,1294,1206,777,0,0,0,0,190,0,0,0,0,0,288,345,479,521,594,272
 "19063","Emmet, IA",4,CAGDP2,10,"22","  Utilities ","Thousands of dollars",442,(D),444,469,392,405,394,227,206,(D),375,344,(D),(D),510,674,718,762,710,(D),723,792
 "19063","Emmet, IA",4,CAGDP2,11,"23","  Construction ","Thousands of dollars",11848,12213,13444,14289,15486,(D),16437,13405,13109,14694,16768,19828,18087,19196,19272,18524,16388,16035,15782,15287,17107,17382
 "19063","Emmet, IA",4,CAGDP2,12,"31-33","  Manufacturing ","Thousands of dollars",52533,55840,56245,63573,67266,71697,77153,74772,64722,77345,71491,100114,75342,78662,76816,68860,71098,73541,70971,80135,80046,81215
 "19063","Emmet, IA",4,CAGDP2,13,"321,327-339","   Durable goods manufacturing ","Thousands of dollars",31524,33844,32761,42168,(D),(D),(D),(D),(D),(D),(D),(D),50716,54710,45759,36792,42474,45303,45443,48084,51385,50844
 "19063","Emmet, IA",4,CAGDP2,25,"311-316,322-326","   Nondurable goods manufacturing ","Thousands of dollars",21009,21995,23484,21404,(D),(D),(D),(D),(D),(D),(D),(D),24626,23952,31057,32067,28624,28237,25528,32051,28661,30372
 "19063","Emmet, IA",4,CAGDP2,34,"42","  Wholesale trade ","Thousands of dollars",12900,(D),(D),(D),(D),(D),(D),(D),(D),(D),(D),(D),(D),(D),(D),21352,21451,20730,21145,(D),16642,17835
 "19063","Emmet, IA",4,CAGDP2,35,"44-45","  Retail trade ","Thousands of dollars",21675,22398,22459,21163,19891,19301,19585,19885,20317,21152,19711,18650,18718,18904,20706,21877,21809,22623,23762,25267,26270,27792
 "19063","Emmet, IA",4,CAGDP2,36,"48-49","  Transportation and warehousing ","Thousands of dollars",(D),9822,11174,14425,16475,19704,21462,18560,18785,19081,20753,20744,20854,25121,22494,(D),(D),(D),(D),19227,(D),(D)
 "19063","Emmet, IA",4,CAGDP2,45,"51","  Information ","Thousands of dollars",2939,3472,3950,4568,4620,4268,4402,4666,4924,5110,4875,5117,5133,4790,4575,4708,5044,4756,5183,4654,5321,5335
 "19063","Emmet, IA",4,CAGDP2,50,"52,53","  Finance, insurance, real estate, rental, and leasing ","Thousands of dollars",42784,43054,45976,46553,50056,41496,44105,46872,57360,55479,66410,60700,67060,70506,66705,75922,72639,74307,(D),76889,69680,(D)
 "19063","Emmet, IA",4,CAGDP2,51,"52","   Finance and insurance ","Thousands of dollars",10600,11855,12034,10926,11635,12280,11844,11727,11603,11639,14936,17169,17732,20346,22089,(D),(D),(D),(D),22698,23930,24663
 "19063","Emmet, IA",4,CAGDP2,56,"53","   Real estate and rental and leasing ","Thousands of dollars",32184,31199,33942,35627,38421,29216,32261,35145,45757,43839,51473,43531,49329,50160,44616,(D),(D),(D),41935,54190,45751,(D)
 "19063","Emmet, IA",4,CAGDP2,59,"54,55,56","  Professional and business services ","Thousands of dollars",(D),12370,11450,12105,(D),(D),(D),(D),(D),13934,(D),(D),15842,15203,(D),(D),(D),(D),17228,14752,(D),17305
 "19063","Emmet, IA",4,CAGDP2,60,"54","   Professional, scientific, and technical services ","Thousands of dollars",(D),(D),5949,6892,6567,6809,7786,8833,8749,8727,8121,8734,9757,9312,8396,(D),(D),(D),(D),7474,8135,8731
 "19063","Emmet, IA",4,CAGDP2,64,"55","   Management of companies and enterprises ","Thousands of dollars",(D),(D),(D),(D),(D),(D),(D),(D),(D),(D),(D),(D),(D),(D),(D),(D),(D),(D),(D),(D),(D),(D)
 "19063","Emmet, IA",4,CAGDP2,65,"56","   Administrative and support and waste management and remediation services ","Thousands of dollars",3905,3845,(D),(D),(D),(D),(D),(D),(D),(D),(D),(D),(D),(D),(D),(D),4532,4633,4215,(D),(D),(D)
 "19063","Emmet, IA",4,CAGDP2,68,"61,62","  Educational services, health care, and social assistance ","Thousands of dollars",22796,23530,24431,25052,25724,26840,27658,30026,30308,30825,30864,32497,33046,33209,33409,35460,36844,37517,37615,38344,36921,35330
 "19063","Emmet, IA",4,CAGDP2,69,"61","   Educational services ","Thousands of dollars",692,939,971,766,461,348,294,(D),(D),(D),(D),(D),(D),(D),(D),(D),(D),(D),(D),(D),(D),(D)
 "19063","Emmet, IA",4,CAGDP2,70,"62","   Health care and social assistance ","Thousands of dollars",22104,22591,23460,24286,25262,26492,27364,(D),(D),(D),(D),(D),(D),(D),(D),(D),(D),(D),(D),(D),(D),(D)
 "19063","Emmet, IA",4,CAGDP2,75,"71,72","  Arts, entertainment, recreation, accommodation, and food services ","Thousands of dollars",4896,5050,(D),(D),4752,4481,4826,4747,4759,5435,5921,6001,5830,5645,6141,6448,6503,6515,7193,5531,7166,7239
 "19063","Emmet, IA",4,CAGDP2,76,"71","   Arts, entertainment, and recreation ","Thousands of dollars",298,311,(D),(D),235,275,242,258,277,328,547,660,556,417,310,281,250,291,311,242,300,344
 "19063","Emmet, IA",4,CAGDP2,79,"72","   Accommodation and food services ","Thousands of dollars",4598,4739,4549,4570,4517,4206,4584,4488,4483,5108,5374,5341,5274,5228,5831,6167,6253,6224,6882,5289,6866,6895
 "19063","Emmet, IA",4,CAGDP2,82,"81","  Other services (except government and government enterprises) ","Thousands of dollars",7250,7511,7110,6548,6190,6048,6252,6480,6837,6859,6942,7003,7545,8187,7947,8224,8785,8796,8434,8162,8991,10285
 "19063","Emmet, IA",4,CAGDP2,83,"92","Government and government enterprises ","Thousands of dollars",36128,37398,38086,39476,41692,43568,44978,46773,49264,52094,51555,48461,48233,51267,52113,52676,52851,53996,54686,53204,54544,56732
 "19063","Emmet, IA",4,CAGDP2,87,"11,21","Natural resources and mining ","Thousands of dollars",25930,40343,46976,53391,34696,(D),59628,67744,43892,61269,76592,82469,101690,88155,66365,3327,13625,52324,35144,5297,80719,125609
 "19063","Emmet, IA",4,CAGDP2,88,"42,44-45","Trade ","Thousands of dollars",34575,(D),(D),(D),(D),(D),(D),(D),(D),(D),(D),(D),(D),(D),(D),43229,43260,43353,44906,(D),42912,45626
 "19063","Emmet, IA",4,CAGDP2,89,"22,48-49","Transportation and utilities ","Thousands of dollars",(D),(D),11618,14894,16868,20108,21856,18787,18991,(D),21128,21087,(D),(D),23003,(D),(D),(D),(D),(D),(D),(D)
 "19063","Emmet, IA",4,CAGDP2,90,"31-33,51","Manufacturing and information ","Thousands of dollars",55472,59312,60195,68141,71886,75965,81555,79438,69646,82454,76365,105231,80475,83451,81391,73568,76143,78296,76154,84789,85368,86550
 "19063","Emmet, IA",4,CAGDP2,91,"...","Private goods-producing industries 2/","Thousands of dollars",90310,108395,116665,131253,117447,118105,153219,155921,121722,153308,164851,202411,195120,186013,162453,90710,101112,141900,121896,100719,177872,224207
 "19063","Emmet, IA",4,CAGDP2,92,"...","Private services-providing industries 3/","Thousands of dollars",137603,137047,140069,145275,148907,143446,150642,155369,168876,171751,183352,183164,194006,203577,198642,210010,210650,212058,206905,210417,205687,214248
 "19065","Fayette, IA",4,CAGDP2,1,"...","All industry total ","Thousands of dollars",410404,423459,425625,500915,515666,505562,557915,556590,523401,599904,699665,714244,742171,768573,736235,731663,768532,791818,757043,750127,841581,969385
 "19065","Fayette, IA",4,CAGDP2,2,"..."," Private industries ","Thousands of dollars",356579,367261,367116,440210,452548,440564,491601,488415,452351,527330,629058,642798,668624,692271,656788,649504,684898,703908,669642,659417,751353,875587
 "19065","Fayette, IA",4,CAGDP2,3,"11","  Agriculture, forestry, fishing and hunting ","Thousands of dollars",36438,33334,22249,75512,73570,60420,93784,83047,35105,78779,151119,138465,175501,165806,111964,90274,117152,119859,83528,79849,163279,251570
 "19065","Fayette, IA",4,CAGDP2,6,"21","  Mining, quarrying, and oil and gas extraction ","Thousands of dollars",727,558,425,480,1234,1820,895,980,1672,1357,1041,914,1314,786,905,586,542,913,453,622,517,433
 "19065","Fayette, IA",4,CAGDP2,10,"22","  Utilities ","Thousands of dollars",2515,2712,2582,2978,2932,2981,3270,2846,2473,2343,2521,2727,2850,3041,3257,3768,4220,4006,4072,4298,3988,4144
 "19065","Fayette, IA",4,CAGDP2,11,"23","  Construction ","Thousands of dollars",14948,15654,16792,16474,16805,18905,18551,18217,23148,27590,33530,35283,31591,31532,33648,38901,39796,38059,36296,36210,35832,42628
 "19065","Fayette, IA",4,CAGDP2,12,"31-33","  Manufacturing ","Thousands of dollars",55789,57635,55784,61591,60706,58426,60944,57824,47517,49608,44723,53090,43702,48616,48287,42064,48725,74641,77148,80793,78146,88912
 "19065","Fayette, IA",4,CAGDP2,13,"321,327-339","   Durable goods manufacturing ","Thousands of dollars",37679,38370,36872,45453,47596,44680,46872,42836,28334,33314,30311,37891,28314,33314,32344,27996,29041,53979,58366,64075,60382,68525
 "19065","Fayette, IA",4,CAGDP2,25,"311-316,322-326","   Nondurable goods manufacturing ","Thousands of dollars",18110,19265,18912,16138,13110,13746,14072,14989,19183,16294,14412,15200,15388,15303,15942,14069,19685,20662,18782,16718,17765,20387
 "19065","Fayette, IA",4,CAGDP2,34,"42","  Wholesale trade ","Thousands of dollars",39743,42296,42032,44156,48404,49307,53060,61028,62000,61421,64300,69776,70414,75174,77157,77967,79803,71245,73498,73825,81207,85167
 "19065","Fayette, IA",4,CAGDP2,35,"44-45","  Retail trade ","Thousands of dollars",34645,35708,35775,33968,32548,31223,30327,29655,32214,34743,36157,37743,38860,39071,40928,42436,40829,38539,36452,37708,39823,41879
 "19065","Fayette, IA",4,CAGDP2,36,"48-49","  Transportation and warehousing ","Thousands of dollars",10141,(D),(D),(D),(D),(D),(D),(D),(D),(D),(D),(D),(D),(D),(D),(D),(D),(D),(D),(D),(D),(D)
 "19065","Fayette, IA",4,CAGDP2,45,"51","  Information ","Thousands of dollars",5378,4857,6125,7574,7988,7437,7489,6065,7321,9384,9516,8793,7942,7194,6858,7034,7444,7737,8313,7215,7884,8072
 "19065","Fayette, IA",4,CAGDP2,50,"52,53","  Finance, insurance, real estate, rental, and leasing ","Thousands of dollars",75942,77104,82582,88290,95735,92385,103962,103173,107497,116243,131777,132381,130387,150456,159782,166866,163163,161692,161438,160069,152591,(D)
 "19065","Fayette, IA",4,CAGDP2,51,"52","   Finance and insurance ","Thousands of dollars",21207,23755,24093,25011,28020,25941,27228,23534,25705,28383,37123,46122,42283,54256,64347,75853,72409,68090,67021,68604,71959,73721
 "19065","Fayette, IA",4,CAGDP2,56,"53","   Real estate and rental and leasing ","Thousands of dollars",54735,53350,58490,63279,67715,66444,76734,79639,81792,87859,94654,86259,88104,96200,95435,91013,90754,93602,94417,91465,80632,(D)
 "19065","Fayette, IA",4,CAGDP2,59,"54,55,56","  Professional and business services ","Thousands of dollars",13661,(D),(D),(D),14138,(D),(D),(D),16093,21055,22098,24163,22456,21962,21395,21514,22372,21239,19417,18053,19464,23753
 "19065","Fayette, IA",4,CAGDP2,60,"54","   Professional, scientific, and technical services ","Thousands of dollars",(D),(D),(D),(D),7853,(D),(D),(D),8290,8415,8721,9094,8254,8858,9968,10355,10231,10515,10176,10129,10733,11759
 "19065","Fayette, IA",4,CAGDP2,64,"55","   Management of companies and enterprises ","Thousands of dollars",(D),(D),0,(D),0,(D),(D),(D),839,4186,4575,4980,5093,3910,3732,3729,3613,3655,2995,2070,1979,1854
 "19065","Fayette, IA",4,CAGDP2,65,"56","   Administrative and support and waste management and remediation services ","Thousands of dollars",5178,6035,6025,6153,6285,5611,6432,6854,6964,8454,8802,10088,9109,9195,7695,7430,8528,7068,6245,5854,6752,10140
 "19065","Fayette, IA",4,CAGDP2,68,"61,62","  Educational services, health care, and social assistance ","Thousands of dollars",44001,47166,51380,54724,(D),59892,60934,67199,(D),(D),(D),(D),(D),(D),(D),(D),(D),(D),(D),(D),(D),96108
 "19065","Fayette, IA",4,CAGDP2,69,"61","   Educational services ","Thousands of dollars",(D),(D),(D),(D),(D),(D),(D),(D),(D),(D),(D),(D),(D),(D),(D),(D),(D),(D),(D),(D),(D),(D)
 "19065","Fayette, IA",4,CAGDP2,70,"62","   Health care and social assistance ","Thousands of dollars",(D),(D),(D),(D),(D),(D),(D),(D),(D),(D),(D),(D),(D),(D),(D),(D),(D),(D),(D),(D),(D),(D)
 "19065","Fayette, IA",4,CAGDP2,75,"71,72","  Arts, entertainment, recreation, accommodation, and food services ","Thousands of dollars",7903,8094,8149,8254,8864,9423,9844,9803,10225,10270,10896,11574,11616,12115,12352,12196,11459,12034,14013,11934,15405,16237
 "19065","Fayette, IA",4,CAGDP2,76,"71","   Arts, entertainment, and recreation ","Thousands of dollars",897,950,986,1084,1418,1536,1597,1512,1482,1472,1473,1683,1674,1804,1512,1494,1457,1689,2099,1839,2987,3209
 "19065","Fayette, IA",4,CAGDP2,79,"72","   Accommodation and food services ","Thousands of dollars",7006,7144,7163,7169,7447,7887,8246,8292,8744,8799,9422,9891,9942,10311,10840,10702,10002,10345,11914,10095,12418,13028
 "19065","Fayette, IA",4,CAGDP2,82,"81","  Other services (except government and government enterprises) ","Thousands of dollars",14748,15906,15872,16251,16547,16337,15791,16455,16732,17163,17105,17952,18330,18207,19493,19781,22747,24450,25336,25506,25944,28129
 "19065","Fayette, IA",4,CAGDP2,83,"92","Government and government enterprises ","Thousands of dollars",53825,56198,58509,60705,63118,64999,66314,68175,71050,72574,70607,71447,73548,76301,79447,82159,83634,87910,87401,90709,90228,93798
 "19065","Fayette, IA",4,CAGDP2,87,"11,21","Natural resources and mining ","Thousands of dollars",37166,33892,22674,75992,74804,62240,94679,84027,36777,80136,152161,139379,176815,166593,112869,90860,117694,120772,83982,80471,163796,252003
 "19065","Fayette, IA",4,CAGDP2,88,"42,44-45","Trade ","Thousands of dollars",74388,78004,77806,78124,80952,80531,83387,90683,94214,96164,100457,107519,109274,114245,118084,120403,120632,109784,109950,111534,121029,127046
 "19065","Fayette, IA",4,CAGDP2,89,"22,48-49","Transportation and utilities ","Thousands of dollars",12656,(D),(D),(D),(D),(D),(D),(D),(D),(D),(D),(D),(D),(D),(D),(D),(D),(D),(D),(D),(D),(D)
 "19065","Fayette, IA",4,CAGDP2,90,"31-33,51","Manufacturing and information ","Thousands of dollars",61166,62493,61909,69165,68694,65863,68433,63890,54838,58992,54238,61884,51644,55810,55144,49098,56170,82379,85461,88008,86030,96984
 "19065","Fayette, IA",4,CAGDP2,91,"...","Private goods-producing industries 2/","Thousands of dollars",107902,107182,95250,154057,152315,139571,174174,160068,107443,157334,230413,227752,252108,246741,194804,171825,206215,233473,197426,197474,277774,383543
 "19065","Fayette, IA",4,CAGDP2,92,"...","Private services-providing industries 3/","Thousands of dollars",248677,260079,271866,286153,300234,300993,317426,328347,344909,369996,398645,415046,416516,445530,461984,477679,478683,470435,472216,461944,473579,492044
 "19067","Floyd, IA",4,CAGDP2,1,"...","All industry total ","Thousands of dollars",508657,522581,492556,539163,507313,534536,505039,599080,585734,658533,637894,607021,754963,730962,769396,818066,860567,891854,826008,785278,919926,1046782
 "19067","Floyd, IA",4,CAGDP2,2,"..."," Private industries ","Thousands of dollars",462984,475708,444476,487929,454484,479894,447192,538796,521951,592144,573932,544321,685730,659553,695960,743814,783962,809054,742798,701729,834746,955250
 "19067","Floyd, IA",4,CAGDP2,3,"11","  Agriculture, forestry, fishing and hunting ","Thousands of dollars",20400,27565,16911,53220,46971,32351,46081,63980,53217,68359,97914,69889,137014,101988,122276,141185,79300,81301,71783,47576,139063,193419
 "19067","Floyd, IA",4,CAGDP2,6,"21","  Mining, quarrying, and oil and gas extraction ","Thousands of dollars",0,0,0,0,0,0,0,70,126,0,0,0,0,0,0,685,961,0,0,0,0,0
 "19067","Floyd, IA",4,CAGDP2,10,"22","  Utilities ","Thousands of dollars",2317,2585,2477,2366,3725,7089,5669,17776,8127,13525,8905,9432,10419,10800,10463,11064,10939,9988,11949,14961,15703,17387
 "19067","Floyd, IA",4,CAGDP2,11,"23","  Construction ","Thousands of dollars",18081,18570,15773,19553,21482,33162,33382,20497,22432,23022,24062,23707,29363,29407,29015,21386,18090,22465,19033,21326,19556,20502
 "19067","Floyd, IA",4,CAGDP2,12,"31-33","  Manufacturing ","Thousands of dollars",253851,255148,230685,223417,184755,199297,139100,208878,205332,234890,184424,160476,223652,220260,218657,228575,354572,376784,311642,294400,317943,364407
 "19067","Floyd, IA",4,CAGDP2,13,"321,327-339","   Durable goods manufacturing ","Thousands of dollars",(D),(D),(D),(D),(D),(D),(D),24755,10224,18563,21505,25243,24940,29643,29058,25532,26918,28716,27685,25407,25736,29991
 "19067","Floyd, IA",4,CAGDP2,25,"311-316,322-326","   Nondurable goods manufacturing ","Thousands of dollars",(D),(D),(D),(D),(D),(D),(D),184123,195108,216327,162919,135233,198712,190617,189599,203043,327654,348068,283957,268993,292207,334415
 "19067","Floyd, IA",4,CAGDP2,34,"42","  Wholesale trade ","Thousands of dollars",15081,14445,15171,16143,16710,17669,19446,24844,27185,31629,37741,44778,42315,38745,36130,33088,28406,29459,28969,29298,31271,32738
 "19067","Floyd, IA",4,CAGDP2,35,"44-45","  Retail trade ","Thousands of dollars",23841,24913,27334,25459,23884,25931,25668,29490,30253,29838,29984,34137,37074,37753,40725,41419,41832,43718,49829,54924,63838,66817
 "19067","Floyd, IA",4,CAGDP2,36,"48-49","  Transportation and warehousing ","Thousands of dollars",(D),(D),(D),(D),(D),(D),(D),(D),(D),(D),(D),(D),(D),(D),(D),(D),(D),(D),(D),(D),(D),(D)
 "19067","Floyd, IA",4,CAGDP2,45,"51","  Information ","Thousands of dollars",9004,10486,7783,9906,9946,9859,9105,10599,11945,13150,11112,9013,8791,9155,10927,10975,11247,11065,11923,11953,13167,13750
 "19067","Floyd, IA",4,CAGDP2,50,"52,53","  Finance, insurance, real estate, rental, and leasing ","Thousands of dollars",63340,63460,66731,70557,77054,81972,93517,87919,88812,101536,103188,113454,112946,120390,130621,151002,133704,126566,129693,125300,123454,(D)
 "19067","Floyd, IA",4,CAGDP2,51,"52","   Finance and insurance ","Thousands of dollars",19626,22850,24924,28743,34416,31728,37407,29193,31360,33530,39115,44885,42682,54993,60539,63006,59338,57490,57418,59036,59755,61654
 "19067","Floyd, IA",4,CAGDP2,56,"53","   Real estate and rental and leasing ","Thousands of dollars",43714,40610,41807,41814,42639,50244,56110,58725,57452,68006,64072,68569,70264,65397,70082,87996,74366,69076,72274,66264,63698,(D)
 "19067","Floyd, IA",4,CAGDP2,59,"54,55,56","  Professional and business services ","Thousands of dollars",(D),(D),(D),(D),(D),(D),(D),13951,(D),14654,14661,14375,15427,16928,17602,19059,18928,19804,19483,18615,22386,25291
 "19067","Floyd, IA",4,CAGDP2,60,"54","   Professional, scientific, and technical services ","Thousands of dollars",(D),(D),(D),(D),(D),6872,(D),7414,6706,6894,7259,6977,7031,7557,7591,8980,7585,7379,6989,6694,7396,9117
 "19067","Floyd, IA",4,CAGDP2,64,"55","   Management of companies and enterprises ","Thousands of dollars",(D),(D),(D),(D),0,(D),(D),1901,(D),2589,2379,2436,3041,3866,4518,4261,4572,4539,4830,5357,6631,7396
 "19067","Floyd, IA",4,CAGDP2,65,"56","   Administrative and support and waste management and remediation services ","Thousands of dollars",3507,3697,3825,3958,4183,(D),4438,4635,(D),5171,5023,4962,5355,5504,5493,5818,6770,7885,7664,6564,8359,8779
 "19067","Floyd, IA",4,CAGDP2,68,"61,62","  Educational services, health care, and social assistance ","Thousands of dollars",24712,25137,26681,29305,29461,30334,29982,(D),31657,(D),(D),(D),(D),(D),(D),(D),(D),(D),(D),(D),(D),35878
 "19067","Floyd, IA",4,CAGDP2,69,"61","   Educational services ","Thousands of dollars",(D),(D),(D),(D),(D),(D),(D),(D),(D),(D),(D),(D),(D),(D),(D),(D),(D),(D),(D),(D),(D),(D)
 "19067","Floyd, IA",4,CAGDP2,70,"62","   Health care and social assistance ","Thousands of dollars",(D),(D),(D),(D),(D),(D),(D),(D),(D),(D),(D),(D),(D),(D),(D),(D),(D),(D),(D),(D),(D),(D)
 "19067","Floyd, IA",4,CAGDP2,75,"71,72","  Arts, entertainment, recreation, accommodation, and food services ","Thousands of dollars",7055,7155,8130,8660,8238,7840,7613,7259,7507,7244,7419,7816,7827,8255,8614,9261,9131,8996,10277,8044,10773,11686
 "19067","Floyd, IA",4,CAGDP2,76,"71","   Arts, entertainment, and recreation ","Thousands of dollars",1000,1114,1226,1450,1423,1331,1236,1263,1367,1126,1233,1400,1358,1473,1340,1307,1164,1557,1980,1399,2080,2225
 "19067","Floyd, IA",4,CAGDP2,79,"72","   Accommodation and food services ","Thousands of dollars",6055,6041,6904,7209,6816,6510,6377,5995,6140,6118,6186,6417,6469,6783,7274,7954,7967,7439,8297,6645,8693,9461
 "19067","Floyd, IA",4,CAGDP2,82,"81","  Other services (except government and government enterprises) ","Thousands of dollars",10917,11084,10621,10627,12122,12528,12855,10701,11127,11073,11117,12244,14068,15266,16653,17515,17528,18220,18360,17987,19947,21284
 "19067","Floyd, IA",4,CAGDP2,83,"92","Government and government enterprises ","Thousands of dollars",45674,46872,48079,51234,52828,54642,57847,60283,63782,66389,63963,62700,69233,71409,73436,74251,76605,82800,83211,83549,85180,91532
 "19067","Floyd, IA",4,CAGDP2,87,"11,21","Natural resources and mining ","Thousands of dollars",20400,27565,16911,53220,46971,32351,46081,64050,53343,68359,97914,69889,137014,101988,122276,141870,80261,81301,71783,47576,139063,193419
 "19067","Floyd, IA",4,CAGDP2,88,"42,44-45","Trade ","Thousands of dollars",38922,39358,42505,41602,40594,43600,45114,54334,57438,61468,67725,78915,79389,76498,76855,74507,70238,73178,78798,84221,95108,99555
 "19067","Floyd, IA",4,CAGDP2,89,"22,48-49","Transportation and utilities ","Thousands of dollars",(D),(D),(D),(D),(D),(D),(D),(D),(D),(D),(D),(D),(D),(D),(D),(D),(D),(D),(D),(D),(D),(D)
 "19067","Floyd, IA",4,CAGDP2,90,"31-33,51","Manufacturing and information ","Thousands of dollars",262854,265634,238468,233323,194701,209155,148205,219476,217277,248040,195536,169489,232443,229415,229584,239550,365819,387849,323565,306353,331110,378157
 "19067","Floyd, IA",4,CAGDP2,91,"...","Private goods-producing industries 2/","Thousands of dollars",292331,301283,263368,296191,253208,264810,218563,293425,281107,326271,306400,254072,390029,351656,369947,391832,452923,480550,402458,363301,476563,578328
 "19067","Floyd, IA",4,CAGDP2,92,"...","Private services-providing industries 3/","Thousands of dollars",170652,174425,181108,191738,201276,215085,228629,245372,240844,265873,267532,290249,295701,307897,326013,351982,331039,328503,340340,338428,358183,376922
 "19069","Franklin, IA",4,CAGDP2,1,"...","All industry total ","Thousands of dollars",255132,269699,274620,354733,348736,373431,429415,396797,390219,446454,537954,567271,619326,655373,574287,556573,599974,606362,584626,570241,727006,837761
 "19069","Franklin, IA",4,CAGDP2,2,"..."," Private industries ","Thousands of dollars",223927,237079,240778,320165,312438,335541,388562,356198,347656,400560,491711,520714,570462,603297,521294,502576,546642,550696,528633,514638,670237,776948
 "19069","Franklin, IA",4,CAGDP2,3,"11","  Agriculture, forestry, fishing and hunting ","Thousands of dollars",38179,40634,38978,95673,79241,87412,131521,105660,(D),113293,199453,191628,233766,222262,135284,111595,122993,123146,97215,49465,179562,261627
 "19069","Franklin, IA",4,CAGDP2,6,"21","  Mining, quarrying, and oil and gas extraction ","Thousands of dollars",117,116,70,78,186,260,222,291,357,224,219,139,172,95,119,116,144,153,334,182,223,196
 "19069","Franklin, IA",4,CAGDP2,10,"22","  Utilities ","Thousands of dollars",2481,2458,2318,2590,2585,2888,2973,3133,4823,16303,22817,24765,35856,35972,38219,41444,39466,38514,40516,71541,70091,87508
 "19069","Franklin, IA",4,CAGDP2,11,"23","  Construction ","Thousands of dollars",8562,10335,10778,12132,14816,17219,20509,16128,16041,18828,22130,19959,20878,22572,21853,22802,19850,18336,16109,21429,26034,23674
 "19069","Franklin, IA",4,CAGDP2,12,"31-33","  Manufacturing ","Thousands of dollars",56395,63043,66557,81245,81531,84991,87710,80411,70126,81793,71678,100643,87365,108933,105119,92509,119731,135971,137931,141576,148010,144906
 "19069","Franklin, IA",4,CAGDP2,13,"321,327-339","   Durable goods manufacturing ","Thousands of dollars",(D),(D),(D),(D),(D),64607,71245,69620,61689,(D),(D),(D),74272,90569,79677,68722,81608,98147,111985,122082,128504,121980
 "19069","Franklin, IA",4,CAGDP2,25,"311-316,322-326","   Nondurable goods manufacturing ","Thousands of dollars",(D),(D),(D),(D),(D),20383,16464,10791,8437,(D),(D),(D),13093,18365,25442,23787,38123,37824,25946,19494,19506,22925
 "19069","Franklin, IA",4,CAGDP2,34,"42","  Wholesale trade ","Thousands of dollars",24297,23255,22360,26102,28762,28963,28342,32029,34210,37381,36363,40629,48632,58461,64394,70822,75397,65688,58095,60002,60829,64349
 "19069","Franklin, IA",4,CAGDP2,35,"44-45","  Retail trade ","Thousands of dollars",14070,14777,12601,12867,13282,12825,12074,12545,14182,15956,16308,17407,18888,17871,17365,16467,17051,17114,18219,20113,21666,22360
 "19069","Franklin, IA",4,CAGDP2,36,"48-49","  Transportation and warehousing ","Thousands of dollars",2652,4060,6735,7639,6476,10179,10230,9584,(D),6728,11326,8271,7806,9987,10402,11263,12063,15334,13953,9341,11284,11954
 "19069","Franklin, IA",4,CAGDP2,45,"51","  Information ","Thousands of dollars",2476,2886,3316,4030,4383,4336,4403,4413,4743,4842,4802,4777,4932,5091,5490,5651,5639,5237,6098,5497,5432,5646
 "19069","Franklin, IA",4,CAGDP2,50,"52,53","  Finance, insurance, real estate, rental, and leasing ","Thousands of dollars",43217,40815,41609,40710,42534,46928,51054,50071,50866,58820,60806,63997,62067,70631,69840,74507,78231,71281,77924,73536,77519,82840
 "19069","Franklin, IA",4,CAGDP2,51,"52","   Finance and insurance ","Thousands of dollars",10355,11210,11627,12443,14206,13554,14806,13036,13737,14287,17753,20277,19010,21972,23730,27381,26797,26912,26941,26367,27180,28137
 "19069","Franklin, IA",4,CAGDP2,56,"53","   Real estate and rental and leasing ","Thousands of dollars",32861,29605,29982,28267,28328,33374,36248,37036,37129,44533,43054,43720,43057,48659,46110,47126,51434,44368,50982,47170,50339,54702
 "19069","Franklin, IA",4,CAGDP2,59,"54,55,56","  Professional and business services ","Thousands of dollars",11366,13415,13844,14309,15686,16460,16602,17951,18421,19491,19855,21909,23657,24294,25389,27658,28551,30121,30227,30695,35237,35736
 "19069","Franklin, IA",4,CAGDP2,60,"54","   Professional, scientific, and technical services ","Thousands of dollars",3688,3832,3978,4094,4437,4513,4475,4934,4773,4700,4804,5134,5149,4517,4320,4726,4736,4825,4954,4392,4513,5151
 "19069","Franklin, IA",4,CAGDP2,64,"55","   Management of companies and enterprises ","Thousands of dollars",(D),(D),(D),(D),(D),(D),10675,11576,12187,13042,13199,14409,15968,17095,18126,19872,20592,21841,21901,21393,23590,24221
 "19069","Franklin, IA",4,CAGDP2,65,"56","   Administrative and support and waste management and remediation services ","Thousands of dollars",(D),(D),(D),(D),(D),(D),1452,1441,1462,1750,1852,2366,2540,2682,2944,3061,3224,3455,3372,4910,7134,6364
 "19069","Franklin, IA",4,CAGDP2,68,"61,62","  Educational services, health care, and social assistance ","Thousands of dollars",9093,9014,9554,10255,9905,10167,10547,11667,12693,13553,13473,14200,14311,13885,13840,13557,12988,14183,15356,15897,16341,16588
 "19069","Franklin, IA",4,CAGDP2,69,"61","   Educational services ","Thousands of dollars",101,(D),(D),(D),115,97,84,37,103,21,9,24,42,91,126,(D),(D),73,65,53,32,29
 "19069","Franklin, IA",4,CAGDP2,70,"62","   Health care and social assistance ","Thousands of dollars",8992,(D),(D),(D),9790,10071,10463,11630,12590,13532,13464,14176,14269,13795,13714,(D),(D),14110,15291,15844,16309,16559
 "19069","Franklin, IA",4,CAGDP2,75,"71,72","  Arts, entertainment, recreation, accommodation, and food services ","Thousands of dollars",3068,3427,3627,3939,4209,4542,4519,4562,4803,4813,4727,4727,4501,4768,4683,4597,4397,4704,5313,4329,5827,6199
 "19069","Franklin, IA",4,CAGDP2,76,"71","   Arts, entertainment, and recreation ","Thousands of dollars",719,1025,(D),(D),1419,1634,1670,1669,1813,1914,1785,1626,(D),1186,1079,932,(D),887,936,630,1073,1213
 "19069","Franklin, IA",4,CAGDP2,79,"72","   Accommodation and food services ","Thousands of dollars",2349,2402,(D),(D),2790,2908,2848,2893,2989,2899,2942,3101,(D),3582,3605,3666,(D),3817,4377,3698,4754,4985
 "19069","Franklin, IA",4,CAGDP2,82,"81","  Other services (except government and government enterprises) ","Thousands of dollars",7953,8845,8431,8598,8841,8372,7857,7750,8375,8535,7754,7664,7631,8476,9295,9588,10140,10914,11345,11034,12181,13364
 "19069","Franklin, IA",4,CAGDP2,83,"92","Government and government enterprises ","Thousands of dollars",31205,32620,33842,34568,36299,37891,40853,40599,42563,45894,46243,46557,48864,52076,52994,53997,53332,55665,55993,55603,56768,60813
 "19069","Franklin, IA",4,CAGDP2,87,"11,21","Natural resources and mining ","Thousands of dollars",38296,40750,39047,95751,79428,87672,131743,105951,(D),113517,199672,191767,233939,222357,135403,111711,123137,123299,97549,49647,179786,261824
 "19069","Franklin, IA",4,CAGDP2,88,"42,44-45","Trade ","Thousands of dollars",38367,38032,34961,38968,42044,41788,40416,44574,48392,53337,52671,58036,67520,76331,81759,87289,92449,82802,76314,80115,82495,86709
 "19069","Franklin, IA",4,CAGDP2,89,"22,48-49","Transportation and utilities ","Thousands of dollars",5133,6519,9053,10229,9062,13066,13203,12717,(D),23031,34143,33037,43662,45959,48621,52706,51529,53848,54469,80882,81375,99463
 "19069","Franklin, IA",4,CAGDP2,90,"31-33,51","Manufacturing and information ","Thousands of dollars",58872,65929,69874,85274,85913,89326,92113,84824,74869,86635,76480,105419,92297,114024,110609,98160,125370,141208,144028,147073,153442,150551
 "19069","Franklin, IA",4,CAGDP2,91,"...","Private goods-producing industries 2/","Thousands of dollars",103254,114128,116383,189127,175774,189882,239962,202491,(D),214138,293480,312369,342181,353862,262376,227022,262718,277606,251588,212652,353829,430404
 "19069","Franklin, IA",4,CAGDP2,92,"...","Private services-providing industries 3/","Thousands of dollars",120673,122951,124395,131038,136664,145659,148600,153706,(D),186422,198231,208345,228281,249435,258918,275554,283924,273090,277045,301986,316408,346545
 "19071","Fremont, IA",4,CAGDP2,1,"...","All industry total ","Thousands of dollars",221554,224772,258518,292997,273472,290880,297366,308156,342267,328554,330002,344745,315133,287640,290299,302858,274821,270113,338580,315543,411032,441058
 "19071","Fremont, IA",4,CAGDP2,2,"..."," Private industries ","Thousands of dollars",201527,204289,237215,270637,250517,266955,273276,283608,316490,301819,303705,317734,287343,259303,261356,273167,245351,239163,307456,284625,380665,409067
 "19071","Fremont, IA",4,CAGDP2,3,"11","  Agriculture, forestry, fishing and hunting ","Thousands of dollars",27618,(D),48511,71977,45240,45462,56566,65678,112204,49093,50999,(D),62583,23266,34243,54511,35839,21355,81930,28592,105744,122124
 "19071","Fremont, IA",4,CAGDP2,6,"21","  Mining, quarrying, and oil and gas extraction ","Thousands of dollars",657,313,1210,834,645,69,6,0,0,0,0,0,0,0,0,0,0,0,0,0,0,0
 "19071","Fremont, IA",4,CAGDP2,10,"22","  Utilities ","Thousands of dollars",87,92,88,56,0,0,0,0,0,0,0,0,0,0,0,0,0,0,0,0,0,(D)
 "19071","Fremont, IA",4,CAGDP2,11,"23","  Construction ","Thousands of dollars",3841,3842,3547,3609,3458,(D),9029,3683,5293,5849,5918,(D),8541,8727,8785,8196,7683,6569,7806,20363,20372,14472
 "19071","Fremont, IA",4,CAGDP2,12,"31-33","  Manufacturing ","Thousands of dollars",91408,94195,96906,103545,100450,(D),96065,87483,55875,80508,99796,86631,76402,78227,78867,67483,58308,60881,60481,54145,54106,65945
 "19071","Fremont, IA",4,CAGDP2,13,"321,327-339","   Durable goods manufacturing ","Thousands of dollars",(D),73878,75628,84634,82880,(D),72649,64920,(D),57331,80902,74105,62713,64305,62080,48414,39693,42560,45194,36875,34689,44182
 "19071","Fremont, IA",4,CAGDP2,25,"311-316,322-326","   Nondurable goods manufacturing ","Thousands of dollars",(D),20318,21278,18911,17570,(D),23416,22563,(D),23177,18894,12526,13689,13922,16787,19068,18615,18321,15287,17270,19417,21763
 "19071","Fremont, IA",4,CAGDP2,34,"42","  Wholesale trade ","Thousands of dollars",9048,10352,9610,9479,11429,13116,11659,15423,15092,14972,19253,24233,28182,29199,24654,21745,20316,19971,20118,25642,34595,40100
 "19071","Fremont, IA",4,CAGDP2,35,"44-45","  Retail trade ","Thousands of dollars",13656,14870,16290,16409,17245,17484,22462,30983,47515,68174,46677,30149,20916,17579,18245,20736,21447,23043,22129,22222,23350,24730
 "19071","Fremont, IA",4,CAGDP2,36,"48-49","  Transportation and warehousing ","Thousands of dollars",(D),(D),(D),(D),7770,17001,12940,11250,10680,11254,8051,9713,8077,11876,8047,6287,8876,9498,15789,32278,32727,23752
 "19071","Fremont, IA",4,CAGDP2,45,"51","  Information ","Thousands of dollars",1267,1417,1579,1683,1710,1712,1647,1510,1513,1709,1360,1172,1289,1172,1108,1003,1173,1751,2439,2193,2405,2550
 "19071","Fremont, IA",4,CAGDP2,50,"52,53","  Finance, insurance, real estate, rental, and leasing ","Thousands of dollars",30139,30819,33638,34636,38135,39929,35435,40307,40838,41567,42861,45592,47907,53509,52426,56568,52171,55671,55919,55686,56708,(D)
 "19071","Fremont, IA",4,CAGDP2,51,"52","   Finance and insurance ","Thousands of dollars",(D),(D),8772,(D),(D),(D),(D),(D),(D),10064,10651,13031,12486,15385,15453,16780,16871,16827,17739,(D),(D),(D)
 "19071","Fremont, IA",4,CAGDP2,56,"53","   Real estate and rental and leasing ","Thousands of dollars",(D),(D),24866,(D),(D),(D),(D),(D),(D),31503,32210,32561,35421,38124,36973,39788,35301,38844,38179,(D),(D),37648
 "19071","Fremont, IA",4,CAGDP2,59,"54,55,56","  Professional and business services ","Thousands of dollars",3744,3290,3387,3750,4009,3966,4487,4577,4766,5240,5693,8909,9200,10079,8971,10620,10434,9865,9496,10615,11739,17012
 "19071","Fremont, IA",4,CAGDP2,60,"54","   Professional, scientific, and technical services ","Thousands of dollars",2083,2123,2243,2534,2597,2612,2903,3096,3364,3539,3835,4156,(D),(D),(D),(D),(D),(D),(D),4786,(D),5267
 "19071","Fremont, IA",4,CAGDP2,64,"55","   Management of companies and enterprises ","Thousands of dollars",0,0,0,0,0,0,0,0,0,0,0,0,0,0,0,0,0,0,0,0,(D),707
 "19071","Fremont, IA",4,CAGDP2,65,"56","   Administrative and support and waste management and remediation services ","Thousands of dollars",1661,1166,1144,1215,1412,1354,1584,1481,1402,1701,1858,4753,(D),(D),(D),(D),(D),(D),(D),5828,6542,11037
 "19071","Fremont, IA",4,CAGDP2,68,"61,62","  Educational services, health care, and social assistance ","Thousands of dollars",9545,10603,(D),11716,11480,12551,13310,13960,14900,15437,15640,16498,15930,17397,17769,17381,18015,18506,18745,19022,21248,21229
 "19071","Fremont, IA",4,CAGDP2,69,"61","   Educational services ","Thousands of dollars",163,168,(D),(D),(D),(D),(D),(D),(D),148,96,58,(D),81,(D),(D),(D),92,(D),(D),(D),(D)
 "19071","Fremont, IA",4,CAGDP2,70,"62","   Health care and social assistance ","Thousands of dollars",9382,10435,(D),(D),(D),(D),(D),(D),(D),15289,15544,16440,(D),17316,(D),(D),(D),18414,(D),(D),(D),(D)
 "19071","Fremont, IA",4,CAGDP2,75,"71,72","  Arts, entertainment, recreation, accommodation, and food services ","Thousands of dollars",(D),2636,3031,(D),4440,4574,5236,4749,3983,3962,3153,3145,3592,3744,3853,4220,4636,4773,4248,5486,6571,7549
 "19071","Fremont, IA",4,CAGDP2,76,"71","   Arts, entertainment, and recreation ","Thousands of dollars",(D),130,50,(D),(D),(D),(D),(D),(D),(D),(D),(D),360,(D),400,(D),(D),490,510,1215,(D),1511
 "19071","Fremont, IA",4,CAGDP2,79,"72","   Accommodation and food services ","Thousands of dollars",(D),2507,2981,(D),(D),(D),(D),(D),(D),(D),(D),(D),3232,(D),3453,(D),(D),4283,3738,4271,(D),6038
 "19071","Fremont, IA",4,CAGDP2,82,"81","  Other services (except government and government enterprises) ","Thousands of dollars",4292,4797,4200,4376,4505,4736,4436,4005,3829,4053,4304,4898,4724,4529,4388,4416,6452,7280,8356,8381,11099,12454
 "19071","Fremont, IA",4,CAGDP2,83,"92","Government and government enterprises ","Thousands of dollars",20027,20483,21303,22359,22955,23926,24091,24548,25777,26735,26296,27010,27790,28337,28942,29691,29470,30950,31124,30919,30367,31991
 "19071","Fremont, IA",4,CAGDP2,87,"11,21","Natural resources and mining ","Thousands of dollars",28275,(D),49721,72810,45885,45531,56572,65678,112204,49093,50999,(D),62583,23266,34243,54511,35839,21355,81930,28592,105744,122124
 "19071","Fremont, IA",4,CAGDP2,88,"42,44-45","Trade ","Thousands of dollars",22704,25222,25900,25888,28674,30600,34120,46406,62608,83146,65930,54382,49098,46778,42898,42481,41764,43014,42248,47864,57946,64830
 "19071","Fremont, IA",4,CAGDP2,89,"22,48-49","Transportation and utilities ","Thousands of dollars",(D),(D),(D),(D),7770,17001,12940,11250,10680,11254,8051,9713,8077,11876,8047,6287,8876,9498,15789,32278,32727,(D)
 "19071","Fremont, IA",4,CAGDP2,90,"31-33,51","Manufacturing and information ","Thousands of dollars",92675,95612,98485,105228,102161,(D),97712,88993,57388,82217,101155,87803,77691,79399,79975,68486,59481,62632,62920,56339,56511,68495
 "19071","Fremont, IA",4,CAGDP2,91,"...","Private goods-producing industries 2/","Thousands of dollars",123524,(D),150174,179964,149794,151887,161666,156844,173372,135449,156713,173426,147527,110220,121895,130190,101829,88805,150217,103100,180223,202541
 "19071","Fremont, IA",4,CAGDP2,92,"...","Private services-providing industries 3/","Thousands of dollars",78003,(D),87041,90673,100723,115068,111610,126764,143118,166369,146992,144308,139817,149083,139461,142977,143522,150358,157239,181525,200443,206527
 "19073","Greene, IA",4,CAGDP2,1,"...","All industry total ","Thousands of dollars",197615,228829,242528,283794,262090,260015,320056,324894,359580,352610,432157,428897,472353,455856,407736,402271,448337,488865,486621,488158,624881,702450
 "19073","Greene, IA",4,CAGDP2,2,"..."," Private industries ","Thousands of dollars",161532,191299,203686,243061,219528,216342,275440,280174,311838,301701,380762,376570,419768,397743,351719,344654,392849,430953,424273,423382,561668,637734
 "19073","Greene, IA",4,CAGDP2,3,"11","  Agriculture, forestry, fishing and hunting ","Thousands of dollars",27751,50871,53822,80357,51645,39420,86023,78627,96009,(D),147359,111471,143957,(D),49015,50229,61354,71161,55874,42724,157573,204291
 "19073","Greene, IA",4,CAGDP2,6,"21","  Mining, quarrying, and oil and gas extraction ","Thousands of dollars",416,684,625,688,570,129,86,89,57,118,101,103,85,37,0,253,264,236,248,59,0,0
 "19073","Greene, IA",4,CAGDP2,10,"22","  Utilities ","Thousands of dollars",4047,3817,3801,3686,5046,6743,6426,11983,7927,7473,4655,6260,12432,12507,12351,14648,14050,18905,13315,13335,11565,12320
 "19073","Greene, IA",4,CAGDP2,11,"23","  Construction ","Thousands of dollars",7737,8251,9566,9746,9737,9020,9233,17078,15909,11160,13567,13524,12815,11681,13108,10929,9451,9234,12260,13832,10321,13400
 "19073","Greene, IA",4,CAGDP2,12,"31-33","  Manufacturing ","Thousands of dollars",28297,29702,36185,43602,40423,43231,46844,49012,59057,62067,63369,84888,76273,70444,76751,67870,87489,98661,97254,92809,96061,107802
 "19073","Greene, IA",4,CAGDP2,13,"321,327-339","   Durable goods manufacturing ","Thousands of dollars",(D),(D),(D),(D),(D),(D),(D),46628,(D),(D),(D),(D),48157,46117,57520,50590,61816,68746,72629,69189,67781,73085
 "19073","Greene, IA",4,CAGDP2,25,"311-316,322-326","   Nondurable goods manufacturing ","Thousands of dollars",(D),(D),(D),(D),(D),(D),(D),2384,(D),(D),(D),(D),28115,24327,19231,17280,25673,29915,24625,23620,28280,34717
 "19073","Greene, IA",4,CAGDP2,34,"42","  Wholesale trade ","Thousands of dollars",11760,11808,11834,11125,12688,14374,14132,16505,17077,18597,20478,22256,25813,28387,33437,38737,48671,51128,66893,81250,100947,103032
 "19073","Greene, IA",4,CAGDP2,35,"44-45","  Retail trade ","Thousands of dollars",12706,14166,12986,12900,13615,13881,13281,13667,14155,14806,14408,14024,13945,14040,17928,18189,18831,20049,20345,21947,24557,24881
 "19073","Greene, IA",4,CAGDP2,36,"48-49","  Transportation and warehousing ","Thousands of dollars",(D),(D),(D),(D),(D),(D),(D),(D),(D),(D),(D),(D),(D),(D),(D),(D),(D),(D),(D),(D),(D),(D)
 "19073","Greene, IA",4,CAGDP2,45,"51","  Information ","Thousands of dollars",3594,3674,4001,4486,4466,4369,4525,4952,5612,6143,5864,5487,6645,6467,6223,5975,6201,6210,6453,6187,6820,7086
 "19073","Greene, IA",4,CAGDP2,50,"52,53","  Finance, insurance, real estate, rental, and leasing ","Thousands of dollars",37898,38379,39877,40959,43254,45608,52856,47703,47797,55716,58796,65978,69354,74151,75155,68075,70839,77345,74704,76815,76236,78763
 "19073","Greene, IA",4,CAGDP2,51,"52","   Finance and insurance ","Thousands of dollars",13206,14967,(D),15891,17602,16238,16896,15038,15105,15148,19008,21786,22357,27171,28183,32114,33771,35027,35074,33915,35634,38395
 "19073","Greene, IA",4,CAGDP2,56,"53","   Real estate and rental and leasing ","Thousands of dollars",24691,23412,(D),25068,25652,29370,35960,32665,32693,40568,39788,44192,46998,46980,46972,35961,37068,42318,39630,42900,40601,40368
 "19073","Greene, IA",4,CAGDP2,59,"54,55,56","  Professional and business services ","Thousands of dollars",8299,8551,9331,9631,11965,12590,13333,13511,12852,12232,12551,12581,12098,11904,11736,11929,(D),(D),(D),(D),(D),18323
 "19073","Greene, IA",4,CAGDP2,60,"54","   Professional, scientific, and technical services ","Thousands of dollars",6070,6325,7131,7557,7930,8417,8474,8804,8033,7326,7823,8168,8035,7647,7595,8228,8914,(D),(D),(D),(D),(D)
 "19073","Greene, IA",4,CAGDP2,64,"55","   Management of companies and enterprises ","Thousands of dollars",0,0,0,0,0,0,0,0,0,0,0,0,0,0,(D),0,(D),(D),(D),(D),(D),(D)
 "19073","Greene, IA",4,CAGDP2,65,"56","   Administrative and support and waste management and remediation services ","Thousands of dollars",2229,2226,2199,2073,4035,4172,4858,4707,4819,4906,4728,4413,4063,4257,(D),3701,(D),(D),4622,5063,5949,10095
 "19073","Greene, IA",4,CAGDP2,68,"61,62","  Educational services, health care, and social assistance ","Thousands of dollars",7592,8028,(D),(D),9153,(D),9869,(D),(D),11221,11666,11724,(D),13435,14760,14055,14789,14525,13661,13084,13785,(D)
 "19073","Greene, IA",4,CAGDP2,69,"61","   Educational services ","Thousands of dollars",(D),(D),(D),(D),63,(D),(D),(D),(D),21,23,76,(D),681,583,491,393,(D),(D),(D),(D),(D)
 "19073","Greene, IA",4,CAGDP2,70,"62","   Health care and social assistance ","Thousands of dollars",(D),(D),(D),(D),9090,(D),(D),(D),(D),11200,11642,11648,(D),12754,14177,13564,14396,(D),(D),(D),(D),(D)
 "19073","Greene, IA",4,CAGDP2,75,"71,72","  Arts, entertainment, recreation, accommodation, and food services ","Thousands of dollars",(D),(D),2327,2435,(D),2350,(D),2448,2558,3092,(D),(D),5306,6092,(D),(D),18543,18407,19902,15762,23115,24793
 "19073","Greene, IA",4,CAGDP2,76,"71","   Arts, entertainment, and recreation ","Thousands of dollars",(D),(D),138,198,(D),302,(D),238,221,470,(D),(D),1586,1567,(D),(D),(D),(D),(D),(D),(D),(D)
 "19073","Greene, IA",4,CAGDP2,79,"72","   Accommodation and food services ","Thousands of dollars",(D),(D),2188,2237,(D),2048,(D),2210,2337,2621,(D),(D),3720,4525,(D),(D),(D),(D),(D),(D),(D),(D)
 "19073","Greene, IA",4,CAGDP2,82,"81","  Other services (except government and government enterprises) ","Thousands of dollars",7182,8063,7948,8280,8390,8542,7904,7268,7306,7732,7776,8806,9311,10160,10259,10686,11227,12241,13100,12675,12872,13362
 "19073","Greene, IA",4,CAGDP2,83,"92","Government and government enterprises ","Thousands of dollars",36083,37530,38842,40733,42563,43674,44616,44721,47742,50909,51395,52328,52585,58112,56017,57618,55488,57912,62348,64776,63213,64716
 "19073","Greene, IA",4,CAGDP2,87,"11,21","Natural resources and mining ","Thousands of dollars",28167,51555,54447,81044,52215,39549,86109,78716,96066,(D),147461,111574,144042,(D),49015,50481,61618,71396,56122,42783,157573,204291
 "19073","Greene, IA",4,CAGDP2,88,"42,44-45","Trade ","Thousands of dollars",24466,25974,24820,24025,26304,28255,27413,30172,31232,33403,34886,36280,39758,42427,51365,56927,67502,71177,87238,103197,125504,127913
 "19073","Greene, IA",4,CAGDP2,89,"22,48-49","Transportation and utilities ","Thousands of dollars",(D),(D),(D),(D),(D),(D),(D),(D),(D),(D),(D),(D),(D),(D),(D),(D),(D),(D),(D),(D),(D),(D)
 "19073","Greene, IA",4,CAGDP2,90,"31-33,51","Manufacturing and information ","Thousands of dollars",31891,33377,40186,48088,44889,47600,51368,53963,64669,68210,69233,90375,82917,76911,82974,73845,93690,104871,103708,98997,102881,114888
 "19073","Greene, IA",4,CAGDP2,91,"...","Private goods-producing industries 2/","Thousands of dollars",64201,89509,100198,134393,102375,91799,142185,144806,171032,(D),224397,209986,233130,(D),138874,129281,158558,179291,165636,149424,263955,325493
 "19073","Greene, IA",4,CAGDP2,92,"...","Private services-providing industries 3/","Thousands of dollars",97331,101790,103488,108668,117153,124543,133255,135368,140806,(D),156365,166583,186638,(D),212845,215373,234291,251661,258637,273958,297712,312241
 "19075","Grundy, IA",4,CAGDP2,1,"...","All industry total ","Thousands of dollars",296439,311023,323076,372603,362787,381254,401234,435712,436581,446598,473285,495268,494285,477467,478549,480425,492032,502678,523107,533724,675755,771652
 "19075","Grundy, IA",4,CAGDP2,2,"..."," Private industries ","Thousands of dollars",267929,283616,294541,342170,331224,348995,367747,401013,400269,408464,434891,455095,451769,433362,434364,433387,443903,451772,471212,481061,622075,714827
 "19075","Grundy, IA",4,CAGDP2,3,"11","  Agriculture, forestry, fishing and hunting ","Thousands of dollars",34947,55995,55834,90268,66814,69360,90058,100172,83878,84997,119633,140867,140022,96326,63231,48523,64697,64250,56655,48716,159426,206712
 "19075","Grundy, IA",4,CAGDP2,6,"21","  Mining, quarrying, and oil and gas extraction ","Thousands of dollars",0,0,0,0,0,0,0,0,0,0,0,0,0,0,0,0,0,0,0,0,0,(D)
 "19075","Grundy, IA",4,CAGDP2,10,"22","  Utilities ","Thousands of dollars",2667,2404,2423,2415,(D),(D),(D),(D),(D),5836,2486,2367,(D),(D),22334,24375,23018,20131,30498,37535,41665,46242
 "19075","Grundy, IA",4,CAGDP2,11,"23","  Construction ","Thousands of dollars",21163,21075,23787,26501,30225,32251,36126,30866,35771,40772,39743,44891,42778,50709,51676,51578,53482,55484,61476,69944,71532,76498
 "19075","Grundy, IA",4,CAGDP2,12,"31-33","  Manufacturing ","Thousands of dollars",66695,59786,58486,62781,54790,59535,45985,65183,75906,74466,56804,43844,38000,37920,42475,38338,35691,36161,35393,37572,42269,46042
 "19075","Grundy, IA",4,CAGDP2,13,"321,327-339","   Durable goods manufacturing ","Thousands of dollars",21051,15331,14326,17590,17595,17319,16562,16269,15646,17012,15623,20561,13447,14361,13621,11438,12853,14244,15638,17028,18888,18900
 "19075","Grundy, IA",4,CAGDP2,25,"311-316,322-326","   Nondurable goods manufacturing ","Thousands of dollars",45645,44456,44160,45191,37195,42216,29423,48914,60259,57454,41181,23283,24553,23559,28853,26900,22838,21917,19755,20544,23381,27142
 "19075","Grundy, IA",4,CAGDP2,34,"42","  Wholesale trade ","Thousands of dollars",23637,24714,26008,29197,32396,33572,34652,36833,39154,39484,44310,48145,48993,47133,43495,40952,38988,42234,43631,44985,44958,49233
 "19075","Grundy, IA",4,CAGDP2,35,"44-45","  Retail trade ","Thousands of dollars",15671,16427,17087,15433,15440,14888,14884,14828,14942,16579,16520,16769,14197,15295,17949,17409,17247,18500,17245,18949,20987,22517
 "19075","Grundy, IA",4,CAGDP2,36,"48-49","  Transportation and warehousing ","Thousands of dollars",(D),(D),(D),(D),7261,7296,7354,7095,6520,7618,8118,9376,9509,10015,10683,10644,(D),(D),(D),(D),(D),(D)
 "19075","Grundy, IA",4,CAGDP2,45,"51","  Information ","Thousands of dollars",2709,3136,3349,3539,3023,3040,3279,3145,4439,4689,4206,2495,2379,1796,1556,2122,2091,1826,1944,1786,2167,2543
 "19075","Grundy, IA",4,CAGDP2,50,"52,53","  Finance, insurance, real estate, rental, and leasing ","Thousands of dollars",63451,62733,68383,69329,76363,78284,84167,85001,82338,82312,90693,91294,94841,106009,109451,123837,131087,127886,(D),132538,143758,(D)
 "19075","Grundy, IA",4,CAGDP2,51,"52","   Finance and insurance ","Thousands of dollars",16949,18765,19299,19669,21932,21130,22188,20715,21612,19759,25174,29728,30917,36587,(D),(D),(D),(D),(D),(D),(D),(D)
 "19075","Grundy, IA",4,CAGDP2,56,"53","   Real estate and rental and leasing ","Thousands of dollars",46502,43968,49084,49660,54432,57154,61980,64285,60726,62553,65519,61566,63924,69423,(D),(D),(D),(D),76449,(D),(D),98711
 "19075","Grundy, IA",4,CAGDP2,59,"54,55,56","  Professional and business services ","Thousands of dollars",(D),(D),(D),(D),(D),(D),(D),(D),(D),13432,13620,15117,(D),17040,18197,17370,(D),19397,19817,19677,21083,23878
 "19075","Grundy, IA",4,CAGDP2,60,"54","   Professional, scientific, and technical services ","Thousands of dollars",4365,4367,(D),(D),5225,(D),(D),(D),7041,7253,7514,(D),(D),(D),(D),(D),(D),10612,10484,10377,11434,12895
 "19075","Grundy, IA",4,CAGDP2,64,"55","   Management of companies and enterprises ","Thousands of dollars",(D),(D),(D),(D),(D),(D),(D),(D),(D),(D),(D),(D),(D),(D),(D),(D),(D),0,0,0,0,0
 "19075","Grundy, IA",4,CAGDP2,65,"56","   Administrative and support and waste management and remediation services ","Thousands of dollars",(D),(D),3114,3303,(D),4301,4868,5313,(D),(D),(D),5595,6425,6632,7421,8394,7841,8785,9333,9301,9649,10983
 "19075","Grundy, IA",4,CAGDP2,68,"61,62","  Educational services, health care, and social assistance ","Thousands of dollars",14159,13632,14116,15635,15976,17395,18088,20339,23085,24210,24832,25819,28402,(D),37906,42481,31661,(D),35039,(D),(D),(D)
 "19075","Grundy, IA",4,CAGDP2,69,"61","   Educational services ","Thousands of dollars",(D),(D),(D),(D),(D),(D),(D),(D),(D),(D),(D),(D),(D),(D),(D),(D),(D),(D),(D),(D),(D),(D)
 "19075","Grundy, IA",4,CAGDP2,70,"62","   Health care and social assistance ","Thousands of dollars",(D),(D),(D),(D),(D),(D),(D),(D),(D),(D),(D),(D),(D),(D),(D),(D),(D),(D),(D),(D),(D),(D)
 "19075","Grundy, IA",4,CAGDP2,75,"71,72","  Arts, entertainment, recreation, accommodation, and food services ","Thousands of dollars",3126,3338,3324,3648,3995,3954,3873,3671,3691,3718,4044,4235,4236,4178,4273,4002,3922,4274,4543,4049,4991,5285
 "19075","Grundy, IA",4,CAGDP2,76,"71","   Arts, entertainment, and recreation ","Thousands of dollars",856,1102,1328,1437,1413,1415,1196,1170,1231,1352,1460,1492,1457,1441,1463,1429,1358,1365,1556,1538,1883,1846
 "19075","Grundy, IA",4,CAGDP2,79,"72","   Accommodation and food services ","Thousands of dollars",2270,2236,1996,2211,2582,2540,2677,2501,2461,2367,2583,2743,2779,2737,2810,2573,2564,2909,2987,2510,3109,3438
 "19075","Grundy, IA",4,CAGDP2,82,"81","  Other services (except government and government enterprises) ","Thousands of dollars",8478,9457,9212,9309,10017,10239,10040,9682,10267,10351,9881,9874,9331,10190,11139,11758,13927,15471,15951,17273,18303,19435
 "19075","Grundy, IA",4,CAGDP2,83,"92","Government and government enterprises ","Thousands of dollars",28510,27407,28535,30433,31562,32260,33487,34699,36312,38134,38394,40173,42516,44105,44185,47038,48130,50906,51894,52663,53680,56825
 "19075","Grundy, IA",4,CAGDP2,87,"11,21","Natural resources and mining ","Thousands of dollars",34947,55995,55834,90268,66814,69360,90058,100172,83878,84997,119633,140867,140022,96326,63231,48523,64697,64250,56655,48716,159426,(D)
 "19075","Grundy, IA",4,CAGDP2,88,"42,44-45","Trade ","Thousands of dollars",39308,41141,43095,44630,47836,48460,49535,51661,54095,56062,60830,64914,63190,62428,61443,58361,56235,60735,60876,63934,65945,71750
 "19075","Grundy, IA",4,CAGDP2,89,"22,48-49","Transportation and utilities ","Thousands of dollars",(D),(D),(D),(D),(D),(D),(D),(D),(D),13454,10605,11743,(D),(D),33016,35019,(D),(D),(D),(D),(D),(D)
 "19075","Grundy, IA",4,CAGDP2,90,"31-33,51","Manufacturing and information ","Thousands of dollars",69405,62922,61835,66320,57812,62575,49264,68328,80345,79155,61010,46339,40379,39716,44030,40459,37782,37987,37337,39358,44436,48585
 "19075","Grundy, IA",4,CAGDP2,91,"...","Private goods-producing industries 2/","Thousands of dollars",122806,136856,138107,179550,151829,161146,172169,196221,195555,200235,216180,229603,220800,184955,157381,138438,153870,155895,153525,156232,273227,(D)
 "19075","Grundy, IA",4,CAGDP2,92,"...","Private services-providing industries 3/","Thousands of dollars",145123,146760,156433,162620,179396,187848,195578,204792,204715,208229,218710,225492,230969,248407,276982,294948,290032,295877,317688,324829,348848,(D)
 "19077","Guthrie, IA",4,CAGDP2,1,"...","All industry total ","Thousands of dollars",185745,206859,229110,308456,315940,349328,391974,412788,338449,349126,410513,409845,478176,500000,484411,468192,478395,492302,434302,471532,558986,665354
 "19077","Guthrie, IA",4,CAGDP2,2,"..."," Private industries ","Thousands of dollars",153958,174110,195362,272877,277869,309237,350071,369865,290314,297253,359046,356983,423051,442736,423896,405170,414069,425191,366399,402965,489256,591974
 "19077","Guthrie, IA",4,CAGDP2,3,"11","  Agriculture, forestry, fishing and hunting ","Thousands of dollars",(D),19576,(D),(D),(D),48688,(D),(D),(D),(D),111034,83014,104399,93623,(D),(D),(D),(D),43883,61553,117660,184095
 "19077","Guthrie, IA",4,CAGDP2,6,"21","  Mining, quarrying, and oil and gas extraction ","Thousands of dollars",1630,0,0,0,0,0,0,0,0,0,0,0,0,0,0,0,0,0,0,0,0,0
 "19077","Guthrie, IA",4,CAGDP2,10,"22","  Utilities ","Thousands of dollars",2980,2700,2638,2682,4134,7507,6212,12766,8834,6287,2103,10946,28789,30434,29594,33152,30957,26157,28063,34152,35072,35323
 "19077","Guthrie, IA",4,CAGDP2,11,"23","  Construction ","Thousands of dollars",13864,15324,16011,16867,18162,(D),21846,26261,18916,18168,24585,33051,29115,32011,29053,26296,23718,24539,24320,26373,28004,29386
 "19077","Guthrie, IA",4,CAGDP2,12,"31-33","  Manufacturing ","Thousands of dollars",11101,16420,21998,38804,39837,(D),44229,55557,37964,42049,48304,41482,69298,71922,65781,67297,57038,56370,45421,46104,53562,63785
 "19077","Guthrie, IA",4,CAGDP2,13,"321,327-339","   Durable goods manufacturing ","Thousands of dollars",4740,(D),9403,19037,16641,(D),(D),27438,(D),4583,7266,6266,10433,12814,13546,14833,7356,5737,4599,5142,4951,5551
 "19077","Guthrie, IA",4,CAGDP2,25,"311-316,322-326","   Nondurable goods manufacturing ","Thousands of dollars",6361,(D),12595,19767,23196,(D),(D),28118,(D),37466,41037,35216,58865,59108,52235,52463,49682,50634,40821,40962,48611,58234
 "19077","Guthrie, IA",4,CAGDP2,34,"42","  Wholesale trade ","Thousands of dollars",17374,16378,14520,14622,12294,11994,11141,11285,11499,11745,14271,15651,17535,20632,21457,21236,19484,20625,21303,19707,21495,23582
 "19077","Guthrie, IA",4,CAGDP2,35,"44-45","  Retail trade ","Thousands of dollars",9195,9328,10044,10496,11839,12394,13443,13659,13820,13776,13297,14052,13608,13305,13291,12959,12393,12656,13146,14396,15295,16133
 "19077","Guthrie, IA",4,CAGDP2,36,"48-49","  Transportation and warehousing ","Thousands of dollars",(D),(D),(D),(D),(D),(D),(D),(D),(D),(D),(D),(D),(D),(D),(D),(D),(D),(D),(D),(D),(D),(D)
 "19077","Guthrie, IA",4,CAGDP2,45,"51","  Information ","Thousands of dollars",4037,5300,5217,6080,5829,5482,5280,5477,5946,8574,5024,6357,6997,7849,9759,9576,8883,7467,7179,6962,7599,7767
 "19077","Guthrie, IA",4,CAGDP2,50,"52,53","  Finance, insurance, real estate, rental, and leasing ","Thousands of dollars",51196,54263,65414,79394,95402,96113,121609,86571,86168,91312,94805,104492,103232,118609,117602,128845,131318,128707,110776,115657,122285,(D)
 "19077","Guthrie, IA",4,CAGDP2,51,"52","   Finance and insurance ","Thousands of dollars",20542,25966,34826,48149,63565,60243,77784,(D),43720,(D),46778,(D),47668,(D),66840,(D),69735,(D),59331,(D),51363,56424
 "19077","Guthrie, IA",4,CAGDP2,56,"53","   Real estate and rental and leasing ","Thousands of dollars",30654,28297,30589,31244,31836,35869,43825,(D),42448,(D),48027,(D),55564,(D),50762,(D),61583,(D),51445,(D),70921,(D)
 "19077","Guthrie, IA",4,CAGDP2,59,"54,55,56","  Professional and business services ","Thousands of dollars",4651,(D),4936,6418,6029,6307,6992,6822,7164,7579,(D),(D),(D),(D),14678,15641,17135,17920,18157,21760,26734,31062
 "19077","Guthrie, IA",4,CAGDP2,60,"54","   Professional, scientific, and technical services ","Thousands of dollars",3407,2704,3022,4021,3738,3880,4278,4758,4804,4895,5093,5870,7465,8283,10489,11107,12337,13440,13340,15457,20006,23712
 "19077","Guthrie, IA",4,CAGDP2,64,"55","   Management of companies and enterprises ","Thousands of dollars",0,0,0,0,0,0,0,0,0,0,(D),(D),(D),(D),1256,1142,1277,1185,869,1592,1260,1415
 "19077","Guthrie, IA",4,CAGDP2,65,"56","   Administrative and support and waste management and remediation services ","Thousands of dollars",1244,(D),1913,2397,2291,2428,2714,2064,2360,2685,(D),(D),(D),(D),2933,3391,3521,3295,3947,4711,5469,5935
 "19077","Guthrie, IA",4,CAGDP2,68,"61,62","  Educational services, health care, and social assistance ","Thousands of dollars",9261,(D),9937,10769,10553,10951,13489,14221,12591,13753,14495,14718,15385,15789,17788,18739,16287,15861,(D),(D),(D),(D)
 "19077","Guthrie, IA",4,CAGDP2,69,"61","   Educational services ","Thousands of dollars",1,1,0,18,15,11,54,40,99,154,24,245,55,210,1047,1014,157,25,(D),(D),(D),(D)
 "19077","Guthrie, IA",4,CAGDP2,70,"62","   Health care and social assistance ","Thousands of dollars",9260,(D),9937,10751,10538,10940,13435,14181,12492,13599,14471,14472,15330,15579,16741,17725,16130,15836,(D),(D),(D),(D)
 "19077","Guthrie, IA",4,CAGDP2,75,"71,72","  Arts, entertainment, recreation, accommodation, and food services ","Thousands of dollars",6032,6645,7074,7601,7068,7065,6110,5315,5558,5470,6273,6657,7435,7672,7884,7729,7622,8412,9081,7899,11269,11834
 "19077","Guthrie, IA",4,CAGDP2,76,"71","   Arts, entertainment, and recreation ","Thousands of dollars",1906,2470,3053,3752,4234,4206,4119,3733,3824,3625,3820,3916,4014,4184,4229,4353,4318,4827,5360,4545,7108,7505
 "19077","Guthrie, IA",4,CAGDP2,79,"72","   Accommodation and food services ","Thousands of dollars",4126,4175,4021,3848,2834,2859,1991,1582,1734,1845,2453,2741,3421,3488,3655,3376,3304,3585,3721,3354,4161,4329
 "19077","Guthrie, IA",4,CAGDP2,82,"81","  Other services (except government and government enterprises) ","Thousands of dollars",6707,7498,7595,8356,9444,9425,8847,8319,6904,7185,7261,8266,8633,9093,8979,8852,9270,10619,12686,12668,13762,14973
 "19077","Guthrie, IA",4,CAGDP2,83,"92","Government and government enterprises ","Thousands of dollars",31787,32749,33748,35579,38070,40092,41904,42922,48136,51873,51467,52862,55125,57264,60514,63022,64326,67110,67903,68567,69730,73381
 "19077","Guthrie, IA",4,CAGDP2,87,"11,21","Natural resources and mining ","Thousands of dollars",(D),19576,(D),(D),(D),48688,(D),(D),(D),(D),111034,83014,104399,93623,(D),(D),(D),(D),43883,61553,117660,184095
 "19077","Guthrie, IA",4,CAGDP2,88,"42,44-45","Trade ","Thousands of dollars",26568,25707,24564,25118,24132,24388,24584,24943,25319,25521,27567,29703,31144,33937,34747,34196,31877,33281,34449,34102,36790,39715
 "19077","Guthrie, IA",4,CAGDP2,89,"22,48-49","Transportation and utilities ","Thousands of dollars",(D),(D),(D),(D),(D),(D),(D),(D),(D),(D),(D),(D),(D),(D),(D),(D),(D),(D),(D),(D),(D),(D)
 "19077","Guthrie, IA",4,CAGDP2,90,"31-33,51","Manufacturing and information ","Thousands of dollars",15138,21720,27215,44884,45666,(D),49509,61034,43909,50623,53328,47839,76296,79771,75540,76873,65921,63838,52599,53067,61161,71553
 "19077","Guthrie, IA",4,CAGDP2,91,"...","Private goods-producing industries 2/","Thousands of dollars",(D),51320,(D),(D),(D),(D),(D),(D),(D),(D),183923,157547,202812,197556,(D),(D),(D),(D),113624,134031,199227,277266
 "19077","Guthrie, IA",4,CAGDP2,92,"...","Private services-providing industries 3/","Thousands of dollars",(D),122790,(D),(D),(D),(D),(D),(D),(D),(D),175123,199436,220239,245180,(D),(D),(D),(D),252776,268934,290030,314708
 "19079","Hamilton, IA",4,CAGDP2,1,"...","All industry total ","Thousands of dollars",495305,473924,566010,664445,669187,862500,841290,698798,596147,638686,698373,675643,802108,863761,821299,794594,853092,903464,774097,698325,880865,1060478
 "19079","Hamilton, IA",4,CAGDP2,2,"..."," Private industries ","Thousands of dollars",442656,420920,512696,608985,610561,801030,776259,631136,524359,563914,625844,602989,725928,785188,739340,707761,761740,806746,676814,599242,781838,957778
 "19079","Hamilton, IA",4,CAGDP2,3,"11","  Agriculture, forestry, fishing and hunting ","Thousands of dollars",47516,37506,28420,91514,63601,73658,116806,101937,62387,115662,(D),171263,(D),268218,196342,165036,239137,277146,160531,75618,212780,359597
 "19079","Hamilton, IA",4,CAGDP2,6,"21","  Mining, quarrying, and oil and gas extraction ","Thousands of dollars",3002,2275,3777,2543,118,190,180,278,313,299,161,188,281,168,133,2969,4235,4270,8339,9858,12836,8698
 "19079","Hamilton, IA",4,CAGDP2,10,"22","  Utilities ","Thousands of dollars",2559,2324,2199,2220,8218,23885,23359,27179,28377,22926,20403,22357,22609,24155,21148,20517,19176,22740,25328,30164,31335,35741
 "19079","Hamilton, IA",4,CAGDP2,11,"23","  Construction ","Thousands of dollars",11862,11025,10817,12153,13391,15773,16236,16817,15012,15688,16385,20532,21550,21887,22311,24450,24971,28970,22786,28118,27845,29595
 "19079","Hamilton, IA",4,CAGDP2,12,"31-33","  Manufacturing ","Thousands of dollars",188993,173727,264561,285582,296610,454408,367810,216559,147242,126574,105448,74789,92170,109772,121472,121807,100681,112083,87226,93381,94099,96109
 "19079","Hamilton, IA",4,CAGDP2,13,"321,327-339","   Durable goods manufacturing ","Thousands of dollars",155771,(D),(D),(D),(D),(D),256148,(D),(D),(D),(D),30462,32539,26302,32154,27383,21542,23758,22569,22045,24874,29338
 "19079","Hamilton, IA",4,CAGDP2,25,"311-316,322-326","   Nondurable goods manufacturing ","Thousands of dollars",33223,(D),(D),(D),(D),(D),111662,(D),(D),(D),(D),44327,59631,83470,89317,94424,79140,88325,64657,71336,69224,66771
 "19079","Hamilton, IA",4,CAGDP2,34,"42","  Wholesale trade ","Thousands of dollars",44557,45378,47547,51667,56961,58288,62849,69705,71051,76267,81966,87415,103514,102702,110497,106589,108390,105419,108237,106256,116069,120701
 "19079","Hamilton, IA",4,CAGDP2,35,"44-45","  Retail trade ","Thousands of dollars",24435,24643,25916,25731,25202,27088,27654,28006,28072,27593,26718,27269,28667,30005,34197,37706,40848,40986,42222,43353,51886,56223
 "19079","Hamilton, IA",4,CAGDP2,36,"48-49","  Transportation and warehousing ","Thousands of dollars",(D),(D),(D),(D),(D),(D),(D),(D),(D),(D),(D),(D),(D),(D),(D),(D),(D),(D),(D),(D),(D),(D)
 "19079","Hamilton, IA",4,CAGDP2,45,"51","  Information ","Thousands of dollars",6358,7173,8221,9466,9440,11271,11532,9848,8854,7282,9698,8604,15346,18479,19051,15406,14539,10845,7875,6937,7262,7461
 "19079","Hamilton, IA",4,CAGDP2,50,"52,53","  Finance, insurance, real estate, rental, and leasing ","Thousands of dollars",60875,59566,63300,64830,69794,63391,70414,73251,78717,82685,88122,101448,102880,117751,118701,126706,126379,118343,129866,124205,136270,144678
 "19079","Hamilton, IA",4,CAGDP2,51,"52","   Finance and insurance ","Thousands of dollars",18152,21103,21978,21370,24933,22403,24080,21519,22369,23753,28219,34286,32755,38508,44896,53847,53344,53278,51849,53661,54158,54794
 "19079","Hamilton, IA",4,CAGDP2,56,"53","   Real estate and rental and leasing ","Thousands of dollars",42722,38463,41322,43460,44861,40987,46334,51732,56347,58932,59904,67162,70124,79243,73806,72859,73035,65064,78018,70544,82112,89884
 "19079","Hamilton, IA",4,CAGDP2,59,"54,55,56","  Professional and business services ","Thousands of dollars",(D),(D),(D),(D),(D),(D),(D),(D),(D),(D),20424,23511,24767,26662,27089,25260,24197,24065,23206,25029,27796,32228
 "19079","Hamilton, IA",4,CAGDP2,60,"54","   Professional, scientific, and technical services ","Thousands of dollars",(D),(D),(D),(D),6960,7364,8680,9941,9715,(D),11820,13014,13880,14269,15013,12951,11461,11702,11746,13173,16015,18523
 "19079","Hamilton, IA",4,CAGDP2,64,"55","   Management of companies and enterprises ","Thousands of dollars",(D),(D),(D),(D),(D),(D),(D),(D),(D),(D),1748,1765,1918,1974,2500,2364,2217,2014,1685,2163,2172,3155
 "19079","Hamilton, IA",4,CAGDP2,65,"56","   Administrative and support and waste management and remediation services ","Thousands of dollars",(D),(D),(D),(D),(D),(D),(D),(D),(D),6042,6856,8732,8969,10419,9576,9946,10518,10349,9776,9693,9608,10551
 "19079","Hamilton, IA",4,CAGDP2,68,"61,62","  Educational services, health care, and social assistance ","Thousands of dollars",16166,17610,18637,20230,21564,21412,22784,24590,25012,24625,24488,(D),24325,(D),(D),(D),(D),(D),(D),(D),(D),(D)
 "19079","Hamilton, IA",4,CAGDP2,69,"61","   Educational services ","Thousands of dollars",(D),(D),(D),(D),(D),(D),(D),(D),(D),(D),1084,(D),982,(D),(D),(D),(D),(D),(D),(D),(D),(D)
 "19079","Hamilton, IA",4,CAGDP2,70,"62","   Health care and social assistance ","Thousands of dollars",(D),(D),(D),(D),(D),(D),(D),(D),(D),(D),23404,(D),23344,(D),(D),(D),(D),(D),(D),(D),(D),(D)
 "19079","Hamilton, IA",4,CAGDP2,75,"71,72","  Arts, entertainment, recreation, accommodation, and food services ","Thousands of dollars",5620,5782,5568,5764,6267,6291,6771,7475,7784,8002,7978,8523,8388,8382,9044,8994,9072,9064,9171,7853,10371,11517
 "19079","Hamilton, IA",4,CAGDP2,76,"71","   Arts, entertainment, and recreation ","Thousands of dollars",715,981,1001,949,895,971,1037,1136,1296,1440,1605,2117,2010,1899,1805,1830,1769,1666,1768,1242,1822,1987
 "19079","Hamilton, IA",4,CAGDP2,79,"72","   Accommodation and food services ","Thousands of dollars",4905,4801,4567,4815,5371,5320,5734,6340,6487,6562,6373,6406,6378,6484,7238,7164,7303,7397,7403,6610,8549,9530
 "19079","Hamilton, IA",4,CAGDP2,82,"81","  Other services (except government and government enterprises) ","Thousands of dollars",9417,10702,10340,10641,10678,11036,10183,9705,9810,10159,9941,9980,9721,10322,10721,11377,12315,13518,14214,13907,14445,15302
 "19079","Hamilton, IA",4,CAGDP2,83,"92","Government and government enterprises ","Thousands of dollars",52650,53004,53314,55459,58625,61470,65032,67663,71788,74772,72529,72653,76179,78573,81959,86833,91352,96718,97283,99083,99026,102700
 "19079","Hamilton, IA",4,CAGDP2,87,"11,21","Natural resources and mining ","Thousands of dollars",50519,39781,32196,94057,63719,73848,116986,102215,62700,115962,(D),171451,(D),268386,196475,168006,243372,281416,168870,85475,225616,368295
 "19079","Hamilton, IA",4,CAGDP2,88,"42,44-45","Trade ","Thousands of dollars",68992,70021,73463,77398,82163,85376,90503,97711,99123,103860,108684,114684,132180,132707,144694,144295,149239,146405,150460,149609,167956,176924
 "19079","Hamilton, IA",4,CAGDP2,89,"22,48-49","Transportation and utilities ","Thousands of dollars",(D),(D),(D),(D),(D),(D),(D),(D),(D),(D),(D),(D),(D),(D),(D),(D),(D),(D),(D),(D),(D),(D)
 "19079","Hamilton, IA",4,CAGDP2,90,"31-33,51","Manufacturing and information ","Thousands of dollars",195351,180900,272783,295049,306050,465679,379342,226408,156096,133857,115147,83393,107515,128251,140523,137213,115220,122928,95102,100318,101361,103570
 "19079","Hamilton, IA",4,CAGDP2,91,"...","Private goods-producing industries 2/","Thousands of dollars",251374,224533,307575,391793,373719,544029,501032,335592,224954,258225,(D),266773,(D),400045,340258,314263,369024,422469,278883,206975,347560,493999
 "19079","Hamilton, IA",4,CAGDP2,92,"...","Private services-providing industries 3/","Thousands of dollars",191282,196387,205121,217193,236842,257001,275227,295544,299405,305689,(D),336217,(D),385143,399082,393499,392716,384277,397932,392267,434279,463779
 "19081","Hancock, IA",4,CAGDP2,1,"...","All industry total ","Thousands of dollars",438395,507540,514671,600015,558248,558134,578160,549425,430664,587005,673487,735788,799353,866388,815731,736820,825161,851192,802520,757190,930427,1105246
 "19081","Hancock, IA",4,CAGDP2,2,"..."," Private industries ","Thousands of dollars",409959,477670,482866,567174,524383,523462,542582,512603,391908,545592,631574,692824,756438,820445,768537,690143,778742,801014,749911,703140,876752,1047841
 "19081","Hancock, IA",4,CAGDP2,3,"11","  Agriculture, forestry, fishing and hunting ","Thousands of dollars",33963,47556,53393,76129,64151,70351,102550,125463,75975,98125,159903,149228,197478,193403,110793,45543,123830,132649,65677,22511,146671,256375
 "19081","Hancock, IA",4,CAGDP2,6,"21","  Mining, quarrying, and oil and gas extraction ","Thousands of dollars",752,900,922,956,1105,1244,559,2331,1862,2006,1643,1853,1501,1557,1344,1150,1765,1679,2305,2640,2753,2159
 "19081","Hancock, IA",4,CAGDP2,10,"22","  Utilities ","Thousands of dollars",4621,4360,12834,11059,11344,15775,15099,21353,21065,47263,50383,52255,54060,59744,55711,63402,63424,53096,59032,78106,75379,90124
 "19081","Hancock, IA",4,CAGDP2,11,"23","  Construction ","Thousands of dollars",6240,5799,6873,8038,8323,8589,8093,9055,10581,9566,9705,9568,9179,9120,8601,9719,8630,11459,12275,13594,14130,15290
 "19081","Hancock, IA",4,CAGDP2,12,"31-33","  Manufacturing ","Thousands of dollars",238761,291038,272906,330386,291948,270743,259448,191915,117624,208484,225687,279831,280654,341542,357828,315104,321190,345658,341782,314789,337664,370922
 "19081","Hancock, IA",4,CAGDP2,13,"321,327-339","   Durable goods manufacturing ","Thousands of dollars",(D),(D),(D),(D),277521,257737,246314,181020,104504,192094,206310,248406,243908,298989,305233,261799,274263,294830,297669,263179,282254,315105
 "19081","Hancock, IA",4,CAGDP2,25,"311-316,322-326","   Nondurable goods manufacturing ","Thousands of dollars",(D),(D),(D),(D),14427,13006,13135,10894,13120,16390,19377,31425,36746,42553,52595,53305,46927,50828,44112,51609,55410,55817
 "19081","Hancock, IA",4,CAGDP2,34,"42","  Wholesale trade ","Thousands of dollars",22680,24589,24589,26172,27891,26614,25220,27873,27621,29493,31467,36292,42737,44689,49862,48289,44848,36282,36356,38510,40674,42386
 "19081","Hancock, IA",4,CAGDP2,35,"44-45","  Retail trade ","Thousands of dollars",14403,14925,15097,15295,14740,13918,14805,15921,16752,17383,18601,20977,20984,20272,20447,21896,23048,24317,30638,35628,43087,44947
 "19081","Hancock, IA",4,CAGDP2,36,"48-49","  Transportation and warehousing ","Thousands of dollars",15872,15510,21075,21777,25000,27986,27788,26024,27833,30394,29556,33089,35095,36343,40132,44957,60180,68758,70447,71824,86209,85849
 "19081","Hancock, IA",4,CAGDP2,45,"51","  Information ","Thousands of dollars",1824,1543,1574,1882,2300,2370,2357,2926,3941,4323,3929,3279,2958,2726,2820,3346,3723,3909,4190,3855,4429,4567
 "19081","Hancock, IA",4,CAGDP2,50,"52,53","  Finance, insurance, real estate, rental, and leasing ","Thousands of dollars",46781,45358,46172,44819,43943,50353,53818,55713,54738,63488,62144,66889,69640,67092,71772,85060,75279,73380,75663,71841,73579,75307
 "19081","Hancock, IA",4,CAGDP2,51,"52","   Finance and insurance ","Thousands of dollars",11241,12399,14078,13987,13251,13944,12847,12127,13411,14010,15672,17252,17269,20580,21007,23628,23851,23674,23017,21764,23032,24775
 "19081","Hancock, IA",4,CAGDP2,56,"53","   Real estate and rental and leasing ","Thousands of dollars",35540,32958,32093,30832,30693,36408,40971,43585,41327,49479,46472,49638,52371,46512,50764,61432,51428,49706,52646,50077,50546,50531
 "19081","Hancock, IA",4,CAGDP2,59,"54,55,56","  Professional and business services ","Thousands of dollars",4435,5225,5470,5656,6125,6510,6989,7399,7121,8069,8322,6280,6780,8262,11026,13744,16361,12363,12522,11647,13123,20503
 "19081","Hancock, IA",4,CAGDP2,60,"54","   Professional, scientific, and technical services ","Thousands of dollars",3630,4321,4542,4889,5191,5573,5608,6062,5760,6509,6870,4705,5075,5475,(D),(D),(D),7805,7841,7799,8912,15767
 "19081","Hancock, IA",4,CAGDP2,64,"55","   Management of companies and enterprises ","Thousands of dollars",0,0,0,0,0,0,0,0,0,0,(D),(D),(D),460,(D),(D),(D),1137,(D),(D),(D),(D)
 "19081","Hancock, IA",4,CAGDP2,65,"56","   Administrative and support and waste management and remediation services ","Thousands of dollars",805,904,927,767,934,937,1381,1336,1361,1560,(D),(D),(D),2327,4347,(D),7918,3421,(D),(D),(D),(D)
 "19081","Hancock, IA",4,CAGDP2,68,"61,62","  Educational services, health care, and social assistance ","Thousands of dollars",12973,13774,14887,14930,15244,15650,15226,16014,16852,17634,20560,21350,20487,18571,19741,21209,21810,21845,22683,23289,22843,22436
 "19081","Hancock, IA",4,CAGDP2,69,"61","   Educational services ","Thousands of dollars",(D),(D),(D),(D),(D),(D),(D),(D),(D),(D),(D),(D),(D),(D),(D),(D),(D),(D),(D),(D),(D),(D)
 "19081","Hancock, IA",4,CAGDP2,70,"62","   Health care and social assistance ","Thousands of dollars",(D),(D),(D),(D),(D),(D),(D),(D),(D),(D),(D),(D),(D),(D),(D),(D),(D),(D),(D),(D),(D),(D)
 "19081","Hancock, IA",4,CAGDP2,75,"71,72","  Arts, entertainment, recreation, accommodation, and food services ","Thousands of dollars",2316,2427,2599,2438,2825,2905,3037,3186,3246,3135,3164,3525,3501,3389,3894,4004,3568,3506,3683,3007,3903,4252
 "19081","Hancock, IA",4,CAGDP2,76,"71","   Arts, entertainment, and recreation ","Thousands of dollars",370,362,465,463,519,457,585,569,598,594,(D),(D),602,639,583,561,517,(D),586,473,(D),879
 "19081","Hancock, IA",4,CAGDP2,79,"72","   Accommodation and food services ","Thousands of dollars",1945,2064,2134,1975,2307,2447,2452,2616,2648,2541,(D),(D),2900,2750,3311,3443,3051,(D),3097,2534,(D),3373
 "19081","Hancock, IA",4,CAGDP2,82,"81","  Other services (except government and government enterprises) ","Thousands of dollars",4338,4666,4475,7638,9442,10454,7592,7433,6697,6227,6508,8409,11385,13735,14568,12720,11087,12113,12658,11899,12308,12724
 "19081","Hancock, IA",4,CAGDP2,83,"92","Government and government enterprises ","Thousands of dollars",28436,29870,31805,32841,33865,34672,35578,36821,38756,41414,41913,42964,42915,45943,47194,46677,46419,50177,52609,54050,53676,57405
 "19081","Hancock, IA",4,CAGDP2,87,"11,21","Natural resources and mining ","Thousands of dollars",34715,48456,54315,77085,65256,71595,103109,127794,77837,100132,161546,151080,198979,194960,112137,46693,125595,134328,67982,25151,149424,258534
 "19081","Hancock, IA",4,CAGDP2,88,"42,44-45","Trade ","Thousands of dollars",37083,39513,39687,41467,42632,40532,40026,43794,44373,46876,50068,57269,63720,64961,70308,70185,67896,60599,66994,74138,83761,87333
 "19081","Hancock, IA",4,CAGDP2,89,"22,48-49","Transportation and utilities ","Thousands of dollars",20493,19871,33909,32836,36343,43762,42887,47377,48898,77657,79940,85344,89155,96087,95843,108359,123604,121855,129479,149930,161587,175973
 "19081","Hancock, IA",4,CAGDP2,90,"31-33,51","Manufacturing and information ","Thousands of dollars",240585,292581,274480,332267,294248,273113,261805,194841,121565,212807,229616,283110,283612,344268,360648,318450,324913,349567,345972,318644,342093,375489
 "19081","Hancock, IA",4,CAGDP2,91,"...","Private goods-producing industries 2/","Thousands of dollars",279716,345294,334094,415509,365527,350926,370650,328763,206042,318181,396939,440478,488811,545622,478566,371516,455414,491445,422039,353534,501219,644746
 "19081","Hancock, IA",4,CAGDP2,92,"...","Private services-providing industries 3/","Thousands of dollars",130242,132376,148773,151665,158856,172535,171932,183841,185866,227410,234636,252346,267627,274823,289972,318627,323328,309570,327872,349606,375533,403094
 "19083","Hardin, IA",4,CAGDP2,1,"...","All industry total ","Thousands of dollars",547318,553506,530776,650425,653144,700848,771633,743650,692015,787143,882369,899828,937967,983954,875103,853951,884415,884688,822048,771289,1002659,1187454
 "19083","Hardin, IA",4,CAGDP2,2,"..."," Private industries ","Thousands of dollars",474538,479709,454357,570050,567827,610724,678251,646800,588507,683525,780144,796003,830115,868456,755242,732938,762246,760528,700815,649767,881274,1061584
 "19083","Hardin, IA",4,CAGDP2,3,"11","  Agriculture, forestry, fishing and hunting ","Thousands of dollars",84410,88017,69839,136383,107108,117935,154968,106993,83065,166581,225090,225618,274481,304504,161571,150320,156759,169247,103338,64403,203731,303149
 "19083","Hardin, IA",4,CAGDP2,6,"21","  Mining, quarrying, and oil and gas extraction ","Thousands of dollars",10960,13310,12838,15722,18384,24429,19740,26144,20716,22248,12263,13344,10604,12714,11190,9681,14816,12720,10498,13113,17644,13978
 "19083","Hardin, IA",4,CAGDP2,10,"22","  Utilities ","Thousands of dollars",3746,3799,3533,3603,4864,6447,5824,10449,8060,14349,17236,21064,19389,19458,17840,22789,27085,23935,25280,25412,22945,26838
 "19083","Hardin, IA",4,CAGDP2,11,"23","  Construction ","Thousands of dollars",19923,19226,19368,25969,27888,31457,28607,29028,39158,26624,27689,35406,36948,40220,40139,40880,43293,41870,41215,42388,44622,52897
 "19083","Hardin, IA",4,CAGDP2,12,"31-33","  Manufacturing ","Thousands of dollars",78728,79941,68936,99508,111290,110689,120917,112562,88770,99890,98555,103608,103563,106943,101459,77834,83228,70961,63845,74030,120939,151844
 "19083","Hardin, IA",4,CAGDP2,13,"321,327-339","   Durable goods manufacturing ","Thousands of dollars",40922,42455,37734,47582,51014,45562,41277,37020,27364,28632,29347,42300,34331,39264,40994,30561,34540,30799,27745,32266,37923,39590
 "19083","Hardin, IA",4,CAGDP2,25,"311-316,322-326","   Nondurable goods manufacturing ","Thousands of dollars",37806,37486,31202,51926,60276,65127,79640,75542,61406,71258,69207,61308,69232,67679,60465,47273,48688,40162,36100,41764,83015,112254
 "19083","Hardin, IA",4,CAGDP2,34,"42","  Wholesale trade ","Thousands of dollars",74377,69519,65977,68577,77376,87775,93618,105520,98105,93906,101635,101359,81659,67801,101451,95579,86934,88597,85350,84812,90153,95388
 "19083","Hardin, IA",4,CAGDP2,35,"44-45","  Retail trade ","Thousands of dollars",32984,34030,34474,34008,32441,33379,33860,35629,36622,37919,38383,39243,39882,40288,40699,44828,47010,47981,49517,51290,53856,55779
 "19083","Hardin, IA",4,CAGDP2,36,"48-49","  Transportation and warehousing ","Thousands of dollars",12447,13311,(D),12840,11340,14810,15397,20085,17632,19232,21600,23475,28831,32067,32878,38568,44107,46090,47458,32469,40465,44872
 "19083","Hardin, IA",4,CAGDP2,45,"51","  Information ","Thousands of dollars",9534,10130,11413,17666,18111,15047,18784,21027,16621,15472,17138,17058,19623,15679,15266,17115,16614,15817,16946,17211,26584,28997
 "19083","Hardin, IA",4,CAGDP2,50,"52,53","  Finance, insurance, real estate, rental, and leasing ","Thousands of dollars",76906,75924,79592,80052,85050,88493,100421,89361,91447,97112,130050,120574,119533,137236,133225,139315,143673,139315,147961,137603,141919,150753
 "19083","Hardin, IA",4,CAGDP2,51,"52","   Finance and insurance ","Thousands of dollars",23147,25546,26187,25009,27617,27705,29672,26869,24632,25196,40306,45606,44363,52594,54773,60573,62262,63300,60848,56414,56344,59621
 "19083","Hardin, IA",4,CAGDP2,56,"53","   Real estate and rental and leasing ","Thousands of dollars",53758,50378,53405,55043,57433,60787,70749,62492,66814,71915,89744,74969,75170,84642,78452,78742,81411,76015,87114,81189,85575,91132
 "19083","Hardin, IA",4,CAGDP2,59,"54,55,56","  Professional and business services ","Thousands of dollars",25138,26271,(D),28132,27017,30369,35418,35960,32370,33693,33755,37178,38091,33315,38129,33798,34296,36513,39059,39340,44259,60861
 "19083","Hardin, IA",4,CAGDP2,60,"54","   Professional, scientific, and technical services ","Thousands of dollars",5820,6590,7111,8532,8892,9152,9771,11278,10932,11153,11524,12459,13025,14348,13669,13606,13390,12897,13591,13330,15598,17712
 "19083","Hardin, IA",4,CAGDP2,64,"55","   Management of companies and enterprises ","Thousands of dollars",(D),(D),(D),(D),(D),(D),22344,21310,(D),(D),(D),(D),(D),(D),(D),(D),(D),(D),(D),20173,(D),(D)
 "19083","Hardin, IA",4,CAGDP2,65,"56","   Administrative and support and waste management and remediation services ","Thousands of dollars",(D),(D),(D),(D),(D),(D),3302,3372,(D),(D),(D),(D),(D),(D),(D),(D),(D),(D),(D),5837,(D),(D)
 "19083","Hardin, IA",4,CAGDP2,68,"61,62","  Educational services, health care, and social assistance ","Thousands of dollars",24296,23676,24275,27177,26048,27831,29549,33644,34204,33025,33181,34327,34678,34182,35461,35517,36052,37025,38246,38610,40637,41077
 "19083","Hardin, IA",4,CAGDP2,69,"61","   Educational services ","Thousands of dollars",(D),(D),(D),(D),(D),(D),(D),(D),(D),(D),(D),(D),(D),(D),(D),(D),(D),428,1102,(D),(D),1675
 "19083","Hardin, IA",4,CAGDP2,70,"62","   Health care and social assistance ","Thousands of dollars",(D),(D),(D),(D),(D),(D),(D),(D),(D),(D),(D),(D),(D),(D),(D),(D),(D),36597,37144,(D),(D),39402
 "19083","Hardin, IA",4,CAGDP2,75,"71,72","  Arts, entertainment, recreation, accommodation, and food services ","Thousands of dollars",7280,7448,6986,7138,7734,8283,7864,7820,8493,9356,10334,10819,10570,11015,11930,12178,12982,13798,14325,11298,14370,15130
 "19083","Hardin, IA",4,CAGDP2,76,"71","   Arts, entertainment, and recreation ","Thousands of dollars",909,982,1056,1055,1120,1081,1147,1118,1151,1323,1425,1482,1716,2125,2091,2074,2135,2259,2187,1853,2825,2976
 "19083","Hardin, IA",4,CAGDP2,79,"72","   Accommodation and food services ","Thousands of dollars",6371,6466,5930,6083,6614,7203,6716,6702,7343,8033,8909,9337,8854,8890,9839,10104,10847,11539,12139,9445,11545,12154
 "19083","Hardin, IA",4,CAGDP2,82,"81","  Other services (except government and government enterprises) ","Thousands of dollars",13810,15105,14209,13274,13176,13779,13284,12578,13243,14120,13235,12931,12263,13034,14004,14537,15397,16661,17777,17788,19151,20020
 "19083","Hardin, IA",4,CAGDP2,83,"92","Government and government enterprises ","Thousands of dollars",72780,73797,76420,80375,85317,90124,93383,96850,103508,103619,102225,103824,107852,115497,119861,121013,122169,124160,121232,121522,121385,125871
 "19083","Hardin, IA",4,CAGDP2,87,"11,21","Natural resources and mining ","Thousands of dollars",95370,101327,82677,152104,125492,142365,174708,133138,103782,188828,237353,238962,285085,317218,172762,160000,171574,181966,113836,77516,221375,317128
 "19083","Hardin, IA",4,CAGDP2,88,"42,44-45","Trade ","Thousands of dollars",107361,103550,100451,102585,109817,121153,127478,141149,134727,131824,140018,140602,121541,108089,142150,140407,133944,136577,134866,136102,144008,151167
 "19083","Hardin, IA",4,CAGDP2,89,"22,48-49","Transportation and utilities ","Thousands of dollars",16193,17111,(D),16443,16204,21257,21221,30533,25692,33581,38836,44538,48220,51525,50718,61357,71192,70025,72738,57882,63410,71710
 "19083","Hardin, IA",4,CAGDP2,90,"31-33,51","Manufacturing and information ","Thousands of dollars",88261,90071,80349,117174,129401,125737,139700,133589,105391,115362,115692,120666,123186,122623,116725,94949,99842,86778,80791,91241,147522,180842
 "19083","Hardin, IA",4,CAGDP2,91,"...","Private goods-producing industries 2/","Thousands of dollars",194021,200493,170981,277581,264670,284511,324232,274728,231710,315342,363597,377975,425596,464381,314359,278715,298096,294797,218896,193934,386935,521868
 "19083","Hardin, IA",4,CAGDP2,92,"...","Private services-providing industries 3/","Thousands of dollars",280516,279215,283375,292469,303157,326213,354019,372072,356797,368183,416547,418028,404519,404075,440883,454223,464150,465731,481920,455833,494338,539715
 "19085","Harrison, IA",4,CAGDP2,1,"...","All industry total ","Thousands of dollars",254725,283202,293270,336946,315157,319756,340959,382136,404965,373694,421126,437313,462400,418594,422724,424865,433075,448589,467513,452980,578975,666148
 "19085","Harrison, IA",4,CAGDP2,2,"..."," Private industries ","Thousands of dollars",216930,244344,251078,293151,269824,272832,292936,332286,352529,318704,366177,382255,406911,361305,364063,364287,371373,383788,401946,386618,512320,595437
 "19085","Harrison, IA",4,CAGDP2,3,"11","  Agriculture, forestry, fishing and hunting ","Thousands of dollars",24954,46374,46605,73179,40193,30638,(D),(D),84690,32918,69879,59453,60968,2361,4114,2899,5160,8639,26625,2247,108619,151385
 "19085","Harrison, IA",4,CAGDP2,6,"21","  Mining, quarrying, and oil and gas extraction ","Thousands of dollars",326,528,2214,3202,2025,962,894,1464,582,59,1,2,2,0,218,0,0,0,0,0,0,0
 "19085","Harrison, IA",4,CAGDP2,10,"22","  Utilities ","Thousands of dollars",3252,2999,2971,2924,4434,6163,5489,10587,7679,5605,2638,2539,2840,2778,(D),2687,2823,3200,(D),(D),(D),3834
 "19085","Harrison, IA",4,CAGDP2,11,"23","  Construction ","Thousands of dollars",8295,10379,8683,9238,9119,10091,9262,10071,12567,16063,18544,19658,17649,16368,17059,16352,16572,14149,15211,17785,16484,18909
 "19085","Harrison, IA",4,CAGDP2,12,"31-33","  Manufacturing ","Thousands of dollars",25506,29004,26955,30181,28129,29683,25178,24215,19737,26856,26931,38456,47629,56594,55187,45235,58475,57486,54976,59438,60390,62428
 "19085","Harrison, IA",4,CAGDP2,13,"321,327-339","   Durable goods manufacturing ","Thousands of dollars",14284,16210,(D),17179,16835,(D),(D),(D),(D),18602,(D),(D),20245,26304,28147,24891,29214,29816,32909,35720,36245,34386
 "19085","Harrison, IA",4,CAGDP2,25,"311-316,322-326","   Nondurable goods manufacturing ","Thousands of dollars",11222,12794,(D),13001,11294,(D),(D),(D),(D),8254,(D),(D),27384,30289,27040,20344,29260,27671,22067,23718,24145,28042
 "19085","Harrison, IA",4,CAGDP2,34,"42","  Wholesale trade ","Thousands of dollars",17181,16454,15750,16986,21563,24040,26001,29534,32302,34770,36522,39792,41904,41715,34850,31525,34739,35271,36331,36728,39682,51986
 "19085","Harrison, IA",4,CAGDP2,35,"44-45","  Retail trade ","Thousands of dollars",23771,22941,23321,22647,20737,19167,19768,20322,22033,24191,26821,30417,30025,30982,35702,40891,40201,41227,42140,44139,46851,49855
 "19085","Harrison, IA",4,CAGDP2,36,"48-49","  Transportation and warehousing ","Thousands of dollars",(D),(D),(D),(D),(D),(D),(D),(D),(D),(D),(D),12359,12065,13090,14175,14552,15128,15382,15724,13723,14319,(D)
 "19085","Harrison, IA",4,CAGDP2,45,"51","  Information ","Thousands of dollars",3031,4859,6274,8331,7902,6549,6364,8452,11498,13645,13320,5534,12453,12284,10279,7301,5676,5715,6615,4753,4827,(D)
 "19085","Harrison, IA",4,CAGDP2,50,"52,53","  Finance, insurance, real estate, rental, and leasing ","Thousands of dollars",53759,53668,58427,62323,68378,70744,63825,74099,76388,76795,82290,91881,96264,105873,106078,115385,105353,113163,109945,111922,117656,131569
 "19085","Harrison, IA",4,CAGDP2,51,"52","   Finance and insurance ","Thousands of dollars",13738,12895,13587,15604,17290,15885,16208,14576,15157,15944,20035,24511,24382,29329,31716,36021,36067,37069,33760,34223,36947,48787
 "19085","Harrison, IA",4,CAGDP2,56,"53","   Real estate and rental and leasing ","Thousands of dollars",40021,40773,44840,46719,51088,54859,47617,59523,61231,60851,62255,67370,71881,76544,74362,79364,69286,76093,76185,77699,80709,82782
 "19085","Harrison, IA",4,CAGDP2,59,"54,55,56","  Professional and business services ","Thousands of dollars",(D),(D),(D),(D),(D),(D),9576,10641,10564,10689,11292,13420,14112,14526,15483,15207,16400,17356,(D),17710,21353,22463
 "19085","Harrison, IA",4,CAGDP2,60,"54","   Professional, scientific, and technical services ","Thousands of dollars",(D),(D),(D),(D),(D),(D),5086,5401,5111,5210,5735,7638,8472,9035,9521,9426,10706,11943,12527,11867,14206,15307
 "19085","Harrison, IA",4,CAGDP2,64,"55","   Management of companies and enterprises ","Thousands of dollars",(D),(D),(D),(D),(D),(D),0,0,0,0,0,0,0,0,0,0,(D),(D),(D),0,813,966
 "19085","Harrison, IA",4,CAGDP2,65,"56","   Administrative and support and waste management and remediation services ","Thousands of dollars",3863,3276,3466,3226,3188,4061,4491,5240,5453,5479,5556,5782,5640,5491,5963,5781,(D),(D),(D),5844,6335,6190
 "19085","Harrison, IA",4,CAGDP2,68,"61,62","  Educational services, health care, and social assistance ","Thousands of dollars",17885,19592,21118,23749,27002,32160,31220,32555,(D),(D),(D),44439,45649,39069,(D),42468,40804,(D),38969,(D),(D),(D)
 "19085","Harrison, IA",4,CAGDP2,69,"61","   Educational services ","Thousands of dollars",(D),(D),(D),(D),(D),1190,1262,509,(D),(D),(D),(D),(D),(D),(D),(D),(D),(D),(D),(D),(D),(D)
 "19085","Harrison, IA",4,CAGDP2,70,"62","   Health care and social assistance ","Thousands of dollars",(D),(D),(D),(D),(D),30969,29957,32046,(D),(D),(D),(D),(D),(D),(D),(D),(D),(D),(D),(D),(D),(D)
 "19085","Harrison, IA",4,CAGDP2,75,"71,72","  Arts, entertainment, recreation, accommodation, and food services ","Thousands of dollars",8432,8446,8153,8172,7752,7893,7854,8317,8469,8674,8641,8833,9087,9935,10725,11664,10997,(D),11217,9295,12739,13893
 "19085","Harrison, IA",4,CAGDP2,76,"71","   Arts, entertainment, and recreation ","Thousands of dollars",692,713,675,715,777,691,755,739,743,790,770,(D),696,650,632,661,770,(D),1152,852,1908,(D)
 "19085","Harrison, IA",4,CAGDP2,79,"72","   Accommodation and food services ","Thousands of dollars",7740,7733,7478,7458,6976,7203,7099,7579,7726,7883,7871,(D),8391,9284,10093,11002,10226,(D),10065,8443,10832,(D)
 "19085","Harrison, IA",4,CAGDP2,82,"81","  Other services (except government and government enterprises) ","Thousands of dollars",12530,12851,12681,12205,12058,12532,14474,14491,12266,11543,12220,15472,16263,15732,17302,18120,19048,21556,22255,23197,25549,27204
 "19085","Harrison, IA",4,CAGDP2,83,"92","Government and government enterprises ","Thousands of dollars",37796,38858,42192,43794,45333,46924,48023,49850,52436,54990,54949,55058,55489,57289,58662,60577,61701,64801,65568,66362,66655,70711
 "19085","Harrison, IA",4,CAGDP2,87,"11,21","Natural resources and mining ","Thousands of dollars",25280,46902,48818,76381,42219,31600,(D),(D),85272,32977,69879,59455,60971,2361,4332,2899,5160,8639,26625,2247,108619,151385
 "19085","Harrison, IA",4,CAGDP2,88,"42,44-45","Trade ","Thousands of dollars",40952,39395,39071,39633,42300,43208,45769,49856,54336,58961,63343,70209,71929,72696,70553,72416,74939,76498,78470,80866,86533,101840
 "19085","Harrison, IA",4,CAGDP2,89,"22,48-49","Transportation and utilities ","Thousands of dollars",(D),(D),(D),(D),(D),(D),(D),(D),(D),(D),(D),14898,14906,15869,(D),17239,17951,18582,(D),(D),(D),(D)
 "19085","Harrison, IA",4,CAGDP2,90,"31-33,51","Manufacturing and information ","Thousands of dollars",28537,33863,33229,38512,36031,36233,31542,32667,31235,40501,40251,43990,60082,68878,65465,52536,64151,63202,61591,64191,65217,(D)
 "19085","Harrison, IA",4,CAGDP2,91,"...","Private goods-producing industries 2/","Thousands of dollars",59081,86284,84456,115800,79467,71374,(D),(D),117576,75895,115355,117568,126249,75323,76577,64486,80206,80274,96812,79469,185493,232722
 "19085","Harrison, IA",4,CAGDP2,92,"...","Private services-providing industries 3/","Thousands of dollars",157848,158060,166622,177352,190358,201458,(D),(D),234953,242808,250822,264687,280663,285983,287485,299801,291167,303514,305133,307149,326827,362715
 "19087","Henry, IA",4,CAGDP2,1,"...","All industry total ","Thousands of dollars",605912,622845,632842,709438,727942,736415,777746,783865,742019,726637,744908,795691,817850,827200,884859,897196,927769,956930,943156,979737,1074502,1161223
 "19087","Henry, IA",4,CAGDP2,2,"..."," Private industries ","Thousands of dollars",519538,534412,541906,614320,625010,628430,666522,668753,621695,603567,622854,668849,690038,695491,754437,764044,797727,822504,805380,842060,938238,1020062
 "19087","Henry, IA",4,CAGDP2,3,"11","  Agriculture, forestry, fishing and hunting ","Thousands of dollars",9839,17851,23387,50624,26248,27004,39795,58328,21952,10446,41472,66265,70885,50342,56427,42362,52973,61462,42949,32682,91459,141541
 "19087","Henry, IA",4,CAGDP2,6,"21","  Mining, quarrying, and oil and gas extraction ","Thousands of dollars",1067,883,1257,1338,1099,1224,1637,1032,1763,1624,1125,1750,778,809,896,435,1179,752,1213,1870,922,1484
 "19087","Henry, IA",4,CAGDP2,10,"22","  Utilities ","Thousands of dollars",4032,2557,2586,3172,3361,3471,3629,3650,3865,3868,3912,3762,3962,4293,4219,4630,4673,4750,5087,5631,5952,6330
 "19087","Henry, IA",4,CAGDP2,11,"23","  Construction ","Thousands of dollars",19969,20021,20433,23461,22018,22721,26601,24734,26176,24426,23708,22591,23554,25569,30952,26934,29507,21176,20003,18562,20303,23314
 "19087","Henry, IA",4,CAGDP2,12,"31-33","  Manufacturing ","Thousands of dollars",184133,185311,177259,208422,227778,224362,231110,215192,198556,199734,178985,190919,202157,223341,246915,254446,257682,274953,273674,293955,304418,318685
 "19087","Henry, IA",4,CAGDP2,13,"321,327-339","   Durable goods manufacturing ","Thousands of dollars",125521,127117,111019,127732,129582,108379,93024,81840,59726,54519,42145,53469,44161,49693,55054,62737,89068,93505,96272,104109,110677,118669
 "19087","Henry, IA",4,CAGDP2,25,"311-316,322-326","   Nondurable goods manufacturing ","Thousands of dollars",58613,58195,66240,80690,98196,115983,138085,133352,138830,145215,136840,137451,157997,173648,191861,191709,168614,181447,177402,189847,193741,200016
 "19087","Henry, IA",4,CAGDP2,34,"42","  Wholesale trade ","Thousands of dollars",(D),(D),(D),(D),(D),(D),(D),(D),(D),(D),(D),(D),(D),(D),(D),(D),(D),(D),(D),(D),(D),(D)
 "19087","Henry, IA",4,CAGDP2,35,"44-45","  Retail trade ","Thousands of dollars",32596,33140,34218,36557,35745,36200,37126,38566,39307,39749,39878,44252,45898,46310,48996,50457,52761,50941,54152,52810,62815,64209
 "19087","Henry, IA",4,CAGDP2,36,"48-49","  Transportation and warehousing ","Thousands of dollars",83624,84854,(D),92933,97006,85187,83128,80024,81330,76975,74784,74540,72787,72798,70683,79823,84018,84091,76335,75214,81934,83122
 "19087","Henry, IA",4,CAGDP2,45,"51","  Information ","Thousands of dollars",5579,5496,5533,5992,7090,7667,7922,8926,10545,12116,9800,7332,7544,7736,11603,13553,16545,15627,16123,12319,9026,8330
 "19087","Henry, IA",4,CAGDP2,50,"52,53","  Finance, insurance, real estate, rental, and leasing ","Thousands of dollars",71194,70333,73481,72800,78391,80687,89363,83670,87524,81868,95498,106224,110516,106919,125260,126657,124740,120767,115258,151911,139303,(D)
 "19087","Henry, IA",4,CAGDP2,51,"52","   Finance and insurance ","Thousands of dollars",17227,18311,17583,17949,19977,22034,23058,18102,18663,19685,23451,29040,28874,32819,35164,37682,35451,35365,32878,31368,38203,33792
 "19087","Henry, IA",4,CAGDP2,56,"53","   Real estate and rental and leasing ","Thousands of dollars",53966,52022,55898,54850,58414,58653,66305,65567,68861,62183,72047,77184,81642,74101,90096,88976,89289,85401,82380,120543,101101,(D)
 "19087","Henry, IA",4,CAGDP2,59,"54,55,56","  Professional and business services ","Thousands of dollars",34835,(D),39352,42371,(D),53214,56595,58281,53902,55951,54105,(D),(D),(D),(D),47355,54591,58207,57697,(D),(D),76619
 "19087","Henry, IA",4,CAGDP2,60,"54","   Professional, scientific, and technical services ","Thousands of dollars",27910,30274,30938,32161,32657,31720,30659,31111,26104,25724,24248,(D),(D),(D),(D),(D),(D),(D),(D),(D),(D),(D)
 "19087","Henry, IA",4,CAGDP2,64,"55","   Management of companies and enterprises ","Thousands of dollars",0,(D),(D),(D),(D),(D),16963,18154,17518,16366,(D),(D),(D),(D),(D),(D),(D),(D),(D),(D),(D),(D)
 "19087","Henry, IA",4,CAGDP2,65,"56","   Administrative and support and waste management and remediation services ","Thousands of dollars",6926,(D),(D),(D),(D),(D),8973,9016,10280,13861,(D),13402,12426,17432,16805,18453,26105,27864,27319,23644,27325,32490
 "19087","Henry, IA",4,CAGDP2,68,"61,62","  Educational services, health care, and social assistance ","Thousands of dollars",(D),35936,35807,(D),38232,(D),(D),(D),(D),(D),(D),46241,48873,48544,48136,(D),(D),(D),(D),54899,59685,64636
 "19087","Henry, IA",4,CAGDP2,69,"61","   Educational services ","Thousands of dollars",(D),(D),(D),(D),(D),(D),(D),(D),(D),(D),(D),(D),(D),(D),(D),(D),(D),(D),(D),(D),12326,(D)
 "19087","Henry, IA",4,CAGDP2,70,"62","   Health care and social assistance ","Thousands of dollars",(D),(D),(D),(D),(D),(D),(D),(D),(D),(D),(D),(D),(D),(D),(D),(D),(D),(D),(D),(D),47359,(D)
 "19087","Henry, IA",4,CAGDP2,75,"71,72","  Arts, entertainment, recreation, accommodation, and food services ","Thousands of dollars",9665,9693,9356,9871,9970,10362,11201,11577,11667,11547,11603,11976,11782,12067,12997,13692,13418,14274,15069,12564,16251,17009
 "19087","Henry, IA",4,CAGDP2,76,"71","   Arts, entertainment, and recreation ","Thousands of dollars",703,754,673,512,500,674,762,832,1350,1462,1435,1490,1443,1576,1792,1965,2131,2304,2698,2035,3241,3526
 "19087","Henry, IA",4,CAGDP2,79,"72","   Accommodation and food services ","Thousands of dollars",8962,8939,8683,9359,9471,9688,10439,10745,10318,10085,10168,10486,10339,10491,11205,11726,11286,11971,12372,10529,13009,13483
 "19087","Henry, IA",4,CAGDP2,82,"81","  Other services (except government and government enterprises) ","Thousands of dollars",12848,14613,14187,14210,14452,16180,16154,15597,15920,16291,16048,16343,16105,17309,18321,18802,18204,18299,21265,18574,19404,20680
 "19087","Henry, IA",4,CAGDP2,83,"92","Government and government enterprises ","Thousands of dollars",86374,88433,90937,95118,102932,107984,111224,115111,120324,123070,122054,126842,127812,131708,130422,133152,130042,134426,137776,137678,136264,141161
 "19087","Henry, IA",4,CAGDP2,87,"11,21","Natural resources and mining ","Thousands of dollars",10907,18734,24644,51962,27347,28228,41432,59361,23715,12070,42596,68015,71663,51151,57323,42798,54152,62214,44163,34552,92382,143025
 "19087","Henry, IA",4,CAGDP2,88,"42,44-45","Trade ","Thousands of dollars",(D),(D),(D),(D),(D),(D),(D),(D),(D),(D),(D),(D),(D),(D),(D),(D),(D),(D),(D),(D),(D),(D)
 "19087","Henry, IA",4,CAGDP2,89,"22,48-49","Transportation and utilities ","Thousands of dollars",87655,87411,(D),96105,100367,88658,86758,83674,85196,80843,78696,78302,76749,77091,74902,84453,88690,88841,81423,80845,87886,89452
 "19087","Henry, IA",4,CAGDP2,90,"31-33,51","Manufacturing and information ","Thousands of dollars",189712,190807,182792,214414,234867,232029,239031,224118,209102,211850,188785,198251,209702,231077,258518,267999,274226,290580,289797,306275,313444,327016
 "19087","Henry, IA",4,CAGDP2,91,"...","Private goods-producing industries 2/","Thousands of dollars",215009,224067,222336,283845,277143,275312,299143,299286,248447,236230,245289,281526,297375,300061,335190,324178,341341,358343,337840,347069,417102,485024
 "19087","Henry, IA",4,CAGDP2,92,"...","Private services-providing industries 3/","Thousands of dollars",304530,310345,319570,330476,347868,353118,367379,369467,373248,367337,377565,387323,392663,395431,419247,439866,456386,464161,467540,494991,521135,535037
 "19089","Howard, IA",4,CAGDP2,1,"...","All industry total ","Thousands of dollars",232934,263221,257782,303636,318309,311664,334802,309655,246602,381404,437524,450485,508832,489440,472271,460468,442544,462640,456226,454139,567229,648519
 "19089","Howard, IA",4,CAGDP2,2,"..."," Private industries ","Thousands of dollars",202088,231774,224321,268892,282045,274205,293681,267931,202582,335748,394588,406941,463492,441126,423726,411792,392461,409203,400761,395176,506797,582505
 "19089","Howard, IA",4,CAGDP2,3,"11","  Agriculture, forestry, fishing and hunting ","Thousands of dollars",10897,31393,16332,39921,43650,26724,47673,44492,20867,89902,117879,134255,185515,141125,110379,103934,87097,91127,74776,58198,131683,183105
 "19089","Howard, IA",4,CAGDP2,6,"21","  Mining, quarrying, and oil and gas extraction ","Thousands of dollars",0,0,0,0,0,0,0,0,0,0,0,0,0,0,0,0,0,0,0,0,0,0
 "19089","Howard, IA",4,CAGDP2,10,"22","  Utilities ","Thousands of dollars",2866,3992,3763,3829,5229,6942,6769,11540,8236,16143,13397,14489,14019,15066,14079,15129,14985,13559,23581,27517,28043,30502
 "19089","Howard, IA",4,CAGDP2,11,"23","  Construction ","Thousands of dollars",9195,10001,10648,10849,11154,12137,11847,11795,13493,14719,17463,19702,22792,23178,22008,19298,17711,23075,19520,19947,20716,23711
 "19089","Howard, IA",4,CAGDP2,12,"31-33","  Manufacturing ","Thousands of dollars",83445,85987,88006,102812,106823,114448,97222,75088,26677,76792,94292,78802,85780,96887,100902,88164,84476,89905,85955,87081,100706,108452
 "19089","Howard, IA",4,CAGDP2,13,"321,327-339","   Durable goods manufacturing ","Thousands of dollars",(D),(D),(D),(D),(D),(D),(D),(D),(D),65563,83941,69110,78232,87635,88740,73659,71349,75578,68754,64666,63458,60843
 "19089","Howard, IA",4,CAGDP2,25,"311-316,322-326","   Nondurable goods manufacturing ","Thousands of dollars",(D),(D),(D),(D),(D),(D),(D),(D),(D),11230,10351,9692,7548,9252,12162,14504,13128,14326,17202,22415,37249,47609
 "19089","Howard, IA",4,CAGDP2,34,"42","  Wholesale trade ","Thousands of dollars",14670,15284,15588,16479,16186,17184,17987,17584,21834,23889,26557,27796,31407,31679,33211,32625,34782,32958,31506,30626,36359,40563
 "19089","Howard, IA",4,CAGDP2,35,"44-45","  Retail trade ","Thousands of dollars",14951,15436,17035,17126,17510,17721,17942,17494,18850,21180,21920,23619,22712,23363,25019,26790,25973,26451,33629,43781,57857,58301
 "19089","Howard, IA",4,CAGDP2,36,"48-49","  Transportation and warehousing ","Thousands of dollars",(D),(D),(D),(D),(D),(D),(D),(D),(D),(D),(D),(D),(D),(D),(D),(D),(D),(D),(D),(D),(D),(D)
 "19089","Howard, IA",4,CAGDP2,45,"51","  Information ","Thousands of dollars",1694,2039,2365,2821,2788,2475,2444,2639,2853,3058,3318,3165,3101,2951,3136,2770,2836,2888,3287,2743,3467,3646
 "19089","Howard, IA",4,CAGDP2,50,"52,53","  Finance, insurance, real estate, rental, and leasing ","Thousands of dollars",38584,39449,42528,45427,48815,46016,52545,51696,53247,54798,60834,61268,62030,68529,70614,74689,74690,76081,77076,74604,73091,75944
 "19089","Howard, IA",4,CAGDP2,51,"52","   Finance and insurance ","Thousands of dollars",12630,14436,15296,17019,18280,16426,18487,16397,16489,16783,19296,21357,21259,24556,26883,33179,33392,34082,34705,33227,35766,39401
 "19089","Howard, IA",4,CAGDP2,56,"53","   Real estate and rental and leasing ","Thousands of dollars",25954,25013,27232,28408,30535,29590,34059,35298,36759,38016,41537,39911,40771,43973,43731,41509,41298,41999,42370,41376,37325,36543
 "19089","Howard, IA",4,CAGDP2,59,"54,55,56","  Professional and business services ","Thousands of dollars",5415,(D),6011,(D),(D),(D),14945,12989,14188,12444,13662,16984,(D),(D),(D),10840,11897,(D),10637,10289,11421,12523
 "19089","Howard, IA",4,CAGDP2,60,"54","   Professional, scientific, and technical services ","Thousands of dollars",3191,3607,3631,(D),3929,3956,3755,3758,(D),(D),(D),(D),(D),3853,4266,(D),4541,(D),4835,4868,5390,5854
 "19089","Howard, IA",4,CAGDP2,64,"55","   Management of companies and enterprises ","Thousands of dollars",0,(D),(D),(D),(D),(D),(D),(D),(D),(D),(D),(D),(D),(D),(D),(D),648,(D),1352,(D),(D),(D)
 "19089","Howard, IA",4,CAGDP2,65,"56","   Administrative and support and waste management and remediation services ","Thousands of dollars",2224,(D),(D),2221,(D),(D),(D),(D),5305,4497,(D),5153,4058,(D),(D),5927,6707,7548,4450,(D),(D),(D)
 "19089","Howard, IA",4,CAGDP2,68,"61,62","  Educational services, health care, and social assistance ","Thousands of dollars",9460,9854,9212,9490,9449,9668,(D),(D),(D),(D),(D),12726,13097,14473,16648,17767,(D),19541,(D),18944,19525,19994
 "19089","Howard, IA",4,CAGDP2,69,"61","   Educational services ","Thousands of dollars",(D),(D),(D),(D),(D),(D),(D),(D),(D),(D),(D),(D),(D),(D),(D),(D),(D),(D),(D),(D),(D),(D)
 "19089","Howard, IA",4,CAGDP2,70,"62","   Health care and social assistance ","Thousands of dollars",(D),(D),(D),(D),(D),(D),(D),(D),(D),(D),(D),(D),(D),(D),(D),(D),(D),(D),(D),(D),(D),(D)
 "19089","Howard, IA",4,CAGDP2,75,"71,72","  Arts, entertainment, recreation, accommodation, and food services ","Thousands of dollars",(D),2877,(D),3251,2936,2930,3353,3664,3578,3705,3906,(D),3952,3727,3804,(D),3458,3654,3485,(D),(D),(D)
 "19089","Howard, IA",4,CAGDP2,76,"71","   Arts, entertainment, and recreation ","Thousands of dollars",(D),607,(D),593,500,579,731,727,736,775,767,(D),693,696,554,(D),341,359,373,(D),(D),(D)
 "19089","Howard, IA",4,CAGDP2,79,"72","   Accommodation and food services ","Thousands of dollars",2254,2269,2575,2657,2437,2351,2623,2936,2841,2930,3139,(D),3259,3030,3251,(D),3117,3294,3112,(D),(D),(D)
 "19089","Howard, IA",4,CAGDP2,82,"81","  Other services (except government and government enterprises) ","Thousands of dollars",4732,5368,5124,5011,5064,5088,4993,4905,5055,5059,5009,5519,5711,6078,6559,6456,6853,7456,9106,9263,11032,11929
 "19089","Howard, IA",4,CAGDP2,83,"92","Government and government enterprises ","Thousands of dollars",30846,31447,33461,34744,36264,37459,41121,41724,44021,45655,42935,43544,45341,48314,48545,48676,50084,53436,55465,58964,60432,66014
 "19089","Howard, IA",4,CAGDP2,87,"11,21","Natural resources and mining ","Thousands of dollars",10897,31393,16332,39921,43650,26724,47673,44492,20867,89902,117879,134255,185515,141125,110379,103934,87097,91127,74776,58198,131683,183105
 "19089","Howard, IA",4,CAGDP2,88,"42,44-45","Trade ","Thousands of dollars",29621,30721,32623,33605,33696,34904,35930,35079,40684,45068,48477,51416,54118,55043,58230,59415,60755,59409,65134,74407,94217,98864
 "19089","Howard, IA",4,CAGDP2,89,"22,48-49","Transportation and utilities ","Thousands of dollars",(D),(D),(D),(D),(D),(D),(D),(D),(D),(D),(D),(D),(D),(D),(D),(D),(D),(D),(D),(D),(D),(D)
 "19089","Howard, IA",4,CAGDP2,90,"31-33,51","Manufacturing and information ","Thousands of dollars",85138,88026,90371,105633,109611,116922,99665,77727,29530,79850,97610,81967,88881,99838,104038,90934,87312,92793,89242,89824,104174,112099
 "19089","Howard, IA",4,CAGDP2,91,"...","Private goods-producing industries 2/","Thousands of dollars",103536,127381,114985,153582,161627,153309,156741,131374,61036,181413,229634,232759,294086,261190,233290,211395,189285,204107,180251,165225,253106,315269
 "19089","Howard, IA",4,CAGDP2,92,"...","Private services-providing industries 3/","Thousands of dollars",98552,104393,109336,115310,120418,120895,136939,136556,141546,154335,164954,174183,169406,179935,190436,200396,203176,205096,220511,229950,253691,267236
 "19091","Humboldt, IA",4,CAGDP2,1,"...","All industry total ","Thousands of dollars",270593,295053,287786,336545,326714,313296,327480,335808,343105,330910,419750,447030,461514,461066,447990,460976,438685,456810,473592,449142,526615,590110
 "19091","Humboldt, IA",4,CAGDP2,2,"..."," Private industries ","Thousands of dollars",240611,264135,255660,303463,292267,278320,291940,299095,304270,291625,380874,407227,419968,416427,401504,412136,385194,399989,416202,389548,465989,526328
 "19091","Humboldt, IA",4,CAGDP2,3,"11","  Agriculture, forestry, fishing and hunting ","Thousands of dollars",33352,51853,48059,66995,46633,43995,55587,73220,77298,48417,124049,115575,133979,115612,93307,96400,64645,71677,82517,52637,114927,157043
 "19091","Humboldt, IA",4,CAGDP2,6,"21","  Mining, quarrying, and oil and gas extraction ","Thousands of dollars",0,487,0,0,1461,2076,2610,2065,1635,1666,1784,1769,1996,1888,1884,1127,455,787,2052,2492,2956,2513
 "19091","Humboldt, IA",4,CAGDP2,10,"22","  Utilities ","Thousands of dollars",7717,6475,6534,6911,7098,7645,7843,7696,8357,8643,8708,8713,8986,9386,9388,10013,10247,11316,11834,12684,13332,13548
 "19091","Humboldt, IA",4,CAGDP2,11,"23","  Construction ","Thousands of dollars",10268,10782,11546,11133,10963,11211,11859,11309,12607,14025,16145,18609,18990,18059,18804,19591,20773,23842,20713,19558,20991,22337
 "19091","Humboldt, IA",4,CAGDP2,12,"31-33","  Manufacturing ","Thousands of dollars",72577,75776,75529,97581,98592,92997,89608,78996,71162,78764,79124,97146,87033,92776,95932,94449,93570,99225,99045,105743,105930,106356
 "19091","Humboldt, IA",4,CAGDP2,13,"321,327-339","   Durable goods manufacturing ","Thousands of dollars",(D),67827,65765,(D),(D),(D),(D),67046,(D),(D),(D),(D),68134,73620,73507,65229,68741,71471,73007,77719,78601,78485
 "19091","Humboldt, IA",4,CAGDP2,25,"311-316,322-326","   Nondurable goods manufacturing ","Thousands of dollars",(D),7948,9764,(D),(D),(D),(D),11950,(D),(D),(D),(D),18899,19156,22425,29220,24829,27754,26038,28023,27329,27870
 "19091","Humboldt, IA",4,CAGDP2,34,"42","  Wholesale trade ","Thousands of dollars",29836,30304,22270,22300,23088,21242,18602,20335,21247,24019,26709,29448,33010,34412,35114,36253,39035,41362,44587,46479,49767,53597
 "19091","Humboldt, IA",4,CAGDP2,35,"44-45","  Retail trade ","Thousands of dollars",15718,15883,13077,13017,13654,13811,15284,15931,18033,18807,18482,19173,20046,19159,20885,21919,21910,21677,21777,22099,21879,23248
 "19091","Humboldt, IA",4,CAGDP2,36,"48-49","  Transportation and warehousing ","Thousands of dollars",6720,6269,6944,8799,10062,10515,12085,10481,11088,12048,14797,17297,17598,17526,19340,20141,22192,23267,22237,21478,21260,23447
 "19091","Humboldt, IA",4,CAGDP2,45,"51","  Information ","Thousands of dollars",2238,2401,2378,3201,3413,3057,3002,3331,3430,3456,3581,3498,3613,3759,3929,3838,3261,2782,2806,2888,3300,3352
 "19091","Humboldt, IA",4,CAGDP2,50,"52,53","  Finance, insurance, real estate, rental, and leasing ","Thousands of dollars",39548,40000,44974,47876,51373,44429,47201,46561,48752,49205,54255,61573,61023,69345,66319,69696,70998,65561,70367,68083,74405,80246
 "19091","Humboldt, IA",4,CAGDP2,51,"52","   Finance and insurance ","Thousands of dollars",11558,13714,15754,18345,20994,16740,15976,12427,12374,12137,15935,19631,19168,22716,(D),26495,26818,26060,25500,26482,28490,30183
 "19091","Humboldt, IA",4,CAGDP2,56,"53","   Real estate and rental and leasing ","Thousands of dollars",27990,26286,29220,29532,30379,27689,31225,34134,36378,37067,38320,41942,41855,46628,(D),43200,44180,39501,44867,41601,45915,50063
 "19091","Humboldt, IA",4,CAGDP2,59,"54,55,56","  Professional and business services ","Thousands of dollars",5115,5862,5932,5977,6006,6870,7368,7835,8499,9008,9091,9965,11075,12267,12813,13331,14012,14412,13694,13913,14771,16849
 "19091","Humboldt, IA",4,CAGDP2,60,"54","   Professional, scientific, and technical services ","Thousands of dollars",3892,4684,4734,4625,4578,4582,4717,5063,5384,5499,5572,6322,7036,7537,7989,8490,8073,8307,7569,7625,8039,8915
 "19091","Humboldt, IA",4,CAGDP2,64,"55","   Management of companies and enterprises ","Thousands of dollars",0,(D),0,0,0,(D),(D),(D),(D),(D),(D),(D),(D),(D),(D),(D),(D),(D),(D),(D),(D),(D)
 "19091","Humboldt, IA",4,CAGDP2,65,"56","   Administrative and support and waste management and remediation services ","Thousands of dollars",1223,(D),1199,1352,1428,(D),(D),(D),(D),(D),(D),(D),(D),(D),(D),(D),(D),(D),(D),(D),(D),(D)
 "19091","Humboldt, IA",4,CAGDP2,68,"61,62","  Educational services, health care, and social assistance ","Thousands of dollars",8930,9162,9567,10786,10713,10903,10484,10732,11266,11440,11078,11242,10538,10610,10860,11667,9524,8496,7905,8066,8430,8629
 "19091","Humboldt, IA",4,CAGDP2,69,"61","   Educational services ","Thousands of dollars",(D),(D),(D),(D),(D),(D),(D),(D),(D),(D),(D),(D),(D),(D),(D),(D),(D),(D),(D),(D),(D),(D)
 "19091","Humboldt, IA",4,CAGDP2,70,"62","   Health care and social assistance ","Thousands of dollars",(D),(D),(D),(D),(D),(D),(D),(D),(D),(D),(D),(D),(D),(D),(D),(D),(D),(D),(D),(D),(D),(D)
 "19091","Humboldt, IA",4,CAGDP2,75,"71,72","  Arts, entertainment, recreation, accommodation, and food services ","Thousands of dollars",4221,4259,4214,4175,4278,4165,4876,4810,4875,5266,5314,5273,4785,4830,4975,5109,5118,5507,5948,4628,5603,6081
 "19091","Humboldt, IA",4,CAGDP2,76,"71","   Arts, entertainment, and recreation ","Thousands of dollars",224,(D),(D),291,194,203,297,336,371,411,431,413,(D),387,(D),(D),(D),(D),511,(D),(D),(D)
 "19091","Humboldt, IA",4,CAGDP2,79,"72","   Accommodation and food services ","Thousands of dollars",3997,(D),(D),3884,4085,3962,4579,4474,4504,4855,4883,4860,(D),4443,(D),(D),(D),(D),5436,(D),(D),(D)
 "19091","Humboldt, IA",4,CAGDP2,82,"81","  Other services (except government and government enterprises) ","Thousands of dollars",4370,4623,4636,4713,4931,5405,5533,5793,6020,6861,7757,7944,7295,6799,7954,8601,9452,10077,10721,8801,8437,9082
 "19091","Humboldt, IA",4,CAGDP2,83,"92","Government and government enterprises ","Thousands of dollars",29982,30917,32126,33082,34447,34976,35540,36713,38835,39285,38877,39803,41546,44639,46486,48840,53491,56821,57390,59595,60626,63781
 "19091","Humboldt, IA",4,CAGDP2,87,"11,21","Natural resources and mining ","Thousands of dollars",33352,52341,48059,66995,48094,46071,58196,75285,78933,50082,125833,117344,135975,117500,95191,97528,65100,72464,84569,55129,117883,159555
 "19091","Humboldt, IA",4,CAGDP2,88,"42,44-45","Trade ","Thousands of dollars",45555,46187,35347,35317,36743,35053,33886,36266,39280,42826,45191,48621,53057,53571,55999,58172,60945,63040,66364,68578,71647,76845
 "19091","Humboldt, IA",4,CAGDP2,89,"22,48-49","Transportation and utilities ","Thousands of dollars",14438,12744,13478,15711,17161,18160,19928,18177,19445,20690,23505,26011,26584,26912,28729,30155,32440,34583,34071,34162,34592,36995
 "19091","Humboldt, IA",4,CAGDP2,90,"31-33,51","Manufacturing and information ","Thousands of dollars",74815,78177,77907,100782,102005,96054,92610,82327,74592,82221,82705,100644,90646,96535,99861,98287,96831,102007,101851,108630,109230,109708
 "19091","Humboldt, IA",4,CAGDP2,91,"...","Private goods-producing industries 2/","Thousands of dollars",116198,138898,135134,175708,157649,150279,159663,165590,162702,142872,221102,233100,241998,228335,209927,211568,179444,195531,204327,180430,244804,288249
 "19091","Humboldt, IA",4,CAGDP2,92,"...","Private services-providing industries 3/","Thousands of dollars",124414,125237,120526,127755,134617,128041,132276,133506,141568,148753,159772,174127,177970,188092,191577,200568,205750,204458,211875,209118,221185,238080
 "19093","Ida, IA",4,CAGDP2,1,"...","All industry total ","Thousands of dollars",240865,263626,272543,314404,303422,306672,346724,381990,320711,364011,378895,389924,390719,386161,397679,405300,518075,544182,557045,627546,710120,781876
 "19093","Ida, IA",4,CAGDP2,2,"..."," Private industries ","Thousands of dollars",222746,245204,253402,294422,282576,285927,325674,360649,298406,341083,356455,366641,367271,362803,373204,379471,492093,517094,529822,600317,682982,752438
 "19093","Ida, IA",4,CAGDP2,3,"11","  Agriculture, forestry, fishing and hunting ","Thousands of dollars",43512,55914,60651,70881,48374,29258,63427,102555,73125,(D),(D),(D),(D),(D),23201,14633,25196,22004,23363,31885,103087,142074
 "19093","Ida, IA",4,CAGDP2,6,"21","  Mining, quarrying, and oil and gas extraction ","Thousands of dollars",0,0,0,0,0,0,0,0,0,0,0,0,0,0,0,0,0,0,0,0,0,0
 "19093","Ida, IA",4,CAGDP2,10,"22","  Utilities ","Thousands of dollars",1707,1804,1804,1965,1997,2183,2247,2311,2427,2643,2501,2302,2485,2591,2619,11623,51162,45145,45948,83112,89662,96762
 "19093","Ida, IA",4,CAGDP2,11,"23","  Construction ","Thousands of dollars",10501,10880,11396,10150,10319,10388,15933,22146,13642,14287,14837,16337,13294,14708,14761,15039,14736,16750,15041,19751,20972,18934
 "19093","Ida, IA",4,CAGDP2,12,"31-33","  Manufacturing ","Thousands of dollars",72704,80377,74412,93521,99478,115400,109062,110994,93893,115569,115415,124943,128822,143790,165452,169426,223370,243623,253946,276070,268402,283680
 "19093","Ida, IA",4,CAGDP2,13,"321,327-339","   Durable goods manufacturing ","Thousands of dollars",68161,75118,67197,81510,83940,80935,79154,82529,65303,77660,74057,91574,80273,94689,104100,105382,124376,144502,173486,190687,184753,182098
 "19093","Ida, IA",4,CAGDP2,25,"311-316,322-326","   Nondurable goods manufacturing ","Thousands of dollars",4543,5259,7215,12011,15538,34465,29908,28465,28590,37909,41358,33369,48549,49101,61352,64044,98993,99121,80461,85382,83649,101582
 "19093","Ida, IA",4,CAGDP2,34,"42","  Wholesale trade ","Thousands of dollars",(D),11933,12055,15963,17978,18501,17260,18881,19054,20733,23303,26786,28644,29962,28503,27765,26581,25867,26069,25101,24326,23693
 "19093","Ida, IA",4,CAGDP2,35,"44-45","  Retail trade ","Thousands of dollars",12839,13258,13666,13393,13387,15051,13697,13822,12407,13304,12713,13351,13189,15588,14408,14048,16336,17865,19248,17330,20992,23055
 "19093","Ida, IA",4,CAGDP2,36,"48-49","  Transportation and warehousing ","Thousands of dollars",(D),(D),(D),(D),(D),(D),(D),(D),(D),(D),(D),(D),(D),(D),(D),(D),(D),(D),(D),(D),(D),(D)
 "19093","Ida, IA",4,CAGDP2,45,"51","  Information ","Thousands of dollars",481,570,1189,4258,4603,5103,4528,2542,1727,3217,2706,2217,2222,2452,2186,2370,2271,2066,2030,2950,3789,4231
 "19093","Ida, IA",4,CAGDP2,50,"52,53","  Finance, insurance, real estate, rental, and leasing ","Thousands of dollars",34691,34654,35139,36089,37888,40611,45169,42435,40438,44305,49404,58153,59266,62615,64539,64843,66217,73600,71702,72882,73366,75595
 "19093","Ida, IA",4,CAGDP2,51,"52","   Finance and insurance ","Thousands of dollars",11913,14443,14646,15820,17805,18080,17310,17336,15848,15179,20388,24995,25216,28990,30786,37314,36912,40367,39734,37993,39297,40939
 "19093","Ida, IA",4,CAGDP2,56,"53","   Real estate and rental and leasing ","Thousands of dollars",22778,20211,20494,20269,20083,22531,27859,25099,24590,29126,29015,33158,34050,33625,33753,27529,29304,33232,31968,34889,34070,34655
 "19093","Ida, IA",4,CAGDP2,59,"54,55,56","  Professional and business services ","Thousands of dollars",3548,4789,(D),(D),(D),(D),(D),(D),(D),3719,3994,4171,4327,4384,(D),(D),(D),(D),8571,7424,9145,(D)
 "19093","Ida, IA",4,CAGDP2,60,"54","   Professional, scientific, and technical services ","Thousands of dollars",1777,2190,2255,2458,2675,2605,2640,2806,2672,2436,2441,2401,2407,2464,(D),(D),(D),(D),3307,3263,3503,(D)
 "19093","Ida, IA",4,CAGDP2,64,"55","   Management of companies and enterprises ","Thousands of dollars",0,0,(D),(D),(D),(D),(D),(D),(D),0,0,0,0,0,(D),(D),(D),(D),1146,854,521,(D)
 "19093","Ida, IA",4,CAGDP2,65,"56","   Administrative and support and waste management and remediation services ","Thousands of dollars",1771,2600,(D),(D),(D),(D),(D),(D),(D),1283,1553,1770,1919,1920,2104,3453,4252,3941,4118,3307,5121,6707
 "19093","Ida, IA",4,CAGDP2,68,"61,62","  Educational services, health care, and social assistance ","Thousands of dollars",13207,(D),15613,16658,17209,18097,18333,18876,19120,20690,20868,21602,22881,23803,24739,26283,25985,27667,(D),(D),(D),28228
 "19093","Ida, IA",4,CAGDP2,69,"61","   Educational services ","Thousands of dollars",(D),(D),(D),(D),(D),(D),867,179,38,231,195,120,89,159,131,181,76,(D),(D),(D),(D),(D)
 "19093","Ida, IA",4,CAGDP2,70,"62","   Health care and social assistance ","Thousands of dollars",(D),(D),(D),(D),(D),(D),17466,18697,19082,20459,20673,21482,22792,23643,24608,26102,25909,(D),(D),(D),(D),(D)
 "19093","Ida, IA",4,CAGDP2,75,"71,72","  Arts, entertainment, recreation, accommodation, and food services ","Thousands of dollars",2368,2398,3127,3856,3779,3462,4515,4102,3003,3320,3993,3031,3423,3712,3934,4388,4190,4220,5071,5034,8254,9141
 "19093","Ida, IA",4,CAGDP2,76,"71","   Arts, entertainment, and recreation ","Thousands of dollars",686,701,716,767,523,515,1968,1559,1011,1250,1266,985,1065,1259,1209,1192,1171,1367,1454,2329,4085,4824
 "19093","Ida, IA",4,CAGDP2,79,"72","   Accommodation and food services ","Thousands of dollars",1682,1696,2410,3089,3256,2947,2547,2543,1992,2069,2727,2046,2358,2453,2725,3195,3019,2853,3617,2705,4169,4317
 "19093","Ida, IA",4,CAGDP2,82,"81","  Other services (except government and government enterprises) ","Thousands of dollars",4018,4608,4366,4481,4578,4741,4426,4134,3685,3879,3734,4226,4438,4810,4862,4953,4895,5124,5246,5171,5272,5449
 "19093","Ida, IA",4,CAGDP2,83,"92","Government and government enterprises ","Thousands of dollars",18118,18422,19141,19982,20847,20745,21050,21341,22305,22928,22441,23283,23448,23358,24475,25829,25982,27088,27223,27228,27137,29438
 "19093","Ida, IA",4,CAGDP2,87,"11,21","Natural resources and mining ","Thousands of dollars",43512,55914,60651,70881,48374,29258,63427,102555,73125,(D),(D),(D),(D),(D),23201,14633,25196,22004,23363,31885,103087,142074
 "19093","Ida, IA",4,CAGDP2,88,"42,44-45","Trade ","Thousands of dollars",(D),25191,25721,29356,31365,33552,30957,32703,31461,34036,36016,40137,41833,45550,42911,41813,42917,43732,45317,42432,45318,46748
 "19093","Ida, IA",4,CAGDP2,89,"22,48-49","Transportation and utilities ","Thousands of dollars",(D),(D),(D),(D),(D),(D),(D),(D),(D),(D),(D),(D),(D),(D),(D),(D),(D),(D),(D),(D),(D),(D)
 "19093","Ida, IA",4,CAGDP2,90,"31-33,51","Manufacturing and information ","Thousands of dollars",73185,80947,75601,97779,104081,120503,113590,113537,95620,118786,118121,127160,131044,146242,167638,171796,225641,245689,255977,279020,272191,287911
 "19093","Ida, IA",4,CAGDP2,91,"...","Private goods-producing industries 2/","Thousands of dollars",126717,147171,146458,174552,158172,155045,188422,235695,180660,(D),(D),(D),(D),(D),203414,199098,263302,282377,292350,327706,392461,444688
 "19093","Ida, IA",4,CAGDP2,92,"...","Private services-providing industries 3/","Thousands of dollars",96029,98032,106943,119870,124404,130881,137252,124954,117746,(D),(D),(D),(D),(D),169791,180374,228791,234716,237472,272612,290521,307750
 "19095","Iowa, IA",4,CAGDP2,1,"...","All industry total ","Thousands of dollars",605710,676588,739377,772345,731089,813747,799141,863368,762725,830241,723406,871522,1071660,1003977,836216,893032,1056869,1136798,1123966,1035268,1167444,1263442
 "19095","Iowa, IA",4,CAGDP2,2,"..."," Private industries ","Thousands of dollars",566100,634750,694510,724324,680308,759753,741718,803503,699714,768622,662304,808914,1006542,934900,763423,817927,980235,1056346,1040270,948168,1078354,1166694
 "19095","Iowa, IA",4,CAGDP2,3,"11","  Agriculture, forestry, fishing and hunting ","Thousands of dollars",46261,82038,78957,78176,37524,43709,38981,(D),40392,47800,94132,95600,105514,80981,(D),56978,58535,69224,67163,(D),131295,168575
 "19095","Iowa, IA",4,CAGDP2,6,"21","  Mining, quarrying, and oil and gas extraction ","Thousands of dollars",0,0,0,0,0,0,0,0,0,664,744,681,820,869,827,447,949,938,1088,1323,(D),(D)
 "19095","Iowa, IA",4,CAGDP2,10,"22","  Utilities ","Thousands of dollars",1332,2705,2694,2674,3917,5456,4821,9527,6640,4709,1881,1943,2298,2351,2477,2789,2751,3204,3362,6545,(D),47862
 "19095","Iowa, IA",4,CAGDP2,11,"23","  Construction ","Thousands of dollars",17156,17760,20610,21055,21068,21547,20112,19954,21767,24628,26930,31913,31693,31339,33904,37354,35889,33937,35894,40465,37519,39917
 "19095","Iowa, IA",4,CAGDP2,12,"31-33","  Manufacturing ","Thousands of dollars",290102,303958,376300,398037,385543,452815,432267,486679,389316,449239,278135,404045,573138,513178,310353,347426,477271,540449,522036,448439,464404,476993
 "19095","Iowa, IA",4,CAGDP2,13,"321,327-339","   Durable goods manufacturing ","Thousands of dollars",262307,275006,343913,365870,350870,416999,393582,454837,359899,423054,248099,374256,543646,492447,292493,328943,458894,519578,499590,422920,435499,448443
 "19095","Iowa, IA",4,CAGDP2,25,"311-316,322-326","   Nondurable goods manufacturing ","Thousands of dollars",27795,28952,32387,32166,34673,35816,38685,31842,29417,26185,30036,29788,29492,20731,17861,18483,18377,20871,22446,25519,28905,28551
 "19095","Iowa, IA",4,CAGDP2,34,"42","  Wholesale trade ","Thousands of dollars",39340,45285,30152,35771,41003,45269,46470,48291,43050,33799,34657,35236,46058,58808,75371,94360,121582,114111,101509,89510,(D),(D)
 "19095","Iowa, IA",4,CAGDP2,35,"44-45","  Retail trade ","Thousands of dollars",40721,50323,48142,44960,41586,40547,36379,38207,39103,41304,44018,49057,52157,52891,54772,55791,56851,59339,61378,62744,70790,75455
 "19095","Iowa, IA",4,CAGDP2,36,"48-49","  Transportation and warehousing ","Thousands of dollars",8539,8649,9624,12041,12606,13709,13490,(D),(D),(D),(D),(D),(D),(D),(D),(D),(D),(D),(D),(D),33319,37882
 "19095","Iowa, IA",4,CAGDP2,45,"51","  Information ","Thousands of dollars",6213,4207,4627,5555,5708,5236,5510,5708,6402,6301,5583,4828,5463,5432,5221,4892,5187,4936,5392,5129,5774,6218
 "19095","Iowa, IA",4,CAGDP2,50,"52,53","  Finance, insurance, real estate, rental, and leasing ","Thousands of dollars",53397,53091,56511,57645,61512,64080,75043,67336,68960,72591,87678,91899,91302,90884,99348,98386,96969,108411,117667,100094,95404,(D)
 "19095","Iowa, IA",4,CAGDP2,51,"52","   Finance and insurance ","Thousands of dollars",11634,12700,13405,13293,14310,14166,15614,13332,13828,14085,16593,19340,18183,22731,22936,26175,25304,24267,22389,22987,23262,23451
 "19095","Iowa, IA",4,CAGDP2,56,"53","   Real estate and rental and leasing ","Thousands of dollars",41763,40391,43105,44353,47202,49914,59429,54005,55132,58507,71084,72559,73119,68153,76412,72210,71665,84145,95278,77108,72142,(D)
 "19095","Iowa, IA",4,CAGDP2,59,"54,55,56","  Professional and business services ","Thousands of dollars",15749,16668,16654,16169,16817,13865,14171,15208,(D),(D),(D),(D),(D),(D),26988,(D),(D),(D),(D),37824,41383,43205
 "19095","Iowa, IA",4,CAGDP2,60,"54","   Professional, scientific, and technical services ","Thousands of dollars",7732,8301,8273,8222,11936,(D),8322,9294,9056,9118,10102,(D),(D),12971,14781,17205,18357,(D),(D),17194,19837,19843
 "19095","Iowa, IA",4,CAGDP2,64,"55","   Management of companies and enterprises ","Thousands of dollars",(D),4389,4896,4822,(D),(D),(D),2083,(D),(D),(D),(D),(D),(D),2233,(D),(D),(D),(D),8691,8570,9044
 "19095","Iowa, IA",4,CAGDP2,65,"56","   Administrative and support and waste management and remediation services ","Thousands of dollars",(D),3978,3486,3125,(D),(D),(D),3831,(D),(D),(D),8779,12643,(D),9974,(D),(D),10681,11429,11940,12976,14318
 "19095","Iowa, IA",4,CAGDP2,68,"61,62","  Educational services, health care, and social assistance ","Thousands of dollars",14941,16102,16900,17854,18116,18846,19652,21277,22452,22930,23262,24920,26013,26696,26889,31960,38487,30822,32453,33658,32842,33817
 "19095","Iowa, IA",4,CAGDP2,69,"61","   Educational services ","Thousands of dollars",32,(D),(D),(D),(D),(D),(D),263,444,539,412,(D),(D),(D),298,383,198,(D),944,1054,941,884
 "19095","Iowa, IA",4,CAGDP2,70,"62","   Health care and social assistance ","Thousands of dollars",14909,(D),(D),(D),(D),(D),(D),21014,22008,22391,22849,(D),(D),(D),26590,31577,38290,(D),31510,32604,31900,32933
 "19095","Iowa, IA",4,CAGDP2,75,"71,72","  Arts, entertainment, recreation, accommodation, and food services ","Thousands of dollars",21769,21957,21555,22120,21940,21351,21972,21173,20778,18911,18176,17627,17637,16837,19954,23043,22159,21414,22029,17690,23992,24794
 "19095","Iowa, IA",4,CAGDP2,76,"71","   Arts, entertainment, and recreation ","Thousands of dollars",3625,3668,3547,4165,4515,4388,4442,4154,4150,3564,3473,4256,4435,4253,4474,4782,5252,5616,6236,4559,6344,6932
 "19095","Iowa, IA",4,CAGDP2,79,"72","   Accommodation and food services ","Thousands of dollars",18145,18289,18008,17955,17425,16962,17530,17019,16627,15346,14703,13370,13202,12585,15480,18261,16907,15799,15794,13131,17649,17862
 "19095","Iowa, IA",4,CAGDP2,82,"81","  Other services (except government and government enterprises) ","Thousands of dollars",10578,12006,11783,12267,12968,13322,12849,11897,12568,14368,14226,15921,16992,18467,19825,19919,19343,19455,19834,19578,18833,19431
 "19095","Iowa, IA",4,CAGDP2,83,"92","Government and government enterprises ","Thousands of dollars",39610,41838,44867,48020,50781,53994,57423,59866,63011,61619,61102,62608,65118,69077,72793,75105,76633,80452,83695,87101,89089,96749
 "19095","Iowa, IA",4,CAGDP2,87,"11,21","Natural resources and mining ","Thousands of dollars",46261,82038,78957,78176,37524,43709,38981,(D),40392,48464,94875,96281,106334,81850,(D),57425,59485,70162,68251,(D),(D),(D)
 "19095","Iowa, IA",4,CAGDP2,88,"42,44-45","Trade ","Thousands of dollars",80061,95608,78294,80731,82590,85816,82850,86498,82153,75102,78675,84292,98215,111698,130143,150150,178433,173451,162887,152254,(D),(D)
 "19095","Iowa, IA",4,CAGDP2,89,"22,48-49","Transportation and utilities ","Thousands of dollars",9871,11354,12318,14715,16523,19166,18311,(D),(D),(D),(D),(D),(D),(D),(D),(D),(D),(D),(D),(D),(D),85744
 "19095","Iowa, IA",4,CAGDP2,90,"31-33,51","Manufacturing and information ","Thousands of dollars",296315,308165,380928,403592,391251,458051,437777,492387,395718,455541,283717,408873,578601,518610,315574,352318,482459,545385,527427,453568,470178,483211
 "19095","Iowa, IA",4,CAGDP2,91,"...","Private goods-producing industries 2/","Thousands of dollars",353519,403757,475868,497268,444135,518072,491360,(D),451476,522331,399940,532238,711165,626366,(D),442204,572645,644548,626180,(D),(D),(D)
 "19095","Iowa, IA",4,CAGDP2,92,"...","Private services-providing industries 3/","Thousands of dollars",212581,230993,218643,227057,236173,241681,250358,(D),248238,246291,262364,276675,295377,308534,(D),375723,407591,411798,414090,(D),(D),(D)
 "19097","Jackson, IA",4,CAGDP2,1,"...","All industry total ","Thousands of dollars",335985,350634,395726,433756,433175,436936,430778,459383,440144,469988,519562,542787,575500,566945,640629,700311,668674,658911,658809,695267,737828,809383
 "19097","Jackson, IA",4,CAGDP2,2,"..."," Private industries ","Thousands of dollars",282767,295328,337667,374641,371712,373308,365130,391742,369411,398851,452132,475728,507779,496810,568013,624414,590473,578074,576540,609842,652790,720525
 "19097","Jackson, IA",4,CAGDP2,3,"11","  Agriculture, forestry, fishing and hunting ","Thousands of dollars",16030,16258,27778,43215,24753,28380,19648,34453,9346,20908,51125,39827,78840,47997,96260,114230,71016,54446,38079,62359,87675,129630
 "19097","Jackson, IA",4,CAGDP2,6,"21","  Mining, quarrying, and oil and gas extraction ","Thousands of dollars",19,0,0,0,0,0,0,0,0,0,0,0,0,0,0,0,0,0,222,614,749,851
 "19097","Jackson, IA",4,CAGDP2,10,"22","  Utilities ","Thousands of dollars",480,(D),531,559,429,71,624,484,664,698,608,624,616,665,623,757,737,(D),(D),(D),(D),(D)
 "19097","Jackson, IA",4,CAGDP2,11,"23","  Construction ","Thousands of dollars",14922,13708,17369,19786,20280,20501,19191,19310,19781,22679,25895,31587,27046,27591,26587,31183,30556,28231,31723,33173,30470,31933
 "19097","Jackson, IA",4,CAGDP2,12,"31-33","  Manufacturing ","Thousands of dollars",53612,49937,45026,49991,55310,61372,62376,58938,51579,56435,59656,68114,68785,78331,89570,81918,85816,82773,80045,80701,74843,82965
 "19097","Jackson, IA",4,CAGDP2,13,"321,327-339","   Durable goods manufacturing ","Thousands of dollars",41005,38432,35228,36014,42016,46677,44579,43798,36047,41632,45293,49122,45942,54835,62888,56587,60564,61484,60404,61911,57353,62915
 "19097","Jackson, IA",4,CAGDP2,25,"311-316,322-326","   Nondurable goods manufacturing ","Thousands of dollars",12607,11505,9798,13977,13294,14696,17797,15139,15532,14803,14363,18992,22843,23497,26682,25331,25252,21289,19641,18790,17490,20050
 "19097","Jackson, IA",4,CAGDP2,34,"42","  Wholesale trade ","Thousands of dollars",24416,(D),(D),(D),(D),(D),(D),32213,34208,(D),(D),(D),(D),(D),32638,33486,(D),(D),(D),(D),(D),(D)
 "19097","Jackson, IA",4,CAGDP2,35,"44-45","  Retail trade ","Thousands of dollars",35120,36852,37615,38705,37723,35667,35204,38697,40025,41865,40164,43102,43365,44371,47651,51380,52706,60794,66894,75983,80938,83315
 "19097","Jackson, IA",4,CAGDP2,36,"48-49","  Transportation and warehousing ","Thousands of dollars",(D),19661,42922,45508,44179,38009,29619,(D),(D),30879,31054,31747,30938,30124,(D),(D),31861,33225,34118,31338,31379,35123
 "19097","Jackson, IA",4,CAGDP2,45,"51","  Information ","Thousands of dollars",7567,8173,9345,11625,11865,11713,12769,14129,15992,17053,15810,14266,12561,11043,11947,12368,11036,11411,13503,13331,13663,14510
 "19097","Jackson, IA",4,CAGDP2,50,"52,53","  Finance, insurance, real estate, rental, and leasing ","Thousands of dollars",72568,74670,80694,84049,92458,95292,100365,106239,107567,105893,123087,143624,140991,149152,152038,185240,182095,172098,174895,180805,184681,186274
 "19097","Jackson, IA",4,CAGDP2,51,"52","   Finance and insurance ","Thousands of dollars",19321,22362,22750,23939,27196,26101,25917,23429,23884,24469,29303,34996,35456,48982,57359,66362,61220,62258,64385,68507,74055,73049
 "19097","Jackson, IA",4,CAGDP2,56,"53","   Real estate and rental and leasing ","Thousands of dollars",53247,52308,57945,60111,65262,69191,74448,82810,83683,81424,93784,108628,105535,100170,94679,118878,120875,109840,110510,112298,110626,113225
 "19097","Jackson, IA",4,CAGDP2,59,"54,55,56","  Professional and business services ","Thousands of dollars",9072,8963,9677,(D),(D),(D),(D),(D),(D),(D),(D),(D),(D),(D),(D),(D),(D),21721,25617,26996,34634,36246
 "19097","Jackson, IA",4,CAGDP2,60,"54","   Professional, scientific, and technical services ","Thousands of dollars",4824,5467,6801,7945,7541,6257,5993,6610,7017,6879,7345,7974,7794,8202,9334,10543,13680,16612,19752,21233,26092,28592
 "19097","Jackson, IA",4,CAGDP2,64,"55","   Management of companies and enterprises ","Thousands of dollars",0,0,0,(D),(D),(D),(D),(D),(D),(D),(D),(D),(D),(D),(D),(D),(D),712,803,1575,2803,1951
 "19097","Jackson, IA",4,CAGDP2,65,"56","   Administrative and support and waste management and remediation services ","Thousands of dollars",4248,3495,2876,(D),(D),(D),(D),(D),(D),(D),(D),(D),(D),(D),(D),(D),(D),4396,5062,4188,5739,5704
 "19097","Jackson, IA",4,CAGDP2,68,"61,62","  Educational services, health care, and social assistance ","Thousands of dollars",(D),19658,(D),22957,23067,23838,24347,25988,27282,27780,29289,29822,31202,31702,33287,33401,35578,37911,34378,32988,33521,34380
 "19097","Jackson, IA",4,CAGDP2,69,"61","   Educational services ","Thousands of dollars",(D),(D),(D),(D),(D),(D),(D),(D),(D),(D),3513,3800,3968,4401,4298,(D),(D),(D),(D),(D),(D),(D)
 "19097","Jackson, IA",4,CAGDP2,70,"62","   Health care and social assistance ","Thousands of dollars",(D),(D),(D),(D),(D),(D),(D),(D),(D),(D),25776,26022,27234,27302,28989,(D),(D),(D),(D),(D),(D),(D)
 "19097","Jackson, IA",4,CAGDP2,75,"71,72","  Arts, entertainment, recreation, accommodation, and food services ","Thousands of dollars",9463,10149,10582,11650,11863,11501,10558,10828,11175,11282,12692,13277,13950,15266,17539,18346,18586,19712,19291,14641,19690,21463
 "19097","Jackson, IA",4,CAGDP2,76,"71","   Arts, entertainment, and recreation ","Thousands of dollars",2281,2590,2638,2868,2919,2865,3051,3169,3341,3237,3476,3302,3144,3286,3706,3926,3776,4158,4383,3293,4465,4811
 "19097","Jackson, IA",4,CAGDP2,79,"72","   Accommodation and food services ","Thousands of dollars",7182,7559,7944,8782,8944,8636,7507,7660,7834,8045,9217,9975,10805,11979,13833,14420,14809,15554,14908,11348,15224,16652
 "19097","Jackson, IA",4,CAGDP2,82,"81","  Other services (except government and government enterprises) ","Thousands of dollars",11887,13705,13030,13362,13679,13794,13919,12975,13624,14054,14157,14947,15307,16743,17613,17383,16949,16556,17111,16452,17516,18535
 "19097","Jackson, IA",4,CAGDP2,83,"92","Government and government enterprises ","Thousands of dollars",53217,55306,58058,59115,61463,63628,65648,67641,70733,71138,67430,67058,67721,70136,72615,75897,78201,80837,82268,85425,85039,88857
 "19097","Jackson, IA",4,CAGDP2,87,"11,21","Natural resources and mining ","Thousands of dollars",16049,16258,27778,43215,24753,28380,19648,34453,9346,20908,51125,39827,78840,47997,96260,114230,71016,54446,38301,62973,88424,130480
 "19097","Jackson, IA",4,CAGDP2,88,"42,44-45","Trade ","Thousands of dollars",59536,(D),(D),(D),(D),(D),(D),70910,74232,(D),(D),(D),(D),(D),80289,84866,(D),(D),(D),(D),(D),(D)
 "19097","Jackson, IA",4,CAGDP2,89,"22,48-49","Transportation and utilities ","Thousands of dollars",(D),(D),43453,46067,44608,38080,30243,(D),(D),31577,31662,32372,31554,30789,(D),(D),32598,(D),(D),(D),(D),(D)
 "19097","Jackson, IA",4,CAGDP2,90,"31-33,51","Manufacturing and information ","Thousands of dollars",61178,58110,54371,61616,67174,73085,75145,73067,67571,73488,75466,82380,81346,89374,101517,94286,96851,94184,93548,94032,88506,97474
 "19097","Jackson, IA",4,CAGDP2,91,"...","Private goods-producing industries 2/","Thousands of dollars",84582,79903,90173,112992,100343,110254,101214,112701,80706,100022,136676,139529,174671,153919,212417,227331,187388,165450,150068,176847,193737,245378
 "19097","Jackson, IA",4,CAGDP2,92,"...","Private services-providing industries 3/","Thousands of dollars",198185,215424,247495,261648,271369,263054,263916,279041,288705,298829,315457,336200,333108,342890,355597,397083,403085,412624,426472,432995,459052,475147
 "19099","Jasper, IA",4,CAGDP2,1,"...","All industry total ","Thousands of dollars",1073646,1035996,1088832,1062580,1092937,1223266,1215937,1073800,1030007,988396,1038418,1081053,1124772,1161477,1104075,1147191,1181379,1197246,1273493,1281113,1431611,1448135
 "19099","Jasper, IA",4,CAGDP2,2,"..."," Private industries ","Thousands of dollars",954599,914804,960378,926937,952955,1074776,1061992,913885,861523,820993,872567,911911,948306,983409,923452,968019,1021442,1031205,1103971,1106845,1255811,1266457
 "19099","Jasper, IA",4,CAGDP2,3,"11","  Agriculture, forestry, fishing and hunting ","Thousands of dollars",48406,69548,59553,(D),73008,71273,129164,117566,99768,51004,134531,123476,139032,104029,48861,41448,35964,52491,54255,51052,156905,192743
 "19099","Jasper, IA",4,CAGDP2,6,"21","  Mining, quarrying, and oil and gas extraction ","Thousands of dollars",3059,3325,3179,3533,3815,4984,3750,4340,3450,4504,3239,3322,2779,2757,3709,4102,5082,4621,5587,6287,7636,(D)
 "19099","Jasper, IA",4,CAGDP2,10,"22","  Utilities ","Thousands of dollars",4777,5196,5188,5213,4181,5080,5496,5386,5123,4978,5170,5007,5056,4801,4608,4406,4490,5117,4835,5198,5542,4740
 "19099","Jasper, IA",4,CAGDP2,11,"23","  Construction ","Thousands of dollars",32637,34811,33967,35547,37098,37823,33471,34152,39903,38444,38430,43408,43230,56050,51550,63626,61223,63780,69294,71581,79573,78313
 "19099","Jasper, IA",4,CAGDP2,12,"31-33","  Manufacturing ","Thousands of dollars",453312,361645,401159,297220,280342,414384,339807,187938,145629,161169,137624,169893,169263,208892,220295,215699,249421,267813,303442,309525,300691,237722
 "19099","Jasper, IA",4,CAGDP2,13,"321,327-339","   Durable goods manufacturing ","Thousands of dollars",(D),(D),(D),(D),(D),(D),(D),127718,73982,78745,70045,114871,104570,135805,136113,127956,158761,162034,202710,205637,203860,132565
 "19099","Jasper, IA",4,CAGDP2,25,"311-316,322-326","   Nondurable goods manufacturing ","Thousands of dollars",(D),(D),(D),(D),(D),(D),(D),60220,71647,82423,67579,55022,64693,73087,84182,87744,90660,105780,100731,103888,96831,105157
 "19099","Jasper, IA",4,CAGDP2,34,"42","  Wholesale trade ","Thousands of dollars",35647,36740,36115,35092,35404,34472,37185,43324,43125,47155,45462,47850,45539,52766,51507,50340,46982,45164,45900,45739,48509,51933
 "19099","Jasper, IA",4,CAGDP2,35,"44-45","  Retail trade ","Thousands of dollars",86648,90795,87927,73596,72382,69108,53641,58020,61146,63563,62561,67277,71014,72179,75609,77507,81550,83708,88122,96361,106907,111587
 "19099","Jasper, IA",4,CAGDP2,36,"48-49","  Transportation and warehousing ","Thousands of dollars",15198,15922,17048,(D),23710,24501,24127,22558,21895,24164,26233,26391,26554,29583,32390,30579,33074,35010,(D),(D),(D),(D)
 "19099","Jasper, IA",4,CAGDP2,45,"51","  Information ","Thousands of dollars",40909,38791,35622,46494,97709,91087,85710,81560,82828,73352,44914,27358,26701,18388,19180,18511,19123,17080,19016,16784,18274,20115
 "19099","Jasper, IA",4,CAGDP2,50,"52,53","  Finance, insurance, real estate, rental, and leasing ","Thousands of dollars",119787,130178,151625,173177,188302,184535,208729,209994,206790,201132,220338,234078,248977,252221,230254,275007,281485,252891,264865,265692,271698,(D)
 "19099","Jasper, IA",4,CAGDP2,51,"52","   Finance and insurance ","Thousands of dollars",31573,38278,45164,57655,58752,47051,45078,36618,35672,34551,40853,50241,49919,53864,53850,57615,58361,58543,56434,55056,61724,63219
 "19099","Jasper, IA",4,CAGDP2,56,"53","   Real estate and rental and leasing ","Thousands of dollars",88214,91900,106461,115522,129550,137484,163651,173376,171118,166581,179486,183836,199058,198357,176404,217391,223124,194348,208431,210636,209974,(D)
 "19099","Jasper, IA",4,CAGDP2,59,"54,55,56","  Professional and business services ","Thousands of dollars",29166,34047,38406,42359,44852,42879,42415,48732,48275,48691,49935,54489,59391,59994,57068,56393,58497,60870,(D),(D),(D),68637
 "19099","Jasper, IA",4,CAGDP2,60,"54","   Professional, scientific, and technical services ","Thousands of dollars",21460,26277,30760,34873,31664,28875,26807,31330,30646,30783,31753,33535,32911,(D),(D),(D),(D),33902,34610,32334,33105,36574
 "19099","Jasper, IA",4,CAGDP2,64,"55","   Management of companies and enterprises ","Thousands of dollars",(D),(D),186,316,3228,3517,3566,4018,4095,(D),(D),(D),4410,(D),(D),(D),(D),(D),(D),(D),(D),5157
 "19099","Jasper, IA",4,CAGDP2,65,"56","   Administrative and support and waste management and remediation services ","Thousands of dollars",(D),(D),7460,7170,9960,10487,12041,13385,13534,(D),(D),(D),22071,22264,21553,21334,23167,(D),(D),(D),(D),26906
 "19099","Jasper, IA",4,CAGDP2,68,"61,62","  Educational services, health care, and social assistance ","Thousands of dollars",38457,42699,41864,43170,41792,43110,44127,47056,48365,49146,49289,49058,49711,53575,55408,58276,75648,77235,79539,79285,82275,82031
 "19099","Jasper, IA",4,CAGDP2,69,"61","   Educational services ","Thousands of dollars",1188,1259,1020,1328,1473,1830,1897,1927,2275,2838,3231,3305,2928,3153,3159,3140,2988,3229,3656,3408,4022,3922
 "19099","Jasper, IA",4,CAGDP2,70,"62","   Health care and social assistance ","Thousands of dollars",37269,41441,40844,41842,40319,41280,42230,45129,46090,46309,46058,45754,46783,50422,52249,55135,72660,74005,75883,75877,78253,78109
 "19099","Jasper, IA",4,CAGDP2,75,"71,72","  Arts, entertainment, recreation, accommodation, and food services ","Thousands of dollars",21167,22157,20383,20599,21380,23120,26789,26566,27560,25650,27286,29664,27541,27763,29492,30221,30744,34641,37656,30528,36449,39738
 "19099","Jasper, IA",4,CAGDP2,76,"71","   Arts, entertainment, and recreation ","Thousands of dollars",2519,2628,2864,2862,3770,6711,9508,8570,9717,7987,9038,10067,8429,8118,7853,7677,7761,10584,11880,8821,10380,11887
 "19099","Jasper, IA",4,CAGDP2,79,"72","   Accommodation and food services ","Thousands of dollars",18648,19528,17519,17737,17610,16408,17281,17996,17843,17663,18248,19598,19112,19645,21639,22544,22983,24057,25776,21707,26069,27850
 "19099","Jasper, IA",4,CAGDP2,82,"81","  Other services (except government and government enterprises) ","Thousands of dollars",25429,28950,28340,28668,28981,28420,27580,26692,27665,28041,27555,30639,33518,40412,43521,41904,38159,30784,34962,34819,42402,48355
 "19099","Jasper, IA",4,CAGDP2,83,"92","Government and government enterprises ","Thousands of dollars",119047,121192,128455,135643,139982,148490,153945,159914,168484,167403,165851,169143,176466,178068,180623,179172,159937,166041,169521,174268,175799,181678
 "19099","Jasper, IA",4,CAGDP2,87,"11,21","Natural resources and mining ","Thousands of dollars",51465,72873,62733,(D),76822,76257,132914,121906,103218,55508,137771,126798,141810,106786,52570,45549,41046,57112,59842,57338,164541,(D)
 "19099","Jasper, IA",4,CAGDP2,88,"42,44-45","Trade ","Thousands of dollars",122294,127535,124042,108688,107786,103580,90826,101344,104270,110718,108023,115126,116553,124945,127116,127847,128532,128872,134022,142100,155416,163521
 "19099","Jasper, IA",4,CAGDP2,89,"22,48-49","Transportation and utilities ","Thousands of dollars",19975,21118,22237,(D),27891,29581,29624,27944,27018,29142,31403,31398,31610,34383,36998,34986,37564,40127,(D),(D),(D),(D)
 "19099","Jasper, IA",4,CAGDP2,90,"31-33,51","Manufacturing and information ","Thousands of dollars",494221,400435,436781,343714,378050,505471,425517,269498,228457,234521,182538,197251,195964,227280,239475,234210,268544,284893,322458,326309,318964,257837
 "19099","Jasper, IA",4,CAGDP2,91,"...","Private goods-producing industries 2/","Thousands of dollars",537415,469328,497859,(D),394261,528464,506192,343996,288751,255121,313825,340099,354303,371727,324415,324875,351690,388705,432578,438444,544804,(D)
 "19099","Jasper, IA",4,CAGDP2,92,"...","Private services-providing industries 3/","Thousands of dollars",417184,445475,462519,(D),558693,546312,555800,569889,572772,565873,558742,571811,594003,611681,599036,643144,669752,642500,671393,668401,711007,(D)
 "19101","Jefferson, IA",4,CAGDP2,1,"...","All industry total ","Thousands of dollars",506173,511026,550719,560070,553579,539839,547931,577625,547403,531201,550789,603076,621361,604671,634255,662823,682470,733345,739800,720595,831478,898874
 "19101","Jefferson, IA",4,CAGDP2,2,"..."," Private industries ","Thousands of dollars",456319,458882,496272,503322,494316,477303,483613,510272,476670,459215,479472,530149,546115,524370,549038,571124,589813,636468,639503,615541,722180,783943
 "19101","Jefferson, IA",4,CAGDP2,3,"11","  Agriculture, forestry, fishing and hunting ","Thousands of dollars",2415,5989,21102,36527,19386,17146,13176,25575,23338,15344,31479,45803,(D),(D),(D),4602,7793,13519,6668,825,45333,65574
 "19101","Jefferson, IA",4,CAGDP2,6,"21","  Mining, quarrying, and oil and gas extraction ","Thousands of dollars",62,283,239,328,970,1349,1352,1866,1152,1181,1499,1738,1469,1588,1406,1164,1840,1579,1579,1874,1930,1274
 "19101","Jefferson, IA",4,CAGDP2,10,"22","  Utilities ","Thousands of dollars",3257,2838,2838,2741,4030,6143,5321,10592,7558,5508,2388,2185,2427,2646,2660,2800,2767,3351,3495,4511,4450,3253
 "19101","Jefferson, IA",4,CAGDP2,11,"23","  Construction ","Thousands of dollars",12096,13892,15485,16148,16243,15843,19659,21357,19674,18471,19749,21166,18776,20365,20789,29277,19537,23846,26629,20889,21396,22557
 "19101","Jefferson, IA",4,CAGDP2,12,"31-33","  Manufacturing ","Thousands of dollars",110151,132422,151473,134409,128137,113699,107948,108875,82679,85842,87943,92715,83956,86706,92468,83058,88239,105654,117789,108834,132800,150237
 "19101","Jefferson, IA",4,CAGDP2,13,"321,327-339","   Durable goods manufacturing ","Thousands of dollars",74473,86072,88179,97334,103594,94115,86316,89755,(D),(D),(D),(D),61876,65292,68820,61630,67301,71604,81152,78799,96882,111219
 "19101","Jefferson, IA",4,CAGDP2,25,"311-316,322-326","   Nondurable goods manufacturing ","Thousands of dollars",35677,46351,63294,37075,24543,19584,21632,19120,(D),(D),(D),(D),22080,21414,23648,21428,20938,34050,36637,30035,35917,39019
 "19101","Jefferson, IA",4,CAGDP2,34,"42","  Wholesale trade ","Thousands of dollars",19691,19578,20106,24298,25422,23651,27330,31501,29116,31444,34885,39494,45154,47407,47894,47591,51830,49697,49731,46248,45999,45984
 "19101","Jefferson, IA",4,CAGDP2,35,"44-45","  Retail trade ","Thousands of dollars",77347,79526,82053,79191,79428,73206,66873,60744,52007,47176,48007,47988,46855,45678,47361,49789,48470,49400,50075,52211,60191,63021
 "19101","Jefferson, IA",4,CAGDP2,36,"48-49","  Transportation and warehousing ","Thousands of dollars",11142,10745,12293,(D),(D),13380,11929,12241,10011,10185,10077,(D),(D),(D),(D),13270,16839,16965,(D),(D),(D),(D)
 "19101","Jefferson, IA",4,CAGDP2,45,"51","  Information ","Thousands of dollars",65271,30151,29743,28774,28714,25897,24191,22349,21148,19954,16848,14470,15379,15455,17848,19269,21423,20056,18253,14382,15993,19603
 "19101","Jefferson, IA",4,CAGDP2,50,"52,53","  Finance, insurance, real estate, rental, and leasing ","Thousands of dollars",58664,59417,61856,64847,71671,69826,71504,74332,103829,100172,104813,128910,148750,150581,164501,177196,185684,201951,187177,194790,209195,215729
 "19101","Jefferson, IA",4,CAGDP2,51,"52","   Finance and insurance ","Thousands of dollars",18687,20566,20671,21801,25682,23437,24429,17755,40054,40334,44634,64713,68733,83799,90363,99819,107816,117419,113483,119460,130182,135982
 "19101","Jefferson, IA",4,CAGDP2,56,"53","   Real estate and rental and leasing ","Thousands of dollars",39978,38851,41185,43046,45990,46389,47075,56577,63775,59838,60178,64197,80017,66782,74138,77377,77868,84532,73694,75330,79012,79747
 "19101","Jefferson, IA",4,CAGDP2,59,"54,55,56","  Professional and business services ","Thousands of dollars",44476,47884,48254,50938,54371,60074,73302,76323,60198,60852,56133,52606,58407,55197,57585,60023,62517,66547,65379,70687,78746,81514
 "19101","Jefferson, IA",4,CAGDP2,60,"54","   Professional, scientific, and technical services ","Thousands of dollars",34260,34164,32107,33102,34984,39709,46828,49609,46010,44413,40361,37572,43939,36323,35342,36590,38446,40104,38123,36804,41169,45404
 "19101","Jefferson, IA",4,CAGDP2,64,"55","   Management of companies and enterprises ","Thousands of dollars",(D),(D),(D),4870,5028,(D),6355,3840,4644,5362,4617,4215,4492,5113,7961,9910,11181,11725,11207,15954,17918,13408
 "19101","Jefferson, IA",4,CAGDP2,65,"56","   Administrative and support and waste management and remediation services ","Thousands of dollars",(D),(D),(D),12965,14359,(D),20119,22874,9543,11076,11155,10820,9977,13761,14282,13522,12890,14718,16049,17930,19660,22701
 "19101","Jefferson, IA",4,CAGDP2,68,"61,62","  Educational services, health care, and social assistance ","Thousands of dollars",25683,27043,26099,(D),(D),30981,33303,34009,33780,33371,36587,(D),43672,44964,45489,47900,47187,49191,(D),(D),(D),(D)
 "19101","Jefferson, IA",4,CAGDP2,69,"61","   Educational services ","Thousands of dollars",(D),(D),(D),(D),(D),(D),13373,14595,14449,14448,15550,(D),18056,19943,21427,(D),(D),(D),(D),(D),(D),(D)
 "19101","Jefferson, IA",4,CAGDP2,70,"62","   Health care and social assistance ","Thousands of dollars",(D),(D),(D),(D),(D),(D),19930,19414,19331,18922,21038,(D),25616,25021,24062,(D),(D),(D),(D),(D),(D),(D)
 "19101","Jefferson, IA",4,CAGDP2,75,"71,72","  Arts, entertainment, recreation, accommodation, and food services ","Thousands of dollars",13676,15041,11668,11671,10842,13217,13535,14149,13967,14597,15709,16517,16997,17431,18551,18203,17753,15842,16341,12140,15923,17750
 "19101","Jefferson, IA",4,CAGDP2,76,"71","   Arts, entertainment, and recreation ","Thousands of dollars",5229,6226,3955,3504,2523,2943,3494,3699,3020,3166,3098,3105,3179,3202,3010,2646,2457,2060,2340,1376,2152,2761
 "19101","Jefferson, IA",4,CAGDP2,79,"72","   Accommodation and food services ","Thousands of dollars",8446,8815,7713,8167,8319,10274,10042,10450,10948,11431,12611,13413,13817,14229,15542,15557,15296,13782,14002,10764,13771,14988
 "19101","Jefferson, IA",4,CAGDP2,82,"81","  Other services (except government and government enterprises) ","Thousands of dollars",12387,14074,13062,12909,13021,12891,14188,16359,18211,15119,13354,13921,16031,16633,16428,16983,17933,18871,19744,18836,19489,21635
 "19101","Jefferson, IA",4,CAGDP2,83,"92","Government and government enterprises ","Thousands of dollars",49855,52143,54448,56748,59262,62536,64318,67353,70733,71986,71317,72928,75245,80301,85218,91698,92657,96877,100297,105054,109298,114931
 "19101","Jefferson, IA",4,CAGDP2,87,"11,21","Natural resources and mining ","Thousands of dollars",2478,6272,21342,36855,20356,18495,14528,27441,24491,16525,32978,47541,(D),(D),(D),5766,9633,15099,8246,2699,47263,66848
 "19101","Jefferson, IA",4,CAGDP2,88,"42,44-45","Trade ","Thousands of dollars",97039,99104,102160,103489,104851,96857,94204,92245,81123,78620,82892,87482,92009,93085,95256,97380,100300,99097,99806,98459,106191,109005
 "19101","Jefferson, IA",4,CAGDP2,89,"22,48-49","Transportation and utilities ","Thousands of dollars",14399,13583,15130,(D),(D),19523,17250,22833,17569,15692,12466,(D),(D),(D),(D),16070,19606,20316,(D),(D),(D),(D)
 "19101","Jefferson, IA",4,CAGDP2,90,"31-33,51","Manufacturing and information ","Thousands of dollars",175421,162573,181216,163182,156851,139596,132139,131224,103827,105796,104791,107185,99336,102161,110316,102327,109662,125710,136043,123215,148793,169840
 "19101","Jefferson, IA",4,CAGDP2,91,"...","Private goods-producing industries 2/","Thousands of dollars",124725,152586,188300,187412,164736,148037,142136,157673,126844,120838,140671,161422,(D),(D),(D),118101,117410,144598,152665,132422,201458,239642
 "19101","Jefferson, IA",4,CAGDP2,92,"...","Private services-providing industries 3/","Thousands of dollars",331594,306296,307972,315911,329580,329266,341477,352599,349826,338377,338802,368727,(D),(D),(D),453024,472403,491871,486838,483119,520722,544301
 "19103","Johnson, IA",4,CAGDP2,1,"...","All industry total ","Thousands of dollars",4492632,4758693,5004779,5354896,5605171,6018936,6225973,6689226,6826298,7046638,7462773,7725355,8225958,8602860,8717733,9006079,9669021,9956797,10101080,10111237,10640732,11277559
 "19103","Johnson, IA",4,CAGDP2,2,"..."," Private industries ","Thousands of dollars",2881547,3074247,3267335,3545218,3696154,3994528,4070656,4367331,4372899,4498636,4829281,4961018,5290268,5490719,5477116,5568381,6075968,6188523,6224441,6112137,6538632,6991404
 "19103","Johnson, IA",4,CAGDP2,3,"11","  Agriculture, forestry, fishing and hunting ","Thousands of dollars",22193,24773,22265,50083,26157,44930,64105,54388,48628,31093,91800,74881,82263,47035,41500,37619,44448,37188,30542,21253,111586,146193
 "19103","Johnson, IA",4,CAGDP2,6,"21","  Mining, quarrying, and oil and gas extraction ","Thousands of dollars",5717,5616,7029,7519,8510,11010,10238,11980,10256,10927,10673,11768,11189,12475,12409,10442,14779,14703,16938,20959,23609,18357
 "19103","Johnson, IA",4,CAGDP2,10,"22","  Utilities ","Thousands of dollars",11484,11213,11685,12740,13341,16779,15427,21448,19608,17164,13830,12268,13723,14911,15200,16267,15559,17041,17591,20818,18330,38126
 "19103","Johnson, IA",4,CAGDP2,11,"23","  Construction ","Thousands of dollars",143627,148954,169155,198445,218034,220138,230409,217595,230266,147350,155125,169381,220135,250926,284593,336803,400093,390390,384394,385080,376953,455475
 "19103","Johnson, IA",4,CAGDP2,12,"31-33","  Manufacturing ","Thousands of dollars",632778,641598,607967,601638,542087,602986,519829,644345,661235,750292,788113,789927,996975,960455,869917,732481,896035,999732,907538,907266,966948,1018834
 "19103","Johnson, IA",4,CAGDP2,13,"321,327-339","   Durable goods manufacturing ","Thousands of dollars",105064,91354,101218,159754,161869,148714,173795,179888,155402,224346,269229,293541,228806,205473,224000,168825,170243,191625,207827,233314,248370,235489
 "19103","Johnson, IA",4,CAGDP2,25,"311-316,322-326","   Nondurable goods manufacturing ","Thousands of dollars",527715,550244,506749,441883,380218,454272,346034,464457,505833,525947,518884,496386,768168,754982,645917,563657,725793,808106,699711,673953,718578,783345
 "19103","Johnson, IA",4,CAGDP2,34,"42","  Wholesale trade ","Thousands of dollars",80194,83485,95706,112086,124656,133908,155019,171768,181248,189338,192632,212165,224267,226580,229348,232842,242223,248684,230353,214276,227632,261434
 "19103","Johnson, IA",4,CAGDP2,35,"44-45","  Retail trade ","Thousands of dollars",301303,299314,315180,325578,339041,341517,345868,341257,346584,347833,364539,392611,415941,430269,471981,506133,517963,531686,550894,555551,630208,659737
 "19103","Johnson, IA",4,CAGDP2,36,"48-49","  Transportation and warehousing ","Thousands of dollars",167328,198722,235426,275900,314580,349440,335588,357924,324138,330719,327844,335002,327300,329174,362205,383910,413981,392462,355799,356190,346651,364802
 "19103","Johnson, IA",4,CAGDP2,45,"51","  Information ","Thousands of dollars",153397,220833,236193,294616,333363,335783,337644,411023,427269,458383,474918,378820,322074,282598,242354,113331,95768,99694,104546,100955,115207,124564
 "19103","Johnson, IA",4,CAGDP2,50,"52,53","  Finance, insurance, real estate, rental, and leasing ","Thousands of dollars",598607,628958,723619,781832,857000,932303,994346,996892,938511,985719,1111824,1195174,1239273,1435178,1385846,1461911,1643976,1547109,1644204,1661760,1646125,1668118
 "19103","Johnson, IA",4,CAGDP2,51,"52","   Finance and insurance ","Thousands of dollars",143916,174665,214752,254964,273230,251401,298892,218664,229007,230231,258199,286077,293637,380735,443767,528768,529560,512464,541443,572659,617222,605634
 "19103","Johnson, IA",4,CAGDP2,56,"53","   Real estate and rental and leasing ","Thousands of dollars",454692,454293,508867,526867,583770,680903,695454,778228,709504,755488,853625,909097,945637,1054443,942079,933144,1114416,1034645,1102761,1089102,1028903,1062484
 "19103","Johnson, IA",4,CAGDP2,59,"54,55,56","  Professional and business services ","Thousands of dollars",205270,221265,235576,242967,245993,293830,309373,341350,341267,366696,396811,433667,438191,447200,463617,468522,492371,537854,545630,562364,637603,696663
 "19103","Johnson, IA",4,CAGDP2,60,"54","   Professional, scientific, and technical services ","Thousands of dollars",116403,124089,126789,132921,135470,145058,153806,175502,175949,182130,192264,221247,240971,237575,250606,258983,279431,285321,293894,309352,361355,380914
 "19103","Johnson, IA",4,CAGDP2,64,"55","   Management of companies and enterprises ","Thousands of dollars",9079,11850,11153,13559,13450,14113,15991,16657,17258,17160,21998,22707,27267,26171,32789,35607,37824,72286,83610,96004,98914,114438
 "19103","Johnson, IA",4,CAGDP2,65,"56","   Administrative and support and waste management and remediation services ","Thousands of dollars",79788,85326,97633,96488,97074,134660,139576,149191,148060,167407,182549,189713,169953,183454,180222,173932,175116,180247,168126,157008,177335,201311
 "19103","Johnson, IA",4,CAGDP2,68,"61,62","  Educational services, health care, and social assistance ","Thousands of dollars",317672,333578,350458,375765,398117,432314,454062,487397,530053,539422,563427,596881,613922,637825,657371,799158,802756,835774,844171,810437,821201,863211
 "19103","Johnson, IA",4,CAGDP2,69,"61","   Educational services ","Thousands of dollars",79777,79883,84790,96901,102332,113052,121786,135376,156552,156493,158116,171261,180134,189962,188684,302366,287360,289955,282786,250293,232438,242142
 "19103","Johnson, IA",4,CAGDP2,70,"62","   Health care and social assistance ","Thousands of dollars",237895,253695,265667,278864,295785,319262,332276,352021,373502,382929,405311,425620,433788,447863,468686,496791,515397,545819,561386,560144,588764,621070
 "19103","Johnson, IA",4,CAGDP2,75,"71,72","  Arts, entertainment, recreation, accommodation, and food services ","Thousands of dollars",146886,154971,155433,156566,160358,162411,178746,185125,185722,196750,210893,224730,246891,266497,282544,298915,312923,337798,384008,297968,401989,444851
 "19103","Johnson, IA",4,CAGDP2,76,"71","   Arts, entertainment, and recreation ","Thousands of dollars",12720,13753,13849,13947,15891,16864,20512,21110,22844,24043,25812,24480,27525,28226,28543,30376,32676,37839,46252,37089,52226,60943
 "19103","Johnson, IA",4,CAGDP2,79,"72","   Accommodation and food services ","Thousands of dollars",134166,141218,141585,142619,144467,145546,158234,164015,162878,172707,185081,200250,219366,238271,254001,268539,280247,299959,337757,260880,349763,383908
 "19103","Johnson, IA",4,CAGDP2,82,"81","  Other services (except government and government enterprises) ","Thousands of dollars",95090,100966,101643,109484,114918,117177,120001,124839,128113,126950,126851,133743,138124,149596,158233,170046,183092,198409,207831,197260,214591,231037
 "19103","Johnson, IA",4,CAGDP2,83,"92","Government and government enterprises ","Thousands of dollars",1611085,1684446,1737444,1809678,1909016,2024408,2155317,2321895,2453399,2548003,2633492,2764337,2935690,3112141,3240617,3437698,3593053,3768273,3876639,3999100,4102100,4286156
 "19103","Johnson, IA",4,CAGDP2,87,"11,21","Natural resources and mining ","Thousands of dollars",27909,30390,29294,57602,34667,55940,74343,66367,58884,42020,102473,86648,93452,59510,53910,48062,59227,51891,47480,42212,135195,164550
 "19103","Johnson, IA",4,CAGDP2,88,"42,44-45","Trade ","Thousands of dollars",381497,382799,410886,437664,463697,475425,500887,513025,527832,537171,557171,604777,640208,656849,701329,738975,760187,780369,781247,769827,857840,921171
 "19103","Johnson, IA",4,CAGDP2,89,"22,48-49","Transportation and utilities ","Thousands of dollars",178812,209935,247111,288640,327921,366219,351014,379372,343746,347883,341675,347270,341022,344085,377404,400177,429540,409503,373390,377008,364980,402928
 "19103","Johnson, IA",4,CAGDP2,90,"31-33,51","Manufacturing and information ","Thousands of dollars",786176,862431,844160,896254,875451,938768,857473,1055368,1088504,1208675,1263031,1168748,1319048,1243053,1112270,845812,991803,1099426,1012084,1008221,1082155,1143398
 "19103","Johnson, IA",4,CAGDP2,91,"...","Private goods-producing industries 2/","Thousands of dollars",804315,820942,806416,857684,794788,879065,824582,928308,950385,939662,1045710,1045956,1310562,1270891,1208419,1117346,1355355,1442012,1339412,1334558,1479096,1638860
 "19103","Johnson, IA",4,CAGDP2,92,"...","Private services-providing industries 3/","Thousands of dollars",2077232,2253305,2460919,2687534,2901366,3115463,3246074,3439024,3422514,3558974,3783571,3915061,3979706,4219828,4268697,4451035,4720613,4746511,4885028,4777579,5059536,5352544
 "19105","Jones, IA",4,CAGDP2,1,"...","All industry total ","Thousands of dollars",370951,389102,408524,440002,439110,464039,491723,476661,469647,486942,563845,582733,639144,610073,648100,633336,645875,652090,655789,663131,757523,837176
 "19105","Jones, IA",4,CAGDP2,2,"..."," Private industries ","Thousands of dollars",305613,324798,341650,369511,365183,387244,411798,393928,382565,399536,475708,492345,546060,513173,549870,533029,544909,549103,551727,557087,650952,723770
 "19105","Jones, IA",4,CAGDP2,3,"11","  Agriculture, forestry, fishing and hunting ","Thousands of dollars",41881,47053,46076,50147,26962,29137,43196,28344,22312,23962,65219,44956,76980,31577,57207,56626,53679,44172,36875,(D),125163,171142
 "19105","Jones, IA",4,CAGDP2,6,"21","  Mining, quarrying, and oil and gas extraction ","Thousands of dollars",5228,5441,6446,8264,8075,12239,9322,11359,6539,6230,6329,7045,5685,5247,4769,3836,4779,4755,5434,6522,(D),5944
 "19105","Jones, IA",4,CAGDP2,10,"22","  Utilities ","Thousands of dollars",5077,5902,6126,6359,7496,10918,9791,15809,12611,10223,6954,6808,7313,8104,8205,9120,9435,10154,10950,13928,13633,13596
 "19105","Jones, IA",4,CAGDP2,11,"23","  Construction ","Thousands of dollars",15095,17009,18596,18886,19813,21290,21865,23265,25773,29178,33627,37458,36707,38235,41959,43925,46562,48769,50837,56264,61078,66810
 "19105","Jones, IA",4,CAGDP2,12,"31-33","  Manufacturing ","Thousands of dollars",59598,63604,67023,74746,76144,78525,81597,75811,66837,70904,71319,85752,105781,101561,94405,75641,80847,81642,81326,70576,71530,80039
 "19105","Jones, IA",4,CAGDP2,13,"321,327-339","   Durable goods manufacturing ","Thousands of dollars",26316,29014,29537,38555,41722,44947,45393,45439,36862,40664,39927,56304,51420,53320,53894,43018,46957,45170,45900,39232,40200,45629
 "19105","Jones, IA",4,CAGDP2,25,"311-316,322-326","   Nondurable goods manufacturing ","Thousands of dollars",33282,34590,37485,36191,34423,33579,36204,30372,29975,30240,31391,29448,54361,48241,40510,32624,33890,36473,35426,31344,31330,34410
 "19105","Jones, IA",4,CAGDP2,34,"42","  Wholesale trade ","Thousands of dollars",21079,20959,20062,22262,24924,25928,26134,28583,29940,33813,39648,45842,50207,52665,54108,54270,54205,54012,53426,55112,54652,52295
 "19105","Jones, IA",4,CAGDP2,35,"44-45","  Retail trade ","Thousands of dollars",33054,35424,38399,38971,41282,43666,42257,44350,45321,46275,47914,49122,47664,46635,49747,46766,45792,46191,46298,47736,54316,57811
 "19105","Jones, IA",4,CAGDP2,36,"48-49","  Transportation and warehousing ","Thousands of dollars",6233,6837,10489,(D),(D),(D),(D),(D),(D),(D),(D),(D),(D),(D),(D),(D),(D),(D),(D),(D),(D),20775
 "19105","Jones, IA",4,CAGDP2,45,"51","  Information ","Thousands of dollars",3044,3240,4001,4678,5322,5939,6494,7543,8845,9085,7358,6206,6471,6124,6411,5943,6389,6202,6679,5788,7320,7599
 "19105","Jones, IA",4,CAGDP2,50,"52,53","  Finance, insurance, real estate, rental, and leasing ","Thousands of dollars",68155,68265,70932,71757,76995,78985,89537,77735,81736,85916,109513,118705,114989,125241,129024,130050,132281,139959,141930,128271,130165,130649
 "19105","Jones, IA",4,CAGDP2,51,"52","   Finance and insurance ","Thousands of dollars",17258,19816,19049,19345,22214,22557,24117,19998,19271,18912,24807,28406,29122,34154,36197,41577,42127,41385,41281,39118,41224,41509
 "19105","Jones, IA",4,CAGDP2,56,"53","   Real estate and rental and leasing ","Thousands of dollars",50898,48449,51883,52412,54781,56428,65420,57736,62465,67004,84706,90299,85868,91087,92827,88473,90154,98574,100649,89153,88941,89139
 "19105","Jones, IA",4,CAGDP2,59,"54,55,56","  Professional and business services ","Thousands of dollars",9416,10799,11062,(D),(D),(D),(D),(D),(D),(D),(D),(D),(D),(D),(D),(D),20488,(D),(D),18954,23118,27760
 "19105","Jones, IA",4,CAGDP2,60,"54","   Professional, scientific, and technical services ","Thousands of dollars",7711,8525,8515,8827,8876,9013,(D),(D),(D),(D),10844,11644,(D),13336,14290,14047,16250,16166,16087,14987,17832,21526
 "19105","Jones, IA",4,CAGDP2,64,"55","   Management of companies and enterprises ","Thousands of dollars",(D),(D),(D),(D),(D),(D),(D),(D),(D),(D),(D),(D),(D),(D),(D),(D),414,(D),(D),523,602,694
 "19105","Jones, IA",4,CAGDP2,65,"56","   Administrative and support and waste management and remediation services ","Thousands of dollars",(D),(D),(D),(D),(D),(D),4644,4758,6210,5473,(D),(D),5732,(D),(D),(D),3824,(D),(D),3443,4684,5541
 "19105","Jones, IA",4,CAGDP2,68,"61,62","  Educational services, health care, and social assistance ","Thousands of dollars",18929,19470,22030,24523,27992,30873,32238,32262,33655,34174,35396,36824,37282,38538,41888,42929,(D),43537,46035,45009,46405,49277
 "19105","Jones, IA",4,CAGDP2,69,"61","   Educational services ","Thousands of dollars",(D),(D),(D),(D),2097,2130,(D),(D),(D),(D),(D),(D),1877,2036,(D),(D),(D),2300,2569,2233,2206,2479
 "19105","Jones, IA",4,CAGDP2,70,"62","   Health care and social assistance ","Thousands of dollars",(D),(D),(D),(D),25895,28744,(D),(D),(D),(D),(D),(D),35405,36502,(D),(D),(D),41237,43466,42776,44199,46797
 "19105","Jones, IA",4,CAGDP2,75,"71,72","  Arts, entertainment, recreation, accommodation, and food services ","Thousands of dollars",8108,9142,9159,10180,10359,10581,11072,11828,11930,12558,13700,14284,14113,14180,14846,15736,15922,17018,18498,14018,18654,21258
 "19105","Jones, IA",4,CAGDP2,76,"71","   Arts, entertainment, and recreation ","Thousands of dollars",1017,1176,1274,1399,1467,1858,2184,2361,2352,2377,2380,2503,2327,2434,2721,2987,3185,3392,3853,2813,4248,4795
 "19105","Jones, IA",4,CAGDP2,79,"72","   Accommodation and food services ","Thousands of dollars",7091,7965,7885,8781,8893,8724,8888,9467,9578,10181,11320,11781,11785,11746,12125,12748,12736,13626,14645,11205,14406,16463
 "19105","Jones, IA",4,CAGDP2,82,"81","  Other services (except government and government enterprises) ","Thousands of dollars",10717,11654,11249,11519,11762,12135,11720,11256,11133,11139,11012,11615,12358,13795,14764,15515,15404,16399,17118,16982,17603,18816
 "19105","Jones, IA",4,CAGDP2,83,"92","Government and government enterprises ","Thousands of dollars",65338,64304,66874,70491,73927,76795,79925,82733,87082,87407,88137,90388,93084,96900,98230,100308,100966,102987,104062,106044,106570,113406
 "19105","Jones, IA",4,CAGDP2,87,"11,21","Natural resources and mining ","Thousands of dollars",47109,52495,52523,58411,35037,41376,52518,39703,28850,30192,71548,52001,82665,36824,61977,60462,58458,48927,42309,(D),(D),177086
 "19105","Jones, IA",4,CAGDP2,88,"42,44-45","Trade ","Thousands of dollars",54133,56383,58461,61232,66206,69593,68391,72934,75260,80088,87562,94965,97871,99299,103854,101036,99997,100203,99724,102848,108968,110106
 "19105","Jones, IA",4,CAGDP2,89,"22,48-49","Transportation and utilities ","Thousands of dollars",11310,12739,16616,(D),(D),(D),(D),(D),(D),(D),(D),(D),(D),(D),(D),(D),(D),(D),(D),(D),(D),34371
 "19105","Jones, IA",4,CAGDP2,90,"31-33,51","Manufacturing and information ","Thousands of dollars",62642,66844,71024,79423,81466,84464,88092,83354,75681,79988,78676,91958,112251,107685,100815,81584,87236,87844,88006,76364,78850,87638
 "19105","Jones, IA",4,CAGDP2,91,"...","Private goods-producing industries 2/","Thousands of dollars",121802,133108,138141,152043,130994,141192,155981,138779,121461,130273,176493,175210,225152,176620,198340,180028,185867,179339,174472,(D),(D),323935
 "19105","Jones, IA",4,CAGDP2,92,"...","Private services-providing industries 3/","Thousands of dollars",183811,191690,203509,217468,234189,246052,255817,255149,261104,269262,299215,317135,320907,336554,351530,353000,359042,369764,377254,(D),(D),399835
 "19107","Keokuk, IA",4,CAGDP2,1,"...","All industry total ","Thousands of dollars",177677,194466,205970,233454,206717,211026,223262,243199,256418,237871,297256,326440,350612,333718,327660,364475,336176,347866,341016,321226,391739,440900
 "19107","Keokuk, IA",4,CAGDP2,2,"..."," Private industries ","Thousands of dollars",153675,169002,179255,205817,177683,181959,193960,213827,225001,205136,264397,292915,315616,297182,290527,325022,295676,305109,297919,277055,347961,396128
 "19107","Keokuk, IA",4,CAGDP2,3,"11","  Agriculture, forestry, fishing and hunting ","Thousands of dollars",15063,24733,(D),64512,(D),38722,(D),58600,68377,48348,102525,120570,131250,116578,109868,145209,110743,111724,101728,78303,135038,180025
 "19107","Keokuk, IA",4,CAGDP2,6,"21","  Mining, quarrying, and oil and gas extraction ","Thousands of dollars",865,1061,2528,2506,2688,3536,3118,3714,2566,3398,3843,4032,2735,1704,1487,1371,2214,2388,1585,3224,3283,1000
 "19107","Keokuk, IA",4,CAGDP2,10,"22","  Utilities ","Thousands of dollars",2579,2173,2160,2003,3301,4858,4190,8918,5925,3875,851,843,1676,2035,2159,983,849,1084,1141,2301,2299,1707
 "19107","Keokuk, IA",4,CAGDP2,11,"23","  Construction ","Thousands of dollars",9408,10425,10009,9555,9387,9358,9217,9154,10919,11597,11698,12614,11347,13441,11138,11015,10292,10799,11250,10795,11612,12552
 "19107","Keokuk, IA",4,CAGDP2,12,"31-33","  Manufacturing ","Thousands of dollars",32488,34037,36511,24677,20784,19385,20407,18112,13400,12955,12806,13200,13296,14519,13749,11820,13143,13692,16656,18295,20450,22458
 "19107","Keokuk, IA",4,CAGDP2,13,"321,327-339","   Durable goods manufacturing ","Thousands of dollars",(D),(D),(D),(D),(D),(D),9876,9025,6984,8041,7781,7749,7064,7862,7241,6321,7214,7376,10375,10515,10500,10595
 "19107","Keokuk, IA",4,CAGDP2,25,"311-316,322-326","   Nondurable goods manufacturing ","Thousands of dollars",(D),(D),(D),(D),(D),(D),10531,9087,6416,4914,5025,5450,6231,6657,6507,5500,5929,6316,6281,7780,9950,11863
 "19107","Keokuk, IA",4,CAGDP2,34,"42","  Wholesale trade ","Thousands of dollars",10950,11228,14163,15215,16657,16575,16926,19659,22329,25030,27051,29325,31146,29644,29329,28868,28565,30430,32959,34915,37450,36699
 "19107","Keokuk, IA",4,CAGDP2,35,"44-45","  Retail trade ","Thousands of dollars",16865,17477,13867,12982,12737,11086,10868,10689,11410,11855,12810,14608,16345,14510,12601,9469,10115,10207,12460,10990,13774,14415
 "19107","Keokuk, IA",4,CAGDP2,36,"48-49","  Transportation and warehousing ","Thousands of dollars",(D),(D),(D),(D),(D),(D),(D),(D),(D),(D),(D),(D),(D),(D),(D),(D),(D),(D),(D),(D),(D),(D)
 "19107","Keokuk, IA",4,CAGDP2,45,"51","  Information ","Thousands of dollars",3399,1882,2149,2428,2324,2314,2245,2530,3012,3386,3017,2814,3016,2855,3119,2999,3075,3250,3380,3004,3035,3155
 "19107","Keokuk, IA",4,CAGDP2,50,"52,53","  Finance, insurance, real estate, rental, and leasing ","Thousands of dollars",36303,37349,38758,39587,42238,41990,42592,46504,50407,46614,51442,53351,62169,57557,60904,65946,67849,71087,64507,64986,66634,(D)
 "19107","Keokuk, IA",4,CAGDP2,51,"52","   Finance and insurance ","Thousands of dollars",11221,12823,12060,(D),(D),(D),(D),11332,(D),10324,14106,16052,16263,20908,19360,22301,23156,23195,22628,21607,(D),(D)
 "19107","Keokuk, IA",4,CAGDP2,56,"53","   Real estate and rental and leasing ","Thousands of dollars",25082,24526,26698,(D),(D),(D),(D),35171,(D),36290,37336,37299,45905,36649,41544,43645,44693,47892,41879,43379,(D),42860
 "19107","Keokuk, IA",4,CAGDP2,59,"54,55,56","  Professional and business services ","Thousands of dollars",3448,3857,3929,3885,3704,3973,4525,5326,5196,5454,5239,6290,7224,6904,6586,6512,6851,6535,8552,7145,8186,8140
 "19107","Keokuk, IA",4,CAGDP2,60,"54","   Professional, scientific, and technical services ","Thousands of dollars",2530,2653,2744,2946,2906,3170,3498,4266,4067,4093,3809,(D),(D),(D),4178,4173,4277,4641,6196,5307,6336,5630
 "19107","Keokuk, IA",4,CAGDP2,64,"55","   Management of companies and enterprises ","Thousands of dollars",0,0,0,0,0,0,0,(D),(D),0,0,(D),(D),(D),(D),(D),(D),(D),1070,639,687,847
 "19107","Keokuk, IA",4,CAGDP2,65,"56","   Administrative and support and waste management and remediation services ","Thousands of dollars",918,1204,1185,939,798,803,1028,(D),(D),1360,1429,(D),3183,2996,(D),(D),(D),(D),1285,1200,1163,1663
 "19107","Keokuk, IA",4,CAGDP2,68,"61,62","  Educational services, health care, and social assistance ","Thousands of dollars",8103,8605,8728,8770,8525,8804,8639,9812,10224,10506,10230,10248,10430,10724,10426,10508,10316,10695,10796,12142,12835,13814
 "19107","Keokuk, IA",4,CAGDP2,69,"61","   Educational services ","Thousands of dollars",42,43,45,38,67,61,77,129,142,194,86,88,68,61,54,48,50,139,(D),(D),39,35
 "19107","Keokuk, IA",4,CAGDP2,70,"62","   Health care and social assistance ","Thousands of dollars",8061,8562,8683,8732,8458,8743,8562,9683,10082,10312,10144,10160,10362,10664,10373,10460,10266,10556,(D),(D),12796,13779
 "19107","Keokuk, IA",4,CAGDP2,75,"71,72","  Arts, entertainment, recreation, accommodation, and food services ","Thousands of dollars",(D),(D),1039,(D),1004,(D),1041,(D),(D),(D),(D),(D),(D),(D),(D),(D),(D),(D),(D),(D),(D),3130
 "19107","Keokuk, IA",4,CAGDP2,76,"71","   Arts, entertainment, and recreation ","Thousands of dollars",(D),(D),161,(D),0,(D),132,(D),(D),(D),(D),(D),(D),(D),(D),(D),(D),(D),(D),(D),(D),(D)
 "19107","Keokuk, IA",4,CAGDP2,79,"72","   Accommodation and food services ","Thousands of dollars",(D),(D),878,(D),1004,(D),909,(D),(D),(D),(D),(D),(D),(D),(D),(D),(D),(D),(D),(D),(D),(D)
 "19107","Keokuk, IA",4,CAGDP2,82,"81","  Other services (except government and government enterprises) ","Thousands of dollars",6059,6748,6294,6519,6691,7325,7150,6752,6655,6877,6866,8010,8029,8152,8362,8949,9186,9481,9923,10040,10521,11578
 "19107","Keokuk, IA",4,CAGDP2,83,"92","Government and government enterprises ","Thousands of dollars",24002,25464,26715,27637,29034,29067,29302,29372,31417,32735,32860,33524,34996,36537,37134,39453,40499,42757,43097,44171,43778,44772
 "19107","Keokuk, IA",4,CAGDP2,87,"11,21","Natural resources and mining ","Thousands of dollars",15928,25794,(D),67018,(D),42258,(D),62314,70943,51746,106368,124602,133984,118281,111355,146580,112957,114113,103313,81526,138321,181025
 "19107","Keokuk, IA",4,CAGDP2,88,"42,44-45","Trade ","Thousands of dollars",27814,28705,28030,28197,29394,27661,27795,30348,33739,36885,39861,43933,47491,44154,41929,38336,38680,40638,45419,45904,51224,51114
 "19107","Keokuk, IA",4,CAGDP2,89,"22,48-49","Transportation and utilities ","Thousands of dollars",(D),(D),(D),(D),(D),(D),(D),(D),(D),(D),(D),(D),(D),(D),(D),(D),(D),(D),(D),(D),(D),(D)
 "19107","Keokuk, IA",4,CAGDP2,90,"31-33,51","Manufacturing and information ","Thousands of dollars",35888,35919,38659,27104,23109,21699,22653,20642,16412,16341,15823,16014,16312,17374,16868,14819,16219,16942,20036,21299,23485,25613
 "19107","Keokuk, IA",4,CAGDP2,91,"...","Private goods-producing industries 2/","Thousands of dollars",57825,70256,(D),101250,(D),71001,(D),89579,95262,76298,130872,150415,158627,146241,136241,169415,136391,138604,131218,110616,170382,216035
 "19107","Keokuk, IA",4,CAGDP2,92,"...","Private services-providing industries 3/","Thousands of dollars",95850,98746,(D),104567,(D),110958,(D),124248,129740,128838,133525,142500,156989,150941,154285,155607,159285,166505,166700,166438,177579,180093
 "19109","Kossuth, IA",4,CAGDP2,1,"...","All industry total ","Thousands of dollars",403946,440412,492731,578958,596168,613857,688248,676501,668875,730166,831348,928988,1051575,1071872,986692,965198,938192,961627,909176,849150,1111133,1263373
 "19109","Kossuth, IA",4,CAGDP2,2,"..."," Private industries ","Thousands of dollars",357784,392133,442119,526302,541062,556372,629938,616308,605298,662741,764021,859784,981074,998596,908092,883184,855483,877117,823462,761257,1021155,1168326
 "19109","Kossuth, IA",4,CAGDP2,3,"11","  Agriculture, forestry, fishing and hunting ","Thousands of dollars",50562,73363,95134,140057,124220,122603,169243,172631,153704,183538,269553,296004,360546,327808,194457,153115,154258,183362,157151,65874,277401,381205
 "19109","Kossuth, IA",4,CAGDP2,6,"21","  Mining, quarrying, and oil and gas extraction ","Thousands of dollars",945,713,716,780,862,986,816,1007,1207,910,1964,0,0,0,0,0,0,0,0,0,0,0
 "19109","Kossuth, IA",4,CAGDP2,10,"22","  Utilities ","Thousands of dollars",677,2007,2156,1785,3424,4613,3969,8910,6072,5391,2289,2374,2636,2777,2519,8279,3660,2615,2856,10684,29206,36810
 "19109","Kossuth, IA",4,CAGDP2,11,"23","  Construction ","Thousands of dollars",13460,14506,18428,19457,21498,25758,38334,32319,25712,21214,25885,27378,29374,32238,35640,42257,49787,33512,31730,28268,35014,45302
 "19109","Kossuth, IA",4,CAGDP2,12,"31-33","  Manufacturing ","Thousands of dollars",76765,82926,96010,113844,116585,109243,99318,88480,91814,98154,106593,140892,201801,223244,235688,191809,181735,186988,180938,194767,185414,192934
 "19109","Kossuth, IA",4,CAGDP2,13,"321,327-339","   Durable goods manufacturing ","Thousands of dollars",48229,52260,57891,68688,72067,57990,55524,43428,34971,43450,50442,68892,78681,89879,99310,80223,83887,83168,89035,94642,82701,93636
 "19109","Kossuth, IA",4,CAGDP2,25,"311-316,322-326","   Nondurable goods manufacturing ","Thousands of dollars",28536,30666,38119,45156,44517,51253,43794,45052,56843,54704,56151,72000,123120,133365,136378,111586,97848,103820,91903,100125,102712,99298
 "19109","Kossuth, IA",4,CAGDP2,34,"42","  Wholesale trade ","Thousands of dollars",26430,26012,26806,29612,35945,40318,44116,57251,61084,61017,69585,83322,80904,79694,79662,79219,80452,84804,62867,63884,70030,76118
 "19109","Kossuth, IA",4,CAGDP2,35,"44-45","  Retail trade ","Thousands of dollars",35604,35734,35194,34916,34412,34609,33336,34168,34489,36102,36209,38647,39560,39804,41223,40439,40479,40511,41723,42319,49023,52441
 "19109","Kossuth, IA",4,CAGDP2,36,"48-49","  Transportation and warehousing ","Thousands of dollars",(D),(D),(D),(D),(D),(D),(D),(D),(D),(D),(D),(D),(D),(D),(D),(D),(D),(D),(D),(D),(D),28128
 "19109","Kossuth, IA",4,CAGDP2,45,"51","  Information ","Thousands of dollars",3872,4585,5337,6290,6479,6845,8885,8837,9682,9214,8770,8634,9036,10106,11324,11790,12433,9833,10806,10903,12882,14083
 "19109","Kossuth, IA",4,CAGDP2,50,"52,53","  Finance, insurance, real estate, rental, and leasing ","Thousands of dollars",91878,91805,98100,107159,123257,129576,149971,126945,132805,152393,145806,160133,155433,175989,191800,233760,212089,204686,207048,219829,228294,230859
 "19109","Kossuth, IA",4,CAGDP2,51,"52","   Finance and insurance ","Thousands of dollars",39708,46003,52000,61621,77801,75736,91300,66394,72842,79498,75308,86573,77085,103558,114059,137334,130000,126156,125120,142163,148606,148232
 "19109","Kossuth, IA",4,CAGDP2,56,"53","   Real estate and rental and leasing ","Thousands of dollars",52170,45802,46100,45538,45457,53839,58671,60552,59963,72895,70498,73560,78348,72431,77741,96426,82089,78530,81928,77666,79688,82627
 "19109","Kossuth, IA",4,CAGDP2,59,"54,55,56","  Professional and business services ","Thousands of dollars",(D),(D),(D),(D),(D),(D),(D),(D),(D),23441,(D),(D),(D),29459,(D),(D),32843,(D),(D),(D),(D),40783
 "19109","Kossuth, IA",4,CAGDP2,60,"54","   Professional, scientific, and technical services ","Thousands of dollars",6854,7073,7950,11705,11373,11550,11971,14326,17019,17989,19271,20529,20488,21679,23564,24661,24276,25292,26297,26799,29816,30815
 "19109","Kossuth, IA",4,CAGDP2,64,"55","   Management of companies and enterprises ","Thousands of dollars",(D),(D),(D),(D),(D),(D),(D),(D),(D),(D),(D),(D),(D),2087,(D),(D),(D),(D),(D),(D),(D),(D)
 "19109","Kossuth, IA",4,CAGDP2,65,"56","   Administrative and support and waste management and remediation services ","Thousands of dollars",(D),(D),(D),(D),(D),(D),(D),(D),(D),(D),(D),(D),(D),5693,(D),(D),(D),(D),(D),(D),(D),(D)
 "19109","Kossuth, IA",4,CAGDP2,68,"61,62","  Educational services, health care, and social assistance ","Thousands of dollars",20831,21499,21881,23768,24514,26200,27029,30198,31550,32302,32607,33387,33312,(D),35259,35600,34932,37651,39021,37055,37363,37883
 "19109","Kossuth, IA",4,CAGDP2,69,"61","   Educational services ","Thousands of dollars",(D),(D),(D),(D),(D),(D),(D),(D),(D),(D),(D),(D),(D),(D),(D),(D),(D),(D),(D),(D),(D),(D)
 "19109","Kossuth, IA",4,CAGDP2,70,"62","   Health care and social assistance ","Thousands of dollars",(D),(D),(D),(D),(D),(D),(D),(D),(D),(D),(D),(D),(D),(D),(D),(D),(D),(D),(D),(D),(D),(D)
 "19109","Kossuth, IA",4,CAGDP2,75,"71,72","  Arts, entertainment, recreation, accommodation, and food services ","Thousands of dollars",6224,6528,6686,6741,7255,7529,7482,7728,8338,(D),9227,9889,10057,10442,10213,11721,(D),12833,14172,11662,15193,15687
 "19109","Kossuth, IA",4,CAGDP2,76,"71","   Arts, entertainment, and recreation ","Thousands of dollars",849,1029,1127,1391,1691,2092,2074,1929,1985,(D),2213,2296,2240,2194,1897,1954,(D),2056,2141,1685,2848,2984
 "19109","Kossuth, IA",4,CAGDP2,79,"72","   Accommodation and food services ","Thousands of dollars",5375,5499,5559,5349,5564,5437,5408,5799,6353,(D),7014,7593,7817,8248,8316,9767,(D),10777,12031,9977,12345,12702
 "19109","Kossuth, IA",4,CAGDP2,82,"81","  Other services (except government and government enterprises) ","Thousands of dollars",10627,11787,11531,12676,13569,13147,12670,11911,12557,13368,13160,14085,13374,14274,14847,14852,15338,15162,15055,14151,15776,16095
 "19109","Kossuth, IA",4,CAGDP2,83,"92","Government and government enterprises ","Thousands of dollars",46162,48279,50612,52656,55106,57484,58310,60193,63577,67425,67327,69204,70501,73276,78600,82013,82709,84510,85714,87893,89977,95046
 "19109","Kossuth, IA",4,CAGDP2,87,"11,21","Natural resources and mining ","Thousands of dollars",51506,74077,95850,140837,125082,123589,170059,173638,154911,184448,271516,296004,360546,327808,194457,153115,154258,183362,157151,65874,277401,381205
 "19109","Kossuth, IA",4,CAGDP2,88,"42,44-45","Trade ","Thousands of dollars",62034,61747,62000,64528,70357,74927,77452,91419,95573,97119,105793,121969,120464,119498,120885,119658,120931,125315,104590,106203,119053,128559
 "19109","Kossuth, IA",4,CAGDP2,89,"22,48-49","Transportation and utilities ","Thousands of dollars",(D),(D),(D),(D),(D),(D),(D),(D),(D),(D),(D),(D),(D),(D),(D),(D),(D),(D),(D),(D),(D),64938
 "19109","Kossuth, IA",4,CAGDP2,90,"31-33,51","Manufacturing and information ","Thousands of dollars",80636,87511,101347,120135,123064,116088,108203,97317,101496,107368,115363,149526,210836,233351,247012,203599,194168,196821,191744,205670,198295,207017
 "19109","Kossuth, IA",4,CAGDP2,91,"...","Private goods-producing industries 2/","Thousands of dollars",141731,171509,210288,274138,263164,258591,307711,294437,272437,303816,403994,464274,591721,583290,465785,387181,385780,403862,369820,288909,497829,619440
 "19109","Kossuth, IA",4,CAGDP2,92,"...","Private services-providing industries 3/","Thousands of dollars",216054,220624,231831,252164,277897,297782,322227,321871,332861,358926,360027,395510,389353,415306,442307,496003,469703,473255,453643,472348,523326,548886
 "19111","Lee, IA",4,CAGDP2,1,"...","All industry total ","Thousands of dollars",1211237,1249018,1317306,1344972,1325858,1310963,1338717,1466617,1518100,1565253,1595536,1634045,1709529,1809225,2002411,1927321,1814092,1839452,1854264,1979082,2058650,2135894
 "19111","Lee, IA",4,CAGDP2,2,"..."," Private industries ","Thousands of dollars",1092708,1126759,1186726,1208315,1181518,1162348,1187400,1311377,1355577,1404516,1437898,1474513,1545213,1641353,1830667,1752095,1640512,1662402,1675247,1796547,1876467,1941870
 "19111","Lee, IA",4,CAGDP2,3,"11","  Agriculture, forestry, fishing and hunting ","Thousands of dollars",17147,20131,29840,46108,18433,11744,17610,29496,18951,6926,23364,45081,47544,16588,17476,4416,9956,17419,16701,3047,55929,66531
 "19111","Lee, IA",4,CAGDP2,6,"21","  Mining, quarrying, and oil and gas extraction ","Thousands of dollars",68,252,280,315,310,344,373,441,678,360,645,545,550,980,1101,784,1076,1518,2100,2240,1840,1587
 "19111","Lee, IA",4,CAGDP2,10,"22","  Utilities ","Thousands of dollars",37434,37323,33508,39042,39778,44606,44661,46768,57843,48196,40586,41201,40843,45788,51609,55040,58966,51763,52197,65476,61355,59606
 "19111","Lee, IA",4,CAGDP2,11,"23","  Construction ","Thousands of dollars",39699,43375,43080,45684,53231,54575,57450,61172,54801,54693,52527,46978,44227,135017,223996,206804,99192,84131,78614,75159,79869,77012
 "19111","Lee, IA",4,CAGDP2,12,"31-33","  Manufacturing ","Thousands of dollars",524865,539809,569904,553097,520545,482894,461201,558715,610411,700227,682207,675999,725797,738388,776562,721578,713450,743837,754104,806299,838081,860740
 "19111","Lee, IA",4,CAGDP2,13,"321,327-339","   Durable goods manufacturing ","Thousands of dollars",105467,104211,106339,134916,171933,175881,182040,192731,156728,190791,201542,229571,180015,208483,218124,194263,184759,190348,224069,220918,218381,229317
 "19111","Lee, IA",4,CAGDP2,25,"311-316,322-326","   Nondurable goods manufacturing ","Thousands of dollars",419399,435599,463565,418182,348613,307012,279161,365984,453683,509436,480665,446428,545781,529906,558438,527315,528692,553489,530035,585382,619700,631424
 "19111","Lee, IA",4,CAGDP2,34,"42","  Wholesale trade ","Thousands of dollars",20574,21337,22923,26253,29108,30770,33025,37336,39086,42068,43077,45970,52884,54926,54245,54977,57067,60759,65173,66087,71178,72872
 "19111","Lee, IA",4,CAGDP2,35,"44-45","  Retail trade ","Thousands of dollars",74498,74100,77983,80168,81796,78312,78340,82210,83512,81767,83369,87792,89625,88858,94944,98080,96567,96480,101037,108167,121623,128604
 "19111","Lee, IA",4,CAGDP2,36,"48-49","  Transportation and warehousing ","Thousands of dollars",55334,54603,60821,65575,66811,76404,79162,82542,75036,67656,76897,84460,94301,101942,109029,91981,91901,103659,98223,89579,94456,101749
 "19111","Lee, IA",4,CAGDP2,45,"51","  Information ","Thousands of dollars",5686,7911,10130,11665,11493,11234,13523,15813,17444,18432,16079,13141,12591,11681,11746,11548,10290,9258,10743,11088,11987,12198
 "19111","Lee, IA",4,CAGDP2,50,"52,53","  Finance, insurance, real estate, rental, and leasing ","Thousands of dollars",134780,138523,149049,150835,164524,161934,179705,171889,180121,165913,195812,204314,213208,210030,242422,249313,251286,239380,232297,310587,277094,292590
 "19111","Lee, IA",4,CAGDP2,51,"52","   Finance and insurance ","Thousands of dollars",36676,40893,41551,41479,46742,45872,47432,41033,41084,40760,51047,56688,56700,67384,72282,81809,86541,89543,92155,102518,118584,120982
 "19111","Lee, IA",4,CAGDP2,56,"53","   Real estate and rental and leasing ","Thousands of dollars",98104,97630,107498,109356,117782,116062,132272,130856,139038,125153,144765,147626,156509,142646,170140,167504,164745,149837,140142,208069,158510,171608
 "19111","Lee, IA",4,CAGDP2,59,"54,55,56","  Professional and business services ","Thousands of dollars",34697,33852,37130,33785,33585,40308,44664,45920,47130,48732,52283,50187,47908,57377,61582,61535,63450,63032,70231,73213,71259,71153
 "19111","Lee, IA",4,CAGDP2,60,"54","   Professional, scientific, and technical services ","Thousands of dollars",14465,(D),(D),15251,(D),(D),(D),18742,17224,(D),(D),(D),(D),24026,28296,30933,31661,28449,31925,28202,27112,29631
 "19111","Lee, IA",4,CAGDP2,64,"55","   Management of companies and enterprises ","Thousands of dollars",4409,(D),(D),0,(D),(D),(D),2363,2719,(D),(D),(D),(D),1332,1558,1650,1093,1516,3374,12650,15503,15494
 "19111","Lee, IA",4,CAGDP2,65,"56","   Administrative and support and waste management and remediation services ","Thousands of dollars",15823,13835,17889,18534,18270,23553,26249,24815,27187,28751,34365,32805,28393,32019,31728,28953,30696,33067,34932,32361,28644,26027
 "19111","Lee, IA",4,CAGDP2,68,"61,62","  Educational services, health care, and social assistance ","Thousands of dollars",81927,86464,87846,93096,101323,105839,106719,116163,120639,122735,123182,128038,124725,126402,126230,126574,125536,130131,129743,126650,126678,126529
 "19111","Lee, IA",4,CAGDP2,69,"61","   Educational services ","Thousands of dollars",(D),(D),4972,7803,9279,9432,9309,8622,8085,7440,6916,7254,6901,7389,6910,(D),(D),(D),4493,4194,4483,(D)
 "19111","Lee, IA",4,CAGDP2,70,"62","   Health care and social assistance ","Thousands of dollars",(D),(D),82874,85293,92044,96407,97410,107541,112553,115295,116266,120784,117824,119014,119320,(D),(D),(D),125250,122456,122195,(D)
 "19111","Lee, IA",4,CAGDP2,75,"71,72","  Arts, entertainment, recreation, accommodation, and food services ","Thousands of dollars",45680,47440,43333,39701,37527,40550,47855,38948,27156,24837,25282,25345,24741,25903,28395,30684,29451,30223,32883,28618,34630,36976
 "19111","Lee, IA",4,CAGDP2,76,"71","   Arts, entertainment, and recreation ","Thousands of dollars",26859,27909,24212,19216,17244,20236,27560,17649,5383,2861,2791,2468,2271,2780,2642,2486,2428,3589,4524,3897,5581,6070
 "19111","Lee, IA",4,CAGDP2,79,"72","   Accommodation and food services ","Thousands of dollars",18821,19531,19122,20485,20283,20315,20296,21299,21773,21976,22491,22877,22469,23123,25753,28198,27023,26634,28359,24721,29049,30906
 "19111","Lee, IA",4,CAGDP2,82,"81","  Other services (except government and government enterprises) ","Thousands of dollars",20318,21638,20899,22993,23053,22835,23112,23966,22768,21973,22588,25462,26270,27474,31331,38779,32326,30811,31201,30335,30488,33723
 "19111","Lee, IA",4,CAGDP2,83,"92","Government and government enterprises ","Thousands of dollars",118529,122258,130579,136657,144340,148615,151317,155240,162523,160738,157638,159533,164316,167872,171743,175227,173580,177050,179017,182535,182183,194023
 "19111","Lee, IA",4,CAGDP2,87,"11,21","Natural resources and mining ","Thousands of dollars",17215,20383,30121,46422,18743,12088,17983,29937,19630,7286,24009,45626,48093,17567,18576,5200,11031,18937,18801,5287,57769,68118
 "19111","Lee, IA",4,CAGDP2,88,"42,44-45","Trade ","Thousands of dollars",95072,95437,100906,106420,110904,109082,111365,119545,122598,123835,126446,133762,142509,143784,149189,153057,153633,157239,166210,174254,192801,201476
 "19111","Lee, IA",4,CAGDP2,89,"22,48-49","Transportation and utilities ","Thousands of dollars",92768,91926,94329,104617,106589,121010,123823,129310,132879,115852,117483,125662,135144,147730,160638,147021,150866,155422,150420,155055,155811,161355
 "19111","Lee, IA",4,CAGDP2,90,"31-33,51","Manufacturing and information ","Thousands of dollars",530552,547720,580033,564762,532038,494127,474724,574528,627855,718659,698285,689139,738388,750069,788307,733126,723741,753096,764847,817388,850068,872939
 "19111","Lee, IA",4,CAGDP2,91,"...","Private goods-producing industries 2/","Thousands of dollars",581780,603568,643104,645204,592519,549556,536633,649823,684842,762206,758743,768603,818117,890972,1019134,933582,823673,846906,851519,886745,975719,1005871
 "19111","Lee, IA",4,CAGDP2,92,"...","Private services-providing industries 3/","Thousands of dollars",510929,523191,543622,563111,588999,612792,650766,661554,670736,642310,679155,705909,727096,750381,811533,818512,816839,815496,823727,909802,900748,936000
 "19113","Linn, IA",4,CAGDP2,1,"...","All industry total ","Thousands of dollars",8456891,8411442,9218514,10216285,10911120,11159973,12404195,12348028,12944912,13687784,14189071,14306045,14206097,15156805,16044373,16761056,16867116,17484713,17409872,17394010,18805938,19990382
 "19113","Linn, IA",4,CAGDP2,2,"..."," Private industries ","Thousands of dollars",7826062,7750485,8527323,9491433,10148586,10358559,11578854,11477681,12011696,12702175,13206656,13295365,13147429,14056646,14890816,15579960,15658651,16231144,16131506,16098994,17506369,18637357
 "19113","Linn, IA",4,CAGDP2,3,"11","  Agriculture, forestry, fishing and hunting ","Thousands of dollars",27286,32485,38753,61130,34265,35841,36387,34442,35029,29774,82275,49818,68997,6832,14191,4910,2499,8426,5807,15992,127124,147248
 "19113","Linn, IA",4,CAGDP2,6,"21","  Mining, quarrying, and oil and gas extraction ","Thousands of dollars",4579,4974,5211,11865,14537,17356,17394,20879,16528,15665,13617,15007,13335,15795,16181,13542,19153,19255,22222,26317,31078,24363
 "19113","Linn, IA",4,CAGDP2,10,"22","  Utilities ","Thousands of dollars",292958,328794,319162,369840,354774,398471,400466,410338,432781,406787,418051,389999,420424,417124,432866,449781,468272,439312,457590,367626,202839,189310
 "19113","Linn, IA",4,CAGDP2,11,"23","  Construction ","Thousands of dollars",401728,391511,406523,408469,453240,465222,539566,618734,558726,515081,497224,523858,551750,645023,645729,696656,713449,747447,758236,780571,857746,901494
 "19113","Linn, IA",4,CAGDP2,12,"31-33","  Manufacturing ","Thousands of dollars",1914097,1686347,2007314,2192705,2203022,2366493,2700047,2870968,3050912,3258526,3254431,2888513,3016709,3146542,3369184,3179869,3330023,3713233,3360937,3366214,3181171,3449561
 "19113","Linn, IA",4,CAGDP2,13,"321,327-339","   Durable goods manufacturing ","Thousands of dollars",1139977,926295,1188947,1395109,1464533,1542304,1822804,1924966,1935346,2178765,2263124,1929159,1934402,2048474,2094824,1940380,2124341,2426462,2244980,2150301,1955234,2182993
 "19113","Linn, IA",4,CAGDP2,25,"311-316,322-326","   Nondurable goods manufacturing ","Thousands of dollars",774120,760053,818366,797596,738488,824188,877242,946002,1115566,1079761,991307,959354,1082306,1098068,1274360,1239489,1205682,1286771,1115958,1215914,1225937,1266568
 "19113","Linn, IA",4,CAGDP2,34,"42","  Wholesale trade ","Thousands of dollars",371413,364448,365831,416830,468364,522979,578781,639074,602443,629777,685429,790477,794888,787680,742534,757043,775858,800344,792805,785734,881905,1006167
 "19113","Linn, IA",4,CAGDP2,35,"44-45","  Retail trade ","Thousands of dollars",528904,535029,561674,589921,611182,639429,654415,687190,710167,723047,761649,825770,795676,818608,881190,960717,1013938,1019627,1050863,1109882,1272306,1335951
 "19113","Linn, IA",4,CAGDP2,36,"48-49","  Transportation and warehousing ","Thousands of dollars",326646,325726,328371,352196,390879,410431,399096,417750,412598,456091,486535,507863,575497,613659,703950,650433,695085,750784,750936,719549,909634,1030822
 "19113","Linn, IA",4,CAGDP2,45,"51","  Information ","Thousands of dollars",642639,601083,602598,650663,681720,692164,732596,835311,926179,1051124,1093756,1000211,1006666,954746,987813,949531,928137,889367,949029,868402,909001,996918
 "19113","Linn, IA",4,CAGDP2,50,"52,53","  Finance, insurance, real estate, rental, and leasing ","Thousands of dollars",1610543,1725487,2078497,2542600,2988946,2781713,3377631,2626638,2897181,3158829,3355856,3576028,3174134,3813893,4152546,4851331,4549528,4452475,4481640,4683709,5348827,5451615
 "19113","Linn, IA",4,CAGDP2,51,"52","   Finance and insurance ","Thousands of dollars",672695,789845,1040353,1448903,1771180,1639847,2097583,1314531,1313478,1523579,1664230,1960966,1603764,2110302,2540206,3204525,2881376,2724812,2731255,3043700,3308673,3176820
 "19113","Linn, IA",4,CAGDP2,56,"53","   Real estate and rental and leasing ","Thousands of dollars",937848,935642,1038144,1093697,1217766,1141867,1280048,1312106,1583703,1635250,1691627,1615062,1570370,1703591,1612340,1646806,1668152,1727663,1750385,1640009,2040154,2274796
 "19113","Linn, IA",4,CAGDP2,59,"54,55,56","  Professional and business services ","Thousands of dollars",640480,637143,669463,690552,715685,731546,786062,852381,838622,896526,945384,1007802,990775,1038704,1033739,1066604,1135294,1268663,1291928,1290737,1445912,1586358
 "19113","Linn, IA",4,CAGDP2,60,"54","   Professional, scientific, and technical services ","Thousands of dollars",324798,324616,332587,344985,357142,372503,411335,459132,447924,475941,497150,505746,497095,519396,553286,576119,632966,683837,704280,710518,777546,853339
 "19113","Linn, IA",4,CAGDP2,64,"55","   Management of companies and enterprises ","Thousands of dollars",17200,36444,48479,53034,61382,65390,64958,57249,48492,47912,81550,98920,94555,101453,114368,123340,126484,128677,131505,148568,177281,203801
 "19113","Linn, IA",4,CAGDP2,65,"56","   Administrative and support and waste management and remediation services ","Thousands of dollars",298483,276083,288397,292534,297161,293653,309770,336000,342205,372673,366685,403136,399125,417854,366085,367145,375844,456149,456144,431651,491085,529218
 "19113","Linn, IA",4,CAGDP2,68,"61,62","  Educational services, health care, and social assistance ","Thousands of dollars",622801,663636,695399,751309,770026,815652,860758,949435,1019079,1042215,1078205,1129381,1125591,1146556,1214550,1271118,1290210,1341624,1386188,1342129,1436266,1507672
 "19113","Linn, IA",4,CAGDP2,69,"61","   Educational services ","Thousands of dollars",77769,81888,86859,99150,100070,108067,107247,117242,129827,134902,138069,145321,138526,138862,134340,140407,130636,136161,140701,134991,143067,145303
 "19113","Linn, IA",4,CAGDP2,70,"62","   Health care and social assistance ","Thousands of dollars",545031,581748,608540,652159,669956,707586,753511,832193,889252,907313,940136,984060,987065,1007694,1080210,1130711,1159574,1205463,1245486,1207138,1293199,1362368
 "19113","Linn, IA",4,CAGDP2,75,"71,72","  Arts, entertainment, recreation, accommodation, and food services ","Thousands of dollars",231255,239108,243416,244021,249548,258728,262990,273805,283470,296378,307052,332254,350551,370576,402326,417283,422630,443496,474941,398659,535571,609438
 "19113","Linn, IA",4,CAGDP2,76,"71","   Arts, entertainment, and recreation ","Thousands of dollars",40295,43106,45260,48532,50119,55193,58571,62217,64165,68469,75281,82690,87676,94967,101512,102131,107588,120050,126806,99384,134876,155991
 "19113","Linn, IA",4,CAGDP2,79,"72","   Accommodation and food services ","Thousands of dollars",190960,196002,198156,195489,199429,203534,204418,211588,219305,227909,231771,249564,262875,275609,300814,315151,315042,323446,348135,299275,400694,453447
 "19113","Linn, IA",4,CAGDP2,82,"81","  Other services (except government and government enterprises) ","Thousands of dollars",210733,214713,205109,209333,212398,222533,232665,240735,227980,222356,227193,258385,262437,280908,294017,311145,314576,337091,348383,343474,366989,400440
 "19113","Linn, IA",4,CAGDP2,83,"92","Government and government enterprises ","Thousands of dollars",630829,660957,691191,724853,762534,801415,825342,870347,933216,985609,982415,1010680,1058668,1100159,1153557,1181095,1208464,1253569,1278366,1295016,1299569,1353025
 "19113","Linn, IA",4,CAGDP2,87,"11,21","Natural resources and mining ","Thousands of dollars",31865,37459,43965,72995,48802,53197,53780,55322,51557,45439,95891,64825,82333,22627,30372,18451,21652,27681,28029,42309,158202,171611
 "19113","Linn, IA",4,CAGDP2,88,"42,44-45","Trade ","Thousands of dollars",900317,899477,927506,1006751,1079546,1162408,1233197,1326264,1312610,1352824,1447077,1616246,1590564,1606289,1623724,1717760,1789796,1819971,1843669,1895616,2154211,2342117
 "19113","Linn, IA",4,CAGDP2,89,"22,48-49","Transportation and utilities ","Thousands of dollars",619604,654520,647533,722035,745654,808902,799561,828088,845379,862878,904586,897861,995920,1030783,1136816,1100214,1163357,1190096,1208526,1087174,1112473,1220132
 "19113","Linn, IA",4,CAGDP2,90,"31-33,51","Manufacturing and information ","Thousands of dollars",2556736,2287431,2609912,2843368,2884741,3058657,3432642,3706279,3977091,4309649,4348186,3888724,4023375,4101288,4356997,4129400,4258159,4602600,4309967,4234616,4090173,4446480
 "19113","Linn, IA",4,CAGDP2,91,"...","Private goods-producing industries 2/","Thousands of dollars",2347690,2115318,2457801,2674169,2705063,2884912,3293393,3545024,3661195,3819046,3847546,3477196,3650791,3814192,4045285,3894976,4065124,4488362,4147202,4189094,4197119,4522666
 "19113","Linn, IA",4,CAGDP2,92,"...","Private services-providing industries 3/","Thousands of dollars",5478372,5635167,6069522,6817264,7443523,7473647,8285460,7932657,8350501,8883129,9359110,9818169,9496638,10242454,10845531,11684984,11593527,11742783,11984304,11909900,13309250,14114691
 "19115","Louisa, IA",4,CAGDP2,1,"...","All industry total ","Thousands of dollars",421131,410738,427710,415644,380385,434311,471253,527048,568766,552983,516560,583989,594102,617449,609454,644815,645666,702330,760306,820427,1094104,1107847
 "19115","Louisa, IA",4,CAGDP2,2,"..."," Private industries ","Thousands of dollars",388892,377449,392802,378818,341703,394252,429350,483711,522174,504530,468965,535931,545826,568887,560604,594787,595021,650151,707885,767356,1041627,1052499
 "19115","Louisa, IA",4,CAGDP2,3,"11","  Agriculture, forestry, fishing and hunting ","Thousands of dollars",23550,31498,29177,44690,23450,26553,33229,42974,18549,21451,49612,72947,90331,93015,69286,94355,94822,97523,89212,47327,116236,156243
 "19115","Louisa, IA",4,CAGDP2,6,"21","  Mining, quarrying, and oil and gas extraction ","Thousands of dollars",1612,1478,1424,1798,2303,2636,2231,2556,2157,2436,2578,2582,2498,2359,2091,1782,2610,2487,3657,4631,5031,4430
 "19115","Louisa, IA",4,CAGDP2,10,"22","  Utilities ","Thousands of dollars",146110,144211,137152,150568,120356,157570,127038,173098,214925,203836,149897,188648,174339,188558,151006,141905,144785,184643,136805,84786,(D),157002
 "19115","Louisa, IA",4,CAGDP2,11,"23","  Construction ","Thousands of dollars",7829,8628,8617,7970,8994,11212,29075,11493,12056,10159,11348,10883,10501,9429,7942,6303,6451,7017,7786,7421,7626,8739
 "19115","Louisa, IA",4,CAGDP2,12,"31-33","  Manufacturing ","Thousands of dollars",121592,100427,119169,64855,66477,77658,118165,134372,154120,144278,128367,126902,126252,127849,162015,173577,161762,172074,287923,406421,490614,488866
 "19115","Louisa, IA",4,CAGDP2,13,"321,327-339","   Durable goods manufacturing ","Thousands of dollars",(D),(D),(D),(D),(D),(D),(D),(D),(D),(D),(D),(D),10920,9515,10955,11322,16136,19676,25270,25568,30930,34699
 "19115","Louisa, IA",4,CAGDP2,25,"311-316,322-326","   Nondurable goods manufacturing ","Thousands of dollars",(D),(D),(D),(D),(D),(D),(D),(D),(D),(D),(D),(D),115332,118333,151060,162254,145626,152398,262653,380853,459684,454167
 "19115","Louisa, IA",4,CAGDP2,34,"42","  Wholesale trade ","Thousands of dollars",14937,13406,12769,14883,21197,20560,21274,23034,20321,24823,23953,28763,31123,33666,37852,41259,50427,52732,(D),(D),(D),(D)
 "19115","Louisa, IA",4,CAGDP2,35,"44-45","  Retail trade ","Thousands of dollars",9359,9382,8973,8308,7930,8294,8763,9091,10098,10818,9533,8679,8894,10198,11349,11411,9794,9915,9818,10200,10574,11164
 "19115","Louisa, IA",4,CAGDP2,36,"48-49","  Transportation and warehousing ","Thousands of dollars",(D),(D),(D),(D),(D),(D),(D),(D),(D),(D),(D),(D),(D),(D),(D),(D),(D),(D),13145,12539,14633,15312
 "19115","Louisa, IA",4,CAGDP2,45,"51","  Information ","Thousands of dollars",2404,2562,2973,3368,3619,3623,4113,4407,4936,5127,4311,3407,4480,4803,5469,5125,4373,4380,4970,4645,5132,5291
 "19115","Louisa, IA",4,CAGDP2,50,"52,53","  Finance, insurance, real estate, rental, and leasing ","Thousands of dollars",38609,40109,42814,42111,45585,43829,48500,46568,50224,46197,53548,54974,57254,55890,66343,68673,67760,67265,65707,89576,78280,(D)
 "19115","Louisa, IA",4,CAGDP2,51,"52","   Finance and insurance ","Thousands of dollars",7704,9100,9365,(D),11069,9803,10279,10070,10704,10780,11305,12345,12232,14804,16446,18771,19278,21773,23635,26518,28782,(D)
 "19115","Louisa, IA",4,CAGDP2,56,"53","   Real estate and rental and leasing ","Thousands of dollars",30905,31010,33449,(D),34517,34026,38221,36498,39520,35417,42243,42629,45021,41086,49897,49903,48483,45492,42072,63058,49498,54136
 "19115","Louisa, IA",4,CAGDP2,59,"54,55,56","  Professional and business services ","Thousands of dollars",(D),(D),(D),(D),(D),(D),(D),(D),(D),(D),(D),(D),9275,10596,(D),(D),(D),(D),26011,28677,29840,41003
 "19115","Louisa, IA",4,CAGDP2,60,"54","   Professional, scientific, and technical services ","Thousands of dollars",2082,2280,2413,(D),(D),(D),(D),(D),(D),(D),(D),(D),(D),(D),(D),(D),(D),(D),(D),(D),(D),(D)
 "19115","Louisa, IA",4,CAGDP2,64,"55","   Management of companies and enterprises ","Thousands of dollars",(D),(D),(D),(D),(D),(D),(D),(D),(D),(D),(D),(D),(D),(D),(D),(D),(D),(D),(D),(D),(D),(D)
 "19115","Louisa, IA",4,CAGDP2,65,"56","   Administrative and support and waste management and remediation services ","Thousands of dollars",(D),(D),(D),3673,4404,4527,5692,6056,5695,5257,5066,5663,6383,7281,7715,8268,9966,8854,8427,9212,9350,10152
 "19115","Louisa, IA",4,CAGDP2,68,"61,62","  Educational services, health care, and social assistance ","Thousands of dollars",6789,7341,7992,8040,8006,8404,8522,8778,9219,9795,10555,11512,11936,12290,12912,13985,14933,13927,13591,13627,13340,14770
 "19115","Louisa, IA",4,CAGDP2,69,"61","   Educational services ","Thousands of dollars",46,48,42,23,26,21,2,8,5,5,3,(D),(D),(D),(D),(D),(D),56,53,48,25,25
 "19115","Louisa, IA",4,CAGDP2,70,"62","   Health care and social assistance ","Thousands of dollars",6743,7293,7950,8017,7980,8383,8520,8769,9214,9791,10552,(D),(D),(D),(D),(D),(D),13871,13538,13580,13315,14745
 "19115","Louisa, IA",4,CAGDP2,75,"71,72","  Arts, entertainment, recreation, accommodation, and food services ","Thousands of dollars",2949,3109,3294,3295,2785,2198,2517,2628,2582,2688,2701,2612,(D),(D),2194,2735,2683,3071,(D),(D),4420,4590
 "19115","Louisa, IA",4,CAGDP2,76,"71","   Arts, entertainment, and recreation ","Thousands of dollars",419,461,517,503,497,498,502,461,465,493,504,473,(D),(D),493,520,480,451,(D),(D),776,827
 "19115","Louisa, IA",4,CAGDP2,79,"72","   Accommodation and food services ","Thousands of dollars",2531,2647,2777,2792,2289,1700,2015,2167,2117,2194,2197,2140,(D),(D),1701,2214,2203,2621,(D),(D),3644,3763
 "19115","Louisa, IA",4,CAGDP2,82,"81","  Other services (except government and government enterprises) ","Thousands of dollars",5102,5789,5688,5783,5953,6073,5822,5518,5617,6234,6190,6524,8048,9289,10785,11016,8574,9118,8925,9346,9692,10298
 "19115","Louisa, IA",4,CAGDP2,83,"92","Government and government enterprises ","Thousands of dollars",32239,33289,34908,36826,38682,40059,41903,43337,46592,48454,47595,48057,48276,48561,48850,50028,50645,52179,52421,53070,52477,55349
 "19115","Louisa, IA",4,CAGDP2,87,"11,21","Natural resources and mining ","Thousands of dollars",25162,32976,30601,46488,25753,29189,35459,45530,20706,23887,52190,75529,92829,95374,71377,96137,97431,100009,92869,51958,121267,160673
 "19115","Louisa, IA",4,CAGDP2,88,"42,44-45","Trade ","Thousands of dollars",24297,22788,21742,23191,29127,28854,30036,32125,30419,35640,33487,37442,40017,43864,49201,52670,60221,62647,(D),(D),(D),(D)
 "19115","Louisa, IA",4,CAGDP2,89,"22,48-49","Transportation and utilities ","Thousands of dollars",(D),(D),(D),(D),(D),(D),(D),(D),(D),(D),(D),(D),(D),(D),(D),(D),(D),(D),149950,97325,(D),172314
 "19115","Louisa, IA",4,CAGDP2,90,"31-33,51","Manufacturing and information ","Thousands of dollars",123996,102989,122142,68222,70096,81281,122279,138779,159056,149406,132678,130309,130732,132651,167483,178702,166135,176454,292893,411066,495746,494157
 "19115","Louisa, IA",4,CAGDP2,91,"...","Private goods-producing industries 2/","Thousands of dollars",154583,142031,158387,119313,101224,118059,182700,191395,186883,178324,191906,213313,229582,232652,241334,276016,265644,279101,388578,465801,619508,658278
 "19115","Louisa, IA",4,CAGDP2,92,"...","Private services-providing industries 3/","Thousands of dollars",234309,235418,234415,259505,240479,276193,246649,292315,335291,326205,277059,322618,316244,336236,319270,318771,329377,371051,319308,301556,422119,394221
 "19117","Lucas, IA",4,CAGDP2,1,"...","All industry total ","Thousands of dollars",173510,184324,195343,218546,229920,230772,227670,242572,232516,233300,248373,258915,276742,272503,290466,297998,302851,321036,324072,336880,360464,371370
 "19117","Lucas, IA",4,CAGDP2,2,"..."," Private industries ","Thousands of dollars",143599,153659,162678,185047,193195,192610,188894,201787,191086,190168,204803,214552,230647,224413,241255,248169,253343,270340,272754,283606,305645,313213
 "19117","Lucas, IA",4,CAGDP2,3,"11","  Agriculture, forestry, fishing and hunting ","Thousands of dollars",(D),(D),520,11819,7599,4068,1097,9173,11121,12416,17808,(D),22871,9170,19794,6178,3403,(D),(D),(D),9957,10775
 "19117","Lucas, IA",4,CAGDP2,6,"21","  Mining, quarrying, and oil and gas extraction ","Thousands of dollars",0,0,0,0,2686,2250,3147,1825,2182,2221,1499,0,0,0,0,0,0,0,0,0,0,0
 "19117","Lucas, IA",4,CAGDP2,10,"22","  Utilities ","Thousands of dollars",558,1215,1622,1756,2861,5790,4575,10360,6837,4467,973,1203,1552,1546,1480,1501,1358,1712,1831,3235,3162,2274
 "19117","Lucas, IA",4,CAGDP2,11,"23","  Construction ","Thousands of dollars",(D),(D),9874,10281,9995,8427,7840,6719,7451,9018,10766,(D),12198,11699,10324,11714,12801,(D),(D),(D),17662,18606
 "19117","Lucas, IA",4,CAGDP2,12,"31-33","  Manufacturing ","Thousands of dollars",13326,13135,12660,12273,11447,11872,13018,13503,11731,11785,12847,12067,12825,12884,14825,14112,15787,19376,23963,28453,30771,37027
 "19117","Lucas, IA",4,CAGDP2,13,"321,327-339","   Durable goods manufacturing ","Thousands of dollars",(D),12455,12030,11761,10746,9676,10872,(D),(D),(D),(D),(D),11516,11416,13322,12414,14134,12602,14558,18742,18782,22797
 "19117","Lucas, IA",4,CAGDP2,25,"311-316,322-326","   Nondurable goods manufacturing ","Thousands of dollars",(D),680,630,512,701,2196,2146,(D),(D),(D),(D),(D),1309,1468,1503,1697,1653,6774,9406,9711,11988,14229
 "19117","Lucas, IA",4,CAGDP2,34,"42","  Wholesale trade ","Thousands of dollars",4918,4156,2469,2111,2384,2117,2089,2540,2557,2428,2101,1970,1842,2084,2349,2103,2211,2184,2183,2369,3015,3349
 "19117","Lucas, IA",4,CAGDP2,35,"44-45","  Retail trade ","Thousands of dollars",16328,16788,16594,17342,16754,15463,15409,16303,16959,16625,16009,16284,16878,16527,17641,18376,19580,20399,20729,19851,20278,20719
 "19117","Lucas, IA",4,CAGDP2,36,"48-49","  Transportation and warehousing ","Thousands of dollars",(D),(D),(D),(D),(D),(D),(D),(D),(D),(D),(D),(D),(D),(D),(D),(D),(D),(D),(D),(D),(D),(D)
 "19117","Lucas, IA",4,CAGDP2,45,"51","  Information ","Thousands of dollars",1531,1778,2024,2216,2176,2324,2553,2746,2683,2593,2333,1964,1838,1573,1462,1454,1419,1377,2139,1861,2059,2202
 "19117","Lucas, IA",4,CAGDP2,50,"52,53","  Finance, insurance, real estate, rental, and leasing ","Thousands of dollars",32064,34395,40282,45136,48079,41865,43578,42197,44447,40872,43426,45575,51335,56530,55360,64301,68301,67871,(D),68635,77140,78509
 "19117","Lucas, IA",4,CAGDP2,51,"52","   Finance and insurance ","Thousands of dollars",13342,15326,18178,21537,22215,16640,17440,12274,10671,10260,11827,12154,14762,18766,(D),(D),(D),(D),(D),31818,26808,25847
 "19117","Lucas, IA",4,CAGDP2,56,"53","   Real estate and rental and leasing ","Thousands of dollars",18722,19069,22104,23599,25864,25225,26138,29923,33777,30612,31599,33421,36574,37764,(D),(D),(D),(D),36449,36817,50332,52662
 "19117","Lucas, IA",4,CAGDP2,59,"54,55,56","  Professional and business services ","Thousands of dollars",(D),3095,(D),3611,(D),(D),3705,(D),(D),(D),4288,5317,5878,5682,6188,(D),(D),(D),5670,6084,6745,8089
 "19117","Lucas, IA",4,CAGDP2,60,"54","   Professional, scientific, and technical services ","Thousands of dollars",2509,2669,2700,(D),(D),2813,2961,3313,3162,3291,3606,4330,4557,4397,4818,5144,4517,4556,4618,4873,5140,6215
 "19117","Lucas, IA",4,CAGDP2,64,"55","   Management of companies and enterprises ","Thousands of dollars",0,0,(D),(D),(D),(D),(D),(D),(D),(D),(D),(D),(D),(D),(D),(D),(D),(D),(D),0,0,0
 "19117","Lucas, IA",4,CAGDP2,65,"56","   Administrative and support and waste management and remediation services ","Thousands of dollars",(D),427,(D),933,763,(D),(D),(D),(D),(D),(D),(D),(D),(D),(D),(D),(D),(D),(D),1211,1606,1874
 "19117","Lucas, IA",4,CAGDP2,68,"61,62","  Educational services, health care, and social assistance ","Thousands of dollars",8996,9680,10420,11045,9974,10263,10304,10729,10936,10623,11174,11660,13735,14663,13828,12860,12878,12812,13181,12817,(D),13152
 "19117","Lucas, IA",4,CAGDP2,69,"61","   Educational services ","Thousands of dollars",66,68,50,15,22,27,41,72,107,(D),(D),(D),(D),(D),(D),(D),(D),(D),(D),(D),(D),(D)
 "19117","Lucas, IA",4,CAGDP2,70,"62","   Health care and social assistance ","Thousands of dollars",8930,9612,10370,11030,9952,10236,10263,10657,10830,(D),(D),(D),(D),(D),(D),(D),(D),(D),(D),(D),(D),(D)
 "19117","Lucas, IA",4,CAGDP2,75,"71,72","  Arts, entertainment, recreation, accommodation, and food services ","Thousands of dollars",2425,(D),2488,(D),2153,2122,(D),1894,1947,2176,(D),(D),(D),(D),(D),2331,2359,2631,2838,(D),3631,(D)
 "19117","Lucas, IA",4,CAGDP2,76,"71","   Arts, entertainment, and recreation ","Thousands of dollars",(D),(D),(D),(D),466,439,(D),516,521,548,(D),(D),(D),(D),(D),394,456,509,599,(D),736,(D)
 "19117","Lucas, IA",4,CAGDP2,79,"72","   Accommodation and food services ","Thousands of dollars",(D),(D),(D),(D),1686,1683,(D),1379,1427,1628,(D),(D),(D),(D),(D),1938,1903,2122,2239,(D),2896,(D)
 "19117","Lucas, IA",4,CAGDP2,82,"81","  Other services (except government and government enterprises) ","Thousands of dollars",6095,6867,7020,7279,8225,8309,7781,6821,6769,7428,8145,8943,9002,9208,9885,10763,10698,11343,10999,10188,10280,10471
 "19117","Lucas, IA",4,CAGDP2,83,"92","Government and government enterprises ","Thousands of dollars",29911,30664,32666,33498,36725,38162,38776,40784,41430,43132,43570,44363,46095,48090,49211,49829,49508,50695,51318,53273,54819,58157
 "19117","Lucas, IA",4,CAGDP2,87,"11,21","Natural resources and mining ","Thousands of dollars",(D),(D),520,11819,10285,6318,4244,10998,13303,14637,19307,(D),22871,9170,19794,6178,3403,(D),(D),(D),9957,10775
 "19117","Lucas, IA",4,CAGDP2,88,"42,44-45","Trade ","Thousands of dollars",21247,20944,19063,19453,19138,17579,17498,18844,19516,19053,18110,18254,18720,18611,19990,20479,21791,22583,22912,22221,23292,24069
 "19117","Lucas, IA",4,CAGDP2,89,"22,48-49","Transportation and utilities ","Thousands of dollars",(D),(D),(D),(D),(D),(D),(D),(D),(D),(D),(D),(D),(D),(D),(D),(D),(D),(D),(D),(D),(D),(D)
 "19117","Lucas, IA",4,CAGDP2,90,"31-33,51","Manufacturing and information ","Thousands of dollars",14857,14914,14684,14489,13623,14196,15571,16249,14414,14378,15180,14030,14663,14457,16288,15565,17206,20752,26103,30314,32829,39228
 "19117","Lucas, IA",4,CAGDP2,91,"...","Private goods-producing industries 2/","Thousands of dollars",21448,23050,23055,34373,31728,26618,25102,31220,32484,35440,42921,39972,47894,33753,44943,32003,31991,41109,42291,45209,58389,66408
 "19117","Lucas, IA",4,CAGDP2,92,"...","Private services-providing industries 3/","Thousands of dollars",122151,130609,139623,150674,161468,165992,163792,170567,158602,154728,161882,174581,182753,190660,196312,216166,221352,229231,230463,238397,247256,246805
 "19119","Lyon, IA",4,CAGDP2,1,"...","All industry total ","Thousands of dollars",293195,289397,320346,385872,379517,423745,390379,459799,394172,518605,637413,704936,757221,865380,785964,837630,978438,934450,811363,856365,939080,1224516
 "19119","Lyon, IA",4,CAGDP2,2,"..."," Private industries ","Thousands of dollars",268543,263744,293687,357719,350127,393217,359279,427721,360172,482208,600864,667549,718292,824204,743039,792123,932068,885726,761719,805989,889254,1171854
 "19119","Lyon, IA",4,CAGDP2,3,"11","  Agriculture, forestry, fishing and hunting ","Thousands of dollars",61777,(D),(D),(D),(D),(D),(D),(D),(D),(D),(D),(D),368740,(D),(D),(D),(D),(D),(D),268248,302038,491466
 "19119","Lyon, IA",4,CAGDP2,6,"21","  Mining, quarrying, and oil and gas extraction ","Thousands of dollars",543,578,605,725,876,1187,1273,1436,989,1208,1139,1208,992,650,664,602,606,663,780,1091,1124,1000
 "19119","Lyon, IA",4,CAGDP2,10,"22","  Utilities ","Thousands of dollars",1233,1333,1310,1392,1342,1487,1446,1345,1051,1409,1365,1240,1289,1585,1586,1770,1679,1819,1948,1596,1859,1960
 "19119","Lyon, IA",4,CAGDP2,11,"23","  Construction ","Thousands of dollars",10969,12128,12605,13084,12958,14315,13718,14312,16615,21180,25852,29177,29519,27979,30190,29469,30113,30918,27737,24905,25021,26402
 "19119","Lyon, IA",4,CAGDP2,12,"31-33","  Manufacturing ","Thousands of dollars",71634,78883,82509,86577,81991,98483,66605,82386,71859,103166,97932,84369,50557,59802,67559,70433,107872,107708,96510,180743,205487,267360
 "19119","Lyon, IA",4,CAGDP2,13,"321,327-339","   Durable goods manufacturing ","Thousands of dollars",19077,(D),(D),(D),(D),(D),(D),(D),(D),(D),(D),(D),27395,32667,33377,29516,36758,38947,46295,49681,53364,53411
 "19119","Lyon, IA",4,CAGDP2,25,"311-316,322-326","   Nondurable goods manufacturing ","Thousands of dollars",52557,(D),(D),(D),(D),(D),(D),(D),(D),(D),(D),(D),23162,27135,34182,40918,71114,68761,50215,131062,152123,213949
 "19119","Lyon, IA",4,CAGDP2,34,"42","  Wholesale trade ","Thousands of dollars",18737,19953,18877,20619,21906,23062,22937,25770,27293,29695,31272,33142,34452,35822,37648,38946,41511,45070,45095,45353,47577,49707
 "19119","Lyon, IA",4,CAGDP2,35,"44-45","  Retail trade ","Thousands of dollars",13546,13833,13132,13118,13185,13954,13515,13491,13626,14786,15704,17026,17554,17509,17966,17811,17230,17704,19214,20111,21506,23307
 "19119","Lyon, IA",4,CAGDP2,36,"48-49","  Transportation and warehousing ","Thousands of dollars",(D),(D),(D),(D),(D),(D),(D),(D),(D),(D),(D),(D),(D),(D),(D),(D),(D),(D),(D),(D),(D),(D)
 "19119","Lyon, IA",4,CAGDP2,45,"51","  Information ","Thousands of dollars",2455,2765,3199,4033,5788,9977,14647,16557,16301,17980,20073,19916,17934,15714,14506,13501,13251,12740,15275,14490,9314,10020
 "19119","Lyon, IA",4,CAGDP2,50,"52,53","  Finance, insurance, real estate, rental, and leasing ","Thousands of dollars",50908,49999,50847,50862,54132,45738,50329,52255,61760,59948,71723,69494,76162,82441,80647,96692,91328,93182,85825,97370,95211,(D)
 "19119","Lyon, IA",4,CAGDP2,51,"52","   Finance and insurance ","Thousands of dollars",12104,13902,14344,14546,16179,16879,18180,15690,15351,15205,20527,23475,23603,28803,32598,38804,39790,40312,40222,38789,42511,43526
 "19119","Lyon, IA",4,CAGDP2,56,"53","   Real estate and rental and leasing ","Thousands of dollars",38805,36097,36503,36316,37953,28858,32149,36564,46409,44743,51196,46019,52559,53637,48049,57889,51538,52870,45603,58580,52700,(D)
 "19119","Lyon, IA",4,CAGDP2,59,"54,55,56","  Professional and business services ","Thousands of dollars",11615,12851,13076,13068,12992,13819,14763,16427,18577,20708,21383,21062,(D),23221,24468,25278,28699,30588,31183,34097,36579,39062
 "19119","Lyon, IA",4,CAGDP2,60,"54","   Professional, scientific, and technical services ","Thousands of dollars",9959,10781,10845,10816,11321,11679,12280,13845,15755,17283,17568,16634,(D),17778,19222,21445,23499,25219,25804,28723,30812,32756
 "19119","Lyon, IA",4,CAGDP2,64,"55","   Management of companies and enterprises ","Thousands of dollars",0,0,0,0,0,0,0,0,0,0,0,0,(D),0,0,0,0,0,0,(D),(D),453
 "19119","Lyon, IA",4,CAGDP2,65,"56","   Administrative and support and waste management and remediation services ","Thousands of dollars",1656,2071,2231,2252,1671,2140,2483,2582,2822,3426,3814,4429,(D),5443,5246,3833,5200,5369,5379,(D),(D),5853
 "19119","Lyon, IA",4,CAGDP2,68,"61,62","  Educational services, health care, and social assistance ","Thousands of dollars",9767,10725,11748,12353,12648,13035,15068,15720,16769,17036,18195,18428,15826,16159,14826,16242,17225,18163,22391,(D),(D),26419
 "19119","Lyon, IA",4,CAGDP2,69,"61","   Educational services ","Thousands of dollars",597,621,1005,652,604,627,638,676,740,710,732,865,888,920,843,915,866,914,999,(D),(D),(D)
 "19119","Lyon, IA",4,CAGDP2,70,"62","   Health care and social assistance ","Thousands of dollars",9170,10104,10743,11701,12044,12408,14430,15044,16029,16326,17464,17564,14938,15240,13984,15327,16359,17249,21392,(D),(D),(D)
 "19119","Lyon, IA",4,CAGDP2,75,"71,72","  Arts, entertainment, recreation, accommodation, and food services ","Thousands of dollars",(D),3217,3628,4034,4098,3772,3192,2882,2999,3563,18791,33189,54414,59774,59358,50073,46517,52691,65929,53473,75269,87361
 "19119","Lyon, IA",4,CAGDP2,76,"71","   Arts, entertainment, and recreation ","Thousands of dollars",(D),720,1053,1332,1355,1091,878,617,683,711,785,876,840,1089,1138,850,4165,4984,16374,15313,29395,37366
 "19119","Lyon, IA",4,CAGDP2,79,"72","   Accommodation and food services ","Thousands of dollars",(D),2497,2574,2702,2743,2682,2314,2265,2316,2851,18007,32313,53574,58685,58220,49223,42352,47707,49556,38160,45874,49995
 "19119","Lyon, IA",4,CAGDP2,82,"81","  Other services (except government and government enterprises) ","Thousands of dollars",7633,8540,8456,8613,9291,9557,9436,9002,9353,10137,10121,10447,10047,10301,11680,12546,12990,13452,14151,14249,15111,16262
 "19119","Lyon, IA",4,CAGDP2,83,"92","Government and government enterprises ","Thousands of dollars",24652,25653,26660,28154,29390,30528,31100,32078,34000,36397,36550,37387,38929,41177,42925,45507,46370,48725,49644,50376,49826,52662
 "19119","Lyon, IA",4,CAGDP2,87,"11,21","Natural resources and mining ","Thousands of dollars",62320,(D),(D),(D),(D),(D),(D),(D),(D),(D),(D),(D),369732,(D),(D),(D),(D),(D),(D),269339,303162,492466
 "19119","Lyon, IA",4,CAGDP2,88,"42,44-45","Trade ","Thousands of dollars",32284,33785,32009,33738,35092,37016,36452,39262,40919,44481,46975,50168,52006,53331,55614,56757,58741,62774,64309,65464,69083,73013
 "19119","Lyon, IA",4,CAGDP2,89,"22,48-49","Transportation and utilities ","Thousands of dollars",(D),(D),(D),(D),(D),(D),(D),(D),(D),(D),(D),(D),(D),(D),(D),(D),(D),(D),(D),(D),(D),(D)
 "19119","Lyon, IA",4,CAGDP2,90,"31-33,51","Manufacturing and information ","Thousands of dollars",74089,81648,85708,90610,87779,108460,81251,98944,88160,121146,118006,104285,68490,75517,82065,83935,121122,120448,111785,195234,214801,277380
 "19119","Lyon, IA",4,CAGDP2,91,"...","Private goods-producing industries 2/","Thousands of dollars",144923,(D),(D),(D),(D),(D),(D),(D),(D),(D),(D),(D),449808,(D),(D),(D),(D),(D),(D),474987,533670,786228
 "19119","Lyon, IA",4,CAGDP2,92,"...","Private services-providing industries 3/","Thousands of dollars",123620,(D),(D),(D),(D),(D),(D),(D),(D),(D),(D),(D),268484,(D),(D),(D),(D),(D),(D),331001,355585,385626
 "19121","Madison, IA",4,CAGDP2,1,"...","All industry total ","Thousands of dollars",208915,224934,241191,278086,283996,302325,340107,341941,328652,321815,354516,356798,361929,362100,386579,416832,429561,441667,441640,453964,515966,564849
 "19121","Madison, IA",4,CAGDP2,2,"..."," Private industries ","Thousands of dollars",170912,185131,201079,236518,234649,251188,286765,283318,265490,256663,290093,290638,298835,296756,317885,344740,355060,363146,362034,372087,431602,476052
 "19121","Madison, IA",4,CAGDP2,3,"11","  Agriculture, forestry, fishing and hunting ","Thousands of dollars",10643,17393,20549,43745,26033,31186,49997,55964,45177,26782,49525,28148,29494,13165,20883,9051,2204,14438,3710,2476,37281,59604
 "19121","Madison, IA",4,CAGDP2,6,"21","  Mining, quarrying, and oil and gas extraction ","Thousands of dollars",3430,2435,2496,2459,5869,8007,8433,8981,6424,6181,6486,8605,6029,8728,5264,9531,14701,15634,18484,22049,23230,21618
 "19121","Madison, IA",4,CAGDP2,10,"22","  Utilities ","Thousands of dollars",141,339,339,124,(D),2,0,(D),0,0,0,0,(D),(D),14529,15554,14931,12763,13522,13958,13764,(D)
 "19121","Madison, IA",4,CAGDP2,11,"23","  Construction ","Thousands of dollars",19789,20486,22079,24080,25226,25835,27683,24918,27106,26727,29275,33174,31994,33799,36429,42551,42886,45563,43988,47892,46604,45733
 "19121","Madison, IA",4,CAGDP2,12,"31-33","  Manufacturing ","Thousands of dollars",24705,26855,28159,24447,21967,28034,28107,23990,17261,20521,22957,22051,21744,21852,22236,20874,19267,17862,16110,16280,20042,21854
 "19121","Madison, IA",4,CAGDP2,13,"321,327-339","   Durable goods manufacturing ","Thousands of dollars",(D),(D),24918,21187,17546,21084,20352,16579,9506,14007,16498,15923,15345,15277,15966,13983,14260,12191,10711,11147,12804,13160
 "19121","Madison, IA",4,CAGDP2,25,"311-316,322-326","   Nondurable goods manufacturing ","Thousands of dollars",(D),(D),3241,3260,4421,6951,7755,7412,7756,6514,6459,6128,6399,6575,6270,6891,5007,5671,5399,5132,7237,8694
 "19121","Madison, IA",4,CAGDP2,34,"42","  Wholesale trade ","Thousands of dollars",10820,11288,10438,11924,13013,10079,10486,13010,15903,17638,17917,18684,18755,17721,18827,21977,24944,25695,26266,25115,24183,23473
 "19121","Madison, IA",4,CAGDP2,35,"44-45","  Retail trade ","Thousands of dollars",14661,14530,15029,16435,16741,18395,18755,19254,18840,19228,20583,22232,23415,24686,28616,27929,26625,27723,25840,25923,28992,29379
 "19121","Madison, IA",4,CAGDP2,36,"48-49","  Transportation and warehousing ","Thousands of dollars",(D),(D),(D),(D),4751,5272,5551,4709,4343,4812,5875,6647,6969,8840,9378,10763,13821,15733,13435,14744,16076,17631
 "19121","Madison, IA",4,CAGDP2,45,"51","  Information ","Thousands of dollars",2931,(D),3146,3884,4507,4640,4621,4347,4101,(D),(D),(D),4453,4288,5594,6292,5590,5003,4847,5040,7494,8192
 "19121","Madison, IA",4,CAGDP2,50,"52,53","  Finance, insurance, real estate, rental, and leasing ","Thousands of dollars",46114,48877,56642,63416,72471,72792,85319,80410,79391,78411,81565,93590,99994,103721,95864,118786,124456,112670,120727,124600,128906,(D)
 "19121","Madison, IA",4,CAGDP2,51,"52","   Finance and insurance ","Thousands of dollars",13215,15428,18073,21910,26217,23966,27586,19581,19369,20030,17906,21136,21511,25325,26377,31788,34254,34257,36199,38210,41908,44034
 "19121","Madison, IA",4,CAGDP2,56,"53","   Real estate and rental and leasing ","Thousands of dollars",32899,33449,38569,41506,46254,48826,57733,60828,60022,58381,63659,72454,78483,78396,69487,86998,90202,78412,84528,86389,86998,(D)
 "19121","Madison, IA",4,CAGDP2,59,"54,55,56","  Professional and business services ","Thousands of dollars",(D),9307,(D),(D),(D),17305,18536,(D),15101,17360,17357,17231,(D),(D),20548,21672,23834,26105,27052,29767,37632,45511
 "19121","Madison, IA",4,CAGDP2,60,"54","   Professional, scientific, and technical services ","Thousands of dollars",6299,6433,6841,8033,9909,11051,11812,12019,10124,11288,11181,10986,10634,10563,10008,10785,11552,13048,13205,13483,16193,(D)
 "19121","Madison, IA",4,CAGDP2,64,"55","   Management of companies and enterprises ","Thousands of dollars",(D),(D),(D),(D),(D),(D),(D),(D),(D),(D),(D),(D),(D),(D),(D),(D),(D),(D),(D),(D),(D),(D)
 "19121","Madison, IA",4,CAGDP2,65,"56","   Administrative and support and waste management and remediation services ","Thousands of dollars",(D),(D),(D),(D),(D),(D),(D),(D),(D),(D),(D),(D),(D),(D),(D),(D),(D),(D),(D),(D),(D),10702
 "19121","Madison, IA",4,CAGDP2,68,"61,62","  Educational services, health care, and social assistance ","Thousands of dollars",12128,11916,12933,13461,13278,13355,13351,14551,15896,17837,16440,16222,16521,16150,15902,15154,16217,16542,17807,16956,17327,17289
 "19121","Madison, IA",4,CAGDP2,69,"61","   Educational services ","Thousands of dollars",(D),(D),731,787,881,761,(D),697,775,727,207,287,325,306,318,284,220,289,383,366,651,434
 "19121","Madison, IA",4,CAGDP2,70,"62","   Health care and social assistance ","Thousands of dollars",(D),(D),12202,12675,12397,12595,(D),13854,15121,17110,16233,15935,16195,15844,15583,14870,15997,16253,17424,16590,16676,16855
 "19121","Madison, IA",4,CAGDP2,75,"71,72","  Arts, entertainment, recreation, accommodation, and food services ","Thousands of dollars",3972,4289,4304,4618,4438,4538,4967,5499,5889,5952,6316,7116,7170,7858,8782,8837,8790,9110,10131,8283,11360,12408
 "19121","Madison, IA",4,CAGDP2,76,"71","   Arts, entertainment, and recreation ","Thousands of dollars",463,572,539,484,442,472,722,849,865,843,1059,1426,1527,1879,1791,1628,1439,1582,1923,1564,2082,2490
 "19121","Madison, IA",4,CAGDP2,79,"72","   Accommodation and food services ","Thousands of dollars",3510,3717,3766,4134,3996,4066,4245,4651,5025,5110,5258,5690,5643,5980,6991,7210,7350,7528,8208,6719,9278,9918
 "19121","Madison, IA",4,CAGDP2,82,"81","  Other services (except government and government enterprises) ","Thousands of dollars",10081,(D),10658,11063,12057,11747,10958,10041,10056,(D),(D),(D),13328,14214,15033,15769,16796,18304,20115,19004,18710,20612
 "19121","Madison, IA",4,CAGDP2,83,"92","Government and government enterprises ","Thousands of dollars",38002,39803,40112,41568,49347,51137,53342,58623,63162,65152,64423,66160,63094,65344,68694,72092,74502,78521,79606,81877,84364,88796
 "19121","Madison, IA",4,CAGDP2,87,"11,21","Natural resources and mining ","Thousands of dollars",14073,19827,23045,46204,31902,39194,58431,64945,51601,32964,56011,36753,35522,21894,26147,18581,16905,30072,22194,24524,60512,81222
 "19121","Madison, IA",4,CAGDP2,88,"42,44-45","Trade ","Thousands of dollars",25480,25818,25467,28359,29755,28475,29240,32264,34743,36866,38500,40916,42170,42407,47444,49907,51569,53419,52106,51039,53175,52852
 "19121","Madison, IA",4,CAGDP2,89,"22,48-49","Transportation and utilities ","Thousands of dollars",(D),(D),(D),(D),(D),5274,5551,(D),4343,4812,5875,6647,(D),(D),23907,26317,28751,28497,26957,28703,29839,(D)
 "19121","Madison, IA",4,CAGDP2,90,"31-33,51","Manufacturing and information ","Thousands of dollars",27636,(D),31306,28331,26473,32674,32727,28337,21363,(D),(D),(D),26198,26139,27830,27166,24857,22865,20958,21320,27536,30046
 "19121","Madison, IA",4,CAGDP2,91,"...","Private goods-producing industries 2/","Thousands of dollars",58568,67169,73284,94730,79095,93063,114220,113853,95968,80212,108244,91978,89261,77545,84811,82006,79057,93498,82292,88696,127158,148808
 "19121","Madison, IA",4,CAGDP2,92,"...","Private services-providing industries 3/","Thousands of dollars",112344,117963,127796,141788,155554,158125,172545,169465,169522,176451,181849,198660,209574,219211,233073,262734,276002,269649,279742,283391,304444,327244
 "19123","Mahaska, IA",4,CAGDP2,1,"...","All industry total ","Thousands of dollars",442481,448477,489037,578045,581258,631131,662427,708571,671097,645103,724064,787224,791110,763536,787805,809930,864672,959720,912830,880049,979482,1085872
 "19123","Mahaska, IA",4,CAGDP2,2,"..."," Private industries ","Thousands of dollars",389218,392108,428149,511047,506600,554063,580819,621898,579600,549297,626644,686899,685078,650111,669692,690859,745620,834905,789928,755127,848293,944320
 "19123","Mahaska, IA",4,CAGDP2,3,"11","  Agriculture, forestry, fishing and hunting ","Thousands of dollars",27724,31225,42120,(D),(D),(D),(D),98768,75567,48007,116727,(D),(D),(D),(D),(D),(D),(D),(D),(D),106955,158117
 "19123","Mahaska, IA",4,CAGDP2,6,"21","  Mining, quarrying, and oil and gas extraction ","Thousands of dollars",265,260,281,279,120,147,110,191,126,116,125,157,161,135,190,8,0,0,0,0,(D),(D)
 "19123","Mahaska, IA",4,CAGDP2,10,"22","  Utilities ","Thousands of dollars",2947,3094,3128,3329,3324,3689,4035,4302,3575,3725,3731,3397,(D),3767,3994,(D),(D),(D),(D),27661,31268,33862
 "19123","Mahaska, IA",4,CAGDP2,11,"23","  Construction ","Thousands of dollars",19395,18465,19848,22684,24524,26849,27953,24616,26011,28037,30353,33294,32173,30307,29759,42361,29325,27445,28966,32359,33405,28631
 "19123","Mahaska, IA",4,CAGDP2,12,"31-33","  Manufacturing ","Thousands of dollars",98885,99262,111180,123171,130711,163388,160640,156541,133790,133863,133511,164457,159569,154310,200111,199313,230644,278134,281224,263518,263300,294484
 "19123","Mahaska, IA",4,CAGDP2,13,"321,327-339","   Durable goods manufacturing ","Thousands of dollars",72994,72974,84390,98053,108489,136174,130995,128977,104072,103610,105875,138307,129636,124250,159586,150833,181327,219194,227912,201959,204173,230895
 "19123","Mahaska, IA",4,CAGDP2,25,"311-316,322-326","   Nondurable goods manufacturing ","Thousands of dollars",25891,26287,26790,25119,22222,27214,29645,27564,29718,30252,27636,26150,29932,30060,40525,48480,49317,58940,53312,61560,59128,63589
 "19123","Mahaska, IA",4,CAGDP2,34,"42","  Wholesale trade ","Thousands of dollars",(D),(D),27482,35066,42714,49989,53920,56105,55309,57864,54457,55892,47360,45558,43466,44964,45490,(D),(D),41688,41321,46162
 "19123","Mahaska, IA",4,CAGDP2,35,"44-45","  Retail trade ","Thousands of dollars",35147,36217,35742,39602,41201,43442,44140,44905,46298,46810,45576,44140,43796,45703,47316,50031,48804,49664,50722,52444,56861,59862
 "19123","Mahaska, IA",4,CAGDP2,36,"48-49","  Transportation and warehousing ","Thousands of dollars",24883,23857,(D),(D),(D),(D),(D),24632,(D),(D),(D),(D),(D),(D),(D),(D),(D),38050,36097,(D),(D),(D)
 "19123","Mahaska, IA",4,CAGDP2,45,"51","  Information ","Thousands of dollars",3918,4223,5744,6840,7359,8764,14707,15778,16925,15468,14594,15531,16123,14900,17023,17511,15958,14020,13373,12868,14257,14800
 "19123","Mahaska, IA",4,CAGDP2,50,"52,53","  Finance, insurance, real estate, rental, and leasing ","Thousands of dollars",76724,79573,83603,85583,92265,89598,89965,97347,100127,92599,101087,109361,127982,111243,124782,132899,134196,140733,127720,133085,135896,(D)
 "19123","Mahaska, IA",4,CAGDP2,51,"52","   Finance and insurance ","Thousands of dollars",21867,26083,26006,26110,27949,26291,27395,24287,19662,18047,24674,29716,30313,33245,37755,42477,40530,40311,38880,39529,40413,41942
 "19123","Mahaska, IA",4,CAGDP2,56,"53","   Real estate and rental and leasing ","Thousands of dollars",54858,53490,57597,59472,64316,63307,62569,73060,80465,74552,76413,79645,97669,77998,87026,90422,93667,100422,88841,93556,95483,(D)
 "19123","Mahaska, IA",4,CAGDP2,59,"54,55,56","  Professional and business services ","Thousands of dollars",(D),(D),(D),17406,18445,18337,19953,25959,25348,22866,22713,22445,22533,23879,23977,24527,26795,28087,28823,27791,30870,33735
 "19123","Mahaska, IA",4,CAGDP2,60,"54","   Professional, scientific, and technical services ","Thousands of dollars",(D),(D),11299,13870,14261,13779,13398,14024,12617,12270,12582,13909,14039,15964,15926,16710,18245,18218,18265,17187,17853,18769
 "19123","Mahaska, IA",4,CAGDP2,64,"55","   Management of companies and enterprises ","Thousands of dollars",(D),(D),(D),1332,2142,2404,3595,8609,8208,5297,5026,3492,3147,2762,2727,2262,2270,2329,2423,2370,4284,5012
 "19123","Mahaska, IA",4,CAGDP2,65,"56","   Administrative and support and waste management and remediation services ","Thousands of dollars",6988,4197,(D),2204,2042,2154,2961,3326,4523,5299,5105,5043,5347,5154,5324,5554,6280,7540,8135,8234,8734,9954
 "19123","Mahaska, IA",4,CAGDP2,68,"61,62","  Educational services, health care, and social assistance ","Thousands of dollars",32252,31865,33639,34402,35651,36720,39428,42081,(D),(D),(D),47833,45657,44257,42875,45490,45780,47302,49268,49557,49355,49849
 "19123","Mahaska, IA",4,CAGDP2,69,"61","   Educational services ","Thousands of dollars",13117,12375,12759,12798,12668,12849,14272,15862,(D),(D),(D),17830,16890,17086,15932,16849,15699,15460,15857,15392,16905,18012
 "19123","Mahaska, IA",4,CAGDP2,70,"62","   Health care and social assistance ","Thousands of dollars",19135,19490,20880,21604,22983,23872,25157,26218,(D),(D),(D),30004,28767,27172,26943,28642,30080,31842,33410,34165,32450,31838
 "19123","Mahaska, IA",4,CAGDP2,75,"71,72","  Arts, entertainment, recreation, accommodation, and food services ","Thousands of dollars",11558,12378,11968,12207,11819,12320,12905,12700,13169,13890,14539,16161,16798,18368,18023,17410,16744,17164,17895,15927,20897,23285
 "19123","Mahaska, IA",4,CAGDP2,76,"71","   Arts, entertainment, and recreation ","Thousands of dollars",1596,1555,1515,1625,1498,1358,1553,1704,1927,2274,2765,4218,4539,4810,4322,3548,2353,2452,2676,2133,3394,3974
 "19123","Mahaska, IA",4,CAGDP2,79,"72","   Accommodation and food services ","Thousands of dollars",9962,10823,10452,10582,10321,10963,11352,10996,11242,11616,11774,11944,12259,13557,13702,13862,14391,14712,15219,13794,17503,19311
 "19123","Mahaska, IA",4,CAGDP2,82,"81","  Other services (except government and government enterprises) ","Thousands of dollars",14996,15999,15938,17040,17677,17840,17995,17974,18528,19325,19431,18225,17893,18661,20323,21523,22439,24061,24421,23596,24909,26404
 "19123","Mahaska, IA",4,CAGDP2,83,"92","Government and government enterprises ","Thousands of dollars",53263,56369,60888,66998,74658,77068,81607,86673,91497,95806,97419,100326,106032,113425,118113,119071,119052,124815,122902,124922,131189,141552
 "19123","Mahaska, IA",4,CAGDP2,87,"11,21","Natural resources and mining ","Thousands of dollars",27989,31484,42401,(D),(D),(D),(D),98959,75693,48123,116851,(D),(D),(D),(D),(D),(D),(D),(D),(D),(D),(D)
 "19123","Mahaska, IA",4,CAGDP2,88,"42,44-45","Trade ","Thousands of dollars",(D),(D),63225,74669,83915,93430,98060,101010,101607,104675,100033,100033,91156,91261,90782,94995,94293,(D),(D),94132,98182,106024
 "19123","Mahaska, IA",4,CAGDP2,89,"22,48-49","Transportation and utilities ","Thousands of dollars",27830,26951,(D),(D),(D),(D),(D),28933,(D),(D),(D),(D),(D),(D),(D),(D),(D),(D),(D),(D),(D),(D)
 "19123","Mahaska, IA",4,CAGDP2,90,"31-33,51","Manufacturing and information ","Thousands of dollars",102803,103485,116924,130012,138070,172152,175347,172319,150715,149330,148105,179988,175692,169210,217134,216824,246602,292154,294597,276386,277558,309283
 "19123","Mahaska, IA",4,CAGDP2,91,"...","Private goods-producing industries 2/","Thousands of dollars",146269,149212,173429,(D),(D),(D),(D),280116,235494,210023,280716,(D),(D),(D),(D),(D),(D),(D),(D),(D),(D),(D)
 "19123","Mahaska, IA",4,CAGDP2,92,"...","Private services-providing industries 3/","Thousands of dollars",242948,242896,254720,(D),(D),(D),(D),341782,344106,339274,345929,(D),(D),(D),(D),(D),(D),(D),(D),(D),(D),(D)
 "19125","Marion, IA",4,CAGDP2,1,"...","All industry total ","Thousands of dollars",1078772,1073712,1129676,1277666,1378280,1403720,1452418,1395295,1309231,1322855,1370104,1520384,1510891,1578755,1648396,1719927,1927022,2074959,2307789,2386981,2550089,2643315
 "19125","Marion, IA",4,CAGDP2,2,"..."," Private industries ","Thousands of dollars",967532,958570,1009990,1165352,1266442,1285351,1322858,1260908,1171675,1206410,1262398,1410428,1398520,1459901,1525711,1592419,1796658,1938464,2169079,2243653,2406656,2491244
 "19125","Marion, IA",4,CAGDP2,3,"11","  Agriculture, forestry, fishing and hunting ","Thousands of dollars",14001,24484,22849,42818,31991,27861,39394,46400,52106,18317,56180,55649,47948,19902,12005,3793,2449,8075,(D),1607,53020,59315
 "19125","Marion, IA",4,CAGDP2,6,"21","  Mining, quarrying, and oil and gas extraction ","Thousands of dollars",4843,5850,6421,7786,7367,10414,9982,11924,8903,10143,9237,9285,8978,10436,9772,9625,11747,10441,13369,16748,21510,16826
 "19125","Marion, IA",4,CAGDP2,10,"22","  Utilities ","Thousands of dollars",6521,5907,6553,6897,8499,10249,9319,13772,11163,8391,5398,4486,4065,4372,4343,4662,4619,5119,(D),6664,8487,11426
 "19125","Marion, IA",4,CAGDP2,11,"23","  Construction ","Thousands of dollars",30151,31334,35336,39028,38011,39731,39078,42047,45395,43827,44805,41844,43604,47247,49914,58943,61859,61754,67042,79608,72394,69747
 "19125","Marion, IA",4,CAGDP2,12,"31-33","  Manufacturing ","Thousands of dollars",550453,510179,529856,631017,701494,701114,686091,597216,506740,574685,578391,694156,662622,710983,773627,774974,958621,1094645,1283651,1342776,1390526,1419427
 "19125","Marion, IA",4,CAGDP2,13,"321,327-339","   Durable goods manufacturing ","Thousands of dollars",417320,393205,410978,510365,592564,578410,569429,488989,373614,431223,442703,563132,501896,537212,578148,596698,792038,919065,1132762,1175869,1231330,1245680
 "19125","Marion, IA",4,CAGDP2,25,"311-316,322-326","   Nondurable goods manufacturing ","Thousands of dollars",133133,116974,118878,120653,108930,122704,116662,108226,133127,143462,135688,131024,160725,173771,195479,178277,166584,175580,150889,166907,159196,173747
 "19125","Marion, IA",4,CAGDP2,34,"42","  Wholesale trade ","Thousands of dollars",30367,32189,32644,30097,36688,41026,42879,45157,40955,42656,44594,51205,52778,60797,61347,57977,50626,51166,56875,56846,63438,74570
 "19125","Marion, IA",4,CAGDP2,35,"44-45","  Retail trade ","Thousands of dollars",51538,52244,56579,55946,55644,56323,58839,64752,65374,64362,64641,64849,67533,67660,70778,77648,77440,80245,83514,90700,103523,110094
 "19125","Marion, IA",4,CAGDP2,36,"48-49","  Transportation and warehousing ","Thousands of dollars",15071,15212,18053,22615,24999,27457,29312,27790,23299,22902,16651,15128,15612,18661,20273,19146,20303,20845,20267,22248,23934,25122
 "19125","Marion, IA",4,CAGDP2,45,"51","  Information ","Thousands of dollars",14101,14644,12923,13243,14508,14312,15175,16363,18351,18231,15563,12942,15196,16120,18694,15366,13635,12339,13055,13304,15107,15886
 "19125","Marion, IA",4,CAGDP2,50,"52,53","  Finance, insurance, real estate, rental, and leasing ","Thousands of dollars",104298,111703,127278,143908,167954,171658,202329,191323,185584,180143,194572,213560,233816,244646,230122,279039,288301,266798,277776,281754,286060,299867
 "19125","Marion, IA",4,CAGDP2,51,"52","   Finance and insurance ","Thousands of dollars",30472,36316,39778,48430,59699,55152,62955,42869,40938,37803,41741,45693,49645,61972,68469,82050,87676,89820,88205,87848,90670,95446
 "19125","Marion, IA",4,CAGDP2,56,"53","   Real estate and rental and leasing ","Thousands of dollars",73825,75386,87500,95478,108255,116506,139374,148454,144646,142340,152831,167867,184170,182674,161653,196990,200625,176979,189571,193906,195390,204422
 "19125","Marion, IA",4,CAGDP2,59,"54,55,56","  Professional and business services ","Thousands of dollars",23481,21135,21290,21337,22951,24176,25701,28669,26423,29979,34981,44347,44017,45942,48281,49763,57184,61026,65235,64483,74555,79055
 "19125","Marion, IA",4,CAGDP2,60,"54","   Professional, scientific, and technical services ","Thousands of dollars",(D),(D),(D),(D),13590,14722,15233,18776,17719,18110,(D),(D),(D),(D),27391,29812,35101,39536,41894,37517,42610,40932
 "19125","Marion, IA",4,CAGDP2,64,"55","   Management of companies and enterprises ","Thousands of dollars",(D),(D),(D),(D),(D),(D),(D),(D),(D),824,(D),(D),(D),(D),1894,3283,3686,2887,2869,3567,4916,5696
 "19125","Marion, IA",4,CAGDP2,65,"56","   Administrative and support and waste management and remediation services ","Thousands of dollars",12867,9922,10006,9355,(D),(D),(D),(D),(D),11045,13991,(D),17511,18072,18997,16668,18397,18604,20472,23399,27029,32427
 "19125","Marion, IA",4,CAGDP2,68,"61,62","  Educational services, health care, and social assistance ","Thousands of dollars",81826,88021,94350,103548,108465,112300,114632,125051,133142,136935,141075,146929,144861,150373,159087,167618,173074,182554,191460,191342,204951,214801
 "19125","Marion, IA",4,CAGDP2,69,"61","   Educational services ","Thousands of dollars",25776,26643,28590,31794,31823,32919,32336,35314,37954,38583,38486,40047,38924,39555,38436,39938,38216,38640,40170,39639,42670,43743
 "19125","Marion, IA",4,CAGDP2,70,"62","   Health care and social assistance ","Thousands of dollars",56050,61378,65760,71754,76642,79381,82296,89737,95188,98351,102588,106882,105937,110818,120651,127680,134858,143914,151290,151703,162281,171058
 "19125","Marion, IA",4,CAGDP2,75,"71,72","  Arts, entertainment, recreation, accommodation, and food services ","Thousands of dollars",21372,23705,24438,25016,24355,23149,23663,25119,29464,30647,31381,30431,32038,34267,38952,43445,45074,48763,51128,39783,48732,52245
 "19125","Marion, IA",4,CAGDP2,76,"71","   Arts, entertainment, and recreation ","Thousands of dollars",5493,6750,7380,8016,7940,7712,7917,9026,12196,12015,11748,9433,10041,10550,10613,10894,12086,13889,14672,10730,13994,15288
 "19125","Marion, IA",4,CAGDP2,79,"72","   Accommodation and food services ","Thousands of dollars",15879,16955,17058,17000,16415,15437,15746,16093,17269,18633,19633,20998,21997,23717,28339,32550,32988,34874,36455,29052,34738,36957
 "19125","Marion, IA",4,CAGDP2,82,"81","  Other services (except government and government enterprises) ","Thousands of dollars",19509,21963,21418,22095,23516,25581,26462,25326,24775,25190,24930,25618,25454,28494,28513,30420,31727,34694,36724,35793,40420,42864
 "19125","Marion, IA",4,CAGDP2,83,"92","Government and government enterprises ","Thousands of dollars",111240,115141,119687,112315,111838,118369,129561,134387,137556,116444,107706,109956,112370,118855,122685,127508,130363,136495,138710,143328,143432,152071
 "19125","Marion, IA",4,CAGDP2,87,"11,21","Natural resources and mining ","Thousands of dollars",18844,30334,29270,50604,39358,38274,49376,58323,61009,28460,65417,64934,56926,30338,21778,13418,14196,18516,(D),18355,74531,76141
 "19125","Marion, IA",4,CAGDP2,88,"42,44-45","Trade ","Thousands of dollars",81905,84433,89224,86043,92332,97349,101718,109910,106329,107018,109235,116053,120311,128457,132125,135625,128066,131411,140389,147545,166961,184664
 "19125","Marion, IA",4,CAGDP2,89,"22,48-49","Transportation and utilities ","Thousands of dollars",21593,21119,24605,29513,33498,37706,38632,41562,34463,31293,22050,19614,19677,23033,24616,23808,24921,25964,(D),28912,32421,36547
 "19125","Marion, IA",4,CAGDP2,90,"31-33,51","Manufacturing and information ","Thousands of dollars",564554,524823,542779,644261,716002,715425,701266,613578,525091,592917,593954,707098,677818,727104,792322,790341,972257,1106984,1296706,1356080,1405633,1435313
 "19125","Marion, IA",4,CAGDP2,91,"...","Private goods-producing industries 2/","Thousands of dollars",599448,571847,594462,720650,778863,779119,774545,697586,613144,646973,688612,800934,763151,788568,845319,847335,1034676,1174915,(D),1440738,1537450,1565315
 "19125","Marion, IA",4,CAGDP2,92,"...","Private services-providing industries 3/","Thousands of dollars",368084,386724,415528,444702,487579,506232,548313,563321,558531,559438,573786,609494,635369,671333,680392,745084,761982,763549,(D),802915,869206,925929
 "19127","Marshall, IA",4,CAGDP2,1,"...","All industry total ","Thousands of dollars",1242274,1246743,1275713,1375156,1372537,1441640,1543730,1563849,1569604,1572747,1617798,1699107,1722678,1719729,1810726,1795347,1822442,1939623,1952976,1961204,2021087,2173821
 "19127","Marshall, IA",4,CAGDP2,2,"..."," Private industries ","Thousands of dollars",1090199,1091794,1108359,1203224,1190602,1252827,1346195,1360740,1348189,1347219,1389095,1464057,1477507,1464933,1550655,1533335,1560478,1670357,1687209,1689997,1755122,1906824
 "19127","Marshall, IA",4,CAGDP2,3,"11","  Agriculture, forestry, fishing and hunting ","Thousands of dollars",20292,31754,31967,65507,55367,47693,72060,63126,(D),55335,90987,101988,121164,92431,(D),39117,35740,(D),42411,(D),149361,181912
 "19127","Marshall, IA",4,CAGDP2,6,"21","  Mining, quarrying, and oil and gas extraction ","Thousands of dollars",1901,2497,2461,2740,1035,1747,1077,1333,1245,1151,1328,1359,1118,1186,977,901,2085,1426,5099,6480,7413,6497
 "19127","Marshall, IA",4,CAGDP2,10,"22","  Utilities ","Thousands of dollars",42941,40730,37373,42102,43974,52968,53982,48111,40966,38810,31532,38056,43963,50650,54146,54260,109707,162354,201206,177591,150777,190635
 "19127","Marshall, IA",4,CAGDP2,11,"23","  Construction ","Thousands of dollars",39581,37438,38257,41768,47207,50165,46886,53871,50294,48787,53704,62015,59594,61968,84728,123047,63646,61376,59113,65099,69111,55892
 "19127","Marshall, IA",4,CAGDP2,12,"31-33","  Manufacturing ","Thousands of dollars",472975,473015,461622,491001,461363,500240,551481,557257,571743,548516,504329,534362,523740,516079,580343,545825,578172,560613,523289,557491,545923,589925
 "19127","Marshall, IA",4,CAGDP2,13,"321,327-339","   Durable goods manufacturing ","Thousands of dollars",(D),(D),(D),(D),(D),(D),(D),(D),(D),(D),(D),(D),234982,259128,271410,241670,272448,263892,265627,257665,233527,256508
 "19127","Marshall, IA",4,CAGDP2,25,"311-316,322-326","   Nondurable goods manufacturing ","Thousands of dollars",(D),(D),(D),(D),(D),(D),(D),(D),(D),(D),(D),(D),288758,256950,308933,304156,305724,296721,257662,299826,312395,333417
 "19127","Marshall, IA",4,CAGDP2,34,"42","  Wholesale trade ","Thousands of dollars",50092,46960,43905,50364,53143,54090,54811,64492,63926,68197,66457,71824,72144,75381,76831,73895,72367,80401,79385,79714,84842,100354
 "19127","Marshall, IA",4,CAGDP2,35,"44-45","  Retail trade ","Thousands of dollars",83191,84904,84467,84422,85642,85851,81610,80896,83255,85994,86236,89494,90741,93541,98725,104003,104197,105119,109301,105977,110673,115955
 "19127","Marshall, IA",4,CAGDP2,36,"48-49","  Transportation and warehousing ","Thousands of dollars",31757,24096,26512,30217,30359,39069,36123,47333,(D),35031,35627,(D),(D),(D),(D),(D),(D),(D),(D),(D),(D),(D)
 "19127","Marshall, IA",4,CAGDP2,45,"51","  Information ","Thousands of dollars",15591,13912,16226,20285,22242,24205,27083,24480,23620,22357,19409,17185,20814,20878,22167,21467,20782,19898,21327,20137,21141,22546
 "19127","Marshall, IA",4,CAGDP2,50,"52,53","  Finance, insurance, real estate, rental, and leasing ","Thousands of dollars",152837,150454,161652,160548,171872,171040,188704,168232,175527,185779,230441,228863,230995,229083,250927,245386,252965,284653,306851,265522,261564,(D)
 "19127","Marshall, IA",4,CAGDP2,51,"52","   Finance and insurance ","Thousands of dollars",41570,46366,49440,48794,53911,48609,47431,41994,42128,42911,52327,58826,60488,70873,74831,80113,89423,92189,89448,88041,93017,96667
 "19127","Marshall, IA",4,CAGDP2,56,"53","   Real estate and rental and leasing ","Thousands of dollars",111266,104088,112212,111754,117961,122432,141273,126239,133399,142868,178114,170037,170507,158211,176096,165273,163541,192464,217403,177481,168547,(D)
 "19127","Marshall, IA",4,CAGDP2,59,"54,55,56","  Professional and business services ","Thousands of dollars",40132,43024,46426,48526,49920,54931,56838,62648,63634,67950,80497,(D),(D),(D),77432,(D),(D),76535,(D),74812,(D),85605
 "19127","Marshall, IA",4,CAGDP2,60,"54","   Professional, scientific, and technical services ","Thousands of dollars",16313,18733,(D),25316,24332,(D),(D),36650,36213,36993,(D),(D),(D),(D),40222,(D),(D),39821,(D),37578,(D),(D)
 "19127","Marshall, IA",4,CAGDP2,64,"55","   Management of companies and enterprises ","Thousands of dollars",0,0,(D),0,0,(D),(D),272,309,972,(D),(D),(D),(D),7867,(D),(D),6024,(D),5519,(D),(D)
 "19127","Marshall, IA",4,CAGDP2,65,"56","   Administrative and support and waste management and remediation services ","Thousands of dollars",23819,24291,24524,23209,25588,28432,22426,25726,27113,29984,33477,38077,29717,30934,29343,29115,30521,30690,30563,31714,36706,37470
 "19127","Marshall, IA",4,CAGDP2,68,"61,62","  Educational services, health care, and social assistance ","Thousands of dollars",84143,85759,89605,96024,103589,105209,108385,119565,121823,120558,121398,123681,125813,130836,131560,131254,130922,137518,137036,133397,136138,139006
 "19127","Marshall, IA",4,CAGDP2,69,"61","   Educational services ","Thousands of dollars",2046,2370,(D),2733,2410,2472,2546,2388,2655,2706,2781,2906,2768,2877,2854,2903,2590,2737,3290,4303,4198,4015
 "19127","Marshall, IA",4,CAGDP2,70,"62","   Health care and social assistance ","Thousands of dollars",82097,83389,(D),93291,101179,102737,105839,117177,119167,117852,118618,120775,123044,127960,128706,128351,128332,134780,133746,129093,131940,134991
 "19127","Marshall, IA",4,CAGDP2,75,"71,72","  Arts, entertainment, recreation, accommodation, and food services ","Thousands of dollars",25557,26039,28012,28442,28684,28726,29726,30468,30249,30642,31065,31735,31846,34104,36233,36997,36208,38566,42742,37187,47592,52415
 "19127","Marshall, IA",4,CAGDP2,76,"71","   Arts, entertainment, and recreation ","Thousands of dollars",4245,4207,5673,5444,5525,5830,6190,6429,6860,6965,7062,6431,6380,7041,7060,7577,7625,8105,11042,8989,13278,14941
 "19127","Marshall, IA",4,CAGDP2,79,"72","   Accommodation and food services ","Thousands of dollars",21312,21832,22339,22998,23159,22896,23536,24039,23389,23676,24003,25304,25466,27063,29173,29420,28583,30462,31700,28198,34315,37474
 "19127","Marshall, IA",4,CAGDP2,82,"81","  Other services (except government and government enterprises) ","Thousands of dollars",29210,31213,39874,41277,36206,36894,37429,38928,39864,38111,36086,37650,38767,41384,43194,43742,45409,47591,43048,41485,43133,46133
 "19127","Marshall, IA",4,CAGDP2,83,"92","Government and government enterprises ","Thousands of dollars",152075,154949,167354,171932,181936,188813,197535,203109,221415,225528,228704,235051,245171,254796,260070,262012,261964,269267,265767,271207,265965,266996
 "19127","Marshall, IA",4,CAGDP2,87,"11,21","Natural resources and mining ","Thousands of dollars",22193,34251,34428,68248,56402,49440,73137,64459,(D),56486,92315,103347,122282,93617,(D),40018,37825,(D),47511,(D),156775,188409
 "19127","Marshall, IA",4,CAGDP2,88,"42,44-45","Trade ","Thousands of dollars",133283,131864,128372,134786,138785,139941,136421,145389,147181,154192,152693,161318,162884,168922,175556,177898,176564,185520,188685,185691,195514,216309
 "19127","Marshall, IA",4,CAGDP2,89,"22,48-49","Transportation and utilities ","Thousands of dollars",74698,64825,63885,72319,74332,92037,90105,95444,(D),73841,67159,(D),(D),(D),(D),(D),(D),(D),(D),(D),(D),(D)
 "19127","Marshall, IA",4,CAGDP2,90,"31-33,51","Manufacturing and information ","Thousands of dollars",488566,486927,477848,511286,483605,524445,578564,581737,595363,570873,523738,551546,544554,536957,602511,567293,598954,580511,544616,577628,567063,612472
 "19127","Marshall, IA",4,CAGDP2,91,"...","Private goods-producing industries 2/","Thousands of dollars",534749,544704,534307,601017,564971,599845,671504,675586,(D),653790,650348,699724,705616,671663,(D),708891,679643,(D),629913,(D),771809,834226
 "19127","Marshall, IA",4,CAGDP2,92,"...","Private services-providing industries 3/","Thousands of dollars",555450,547090,574052,602207,625631,652982,674692,685154,(D),693430,738747,764333,771891,793270,(D),824444,880834,(D),1057296,(D),983313,1072598
 "19129","Mills, IA",4,CAGDP2,1,"...","All industry total ","Thousands of dollars",252110,265198,281285,310909,304219,323241,326652,373827,410656,381036,399439,458361,470922,449179,448598,482718,519896,555370,633156,562032,655697,702086
 "19129","Mills, IA",4,CAGDP2,2,"..."," Private industries ","Thousands of dollars",174134,186130,195655,220560,207122,219481,217972,258511,289943,261125,283042,340208,350992,326923,324628,355632,392940,428270,507124,435600,537789,586393
 "19129","Mills, IA",4,CAGDP2,3,"11","  Agriculture, forestry, fishing and hunting ","Thousands of dollars",25780,28081,36763,58072,35272,(D),35807,59165,84481,46435,43915,41821,37905,2984,12664,14059,21832,11869,52081,20056,75545,89676
 "19129","Mills, IA",4,CAGDP2,6,"21","  Mining, quarrying, and oil and gas extraction ","Thousands of dollars",272,138,7,164,539,734,509,1517,1010,1189,1038,2065,1350,1585,1253,1797,1375,1492,1427,3046,3519,3163
 "19129","Mills, IA",4,CAGDP2,10,"22","  Utilities ","Thousands of dollars",535,557,553,(D),476,425,419,461,456,(D),486,427,1581,2157,2251,2417,2680,2775,3199,3541,3506,3372
 "19129","Mills, IA",4,CAGDP2,11,"23","  Construction ","Thousands of dollars",9467,10382,10308,11768,13557,14529,16176,15205,15542,13981,13649,14712,13522,15640,14875,15406,16502,15957,19277,16673,16615,20742
 "19129","Mills, IA",4,CAGDP2,12,"31-33","  Manufacturing ","Thousands of dollars",18160,19334,17518,15091,15352,24502,25330,27602,30624,29090,27831,37189,36778,38088,44942,58945,74669,83049,75752,52965,56791,68568
 "19129","Mills, IA",4,CAGDP2,13,"321,327-339","   Durable goods manufacturing ","Thousands of dollars",(D),(D),(D),(D),(D),(D),(D),(D),(D),(D),(D),(D),5595,4612,5380,7011,10592,13172,12499,9893,7171,8213
 "19129","Mills, IA",4,CAGDP2,25,"311-316,322-326","   Nondurable goods manufacturing ","Thousands of dollars",(D),(D),(D),(D),(D),(D),(D),(D),(D),(D),(D),(D),31183,33476,39562,51934,64077,69877,63253,43073,49620,60355
 "19129","Mills, IA",4,CAGDP2,34,"42","  Wholesale trade ","Thousands of dollars",8949,9103,8824,9669,11173,9584,8659,10700,12911,18027,22930,31493,35440,37939,41485,45130,51776,54109,54850,53219,54003,60237
 "19129","Mills, IA",4,CAGDP2,35,"44-45","  Retail trade ","Thousands of dollars",19763,21532,18831,17645,14201,13622,10972,11257,11879,12200,27781,51223,50164,40584,25809,29367,34771,47030,71135,83012,113580,127588
 "19129","Mills, IA",4,CAGDP2,36,"48-49","  Transportation and warehousing ","Thousands of dollars",(D),(D),(D),(D),(D),(D),(D),(D),(D),(D),(D),(D),(D),(D),(D),(D),(D),(D),(D),(D),(D),(D)
 "19129","Mills, IA",4,CAGDP2,45,"51","  Information ","Thousands of dollars",4296,4363,4887,4612,5290,4997,5203,5349,6766,8465,7625,8256,8268,8249,9021,10312,12984,12857,14500,8885,9360,10451
 "19129","Mills, IA",4,CAGDP2,50,"52,53","  Finance, insurance, real estate, rental, and leasing ","Thousands of dollars",47783,48437,53387,55219,60235,63491,59084,66933,66440,67155,73261,82281,90230,97736,96123,104522,96417,113871,123310,108493,115769,101613
 "19129","Mills, IA",4,CAGDP2,51,"52","   Finance and insurance ","Thousands of dollars",10278,11819,12241,12673,13793,13260,14339,12167,12582,12180,17857,20704,20910,23933,25907,31208,31427,42056,52185,39639,47978,32939
 "19129","Mills, IA",4,CAGDP2,56,"53","   Real estate and rental and leasing ","Thousands of dollars",37505,36618,41146,42546,46443,50231,44745,54766,53858,54976,55403,61577,69320,73802,70217,73314,64990,71815,71125,68854,67790,68674
 "19129","Mills, IA",4,CAGDP2,59,"54,55,56","  Professional and business services ","Thousands of dollars",(D),(D),8964,10326,(D),(D),(D),(D),(D),(D),(D),(D),(D),(D),(D),(D),(D),(D),(D),27591,(D),39731
 "19129","Mills, IA",4,CAGDP2,60,"54","   Professional, scientific, and technical services ","Thousands of dollars",5736,6195,6454,7292,7226,7698,8368,8742,5303,5108,(D),(D),(D),(D),(D),(D),(D),(D),(D),(D),(D),(D)
 "19129","Mills, IA",4,CAGDP2,64,"55","   Management of companies and enterprises ","Thousands of dollars",0,0,0,(D),(D),(D),(D),(D),(D),(D),(D),(D),(D),(D),(D),(D),(D),(D),(D),(D),(D),(D)
 "19129","Mills, IA",4,CAGDP2,65,"56","   Administrative and support and waste management and remediation services ","Thousands of dollars",(D),(D),2510,(D),(D),(D),(D),(D),(D),(D),6009,7927,9213,10712,10641,9644,12415,13584,15318,17564,16534,20106
 "19129","Mills, IA",4,CAGDP2,68,"61,62","  Educational services, health care, and social assistance ","Thousands of dollars",14494,17079,(D),18045,21388,21334,22754,25417,26910,28406,28301,29028,(D),(D),(D),23591,(D),(D),25460,(D),24207,24509
 "19129","Mills, IA",4,CAGDP2,69,"61","   Educational services ","Thousands of dollars",(D),(D),(D),(D),(D),(D),(D),(D),(D),(D),(D),(D),(D),(D),(D),(D),(D),(D),(D),(D),1226,1277
 "19129","Mills, IA",4,CAGDP2,70,"62","   Health care and social assistance ","Thousands of dollars",(D),(D),(D),(D),(D),(D),(D),(D),(D),(D),(D),(D),(D),(D),(D),(D),(D),(D),(D),(D),22981,23232
 "19129","Mills, IA",4,CAGDP2,75,"71,72","  Arts, entertainment, recreation, accommodation, and food services ","Thousands of dollars",3892,4405,4599,(D),5284,5048,5335,5462,5594,5507,5324,5331,6038,6387,7673,8775,10789,12576,15492,9707,10182,10629
 "19129","Mills, IA",4,CAGDP2,76,"71","   Arts, entertainment, and recreation ","Thousands of dollars",815,1389,1467,(D),1420,1397,1471,1438,1802,1902,1834,2023,1999,1923,1701,1575,1707,1839,2547,1889,2547,2662
 "19129","Mills, IA",4,CAGDP2,79,"72","   Accommodation and food services ","Thousands of dollars",3077,3016,3132,(D),3864,3651,3865,4024,3792,3605,3490,3308,4039,4464,5972,7201,9082,10737,12944,7818,7635,7967
 "19129","Mills, IA",4,CAGDP2,82,"81","  Other services (except government and government enterprises) ","Thousands of dollars",9647,10458,8634,8444,8859,9513,9778,9673,9779,11353,11102,12487,13138,13969,13411,13556,14076,14521,15072,11973,13990,(D)
 "19129","Mills, IA",4,CAGDP2,83,"92","Government and government enterprises ","Thousands of dollars",77976,79067,85630,90350,97097,103759,108681,115316,120713,119912,116396,118153,119930,122257,123969,127086,126955,127100,126032,126432,117908,115693
 "19129","Mills, IA",4,CAGDP2,87,"11,21","Natural resources and mining ","Thousands of dollars",26051,28219,36770,58236,35811,(D),36316,60682,85491,47624,44954,43886,39255,4569,13917,15856,23206,13362,53508,23102,79064,92839
 "19129","Mills, IA",4,CAGDP2,88,"42,44-45","Trade ","Thousands of dollars",28713,30635,27654,27314,25373,23206,19631,21957,24791,30227,50711,82716,85604,78523,67294,74497,86547,101140,125985,136231,167584,187825
 "19129","Mills, IA",4,CAGDP2,89,"22,48-49","Transportation and utilities ","Thousands of dollars",(D),(D),(D),(D),(D),(D),(D),(D),(D),(D),(D),(D),(D),(D),(D),(D),(D),(D),(D),(D),(D),(D)
 "19129","Mills, IA",4,CAGDP2,90,"31-33,51","Manufacturing and information ","Thousands of dollars",22457,23697,22405,19704,20642,29499,30532,32952,37390,37555,35456,45444,45046,46337,53963,69258,87653,95906,90252,61850,66151,79019
 "19129","Mills, IA",4,CAGDP2,91,"...","Private goods-producing industries 2/","Thousands of dollars",53678,57935,64596,85095,64720,(D),77822,103490,131656,90695,86433,95787,89555,58297,73734,90207,114377,112368,148537,92741,152470,182149
 "19129","Mills, IA",4,CAGDP2,92,"...","Private services-providing industries 3/","Thousands of dollars",120455,128195,131059,135465,142402,(D),140150,155022,158287,170430,196609,244421,261437,268626,250894,265424,278563,315903,358588,342859,385320,404244
 "19131","Mitchell, IA",4,CAGDP2,1,"...","All industry total ","Thousands of dollars",248983,268663,256445,296410,295157,323874,351543,409692,375628,455277,496079,501721,594453,634089,626233,637160,619016,678415,696251,608835,694468,828151
 "19131","Mitchell, IA",4,CAGDP2,2,"..."," Private industries ","Thousands of dollars",220762,239571,225648,264267,260179,288126,313766,370955,335908,413652,455765,460254,550373,586720,576312,584531,567629,623726,639118,550522,635534,765555
 "19131","Mitchell, IA",4,CAGDP2,3,"11","  Agriculture, forestry, fishing and hunting ","Thousands of dollars",36722,47534,32782,62362,55093,59541,66037,79570,62846,98192,121748,114146,156263,99546,88880,74160,72324,76638,42341,42458,109784,170661
 "19131","Mitchell, IA",4,CAGDP2,6,"21","  Mining, quarrying, and oil and gas extraction ","Thousands of dollars",3017,3556,3725,4179,5013,7212,9021,10487,8288,8684,7650,9051,7603,8043,7587,7946,11040,12049,15266,19761,21772,16071
 "19131","Mitchell, IA",4,CAGDP2,10,"22","  Utilities ","Thousands of dollars",1656,1648,1526,1416,1441,1586,1777,5067,1615,34244,32482,36237,37654,40173,39000,42402,41850,34891,59966,67580,65940,85369
 "19131","Mitchell, IA",4,CAGDP2,11,"23","  Construction ","Thousands of dollars",9539,10927,12270,13296,13018,17320,25984,47663,41723,28662,31597,29028,17385,20288,21445,24294,28604,63848,103199,56088,34722,37301
 "19131","Mitchell, IA",4,CAGDP2,12,"31-33","  Manufacturing ","Thousands of dollars",58935,62082,61461,65298,61306,67715,72323,91942,84156,86151,96721,91848,137946,208344,205269,205649,186193,203148,179408,139452,167569,206749
 "19131","Mitchell, IA",4,CAGDP2,13,"321,327-339","   Durable goods manufacturing ","Thousands of dollars",9281,9049,9465,11337,11984,13731,13024,13752,12019,10985,15430,18770,25389,31269,28374,30900,29251,35137,32361,27755,30541,35730
 "19131","Mitchell, IA",4,CAGDP2,25,"311-316,322-326","   Nondurable goods manufacturing ","Thousands of dollars",49654,53033,51996,53961,49323,53984,59299,78190,72137,75166,81291,73078,112557,177075,176896,174749,156942,168011,147047,111697,137028,171020
 "19131","Mitchell, IA",4,CAGDP2,34,"42","  Wholesale trade ","Thousands of dollars",15526,16413,16617,18167,20699,22661,21476,22026,19266,21825,22410,27163,29807,35808,36107,34899,36169,38320,40622,39063,38958,41515
 "19131","Mitchell, IA",4,CAGDP2,35,"44-45","  Retail trade ","Thousands of dollars",13923,14553,14510,14022,13153,12869,12743,14710,17406,22320,19879,19764,20490,19617,17421,15409,13679,13993,14138,15657,16446,17195
 "19131","Mitchell, IA",4,CAGDP2,36,"48-49","  Transportation and warehousing ","Thousands of dollars",5541,5423,6027,8768,(D),(D),(D),(D),(D),(D),(D),(D),(D),(D),20019,18149,18299,21968,(D),(D),(D),(D)
 "19131","Mitchell, IA",4,CAGDP2,45,"51","  Information ","Thousands of dollars",1225,893,1248,1537,1492,1795,2114,2590,4003,3151,5807,7243,12576,17379,16795,16677,21960,21390,21632,10591,10252,11754
 "19131","Mitchell, IA",4,CAGDP2,50,"52,53","  Finance, insurance, real estate, rental, and leasing ","Thousands of dollars",44131,43767,43857,43564,45160,49232,53147,51500,50817,57287,61658,70168,72350,74342,76782,92437,83192,80881,82353,78271,80120,(D)
 "19131","Mitchell, IA",4,CAGDP2,51,"52","   Finance and insurance ","Thousands of dollars",15174,17531,17148,16837,18653,17879,18666,16421,16109,15540,22523,26932,27599,33523,32860,36858,36540,36618,36228,35684,37554,39566
 "19131","Mitchell, IA",4,CAGDP2,56,"53","   Real estate and rental and leasing ","Thousands of dollars",28957,26235,26709,26727,26507,31353,34481,35079,34708,41747,39135,43236,44751,40819,43922,55578,46652,44263,46124,42588,42566,(D)
 "19131","Mitchell, IA",4,CAGDP2,59,"54,55,56","  Professional and business services ","Thousands of dollars",6385,6740,6240,5996,(D),(D),(D),(D),(D),(D),(D),(D),(D),(D),9382,13449,16059,14601,(D),(D),(D),25588
 "19131","Mitchell, IA",4,CAGDP2,60,"54","   Professional, scientific, and technical services ","Thousands of dollars",4362,4432,4054,4138,4484,4941,5017,4928,4395,4106,4216,4500,4634,5251,5620,(D),(D),(D),(D),(D),(D),(D)
 "19131","Mitchell, IA",4,CAGDP2,64,"55","   Management of companies and enterprises ","Thousands of dollars",(D),(D),(D),(D),(D),(D),(D),(D),(D),(D),(D),(D),(D),(D),(D),(D),(D),(D),(D),(D),(D),(D)
 "19131","Mitchell, IA",4,CAGDP2,65,"56","   Administrative and support and waste management and remediation services ","Thousands of dollars",(D),(D),(D),(D),(D),(D),(D),(D),(D),(D),(D),(D),(D),(D),(D),7010,9727,8392,8047,10026,16438,17346
 "19131","Mitchell, IA",4,CAGDP2,68,"61,62","  Educational services, health care, and social assistance ","Thousands of dollars",11990,12768,12950,13086,12732,13338,13433,14068,14384,14186,14846,16258,17330,18650,20919,22223,21510,23939,25876,28179,23420,24556
 "19131","Mitchell, IA",4,CAGDP2,69,"61","   Educational services ","Thousands of dollars",(D),(D),(D),(D),(D),(D),(D),(D),(D),(D),(D),(D),(D),2674,(D),(D),4408,(D),(D),(D),(D),(D)
 "19131","Mitchell, IA",4,CAGDP2,70,"62","   Health care and social assistance ","Thousands of dollars",(D),(D),(D),(D),(D),(D),(D),(D),(D),(D),(D),(D),(D),15976,(D),(D),17101,(D),(D),(D),(D),(D)
 "19131","Mitchell, IA",4,CAGDP2,75,"71,72","  Arts, entertainment, recreation, accommodation, and food services ","Thousands of dollars",3537,3277,2830,3049,3236,2827,2949,3131,3285,3732,4080,4753,5333,5303,5702,5517,5281,6380,6710,5720,7777,7623
 "19131","Mitchell, IA",4,CAGDP2,76,"71","   Arts, entertainment, and recreation ","Thousands of dollars",240,265,225,187,191,253,343,430,521,778,1103,1435,1494,1521,1567,1716,1785,2326,2750,2382,3742,3487
 "19131","Mitchell, IA",4,CAGDP2,79,"72","   Accommodation and food services ","Thousands of dollars",3298,3012,2605,2862,3046,2575,2606,2701,2764,2954,2977,3318,3839,3782,4135,3801,3496,4054,3959,3338,4036,4136
 "19131","Mitchell, IA",4,CAGDP2,82,"81","  Other services (except government and government enterprises) ","Thousands of dollars",8636,9991,9605,9528,10131,10320,9876,9030,9208,10269,10196,9483,9592,10143,11004,11321,11469,11680,12201,12258,15859,18000
 "19131","Mitchell, IA",4,CAGDP2,83,"92","Government and government enterprises ","Thousands of dollars",28220,29092,30798,32143,34978,35748,37776,38737,39720,41626,40314,41467,44080,47369,49920,52629,51387,54688,57133,58313,58933,62596
 "19131","Mitchell, IA",4,CAGDP2,87,"11,21","Natural resources and mining ","Thousands of dollars",39738,51091,36506,66541,60106,66753,75058,90057,71134,106877,129398,123197,163865,107589,96466,82106,83363,88687,57607,62218,131556,186731
 "19131","Mitchell, IA",4,CAGDP2,88,"42,44-45","Trade ","Thousands of dollars",29449,30965,31128,32190,33852,35530,34219,36736,36671,44145,42290,46926,50296,55425,53528,50308,49849,52313,54760,54720,55404,58709
 "19131","Mitchell, IA",4,CAGDP2,89,"22,48-49","Transportation and utilities ","Thousands of dollars",7197,7071,7554,10184,(D),(D),(D),(D),(D),(D),(D),(D),(D),(D),59019,60551,60149,56859,(D),(D),(D),(D)
 "19131","Mitchell, IA",4,CAGDP2,90,"31-33,51","Manufacturing and information ","Thousands of dollars",60160,62974,62709,66835,62799,69510,74437,94532,88159,89302,102528,99091,150523,225724,222064,222326,208154,224538,201041,150042,177820,218503
 "19131","Mitchell, IA",4,CAGDP2,91,"...","Private goods-producing industries 2/","Thousands of dollars",108213,124099,110237,145134,134430,151788,173365,229662,197013,221689,257716,244073,319197,336221,323181,312048,298160,355683,340215,257758,333847,430781
 "19131","Mitchell, IA",4,CAGDP2,92,"...","Private services-providing industries 3/","Thousands of dollars",112549,115472,115411,119133,125749,136338,140401,141293,138896,191963,198048,216181,231176,250499,253132,272483,269469,268043,298904,292764,301687,334774
 "19133","Monona, IA",4,CAGDP2,1,"...","All industry total ","Thousands of dollars",193827,212682,229638,253068,225825,205292,249579,282675,316312,272582,292179,278101,306245,307093,334168,279780,304291,303161,328400,315691,400090,469163
 "19133","Monona, IA",4,CAGDP2,2,"..."," Private industries ","Thousands of dollars",160421,177150,193940,217105,189007,169086,213517,246040,281219,237741,257238,242759,271990,271832,298538,242454,266777,263916,288999,275909,360396,427735
 "19133","Monona, IA",4,CAGDP2,3,"11","  Agriculture, forestry, fishing and hunting ","Thousands of dollars",35955,48102,61684,(D),(D),(D),(D),(D),128402,72230,90601,63735,91925,76930,(D),38910,55658,42581,(D),(D),119402,170629
 "19133","Monona, IA",4,CAGDP2,6,"21","  Mining, quarrying, and oil and gas extraction ","Thousands of dollars",0,0,0,0,0,0,0,0,0,0,0,0,0,0,0,0,0,0,0,0,(D),(D)
 "19133","Monona, IA",4,CAGDP2,10,"22","  Utilities ","Thousands of dollars",843,962,882,923,817,827,787,790,907,940,897,776,816,900,910,989,975,1072,1159,1063,1181,1340
 "19133","Monona, IA",4,CAGDP2,11,"23","  Construction ","Thousands of dollars",7398,7389,6819,7432,7936,7660,6941,7272,8621,10231,10750,10460,8371,8031,7823,8478,8018,(D),7277,(D),(D),8818
 "19133","Monona, IA",4,CAGDP2,12,"31-33","  Manufacturing ","Thousands of dollars",7573,8656,6807,9530,10011,10578,9667,8662,7385,7740,6901,10588,8883,12231,10033,8087,7774,(D),10079,10948,13022,14083
 "19133","Monona, IA",4,CAGDP2,13,"321,327-339","   Durable goods manufacturing ","Thousands of dollars",(D),(D),(D),(D),(D),(D),(D),(D),(D),(D),(D),(D),8205,11351,(D),(D),(D),6427,8539,9999,10754,10161
 "19133","Monona, IA",4,CAGDP2,25,"311-316,322-326","   Nondurable goods manufacturing ","Thousands of dollars",(D),(D),(D),(D),(D),(D),(D),(D),(D),(D),(D),(D),678,880,(D),(D),(D),(D),1540,949,2268,3923
 "19133","Monona, IA",4,CAGDP2,34,"42","  Wholesale trade ","Thousands of dollars",12170,12321,11233,11881,13131,12875,14157,16747,17349,18698,18678,19576,21129,22335,23756,29329,33178,36383,40165,40357,42637,49068
 "19133","Monona, IA",4,CAGDP2,35,"44-45","  Retail trade ","Thousands of dollars",14270,13980,14793,15239,16880,16571,15254,16160,15953,15014,15189,16401,17259,17114,18836,20288,21478,23246,23591,24586,25570,27116
 "19133","Monona, IA",4,CAGDP2,36,"48-49","  Transportation and warehousing ","Thousands of dollars",(D),(D),(D),(D),(D),(D),(D),(D),(D),(D),(D),(D),(D),(D),(D),(D),(D),(D),(D),(D),(D),(D)
 "19133","Monona, IA",4,CAGDP2,45,"51","  Information ","Thousands of dollars",3412,4088,4674,5303,5402,4654,4922,4142,3612,3312,2616,1295,1235,1244,1131,1106,1261,1178,1299,(D),(D),1214
 "19133","Monona, IA",4,CAGDP2,50,"52,53","  Finance, insurance, real estate, rental, and leasing ","Thousands of dollars",37081,37380,40620,46703,43607,43435,51386,46476,47540,55746,55733,63137,61368,64742,67721,61269,62572,67306,65347,67656,66767,(D)
 "19133","Monona, IA",4,CAGDP2,51,"52","   Finance and insurance ","Thousands of dollars",11459,13622,15517,21716,18022,(D),(D),(D),15919,17995,(D),(D),(D),(D),(D),(D),26236,25468,24324,23373,24861,26207
 "19133","Monona, IA",4,CAGDP2,56,"53","   Real estate and rental and leasing ","Thousands of dollars",25622,23758,25103,24987,25585,(D),(D),(D),31621,37750,(D),(D),(D),(D),(D),(D),36335,41838,41023,44282,41906,(D)
 "19133","Monona, IA",4,CAGDP2,59,"54,55,56","  Professional and business services ","Thousands of dollars",(D),(D),(D),5987,7471,6166,6564,6283,(D),7425,(D),(D),(D),6412,6715,6666,6287,6320,6933,7498,9567,11013
 "19133","Monona, IA",4,CAGDP2,60,"54","   Professional, scientific, and technical services ","Thousands of dollars",(D),(D),(D),3033,3006,2995,2854,3122,(D),(D),(D),(D),(D),3858,4288,4141,3347,3308,3642,4123,5346,5279
 "19133","Monona, IA",4,CAGDP2,64,"55","   Management of companies and enterprises ","Thousands of dollars",(D),(D),(D),845,849,858,757,630,(D),(D),(D),(D),(D),0,0,0,0,0,0,0,0,0
 "19133","Monona, IA",4,CAGDP2,65,"56","   Administrative and support and waste management and remediation services ","Thousands of dollars",2300,2352,2297,2109,3616,2313,2952,2532,2776,3228,2898,2647,(D),2554,2427,2525,2940,3012,3291,3375,4220,5733
 "19133","Monona, IA",4,CAGDP2,68,"61,62","  Educational services, health care, and social assistance ","Thousands of dollars",22018,24067,24201,23658,24930,26112,26563,27375,28324,28875,28698,31483,32896,35094,36959,38637,38757,40269,40315,40286,40413,41746
 "19133","Monona, IA",4,CAGDP2,69,"61","   Educational services ","Thousands of dollars",(D),(D),(D),71,47,37,31,62,79,117,60,60,39,45,27,42,44,59,76,86,66,62
 "19133","Monona, IA",4,CAGDP2,70,"62","   Health care and social assistance ","Thousands of dollars",(D),(D),(D),23587,24883,26074,26532,27313,28245,28758,28638,31423,32857,35050,36932,38596,38713,40210,40239,40200,40347,41684
 "19133","Monona, IA",4,CAGDP2,75,"71,72","  Arts, entertainment, recreation, accommodation, and food services ","Thousands of dollars",5272,5495,5308,5093,4432,4169,4085,4508,4754,(D),7009,5358,8123,(D),11739,(D),(D),14525,14012,11777,15906,16747
 "19133","Monona, IA",4,CAGDP2,76,"71","   Arts, entertainment, and recreation ","Thousands of dollars",525,569,890,861,853,793,752,945,1143,(D),3021,1647,3942,(D),7387,(D),(D),9406,8909,7468,(D),11352
 "19133","Monona, IA",4,CAGDP2,79,"72","   Accommodation and food services ","Thousands of dollars",4747,4926,4419,4232,3578,3376,3333,3563,3610,(D),3988,3711,4181,(D),4352,(D),(D),5119,5104,4308,(D),5395
 "19133","Monona, IA",4,CAGDP2,82,"81","  Other services (except government and government enterprises) ","Thousands of dollars",6076,6365,6251,6022,6156,5995,5718,5590,5993,6074,6695,6353,6066,6723,7905,8119,8593,8024,8594,9461,9997,10823
 "19133","Monona, IA",4,CAGDP2,83,"92","Government and government enterprises ","Thousands of dollars",33406,35532,35698,35963,36818,36207,36062,36634,35093,34841,34941,35342,34255,35261,35630,37326,37514,39246,39401,39782,39694,41428
 "19133","Monona, IA",4,CAGDP2,87,"11,21","Natural resources and mining ","Thousands of dollars",35955,48102,61684,(D),(D),(D),(D),(D),128402,72230,90601,63735,91925,76930,(D),38910,55658,42581,(D),(D),(D),(D)
 "19133","Monona, IA",4,CAGDP2,88,"42,44-45","Trade ","Thousands of dollars",26440,26301,26026,27121,30012,29446,29411,32907,33302,33713,33867,35978,38389,39449,42593,49617,54656,59629,63756,64943,68207,76184
 "19133","Monona, IA",4,CAGDP2,89,"22,48-49","Transportation and utilities ","Thousands of dollars",(D),(D),(D),(D),(D),(D),(D),(D),(D),(D),(D),(D),(D),(D),(D),(D),(D),(D),(D),(D),(D),(D)
 "19133","Monona, IA",4,CAGDP2,90,"31-33,51","Manufacturing and information ","Thousands of dollars",10986,12744,11481,14834,15413,15232,14589,12804,10997,11051,9517,11883,10118,13474,11165,9193,9035,(D),11378,(D),(D),15298
 "19133","Monona, IA",4,CAGDP2,91,"...","Private goods-producing industries 2/","Thousands of dollars",50927,64147,75310,(D),(D),(D),(D),(D),144409,90201,108252,84783,109179,97192,(D),55474,71450,(D),(D),66454,140597,(D)
 "19133","Monona, IA",4,CAGDP2,92,"...","Private services-providing industries 3/","Thousands of dollars",109494,113003,118630,(D),(D),(D),(D),(D),136810,147540,148987,157977,162811,174640,(D),186980,195328,(D),(D),209455,219798,(D)
 "19135","Monroe, IA",4,CAGDP2,1,"...","All industry total ","Thousands of dollars",227249,227189,239509,263977,270041,288200,315450,368201,416477,402618,376601,363920,370135,366462,397801,399066,402057,434835,432710,439242,515304,574763
 "19135","Monroe, IA",4,CAGDP2,2,"..."," Private industries ","Thousands of dollars",205840,204886,216294,238843,243253,260309,286712,339291,384857,369335,342711,327205,332639,327621,357051,354843,357232,385869,382546,388661,463398,518443
 "19135","Monroe, IA",4,CAGDP2,3,"11","  Agriculture, forestry, fishing and hunting ","Thousands of dollars",1219,(D),1220,(D),(D),(D),6564,10550,15129,10937,20170,15600,20728,4094,6833,3424,10292,15022,13526,4616,21350,26822
 "19135","Monroe, IA",4,CAGDP2,6,"21","  Mining, quarrying, and oil and gas extraction ","Thousands of dollars",0,0,0,0,0,0,0,0,0,0,0,115,1663,1532,1566,1646,2165,1381,2066,2933,3983,3079
 "19135","Monroe, IA",4,CAGDP2,10,"22","  Utilities ","Thousands of dollars",6591,6850,2806,6156,5535,9041,7349,12292,11328,8252,6176,5722,5964,5735,5527,4934,5218,5523,6823,9771,9467,8622
 "19135","Monroe, IA",4,CAGDP2,11,"23","  Construction ","Thousands of dollars",11816,(D),12044,(D),(D),(D),12115,14449,14683,14329,13494,13472,14425,16756,15988,16585,18294,18537,21745,21239,29200,54307
 "19135","Monroe, IA",4,CAGDP2,12,"31-33","  Manufacturing ","Thousands of dollars",120959,116526,117825,121519,128232,143503,160523,199289,233621,221019,184546,165630,158944,161409,193901,191884,178961,192663,184792,194837,213507,228227
 "19135","Monroe, IA",4,CAGDP2,13,"321,327-339","   Durable goods manufacturing ","Thousands of dollars",(D),(D),16066,20051,25294,28571,(D),(D),(D),46533,41804,42921,33716,31978,33777,30912,30619,35287,39006,36134,39662,47103
 "19135","Monroe, IA",4,CAGDP2,25,"311-316,322-326","   Nondurable goods manufacturing ","Thousands of dollars",(D),(D),101759,101468,102938,114931,(D),(D),(D),174486,142742,122708,125228,129431,160125,160972,148342,157375,145787,158704,173846,181124
 "19135","Monroe, IA",4,CAGDP2,34,"42","  Wholesale trade ","Thousands of dollars",5588,6990,10335,11572,12310,12888,12898,12343,12992,17057,14989,17430,16486,15936,16056,16181,17966,19772,22714,22864,29388,30924
 "19135","Monroe, IA",4,CAGDP2,35,"44-45","  Retail trade ","Thousands of dollars",13879,13427,13905,13309,12239,11769,11521,11906,13685,14977,15572,15565,14798,13586,12994,12978,11884,12170,13189,14289,14927,15719
 "19135","Monroe, IA",4,CAGDP2,36,"48-49","  Transportation and warehousing ","Thousands of dollars",(D),(D),(D),(D),(D),(D),(D),(D),(D),(D),(D),(D),(D),(D),(D),(D),(D),(D),(D),(D),(D),(D)
 "19135","Monroe, IA",4,CAGDP2,45,"51","  Information ","Thousands of dollars",1457,1525,1830,2190,2132,(D),1663,(D),(D),2188,2310,2301,2491,2632,2700,2584,2705,2599,2850,2884,3283,3354
 "19135","Monroe, IA",4,CAGDP2,50,"52,53","  Finance, insurance, real estate, rental, and leasing ","Thousands of dollars",22733,24727,27221,27891,31149,30376,32558,34880,37949,34725,38449,43634,47131,49291,45808,51624,55132,56977,(D),48939,63578,65896
 "19135","Monroe, IA",4,CAGDP2,51,"52","   Finance and insurance ","Thousands of dollars",6964,8315,8393,8074,9287,8968,10372,9339,9150,8755,11836,13086,13496,14417,15708,17434,16860,16751,(D),(D),15840,16094
 "19135","Monroe, IA",4,CAGDP2,56,"53","   Real estate and rental and leasing ","Thousands of dollars",15769,16412,18828,19817,21862,21409,22186,25542,28799,25970,26613,30548,33635,34874,30100,34191,38272,40226,34006,(D),47737,49802
 "19135","Monroe, IA",4,CAGDP2,59,"54,55,56","  Professional and business services ","Thousands of dollars",3590,3074,9705,13919,14626,(D),21397,21636,21862,22030,22377,22531,24939,30924,30125,29468,32234,35734,41415,43754,49864,54564
 "19135","Monroe, IA",4,CAGDP2,60,"54","   Professional, scientific, and technical services ","Thousands of dollars",1405,(D),1656,1801,2071,2941,3525,3550,(D),(D),(D),(D),(D),(D),(D),(D),(D),(D),(D),(D),(D),(D)
 "19135","Monroe, IA",4,CAGDP2,64,"55","   Management of companies and enterprises ","Thousands of dollars",0,0,0,0,0,0,0,0,(D),(D),(D),(D),(D),(D),(D),(D),(D),(D),(D),(D),(D),(D)
 "19135","Monroe, IA",4,CAGDP2,65,"56","   Administrative and support and waste management and remediation services ","Thousands of dollars",2185,(D),8049,12118,12555,(D),17872,18087,17708,18529,18992,18935,20754,22947,21112,20092,22451,25819,29821,27826,27327,28030
 "19135","Monroe, IA",4,CAGDP2,68,"61,62","  Educational services, health care, and social assistance ","Thousands of dollars",6615,6977,(D),(D),7696,8690,9434,9772,10167,10209,9603,9792,10069,10807,11189,10486,(D),10262,10320,10242,10036,10896
 "19135","Monroe, IA",4,CAGDP2,69,"61","   Educational services ","Thousands of dollars",(D),(D),85,73,81,71,77,(D),(D),(D),(D),(D),56,(D),(D),(D),(D),65,62,(D),(D),(D)
 "19135","Monroe, IA",4,CAGDP2,70,"62","   Health care and social assistance ","Thousands of dollars",(D),(D),(D),(D),7615,8619,9357,(D),(D),(D),(D),(D),10013,(D),(D),(D),(D),10198,10259,(D),(D),(D)
 "19135","Monroe, IA",4,CAGDP2,75,"71,72","  Arts, entertainment, recreation, accommodation, and food services ","Thousands of dollars",(D),(D),2492,2606,(D),2488,(D),3310,4023,(D),(D),(D),(D),(D),(D),(D),4654,(D),4521,(D),(D),(D)
 "19135","Monroe, IA",4,CAGDP2,76,"71","   Arts, entertainment, and recreation ","Thousands of dollars",(D),(D),(D),(D),(D),(D),(D),(D),945,(D),(D),(D),(D),(D),(D),(D),1240,(D),(D),(D),(D),(D)
 "19135","Monroe, IA",4,CAGDP2,79,"72","   Accommodation and food services ","Thousands of dollars",(D),(D),(D),(D),(D),(D),(D),(D),3078,(D),(D),(D),(D),(D),(D),(D),3414,(D),(D),(D),(D),(D)
 "19135","Monroe, IA",4,CAGDP2,82,"81","  Other services (except government and government enterprises) ","Thousands of dollars",5082,5646,5205,5110,4797,4825,4164,(D),(D),3585,3575,3668,3866,3868,4194,4448,4727,4810,4784,4775,5231,5682
 "19135","Monroe, IA",4,CAGDP2,83,"92","Government and government enterprises ","Thousands of dollars",21409,22303,23215,25134,26788,27890,28738,28910,31619,33283,33891,36715,37495,38840,40750,44223,44825,48966,50164,50581,51906,56320
 "19135","Monroe, IA",4,CAGDP2,87,"11,21","Natural resources and mining ","Thousands of dollars",1219,(D),1220,(D),(D),(D),6564,10550,15129,10937,20170,15715,22390,5626,8399,5069,12457,16403,15592,7549,25334,29900
 "19135","Monroe, IA",4,CAGDP2,88,"42,44-45","Trade ","Thousands of dollars",19467,20417,24240,24881,24548,24657,24419,24249,26676,32034,30561,32995,31285,29522,29049,29159,29850,31941,35903,37152,44315,46643
 "19135","Monroe, IA",4,CAGDP2,89,"22,48-49","Transportation and utilities ","Thousands of dollars",(D),(D),(D),(D),(D),(D),(D),(D),(D),(D),(D),(D),(D),(D),(D),(D),(D),(D),(D),(D),(D),(D)
 "19135","Monroe, IA",4,CAGDP2,90,"31-33,51","Manufacturing and information ","Thousands of dollars",122415,118051,119655,123709,130364,(D),162187,(D),(D),223207,186856,167930,161434,164041,196601,194468,181665,195262,187642,197722,216790,231581
 "19135","Monroe, IA",4,CAGDP2,91,"...","Private goods-producing industries 2/","Thousands of dollars",133994,129892,131088,142789,145025,155686,179202,224289,263434,246285,218209,194817,195759,183791,218288,213538,209712,227603,222130,223625,268041,312435
 "19135","Monroe, IA",4,CAGDP2,92,"...","Private services-providing industries 3/","Thousands of dollars",71846,74994,85206,96054,98228,104623,107510,115002,121424,123050,124501,132388,136880,143831,138762,141305,147521,158266,160416,165036,195357,206008
 "19137","Montgomery, IA",4,CAGDP2,1,"...","All industry total ","Thousands of dollars",288477,307206,304207,351194,349376,371649,362202,378762,388161,364679,382920,396098,407569,392102,425198,420249,418016,432863,444112,441147,509609,556234
 "19137","Montgomery, IA",4,CAGDP2,2,"..."," Private industries ","Thousands of dollars",247384,264868,261289,305765,301241,321363,310328,323883,328788,303048,322636,334609,342344,324870,355182,348199,343662,353724,362083,357340,427454,470865
 "19137","Montgomery, IA",4,CAGDP2,3,"11","  Agriculture, forestry, fishing and hunting ","Thousands of dollars",27768,41090,31875,62105,36021,44429,51103,61071,70028,37695,48926,46679,43269,11494,23578,8921,6463,2676,3151,1917,58484,75067
 "19137","Montgomery, IA",4,CAGDP2,6,"21","  Mining, quarrying, and oil and gas extraction ","Thousands of dollars",1011,599,1241,226,709,1410,976,1771,424,812,680,525,557,869,1155,1081,1691,963,2329,1207,1464,1407
 "19137","Montgomery, IA",4,CAGDP2,10,"22","  Utilities ","Thousands of dollars",3032,3169,3261,3383,3186,3301,3624,4011,3686,3773,3804,3568,3744,3659,3151,3353,3759,3752,3963,4155,4245,4298
 "19137","Montgomery, IA",4,CAGDP2,11,"23","  Construction ","Thousands of dollars",11702,13608,13507,13692,14557,15033,14859,13651,15508,15462,17843,18367,16962,16930,16482,18550,19227,20670,21009,21997,21348,24853
 "19137","Montgomery, IA",4,CAGDP2,12,"31-33","  Manufacturing ","Thousands of dollars",45890,50127,49476,58516,64820,68270,55075,51694,45401,52786,61287,67066,64746,62863,71154,61490,62059,65246,64167,59396,61242,69485
 "19137","Montgomery, IA",4,CAGDP2,13,"321,327-339","   Durable goods manufacturing ","Thousands of dollars",(D),(D),32094,(D),(D),(D),(D),19008,11773,(D),(D),(D),20303,21078,29899,26043,25310,26418,26948,23184,22708,24953
 "19137","Montgomery, IA",4,CAGDP2,25,"311-316,322-326","   Nondurable goods manufacturing ","Thousands of dollars",(D),(D),17382,(D),(D),(D),(D),32686,33628,(D),(D),(D),44443,41785,41254,35447,36749,38827,37219,36211,38534,44532
 "19137","Montgomery, IA",4,CAGDP2,34,"42","  Wholesale trade ","Thousands of dollars",12727,13104,15491,15464,16990,18052,21762,25603,25771,26054,25648,28047,29966,32420,34802,37633,40722,38163,37507,40835,47073,51298
 "19137","Montgomery, IA",4,CAGDP2,35,"44-45","  Retail trade ","Thousands of dollars",33224,31757,32971,33664,34826,33728,33105,32480,30775,26395,21894,21752,22300,21840,23198,24315,24362,25350,25918,28559,29852,30950
 "19137","Montgomery, IA",4,CAGDP2,36,"48-49","  Transportation and warehousing ","Thousands of dollars",(D),(D),(D),(D),(D),(D),(D),(D),(D),(D),(D),(D),(D),(D),(D),(D),(D),(D),(D),(D),(D),(D)
 "19137","Montgomery, IA",4,CAGDP2,45,"51","  Information ","Thousands of dollars",6715,5732,6461,7115,8519,10231,12090,13233,14858,16601,15452,15010,21907,23090,28811,33154,35211,35712,38287,38095,36328,36573
 "19137","Montgomery, IA",4,CAGDP2,50,"52,53","  Finance, insurance, real estate, rental, and leasing ","Thousands of dollars",50751,51815,54555,55078,62063,62549,56592,63259,63769,63962,70049,73495,78785,85903,85803,93469,86233,92435,92177,91098,92106,95225
 "19137","Montgomery, IA",4,CAGDP2,51,"52","   Finance and insurance ","Thousands of dollars",13019,14518,14429,14411,15560,14741,15293,13433,13641,13709,17228,20048,19959,23813,25481,29450,29375,29314,29971,30527,31877,33727
 "19137","Montgomery, IA",4,CAGDP2,56,"53","   Real estate and rental and leasing ","Thousands of dollars",37732,37297,40126,40667,46504,47808,41299,49826,50128,50253,52822,53447,58826,62090,60322,64019,56858,63121,62206,60571,60229,61498
 "19137","Montgomery, IA",4,CAGDP2,59,"54,55,56","  Professional and business services ","Thousands of dollars",16389,(D),11703,(D),9917,(D),(D),(D),(D),(D),8187,8799,(D),(D),(D),(D),(D),(D),(D),(D),(D),(D)
 "19137","Montgomery, IA",4,CAGDP2,60,"54","   Professional, scientific, and technical services ","Thousands of dollars",8284,7315,5588,(D),4179,(D),(D),(D),(D),(D),5203,6190,6609,6985,6724,7200,(D),(D),(D),(D),(D),(D)
 "19137","Montgomery, IA",4,CAGDP2,64,"55","   Management of companies and enterprises ","Thousands of dollars",336,(D),234,(D),213,(D),(D),(D),(D),(D),0,0,(D),(D),(D),(D),(D),(D),(D),(D),(D),(D)
 "19137","Montgomery, IA",4,CAGDP2,65,"56","   Administrative and support and waste management and remediation services ","Thousands of dollars",7768,(D),5881,6284,5525,5054,4869,4236,3964,3270,2984,2609,(D),(D),(D),(D),(D),4044,5102,4906,5116,4960
 "19137","Montgomery, IA",4,CAGDP2,68,"61,62","  Educational services, health care, and social assistance ","Thousands of dollars",(D),17124,(D),17207,(D),18916,19278,19930,19723,19740,(D),(D),22146,22180,21467,21855,21469,21327,22654,22730,22397,24743
 "19137","Montgomery, IA",4,CAGDP2,69,"61","   Educational services ","Thousands of dollars",(D),(D),(D),(D),91,(D),(D),(D),(D),(D),(D),(D),(D),(D),(D),(D),(D),(D),(D),427,482,(D)
 "19137","Montgomery, IA",4,CAGDP2,70,"62","   Health care and social assistance ","Thousands of dollars",(D),(D),(D),(D),(D),(D),(D),(D),(D),(D),(D),(D),(D),(D),(D),(D),(D),(D),(D),22303,21915,(D)
 "19137","Montgomery, IA",4,CAGDP2,75,"71,72","  Arts, entertainment, recreation, accommodation, and food services ","Thousands of dollars",6676,6924,6932,7198,7656,7721,6540,5886,5155,6372,7421,7603,8232,8380,8917,9049,9059,9916,11528,8510,12782,13388
 "19137","Montgomery, IA",4,CAGDP2,76,"71","   Arts, entertainment, and recreation ","Thousands of dollars",1221,1387,1339,1576,1781,1964,1911,1626,1119,1130,1042,1059,1132,1293,1181,1775,1857,1922,2079,1638,2603,3373
 "19137","Montgomery, IA",4,CAGDP2,79,"72","   Accommodation and food services ","Thousands of dollars",5454,5537,5593,5621,5875,5757,4629,4259,4036,5242,6379,6544,7099,7088,7736,7274,7202,7994,9449,6872,10180,10015
 "19137","Montgomery, IA",4,CAGDP2,82,"81","  Other services (except government and government enterprises) ","Thousands of dollars",10238,10756,10749,11394,11501,11296,11048,11166,11001,11325,11483,11939,12240,13038,13274,12563,11792,12499,12723,12435,12194,13320
 "19137","Montgomery, IA",4,CAGDP2,83,"92","Government and government enterprises ","Thousands of dollars",41093,42338,42919,45429,48136,50286,51874,54879,59373,61631,60285,61489,65225,67232,70016,72050,74355,79139,82029,83808,82155,85369
 "19137","Montgomery, IA",4,CAGDP2,87,"11,21","Natural resources and mining ","Thousands of dollars",28779,41689,33115,62331,36730,45838,52079,62842,70452,38507,49606,47205,43826,12363,24732,10002,8154,3638,5480,3124,59948,76475
 "19137","Montgomery, IA",4,CAGDP2,88,"42,44-45","Trade ","Thousands of dollars",45951,44861,48461,49128,51816,51780,54867,58083,56546,52449,47542,49799,52266,54260,58000,61948,65084,63513,63425,69394,76925,82249
 "19137","Montgomery, IA",4,CAGDP2,89,"22,48-49","Transportation and utilities ","Thousands of dollars",(D),(D),(D),(D),(D),(D),(D),(D),(D),(D),(D),(D),(D),(D),(D),(D),(D),(D),(D),(D),(D),(D)
 "19137","Montgomery, IA",4,CAGDP2,90,"31-33,51","Manufacturing and information ","Thousands of dollars",52605,55859,55937,65631,73339,78501,67165,64927,60260,69387,76739,82076,86653,85952,99965,94644,97270,100958,102454,97491,97569,106058
 "19137","Montgomery, IA",4,CAGDP2,91,"...","Private goods-producing industries 2/","Thousands of dollars",86370,105425,96098,134539,116107,129140,122013,128187,131361,106754,128737,132637,125533,92155,112368,90042,89440,89554,90656,84517,142538,170813
 "19137","Montgomery, IA",4,CAGDP2,92,"...","Private services-providing industries 3/","Thousands of dollars",161014,159444,165190,171227,185134,192223,188315,195696,197427,196294,193899,201971,216811,232715,242814,258157,254222,264170,271427,272823,284916,300052
 "19139","Muscatine, IA",4,CAGDP2,1,"...","All industry total ","Thousands of dollars",1737756,1876599,1891095,1982904,2036896,2187195,2246912,2240954,2098063,2064226,2101179,2209113,2263158,2462572,2598455,2617793,2732058,2755050,2678222,2654300,2773415,3057358
 "19139","Muscatine, IA",4,CAGDP2,2,"..."," Private industries ","Thousands of dollars",1604746,1740276,1750815,1836655,1884614,2030000,2085464,2071109,1918318,1879068,1916219,2021232,2067526,2262693,2393484,2406429,2520572,2536764,2457044,2429785,2549615,2830858
 "19139","Muscatine, IA",4,CAGDP2,3,"11","  Agriculture, forestry, fishing and hunting ","Thousands of dollars",14082,21543,20942,36193,7327,(D),24458,25670,(D),(D),(D),(D),(D),(D),(D),(D),(D),37940,23328,10891,75706,124288
 "19139","Muscatine, IA",4,CAGDP2,6,"21","  Mining, quarrying, and oil and gas extraction ","Thousands of dollars",3040,3223,3281,5702,6493,8164,7944,9097,7057,7009,5716,6204,5232,5996,5607,4375,5670,5370,5618,5280,6298,(D)
 "19139","Muscatine, IA",4,CAGDP2,10,"22","  Utilities ","Thousands of dollars",(D),63242,71308,74084,75340,(D),84980,88586,(D),(D),(D),(D),(D),(D),(D),(D),(D),55809,52330,54602,75834,(D)
 "19139","Muscatine, IA",4,CAGDP2,11,"23","  Construction ","Thousands of dollars",32911,31766,35226,37700,40851,45885,54355,53684,51718,52730,58645,59436,58699,65810,73665,128260,76742,63365,62897,60216,64131,81804
 "19139","Muscatine, IA",4,CAGDP2,12,"31-33","  Manufacturing ","Thousands of dollars",879256,1001428,974481,1007382,1040010,1144004,1110748,1059351,923216,915956,879108,887534,898859,1048399,1151662,1109854,1262879,1233945,1160751,1182326,1113175,1178352
 "19139","Muscatine, IA",4,CAGDP2,13,"321,327-339","   Durable goods manufacturing ","Thousands of dollars",359778,438352,429376,513704,640252,690818,695138,583281,437543,467371,523938,587568,516940,577913,680510,659815,713986,702865,708478,738753,645560,652841
 "19139","Muscatine, IA",4,CAGDP2,25,"311-316,322-326","   Nondurable goods manufacturing ","Thousands of dollars",519479,563076,545105,493678,399759,453186,415611,476070,485673,448585,355171,299966,381919,470486,471153,450040,548893,531080,452273,443573,467615,525511
 "19139","Muscatine, IA",4,CAGDP2,34,"42","  Wholesale trade ","Thousands of dollars",39035,41407,44376,46144,47759,47218,50200,58531,58706,57106,64697,75857,77005,75625,75553,76505,80830,78893,76310,78856,98772,128097
 "19139","Muscatine, IA",4,CAGDP2,35,"44-45","  Retail trade ","Thousands of dollars",76258,80106,81802,83569,79471,85146,92423,96696,99360,98178,94735,101081,99114,97045,104669,108761,109180,109327,111433,118937,137696,143869
 "19139","Muscatine, IA",4,CAGDP2,36,"48-49","  Transportation and warehousing ","Thousands of dollars",44540,37589,39841,46705,57580,66871,70166,76648,66198,66559,71076,78919,84001,92056,102926,101994,106644,109330,117207,111752,136836,152366
 "19139","Muscatine, IA",4,CAGDP2,45,"51","  Information ","Thousands of dollars",11104,12456,12658,13802,13908,13775,14097,14688,15468,15671,13672,12587,14829,14741,15258,13503,11536,9262,8900,7758,9480,10623
 "19139","Muscatine, IA",4,CAGDP2,50,"52,53","  Finance, insurance, real estate, rental, and leasing ","Thousands of dollars",167192,172006,179394,176358,187646,185055,200662,186589,191102,176787,215875,265868,262713,282447,289179,292754,296813,317737,313289,294414,301945,(D)
 "19139","Muscatine, IA",4,CAGDP2,51,"52","   Finance and insurance ","Thousands of dollars",37814,42972,44335,45595,51191,48563,53315,42938,40729,38242,51078,58073,58574,67993,72655,83905,84217,83598,82585,81894,89979,93483
 "19139","Muscatine, IA",4,CAGDP2,56,"53","   Real estate and rental and leasing ","Thousands of dollars",129378,129034,135059,130763,136455,136492,147347,143651,150373,138546,164796,207796,204139,214454,216524,208849,212596,234139,230704,212520,211966,(D)
 "19139","Muscatine, IA",4,CAGDP2,59,"54,55,56","  Professional and business services ","Thousands of dollars",157040,164604,172785,184557,198654,(D),236003,241618,241152,235611,228582,240242,250340,283532,278007,281621,293611,306037,313106,301202,311004,391594
 "19139","Muscatine, IA",4,CAGDP2,60,"54","   Professional, scientific, and technical services ","Thousands of dollars",(D),(D),(D),(D),(D),(D),(D),123444,130550,112061,104781,105304,105606,105560,104252,98092,94800,100835,104321,100022,97470,100052
 "19139","Muscatine, IA",4,CAGDP2,64,"55","   Management of companies and enterprises ","Thousands of dollars",(D),(D),(D),(D),(D),66522,(D),66614,60052,66209,63745,68794,79093,97151,95384,103326,108936,110843,112663,103273,105894,172558
 "19139","Muscatine, IA",4,CAGDP2,65,"56","   Administrative and support and waste management and remediation services ","Thousands of dollars",46368,43214,48546,53868,62839,57045,55178,51561,50551,57341,60056,66144,65641,80821,78371,80202,89874,94358,96122,97907,107640,118984
 "19139","Muscatine, IA",4,CAGDP2,68,"61,62","  Educational services, health care, and social assistance ","Thousands of dollars",(D),59499,61946,68685,71209,74908,77908,94331,(D),(D),(D),(D),(D),(D),(D),(D),(D),118805,119047,116780,120675,121408
 "19139","Muscatine, IA",4,CAGDP2,69,"61","   Educational services ","Thousands of dollars",(D),883,(D),(D),1290,1523,4005,(D),(D),(D),(D),(D),(D),(D),(D),(D),(D),6291,6678,5797,5938,5450
 "19139","Muscatine, IA",4,CAGDP2,70,"62","   Health care and social assistance ","Thousands of dollars",(D),58615,(D),(D),69919,73385,73903,(D),86759,88224,93608,98256,100659,103073,107683,110435,111037,112513,112369,110983,114737,115958
 "19139","Muscatine, IA",4,CAGDP2,75,"71,72","  Arts, entertainment, recreation, accommodation, and food services ","Thousands of dollars",23344,23556,23956,25761,26625,27949,28877,30540,29974,29860,31185,31854,32756,35451,38141,39596,40863,42191,44078,38267,45898,50594
 "19139","Muscatine, IA",4,CAGDP2,76,"71","   Arts, entertainment, and recreation ","Thousands of dollars",3686,4051,4342,4737,4651,4509,4371,4941,5155,4652,4868,4862,4879,5324,5368,5567,5665,5792,6235,4894,7100,7536
 "19139","Muscatine, IA",4,CAGDP2,79,"72","   Accommodation and food services ","Thousands of dollars",19658,19504,19614,21025,21975,23440,24506,25599,24818,25208,26316,26992,27877,30127,32774,34029,35198,36399,37844,33373,38798,43058
 "19139","Muscatine, IA",4,CAGDP2,82,"81","  Other services (except government and government enterprises) ","Thousands of dollars",28691,27853,28820,30014,31742,32119,32643,35080,34599,34580,34410,36186,36979,39347,42665,43024,47270,48756,48749,48504,52165,56378
 "19139","Muscatine, IA",4,CAGDP2,83,"92","Government and government enterprises ","Thousands of dollars",133010,136323,140280,146249,152282,157195,161448,169845,179746,185158,184960,187882,195632,199879,204972,211364,211486,218286,221179,224515,223800,226500
 "19139","Muscatine, IA",4,CAGDP2,87,"11,21","Natural resources and mining ","Thousands of dollars",17122,24766,24223,41895,13820,(D),32403,34767,(D),(D),(D),(D),(D),(D),(D),(D),(D),43310,28946,16170,82003,(D)
 "19139","Muscatine, IA",4,CAGDP2,88,"42,44-45","Trade ","Thousands of dollars",115293,121512,126177,129713,127230,132363,142623,155227,158066,155284,159433,176938,176119,172670,180222,185267,190009,188220,187743,197792,236468,271966
 "19139","Muscatine, IA",4,CAGDP2,89,"22,48-49","Transportation and utilities ","Thousands of dollars",(D),100830,111149,120790,132920,(D),155146,165234,(D),(D),(D),(D),(D),(D),(D),(D),(D),165139,169537,166354,212670,(D)
 "19139","Muscatine, IA",4,CAGDP2,90,"31-33,51","Manufacturing and information ","Thousands of dollars",890361,1013884,987139,1021184,1053918,1157779,1124845,1074039,938684,931626,892781,900121,913688,1063140,1166920,1123358,1274415,1243207,1169652,1190085,1122655,1188975
 "19139","Muscatine, IA",4,CAGDP2,91,"...","Private goods-producing industries 2/","Thousands of dollars",929289,1057959,1033930,1086976,1094680,(D),1197506,1147802,(D),(D),(D),(D),(D),(D),(D),(D),(D),1340619,1252594,1258713,1259309,(D)
 "19139","Muscatine, IA",4,CAGDP2,92,"...","Private services-providing industries 3/","Thousands of dollars",675458,682316,716885,749679,789933,(D),887959,923307,(D),(D),(D),(D),(D),(D),(D),(D),(D),1196145,1204449,1171073,1290306,(D)
 "19141","O'Brien, IA",4,CAGDP2,1,"...","All industry total ","Thousands of dollars",369987,379223,428368,467681,466897,468039,488757,539342,502346,570403,670955,706746,753817,829454,808732,897720,957344,944735,882412,890707,986238,1162378
 "19141","O'Brien, IA",4,CAGDP2,2,"..."," Private industries ","Thousands of dollars",328550,336582,383930,421899,419947,419412,438533,487240,446567,511285,612031,646711,691854,764011,741418,828577,886949,872208,807730,816037,912115,1085282
 "19141","O'Brien, IA",4,CAGDP2,3,"11","  Agriculture, forestry, fishing and hunting ","Thousands of dollars",56680,59441,99463,119138,(D),(D),(D),(D),(D),(D),203250,231349,244453,267794,188662,188411,240329,218605,162575,129408,202933,315982
 "19141","O'Brien, IA",4,CAGDP2,6,"21","  Mining, quarrying, and oil and gas extraction ","Thousands of dollars",238,248,308,364,721,581,176,94,0,0,0,0,0,48,112,79,101,142,89,0,0,2128
 "19141","O'Brien, IA",4,CAGDP2,10,"22","  Utilities ","Thousands of dollars",1479,1569,1676,2039,1183,1226,1283,1281,1265,1385,1275,1251,1283,1360,22117,86409,108725,90675,91247,104171,112112,133836
 "19141","O'Brien, IA",4,CAGDP2,11,"23","  Construction ","Thousands of dollars",10984,11577,11771,13137,12801,15383,27964,17427,18784,20492,19305,19181,18571,30800,49157,47698,21032,20564,20837,23799,21486,20750
 "19141","O'Brien, IA",4,CAGDP2,12,"31-33","  Manufacturing ","Thousands of dollars",46432,45154,41659,40609,37607,40227,42855,45415,42229,48824,59445,63734,77927,83022,93468,86068,85879,92455,85648,89043,92161,102240
 "19141","O'Brien, IA",4,CAGDP2,13,"321,327-339","   Durable goods manufacturing ","Thousands of dollars",7743,7770,7807,10098,12768,15116,15751,15063,8230,13069,18639,19413,19370,21850,24876,25340,27688,31830,32132,32186,31464,33895
 "19141","O'Brien, IA",4,CAGDP2,25,"311-316,322-326","   Nondurable goods manufacturing ","Thousands of dollars",38689,37384,33852,30511,24838,25112,27104,30352,33999,35754,40806,44321,58556,61172,68591,60728,58191,60625,53516,56857,60697,68345
 "19141","O'Brien, IA",4,CAGDP2,34,"42","  Wholesale trade ","Thousands of dollars",31693,32359,31812,33482,38297,37526,38745,45467,47884,50219,53270,57467,62403,67017,69070,74831,80627,84779,88750,84670,89533,96891
 "19141","O'Brien, IA",4,CAGDP2,35,"44-45","  Retail trade ","Thousands of dollars",25566,26018,27398,27856,27764,28389,28305,28705,30118,30924,31879,33520,32218,31274,32447,34016,34303,36667,39415,41375,45583,47553
 "19141","O'Brien, IA",4,CAGDP2,36,"48-49","  Transportation and warehousing ","Thousands of dollars",19207,19647,20937,23681,(D),(D),(D),(D),(D),(D),(D),(D),(D),(D),(D),(D),52613,55453,54495,(D),(D),(D)
 "19141","O'Brien, IA",4,CAGDP2,45,"51","  Information ","Thousands of dollars",6501,6764,8143,8674,9517,9899,10231,10284,10305,9941,8684,8014,9213,9828,11079,11471,12212,11883,12759,12153,13331,13834
 "19141","O'Brien, IA",4,CAGDP2,50,"52,53","  Finance, insurance, real estate, rental, and leasing ","Thousands of dollars",69487,70149,75581,84178,93804,78543,88244,79553,89998,86786,103231,99232,109098,119628,115216,134058,132081,136213,127240,149174,143837,150428
 "19141","O'Brien, IA",4,CAGDP2,51,"52","   Finance and insurance ","Thousands of dollars",21389,24560,26669,30579,37119,34734,39257,26670,25488,25083,31771,36884,37967,46579,50588,58505,61765,63727,67539,72179,77223,77545
 "19141","O'Brien, IA",4,CAGDP2,56,"53","   Real estate and rental and leasing ","Thousands of dollars",48098,45589,48912,53599,56685,43808,48987,52883,64511,61703,71461,62347,71131,73049,64628,75554,70316,72486,59701,76995,66614,72883
 "19141","O'Brien, IA",4,CAGDP2,59,"54,55,56","  Professional and business services ","Thousands of dollars",10127,10381,10219,10263,10075,12084,13775,15013,14267,18987,(D),(D),(D),(D),(D),(D),23625,23144,23949,(D),(D),(D)
 "19141","O'Brien, IA",4,CAGDP2,60,"54","   Professional, scientific, and technical services ","Thousands of dollars",8497,8817,8553,8673,7912,8433,8991,10607,10061,11613,(D),(D),(D),(D),14980,15422,18022,18797,19628,20225,21628,23558
 "19141","O'Brien, IA",4,CAGDP2,64,"55","   Management of companies and enterprises ","Thousands of dollars",(D),0,0,0,0,0,0,0,0,0,(D),(D),(D),(D),(D),(D),(D),(D),(D),(D),(D),(D)
 "19141","O'Brien, IA",4,CAGDP2,65,"56","   Administrative and support and waste management and remediation services ","Thousands of dollars",(D),1565,1667,1590,2163,3651,4784,4405,4205,7374,9352,(D),(D),8552,(D),(D),(D),(D),(D),(D),(D),(D)
 "19141","O'Brien, IA",4,CAGDP2,68,"61,62","  Educational services, health care, and social assistance ","Thousands of dollars",34727,36558,38388,41237,43045,45414,45796,48853,51590,50802,52177,50520,53189,60249,63807,67033,69740,74358,73201,75267,77700,78718
 "19141","O'Brien, IA",4,CAGDP2,69,"61","   Educational services ","Thousands of dollars",1555,1595,1588,1653,1555,1536,1502,1676,1876,1874,1779,1937,1925,2163,2265,2385,2293,2377,2464,2289,2537,2676
 "19141","O'Brien, IA",4,CAGDP2,70,"62","   Health care and social assistance ","Thousands of dollars",33172,34963,36800,39584,41491,43878,44294,47177,49715,48928,50398,48583,51264,58086,61542,64647,67448,71981,70737,72978,75163,76042
 "19141","O'Brien, IA",4,CAGDP2,75,"71,72","  Arts, entertainment, recreation, accommodation, and food services ","Thousands of dollars",6197,6433,6320,6900,6618,6558,6420,6374,6752,6614,7187,7619,7216,7449,8670,8283,8573,9592,9637,7857,9663,10347
 "19141","O'Brien, IA",4,CAGDP2,76,"71","   Arts, entertainment, and recreation ","Thousands of dollars",984,1061,1119,1121,1087,1186,1317,1234,1184,1194,1304,1161,1022,897,837,879,863,874,940,803,1165,1285
 "19141","O'Brien, IA",4,CAGDP2,79,"72","   Accommodation and food services ","Thousands of dollars",5214,5372,5201,5780,5531,5373,5104,5139,5568,5420,5883,6458,6194,6553,7834,7404,7710,8718,8697,7054,8498,9062
 "19141","O'Brien, IA",4,CAGDP2,82,"81","  Other services (except government and government enterprises) ","Thousands of dollars",9232,10286,10254,10340,10546,10712,11200,11133,11591,11737,11846,13177,13756,15542,16970,17075,17109,17678,17887,16936,17944,18804
 "19141","O'Brien, IA",4,CAGDP2,83,"92","Government and government enterprises ","Thousands of dollars",41437,42641,44438,45782,46950,48628,50223,52102,55778,59118,58925,60035,61963,65443,67314,69143,70395,72528,74682,74670,74123,77096
 "19141","O'Brien, IA",4,CAGDP2,87,"11,21","Natural resources and mining ","Thousands of dollars",56918,59688,99771,119503,(D),(D),(D),(D),(D),(D),203250,231349,244453,267842,188774,188489,240430,218746,162664,129408,202933,318110
 "19141","O'Brien, IA",4,CAGDP2,88,"42,44-45","Trade ","Thousands of dollars",57259,58377,59210,61339,66061,65915,67050,74171,78002,81143,85150,90987,94622,98291,101517,108847,114929,121447,128165,126046,135116,144444
 "19141","O'Brien, IA",4,CAGDP2,89,"22,48-49","Transportation and utilities ","Thousands of dollars",20686,21216,22613,25720,(D),(D),(D),(D),(D),(D),(D),(D),(D),(D),(D),(D),161338,146128,145742,(D),(D),(D)
 "19141","O'Brien, IA",4,CAGDP2,90,"31-33,51","Manufacturing and information ","Thousands of dollars",52933,51917,49803,49283,47124,50126,53086,55700,52534,58765,68128,71749,87140,92850,104547,97539,98091,104337,98407,101197,105492,116074
 "19141","O'Brien, IA",4,CAGDP2,91,"...","Private goods-producing industries 2/","Thousands of dollars",114334,116419,153201,173249,(D),(D),(D),(D),(D),(D),282000,314265,340950,381664,331399,322256,347341,331765,269150,242250,316580,441100
 "19141","O'Brien, IA",4,CAGDP2,92,"...","Private services-providing industries 3/","Thousands of dollars",214216,220163,230729,248650,(D),(D),(D),(D),(D),(D),330031,332447,350904,382347,410019,506321,539609,540443,538580,573787,595535,644182
 "19143","Osceola, IA",4,CAGDP2,1,"...","All industry total ","Thousands of dollars",202259,202786,213327,263874,255308,360458,375982,351573,241114,300326,359061,367556,424540,475115,415047,368561,447181,453352,342443,330449,407806,552766
 "19143","Osceola, IA",4,CAGDP2,2,"..."," Private industries ","Thousands of dollars",187504,188204,198159,247910,238970,343388,358534,333604,222361,280510,339575,347447,404128,454736,394600,347182,425699,430875,318990,306580,383759,527482
 "19143","Osceola, IA",4,CAGDP2,3,"11","  Agriculture, forestry, fishing and hunting ","Thousands of dollars",54231,60245,61275,98523,83620,100070,130310,121384,58752,98294,133383,154052,182266,206254,145990,92355,183875,185447,101075,70867,142141,264998
 "19143","Osceola, IA",4,CAGDP2,6,"21","  Mining, quarrying, and oil and gas extraction ","Thousands of dollars",113,94,260,164,176,232,216,273,192,250,303,538,256,667,446,391,871,527,665,958,694,621
 "19143","Osceola, IA",4,CAGDP2,10,"22","  Utilities ","Thousands of dollars",2993,1417,1413,1582,1493,1638,1674,7236,2432,16300,17514,21590,20989,24037,22384,25031,23818,20886,22916,32422,30708,35933
 "19143","Osceola, IA",4,CAGDP2,11,"23","  Construction ","Thousands of dollars",7693,8009,10163,11013,11694,12657,9997,10023,10003,11315,12395,12756,11887,11241,10549,10516,11617,10100,10362,9696,9271,9176
 "19143","Osceola, IA",4,CAGDP2,12,"31-33","  Manufacturing ","Thousands of dollars",52975,47115,50452,56977,55674,135022,115535,90176,47049,47169,55688,52427,73844,84977,85115,77597,62675,64436,42469,38810,36608,41934
 "19143","Osceola, IA",4,CAGDP2,13,"321,327-339","   Durable goods manufacturing ","Thousands of dollars",8175,9760,11002,13921,14775,16044,15000,13395,6894,5108,8455,7016,10016,10010,9253,10263,7375,6167,4297,4754,4635,5726
 "19143","Osceola, IA",4,CAGDP2,25,"311-316,322-326","   Nondurable goods manufacturing ","Thousands of dollars",44800,37355,39449,43056,40899,118978,100535,76781,40155,42061,47232,45411,63828,74967,75862,67334,55300,58269,38172,34056,31973,36208
 "19143","Osceola, IA",4,CAGDP2,34,"42","  Wholesale trade ","Thousands of dollars",8017,8522,8969,9910,10167,13411,14147,16556,16901,16916,20140,18549,22591,21793,23718,24877,28326,32792,33928,32487,34857,38063
 "19143","Osceola, IA",4,CAGDP2,35,"44-45","  Retail trade ","Thousands of dollars",7524,8178,7641,7852,7519,7036,6493,6945,8311,8648,9485,9577,10495,10577,12634,14289,15764,16039,14607,(D),(D),(D)
 "19143","Osceola, IA",4,CAGDP2,36,"48-49","  Transportation and warehousing ","Thousands of dollars",9057,8546,10040,(D),14728,22447,19567,20935,14660,22231,18362,14634,11425,18349,15957,18340,18381,19799,14987,18536,26301,27910
 "19143","Osceola, IA",4,CAGDP2,45,"51","  Information ","Thousands of dollars",512,604,672,1522,1619,4404,5783,4036,2523,1864,5951,3421,5773,(D),4061,3621,2696,2066,1116,840,922,902
 "19143","Osceola, IA",4,CAGDP2,50,"52,53","  Finance, insurance, real estate, rental, and leasing ","Thousands of dollars",28040,28111,29390,30989,33424,26791,29694,29695,35935,33994,41554,38761,42508,45650,43536,50642,48740,49558,(D),50530,45665,(D)
 "19143","Osceola, IA",4,CAGDP2,51,"52","   Finance and insurance ","Thousands of dollars",(D),(D),(D),(D),(D),(D),(D),(D),8778,7992,(D),(D),(D),(D),(D),(D),19296,(D),(D),(D),(D),(D)
 "19143","Osceola, IA",4,CAGDP2,56,"53","   Real estate and rental and leasing ","Thousands of dollars",(D),(D),(D),(D),(D),(D),(D),(D),27157,26002,(D),(D),(D),(D),(D),(D),29444,(D),26287,(D),(D),31587
 "19143","Osceola, IA",4,CAGDP2,59,"54,55,56","  Professional and business services ","Thousands of dollars",1917,2077,2107,(D),2460,2756,4165,5741,5015,3997,4085,3264,3302,3607,4215,3926,4002,4388,7746,8245,8536,8984
 "19143","Osceola, IA",4,CAGDP2,60,"54","   Professional, scientific, and technical services ","Thousands of dollars",(D),(D),(D),(D),(D),(D),(D),(D),(D),(D),2727,(D),(D),(D),2968,3100,3192,3574,4078,3814,4370,4714
 "19143","Osceola, IA",4,CAGDP2,64,"55","   Management of companies and enterprises ","Thousands of dollars",0,0,0,0,0,0,0,0,0,0,(D),(D),(D),(D),(D),(D),(D),(D),(D),(D),(D),(D)
 "19143","Osceola, IA",4,CAGDP2,65,"56","   Administrative and support and waste management and remediation services ","Thousands of dollars",(D),(D),(D),(D),(D),(D),(D),(D),(D),(D),(D),261,373,392,(D),(D),(D),(D),(D),(D),(D),(D)
 "19143","Osceola, IA",4,CAGDP2,68,"61,62","  Educational services, health care, and social assistance ","Thousands of dollars",8404,9007,9715,9926,10012,10840,12051,11895,12727,12384,12796,11745,12265,14488,16725,17180,17529,17586,18458,20094,22348,22870
 "19143","Osceola, IA",4,CAGDP2,69,"61","   Educational services ","Thousands of dollars",(D),(D),(D),(D),(D),(D),(D),(D),(D),(D),(D),44,272,305,(D),833,332,179,16,1,2,1
 "19143","Osceola, IA",4,CAGDP2,70,"62","   Health care and social assistance ","Thousands of dollars",(D),(D),(D),(D),(D),(D),(D),(D),(D),(D),(D),11701,11993,14184,(D),16347,17197,17407,18442,20093,22346,22869
 "19143","Osceola, IA",4,CAGDP2,75,"71,72","  Arts, entertainment, recreation, accommodation, and food services ","Thousands of dollars",1952,1872,1780,2171,2358,2039,4963,4448,3257,2467,3024,1651,2714,(D),5380,4149,2839,2755,(D),(D),(D),2733
 "19143","Osceola, IA",4,CAGDP2,76,"71","   Arts, entertainment, and recreation ","Thousands of dollars",(D),(D),433,(D),(D),(D),(D),(D),(D),(D),(D),(D),(D),(D),(D),(D),(D),(D),(D),(D),(D),(D)
 "19143","Osceola, IA",4,CAGDP2,79,"72","   Accommodation and food services ","Thousands of dollars",(D),(D),1347,(D),(D),(D),(D),(D),(D),(D),(D),(D),(D),(D),(D),(D),(D),(D),(D),(D),(D),(D)
 "19143","Osceola, IA",4,CAGDP2,82,"81","  Other services (except government and government enterprises) ","Thousands of dollars",4078,4406,4282,4443,4025,4048,3939,4263,4604,4680,4893,4483,3814,3550,3891,4269,4567,4494,4919,5230,6424,7043
 "19143","Osceola, IA",4,CAGDP2,83,"92","Government and government enterprises ","Thousands of dollars",14755,14582,15168,15964,16338,17069,17448,17969,18753,19816,19485,20109,20412,20379,20447,21379,21481,22477,23453,23869,24047,25284
 "19143","Osceola, IA",4,CAGDP2,87,"11,21","Natural resources and mining ","Thousands of dollars",54344,60339,61535,98688,83796,100301,130526,121657,58944,98544,133687,154589,182522,206921,146436,92746,184746,185975,101740,71825,142834,265620
 "19143","Osceola, IA",4,CAGDP2,88,"42,44-45","Trade ","Thousands of dollars",15540,16700,16610,17762,17686,20447,20640,23501,25212,25564,29626,28125,33085,32370,36352,39165,44090,48831,48535,(D),(D),(D)
 "19143","Osceola, IA",4,CAGDP2,89,"22,48-49","Transportation and utilities ","Thousands of dollars",12050,9963,11452,(D),16221,24085,21241,28171,17092,38531,35876,36224,32415,42386,38342,43371,42199,40685,37903,50958,57009,63843
 "19143","Osceola, IA",4,CAGDP2,90,"31-33,51","Manufacturing and information ","Thousands of dollars",53487,47720,51124,58499,57293,139426,121318,94211,49571,49032,61639,55848,79616,(D),89176,81218,65371,66503,43585,39649,37530,42836
 "19143","Osceola, IA",4,CAGDP2,91,"...","Private goods-producing industries 2/","Thousands of dollars",115012,115463,122150,166677,151165,247980,256058,221855,115997,157028,201770,219773,268253,303140,242099,180858,259038,260511,154571,120331,188713,316730
 "19143","Osceola, IA",4,CAGDP2,92,"...","Private services-providing industries 3/","Thousands of dollars",72493,72741,76009,81233,87805,95408,102476,111749,106365,123482,137805,127674,135875,151597,152501,166324,166662,170364,164420,186249,195046,210752
 "19145","Page, IA",4,CAGDP2,1,"...","All industry total ","Thousands of dollars",366961,359112,386606,443989,445553,466127,461787,498700,529948,505340,511659,561027,585176,579755,586237,594311,608111,618681,644439,624708,732723,793559
 "19145","Page, IA",4,CAGDP2,2,"..."," Private industries ","Thousands of dollars",298632,290847,315404,370183,364457,381801,373590,408038,435403,410390,418386,465276,485501,476399,483384,490725,504472,512593,533585,506316,612280,664755
 "19145","Page, IA",4,CAGDP2,3,"11","  Agriculture, forestry, fishing and hunting ","Thousands of dollars",26261,17476,36026,67905,43122,38494,30402,32949,74205,43354,36865,75232,68078,41991,42582,52149,42707,35338,60101,41098,114216,140006
 "19145","Page, IA",4,CAGDP2,6,"21","  Mining, quarrying, and oil and gas extraction ","Thousands of dollars",729,1025,640,1048,516,1168,1352,610,1343,1538,1524,1764,2573,1200,1270,1237,1812,2209,2339,3325,3849,2011
 "19145","Page, IA",4,CAGDP2,10,"22","  Utilities ","Thousands of dollars",3576,3358,3389,3537,4805,6511,5709,10688,7605,5612,2561,2325,2679,2873,2992,3278,3243,3756,4048,5499,5736,5021
 "19145","Page, IA",4,CAGDP2,11,"23","  Construction ","Thousands of dollars",8652,10512,9271,11354,10851,14498,16423,11747,14202,15507,14962,17289,19294,19221,18435,18560,16813,15042,16345,16540,17086,19272
 "19145","Page, IA",4,CAGDP2,12,"31-33","  Manufacturing ","Thousands of dollars",89028,79517,80456,84930,84633,91828,95047,110266,94196,93792,99093,93976,109101,108528,109286,96113,124171,130301,120248,111321,113330,129254
 "19145","Page, IA",4,CAGDP2,13,"321,327-339","   Durable goods manufacturing ","Thousands of dollars",63277,54406,58448,65108,67388,70858,75803,(D),(D),(D),(D),(D),67022,70330,77165,66475,77585,80869,80001,69460,65643,74069
 "19145","Page, IA",4,CAGDP2,25,"311-316,322-326","   Nondurable goods manufacturing ","Thousands of dollars",25751,25111,22007,19823,17245,20970,19244,(D),(D),(D),(D),(D),42079,38198,32120,29638,46586,49432,40247,41861,47687,55185
 "19145","Page, IA",4,CAGDP2,34,"42","  Wholesale trade ","Thousands of dollars",10474,10747,10470,12018,15747,17145,20786,21790,22593,25386,25662,29099,31708,33759,33553,31955,29576,31507,31494,30856,34818,35311
 "19145","Page, IA",4,CAGDP2,35,"44-45","  Retail trade ","Thousands of dollars",23061,22828,23737,22998,28707,29511,26647,25661,32736,34718,35735,37057,34891,39079,41672,42035,41811,37909,39737,48912,63211,65647
 "19145","Page, IA",4,CAGDP2,36,"48-49","  Transportation and warehousing ","Thousands of dollars",3940,3728,4995,6938,6703,7311,8004,6760,6651,7352,7145,6804,6581,8153,9098,9023,10779,9571,12347,10838,12719,14175
 "19145","Page, IA",4,CAGDP2,45,"51","  Information ","Thousands of dollars",5013,5030,5536,5970,6623,6789,6630,7961,8544,9116,8682,8362,9230,8595,8791,9100,8955,9419,10286,9284,9522,10172
 "19145","Page, IA",4,CAGDP2,50,"52,53","  Finance, insurance, real estate, rental, and leasing ","Thousands of dollars",59470,63269,68509,72940,80905,85306,78127,85736,85792,84255,92070,96174,103075,112944,112092,120992,113080,122025,121405,118783,121202,123474
 "19145","Page, IA",4,CAGDP2,51,"52","   Finance and insurance ","Thousands of dollars",15883,18749,19660,19893,22352,22001,23110,19366,19461,18546,24017,27193,28026,32499,34002,37313,38453,39570,40003,39804,41818,42736
 "19145","Page, IA",4,CAGDP2,56,"53","   Real estate and rental and leasing ","Thousands of dollars",43587,44519,48849,53047,58553,63305,55017,66371,66332,65709,68053,68981,75049,80445,78090,83680,74627,82455,81402,78978,79383,80738
 "19145","Page, IA",4,CAGDP2,59,"54,55,56","  Professional and business services ","Thousands of dollars",17967,19947,19311,25464,24581,24436,23985,29273,20763,22097,22813,22651,23803,24039,22359,19811,21693,21939,21224,20877,25147,30573
 "19145","Page, IA",4,CAGDP2,60,"54","   Professional, scientific, and technical services ","Thousands of dollars",(D),(D),(D),(D),(D),(D),(D),(D),(D),(D),(D),(D),(D),(D),(D),(D),(D),(D),(D),(D),(D),(D)
 "19145","Page, IA",4,CAGDP2,64,"55","   Management of companies and enterprises ","Thousands of dollars",(D),(D),(D),(D),(D),(D),(D),(D),(D),(D),(D),(D),(D),(D),(D),(D),(D),(D),(D),(D),(D),(D)
 "19145","Page, IA",4,CAGDP2,65,"56","   Administrative and support and waste management and remediation services ","Thousands of dollars",5154,7173,6430,11403,12656,12975,12490,16574,8285,9749,11133,10432,11529,11653,9548,6932,8828,8699,7978,7232,10575,14783
 "19145","Page, IA",4,CAGDP2,68,"61,62","  Educational services, health care, and social assistance ","Thousands of dollars",32959,35190,35659,38244,39990,41071,42841,46511,47947,47167,48762,50919,52237,54234,58503,63206,66160,68639,66975,65790,64960,62521
 "19145","Page, IA",4,CAGDP2,69,"61","   Educational services ","Thousands of dollars",132,(D),(D),(D),(D),(D),(D),(D),(D),(D),(D),(D),(D),(D),(D),(D),(D),(D),(D),(D),191,(D)
 "19145","Page, IA",4,CAGDP2,70,"62","   Health care and social assistance ","Thousands of dollars",32827,(D),(D),(D),(D),(D),(D),(D),(D),(D),(D),(D),(D),(D),(D),(D),(D),(D),(D),(D),64770,(D)
 "19145","Page, IA",4,CAGDP2,75,"71,72","  Arts, entertainment, recreation, accommodation, and food services ","Thousands of dollars",7372,7175,6954,6739,6906,7190,7639,8296,8714,9348,9937,9972,8927,9034,9698,9885,9782,10876,12757,9857,12517,13338
 "19145","Page, IA",4,CAGDP2,76,"71","   Arts, entertainment, and recreation ","Thousands of dollars",692,744,676,739,906,979,932,943,1011,998,999,919,863,899,915,958,950,924,963,697,1108,1246
 "19145","Page, IA",4,CAGDP2,79,"72","   Accommodation and food services ","Thousands of dollars",6680,6431,6278,6000,6000,6211,6707,7354,7704,8349,8938,9052,8065,8136,8783,8927,8832,9952,11794,9160,11409,12092
 "19145","Page, IA",4,CAGDP2,82,"81","  Other services (except government and government enterprises) ","Thousands of dollars",10130,11045,10453,10099,10368,10544,9997,9790,10111,11149,12573,13651,13325,12748,13053,13380,13890,14061,14276,13335,13967,13980
 "19145","Page, IA",4,CAGDP2,83,"92","Government and government enterprises ","Thousands of dollars",68329,68265,71202,73806,81096,84326,88197,90662,94546,94950,93273,95751,99674,103356,102853,103586,103639,106089,110854,118392,120443,128803
 "19145","Page, IA",4,CAGDP2,87,"11,21","Natural resources and mining ","Thousands of dollars",26990,18501,36665,68953,43638,39661,31754,33559,75548,44891,38389,76996,70651,43191,43852,53386,44519,37547,62441,44423,118065,142017
 "19145","Page, IA",4,CAGDP2,88,"42,44-45","Trade ","Thousands of dollars",33535,33575,34207,35016,44454,46656,47433,47451,55329,60103,61398,66156,66598,72837,75225,73990,71387,69416,71231,79768,98029,100959
 "19145","Page, IA",4,CAGDP2,89,"22,48-49","Transportation and utilities ","Thousands of dollars",7516,7086,8384,10475,11508,13822,13713,17448,14256,12964,9706,9129,9260,11026,12090,12301,14022,13327,16396,16338,18455,19195
 "19145","Page, IA",4,CAGDP2,90,"31-33,51","Manufacturing and information ","Thousands of dollars",94041,84547,85991,90900,91256,98617,101677,118227,102739,102908,107775,102338,118331,117123,118077,105213,133127,139720,130534,120605,122852,139426
 "19145","Page, IA",4,CAGDP2,91,"...","Private goods-producing industries 2/","Thousands of dollars",124670,108530,126392,165238,139122,145987,143224,155572,183946,154191,152445,188261,199046,170941,171573,168060,185503,182890,199034,172284,248481,290544
 "19145","Page, IA",4,CAGDP2,92,"...","Private services-providing industries 3/","Thousands of dollars",173962,182317,189012,204945,225335,235813,230366,252466,251457,256199,265941,277015,286456,305458,311811,322665,318969,329703,334551,334031,363799,374212
 "19147","Palo Alto, IA",4,CAGDP2,1,"...","All industry total ","Thousands of dollars",240045,240770,272678,323512,329628,429916,484090,459545,376630,386976,474886,507166,574052,604560,586260,537772,588624,611318,512035,471249,610279,771463
 "19147","Palo Alto, IA",4,CAGDP2,2,"..."," Private industries ","Thousands of dollars",199802,199554,230510,280902,285530,383603,436618,411339,325036,331636,418667,449901,517246,545023,523477,472613,522468,544458,443335,401410,539493,697378
 "19147","Palo Alto, IA",4,CAGDP2,3,"11","  Agriculture, forestry, fishing and hunting ","Thousands of dollars",48979,46742,68832,105033,93269,94240,135161,125617,83454,96143,156561,185447,210329,198698,169915,109182,156899,186730,121043,50651,162767,285133
 "19147","Palo Alto, IA",4,CAGDP2,6,"21","  Mining, quarrying, and oil and gas extraction ","Thousands of dollars",0,176,0,0,0,0,0,0,0,0,0,0,0,0,0,0,0,0,0,0,0,0
 "19147","Palo Alto, IA",4,CAGDP2,10,"22","  Utilities ","Thousands of dollars",997,1171,1210,1223,1158,1257,1597,2794,1404,3863,4040,4096,4095,4222,4086,4492,4283,4062,4464,47348,69355,80045
 "19147","Palo Alto, IA",4,CAGDP2,11,"23","  Construction ","Thousands of dollars",4527,4697,4121,4898,5966,7440,7508,6615,7451,8426,8378,5239,7952,11918,11588,12954,12108,16173,13312,12078,13457,15903
 "19147","Palo Alto, IA",4,CAGDP2,12,"31-33","  Manufacturing ","Thousands of dollars",25864,25096,29418,37521,47847,141700,139619,117343,62767,57300,57754,62553,82661,106251,116284,116778,122381,118463,92001,73138,78353,89627
 "19147","Palo Alto, IA",4,CAGDP2,13,"321,327-339","   Durable goods manufacturing ","Thousands of dollars",(D),(D),16962,21515,25767,28343,36812,38559,24184,19829,17121,20985,22504,25986,30380,34979,33254,30159,26198,24574,27429,31779
 "19147","Palo Alto, IA",4,CAGDP2,25,"311-316,322-326","   Nondurable goods manufacturing ","Thousands of dollars",(D),(D),12456,16005,22080,113357,102807,78784,38583,37471,40633,41567,60157,80265,85904,81799,89126,88304,65803,48564,50924,57848
 "19147","Palo Alto, IA",4,CAGDP2,34,"42","  Wholesale trade ","Thousands of dollars",17161,18720,17594,18097,16947,19134,19002,20108,20636,22143,26414,28407,33679,35179,38549,37399,37156,35373,33999,33892,35903,34469
 "19147","Palo Alto, IA",4,CAGDP2,35,"44-45","  Retail trade ","Thousands of dollars",16017,16093,16808,16342,14427,13851,14628,15784,16313,17073,18706,19122,18776,18550,19162,20288,18602,18022,18467,20250,21911,22828
 "19147","Palo Alto, IA",4,CAGDP2,36,"48-49","  Transportation and warehousing ","Thousands of dollars",6374,6082,8623,11244,13380,12600,10697,15698,14934,14629,18600,17284,18855,19171,16377,16960,21929,18955,19374,18595,20988,23451
 "19147","Palo Alto, IA",4,CAGDP2,45,"51","  Information ","Thousands of dollars",6366,6434,6787,6906,7847,9713,10884,9304,9599,9429,12755,11350,14325,13478,12080,11646,12878,11131,10641,8780,8691,8775
 "19147","Palo Alto, IA",4,CAGDP2,50,"52,53","  Finance, insurance, real estate, rental, and leasing ","Thousands of dollars",43837,43410,46122,46824,49645,41091,46114,46301,56201,53450,64473,60452,66903,72675,68604,78382,76398,78510,71808,83163,73393,78967
 "19147","Palo Alto, IA",4,CAGDP2,51,"52","   Finance and insurance ","Thousands of dollars",11506,13518,(D),(D),(D),(D),17603,15168,15052,14215,18228,20535,21359,26154,27041,30566,32135,32534,32809,32080,30981,32809
 "19147","Palo Alto, IA",4,CAGDP2,56,"53","   Real estate and rental and leasing ","Thousands of dollars",32330,29891,(D),(D),(D),(D),28511,31133,41149,39235,46245,39917,45545,46522,41563,47816,44263,45977,38998,51083,42412,46158
 "19147","Palo Alto, IA",4,CAGDP2,59,"54,55,56","  Professional and business services ","Thousands of dollars",5696,5636,5973,6132,5445,5777,6691,6829,6490,6435,6307,8556,7706,8775,8930,8878,8333,8302,8467,8484,8179,8762
 "19147","Palo Alto, IA",4,CAGDP2,60,"54","   Professional, scientific, and technical services ","Thousands of dollars",(D),(D),(D),(D),2543,2840,3310,3612,3123,2984,2794,2591,2530,3607,4406,4440,3792,3379,3307,3317,(D),3521
 "19147","Palo Alto, IA",4,CAGDP2,64,"55","   Management of companies and enterprises ","Thousands of dollars",(D),(D),(D),(D),(D),(D),(D),(D),(D),(D),(D),4335,3413,3520,3012,3096,3104,3114,3254,3650,(D),3477
 "19147","Palo Alto, IA",4,CAGDP2,65,"56","   Administrative and support and waste management and remediation services ","Thousands of dollars",1581,1573,1619,(D),(D),(D),(D),(D),(D),(D),(D),1631,1763,1648,1512,1342,1437,1809,1905,1518,1879,1763
 "19147","Palo Alto, IA",4,CAGDP2,68,"61,62","  Educational services, health care, and social assistance ","Thousands of dollars",14320,14586,14839,15837,16751,17214,17139,17119,17523,17158,17790,18164,19761,21039,21835,22598,21154,20438,21178,21326,21339,22132
 "19147","Palo Alto, IA",4,CAGDP2,69,"61","   Educational services ","Thousands of dollars",(D),(D),(D),(D),(D),(D),(D),(D),(D),1902,(D),(D),(D),(D),(D),(D),(D),(D),(D),(D),(D),(D)
 "19147","Palo Alto, IA",4,CAGDP2,70,"62","   Health care and social assistance ","Thousands of dollars",(D),(D),(D),(D),(D),(D),(D),(D),(D),15255,(D),(D),(D),(D),(D),(D),(D),(D),(D),(D),(D),(D)
 "19147","Palo Alto, IA",4,CAGDP2,75,"71,72","  Arts, entertainment, recreation, accommodation, and food services ","Thousands of dollars",3896,4277,4159,4654,5938,12494,20540,20121,19168,18947,20314,22053,24202,26740,27861,24274,20617,18858,17805,13371,16865,18439
 "19147","Palo Alto, IA",4,CAGDP2,76,"71","   Arts, entertainment, and recreation ","Thousands of dollars",891,1042,839,865,515,120,2793,(D),(D),1559,(D),1898,2767,4448,3786,2685,1511,1339,1358,789,1300,1458
 "19147","Palo Alto, IA",4,CAGDP2,79,"72","   Accommodation and food services ","Thousands of dollars",3005,3235,3319,3789,5423,12374,17747,(D),(D),17388,(D),20155,21435,22293,24075,21589,19106,17519,16446,12582,15565,16981
 "19147","Palo Alto, IA",4,CAGDP2,82,"81","  Other services (except government and government enterprises) ","Thousands of dollars",5770,6434,6024,6194,6909,7092,7038,7707,9095,6640,6575,7179,8004,8327,8207,8782,9731,9440,10778,10334,8293,8848
 "19147","Palo Alto, IA",4,CAGDP2,83,"92","Government and government enterprises ","Thousands of dollars",40242,41215,42168,42609,44098,46313,47472,48206,51594,55340,56219,57265,56806,59537,62782,65159,66155,66859,68700,69838,70785,74085
 "19147","Palo Alto, IA",4,CAGDP2,87,"11,21","Natural resources and mining ","Thousands of dollars",48979,46918,68832,105033,93269,94240,135161,125617,83454,96143,156561,185447,210329,198698,169915,109182,156899,186730,121043,50651,162767,285133
 "19147","Palo Alto, IA",4,CAGDP2,88,"42,44-45","Trade ","Thousands of dollars",33178,34813,34402,34439,31374,32985,33630,35892,36950,39216,45121,47529,52454,53729,57711,57688,55758,53395,52466,54142,57814,57297
 "19147","Palo Alto, IA",4,CAGDP2,89,"22,48-49","Transportation and utilities ","Thousands of dollars",7371,7254,9834,12466,14538,13857,12294,18492,16338,18492,22640,21380,22950,23392,20463,21452,26212,23017,23838,65943,90342,103495
 "19147","Palo Alto, IA",4,CAGDP2,90,"31-33,51","Manufacturing and information ","Thousands of dollars",32229,31530,36206,44426,55694,151413,150503,126647,72366,66730,70509,73902,96986,119729,128364,128424,135258,129594,102642,81919,87044,98402
 "19147","Palo Alto, IA",4,CAGDP2,91,"...","Private goods-producing industries 2/","Thousands of dollars",79370,76712,102371,147451,147082,243380,282289,249575,153672,161869,222692,253239,300942,316867,297787,238914,291388,321366,226356,135867,254577,390664
 "19147","Palo Alto, IA",4,CAGDP2,92,"...","Private services-providing industries 3/","Thousands of dollars",120433,122843,128140,133451,138447,140223,154330,161764,171363,169767,195975,196662,216305,228156,225691,233698,231080,223093,216979,265543,284916,306714
 "19149","Plymouth, IA",4,CAGDP2,1,"...","All industry total ","Thousands of dollars",698259,741531,820048,916826,896183,921966,992603,1071870,1078068,1140206,1153571,1223519,1275299,1313593,1319723,1416067,1476003,1503645,1450884,1411043,1634576,1896804
 "19149","Plymouth, IA",4,CAGDP2,2,"..."," Private industries ","Thousands of dollars",639130,679563,754747,848105,823193,844773,912824,987656,987792,1045431,1058887,1126468,1174652,1206659,1209434,1299429,1356116,1378515,1323422,1279376,1500607,1753420
 "19149","Plymouth, IA",4,CAGDP2,3,"11","  Agriculture, forestry, fishing and hunting ","Thousands of dollars",75608,78697,98965,158027,120295,113719,120953,207837,158948,223210,259136,262085,286712,275141,202260,233201,310872,282224,194239,130596,288817,460090
 "19149","Plymouth, IA",4,CAGDP2,6,"21","  Mining, quarrying, and oil and gas extraction ","Thousands of dollars",1682,2096,2049,1889,2644,3487,3093,3300,2916,3479,4150,5032,4002,5938,3191,2702,3880,3314,3701,1569,1603,694
 "19149","Plymouth, IA",4,CAGDP2,10,"22","  Utilities ","Thousands of dollars",7124,7324,7085,7374,7480,8012,8096,8257,8102,8022,7843,7589,8163,8318,8487,8979,9364,10016,10600,10148,9732,9607
 "19149","Plymouth, IA",4,CAGDP2,11,"23","  Construction ","Thousands of dollars",23243,23953,24735,24135,24924,26051,32579,30239,23360,25875,30161,34944,35611,38153,47704,45819,47693,47230,46058,43953,45688,49939
 "19149","Plymouth, IA",4,CAGDP2,12,"31-33","  Manufacturing ","Thousands of dollars",224080,251825,292860,307362,296183,302755,286021,287656,324263,291659,260738,257613,271295,266270,339247,361858,321855,352682,360757,383867,385656,385027
 "19149","Plymouth, IA",4,CAGDP2,13,"321,327-339","   Durable goods manufacturing ","Thousands of dollars",(D),(D),(D),(D),(D),(D),(D),(D),17240,18631,18189,23173,20711,23574,27784,25063,27835,26754,24414,24802,25042,30563
 "19149","Plymouth, IA",4,CAGDP2,25,"311-316,322-326","   Nondurable goods manufacturing ","Thousands of dollars",(D),(D),(D),(D),(D),(D),(D),(D),307022,273028,242549,234439,250584,242697,311463,336795,294019,325928,336344,359065,360614,354463
 "19149","Plymouth, IA",4,CAGDP2,34,"42","  Wholesale trade ","Thousands of dollars",44757,45526,45956,48949,53291,53693,54027,50593,47691,52512,47332,56098,66109,65117,61214,58568,56508,55915,60861,60134,64744,(D)
 "19149","Plymouth, IA",4,CAGDP2,35,"44-45","  Retail trade ","Thousands of dollars",39903,40051,43025,43938,44744,46319,45010,46268,46227,48769,49912,51051,52388,53143,55477,58480,62795,67006,70506,74013,78355,81364
 "19149","Plymouth, IA",4,CAGDP2,36,"48-49","  Transportation and warehousing ","Thousands of dollars",43778,45865,48775,58839,65887,71868,81594,83332,88726,88525,91734,97876,99165,108273,114281,121760,127191,135511,125783,125791,134169,151220
 "19149","Plymouth, IA",4,CAGDP2,45,"51","  Information ","Thousands of dollars",6966,8425,10050,13252,11987,12498,12960,14008,17560,20486,17780,16592,16054,13829,14563,16270,17950,16797,19114,22614,53187,63938
 "19149","Plymouth, IA",4,CAGDP2,50,"52,53","  Finance, insurance, real estate, rental, and leasing ","Thousands of dollars",97561,96341,101815,104099,111276,116434,132227,114390,111155,124179,129342,164375,156000,189960,180772,200241,196680,207542,215939,220632,216813,(D)
 "19149","Plymouth, IA",4,CAGDP2,51,"52","   Finance and insurance ","Thousands of dollars",33217,38898,42187,45727,52376,48826,52761,42633,42732,42542,51663,58692,59766,71077,77822,88514,90069,88333,86294,83746,(D),91190
 "19149","Plymouth, IA",4,CAGDP2,56,"53","   Real estate and rental and leasing ","Thousands of dollars",64344,57443,59628,58371,58900,67609,79466,71757,68422,81637,77679,105684,96234,118883,102950,111727,106610,119209,129646,136887,(D),(D)
 "19149","Plymouth, IA",4,CAGDP2,59,"54,55,56","  Professional and business services ","Thousands of dollars",14253,15372,16554,17803,18808,21910,65658,69809,83828,81331,82272,89376,94132,94547,89016,95114,104085,98550,110281,103406,108497,128778
 "19149","Plymouth, IA",4,CAGDP2,60,"54","   Professional, scientific, and technical services ","Thousands of dollars",7873,8562,9479,11008,13938,16263,17920,20103,18203,18112,18276,15336,(D),14218,(D),(D),(D),(D),(D),(D),(D),(D)
 "19149","Plymouth, IA",4,CAGDP2,64,"55","   Management of companies and enterprises ","Thousands of dollars",(D),(D),(D),(D),(D),(D),(D),(D),(D),(D),(D),(D),(D),72031,(D),(D),(D),(D),(D),(D),(D),(D)
 "19149","Plymouth, IA",4,CAGDP2,65,"56","   Administrative and support and waste management and remediation services ","Thousands of dollars",(D),(D),(D),(D),(D),(D),(D),(D),(D),(D),(D),(D),8623,8298,12995,15116,18668,22929,25019,28125,30224,32278
 "19149","Plymouth, IA",4,CAGDP2,68,"61,62","  Educational services, health care, and social assistance ","Thousands of dollars",31825,33465,32613,33245,33455,34502,36365,38412,40756,41046,40799,42963,42562,43275,45162,47537,47687,49187,49921,50488,51247,54293
 "19149","Plymouth, IA",4,CAGDP2,69,"61","   Educational services ","Thousands of dollars",5665,5462,4681,5065,4501,4464,4871,5234,5827,5638,5680,5888,5810,6151,5763,6092,(D),(D),(D),(D),6401,6625
 "19149","Plymouth, IA",4,CAGDP2,70,"62","   Health care and social assistance ","Thousands of dollars",26160,28003,27932,28179,28953,30038,31494,33178,34929,35409,35118,37074,36752,37123,39398,41445,(D),(D),(D),(D),44846,47668
 "19149","Plymouth, IA",4,CAGDP2,75,"71,72","  Arts, entertainment, recreation, accommodation, and food services ","Thousands of dollars",12157,13344,12921,12514,13582,14780,15457,15403,15238,15434,16525,18008,18425,19338,21599,21809,21450,22195,23077,19469,25433,27109
 "19149","Plymouth, IA",4,CAGDP2,76,"71","   Arts, entertainment, and recreation ","Thousands of dollars",987,1173,1314,1484,1519,1480,1688,1829,1890,1962,2527,2618,2810,3154,3307,3499,3610,3882,4249,3169,5101,5291
 "19149","Plymouth, IA",4,CAGDP2,79,"72","   Accommodation and food services ","Thousands of dollars",11170,12172,11607,11029,12063,13300,13769,13574,13349,13472,13997,15390,15616,16184,18292,18310,17840,18313,18828,16300,20332,21818
 "19149","Plymouth, IA",4,CAGDP2,82,"81","  Other services (except government and government enterprises) ","Thousands of dollars",16192,17278,17345,16678,18638,18745,18784,18152,19023,20905,21163,22867,24035,25359,26461,27089,28106,30346,32585,32696,36667,39765
 "19149","Plymouth, IA",4,CAGDP2,83,"92","Government and government enterprises ","Thousands of dollars",59129,61968,65302,68721,72989,77193,79779,84214,90275,94775,94684,97051,100647,106933,110289,116639,119887,125129,127462,131667,133969,143383
 "19149","Plymouth, IA",4,CAGDP2,87,"11,21","Natural resources and mining ","Thousands of dollars",77290,80793,101014,159917,122938,117206,124046,211137,161865,226688,263286,267116,290714,281079,205451,235903,314752,285538,197939,132165,290420,460784
 "19149","Plymouth, IA",4,CAGDP2,88,"42,44-45","Trade ","Thousands of dollars",84660,85577,88981,92888,98035,100012,99037,96860,93918,101281,97244,107149,118496,118260,116691,117049,119303,122921,131366,134147,143099,(D)
 "19149","Plymouth, IA",4,CAGDP2,89,"22,48-49","Transportation and utilities ","Thousands of dollars",50902,53188,55861,66213,73367,79881,89689,91589,96827,96547,99577,105465,107328,116591,122768,130739,136554,145527,136382,135938,143901,160826
 "19149","Plymouth, IA",4,CAGDP2,90,"31-33,51","Manufacturing and information ","Thousands of dollars",231046,260250,302909,320614,308170,315252,298980,301664,341823,312145,278518,274205,287349,280099,353810,378128,339805,369478,379872,406481,438843,448964
 "19149","Plymouth, IA",4,CAGDP2,91,"...","Private goods-producing industries 2/","Thousands of dollars",324612,356572,418608,491413,444046,446012,442646,529032,509487,544222,554185,559673,597620,585502,592403,643581,684300,685450,604755,559985,721764,895749
 "19149","Plymouth, IA",4,CAGDP2,92,"...","Private services-providing industries 3/","Thousands of dollars",314517,322992,336139,356692,379148,398761,470178,458624,478305,501210,504702,566795,577032,621157,617031,655848,671815,693065,718667,719390,778843,857671
 "19151","Pocahontas, IA",4,CAGDP2,1,"...","All industry total ","Thousands of dollars",193108,225858,233148,273643,259460,271434,285030,369346,353015,326888,407737,468366,550761,559112,610512,610207,493271,535209,538492,482054,586162,693254
 "19151","Pocahontas, IA",4,CAGDP2,2,"..."," Private industries ","Thousands of dollars",168336,200028,205518,246986,231965,242082,252942,336404,317814,290478,373115,432586,513773,521632,571606,570385,452915,493403,495814,438369,542775,648185
 "19151","Pocahontas, IA",4,CAGDP2,3,"11","  Agriculture, forestry, fishing and hunting ","Thousands of dollars",39431,68167,71082,102581,73932,76210,88205,136572,117121,87143,155775,178390,257774,216724,267435,264248,134460,155950,127544,68893,160141,230629
 "19151","Pocahontas, IA",4,CAGDP2,6,"21","  Mining, quarrying, and oil and gas extraction ","Thousands of dollars",2954,3829,3402,3788,3757,4948,5406,6499,5086,6246,6115,7053,5438,5570,5065,4672,5671,6027,8267,9923,11393,8698
 "19151","Pocahontas, IA",4,CAGDP2,10,"22","  Utilities ","Thousands of dollars",468,1833,1815,1693,2960,6413,5502,32349,38402,34038,28707,43695,42786,45541,43983,49018,45447,35911,39221,47431,53531,72858
 "19151","Pocahontas, IA",4,CAGDP2,11,"23","  Construction ","Thousands of dollars",4770,4982,4146,4364,4599,4981,4950,18496,12257,8285,25334,16050,14535,30493,25820,35521,36479,55205,62955,35612,23721,29103
 "19151","Pocahontas, IA",4,CAGDP2,12,"31-33","  Manufacturing ","Thousands of dollars",40579,40613,39008,46269,51755,50374,44783,37431,28115,34233,34292,52911,48685,73283,69060,54297,64121,63659,72578,83178,85282,87066
 "19151","Pocahontas, IA",4,CAGDP2,13,"321,327-339","   Durable goods manufacturing ","Thousands of dollars",(D),(D),(D),(D),(D),(D),(D),(D),(D),(D),(D),52702,(D),73104,68903,54129,63870,63533,72554,83105,84389,(D)
 "19151","Pocahontas, IA",4,CAGDP2,25,"311-316,322-326","   Nondurable goods manufacturing ","Thousands of dollars",(D),(D),(D),(D),(D),(D),(D),(D),(D),(D),(D),208,(D),179,157,168,251,126,24,73,892,(D)
 "19151","Pocahontas, IA",4,CAGDP2,34,"42","  Wholesale trade ","Thousands of dollars",12149,10864,10960,11963,(D),(D),(D),16899,17663,19215,(D),(D),(D),26801,28666,(D),(D),(D),(D),(D),(D),(D)
 "19151","Pocahontas, IA",4,CAGDP2,35,"44-45","  Retail trade ","Thousands of dollars",8958,9347,9516,9238,11000,11712,12006,11048,12068,13718,13636,14689,15155,15713,15994,16174,15023,14812,16340,20467,27636,28193
 "19151","Pocahontas, IA",4,CAGDP2,36,"48-49","  Transportation and warehousing ","Thousands of dollars",(D),(D),(D),(D),(D),12416,(D),10782,16854,16579,(D),22967,27902,27632,29927,33126,31435,35251,39755,40737,43549,47336
 "19151","Pocahontas, IA",4,CAGDP2,45,"51","  Information ","Thousands of dollars",4267,4545,5167,5701,6216,6360,6757,6703,6863,7235,6252,5359,5529,5544,(D),6843,(D),(D),9277,7486,8039,8195
 "19151","Pocahontas, IA",4,CAGDP2,50,"52,53","  Finance, insurance, real estate, rental, and leasing ","Thousands of dollars",32976,32822,35123,35265,37789,34734,38663,38560,41398,41440,44726,47784,48110,50918,54460,50411,52042,55780,(D),56612,55999,(D)
 "19151","Pocahontas, IA",4,CAGDP2,51,"52","   Finance and insurance ","Thousands of dollars",10121,11611,11778,(D),(D),(D),(D),(D),(D),(D),(D),(D),(D),(D),(D),(D),(D),(D),(D),(D),24198,(D)
 "19151","Pocahontas, IA",4,CAGDP2,56,"53","   Real estate and rental and leasing ","Thousands of dollars",22855,21211,23345,(D),(D),(D),(D),(D),(D),(D),(D),(D),(D),(D),(D),(D),(D),(D),31493,(D),31801,31444
 "19151","Pocahontas, IA",4,CAGDP2,59,"54,55,56","  Professional and business services ","Thousands of dollars",(D),(D),(D),(D),3043,(D),3496,3813,3981,3749,4155,4128,(D),4797,5166,5238,5869,6213,(D),5495,5195,5768
 "19151","Pocahontas, IA",4,CAGDP2,60,"54","   Professional, scientific, and technical services ","Thousands of dollars",2433,(D),(D),(D),(D),(D),(D),(D),(D),(D),(D),3136,3500,3543,3793,3844,4236,4427,3530,3570,3722,4018
 "19151","Pocahontas, IA",4,CAGDP2,64,"55","   Management of companies and enterprises ","Thousands of dollars",(D),0,0,0,0,0,0,0,0,0,0,0,412,0,0,0,0,0,0,0,0,0
 "19151","Pocahontas, IA",4,CAGDP2,65,"56","   Administrative and support and waste management and remediation services ","Thousands of dollars",(D),(D),(D),(D),(D),(D),(D),(D),(D),(D),(D),992,(D),1254,1373,1394,1634,1786,(D),1925,1473,1750
 "19151","Pocahontas, IA",4,CAGDP2,68,"61,62","  Educational services, health care, and social assistance ","Thousands of dollars",8293,8504,8759,9043,8879,9456,9658,9746,10247,10703,10276,(D),10210,10986,11364,12016,11920,11978,12354,(D),12864,13595
 "19151","Pocahontas, IA",4,CAGDP2,69,"61","   Educational services ","Thousands of dollars",(D),(D),(D),(D),(D),(D),(D),(D),(D),(D),(D),(D),(D),(D),(D),(D),(D),(D),(D),(D),(D),(D)
 "19151","Pocahontas, IA",4,CAGDP2,70,"62","   Health care and social assistance ","Thousands of dollars",(D),(D),(D),(D),(D),(D),(D),(D),(D),(D),(D),(D),(D),(D),(D),(D),(D),(D),(D),(D),(D),(D)
 "19151","Pocahontas, IA",4,CAGDP2,75,"71,72","  Arts, entertainment, recreation, accommodation, and food services ","Thousands of dollars",2248,2345,2172,2178,2237,2464,2973,2944,2892,2696,2563,2633,2725,2636,3447,(D),3368,3443,2833,2363,(D),3629
 "19151","Pocahontas, IA",4,CAGDP2,76,"71","   Arts, entertainment, and recreation ","Thousands of dollars",409,452,553,550,675,845,851,707,632,676,677,641,671,697,682,(D),590,(D),624,485,(D),920
 "19151","Pocahontas, IA",4,CAGDP2,79,"72","   Accommodation and food services ","Thousands of dollars",1839,1893,1619,1627,1562,1620,2122,2237,2260,2020,1886,1993,2054,1939,2765,(D),2778,(D),2209,1878,(D),2709
 "19151","Pocahontas, IA",4,CAGDP2,82,"81","  Other services (except government and government enterprises) ","Thousands of dollars",4136,4725,4528,4450,4702,4918,4606,4563,4865,5198,4889,5124,5170,4994,(D),4391,(D),(D),(D),5030,4519,4823
 "19151","Pocahontas, IA",4,CAGDP2,83,"92","Government and government enterprises ","Thousands of dollars",24772,25830,27630,26656,27496,29352,32087,32941,35202,36410,34622,35780,36988,37480,38906,39822,40356,41806,42678,43685,43387,45069
 "19151","Pocahontas, IA",4,CAGDP2,87,"11,21","Natural resources and mining ","Thousands of dollars",42385,71996,74484,106369,77690,81158,93611,143072,122207,93389,161890,185443,263211,222294,272500,268920,140131,161977,135812,78817,171535,239328
 "19151","Pocahontas, IA",4,CAGDP2,88,"42,44-45","Trade ","Thousands of dollars",21107,20212,20476,21200,(D),(D),(D),27947,29731,32933,(D),(D),(D),42514,44659,(D),(D),(D),(D),(D),(D),(D)
 "19151","Pocahontas, IA",4,CAGDP2,89,"22,48-49","Transportation and utilities ","Thousands of dollars",(D),(D),(D),(D),(D),18828,(D),43131,55256,50617,(D),66661,70688,73173,73910,82145,76882,71162,78977,88168,97080,120194
 "19151","Pocahontas, IA",4,CAGDP2,90,"31-33,51","Manufacturing and information ","Thousands of dollars",44847,45158,44175,51970,57971,56734,51540,44134,34978,41468,40544,58270,54214,78827,(D),61140,(D),(D),81855,90664,93321,95261
 "19151","Pocahontas, IA",4,CAGDP2,91,"...","Private goods-producing industries 2/","Thousands of dollars",87734,117592,117638,157002,134043,136512,143344,198998,162579,135908,221516,254404,326432,326071,367380,358738,240730,280842,271345,197607,280537,355497
 "19151","Pocahontas, IA",4,CAGDP2,92,"...","Private services-providing industries 3/","Thousands of dollars",80602,82437,87881,89984,97921,105570,109598,137406,155234,154570,151599,178182,187341,195561,204226,211646,212185,212562,224470,240762,262238,292689
 "19153","Polk, IA",4,CAGDP2,1,"...","All industry total ","Thousands of dollars",19782490,20400364,22685839,25249252,27915204,28047308,31700782,28380735,28566311,29372949,29559940,31947664,31584021,36697683,41089597,43441326,43240294,44415393,46737264,49222626,53429788,55128436
 "19153","Polk, IA",4,CAGDP2,2,"..."," Private industries ","Thousands of dollars",17824414,18390157,20570699,23050230,25607131,25628745,29150415,25706076,25716136,26442137,26591925,28896267,28485707,33438392,37669513,39887714,39594349,40610885,42842217,45174333,49373756,50843020
 "19153","Polk, IA",4,CAGDP2,3,"11","  Agriculture, forestry, fishing and hunting ","Thousands of dollars",(D),45646,(D),60253,40319,44863,65835,45709,62276,30839,73297,79058,(D),(D),(D),(D),(D),(D),(D),19370,75495,86203
 "19153","Polk, IA",4,CAGDP2,6,"21","  Mining, quarrying, and oil and gas extraction ","Thousands of dollars",24206,26429,20338,23757,33117,35186,42344,24059,15606,17308,17682,19038,22430,26074,25173,18210,22436,21713,29671,12923,15197,9905
 "19153","Polk, IA",4,CAGDP2,10,"22","  Utilities ","Thousands of dollars",147394,157474,138766,141823,166345,221862,202326,354356,249471,182641,81180,99080,68574,65264,68700,88819,77146,97178,89887,147375,179973,162881
 "19153","Polk, IA",4,CAGDP2,11,"23","  Construction ","Thousands of dollars",815726,836818,928179,1108353,1182607,1170290,1142473,1085676,1014421,875059,931175,956875,1133200,1409769,1571455,1888501,2052574,2133993,2216140,2383221,2535348,2659070
 "19153","Polk, IA",4,CAGDP2,12,"31-33","  Manufacturing ","Thousands of dollars",1604567,1681646,1645563,1834719,1788082,1813351,1829975,1919773,1951685,2019213,2117381,2808463,2489326,2861357,2788325,2432855,2818654,2997036,2832678,2968071,3089743,3323608
 "19153","Polk, IA",4,CAGDP2,13,"321,327-339","   Durable goods manufacturing ","Thousands of dollars",659104,722450,707037,907488,956671,963397,966217,(D),856924,876128,959639,1648077,1200089,1526138,1267072,889259,943952,1052687,1093773,1106996,1083377,1169222
 "19153","Polk, IA",4,CAGDP2,25,"311-316,322-326","   Nondurable goods manufacturing ","Thousands of dollars",945462,959196,938527,927231,831411,849954,863758,(D),1094761,1143085,1157742,1160385,1289238,1335220,1521253,1543596,1874701,1944349,1738905,1861075,2006366,2154386
 "19153","Polk, IA",4,CAGDP2,34,"42","  Wholesale trade ","Thousands of dollars",1549154,1546290,1591036,1772017,2015440,2116350,2259961,2462171,2443417,2570239,2689674,2985941,3163946,3314622,3328933,3427050,3501124,3594870,3723649,3839632,4179855,4517605
 "19153","Polk, IA",4,CAGDP2,35,"44-45","  Retail trade ","Thousands of dollars",1284944,1307036,1322043,1349981,1358644,1390204,1390644,1444999,1435295,1446164,1485392,1557943,1643088,1677873,1813873,1951259,2002524,2054231,2107625,2182877,2470589,2614277
 "19153","Polk, IA",4,CAGDP2,36,"48-49","  Transportation and warehousing ","Thousands of dollars",(D),489771,(D),576389,620712,673973,711237,702146,643368,645861,643974,678975,(D),(D),(D),(D),(D),(D),(D),988235,1251263,1503861
 "19153","Polk, IA",4,CAGDP2,45,"51","  Information ","Thousands of dollars",867151,978898,1132829,1267616,1260320,1368106,1532783,1529161,1500226,1382545,1318840,1238910,1311285,1366859,1399635,1405748,1389632,1475086,1605456,1547244,1788256,1920322
 "19153","Polk, IA",4,CAGDP2,50,"52,53","  Finance, insurance, real estate, rental, and leasing ","Thousands of dollars",6889733,6919284,8618915,10081204,11986442,11285121,14137251,9864799,9958165,10728206,10379159,11036436,10120639,13593100,16940481,18499309,17229612,17238359,18783806,20784127,22370695,21701468
 "19153","Polk, IA",4,CAGDP2,51,"52","   Finance and insurance ","Thousands of dollars",4963081,4935049,6428060,7815769,9532589,8774553,11477860,7140663,7339569,8031562,7634772,8261403,7226192,10527128,13598714,15074752,13659601,13461938,14912263,17072019,18122576,17105172
 "19153","Polk, IA",4,CAGDP2,56,"53","   Real estate and rental and leasing ","Thousands of dollars",1926652,1984235,2190855,2265435,2453853,2510568,2659391,2724136,2618595,2696644,2744387,2775033,2894448,3065972,3341767,3424556,3570011,3776421,3871542,3712109,4248119,4596296
 "19153","Polk, IA",4,CAGDP2,59,"54,55,56","  Professional and business services ","Thousands of dollars",1611027,1716712,1852987,1919348,2083458,2238322,2460264,2675193,2693766,2737796,2908005,3280487,3463981,3739243,4007798,4170151,4336708,4563825,4801534,5064480,5566878,6080930
 "19153","Polk, IA",4,CAGDP2,60,"54","   Professional, scientific, and technical services ","Thousands of dollars",875009,955015,986373,1025549,1087750,1156004,1229101,1336911,1346908,1377451,1476274,1705840,1806249,1948113,2093770,2241975,2372402,2500905,2604404,2718352,2855798,3082570
 "19153","Polk, IA",4,CAGDP2,64,"55","   Management of companies and enterprises ","Thousands of dollars",225629,241481,326578,342885,396068,447984,478453,524674,526371,510306,568989,647586,723846,855748,933143,934180,955558,964305,1056820,1198465,1386317,1502537
 "19153","Polk, IA",4,CAGDP2,65,"56","   Administrative and support and waste management and remediation services ","Thousands of dollars",510388,520215,540036,550915,599639,634333,752710,813607,820487,850039,862742,927061,933885,935381,980886,993996,1008747,1098615,1140310,1147663,1324763,1495823
 "19153","Polk, IA",4,CAGDP2,68,"61,62","  Educational services, health care, and social assistance ","Thousands of dollars",1421807,1512414,1600696,1721265,1818441,1923257,1950889,2135188,2239256,2306014,2392305,2493162,2577201,2705101,2845102,3004235,3069801,3213852,3257246,3201613,3423323,3570489
 "19153","Polk, IA",4,CAGDP2,69,"61","   Educational services ","Thousands of dollars",169326,171534,187013,203274,208790,221442,230038,257095,291425,308991,313259,325410,324324,336055,335695,354881,336679,346221,353720,327015,349861,377652
 "19153","Polk, IA",4,CAGDP2,70,"62","   Health care and social assistance ","Thousands of dollars",1252480,1340880,1413683,1517991,1609652,1701814,1720851,1878093,1947831,1997022,2079045,2167752,2252876,2369046,2509407,2649354,2733123,2867631,2903526,2874598,3073462,3192837
 "19153","Polk, IA",4,CAGDP2,75,"71,72","  Arts, entertainment, recreation, accommodation, and food services ","Thousands of dollars",585890,619318,639286,675786,712512,773763,809354,838983,843235,847982,897243,970462,1017063,1089659,1172228,1256881,1277679,1319913,1360931,1060774,1391894,1577718
 "19153","Polk, IA",4,CAGDP2,76,"71","   Arts, entertainment, and recreation ","Thousands of dollars",175750,187881,197413,208466,239635,276236,301656,313463,318684,306713,309230,261872,244620,271003,272476,301636,304905,323722,344021,244892,377207,416674
 "19153","Polk, IA",4,CAGDP2,79,"72","   Accommodation and food services ","Thousands of dollars",410140,431437,441873,467321,472877,497527,507698,525519,524550,541269,588013,708590,772443,818656,899751,955245,972774,996191,1016911,815882,1014688,1161044
 "19153","Polk, IA",4,CAGDP2,82,"81","  Other services (except government and government enterprises) ","Thousands of dollars",519619,552420,532800,517720,540693,574098,615076,623864,665949,652271,656619,691440,711976,755202,823722,846744,879481,930662,1010369,974389,1035247,1114683
 "19153","Polk, IA",4,CAGDP2,83,"92","Government and government enterprises ","Thousands of dollars",1958076,2010207,2115139,2199021,2308073,2418563,2550367,2674659,2850175,2930813,2968015,3051397,3098314,3259291,3420084,3553612,3645945,3804508,3895047,4048294,4056033,4285416
 "19153","Polk, IA",4,CAGDP2,87,"11,21","Natural resources and mining ","Thousands of dollars",(D),72076,(D),84010,73436,80049,108179,69768,77882,48147,90979,98095,(D),(D),(D),(D),(D),(D),(D),32293,90693,96108
 "19153","Polk, IA",4,CAGDP2,88,"42,44-45","Trade ","Thousands of dollars",2834098,2853327,2913079,3121997,3374084,3506554,3650605,3907170,3878712,4016403,4175066,4543884,4807034,4992495,5142805,5378310,5503648,5649101,5831274,6022509,6650444,7131882
 "19153","Polk, IA",4,CAGDP2,89,"22,48-49","Transportation and utilities ","Thousands of dollars",(D),647246,(D),718212,787057,895834,913563,1056502,892839,828502,725154,778055,(D),(D),(D),(D),(D),(D),(D),1135610,1431235,1666742
 "19153","Polk, IA",4,CAGDP2,90,"31-33,51","Manufacturing and information ","Thousands of dollars",2471718,2660544,2778392,3102336,3048402,3181458,3362758,3448934,3451911,3401758,3436221,4047372,3800612,4228216,4187960,3838604,4208285,4472123,4438134,4515315,4877999,5243930
 "19153","Polk, IA",4,CAGDP2,91,"...","Private goods-producing industries 2/","Thousands of dollars",(D),2590539,(D),3027082,3044125,3063690,3080628,3075217,3043988,2942418,3139534,3863433,(D),(D),(D),(D),(D),(D),(D),5383586,5715783,6078786
 "19153","Polk, IA",4,CAGDP2,92,"...","Private services-providing industries 3/","Thousands of dollars",(D),15799618,(D),20023149,22563006,22565055,26069787,22630859,22672148,23499719,23452391,25032834,(D),(D),(D),(D),(D),(D),(D),39790746,43657973,44764234
 "19155","Pottawattamie, IA",4,CAGDP2,1,"...","All industry total ","Thousands of dollars",2315136,2426867,2624926,2864465,2986499,3250061,3437408,3798433,3955619,3691400,3733995,4018356,4132098,4238273,4359775,4381604,4349095,4620900,4594864,4402743,4886475,5326550
 "19155","Pottawattamie, IA",4,CAGDP2,2,"..."," Private industries ","Thousands of dollars",2058785,2158444,2352334,2578681,2687501,2936548,3109638,3452639,3579946,3298685,3340699,3619389,3713917,3801893,3903965,3911550,3873632,4126978,4092270,3889234,4368628,4795446
 "19155","Pottawattamie, IA",4,CAGDP2,3,"11","  Agriculture, forestry, fishing and hunting ","Thousands of dollars",(D),(D),(D),(D),(D),(D),(D),(D),(D),(D),(D),(D),(D),(D),(D),(D),(D),(D),(D),(D),212533,274645
 "19155","Pottawattamie, IA",4,CAGDP2,6,"21","  Mining, quarrying, and oil and gas extraction ","Thousands of dollars",2217,2993,1785,2329,2384,3223,3505,5338,4432,5307,5357,7370,7294,7988,6339,5580,8604,8846,12445,11079,(D),(D)
 "19155","Pottawattamie, IA",4,CAGDP2,10,"22","  Utilities ","Thousands of dollars",223726,196354,216504,206616,227202,222008,351365,449353,543941,513433,(D),480359,466191,472003,424711,428165,(D),(D),(D),(D),(D),380168
 "19155","Pottawattamie, IA",4,CAGDP2,11,"23","  Construction ","Thousands of dollars",77686,70562,85945,117547,170247,343581,216405,173090,147073,112985,108235,131742,187920,252350,247343,212275,207752,265383,333560,272074,212175,228247
 "19155","Pottawattamie, IA",4,CAGDP2,12,"31-33","  Manufacturing ","Thousands of dollars",294215,330849,372570,402859,404813,403569,451120,473279,525152,392679,436585,472859,492594,436729,493674,514814,475334,581488,445413,511856,510526,552625
 "19155","Pottawattamie, IA",4,CAGDP2,13,"321,327-339","   Durable goods manufacturing ","Thousands of dollars",81031,93671,82912,99174,111815,115172,112712,106660,80293,91616,105314,116729,103282,88270,85955,67675,73316,79601,84623,85905,80900,93251
 "19155","Pottawattamie, IA",4,CAGDP2,25,"311-316,322-326","   Nondurable goods manufacturing ","Thousands of dollars",213184,237178,289658,303684,292998,288397,338408,366619,444859,301063,331271,356130,389312,348459,407719,447139,402017,501887,360789,425951,429626,459375
 "19155","Pottawattamie, IA",4,CAGDP2,34,"42","  Wholesale trade ","Thousands of dollars",102644,107963,121854,140311,159106,174063,191172,213107,217756,225214,(D),205608,215276,223422,227228,233476,(D),(D),(D),(D),(D),(D)
 "19155","Pottawattamie, IA",4,CAGDP2,35,"44-45","  Retail trade ","Thousands of dollars",216570,226720,233762,241141,247653,250693,249313,257000,256342,260057,268740,285034,291447,292344,311671,324306,329283,343833,360152,378396,437197,462082
 "19155","Pottawattamie, IA",4,CAGDP2,36,"48-49","  Transportation and warehousing ","Thousands of dollars",(D),(D),(D),(D),(D),(D),(D),(D),(D),(D),217695,(D),(D),(D),(D),(D),339499,358164,376278,348893,357721,404710
 "19155","Pottawattamie, IA",4,CAGDP2,45,"51","  Information ","Thousands of dollars",15619,17947,21240,28412,33372,40016,45478,43608,47543,51149,50135,50428,55236,65277,98507,114285,130327,121591,136651,144422,183448,199855
 "19155","Pottawattamie, IA",4,CAGDP2,50,"52,53","  Finance, insurance, real estate, rental, and leasing ","Thousands of dollars",342618,381233,464959,492103,519416,481502,481157,535091,535776,539531,549898,615585,631411,705731,718855,744006,660862,690308,680565,679080,714534,(D)
 "19155","Pottawattamie, IA",4,CAGDP2,51,"52","   Finance and insurance ","Thousands of dollars",100999,137168,190527,203299,188600,112699,134721,128757,147292,155378,166340,194079,166831,212673,232349,230028,193200,175005,168991,172205,187380,201218
 "19155","Pottawattamie, IA",4,CAGDP2,56,"53","   Real estate and rental and leasing ","Thousands of dollars",241618,244064,274432,288804,330816,368803,346437,406334,388484,384153,383558,421506,464580,493059,486506,513977,467662,515303,511574,506875,527154,(D)
 "19155","Pottawattamie, IA",4,CAGDP2,59,"54,55,56","  Professional and business services ","Thousands of dollars",83934,90716,99975,103119,115562,132939,145482,142924,142452,143370,140566,150887,154512,164481,167299,173389,179694,178087,185469,190002,244130,312391
 "19155","Pottawattamie, IA",4,CAGDP2,60,"54","   Professional, scientific, and technical services ","Thousands of dollars",49141,53974,57814,58162,60426,66062,71513,77447,74589,74294,74783,76458,78376,85621,90868,91874,89856,94525,95518,92585,100898,126582
 "19155","Pottawattamie, IA",4,CAGDP2,64,"55","   Management of companies and enterprises ","Thousands of dollars",6372,7093,7821,11535,19703,23668,23027,13277,11016,9362,9143,13133,9697,10461,10278,11940,11406,11780,13258,17212,31312,34712
 "19155","Pottawattamie, IA",4,CAGDP2,65,"56","   Administrative and support and waste management and remediation services ","Thousands of dollars",28421,29649,34340,33423,35433,43210,50942,52201,56847,59714,56640,61296,66439,68398,66153,69575,78433,71782,76693,80205,111921,151097
 "19155","Pottawattamie, IA",4,CAGDP2,68,"61,62","  Educational services, health care, and social assistance ","Thousands of dollars",196170,203033,214750,229613,233030,240316,258173,280807,297905,294312,297199,310921,318907,320301,344494,356079,369291,377015,382242,392214,410745,436748
 "19155","Pottawattamie, IA",4,CAGDP2,69,"61","   Educational services ","Thousands of dollars",7436,8060,8195,10050,9673,9582,11987,14309,13810,14824,13616,13824,12418,12556,12072,14409,14153,14106,15004,13911,16334,16780
 "19155","Pottawattamie, IA",4,CAGDP2,70,"62","   Health care and social assistance ","Thousands of dollars",188735,194973,206555,219563,223357,230735,246186,266498,284095,279488,283584,297097,306489,307745,332422,341669,355138,362908,367238,378302,394412,419969
 "19155","Pottawattamie, IA",4,CAGDP2,75,"71,72","  Arts, entertainment, recreation, accommodation, and food services ","Thousands of dollars",295264,311536,292952,285604,265190,307545,343273,384892,350006,326910,308434,303960,306827,305522,301799,327730,355499,351634,353373,278178,362587,395769
 "19155","Pottawattamie, IA",4,CAGDP2,76,"71","   Arts, entertainment, and recreation ","Thousands of dollars",63523,69111,62735,53757,36584,66186,92902,117462,113774,100919,76756,80454,28500,21878,16594,12944,11128,14310,24142,22335,36476,32650
 "19155","Pottawattamie, IA",4,CAGDP2,79,"72","   Accommodation and food services ","Thousands of dollars",231741,242425,230218,231847,228607,241359,250371,267430,236232,225990,231678,223506,278327,283644,285205,314786,344371,337324,329232,255843,326111,363118
 "19155","Pottawattamie, IA",4,CAGDP2,82,"81","  Other services (except government and government enterprises) ","Thousands of dollars",64519,70917,65520,63808,65302,70457,69155,71664,67444,69395,68437,71195,68977,71880,76065,80370,85873,92500,93662,97271,101594,110694
 "19155","Pottawattamie, IA",4,CAGDP2,83,"92","Government and government enterprises ","Thousands of dollars",256351,268423,272592,285784,298998,313512,327770,345793,375673,392715,393297,398966,418181,436380,455810,470054,475463,493922,502594,513509,517847,531104
 "19155","Pottawattamie, IA",4,CAGDP2,87,"11,21","Natural resources and mining ","Thousands of dollars",(D),(D),(D),(D),(D),(D),(D),(D),(D),(D),(D),(D),(D),(D),(D),(D),(D),(D),(D),(D),(D),(D)
 "19155","Pottawattamie, IA",4,CAGDP2,88,"42,44-45","Trade ","Thousands of dollars",319214,334683,355616,381452,406760,424757,440485,470107,474098,485272,(D),490642,506722,515766,538899,557782,(D),(D),(D),(D),(D),(D)
 "19155","Pottawattamie, IA",4,CAGDP2,89,"22,48-49","Transportation and utilities ","Thousands of dollars",(D),(D),(D),(D),(D),(D),(D),(D),(D),(D),(D),(D),(D),(D),(D),(D),(D),(D),(D),(D),(D),784878
 "19155","Pottawattamie, IA",4,CAGDP2,90,"31-33,51","Manufacturing and information ","Thousands of dollars",309834,348795,393810,431271,438185,443585,496598,516887,572695,443828,486720,523287,547830,502007,592181,629099,605660,703079,582063,656278,693974,752480
 "19155","Pottawattamie, IA",4,CAGDP2,91,"...","Private goods-producing industries 2/","Thousands of dollars",(D),(D),(D),(D),(D),(D),(D),(D),(D),(D),(D),(D),(D),(D),(D),(D),(D),(D),(D),(D),(D),(D)
 "19155","Pottawattamie, IA",4,CAGDP2,92,"...","Private services-providing industries 3/","Thousands of dollars",(D),(D),(D),(D),(D),(D),(D),(D),(D),(D),(D),(D),(D),(D),(D),(D),(D),(D),(D),(D),(D),(D)
 "19157","Poweshiek, IA",4,CAGDP2,1,"...","All industry total ","Thousands of dollars",609082,666008,720042,815179,819055,819463,891214,831856,808397,838631,957765,1017437,1013205,1091708,1117756,1049384,1051882,1119159,1148772,1206660,1350756,1530330
 "19157","Poweshiek, IA",4,CAGDP2,2,"..."," Private industries ","Thousands of dollars",567459,622654,676202,770786,773658,772389,842221,779518,755796,783178,902545,961010,954969,1030890,1054027,984145,986747,1050851,1079186,1137588,1281884,1458893
 "19157","Poweshiek, IA",4,CAGDP2,3,"11","  Agriculture, forestry, fishing and hunting ","Thousands of dollars",30024,40771,46071,74973,48229,51591,80829,99985,95205,68348,138388,164049,176602,191863,137846,36547,29474,83426,11640,31901,125917,242680
 "19157","Poweshiek, IA",4,CAGDP2,6,"21","  Mining, quarrying, and oil and gas extraction ","Thousands of dollars",1128,1311,1296,1445,1670,1902,1586,2101,1725,1900,1431,853,1196,1607,1169,1030,1829,596,466,507,706,517
 "19157","Poweshiek, IA",4,CAGDP2,10,"22","  Utilities ","Thousands of dollars",4176,2499,2486,2772,2769,3040,3489,3149,3267,3740,3868,3506,3506,3978,3976,4602,4941,7290,57256,88790,91197,102930
 "19157","Poweshiek, IA",4,CAGDP2,11,"23","  Construction ","Thousands of dollars",40017,37135,38408,42159,46882,49782,44117,48098,50933,48761,57270,53432,48896,53037,56706,58316,66453,53384,62777,66677,70558,73555
 "19157","Poweshiek, IA",4,CAGDP2,12,"31-33","  Manufacturing ","Thousands of dollars",108548,109123,104123,113407,107599,118115,119431,110601,85820,118932,131936,140759,139632,140310,145643,137236,150436,156926,166090,166667,173848,192698
 "19157","Poweshiek, IA",4,CAGDP2,13,"321,327-339","   Durable goods manufacturing ","Thousands of dollars",75241,74713,71739,80247,77586,83418,82327,73544,49412,79648,90155,101798,90351,88164,90487,88158,93232,97193,105348,100473,101818,116381
 "19157","Poweshiek, IA",4,CAGDP2,25,"311-316,322-326","   Nondurable goods manufacturing ","Thousands of dollars",33307,34410,32384,33160,30013,34697,37103,37058,36408,39284,41781,38961,49281,52145,55156,49078,57203,59732,60742,66194,72030,76317
 "19157","Poweshiek, IA",4,CAGDP2,34,"42","  Wholesale trade ","Thousands of dollars",27030,28795,31381,37286,43820,47563,51807,63258,67791,74695,78981,76285,86293,86019,78157,68558,61757,57524,52055,53829,56422,52900
 "19157","Poweshiek, IA",4,CAGDP2,35,"44-45","  Retail trade ","Thousands of dollars",32479,32892,33785,33956,34190,34677,34386,34894,36729,37189,37555,39549,39402,38337,38704,42831,44257,47271,50686,55673,63074,64607
 "19157","Poweshiek, IA",4,CAGDP2,36,"48-49","  Transportation and warehousing ","Thousands of dollars",8182,8460,10746,13670,14842,14773,15566,14269,13218,12551,13115,13639,12850,13957,25329,29885,34019,35312,33663,35676,38861,41690
 "19157","Poweshiek, IA",4,CAGDP2,45,"51","  Information ","Thousands of dollars",44742,74011,74057,72430,55236,42338,26483,17638,14733,12481,7725,5184,5669,5454,6255,6588,7619,7733,7477,5169,4808,4473
 "19157","Poweshiek, IA",4,CAGDP2,50,"52,53","  Finance, insurance, real estate, rental, and leasing ","Thousands of dollars",129100,138072,168180,203824,240035,222167,278804,194016,194333,201938,222361,246539,228012,282178,335026,366381,342970,344937,380062,390611,395492,399077
 "19157","Poweshiek, IA",4,CAGDP2,51,"52","   Finance and insurance ","Thousands of dollars",75388,86757,112513,147868,180577,161625,208505,131541,127453,129723,132054,158856,140424,201159,243703,280629,258465,245045,266727,299045,310622,311029
 "19157","Poweshiek, IA",4,CAGDP2,56,"53","   Real estate and rental and leasing ","Thousands of dollars",53712,51315,55666,55956,59458,60543,70299,62475,66880,72215,90307,87683,87588,81020,91324,85752,84505,99892,113335,91566,84870,88048
 "19157","Poweshiek, IA",4,CAGDP2,59,"54,55,56","  Professional and business services ","Thousands of dollars",14734,15901,27287,26788,27410,28856,29590,29540,28594,35083,38995,43340,38835,34597,36949,31629,31890,34313,35315,34682,40029,46608
 "19157","Poweshiek, IA",4,CAGDP2,60,"54","   Professional, scientific, and technical services ","Thousands of dollars",(D),6784,20011,16313,15667,15675,(D),(D),(D),(D),(D),(D),(D),(D),(D),(D),(D),14532,15460,16010,20384,25281
 "19157","Poweshiek, IA",4,CAGDP2,64,"55","   Management of companies and enterprises ","Thousands of dollars",(D),(D),(D),(D),(D),(D),(D),(D),(D),(D),(D),(D),(D),(D),(D),(D),(D),479,839,1015,1415,1572
 "19157","Poweshiek, IA",4,CAGDP2,65,"56","   Administrative and support and waste management and remediation services ","Thousands of dollars",4014,(D),(D),(D),(D),(D),11237,11552,13951,20668,23465,27913,25230,21425,23009,19525,19740,19303,19016,17657,18230,19755
 "19157","Poweshiek, IA",4,CAGDP2,68,"61,62","  Educational services, health care, and social assistance ","Thousands of dollars",102860,107199,111700,121349,124547,131241,130396,136469,137846,140909,144670,146178,146111,150210,157608,167790,176450,185225,182991,173466,183513,197518
 "19157","Poweshiek, IA",4,CAGDP2,69,"61","   Educational services ","Thousands of dollars",(D),(D),(D),(D),(D),(D),(D),(D),(D),(D),(D),(D),(D),(D),(D),(D),(D),(D),(D),(D),(D),(D)
 "19157","Poweshiek, IA",4,CAGDP2,70,"62","   Health care and social assistance ","Thousands of dollars",(D),(D),(D),(D),(D),(D),(D),(D),(D),(D),(D),(D),(D),(D),(D),(D),(D),(D),(D),(D),(D),(D)
 "19157","Poweshiek, IA",4,CAGDP2,75,"71,72","  Arts, entertainment, recreation, accommodation, and food services ","Thousands of dollars",12413,13159,13234,12994,12688,13143,13470,13719,13659,14024,13781,14143,14846,14935,16017,17768,19614,20281,19722,15735,19698,21034
 "19157","Poweshiek, IA",4,CAGDP2,76,"71","   Arts, entertainment, and recreation ","Thousands of dollars",1932,2181,2361,2453,2508,2263,2324,2335,2699,2554,2524,2567,2078,2080,2038,1970,2022,2064,2345,1850,2481,2818
 "19157","Poweshiek, IA",4,CAGDP2,79,"72","   Accommodation and food services ","Thousands of dollars",10482,10977,10873,10541,10180,10880,11146,11385,10959,11470,11257,11576,12769,12856,13979,15798,17592,18216,17378,13884,17217,18216
 "19157","Poweshiek, IA",4,CAGDP2,82,"81","  Other services (except government and government enterprises) ","Thousands of dollars",12024,13325,13447,13735,13739,13200,12266,11779,11942,12628,12469,13555,13120,14409,14642,14983,15037,16634,18984,18205,17759,18605
 "19157","Poweshiek, IA",4,CAGDP2,83,"92","Government and government enterprises ","Thousands of dollars",41623,43355,43840,44393,45397,47074,48994,52339,52601,55453,55219,56427,58236,60818,63729,65238,65135,68307,69585,69072,68872,71437
 "19157","Poweshiek, IA",4,CAGDP2,87,"11,21","Natural resources and mining ","Thousands of dollars",31152,42083,47368,76418,49899,53493,82415,102087,96930,70248,139819,164901,177798,193469,139015,37577,31303,84022,12107,32408,126624,243197
 "19157","Poweshiek, IA",4,CAGDP2,88,"42,44-45","Trade ","Thousands of dollars",59510,61687,65166,71242,78011,82239,86193,98152,104521,111884,116537,115834,125694,124356,116861,111389,106014,104795,102741,109502,119497,117507
 "19157","Poweshiek, IA",4,CAGDP2,89,"22,48-49","Transportation and utilities ","Thousands of dollars",12359,10959,13233,16441,17611,17813,19056,17418,16485,16291,16982,17145,16357,17935,29304,34488,38960,42602,90920,124466,130057,144620
 "19157","Poweshiek, IA",4,CAGDP2,90,"31-33,51","Manufacturing and information ","Thousands of dollars",153290,183133,178179,185837,162836,160453,145913,128240,100553,131413,139661,145943,145300,145764,151898,143824,158055,164659,173567,171836,178656,197171
 "19157","Poweshiek, IA",4,CAGDP2,91,"...","Private goods-producing industries 2/","Thousands of dollars",179717,188341,189899,231984,204381,221390,245963,260786,233683,237940,329026,359092,366326,386816,341364,233129,248192,294332,240974,265752,371030,509450
 "19157","Poweshiek, IA",4,CAGDP2,92,"...","Private services-providing industries 3/","Thousands of dollars",387742,434313,486303,538802,569277,550998,596258,518732,522113,545238,573520,601918,588643,644074,712663,751016,738554,756520,838212,871836,910853,949442
 "19159","Ringgold, IA",4,CAGDP2,1,"...","All industry total ","Thousands of dollars",76975,76392,79777,106473,103337,101389,90230,103872,118604,120727,137626,141151,168538,166040,167681,155604,189216,192564,188021,178831,206805,222486
 "19159","Ringgold, IA",4,CAGDP2,2,"..."," Private industries ","Thousands of dollars",56647,55412,57757,83566,79570,76537,65098,77361,90374,91053,107902,112307,139097,136694,135696,122004,155283,156081,148620,138606,168061,182583
 "19159","Ringgold, IA",4,CAGDP2,3,"11","  Agriculture, forestry, fishing and hunting ","Thousands of dollars",(D),929,457,22674,15640,(D),2349,11598,18834,17826,29309,(D),(D),45578,(D),33182,64624,(D),(D),(D),67125,76323
 "19159","Ringgold, IA",4,CAGDP2,6,"21","  Mining, quarrying, and oil and gas extraction ","Thousands of dollars",85,123,120,133,129,171,127,609,372,533,806,459,705,118,389,432,122,715,659,675,(D),1259
 "19159","Ringgold, IA",4,CAGDP2,10,"22","  Utilities ","Thousands of dollars",1416,1416,1298,1252,1135,1243,1265,1325,1180,1186,1129,996,1116,1203,1228,1330,1278,1409,1393,1393,1465,1509
 "19159","Ringgold, IA",4,CAGDP2,11,"23","  Construction ","Thousands of dollars",(D),5914,6887,7219,8317,11670,8964,8906,10487,10275,11780,14056,12601,13580,13977,(D),(D),10690,7771,8112,9600,(D)
 "19159","Ringgold, IA",4,CAGDP2,12,"31-33","  Manufacturing ","Thousands of dollars",5700,5861,5115,4948,5585,(D),3883,1828,1977,2632,2939,(D),(D),2698,(D),(D),(D),(D),(D),(D),(D),(D)
 "19159","Ringgold, IA",4,CAGDP2,13,"321,327-339","   Durable goods manufacturing ","Thousands of dollars",(D),(D),(D),(D),(D),(D),(D),(D),(D),(D),2654,(D),2613,(D),2007,1641,2175,2900,2059,2507,2701,2271
 "19159","Ringgold, IA",4,CAGDP2,25,"311-316,322-326","   Nondurable goods manufacturing ","Thousands of dollars",(D),(D),(D),(D),(D),(D),(D),(D),(D),(D),285,(D),(D),(D),(D),(D),(D),(D),(D),(D),(D),(D)
 "19159","Ringgold, IA",4,CAGDP2,34,"42","  Wholesale trade ","Thousands of dollars",3018,3541,4011,4845,5360,5295,5337,5667,6534,7661,8089,9790,10490,10587,9948,7693,7936,7305,7846,7949,8846,9913
 "19159","Ringgold, IA",4,CAGDP2,35,"44-45","  Retail trade ","Thousands of dollars",8204,8256,8077,7915,6822,6655,7171,7508,7532,8091,8390,8616,8478,8245,8156,7958,7690,8173,8067,8582,9233,10294
 "19159","Ringgold, IA",4,CAGDP2,36,"48-49","  Transportation and warehousing ","Thousands of dollars",1095,1163,1601,2516,(D),(D),(D),(D),(D),(D),(D),(D),(D),(D),(D),(D),(D),(D),(D),(D),(D),(D)
 "19159","Ringgold, IA",4,CAGDP2,45,"51","  Information ","Thousands of dollars",(D),(D),(D),(D),(D),(D),(D),(D),(D),(D),(D),(D),(D),(D),(D),(D),1640,1668,(D),1541,1978,2070
 "19159","Ringgold, IA",4,CAGDP2,50,"52,53","  Finance, insurance, real estate, rental, and leasing ","Thousands of dollars",15970,16667,18334,19126,21202,20597,21211,23722,26167,23186,25006,26347,28447,31401,28849,31995,33175,34350,31301,31641,41271,43550
 "19159","Ringgold, IA",4,CAGDP2,51,"52","   Finance and insurance ","Thousands of dollars",(D),(D),(D),(D),(D),(D),(D),(D),3188,(D),(D),(D),5657,(D),8373,8835,(D),(D),7917,8009,8722,9294
 "19159","Ringgold, IA",4,CAGDP2,56,"53","   Real estate and rental and leasing ","Thousands of dollars",(D),(D),(D),(D),(D),(D),(D),(D),22979,(D),(D),(D),22790,(D),20476,23160,(D),(D),23384,23632,32549,34256
 "19159","Ringgold, IA",4,CAGDP2,59,"54,55,56","  Professional and business services ","Thousands of dollars",(D),(D),(D),(D),(D),(D),2625,2962,3098,3806,4256,4644,4851,4324,3992,4755,(D),(D),6414,(D),(D),(D)
 "19159","Ringgold, IA",4,CAGDP2,60,"54","   Professional, scientific, and technical services ","Thousands of dollars",746,781,905,1152,1461,1674,(D),(D),2311,2891,3372,(D),(D),3688,3411,4293,4213,4691,4666,(D),(D),(D)
 "19159","Ringgold, IA",4,CAGDP2,64,"55","   Management of companies and enterprises ","Thousands of dollars",0,0,0,0,0,0,0,0,(D),(D),0,0,113,(D),(D),(D),(D),(D),(D),0,0,0
 "19159","Ringgold, IA",4,CAGDP2,65,"56","   Administrative and support and waste management and remediation services ","Thousands of dollars",(D),(D),(D),(D),(D),(D),(D),(D),(D),(D),884,(D),(D),(D),(D),(D),(D),(D),(D),(D),(D),(D)
 "19159","Ringgold, IA",4,CAGDP2,68,"61,62","  Educational services, health care, and social assistance ","Thousands of dollars",4689,4960,5250,5603,5100,5112,4990,6469,6497,6864,7198,7374,7017,7925,7448,8335,7879,8206,8208,8976,9028,9667
 "19159","Ringgold, IA",4,CAGDP2,69,"61","   Educational services ","Thousands of dollars",64,66,(D),(D),(D),(D),(D),(D),(D),(D),50,119,173,205,119,72,106,66,98,50,13,10
 "19159","Ringgold, IA",4,CAGDP2,70,"62","   Health care and social assistance ","Thousands of dollars",4625,4894,(D),(D),(D),(D),(D),(D),(D),(D),7148,7255,6845,7720,7329,8263,7773,8140,8110,8926,9015,9657
 "19159","Ringgold, IA",4,CAGDP2,75,"71,72","  Arts, entertainment, recreation, accommodation, and food services ","Thousands of dollars",1300,1368,1254,1173,1078,1251,1097,834,1243,1321,1664,1625,1813,2189,2061,2194,1767,1973,2211,1546,1792,1972
 "19159","Ringgold, IA",4,CAGDP2,76,"71","   Arts, entertainment, and recreation ","Thousands of dollars",227,243,178,126,121,153,182,195,292,322,407,505,647,664,482,375,378,467,510,402,462,518
 "19159","Ringgold, IA",4,CAGDP2,79,"72","   Accommodation and food services ","Thousands of dollars",1073,1125,1077,1046,957,1097,915,639,951,998,1257,1120,1166,1525,1578,1818,1388,1506,1701,1145,1329,1454
 "19159","Ringgold, IA",4,CAGDP2,82,"81","  Other services (except government and government enterprises) ","Thousands of dollars",2813,3101,2990,3249,3204,3336,(D),(D),(D),(D),(D),(D),(D),(D),4529,4735,4891,5228,5163,4871,4699,5042
 "19159","Ringgold, IA",4,CAGDP2,83,"92","Government and government enterprises ","Thousands of dollars",20328,20979,22020,22907,23767,24851,25132,26511,28230,29674,29724,28844,29442,29346,31985,33601,33933,36484,39401,40226,38744,39903
 "19159","Ringgold, IA",4,CAGDP2,87,"11,21","Natural resources and mining ","Thousands of dollars",(D),1052,576,22807,15770,(D),2476,12207,19206,18359,30115,(D),(D),45696,(D),33614,64746,(D),(D),(D),(D),77582
 "19159","Ringgold, IA",4,CAGDP2,88,"42,44-45","Trade ","Thousands of dollars",11222,11797,12087,12760,12181,11949,12507,13174,14065,15752,16479,18406,18968,18833,18104,15651,15626,15478,15914,16531,18079,20207
 "19159","Ringgold, IA",4,CAGDP2,89,"22,48-49","Transportation and utilities ","Thousands of dollars",2511,2579,2899,3768,(D),(D),(D),(D),(D),(D),(D),(D),(D),(D),(D),(D),(D),(D),(D),(D),(D),(D)
 "19159","Ringgold, IA",4,CAGDP2,90,"31-33,51","Manufacturing and information ","Thousands of dollars",(D),(D),(D),(D),(D),7432,(D),(D),(D),(D),(D),3711,4649,(D),3965,3808,(D),(D),4761,(D),(D),(D)
 "19159","Ringgold, IA",4,CAGDP2,91,"...","Private goods-producing industries 2/","Thousands of dollars",16153,12827,12578,34974,29672,27183,15323,22941,31670,31266,44835,45436,68672,61974,64438,47780,79606,77421,72642,63614,81571,91428
 "19159","Ringgold, IA",4,CAGDP2,92,"...","Private services-providing industries 3/","Thousands of dollars",40494,42585,45178,48591,49898,49354,49775,54420,58704,59787,63067,66871,70424,74720,71258,74223,75677,78660,75978,74992,86491,91155
 "19161","Sac, IA",4,CAGDP2,1,"...","All industry total ","Thousands of dollars",238046,247764,243561,320000,307871,302399,356626,390071,355368,416086,460622,465341,534041,541257,528023,504656,523685,538179,506630,483746,625737,773548
 "19161","Sac, IA",4,CAGDP2,2,"..."," Private industries ","Thousands of dollars",209823,219139,214298,290185,278241,271143,324418,356926,320551,379895,424516,428564,496684,503004,488212,463764,482018,495130,462892,440521,582430,728618
 "19161","Sac, IA",4,CAGDP2,3,"11","  Agriculture, forestry, fishing and hunting ","Thousands of dollars",49394,57465,41551,(D),(D),(D),(D),133451,99369,142321,173234,148966,197951,199646,(D),(D),(D),(D),108610,99982,191751,305398
 "19161","Sac, IA",4,CAGDP2,6,"21","  Mining, quarrying, and oil and gas extraction ","Thousands of dollars",3572,3973,4671,5434,8830,11801,10413,12371,9910,9938,9893,11056,8770,7877,7118,6623,8444,9613,10973,11347,13213,9227
 "19161","Sac, IA",4,CAGDP2,10,"22","  Utilities ","Thousands of dollars",556,612,799,954,608,903,1505,1433,1260,1179,1253,1035,1036,1098,875,557,510,572,711,7786,22832,25845
 "19161","Sac, IA",4,CAGDP2,11,"23","  Construction ","Thousands of dollars",8488,8453,7981,10865,7397,7991,8197,7607,9240,11033,12528,12940,11710,11243,11000,12653,11701,10537,10442,9403,10157,9447
 "19161","Sac, IA",4,CAGDP2,12,"31-33","  Manufacturing ","Thousands of dollars",17225,19256,27534,38431,39429,40815,39212,39156,39406,41939,46409,54196,67624,75029,88926,82945,81109,80197,106340,85244,103514,127416
 "19161","Sac, IA",4,CAGDP2,13,"321,327-339","   Durable goods manufacturing ","Thousands of dollars",(D),(D),(D),(D),29722,27098,24463,22611,19475,21736,23335,30572,33027,45008,54540,55002,37876,34441,39937,43230,47108,51089
 "19161","Sac, IA",4,CAGDP2,25,"311-316,322-326","   Nondurable goods manufacturing ","Thousands of dollars",(D),(D),(D),(D),9707,13717,14749,16545,19931,20203,23074,23624,34597,30021,34386,27944,43233,45755,66403,42014,56405,76327
 "19161","Sac, IA",4,CAGDP2,34,"42","  Wholesale trade ","Thousands of dollars",16271,15231,15312,15395,20988,23094,24759,29337,29541,30709,34887,40712,47218,44696,43627,39298,40600,41029,41590,43246,45957,49862
 "19161","Sac, IA",4,CAGDP2,35,"44-45","  Retail trade ","Thousands of dollars",22019,22587,21830,20398,14896,13792,13024,13044,13348,12787,13245,14225,14707,14117,14329,14834,15324,16364,17113,20054,20159,20994
 "19161","Sac, IA",4,CAGDP2,36,"48-49","  Transportation and warehousing ","Thousands of dollars",(D),(D),(D),(D),(D),(D),(D),(D),(D),(D),(D),(D),(D),(D),(D),(D),(D),(D),(D),22451,23997,23760
 "19161","Sac, IA",4,CAGDP2,45,"51","  Information ","Thousands of dollars",4218,4833,5313,5859,5807,6460,6585,7193,8376,9760,10467,11171,15745,12278,13304,12555,16899,13920,19408,13924,17363,18985
 "19161","Sac, IA",4,CAGDP2,50,"52,53","  Finance, insurance, real estate, rental, and leasing ","Thousands of dollars",47979,45169,45541,46993,49677,52766,61270,54112,53185,60676,63877,73019,72009,76078,78699,72644,74585,80163,(D),82538,80490,(D)
 "19161","Sac, IA",4,CAGDP2,51,"52","   Finance and insurance ","Thousands of dollars",14647,16033,15697,17016,19628,18594,20077,16986,17200,17374,(D),(D),(D),(D),(D),(D),(D),(D),(D),(D),(D),(D)
 "19161","Sac, IA",4,CAGDP2,56,"53","   Real estate and rental and leasing ","Thousands of dollars",33332,29136,29844,29977,30049,34173,41192,37126,35985,43302,(D),(D),(D),(D),(D),(D),(D),(D),45761,(D),(D),46657
 "19161","Sac, IA",4,CAGDP2,59,"54,55,56","  Professional and business services ","Thousands of dollars",(D),(D),5729,5545,5773,6329,6149,6153,(D),(D),(D),(D),(D),(D),5338,5452,5707,5904,5848,5816,6736,7100
 "19161","Sac, IA",4,CAGDP2,60,"54","   Professional, scientific, and technical services ","Thousands of dollars",4047,(D),3771,3897,4137,4733,4511,4608,(D),(D),(D),(D),(D),(D),3584,3956,4167,4447,4109,4233,5180,5476
 "19161","Sac, IA",4,CAGDP2,64,"55","   Management of companies and enterprises ","Thousands of dollars",(D),(D),0,0,0,0,0,0,0,0,0,0,0,0,0,0,0,0,317,384,(D),(D)
 "19161","Sac, IA",4,CAGDP2,65,"56","   Administrative and support and waste management and remediation services ","Thousands of dollars",(D),(D),1958,1648,1635,1596,1638,1546,(D),(D),(D),(D),(D),(D),1754,1496,1540,1457,1422,1198,(D),(D)
 "19161","Sac, IA",4,CAGDP2,68,"61,62","  Educational services, health care, and social assistance ","Thousands of dollars",15914,16825,(D),18201,18785,20147,20397,(D),22606,23410,23315,24646,25449,24968,25247,24966,25643,27103,27195,26700,29712,31707
 "19161","Sac, IA",4,CAGDP2,69,"61","   Educational services ","Thousands of dollars",(D),(D),(D),99,62,45,48,(D),(D),(D),(D),(D),(D),989,1124,786,1237,492,1467,1045,1380,1277
 "19161","Sac, IA",4,CAGDP2,70,"62","   Health care and social assistance ","Thousands of dollars",(D),(D),(D),18103,18723,20102,20349,(D),(D),(D),(D),(D),(D),23979,24123,24180,24406,26611,25728,25655,28332,30430
 "19161","Sac, IA",4,CAGDP2,75,"71,72","  Arts, entertainment, recreation, accommodation, and food services ","Thousands of dollars",2775,2938,2998,3333,3274,3042,2710,2535,2801,3088,3997,3864,3581,3820,3842,3587,3682,3324,3507,2855,4752,(D)
 "19161","Sac, IA",4,CAGDP2,76,"71","   Arts, entertainment, and recreation ","Thousands of dollars",498,579,627,678,655,672,644,609,714,737,756,818,961,968,760,806,758,836,966,726,1156,(D)
 "19161","Sac, IA",4,CAGDP2,79,"72","   Accommodation and food services ","Thousands of dollars",2277,2359,2371,2654,2619,2371,2066,1926,2088,2351,3241,3045,2620,2852,3082,2781,2924,2488,2542,2128,3597,(D)
 "19161","Sac, IA",4,CAGDP2,82,"81","  Other services (except government and government enterprises) ","Thousands of dollars",7656,8260,8069,7868,8116,7863,8046,7749,7951,8807,8017,8970,8201,8860,9036,9513,9283,9015,9078,9176,11797,12442
 "19161","Sac, IA",4,CAGDP2,83,"92","Government and government enterprises ","Thousands of dollars",28223,28625,29263,29814,29630,31256,32208,33144,34817,36190,36107,36778,37357,38252,39811,40893,41667,43049,43739,43225,43307,44930
 "19161","Sac, IA",4,CAGDP2,87,"11,21","Natural resources and mining ","Thousands of dollars",52966,61438,46221,(D),(D),(D),(D),145822,109279,152259,183127,160022,206721,207524,(D),(D),(D),(D),119584,111329,204964,314625
 "19161","Sac, IA",4,CAGDP2,88,"42,44-45","Trade ","Thousands of dollars",38290,37818,37142,35793,35883,36886,37783,42381,42889,43496,48132,54937,61924,58813,57956,54132,55924,57393,58703,63300,66116,70855
 "19161","Sac, IA",4,CAGDP2,89,"22,48-49","Transportation and utilities ","Thousands of dollars",(D),(D),(D),(D),(D),(D),(D),(D),(D),(D),(D),(D),(D),(D),(D),(D),(D),(D),(D),30237,46830,49605
 "19161","Sac, IA",4,CAGDP2,90,"31-33,51","Manufacturing and information ","Thousands of dollars",21443,24089,32848,44290,45237,47274,45797,46349,47783,51699,56875,65368,83368,87307,102230,95500,98008,94117,125748,99169,120877,146401
 "19161","Sac, IA",4,CAGDP2,91,"...","Private goods-producing industries 2/","Thousands of dollars",78679,89147,81736,(D),(D),(D),(D),192585,157925,205231,242064,227158,286056,293796,(D),(D),(D),(D),236365,205976,318635,451488
 "19161","Sac, IA",4,CAGDP2,92,"...","Private services-providing industries 3/","Thousands of dollars",131144,129992,132562,(D),(D),(D),(D),164341,162626,174665,182452,201406,210629,209208,(D),(D),(D),(D),226527,234546,263795,277130
 "19163","Scott, IA",4,CAGDP2,1,"...","All industry total ","Thousands of dollars",5437043,5743694,5912386,6409449,6933775,7098041,7372979,7422505,7289056,7574490,7946229,8482178,8500304,8745833,9099174,9061598,9505890,9651781,10003465,9959360,10846814,11652699
 "19163","Scott, IA",4,CAGDP2,2,"..."," Private industries ","Thousands of dollars",5008590,5306556,5451058,5930854,6433714,6580549,6845642,6865853,6693379,6952992,7314608,7843480,7837535,8044636,8368296,8297674,8722796,8837340,9179373,9119429,10019076,10789410
 "19163","Scott, IA",4,CAGDP2,3,"11","  Agriculture, forestry, fishing and hunting ","Thousands of dollars",(D),(D),(D),(D),(D),(D),(D),(D),(D),(D),(D),61806,94520,(D),56396,53035,18973,36725,21977,9618,99227,129897
 "19163","Scott, IA",4,CAGDP2,6,"21","  Mining, quarrying, and oil and gas extraction ","Thousands of dollars",1529,1760,1866,1902,1959,2558,2314,2616,2160,2543,2199,2574,2468,2498,2587,2032,3104,2891,3122,3905,4570,3820
 "19163","Scott, IA",4,CAGDP2,10,"22","  Utilities ","Thousands of dollars",85736,91775,49188,59270,48654,52351,56656,59941,57965,61835,55344,52922,57040,52680,36443,30339,30973,33646,35206,52087,55312,39134
 "19163","Scott, IA",4,CAGDP2,11,"23","  Construction ","Thousands of dollars",219312,222364,223217,262335,294946,312488,339531,339361,315689,326505,339809,388865,436449,461238,532867,557870,594085,629432,654666,632277,641670,707041
 "19163","Scott, IA",4,CAGDP2,12,"31-33","  Manufacturing ","Thousands of dollars",1190656,1400793,1316242,1515540,1609610,1611119,1601106,1516135,1356900,1451383,1551038,1771458,1656473,1948123,2024813,1755214,1921197,2028867,2038886,1957076,2163556,2401542
 "19163","Scott, IA",4,CAGDP2,13,"321,327-339","   Durable goods manufacturing ","Thousands of dollars",800360,958853,795176,1030622,1178736,1153696,1148800,1073843,879646,1023629,1158082,1435220,1309792,1631409,1684010,1366924,1556427,1611095,1684260,1566276,1732176,1957714
 "19163","Scott, IA",4,CAGDP2,25,"311-316,322-326","   Nondurable goods manufacturing ","Thousands of dollars",390296,441940,521066,484918,430874,457422,452306,442292,477254,427754,392956,336239,346681,316714,340802,388290,364770,417772,354626,390800,431381,443827
 "19163","Scott, IA",4,CAGDP2,34,"42","  Wholesale trade ","Thousands of dollars",344395,343778,364168,412358,456492,483738,517290,584781,574035,593848,624857,691873,671356,646321,593188,556754,550605,574009,621030,621088,676646,730541
 "19163","Scott, IA",4,CAGDP2,35,"44-45","  Retail trade ","Thousands of dollars",474892,500845,533438,549605,564841,564700,586962,614998,632949,637369,653333,675858,679774,666936,662895,701632,714468,734366,775177,796470,892217,939603
 "19163","Scott, IA",4,CAGDP2,36,"48-49","  Transportation and warehousing ","Thousands of dollars",(D),(D),(D),(D),(D),(D),(D),(D),(D),(D),(D),193587,195561,(D),210202,210993,213619,228285,240102,236269,273865,297483
 "19163","Scott, IA",4,CAGDP2,45,"51","  Information ","Thousands of dollars",121998,123150,128936,148899,172628,197216,239010,227687,215949,158947,136987,145331,138119,150049,128834,118356,136044,135654,151278,118612,124711,132511
 "19163","Scott, IA",4,CAGDP2,50,"52,53","  Finance, insurance, real estate, rental, and leasing ","Thousands of dollars",921979,929949,1011735,1067843,1268917,1268835,1267422,1163534,1165414,1264606,1337690,1461626,1586322,1518289,1635005,1760931,1970690,1798208,1939565,2121365,2219277,2270431
 "19163","Scott, IA",4,CAGDP2,51,"52","   Finance and insurance ","Thousands of dollars",297718,316104,346793,374855,498695,468315,495082,332467,354888,349105,377636,473216,447498,537109,580102,661323,703026,733108,816626,908583,987193,951072
 "19163","Scott, IA",4,CAGDP2,56,"53","   Real estate and rental and leasing ","Thousands of dollars",624261,613845,664942,692988,770221,800520,772341,831067,810526,915502,960053,988410,1138824,981181,1054903,1099607,1267665,1065100,1122939,1212782,1232084,1319359
 "19163","Scott, IA",4,CAGDP2,59,"54,55,56","  Professional and business services ","Thousands of dollars",474401,468555,567467,580779,665030,692965,787728,826092,818941,892589,935724,935247,853424,844683,895759,894472,898845,922927,944271,903044,1016207,1156652
 "19163","Scott, IA",4,CAGDP2,60,"54","   Professional, scientific, and technical services ","Thousands of dollars",228040,231155,241053,234620,241174,233204,305223,351899,364786,397029,411306,360567,310914,283839,295181,325593,338001,367587,382811,357461,383692,414346
 "19163","Scott, IA",4,CAGDP2,64,"55","   Management of companies and enterprises ","Thousands of dollars",45505,41403,109174,117538,156959,171058,173553,159505,172260,187898,215695,276730,244950,241763,280262,267582,236888,228146,243768,246858,299562,387255
 "19163","Scott, IA",4,CAGDP2,65,"56","   Administrative and support and waste management and remediation services ","Thousands of dollars",200856,195997,217241,228621,266897,288702,308952,314688,281894,307662,308723,297950,297560,319081,320315,301297,323956,327195,317692,298726,332953,355051
 "19163","Scott, IA",4,CAGDP2,68,"61,62","  Educational services, health care, and social assistance ","Thousands of dollars",541433,567981,601609,634826,669253,696378,729803,796336,854146,867441,878610,905150,895875,903085,943269,997137,1006583,1033477,1054497,1061653,1119259,1175484
 "19163","Scott, IA",4,CAGDP2,69,"61","   Educational services ","Thousands of dollars",85572,87106,92762,103209,100133,106181,107288,117504,127119,130672,129403,127067,116117,114515,107570,105915,101501,104392,109106,103019,108409,112019
 "19163","Scott, IA",4,CAGDP2,70,"62","   Health care and social assistance ","Thousands of dollars",455861,480875,508847,531617,569120,590197,622515,678832,727026,736769,749207,778082,779758,788571,835699,891222,905082,929085,945391,958633,1010849,1063464
 "19163","Scott, IA",4,CAGDP2,75,"71,72","  Arts, entertainment, recreation, accommodation, and food services ","Thousands of dollars",292175,296871,295275,302677,305332,304304,313842,315697,307459,318098,335713,353851,363310,377393,414973,418903,421409,423453,438332,357100,461278,507994
 "19163","Scott, IA",4,CAGDP2,76,"71","   Arts, entertainment, and recreation ","Thousands of dollars",125234,122241,88587,77168,61042,50647,57012,59511,64225,72862,86166,93138,83841,81747,84506,72264,63005,66517,66869,52278,79621,90217
 "19163","Scott, IA",4,CAGDP2,79,"72","   Accommodation and food services ","Thousands of dollars",166942,174629,206687,225509,244290,253657,256830,256185,243234,245236,249548,260713,279469,295646,330467,346640,358404,356935,371463,304822,381657,417777
 "19163","Scott, IA",4,CAGDP2,82,"81","  Other services (except government and government enterprises) ","Thousands of dollars",152350,162152,159784,169416,172363,174742,178660,180823,185984,185975,189550,203332,206843,218230,231066,240005,242201,255399,261263,248865,271280,297276
 "19163","Scott, IA",4,CAGDP2,83,"92","Government and government enterprises ","Thousands of dollars",428454,437138,461328,478595,500061,517492,527337,556652,595677,621498,631621,638698,662769,701198,730878,763924,783094,814441,824093,839931,827739,863289
 "19163","Scott, IA",4,CAGDP2,87,"11,21","Natural resources and mining ","Thousands of dollars",(D),(D),(D),(D),(D),(D),(D),(D),(D),(D),(D),64380,96988,(D),58983,55067,22077,39616,25099,13523,103798,133717
 "19163","Scott, IA",4,CAGDP2,88,"42,44-45","Trade ","Thousands of dollars",819287,844623,897606,961963,1021333,1048437,1104252,1199779,1206984,1231217,1278189,1367731,1351130,1313257,1256083,1258386,1265073,1308375,1396207,1417558,1568862,1670145
 "19163","Scott, IA",4,CAGDP2,89,"22,48-49","Transportation and utilities ","Thousands of dollars",(D),(D),(D),(D),(D),(D),(D),(D),(D),(D),(D),246509,252601,(D),246644,241333,244592,261932,275308,288357,329177,336617
 "19163","Scott, IA",4,CAGDP2,90,"31-33,51","Manufacturing and information ","Thousands of dollars",1312655,1523942,1445178,1664438,1782237,1808335,1840116,1743822,1572848,1610330,1688025,1916789,1794593,2098172,2153647,1873570,2057241,2164521,2190164,2075688,2288268,2534053
 "19163","Scott, IA",4,CAGDP2,91,"...","Private goods-producing industries 2/","Thousands of dollars",(D),(D),(D),(D),(D),(D),(D),(D),(D),(D),(D),2224703,2189911,(D),2616663,2368152,2537359,2697916,2718652,2602876,2909024,3242299
 "19163","Scott, IA",4,CAGDP2,92,"...","Private services-providing industries 3/","Thousands of dollars",(D),(D),(D),(D),(D),(D),(D),(D),(D),(D),(D),5618776,5647624,(D),5751633,5929523,6185437,6139425,6460721,6516553,7110051,7547110
 "19165","Shelby, IA",4,CAGDP2,1,"...","All industry total ","Thousands of dollars",292540,313408,313260,383530,388131,397038,426470,494859,503346,526451,617342,707978,705486,690828,714687,684695,676877,713992,723953,702712,871669,965062
 "19165","Shelby, IA",4,CAGDP2,2,"..."," Private industries ","Thousands of dollars",253456,273241,270911,339671,342015,346325,373105,438053,443370,462444,552970,644089,634371,616202,639263,609714,598983,633604,643101,622007,789270,878643
 "19165","Shelby, IA",4,CAGDP2,3,"11","  Agriculture, forestry, fishing and hunting ","Thousands of dollars",37669,45563,28077,71957,48668,42185,(D),89067,75837,55077,109380,99781,118966,88113,79180,80061,81485,89122,89364,62486,161245,219567
 "19165","Shelby, IA",4,CAGDP2,6,"21","  Mining, quarrying, and oil and gas extraction ","Thousands of dollars",0,0,0,1739,4766,6806,4912,59,0,0,0,0,0,0,0,0,0,0,0,0,0,0
 "19165","Shelby, IA",4,CAGDP2,10,"22","  Utilities ","Thousands of dollars",1852,2021,1946,2168,2246,2389,2504,2610,2881,2741,2796,2609,2731,3271,2867,3030,2973,3759,3364,3289,3403,3365
 "19165","Shelby, IA",4,CAGDP2,11,"23","  Construction ","Thousands of dollars",14845,14879,14080,15126,14947,14598,14514,17980,18260,19191,20677,21487,23341,24390,25642,17021,13491,12617,13098,15414,17777,17765
 "19165","Shelby, IA",4,CAGDP2,12,"31-33","  Manufacturing ","Thousands of dollars",17294,18591,23168,28919,34282,31542,42133,51170,51069,51685,45412,53654,73255,59139,104669,84795,76820,88672,90505,103758,118476,127012
 "19165","Shelby, IA",4,CAGDP2,13,"321,327-339","   Durable goods manufacturing ","Thousands of dollars",(D),(D),(D),(D),27010,(D),(D),28128,(D),(D),20717,28387,43359,26324,61459,31006,24544,26944,30251,28846,27960,29884
 "19165","Shelby, IA",4,CAGDP2,25,"311-316,322-326","   Nondurable goods manufacturing ","Thousands of dollars",(D),(D),(D),(D),7272,(D),(D),23042,(D),(D),24695,25267,29896,32816,43210,53789,52276,61728,60255,74912,90517,97128
 "19165","Shelby, IA",4,CAGDP2,34,"42","  Wholesale trade ","Thousands of dollars",26652,27203,28430,29766,32057,33884,36867,41710,40278,41616,39910,(D),(D),41102,(D),(D),(D),59197,(D),(D),(D),(D)
 "19165","Shelby, IA",4,CAGDP2,35,"44-45","  Retail trade ","Thousands of dollars",27101,27300,27507,28570,28605,27943,27237,28815,33994,40178,39167,40538,40437,40497,39403,36652,32649,32884,35129,40657,45495,48891
 "19165","Shelby, IA",4,CAGDP2,36,"48-49","  Transportation and warehousing ","Thousands of dollars",(D),(D),(D),(D),(D),(D),(D),(D),(D),(D),(D),58559,53641,59030,59142,57556,67106,71436,73770,65717,88939,99756
 "19165","Shelby, IA",4,CAGDP2,45,"51","  Information ","Thousands of dollars",17170,21532,24548,29556,29868,29651,27652,24186,32459,55370,82950,122559,70390,42097,38303,23036,33708,33059,36965,39009,46750,49141
 "19165","Shelby, IA",4,CAGDP2,50,"52,53","  Finance, insurance, real estate, rental, and leasing ","Thousands of dollars",57922,58933,63851,67784,75988,79581,78764,79939,79591,82239,89817,131539,133828,182037,169919,178431,155291,156892,156694,164102,174738,(D)
 "19165","Shelby, IA",4,CAGDP2,51,"52","   Finance and insurance ","Thousands of dollars",20263,23066,25155,27448,32668,32576,37974,30997,30721,33641,38791,77852,74127,117810,105655,110389,95768,89834,90966,100567,112598,111798
 "19165","Shelby, IA",4,CAGDP2,56,"53","   Real estate and rental and leasing ","Thousands of dollars",37658,35868,38696,40336,43319,47005,40790,48942,48870,48598,51026,53688,59702,64227,64264,68043,59523,67058,65729,63535,62141,(D)
 "19165","Shelby, IA",4,CAGDP2,59,"54,55,56","  Professional and business services ","Thousands of dollars",13030,14860,14855,17027,18328,20635,24387,25195,26618,28825,28277,29404,29533,29254,27805,30056,31618,33814,34995,30598,30476,30856
 "19165","Shelby, IA",4,CAGDP2,60,"54","   Professional, scientific, and technical services ","Thousands of dollars",5410,6013,6015,5993,6356,6810,6624,8098,8363,9176,9663,10769,12450,15565,14173,16128,14949,14797,15188,12365,12665,12459
 "19165","Shelby, IA",4,CAGDP2,64,"55","   Management of companies and enterprises ","Thousands of dollars",2836,2843,3084,4321,4420,4867,4892,4671,5552,5974,5424,6748,7648,7590,7640,7912,9737,10521,11277,10788,9861,10360
 "19165","Shelby, IA",4,CAGDP2,65,"56","   Administrative and support and waste management and remediation services ","Thousands of dollars",4784,6003,5757,6713,7552,8958,12871,12426,12704,13676,13190,11888,9435,6098,5992,6016,6932,8496,8529,7445,7950,8037
 "19165","Shelby, IA",4,CAGDP2,68,"61,62","  Educational services, health care, and social assistance ","Thousands of dollars",(D),(D),(D),(D),(D),(D),21353,(D),(D),(D),(D),(D),(D),27428,(D),(D),(D),29840,(D),(D),(D),29821
 "19165","Shelby, IA",4,CAGDP2,69,"61","   Educational services ","Thousands of dollars",(D),(D),(D),(D),(D),(D),1917,(D),(D),(D),(D),(D),(D),(D),(D),(D),(D),(D),(D),(D),(D),(D)
 "19165","Shelby, IA",4,CAGDP2,70,"62","   Health care and social assistance ","Thousands of dollars",(D),(D),(D),(D),(D),(D),19437,(D),(D),(D),(D),(D),(D),(D),(D),(D),(D),(D),(D),(D),(D),(D)
 "19165","Shelby, IA",4,CAGDP2,75,"71,72","  Arts, entertainment, recreation, accommodation, and food services ","Thousands of dollars",5429,5546,5782,5521,5601,6207,7205,7657,7543,7400,7457,7855,7264,7527,8926,9404,9709,9829,10562,7970,10099,11007
 "19165","Shelby, IA",4,CAGDP2,76,"71","   Arts, entertainment, and recreation ","Thousands of dollars",1484,1610,1623,1489,1490,1799,1976,2188,2536,2596,2589,2660,2763,2839,3033,3204,3389,3377,3518,2818,3605,3949
 "19165","Shelby, IA",4,CAGDP2,79,"72","   Accommodation and food services ","Thousands of dollars",3945,3936,4159,4032,4111,4407,5229,5470,5007,4803,4867,5195,4501,4688,5892,6200,6320,6451,7043,5152,6493,7059
 "19165","Shelby, IA",4,CAGDP2,82,"81","  Other services (except government and government enterprises) ","Thousands of dollars",11101,12213,12134,10968,11821,12352,12188,11500,11679,11141,11066,11011,11451,12318,13272,14232,13165,12483,11997,12243,13440,14135
 "19165","Shelby, IA",4,CAGDP2,83,"92","Government and government enterprises ","Thousands of dollars",39085,40168,42349,43859,46115,50713,53364,56806,59976,64008,64373,63889,71115,74625,75424,74981,77894,80388,80851,80705,82398,86419
 "19165","Shelby, IA",4,CAGDP2,87,"11,21","Natural resources and mining ","Thousands of dollars",37669,45563,28077,73695,53434,48991,(D),89126,75837,55077,109380,99781,118966,88113,79180,80061,81485,89122,89364,62486,161245,219567
 "19165","Shelby, IA",4,CAGDP2,88,"42,44-45","Trade ","Thousands of dollars",53753,54503,55937,58336,60662,61827,64103,70525,74271,81794,79077,(D),(D),81599,(D),(D),(D),92081,(D),(D),(D),(D)
 "19165","Shelby, IA",4,CAGDP2,89,"22,48-49","Transportation and utilities ","Thousands of dollars",(D),(D),(D),(D),(D),(D),(D),(D),(D),(D),(D),61168,56372,62301,62009,60586,70079,75195,77134,69007,92342,103120
 "19165","Shelby, IA",4,CAGDP2,90,"31-33,51","Manufacturing and information ","Thousands of dollars",34464,40123,47716,58475,64150,61193,69785,75356,83528,107055,128362,176213,143646,101237,142973,107831,110528,121731,127470,142767,165226,176153
 "19165","Shelby, IA",4,CAGDP2,91,"...","Private goods-producing industries 2/","Thousands of dollars",69808,79033,65324,117741,102663,95131,(D),158276,145167,125953,175469,174922,215563,171642,209491,181878,171796,190411,192967,181658,297498,364343
 "19165","Shelby, IA",4,CAGDP2,92,"...","Private services-providing industries 3/","Thousands of dollars",183648,194208,205587,221930,239352,251194,(D),279777,298203,336491,377501,469167,418808,444560,429772,427836,427187,443192,450134,440349,491772,514300
 "19167","Sioux, IA",4,CAGDP2,1,"...","All industry total ","Thousands of dollars",1018874,1124325,1280189,1370895,1398444,1507169,1500335,1611590,1429165,1626487,1793905,1942768,2068392,2301963,2417650,2378931,2622378,2654740,2364812,2545015,2658347,3256855
 "19167","Sioux, IA",4,CAGDP2,2,"..."," Private industries ","Thousands of dollars",941336,1041888,1191094,1277221,1297620,1400375,1390972,1496859,1307679,1500505,1666687,1813769,1930485,2157016,2266051,2219464,2457393,2479275,2183568,2355676,2467235,3054246
 "19167","Sioux, IA",4,CAGDP2,3,"11","  Agriculture, forestry, fishing and hunting ","Thousands of dollars",140617,174816,247712,275142,269337,305427,264013,339657,119222,273882,389242,458269,531370,672967,627877,577677,832330,731152,386112,450238,374169,824859
 "19167","Sioux, IA",4,CAGDP2,6,"21","  Mining, quarrying, and oil and gas extraction ","Thousands of dollars",1921,2874,3248,3857,4255,5497,5484,6165,4506,4756,5108,5959,5399,5905,5721,4924,6556,6904,8384,9659,12570,9251
 "19167","Sioux, IA",4,CAGDP2,10,"22","  Utilities ","Thousands of dollars",2797,2823,2661,2883,2891,3104,3200,3416,3574,3831,3929,3790,4207,4709,4706,5240,5289,5799,5744,6015,6110,6198
 "19167","Sioux, IA",4,CAGDP2,11,"23","  Construction ","Thousands of dollars",42835,40523,49781,53070,55974,61380,63864,61146,65166,69088,75907,85782,89587,95997,102339,122177,119817,118408,127645,160315,181381,187243
 "19167","Sioux, IA",4,CAGDP2,12,"31-33","  Manufacturing ","Thousands of dollars",308986,371643,409466,434658,425366,480107,473132,477014,461994,480726,465153,479300,467025,495101,601043,531277,518224,589984,622394,669168,776054,811324
 "19167","Sioux, IA",4,CAGDP2,13,"321,327-339","   Durable goods manufacturing ","Thousands of dollars",134643,151576,166114,211758,223940,235926,227195,220335,173420,184955,199783,252875,218388,241959,300682,248491,252443,277339,333233,314274,342985,348565
 "19167","Sioux, IA",4,CAGDP2,25,"311-316,322-326","   Nondurable goods manufacturing ","Thousands of dollars",174342,220066,243352,222899,201426,244182,245937,256679,288574,295771,265370,226425,248637,253142,300360,282785,265781,312646,289162,354895,433069,462759
 "19167","Sioux, IA",4,CAGDP2,34,"42","  Wholesale trade ","Thousands of dollars",75295,77985,79042,81883,93746,100336,110430,117319,121637,128564,140670,148570,152302,146766,159063,154409,148120,153043,144120,149718,159177,176971
 "19167","Sioux, IA",4,CAGDP2,35,"44-45","  Retail trade ","Thousands of dollars",58331,59974,67536,65638,62521,64749,65861,68871,73776,77389,78771,83084,81401,86766,90287,94387,87966,91750,94616,100301,116501,126901
 "19167","Sioux, IA",4,CAGDP2,36,"48-49","  Transportation and warehousing ","Thousands of dollars",13986,13349,18055,24864,29838,31700,34235,33222,36324,43614,48124,51630,49666,60208,65652,65120,70181,76806,74027,79026,76806,85240
 "19167","Sioux, IA",4,CAGDP2,45,"51","  Information ","Thousands of dollars",9575,9556,10178,13432,13991,14807,15673,17000,18998,19972,17539,22453,23145,21136,19323,17615,24756,27422,31780,33490,36784,39037
 "19167","Sioux, IA",4,CAGDP2,50,"52,53","  Finance, insurance, real estate, rental, and leasing ","Thousands of dollars",143280,137258,144753,146273,159934,140568,154352,155188,173370,165653,204148,214072,254774,288565,294787,335894,321761,329731,312619,359506,354264,388868
 "19167","Sioux, IA",4,CAGDP2,51,"52","   Finance and insurance ","Thousands of dollars",45629,51917,56191,56855,64626,61710,65672,56790,55670,54035,73870,86779,97048,121142,130322,151256,151093,152296,154404,158011,159548,164628
 "19167","Sioux, IA",4,CAGDP2,56,"53","   Real estate and rental and leasing ","Thousands of dollars",97651,85341,88562,89418,95309,78858,88680,98398,117700,111618,130278,127293,157726,167423,164464,184638,170668,177436,158216,201495,194716,224240
 "19167","Sioux, IA",4,CAGDP2,59,"54,55,56","  Professional and business services ","Thousands of dollars",31301,32514,33317,40715,43983,51217,57428,60981,59130,60390,65986,74110,78236,77924,83573,84837,90928,100404,105914,81732,88937,97970
 "19167","Sioux, IA",4,CAGDP2,60,"54","   Professional, scientific, and technical services ","Thousands of dollars",21775,23585,17591,20179,21851,25527,27307,31029,30852,32809,36713,40959,44863,44133,46599,44883,51238,55782,59188,46604,48053,52915
 "19167","Sioux, IA",4,CAGDP2,64,"55","   Management of companies and enterprises ","Thousands of dollars",1173,1009,(D),9277,9460,10310,11770,11335,10075,8929,9095,9798,(D),9588,8494,8641,9227,10547,10276,9389,11346,11859
 "19167","Sioux, IA",4,CAGDP2,65,"56","   Administrative and support and waste management and remediation services ","Thousands of dollars",8354,7920,(D),11259,12672,15380,18351,18618,18204,18652,20178,23352,(D),24204,28481,31313,30462,34074,36450,25739,29539,33196
 "19167","Sioux, IA",4,CAGDP2,68,"61,62","  Educational services, health care, and social assistance ","Thousands of dollars",79772,84073,90326,98718,98229,102243,103221,114397,124232,124383,122775,131598,135981,139244,146462,156545,159787,168892,181321,177818,189024,198567
 "19167","Sioux, IA",4,CAGDP2,69,"61","   Educational services ","Thousands of dollars",37696,38884,42181,46983,46350,48062,47758,51319,58149,58333,58457,60087,59857,61165,60120,65091,66208,70313,74689,70935,76255,81912
 "19167","Sioux, IA",4,CAGDP2,70,"62","   Health care and social assistance ","Thousands of dollars",42076,45189,48145,51735,51879,54181,55463,63078,66083,66050,64317,71511,76124,78079,86342,91454,93578,98579,106631,106884,112770,116654
 "19167","Sioux, IA",4,CAGDP2,75,"71,72","  Arts, entertainment, recreation, accommodation, and food services ","Thousands of dollars",13504,13688,14365,14418,14732,15388,16509,18436,20146,21551,22748,25886,26856,28126,30611,32862,35092,38025,46828,36466,51166,54036
 "19167","Sioux, IA",4,CAGDP2,76,"71","   Arts, entertainment, and recreation ","Thousands of dollars",1467,1496,1555,1585,1668,1925,2051,2153,2535,3143,3540,3880,4019,4344,4260,4198,4387,4568,5609,4651,6956,7662
 "19167","Sioux, IA",4,CAGDP2,79,"72","   Accommodation and food services ","Thousands of dollars",12038,12192,12811,12834,13063,13464,14458,16283,17611,18408,19208,22006,22837,23782,26351,28665,30705,33457,41219,31814,44210,46374
 "19167","Sioux, IA",4,CAGDP2,82,"81","  Other services (except government and government enterprises) ","Thousands of dollars",19138,20812,20654,21669,22822,23852,23570,24046,25606,26707,26587,29265,30535,33602,34608,36501,36589,40954,42065,42223,44293,47781
 "19167","Sioux, IA",4,CAGDP2,83,"92","Government and government enterprises ","Thousands of dollars",77538,82437,89095,93674,100825,106794,109363,114731,121486,125981,127219,128999,137907,144948,151599,159467,164985,175465,181244,189340,191112,202609
 "19167","Sioux, IA",4,CAGDP2,87,"11,21","Natural resources and mining ","Thousands of dollars",142537,177690,250960,278999,273592,310924,269497,345822,123727,278637,394350,464229,536769,678872,633598,582601,838885,738057,394496,459897,386739,834110
 "19167","Sioux, IA",4,CAGDP2,88,"42,44-45","Trade ","Thousands of dollars",133625,137959,146578,147521,156267,165085,176291,186190,195413,205953,219441,231654,233704,233531,249350,248796,236086,244793,238736,250019,275678,303872
 "19167","Sioux, IA",4,CAGDP2,89,"22,48-49","Transportation and utilities ","Thousands of dollars",16782,16172,20716,27747,32729,34803,37434,36638,39898,47445,52054,55421,53873,64918,70358,70359,75470,82604,79771,85041,82916,91439
 "19167","Sioux, IA",4,CAGDP2,90,"31-33,51","Manufacturing and information ","Thousands of dollars",318560,381199,419644,448090,439357,494914,488806,494014,480992,500698,482692,501753,490170,516237,620365,548892,542980,617406,654174,702658,812838,850362
 "19167","Sioux, IA",4,CAGDP2,91,"...","Private goods-producing industries 2/","Thousands of dollars",494358,589856,710206,766727,754932,852412,806493,883982,650887,828451,935410,1029312,1093381,1269969,1336979,1236055,1476926,1446449,1144535,1289380,1344174,1832677
 "19167","Sioux, IA",4,CAGDP2,92,"...","Private services-providing industries 3/","Thousands of dollars",446978,452032,480888,510494,542687,547963,584479,612877,656792,672054,731277,784457,837104,887046,929071,983410,980468,1032826,1039033,1066296,1123062,1221569
 "19169","Story, IA",4,CAGDP2,1,"...","All industry total ","Thousands of dollars",2461442,2600327,2787633,2984893,3149199,3346837,3535627,3761141,3753160,3848594,4070535,4358683,4764402,5028581,5219072,5183854,5502762,5688091,5877045,5942728,6422113,6803818
 "19169","Story, IA",4,CAGDP2,2,"..."," Private industries ","Thousands of dollars",1545520,1646315,1769887,1950788,2068811,2209510,2386297,2555340,2476671,2535211,2753378,3001948,3359923,3566892,3705016,3617091,3906062,4032087,4225603,4293790,4773557,5085898
 "19169","Story, IA",4,CAGDP2,3,"11","  Agriculture, forestry, fishing and hunting ","Thousands of dollars",43779,68430,(D),(D),(D),(D),(D),82564,(D),(D),(D),(D),(D),(D),(D),(D),(D),(D),(D),(D),142369,171639
 "19169","Story, IA",4,CAGDP2,6,"21","  Mining, quarrying, and oil and gas extraction ","Thousands of dollars",7072,7635,7723,8609,11034,14924,12936,14522,12292,11739,12248,12558,13530,14785,14765,12694,15558,17688,21556,28139,31891,28721
 "19169","Story, IA",4,CAGDP2,10,"22","  Utilities ","Thousands of dollars",26783,25163,18492,18369,23315,25626,24516,30046,27402,37922,35919,38468,38633,38972,38802,44839,45585,38952,(D),53845,56402,63563
 "19169","Story, IA",4,CAGDP2,11,"23","  Construction ","Thousands of dollars",77427,83166,96240,117460,137211,151915,160613,152211,146388,117998,119812,131077,153028,215894,222761,202659,221423,238832,269126,273968,249591,245483
 "19169","Story, IA",4,CAGDP2,12,"31-33","  Manufacturing ","Thousands of dollars",310180,323883,350086,382523,390142,461029,480967,628729,452838,489119,644835,807826,988334,1012747,965365,782995,968767,978338,985686,1022506,1214070,1338581
 "19169","Story, IA",4,CAGDP2,13,"321,327-339","   Durable goods manufacturing ","Thousands of dollars",147009,149537,158284,175855,187853,197623,209619,186834,100695,153874,199667,222974,202326,258384,303209,286116,409149,398535,473207,516622,564261,564210
 "19169","Story, IA",4,CAGDP2,25,"311-316,322-326","   Nondurable goods manufacturing ","Thousands of dollars",163172,174346,191802,206668,202289,263406,271348,441894,352143,335244,445168,584852,786008,754363,662156,496879,559618,579803,512480,505884,649809,774371
 "19169","Story, IA",4,CAGDP2,34,"42","  Wholesale trade ","Thousands of dollars",72831,73903,79279,93925,101871,114532,138188,163104,172663,181816,184620,204627,227985,238435,261778,254389,258122,255240,273875,273129,289314,307086
 "19169","Story, IA",4,CAGDP2,35,"44-45","  Retail trade ","Thousands of dollars",160364,164478,173295,182677,188379,187058,186127,188555,192071,198013,204170,212086,217718,220499,239151,255575,261805,268646,286740,306143,348653,369035
 "19169","Story, IA",4,CAGDP2,36,"48-49","  Transportation and warehousing ","Thousands of dollars",50160,52942,(D),(D),(D),(D),(D),68484,(D),(D),(D),(D),(D),(D),(D),(D),(D),(D),(D),(D),58955,64037
 "19169","Story, IA",4,CAGDP2,45,"51","  Information ","Thousands of dollars",50659,54778,58014,67068,70892,73786,84078,80404,80901,81711,78362,78058,91515,94946,105489,115481,130296,128200,140117,127594,135684,146816
 "19169","Story, IA",4,CAGDP2,50,"52,53","  Finance, insurance, real estate, rental, and leasing ","Thousands of dollars",342434,361845,409557,433951,487672,491257,541416,530200,605596,654155,660644,643844,699132,746752,826641,889768,908588,935436,1011674,1039471,989529,1037731
 "19169","Story, IA",4,CAGDP2,51,"52","   Finance and insurance ","Thousands of dollars",79393,94112,108386,116202,133956,122642,126824,104754,109541,115944,140099,173550,172347,221681,257831,306444,301790,294498,284939,300576,320610,313929
 "19169","Story, IA",4,CAGDP2,56,"53","   Real estate and rental and leasing ","Thousands of dollars",263042,267732,301171,317749,353716,368615,414592,425446,496055,538211,520546,470295,526785,525071,568810,583325,606798,640938,726734,738895,668919,723803
 "19169","Story, IA",4,CAGDP2,59,"54,55,56","  Professional and business services ","Thousands of dollars",128162,143955,167295,185117,194287,205235,225234,235188,231268,243115,228348,252396,278722,319807,398733,429343,455369,475875,495414,507444,621195,640485
 "19169","Story, IA",4,CAGDP2,60,"54","   Professional, scientific, and technical services ","Thousands of dollars",68503,75253,87202,102763,109952,112333,119757,127840,129349,130204,129038,148096,171370,196000,244593,278604,288226,301488,320402,317255,379890,376478
 "19169","Story, IA",4,CAGDP2,64,"55","   Management of companies and enterprises ","Thousands of dollars",19747,20383,22081,21945,21720,22356,28094,33226,36417,40463,27522,30785,34092,41644,66917,65857,76811,81985,80545,94620,131256,142965
 "19169","Story, IA",4,CAGDP2,65,"56","   Administrative and support and waste management and remediation services ","Thousands of dollars",39912,48320,58012,60410,62615,70546,77383,74121,65503,72449,71788,73515,73260,82162,87223,84883,90332,92403,94466,95568,110048,121042
 "19169","Story, IA",4,CAGDP2,68,"61,62","  Educational services, health care, and social assistance ","Thousands of dollars",138062,139701,153904,167594,179521,187743,192648,211456,224211,223607,236090,241755,245556,253528,267868,285190,300875,311060,319905,309653,347392,357378
 "19169","Story, IA",4,CAGDP2,69,"61","   Educational services ","Thousands of dollars",8341,8911,10593,10656,9721,10768,12188,13046,14196,14189,13770,13656,14327,14522,14086,13975,13772,14687,17075,15741,18593,21647
 "19169","Story, IA",4,CAGDP2,70,"62","   Health care and social assistance ","Thousands of dollars",129721,130790,143310,156938,169800,176975,180460,198409,210014,209418,222320,228099,231230,239006,253782,271215,287104,296373,302830,293912,328799,335731
 "19169","Story, IA",4,CAGDP2,75,"71,72","  Arts, entertainment, recreation, accommodation, and food services ","Thousands of dollars",82570,86316,81799,82937,87098,90994,94035,98079,104191,106630,114906,133464,139464,149888,159992,170085,172220,178141,174171,134701,176454,194068
 "19169","Story, IA",4,CAGDP2,76,"71","   Arts, entertainment, and recreation ","Thousands of dollars",8023,8381,7551,6805,7581,9523,12626,13766,18499,18164,20537,25060,26760,27853,27424,26804,26632,29840,31288,24741,32827,34549
 "19169","Story, IA",4,CAGDP2,79,"72","   Accommodation and food services ","Thousands of dollars",74546,77935,74248,76132,79516,81471,81409,84313,85692,88466,94369,108404,112704,122034,132568,143281,145588,148301,142883,109959,143627,159519
 "19169","Story, IA",4,CAGDP2,82,"81","  Other services (except government and government enterprises) ","Thousands of dollars",55037,60120,59253,62522,64003,65551,69331,71797,72368,69607,69320,72671,73687,79338,85202,87684,95645,105695,109446,105305,112059,121272
 "19169","Story, IA",4,CAGDP2,83,"92","Government and government enterprises ","Thousands of dollars",915922,954011,1017746,1034104,1080388,1137327,1149330,1205801,1276489,1313382,1317156,1356735,1404479,1461689,1514056,1566764,1596700,1656005,1651442,1648938,1648556,1717920
 "19169","Story, IA",4,CAGDP2,87,"11,21","Natural resources and mining ","Thousands of dollars",50851,76066,(D),(D),(D),(D),(D),97087,(D),(D),(D),(D),(D),(D),(D),(D),(D),(D),(D),(D),174259,200360
 "19169","Story, IA",4,CAGDP2,88,"42,44-45","Trade ","Thousands of dollars",233196,238381,252574,276602,290249,301590,324315,351659,364734,379830,388790,416712,445703,458934,500929,509965,519927,523886,560615,579273,637967,676122
 "19169","Story, IA",4,CAGDP2,89,"22,48-49","Transportation and utilities ","Thousands of dollars",76942,78105,(D),(D),(D),(D),(D),98530,(D),(D),(D),(D),(D),(D),(D),(D),(D),(D),(D),(D),115357,127601
 "19169","Story, IA",4,CAGDP2,90,"31-33,51","Manufacturing and information ","Thousands of dollars",360839,378661,408100,449591,461034,534815,565044,709133,533738,570830,723197,885885,1079848,1107693,1070854,898476,1099064,1106538,1125804,1150100,1349754,1485397
 "19169","Story, IA",4,CAGDP2,91,"...","Private goods-producing industries 2/","Thousands of dollars",438458,483115,(D),(D),(D),(D),(D),878026,(D),(D),(D),(D),(D),(D),(D),(D),(D),(D),(D),(D),1637920,1784425
 "19169","Story, IA",4,CAGDP2,92,"...","Private services-providing industries 3/","Thousands of dollars",1107062,1163201,(D),(D),(D),(D),(D),1677314,(D),(D),(D),(D),(D),(D),(D),(D),(D),(D),(D),(D),3135637,3301473
 "19171","Tama, IA",4,CAGDP2,1,"...","All industry total ","Thousands of dollars",332571,353889,334061,426543,407903,426082,482091,486436,503533,490577,549601,566701,563877,533420,546699,587589,569743,619241,634755,687053,804332,875613
 "19171","Tama, IA",4,CAGDP2,2,"..."," Private industries ","Thousands of dollars",239029,257435,255228,325452,303098,317402,371362,374079,388193,373655,435383,449611,443936,414475,423922,460359,439546,483134,495288,549197,671110,733684
 "19171","Tama, IA",4,CAGDP2,3,"11","  Agriculture, forestry, fishing and hunting ","Thousands of dollars",29767,53740,36266,91272,72824,84619,118346,131747,139120,116624,154285,168033,161282,127122,89426,90682,52906,61876,71603,92499,186178,224064
 "19171","Tama, IA",4,CAGDP2,6,"21","  Mining, quarrying, and oil and gas extraction ","Thousands of dollars",0,0,0,0,0,0,0,0,0,0,0,0,0,0,0,0,0,0,91,396,486,1324
 "19171","Tama, IA",4,CAGDP2,10,"22","  Utilities ","Thousands of dollars",1193,1401,1397,1446,1449,2106,2249,2371,2580,2419,2199,1939,1981,1742,2013,2248,2141,2292,1607,693,702,0
 "19171","Tama, IA",4,CAGDP2,11,"23","  Construction ","Thousands of dollars",13461,13073,12100,13055,18008,17709,29447,28150,23724,22004,24509,27119,26804,26825,25857,25635,22118,21614,21151,21402,21920,26376
 "19171","Tama, IA",4,CAGDP2,12,"31-33","  Manufacturing ","Thousands of dollars",43057,37784,48509,57173,43807,42181,36005,29472,34903,37339,39106,32947,35234,38786,73523,105329,125743,146388,138599,186400,207501,216859
 "19171","Tama, IA",4,CAGDP2,13,"321,327-339","   Durable goods manufacturing ","Thousands of dollars",19527,20160,19459,23257,21654,20936,(D),(D),9389,11577,11441,12065,9812,11739,12343,12351,13503,14140,15901,17892,16657,16367
 "19171","Tama, IA",4,CAGDP2,25,"311-316,322-326","   Nondurable goods manufacturing ","Thousands of dollars",23530,17624,29051,33916,22153,21245,(D),(D),25514,25761,27665,20882,25422,27046,61180,92978,112239,132248,122698,168508,190845,200492
 "19171","Tama, IA",4,CAGDP2,34,"42","  Wholesale trade ","Thousands of dollars",27884,26260,22719,19444,20249,18922,19169,22502,24060,25639,26129,(D),30971,33253,32782,32648,32423,30367,29093,31475,33871,33494
 "19171","Tama, IA",4,CAGDP2,35,"44-45","  Retail trade ","Thousands of dollars",18657,19003,18769,20328,18557,18705,19169,20866,21110,19773,19425,20415,21053,21087,22677,24434,26684,28353,29843,31615,33759,34944
 "19171","Tama, IA",4,CAGDP2,36,"48-49","  Transportation and warehousing ","Thousands of dollars",(D),8769,11988,14763,15809,17250,18296,17437,16863,17832,20006,20649,(D),(D),(D),(D),(D),(D),(D),(D),(D),(D)
 "19171","Tama, IA",4,CAGDP2,45,"51","  Information ","Thousands of dollars",3160,3075,3177,3422,3475,3614,3943,4158,4499,4872,4320,3548,3424,3076,3338,3853,4315,3966,3637,3498,3692,4048
 "19171","Tama, IA",4,CAGDP2,50,"52,53","  Finance, insurance, real estate, rental, and leasing ","Thousands of dollars",59718,59397,62918,66192,70598,71406,81712,74536,76582,80492,99259,98684,99568,97846,105974,105053,103207,117127,129379,109158,104826,(D)
 "19171","Tama, IA",4,CAGDP2,51,"52","   Finance and insurance ","Thousands of dollars",13247,15163,15551,16919,18927,17371,19191,16096,16040,14999,19393,21244,20687,24405,25267,29575,29714,29965,30419,29459,31518,32694
 "19171","Tama, IA",4,CAGDP2,56,"53","   Real estate and rental and leasing ","Thousands of dollars",46470,44234,47367,49273,51671,54034,62521,58440,60542,65494,79866,77439,78880,73441,80707,75478,73493,87162,98959,79698,73308,(D)
 "19171","Tama, IA",4,CAGDP2,59,"54,55,56","  Professional and business services ","Thousands of dollars",(D),5645,7499,7462,7375,8963,9031,9969,9866,10667,11114,(D),(D),(D),(D),(D),(D),(D),(D),(D),17522,18847
 "19171","Tama, IA",4,CAGDP2,60,"54","   Professional, scientific, and technical services ","Thousands of dollars",3497,3821,(D),(D),4464,5831,5871,6524,(D),(D),(D),(D),(D),(D),(D),(D),(D),(D),(D),(D),7951,8752
 "19171","Tama, IA",4,CAGDP2,64,"55","   Management of companies and enterprises ","Thousands of dollars",(D),(D),(D),0,(D),(D),137,(D),(D),(D),(D),(D),(D),(D),(D),(D),(D),(D),(D),(D),475,354
 "19171","Tama, IA",4,CAGDP2,65,"56","   Administrative and support and waste management and remediation services ","Thousands of dollars",(D),(D),(D),(D),(D),(D),3023,(D),3846,5075,5299,5558,5280,5050,5272,5634,6579,6141,5557,5993,9095,9741
 "19171","Tama, IA",4,CAGDP2,68,"61,62","  Educational services, health care, and social assistance ","Thousands of dollars",13215,13271,14482,15087,15491,16773,18900,18480,20133,20556,20053,20534,21542,21924,22646,23216,23559,23228,22642,23395,(D),24846
 "19171","Tama, IA",4,CAGDP2,69,"61","   Educational services ","Thousands of dollars",(D),(D),(D),(D),(D),(D),(D),(D),(D),(D),(D),(D),(D),(D),435,(D),(D),(D),(D),(D),(D),(D)
 "19171","Tama, IA",4,CAGDP2,70,"62","   Health care and social assistance ","Thousands of dollars",(D),(D),(D),(D),(D),(D),(D),(D),(D),(D),(D),(D),(D),(D),22211,(D),(D),(D),(D),(D),(D),(D)
 "19171","Tama, IA",4,CAGDP2,75,"71,72","  Arts, entertainment, recreation, accommodation, and food services ","Thousands of dollars",5829,5802,5483,5263,4788,4492,4656,4700,4710,4839,4634,4979,5061,5298,5561,6598,6858,7473,7199,5773,6783,7071
 "19171","Tama, IA",4,CAGDP2,76,"71","   Arts, entertainment, and recreation ","Thousands of dollars",644,662,589,617,716,761,760,752,780,784,717,864,913,972,793,777,750,740,788,862,1120,1111
 "19171","Tama, IA",4,CAGDP2,79,"72","   Accommodation and food services ","Thousands of dollars",5184,5140,4893,4646,4072,3731,3895,3949,3929,4055,3918,4115,4149,4327,4769,5821,6108,6733,6411,4911,5663,5959
 "19171","Tama, IA",4,CAGDP2,82,"81","  Other services (except government and government enterprises) ","Thousands of dollars",9298,10215,9922,10545,10669,10664,10441,9692,10044,10600,10344,9990,9208,9370,10029,10955,10546,10816,10910,10987,11606,12312
 "19171","Tama, IA",4,CAGDP2,83,"92","Government and government enterprises ","Thousands of dollars",93543,96454,78833,101090,104804,108679,110729,112358,115340,116922,114218,117090,119941,118945,122777,127230,130197,136107,139466,137856,133222,141929
 "19171","Tama, IA",4,CAGDP2,87,"11,21","Natural resources and mining ","Thousands of dollars",29767,53740,36266,91272,72824,84619,118346,131747,139120,116624,154285,168033,161282,127122,89426,90682,52906,61876,71694,92895,186664,225389
 "19171","Tama, IA",4,CAGDP2,88,"42,44-45","Trade ","Thousands of dollars",46542,45263,41488,39772,38805,37627,38338,43367,45171,45412,45554,(D),52024,54340,55459,57082,59107,58719,58936,63089,67630,68439
 "19171","Tama, IA",4,CAGDP2,89,"22,48-49","Transportation and utilities ","Thousands of dollars",(D),10170,13385,16209,17258,19356,20544,19808,19443,20251,22205,22588,(D),(D),(D),(D),(D),(D),(D),(D),(D),(D)
 "19171","Tama, IA",4,CAGDP2,90,"31-33,51","Manufacturing and information ","Thousands of dollars",46217,40859,51686,60595,47282,45795,39948,33630,39402,42210,43425,36495,38659,41862,76861,109182,130058,150354,142236,189898,211193,220907
 "19171","Tama, IA",4,CAGDP2,91,"...","Private goods-producing industries 2/","Thousands of dollars",86285,104597,96875,161501,134639,144509,183797,189369,197747,175966,217899,228099,223320,192732,188805,221645,200766,229878,231444,300697,416086,468624
 "19171","Tama, IA",4,CAGDP2,92,"...","Private services-providing industries 3/","Thousands of dollars",152744,152838,158353,163952,168459,172894,187565,184710,190446,197688,217483,221512,220615,221743,235117,238713,238780,253256,263844,248500,255024,265060
 "19173","Taylor, IA",4,CAGDP2,1,"...","All industry total ","Thousands of dollars",100911,110207,126071,163694,155608,161420,178474,191181,202768,195310,202116,199966,235630,218829,229821,201175,244356,252493,260041,262431,345575,384588
 "19173","Taylor, IA",4,CAGDP2,2,"..."," Private industries ","Thousands of dollars",82574,91442,106723,143714,134745,140163,157218,169568,180254,171861,179263,176103,211415,194104,204989,176756,218344,225238,231178,234095,316396,354391
 "19173","Taylor, IA",4,CAGDP2,3,"11","  Agriculture, forestry, fishing and hunting ","Thousands of dollars",10699,16948,21869,(D),37421,(D),54061,57677,54137,43016,53434,44289,53067,37850,43990,19667,47431,41556,44431,34619,80486,99954
 "19173","Taylor, IA",4,CAGDP2,6,"21","  Mining, quarrying, and oil and gas extraction ","Thousands of dollars",200,471,257,677,274,401,110,474,140,120,2,0,0,0,0,0,0,0,0,0,0,0
 "19173","Taylor, IA",4,CAGDP2,10,"22","  Utilities ","Thousands of dollars",101,112,116,83,2,44,36,19,8,0,0,0,0,0,0,0,207,498,695,2858,13978,18905
 "19173","Taylor, IA",4,CAGDP2,11,"23","  Construction ","Thousands of dollars",2050,2058,2340,(D),2997,(D),2823,2262,3588,4291,6340,7904,9358,8583,8029,7925,8553,9432,9768,10046,8891,9207
 "19173","Taylor, IA",4,CAGDP2,12,"31-33","  Manufacturing ","Thousands of dollars",23726,23826,30723,35569,35251,35877,37808,42030,50547,52165,42582,43257,63860,58238,64142,55664,60660,67594,71546,79421,87451,87533
 "19173","Taylor, IA",4,CAGDP2,13,"321,327-339","   Durable goods manufacturing ","Thousands of dollars",(D),(D),(D),(D),(D),(D),(D),(D),(D),(D),(D),(D),(D),(D),(D),(D),(D),(D),(D),(D),(D),(D)
 "19173","Taylor, IA",4,CAGDP2,25,"311-316,322-326","   Nondurable goods manufacturing ","Thousands of dollars",(D),(D),(D),(D),(D),(D),(D),(D),(D),(D),(D),(D),(D),(D),(D),(D),(D),(D),(D),(D),(D),(D)
 "19173","Taylor, IA",4,CAGDP2,34,"42","  Wholesale trade ","Thousands of dollars",(D),(D),(D),(D),3584,(D),(D),(D),(D),5554,6788,7677,8567,7176,6224,5256,(D),6246,(D),(D),(D),(D)
 "19173","Taylor, IA",4,CAGDP2,35,"44-45","  Retail trade ","Thousands of dollars",5643,5795,5489,5295,4967,4798,4275,4514,4802,5052,5158,5644,5644,6394,6901,6868,7439,7402,8829,7793,8259,8425
 "19173","Taylor, IA",4,CAGDP2,36,"48-49","  Transportation and warehousing ","Thousands of dollars",6552,6387,7691,10090,11818,13607,13800,14370,13862,14242,14751,14153,14953,17428,20097,20967,(D),28294,29098,30251,34701,40864
 "19173","Taylor, IA",4,CAGDP2,45,"51","  Information ","Thousands of dollars",(D),737,(D),(D),(D),(D),(D),(D),(D),(D),(D),(D),(D),(D),(D),(D),(D),(D),(D),(D),(D),(D)
 "19173","Taylor, IA",4,CAGDP2,50,"52,53","  Finance, insurance, real estate, rental, and leasing ","Thousands of dollars",18252,19011,21203,22736,24908,24243,24665,27074,30784,29285,29991,32295,34984,37339,34209,38597,40836,42493,38925,38952,49874,(D)
 "19173","Taylor, IA",4,CAGDP2,51,"52","   Finance and insurance ","Thousands of dollars",(D),(D),(D),(D),(D),4584,4358,3648,4424,5313,5542,6754,(D),7417,7907,9505,9769,9922,10206,10315,11292,(D)
 "19173","Taylor, IA",4,CAGDP2,56,"53","   Real estate and rental and leasing ","Thousands of dollars",(D),(D),(D),(D),(D),19658,20307,23426,26359,23972,24449,25541,(D),29921,26302,29093,31067,32572,28718,28637,38582,39972
 "19173","Taylor, IA",4,CAGDP2,59,"54,55,56","  Professional and business services ","Thousands of dollars",1939,2115,2319,2700,(D),2496,(D),3120,3405,3512,4665,5137,(D),(D),(D),3889,(D),(D),(D),(D),3712,4216
 "19173","Taylor, IA",4,CAGDP2,60,"54","   Professional, scientific, and technical services ","Thousands of dollars",1402,1510,1681,2044,1562,1698,1852,1844,1788,1649,2399,2820,2795,2433,2379,2541,2393,2409,2381,2259,2574,(D)
 "19173","Taylor, IA",4,CAGDP2,64,"55","   Management of companies and enterprises ","Thousands of dollars",(D),(D),0,0,0,0,0,0,0,0,0,0,0,0,0,0,0,0,0,0,(D),(D)
 "19173","Taylor, IA",4,CAGDP2,65,"56","   Administrative and support and waste management and remediation services ","Thousands of dollars",(D),(D),638,656,(D),798,(D),1276,1617,1862,2266,2317,(D),(D),(D),1348,(D),(D),(D),(D),(D),1185
 "19173","Taylor, IA",4,CAGDP2,68,"61,62","  Educational services, health care, and social assistance ","Thousands of dollars",5024,5276,5348,5658,5323,5641,5720,6202,6799,7423,8227,8571,8884,9402,9728,10079,10255,9403,7855,7621,7795,9223
 "19173","Taylor, IA",4,CAGDP2,69,"61","   Educational services ","Thousands of dollars",22,23,31,42,61,57,(D),(D),73,(D),(D),(D),(D),(D),(D),(D),(D),67,80,77,35,32
 "19173","Taylor, IA",4,CAGDP2,70,"62","   Health care and social assistance ","Thousands of dollars",5002,5253,5317,5616,5262,5584,(D),(D),6727,(D),(D),(D),(D),(D),(D),(D),(D),9337,7776,7544,7760,9190
 "19173","Taylor, IA",4,CAGDP2,75,"71,72","  Arts, entertainment, recreation, accommodation, and food services ","Thousands of dollars",959,(D),832,897,796,766,854,798,720,816,823,782,829,924,928,(D),897,1195,(D),(D),(D),(D)
 "19173","Taylor, IA",4,CAGDP2,76,"71","   Arts, entertainment, and recreation ","Thousands of dollars",(D),(D),(D),(D),(D),(D),(D),(D),(D),(D),(D),(D),(D),(D),87,(D),(D),(D),369,286,305,378
 "19173","Taylor, IA",4,CAGDP2,79,"72","   Accommodation and food services ","Thousands of dollars",(D),(D),(D),(D),(D),(D),(D),(D),(D),(D),(D),(D),(D),(D),841,782,(D),(D),(D),(D),(D),(D)
 "19173","Taylor, IA",4,CAGDP2,82,"81","  Other services (except government and government enterprises) ","Thousands of dollars",(D),3963,4005,4007,4032,(D),4539,4523,(D),(D),(D),(D),5697,5916,6278,6523,6501,7407,8014,8121,8387,9106
 "19173","Taylor, IA",4,CAGDP2,83,"92","Government and government enterprises ","Thousands of dollars",18336,18765,19347,19980,20863,21257,21256,21613,22514,23449,22852,23863,24215,24725,24832,24419,26012,27255,28863,28337,29179,30197
 "19173","Taylor, IA",4,CAGDP2,87,"11,21","Natural resources and mining ","Thousands of dollars",10900,17419,22126,(D),37695,(D),54171,58150,54277,43136,53436,44289,53067,37850,43990,19667,47431,41556,44431,34619,80486,99954
 "19173","Taylor, IA",4,CAGDP2,88,"42,44-45","Trade ","Thousands of dollars",(D),(D),(D),(D),8551,(D),(D),(D),(D),10606,11946,13321,14211,13570,13125,12124,(D),13648,(D),(D),(D),(D)
 "19173","Taylor, IA",4,CAGDP2,89,"22,48-49","Transportation and utilities ","Thousands of dollars",6653,6499,7807,10173,11820,13652,13835,14389,13870,14242,14751,14153,14953,17428,20097,20967,(D),28791,29793,33109,48679,59769
 "19173","Taylor, IA",4,CAGDP2,90,"31-33,51","Manufacturing and information ","Thousands of dollars",(D),24563,(D),(D),(D),(D),(D),(D),(D),(D),(D),(D),(D),(D),(D),(D),(D),(D),(D),(D),(D),(D)
 "19173","Taylor, IA",4,CAGDP2,91,"...","Private goods-producing industries 2/","Thousands of dollars",36675,43303,55189,87205,75943,79409,94802,102441,108411,99591,102357,95450,126285,104672,116161,83257,116644,118582,125745,124085,176829,196694
 "19173","Taylor, IA",4,CAGDP2,92,"...","Private services-providing industries 3/","Thousands of dollars",45899,48139,51534,56509,58802,60754,62416,67127,71843,72270,76906,80653,85131,89432,88828,93499,101700,106656,105433,110010,139567,157697
 "19175","Union, IA",4,CAGDP2,1,"...","All industry total ","Thousands of dollars",318758,340455,345935,406146,416434,435840,445266,478870,478281,524221,542388,550030,571894,589619,580012,546736,589546,644885,667841,709180,880530,1012856
 "19175","Union, IA",4,CAGDP2,2,"..."," Private industries ","Thousands of dollars",264250,283408,285926,342943,350624,366428,371803,402403,396732,436066,455487,457781,477356,491866,478939,437162,475963,525908,542841,576873,742276,867067
 "19175","Union, IA",4,CAGDP2,3,"11","  Agriculture, forestry, fishing and hunting ","Thousands of dollars",448,459,453,23217,15400,14263,20116,33449,(D),(D),49844,36799,50184,36266,27642,1981,12100,27452,2337,2847,33532,54513
 "19175","Union, IA",4,CAGDP2,6,"21","  Mining, quarrying, and oil and gas extraction ","Thousands of dollars",502,434,369,824,467,1051,1363,615,1841,1270,999,1012,667,842,906,384,1120,740,1325,2284,1095,2357
 "19175","Union, IA",4,CAGDP2,10,"22","  Utilities ","Thousands of dollars",7375,6929,6801,6710,8619,12104,11184,17161,13095,11361,7145,7393,7282,7668,7482,8244,8061,8914,9270,12117,41590,55021
 "19175","Union, IA",4,CAGDP2,11,"23","  Construction ","Thousands of dollars",12848,12821,11487,8589,9131,9353,10341,10946,(D),(D),19268,20494,20567,20564,19232,18867,19196,18578,21770,23703,20431,21257
 "19175","Union, IA",4,CAGDP2,12,"31-33","  Manufacturing ","Thousands of dollars",78545,93381,99781,118642,122173,124402,119938,124464,116643,133064,138423,142981,142540,144341,140440,121632,146068,170551,212375,235818,293747,367062
 "19175","Union, IA",4,CAGDP2,13,"321,327-339","   Durable goods manufacturing ","Thousands of dollars",53111,64750,63410,78993,88700,87862,(D),(D),(D),(D),(D),(D),104049,107494,101489,82999,108839,136464,179702,200813,255394,326715
 "19175","Union, IA",4,CAGDP2,25,"311-316,322-326","   Nondurable goods manufacturing ","Thousands of dollars",25434,28631,36371,39649,33473,36540,(D),(D),(D),(D),(D),(D),38491,36847,38951,38633,37229,34087,32673,35005,38353,40347
 "19175","Union, IA",4,CAGDP2,34,"42","  Wholesale trade ","Thousands of dollars",24659,22482,18690,19009,20741,21282,21024,25456,29792,37375,36870,35858,41074,47217,49451,46020,46273,46882,43072,46463,52149,56854
 "19175","Union, IA",4,CAGDP2,35,"44-45","  Retail trade ","Thousands of dollars",26648,27473,27098,27377,29119,29195,28881,29362,31294,32045,32220,34297,34455,35444,37729,40119,39505,39938,41590,43478,50700,53076
 "19175","Union, IA",4,CAGDP2,36,"48-49","  Transportation and warehousing ","Thousands of dollars",13109,13862,13100,21520,24209,34791,34400,28158,23305,30832,25916,27280,24471,36082,38942,30759,27731,31309,27424,24583,24723,25591
 "19175","Union, IA",4,CAGDP2,45,"51","  Information ","Thousands of dollars",9291,10647,9656,11204,10567,8210,9271,10822,11397,11668,9417,7202,6090,5923,6579,6673,6560,6555,15932,22088,30775,29921
 "19175","Union, IA",4,CAGDP2,50,"52,53","  Finance, insurance, real estate, rental, and leasing ","Thousands of dollars",40491,43316,47405,50678,56223,54924,57705,61397,64901,61526,67293,75292,80098,86023,81178,92647,97603,98528,90721,89495,111031,115923
 "19175","Union, IA",4,CAGDP2,51,"52","   Finance and insurance ","Thousands of dollars",12653,14940,15386,15716,17684,17373,18967,17657,17615,18241,22873,26057,26604,30628,32654,38556,39199,38430,38605,36600,39229,39852
 "19175","Union, IA",4,CAGDP2,56,"53","   Real estate and rental and leasing ","Thousands of dollars",27838,28376,32020,34963,38539,37551,38738,43740,47286,43285,44420,49236,53493,55394,48524,54091,58404,60099,52116,52895,71801,76071
 "19175","Union, IA",4,CAGDP2,59,"54,55,56","  Professional and business services ","Thousands of dollars",13524,12880,11787,13944,12178,14085,13686,14560,15148,22256,23611,24499,25791,26900,23258,22418,22791,24821,22348,21576,24300,25395
 "19175","Union, IA",4,CAGDP2,60,"54","   Professional, scientific, and technical services ","Thousands of dollars",(D),(D),(D),(D),(D),(D),(D),(D),(D),(D),(D),(D),(D),(D),(D),(D),(D),(D),(D),(D),(D),(D)
 "19175","Union, IA",4,CAGDP2,64,"55","   Management of companies and enterprises ","Thousands of dollars",(D),(D),(D),(D),(D),(D),(D),(D),(D),(D),(D),(D),(D),(D),(D),(D),(D),(D),(D),(D),(D),(D)
 "19175","Union, IA",4,CAGDP2,65,"56","   Administrative and support and waste management and remediation services ","Thousands of dollars",8855,8168,7509,9454,7404,8931,8629,9123,9270,16516,17658,18342,19139,19950,16282,15800,16211,18848,16926,16201,18095,17771
 "19175","Union, IA",4,CAGDP2,68,"61,62","  Educational services, health care, and social assistance ","Thousands of dollars",19679,20955,23531,24925,24979,25654,26747,28767,29482,27454,25315,24961,24174,23990,24264,24628,25444,27984,28361,28771,29940,30770
 "19175","Union, IA",4,CAGDP2,69,"61","   Educational services ","Thousands of dollars",1375,1774,1786,1806,1522,1637,1799,1861,2073,2070,1953,1886,1798,1995,1963,2124,1961,1883,2102,1884,2067,2166
 "19175","Union, IA",4,CAGDP2,70,"62","   Health care and social assistance ","Thousands of dollars",18305,19182,21745,23119,23457,24016,24948,26906,27409,25384,23362,23075,22376,21996,22301,22505,23482,26101,26260,26886,27873,28604
 "19175","Union, IA",4,CAGDP2,75,"71,72","  Arts, entertainment, recreation, accommodation, and food services ","Thousands of dollars",8438,8189,7818,8028,8004,8235,8496,8503,8723,8991,9773,10005,10140,10171,10854,12648,13289,12888,14180,10816,15680,16569
 "19175","Union, IA",4,CAGDP2,76,"71","   Arts, entertainment, and recreation ","Thousands of dollars",534,661,582,572,673,657,700,744,780,769,758,746,753,811,853,1451,1437,1465,1543,1132,1871,2019
 "19175","Union, IA",4,CAGDP2,79,"72","   Accommodation and food services ","Thousands of dollars",7904,7528,7236,7456,7330,7578,7796,7758,7943,8222,9015,9259,9387,9360,10001,11197,11852,11423,12636,9684,13809,14550
 "19175","Union, IA",4,CAGDP2,82,"81","  Other services (except government and government enterprises) ","Thousands of dollars",8693,9578,7948,8276,8816,8879,8651,8743,8948,9425,9393,9706,9825,10436,10983,10141,10221,10768,12136,12835,12584,12759
 "19175","Union, IA",4,CAGDP2,83,"92","Government and government enterprises ","Thousands of dollars",54509,57047,60010,63203,65810,69412,73463,76467,81549,88155,86901,92249,94537,97753,101073,109574,113583,118976,124999,132307,138254,145789
 "19175","Union, IA",4,CAGDP2,87,"11,21","Natural resources and mining ","Thousands of dollars",950,894,822,24041,15867,15314,21479,34064,(D),(D),50843,37811,50850,37107,28548,2364,13220,28192,3662,5131,34628,56870
 "19175","Union, IA",4,CAGDP2,88,"42,44-45","Trade ","Thousands of dollars",51307,49956,45788,46386,49859,50477,49905,54819,61086,69420,69090,70155,75528,82661,87180,86139,85779,86820,84662,89941,102849,109929
 "19175","Union, IA",4,CAGDP2,89,"22,48-49","Transportation and utilities ","Thousands of dollars",20485,20791,19901,28229,32828,46895,45584,45319,36400,42194,33061,34673,31753,43750,46424,39004,35792,40224,36694,36700,66313,80612
 "19175","Union, IA",4,CAGDP2,90,"31-33,51","Manufacturing and information ","Thousands of dollars",87836,104028,109437,129846,132739,132612,129209,135286,128040,144732,147840,150184,148630,150264,147019,128305,152628,177106,228307,257906,324522,396983
 "19175","Union, IA",4,CAGDP2,91,"...","Private goods-producing industries 2/","Thousands of dollars",92343,107096,112090,151272,147170,149069,151758,169474,160647,183133,208534,201287,213958,202012,188220,142864,178485,217321,237806,264651,348805,445189
 "19175","Union, IA",4,CAGDP2,92,"...","Private services-providing industries 3/","Thousands of dollars",171907,176312,173835,191671,203454,217359,220045,232929,236085,252933,246954,256494,263399,289854,290720,294298,297478,308587,305035,312222,393471,421879
 "19177","Van Buren, IA",4,CAGDP2,1,"...","All industry total ","Thousands of dollars",115073,127067,142488,182833,176174,191187,198762,205695,195226,202421,213619,250770,236954,233384,219582,210948,230317,242381,233383,233139,271887,292437
 "19177","Van Buren, IA",4,CAGDP2,2,"..."," Private industries ","Thousands of dollars",90208,101989,117276,154930,147486,160598,167686,173947,161792,169139,181490,218266,203174,196057,183015,174789,193812,203116,194085,193199,230537,249239
 "19177","Van Buren, IA",4,CAGDP2,3,"11","  Agriculture, forestry, fishing and hunting ","Thousands of dollars",867,829,12638,35852,22555,32662,32818,35905,26471,20075,29511,(D),(D),37571,(D),8580,26141,26865,9998,5665,37068,48745
 "19177","Van Buren, IA",4,CAGDP2,6,"21","  Mining, quarrying, and oil and gas extraction ","Thousands of dollars",1361,1772,1547,1901,2193,2946,2722,3397,2622,2152,3125,1940,2167,1875,1762,1654,1617,1401,2076,3469,3277,1818
 "19177","Van Buren, IA",4,CAGDP2,10,"22","  Utilities ","Thousands of dollars",6,15,13,9,0,0,0,0,0,0,0,0,0,0,0,0,0,0,0,0,0,0
 "19177","Van Buren, IA",4,CAGDP2,11,"23","  Construction ","Thousands of dollars",3453,2368,3600,1864,2116,2141,4820,5110,6414,8731,9499,(D),(D),10447,(D),19355,12234,13654,15662,16632,16097,17440
 "19177","Van Buren, IA",4,CAGDP2,12,"31-33","  Manufacturing ","Thousands of dollars",36995,47715,46405,60216,60282,56877,55353,56914,51562,61716,61092,85852,53151,64906,59269,55202,60821,65746,75019,78122,78520,83130
 "19177","Van Buren, IA",4,CAGDP2,13,"321,327-339","   Durable goods manufacturing ","Thousands of dollars",(D),(D),(D),(D),(D),(D),(D),(D),(D),48492,44491,(D),37729,(D),(D),45287,51959,56485,65898,69252,69616,73120
 "19177","Van Buren, IA",4,CAGDP2,25,"311-316,322-326","   Nondurable goods manufacturing ","Thousands of dollars",(D),(D),(D),(D),(D),(D),(D),(D),(D),13223,16601,(D),15422,(D),(D),9915,8862,9261,9121,8871,8904,10009
 "19177","Van Buren, IA",4,CAGDP2,34,"42","  Wholesale trade ","Thousands of dollars",3284,3467,4232,5443,7190,10613,15303,9245,8680,8080,7152,7032,7161,7997,8671,7696,8074,7914,8335,8032,8406,10000
 "19177","Van Buren, IA",4,CAGDP2,35,"44-45","  Retail trade ","Thousands of dollars",7088,7566,7423,7147,6450,6464,6300,6805,8245,10147,9616,9017,9198,9019,9222,8642,8345,8372,8918,10020,10613,11268
 "19177","Van Buren, IA",4,CAGDP2,36,"48-49","  Transportation and warehousing ","Thousands of dollars",3007,1992,2500,3300,4222,5896,7614,8727,6743,8394,8648,9221,7908,8505,8748,11397,13390,13635,12233,11310,13490,14238
 "19177","Van Buren, IA",4,CAGDP2,45,"51","  Information ","Thousands of dollars",1282,(D),(D),(D),(D),1472,1608,1886,2441,2855,(D),(D),(D),(D),1763,1772,1755,1482,(D),1466,2519,2378
 "19177","Van Buren, IA",4,CAGDP2,50,"52,53","  Finance, insurance, real estate, rental, and leasing ","Thousands of dollars",21081,22578,24601,24845,27448,27556,27480,31389,33950,31726,35374,37664,43902,38677,42009,44194,44782,46906,42251,41602,41737,40902
 "19177","Van Buren, IA",4,CAGDP2,51,"52","   Finance and insurance ","Thousands of dollars",(D),6217,5996,5571,5879,5656,5456,5761,(D),5336,8171,9291,9339,11120,10786,11652,11621,11502,11244,10024,10069,10339
 "19177","Van Buren, IA",4,CAGDP2,56,"53","   Real estate and rental and leasing ","Thousands of dollars",(D),16361,18605,19274,21569,21900,22025,25629,(D),26390,27203,28373,34564,27557,31223,32542,33161,35404,31007,31579,31668,30563
 "19177","Van Buren, IA",4,CAGDP2,59,"54,55,56","  Professional and business services ","Thousands of dollars",3199,3656,3561,3207,3700,3889,2980,3190,3402,3538,3401,3572,3818,4211,3887,3889,4006,3982,3999,4061,4603,4741
 "19177","Van Buren, IA",4,CAGDP2,60,"54","   Professional, scientific, and technical services ","Thousands of dollars",1806,1730,1762,1687,1550,1614,1550,1747,1650,1691,1520,1524,1630,2170,1788,1877,1976,1871,1890,2011,2342,2331
 "19177","Van Buren, IA",4,CAGDP2,64,"55","   Management of companies and enterprises ","Thousands of dollars",(D),(D),(D),(D),(D),(D),(D),(D),(D),(D),(D),(D),(D),(D),(D),(D),(D),(D),(D),(D),(D),(D)
 "19177","Van Buren, IA",4,CAGDP2,65,"56","   Administrative and support and waste management and remediation services ","Thousands of dollars",(D),(D),(D),(D),(D),(D),(D),(D),(D),(D),(D),(D),(D),(D),(D),(D),(D),(D),(D),(D),(D),(D)
 "19177","Van Buren, IA",4,CAGDP2,68,"61,62","  Educational services, health care, and social assistance ","Thousands of dollars",3952,(D),4152,4230,4290,4415,4521,5165,4869,5004,(D),4931,4560,4220,(D),4723,5457,5556,(D),4982,5123,5703
 "19177","Van Buren, IA",4,CAGDP2,69,"61","   Educational services ","Thousands of dollars",124,127,139,114,91,61,51,74,144,194,141,88,53,51,59,70,68,64,73,77,43,40
 "19177","Van Buren, IA",4,CAGDP2,70,"62","   Health care and social assistance ","Thousands of dollars",3828,(D),4013,4116,4199,4354,4470,5091,4725,4810,(D),4843,4507,4169,(D),4653,5389,5492,(D),4905,5080,5663
 "19177","Van Buren, IA",4,CAGDP2,75,"71,72","  Arts, entertainment, recreation, accommodation, and food services ","Thousands of dollars",1542,1564,1655,1654,1512,1578,1830,1902,1916,2110,2148,(D),(D),1991,2000,2035,2090,2399,2513,2259,3126,3029
 "19177","Van Buren, IA",4,CAGDP2,76,"71","   Arts, entertainment, and recreation ","Thousands of dollars",(D),(D),(D),(D),(D),(D),(D),(D),(D),(D),(D),(D),(D),(D),(D),(D),(D),(D),(D),(D),(D),(D)
 "19177","Van Buren, IA",4,CAGDP2,79,"72","   Accommodation and food services ","Thousands of dollars",(D),(D),(D),(D),(D),(D),(D),(D),(D),(D),(D),(D),(D),(D),(D),(D),(D),(D),(D),(D),(D),(D)
 "19177","Van Buren, IA",4,CAGDP2,82,"81","  Other services (except government and government enterprises) ","Thousands of dollars",3093,(D),(D),(D),(D),4089,4338,4312,4477,4611,4526,5080,4957,(D),(D),5648,5100,5203,6209,5579,5958,5849
 "19177","Van Buren, IA",4,CAGDP2,83,"92","Government and government enterprises ","Thousands of dollars",24864,25077,25213,27903,28687,30589,31076,31749,33434,33281,32129,32504,33780,37327,36567,36159,36506,39265,39298,39940,41350,43197
 "19177","Van Buren, IA",4,CAGDP2,87,"11,21","Natural resources and mining ","Thousands of dollars",2227,2601,14184,37753,24748,35608,35540,39302,29093,22227,32636,(D),(D),39446,(D),10235,27758,28266,12074,9134,40345,50562
 "19177","Van Buren, IA",4,CAGDP2,88,"42,44-45","Trade ","Thousands of dollars",10372,11033,11655,12590,13639,17077,21603,16050,16925,18227,16768,16049,16359,17016,17893,16338,16419,16287,17253,18052,19019,21268
 "19177","Van Buren, IA",4,CAGDP2,89,"22,48-49","Transportation and utilities ","Thousands of dollars",3013,2007,2513,3309,4222,5896,7614,8727,6743,8394,8648,9221,7908,8505,8748,11397,13390,13635,12233,11310,13490,14238
 "19177","Van Buren, IA",4,CAGDP2,90,"31-33,51","Manufacturing and information ","Thousands of dollars",38277,(D),(D),(D),(D),58349,56961,58800,54003,64570,(D),(D),(D),(D),61032,56974,62576,67228,(D),79588,81039,85508
 "19177","Van Buren, IA",4,CAGDP2,91,"...","Private goods-producing industries 2/","Thousands of dollars",42675,52683,64190,99834,87145,94626,95713,101326,87070,92674,103227,137400,117730,114799,97734,84792,100813,107665,102755,103888,134962,151132
 "19177","Van Buren, IA",4,CAGDP2,92,"...","Private services-providing industries 3/","Thousands of dollars",47533,49306,53086,55096,60341,65972,71974,72620,74723,76466,78263,80866,85444,81258,85281,89996,92999,95450,91330,89310,95575,98107
 "19179","Wapello, IA",4,CAGDP2,1,"...","All industry total ","Thousands of dollars",1072963,1092319,1133440,1178542,1159381,1279983,1384691,1523160,1618350,1499915,1397216,1505147,1592733,1574529,1762510,1706955,1725737,1722391,1739440,1776016,1984930,2056173
 "19179","Wapello, IA",4,CAGDP2,2,"..."," Private industries ","Thousands of dollars",952503,969976,1003131,1041469,1021738,1134905,1236443,1372443,1458996,1333795,1231355,1338015,1417665,1390818,1570079,1508363,1526018,1519866,1537514,1572696,1777181,1836253
 "19179","Wapello, IA",4,CAGDP2,3,"11","  Agriculture, forestry, fishing and hunting ","Thousands of dollars",1486,1332,1078,25030,7382,2151,4391,12512,16563,7514,23345,27766,28149,681,15048,3236,2610,1625,3405,1006,32108,40692
 "19179","Wapello, IA",4,CAGDP2,6,"21","  Mining, quarrying, and oil and gas extraction ","Thousands of dollars",1489,1928,1765,2157,2263,1665,1896,1562,1790,2463,875,1947,2054,2529,2080,1738,2437,2640,3136,3755,(D),(D)
 "19179","Wapello, IA",4,CAGDP2,10,"22","  Utilities ","Thousands of dollars",151216,140642,157093,142911,112010,148201,140591,153936,179432,152521,132995,121434,140657,119413,165251,175713,185064,161510,174247,134318,208262,177452
 "19179","Wapello, IA",4,CAGDP2,11,"23","  Construction ","Thousands of dollars",39068,36967,36500,32011,35270,37025,34826,41646,41489,42829,41256,50566,61812,76163,57420,67699,90572,85417,67676,55743,(D),(D)
 "19179","Wapello, IA",4,CAGDP2,12,"31-33","  Manufacturing ","Thousands of dollars",310674,320551,302613,292595,282972,346063,429326,503357,544528,479127,372879,457669,425452,454545,537235,464461,434850,442107,432045,505015,519123,557701
 "19179","Wapello, IA",4,CAGDP2,13,"321,327-339","   Durable goods manufacturing ","Thousands of dollars",(D),(D),(D),(D),(D),(D),(D),(D),(D),(D),(D),(D),160522,203535,190688,130078,152148,149522,153983,148348,135247,153024
 "19179","Wapello, IA",4,CAGDP2,25,"311-316,322-326","   Nondurable goods manufacturing ","Thousands of dollars",(D),(D),(D),(D),(D),(D),(D),(D),(D),(D),(D),(D),264930,251011,346546,334383,282702,292585,278062,356667,383876,404678
 "19179","Wapello, IA",4,CAGDP2,34,"42","  Wholesale trade ","Thousands of dollars",19907,19525,21720,25755,29144,32812,30788,32384,31048,33789,33942,35026,35809,35921,39749,40883,43394,45223,68917,94778,127753,126027
 "19179","Wapello, IA",4,CAGDP2,35,"44-45","  Retail trade ","Thousands of dollars",70729,75967,81176,87265,91437,91408,90874,93410,94446,93606,92484,101161,104031,106007,112282,117828,117039,114883,116706,123413,138266,141778
 "19179","Wapello, IA",4,CAGDP2,36,"48-49","  Transportation and warehousing ","Thousands of dollars",50130,45483,53261,64797,70044,83712,85108,101131,105216,98023,107012,97008,139351,132212,148411,123488,128000,122199,133583,125530,134744,150964
 "19179","Wapello, IA",4,CAGDP2,45,"51","  Information ","Thousands of dollars",11523,11496,10928,14298,15923,17163,20198,20490,20303,19064,16348,16875,20517,23007,22488,18937,14626,12919,12878,12216,13037,13618
 "19179","Wapello, IA",4,CAGDP2,50,"52,53","  Finance, insurance, real estate, rental, and leasing ","Thousands of dollars",107262,111751,126679,136076,152226,149689,159426,162973,173737,161448,170971,178442,206390,182998,205097,218827,221171,232595,207884,212450,214135,214073
 "19179","Wapello, IA",4,CAGDP2,51,"52","   Finance and insurance ","Thousands of dollars",31774,35516,39857,43106,50530,48427,54087,40893,39024,38057,44942,49132,47612,55010,60258,68639,67522,66408,61305,60821,61741,62456
 "19179","Wapello, IA",4,CAGDP2,56,"53","   Real estate and rental and leasing ","Thousands of dollars",75488,76235,86822,92969,101696,101262,105339,122081,134713,123392,126030,129310,158778,127988,144839,150188,153648,166187,146579,151629,152394,151617
 "19179","Wapello, IA",4,CAGDP2,59,"54,55,56","  Professional and business services ","Thousands of dollars",35027,40646,45600,46762,45281,40823,42567,51107,49447,48820,45834,45090,43803,46437,48441,50521,58508,67731,76093,79932,76891,79731
 "19179","Wapello, IA",4,CAGDP2,60,"54","   Professional, scientific, and technical services ","Thousands of dollars",12896,17038,19695,21377,18487,17722,18246,23517,21506,21247,18252,17566,16532,16399,15931,17019,17385,18584,21004,20260,21744,23655
 "19179","Wapello, IA",4,CAGDP2,64,"55","   Management of companies and enterprises ","Thousands of dollars",4070,5039,5235,5513,4948,4141,4450,5301,6072,5269,5147,5700,4689,4793,6517,5761,5875,5664,9167,13102,14776,14695
 "19179","Wapello, IA",4,CAGDP2,65,"56","   Administrative and support and waste management and remediation services ","Thousands of dollars",18061,18569,20670,19873,21846,18961,19871,22289,21869,22304,22435,21824,22582,25245,25993,27740,35249,43483,45923,46570,40370,41382
 "19179","Wapello, IA",4,CAGDP2,68,"61,62","  Educational services, health care, and social assistance ","Thousands of dollars",99372,106340,110813,118236,122767,127058,129443,135591,137997,130338,127480,134213,137438,138184,139300,146182,148830,154270,161834,153059,165257,173213
 "19179","Wapello, IA",4,CAGDP2,69,"61","   Educational services ","Thousands of dollars",2601,3872,3874,3447,2528,2432,2247,2488,3060,3475,5519,10055,9274,9316,9010,8976,8273,8273,7940,8100,8250,8772
 "19179","Wapello, IA",4,CAGDP2,70,"62","   Health care and social assistance ","Thousands of dollars",96771,102468,106939,114789,120239,124626,127196,133102,134937,126863,121961,124157,128164,128868,130290,137206,140557,145997,153894,144959,157007,164441
 "19179","Wapello, IA",4,CAGDP2,75,"71,72","  Arts, entertainment, recreation, accommodation, and food services ","Thousands of dollars",23541,23688,22500,23633,23905,24822,26237,27930,28832,29975,30742,33206,32721,32596,35354,37584,37090,38752,40310,34292,42265,44971
 "19179","Wapello, IA",4,CAGDP2,76,"71","   Arts, entertainment, and recreation ","Thousands of dollars",2048,1778,2032,2337,2732,3511,4155,4645,5410,5829,5385,5952,5306,5106,4842,4572,4317,4722,4945,4068,5770,6309
 "19179","Wapello, IA",4,CAGDP2,79,"72","   Accommodation and food services ","Thousands of dollars",21492,21910,20468,21297,21173,21312,22082,23285,23423,24146,25357,27253,27415,27491,30512,33012,32773,34030,35365,30224,36496,38663
 "19179","Wapello, IA",4,CAGDP2,82,"81","  Other services (except government and government enterprises) ","Thousands of dollars",31079,33659,31404,29943,31116,32314,40774,34414,34169,34277,35193,37613,39482,40125,41923,41266,41825,37996,38800,37190,36992,39366
 "19179","Wapello, IA",4,CAGDP2,83,"92","Government and government enterprises ","Thousands of dollars",120460,122343,130309,137073,137643,145078,148248,150717,159354,166120,165861,167133,175068,183712,192431,198591,199719,202525,201926,203321,207749,219919
 "19179","Wapello, IA",4,CAGDP2,87,"11,21","Natural resources and mining ","Thousands of dollars",2975,3261,2843,27187,9645,3815,6287,14073,18353,9977,24219,29713,30203,3210,17128,4974,5047,4265,6542,4761,(D),(D)
 "19179","Wapello, IA",4,CAGDP2,88,"42,44-45","Trade ","Thousands of dollars",90636,95492,102897,113020,120581,124220,121661,125794,125494,127395,126426,136187,139840,141928,152031,158711,160433,160106,185622,218190,266019,267805
 "19179","Wapello, IA",4,CAGDP2,89,"22,48-49","Transportation and utilities ","Thousands of dollars",201347,186125,210354,207707,182054,231913,225699,255067,284648,250545,240008,218442,280008,251624,313662,299201,313064,283709,307830,259848,343007,328416
 "19179","Wapello, IA",4,CAGDP2,90,"31-33,51","Manufacturing and information ","Thousands of dollars",322196,332047,313541,306893,298895,363226,449524,523847,564831,498191,389227,474544,445969,477552,559723,483399,449476,455026,444923,517230,532160,571319
 "19179","Wapello, IA",4,CAGDP2,91,"...","Private goods-producing industries 2/","Thousands of dollars",352716,360779,341955,351793,327887,386903,470438,559077,604370,531933,438354,537948,517467,533918,611783,537134,530469,531789,506262,565519,619578,675061
 "19179","Wapello, IA",4,CAGDP2,92,"...","Private services-providing industries 3/","Thousands of dollars",599786,609198,661176,689676,693852,748002,766005,813366,854626,801862,793001,800067,900198,856900,958297,971229,995548,988078,1031252,1007177,1157603,1161193
 "19181","Warren, IA",4,CAGDP2,1,"...","All industry total ","Thousands of dollars",520659,562725,600865,673974,698649,726083,771379,824194,848610,848178,909851,988409,1020813,1066320,1101533,1187473,1238766,1271260,1346207,1382729,1564220,1649923
 "19181","Warren, IA",4,CAGDP2,2,"..."," Private industries ","Thousands of dollars",434584,472058,506566,575203,593619,615470,655338,698554,710657,704253,765925,837434,862044,899207,926052,1002592,1047577,1068855,1138641,1166968,1341592,1418944
 "19181","Warren, IA",4,CAGDP2,3,"11","  Agriculture, forestry, fishing and hunting ","Thousands of dollars",(D),(D),(D),(D),(D),(D),16035,(D),31888,(D),(D),(D),(D),(D),(D),(D),(D),(D),(D),(D),48585,54265
 "19181","Warren, IA",4,CAGDP2,6,"21","  Mining, quarrying, and oil and gas extraction ","Thousands of dollars",575,600,1045,933,0,0,0,0,0,0,0,0,0,0,0,0,0,0,0,0,(D),(D)
 "19181","Warren, IA",4,CAGDP2,10,"22","  Utilities ","Thousands of dollars",4334,4044,4442,4484,6171,8476,7625,12899,9121,5025,976,778,1098,1144,1327,1686,1999,2651,2594,3305,3302,2532
 "19181","Warren, IA",4,CAGDP2,11,"23","  Construction ","Thousands of dollars",49372,52705,56138,62650,67650,70536,67221,67924,63878,63764,76736,88214,90729,102262,105955,118980,133236,151078,161838,164223,179173,198516
 "19181","Warren, IA",4,CAGDP2,12,"31-33","  Manufacturing ","Thousands of dollars",39590,48180,49631,59909,52671,(D),48123,41589,38942,43832,40711,56061,54251,61828,76559,74390,93028,104785,110500,130588,148073,142437
 "19181","Warren, IA",4,CAGDP2,13,"321,327-339","   Durable goods manufacturing ","Thousands of dollars",(D),(D),38354,50301,49306,(D),45410,37880,31705,35071,31576,45230,41432,43067,48169,42798,54711,57094,60384,72144,84222,84398
 "19181","Warren, IA",4,CAGDP2,25,"311-316,322-326","   Nondurable goods manufacturing ","Thousands of dollars",(D),(D),11277,9608,3365,(D),2713,3708,7236,8761,9135,10831,12818,18761,28389,31591,38316,47691,50117,58444,63851,58038
 "19181","Warren, IA",4,CAGDP2,34,"42","  Wholesale trade ","Thousands of dollars",32208,32859,36741,39709,41393,44399,51526,59075,64775,63249,66042,70521,68209,68947,64741,58098,54911,56010,57062,54016,53236,53543
 "19181","Warren, IA",4,CAGDP2,35,"44-45","  Retail trade ","Thousands of dollars",63583,66119,66783,67447,67640,66468,65082,67051,67629,69365,70543,74128,74728,77743,90007,98944,102673,105786,113017,125562,142482,150195
 "19181","Warren, IA",4,CAGDP2,36,"48-49","  Transportation and warehousing ","Thousands of dollars",(D),(D),(D),(D),(D),(D),(D),(D),(D),(D),(D),(D),(D),(D),(D),(D),(D),(D),(D),(D),(D),(D)
 "19181","Warren, IA",4,CAGDP2,45,"51","  Information ","Thousands of dollars",7731,8231,9372,10753,15807,17905,18802,23525,26970,31027,38657,32575,35945,41862,43112,34251,29759,34004,39013,37980,43905,43709
 "19181","Warren, IA",4,CAGDP2,50,"52,53","  Finance, insurance, real estate, rental, and leasing ","Thousands of dollars",108338,116021,135128,148051,163572,170723,199874,212008,209325,209850,227466,269436,282229,297228,279621,335452,345197,318252,339511,349239,376410,(D)
 "19181","Warren, IA",4,CAGDP2,51,"52","   Finance and insurance ","Thousands of dollars",21522,25487,28425,32078,35868,34137,36998,31599,33625,36398,42739,54847,51651,64454,70875,79843,80203,81479,84710,87865,93319,107314
 "19181","Warren, IA",4,CAGDP2,56,"53","   Real estate and rental and leasing ","Thousands of dollars",86816,90533,106702,115973,127705,136586,162876,180409,175700,173452,184727,214589,230578,232774,208746,255609,264993,236773,254801,261374,283091,(D)
 "19181","Warren, IA",4,CAGDP2,59,"54,55,56","  Professional and business services ","Thousands of dollars",21563,23035,24710,25818,26147,29675,34299,37380,37260,42334,48883,49569,54388,56546,58549,66067,69262,69218,76689,80327,98370,107747
 "19181","Warren, IA",4,CAGDP2,60,"54","   Professional, scientific, and technical services ","Thousands of dollars",15259,16059,16271,17838,18315,20401,22938,25689,24205,27012,30653,25672,29778,30804,33740,41214,44431,44254,46247,47032,56798,65191
 "19181","Warren, IA",4,CAGDP2,64,"55","   Management of companies and enterprises ","Thousands of dollars",676,1001,1061,718,559,921,1148,1157,1037,948,871,1304,1605,1635,1779,2516,2453,1853,2792,5063,8835,5533
 "19181","Warren, IA",4,CAGDP2,65,"56","   Administrative and support and waste management and remediation services ","Thousands of dollars",5628,5975,7379,7261,7273,8353,10212,10534,12019,14374,17359,22593,23004,24107,23029,22336,22378,23111,27650,28233,32738,37023
 "19181","Warren, IA",4,CAGDP2,68,"61,62","  Educational services, health care, and social assistance ","Thousands of dollars",54906,59213,62603,68103,69620,(D),(D),86448,(D),93803,95195,95790,98295,103092,106973,107719,108208,113421,113199,112848,116456,122575
 "19181","Warren, IA",4,CAGDP2,69,"61","   Educational services ","Thousands of dollars",19705,20113,21926,24450,23663,(D),(D),27180,(D),30326,30814,31735,31685,31638,30070,29989,28718,28825,28982,27726,29424,31563
 "19181","Warren, IA",4,CAGDP2,70,"62","   Health care and social assistance ","Thousands of dollars",35201,39100,40677,43653,45957,(D),(D),59268,(D),63476,64380,64055,66610,71454,76903,77731,79489,84596,84217,85121,87032,91012
 "19181","Warren, IA",4,CAGDP2,75,"71,72","  Arts, entertainment, recreation, accommodation, and food services ","Thousands of dollars",18084,19855,20137,20838,21237,21941,22265,24480,24707,25543,25990,27243,30879,34090,37197,43916,49593,50443,53062,43333,58897,65026
 "19181","Warren, IA",4,CAGDP2,76,"71","   Arts, entertainment, and recreation ","Thousands of dollars",4752,5744,5770,6426,6379,6628,6275,6514,6936,7507,8067,8437,10180,12037,13798,17456,20630,21433,22252,16807,25503,28572
 "19181","Warren, IA",4,CAGDP2,79,"72","   Accommodation and food services ","Thousands of dollars",13332,14111,14368,14412,14859,15313,15991,17966,17771,18035,17923,18806,20699,22053,23399,26459,28962,29010,30810,26526,33395,36454
 "19181","Warren, IA",4,CAGDP2,82,"81","  Other services (except government and government enterprises) ","Thousands of dollars",23431,26811,26230,27502,28965,30191,28920,27316,28636,31380,31886,33665,35304,38398,40127,40529,40957,42678,43566,44618,49536,54461
 "19181","Warren, IA",4,CAGDP2,83,"92","Government and government enterprises ","Thousands of dollars",86075,90667,94299,98770,105030,110613,116041,125640,137952,143925,143926,150975,158769,167113,175480,184882,191189,202405,207566,215761,222628,230979
 "19181","Warren, IA",4,CAGDP2,87,"11,21","Natural resources and mining ","Thousands of dollars",(D),(D),(D),(D),(D),(D),16035,(D),31888,(D),(D),(D),(D),(D),(D),(D),(D),(D),(D),(D),(D),(D)
 "19181","Warren, IA",4,CAGDP2,88,"42,44-45","Trade ","Thousands of dollars",95791,98979,103524,107155,109033,110868,116607,126126,132404,132615,136585,144649,142937,146690,154748,157042,157584,161795,170079,179578,195717,203738
 "19181","Warren, IA",4,CAGDP2,89,"22,48-49","Transportation and utilities ","Thousands of dollars",(D),(D),(D),(D),(D),(D),(D),(D),(D),(D),(D),(D),(D),(D),(D),(D),(D),(D),(D),(D),(D),(D)
 "19181","Warren, IA",4,CAGDP2,90,"31-33,51","Manufacturing and information ","Thousands of dollars",47322,56412,59003,70661,68478,(D),66925,65114,65911,74859,79368,88636,90196,103690,119671,108640,122786,138788,149513,168568,191978,186145
 "19181","Warren, IA",4,CAGDP2,91,"...","Private goods-producing industries 2/","Thousands of dollars",(D),(D),(D),(D),(D),133774,131379,(D),134708,(D),(D),(D),(D),(D),(D),(D),(D),(D),(D),(D),(D),(D)
 "19181","Warren, IA",4,CAGDP2,92,"...","Private services-providing industries 3/","Thousands of dollars",(D),(D),(D),(D),(D),481696,523959,(D),575950,(D),(D),(D),(D),(D),(D),(D),(D),(D),(D),(D),(D),(D)
 "19183","Washington, IA",4,CAGDP2,1,"...","All industry total ","Thousands of dollars",428453,441149,461500,527040,521116,579411,618796,665781,638442,710975,846033,916438,1007262,1111061,998580,998501,1151164,1225415,1224885,1068713,1346903,1622488
 "19183","Washington, IA",4,CAGDP2,2,"..."," Private industries ","Thousands of dollars",374808,384082,400615,462433,451009,505616,543506,583032,552086,622988,758149,825683,911994,1006401,888758,884398,1034692,1103992,1101960,943359,1218033,1487271
 "19183","Washington, IA",4,CAGDP2,3,"11","  Agriculture, forestry, fishing and hunting ","Thousands of dollars",41326,36215,40632,94832,67126,90630,91269,122605,74791,101470,(D),(D),(D),(D),(D),(D),(D),(D),257233,(D),272575,417034
 "19183","Washington, IA",4,CAGDP2,6,"21","  Mining, quarrying, and oil and gas extraction ","Thousands of dollars",250,446,914,1659,2098,2153,2154,2514,1569,1783,1084,3325,1332,1227,1488,1089,1304,1451,1685,1624,(D),(D)
 "19183","Washington, IA",4,CAGDP2,10,"22","  Utilities ","Thousands of dollars",2435,2816,3147,3228,2791,2528,2608,2711,2770,2860,2861,2929,3303,3457,3825,4152,4128,4051,4221,4317,4402,(D)
 "19183","Washington, IA",4,CAGDP2,11,"23","  Construction ","Thousands of dollars",37137,41381,43529,44476,45439,56125,59124,52287,55778,62053,64701,74767,72998,74377,77854,86663,87103,88079,89239,83589,82936,90760
 "19183","Washington, IA",4,CAGDP2,12,"31-33","  Manufacturing ","Thousands of dollars",74274,76060,82291,79142,83734,80829,69377,84731,83370,99902,109947,152731,98710,91531,81950,80912,97131,131951,170894,144828,157410,191217
 "19183","Washington, IA",4,CAGDP2,13,"321,327-339","   Durable goods manufacturing ","Thousands of dollars",48871,51093,54642,53171,(D),(D),46943,55134,65238,83869,86899,131641,74433,60786,50084,40018,40820,48191,60578,73859,80651,77395
 "19183","Washington, IA",4,CAGDP2,25,"311-316,322-326","   Nondurable goods manufacturing ","Thousands of dollars",25403,24967,27648,25971,(D),(D),22435,29597,18132,16033,23048,21090,24276,30744,31865,40894,56310,83761,110317,70969,76760,113822
 "19183","Washington, IA",4,CAGDP2,34,"42","  Wholesale trade ","Thousands of dollars",33722,35387,29420,31459,32611,33617,36534,43533,44009,45118,48058,50877,49693,48316,45299,43158,51891,56012,59775,59297,70261,77401
 "19183","Washington, IA",4,CAGDP2,35,"44-45","  Retail trade ","Thousands of dollars",34268,34830,36275,34589,34698,35444,36830,41764,48332,49082,47205,48355,50428,49578,49709,49045,52475,53686,58270,61024,65093,68142
 "19183","Washington, IA",4,CAGDP2,36,"48-49","  Transportation and warehousing ","Thousands of dollars",(D),(D),8145,(D),(D),(D),(D),(D),(D),(D),(D),(D),(D),(D),(D),(D),(D),(D),(D),(D),(D),(D)
 "19183","Washington, IA",4,CAGDP2,45,"51","  Information ","Thousands of dollars",6390,6743,7642,9717,10168,9906,10381,11752,12294,13103,12452,10856,11350,10291,11180,11214,10989,10114,11323,10998,11247,11449
 "19183","Washington, IA",4,CAGDP2,50,"52,53","  Finance, insurance, real estate, rental, and leasing ","Thousands of dollars",77605,77978,82523,83725,87575,90059,100900,84095,88972,92175,118946,107460,126758,117997,130102,140610,144014,149742,138246,145117,155490,(D)
 "19183","Washington, IA",4,CAGDP2,51,"52","   Finance and insurance ","Thousands of dollars",25212,28313,28841,29643,30604,30737,31839,24021,24550,23053,29629,33181,35219,44585,47194,53179,53967,53682,54814,57875,65018,70033
 "19183","Washington, IA",4,CAGDP2,56,"53","   Real estate and rental and leasing ","Thousands of dollars",52393,49665,53682,54083,56971,59321,69061,60073,64422,69121,89317,74279,91539,73412,82908,87430,90047,96061,83432,87242,90472,(D)
 "19183","Washington, IA",4,CAGDP2,59,"54,55,56","  Professional and business services ","Thousands of dollars",12985,(D),13483,13130,13198,(D),(D),(D),(D),(D),31376,34143,35329,39618,39572,35257,31872,29634,(D),38365,58604,64907
 "19183","Washington, IA",4,CAGDP2,60,"54","   Professional, scientific, and technical services ","Thousands of dollars",8727,9386,9377,9538,9284,10374,12933,14489,15832,18589,22497,25002,26166,29848,29761,25436,22486,20852,27567,28574,48801,53716
 "19183","Washington, IA",4,CAGDP2,64,"55","   Management of companies and enterprises ","Thousands of dollars",0,(D),(D),(D),(D),(D),(D),(D),(D),(D),976,1005,1201,1213,1283,1378,1274,1037,(D),1120,1236,1618
 "19183","Washington, IA",4,CAGDP2,65,"56","   Administrative and support and waste management and remediation services ","Thousands of dollars",4258,(D),(D),(D),(D),(D),(D),(D),(D),(D),7904,8136,7962,8558,8528,8443,8112,7745,(D),8671,8566,9573
 "19183","Washington, IA",4,CAGDP2,68,"61,62","  Educational services, health care, and social assistance ","Thousands of dollars",(D),26094,27486,28737,29038,31308,31040,33386,35151,36753,37857,40799,40626,38963,39237,41283,43275,44944,45276,46396,47395,51068
 "19183","Washington, IA",4,CAGDP2,69,"61","   Educational services ","Thousands of dollars",(D),(D),(D),(D),(D),1226,(D),1390,1516,1563,1551,1508,1458,1625,1815,1962,1933,2082,2352,2152,2440,2533
 "19183","Washington, IA",4,CAGDP2,70,"62","   Health care and social assistance ","Thousands of dollars",(D),(D),(D),(D),(D),30082,(D),31996,33635,35190,36306,39291,39168,37339,37423,39321,41343,42862,42924,44244,44956,48535
 "19183","Washington, IA",4,CAGDP2,75,"71,72","  Arts, entertainment, recreation, accommodation, and food services ","Thousands of dollars",7785,8958,8691,(D),(D),26221,53583,53306,52127,57881,59600,73745,94172,130966,143004,109804,102215,101240,171924,156652,230615,283924
 "19183","Washington, IA",4,CAGDP2,76,"71","   Arts, entertainment, and recreation ","Thousands of dollars",646,676,813,(D),(D),960,931,1012,5375,16275,9587,13224,24940,54304,61683,31796,30973,25846,89457,87629,139251,184384
 "19183","Washington, IA",4,CAGDP2,79,"72","   Accommodation and food services ","Thousands of dollars",7139,8282,7878,8977,11590,25261,52652,52294,46752,41605,50013,60521,69232,76661,81321,78008,71242,75394,82468,69023,91364,99541
 "19183","Washington, IA",4,CAGDP2,82,"81","  Other services (except government and government enterprises) ","Thousands of dollars",15524,16949,16438,17436,18200,19377,19015,18975,19219,20265,19982,15681,17725,18486,24392,25215,25847,28587,29163,28671,31899,34792
 "19183","Washington, IA",4,CAGDP2,83,"92","Government and government enterprises ","Thousands of dollars",53644,57068,60885,64607,70107,73795,75290,82750,86357,87988,87884,90756,95268,104661,109823,114103,116472,121423,122925,125353,128870,135217
 "19183","Washington, IA",4,CAGDP2,87,"11,21","Natural resources and mining ","Thousands of dollars",41577,36662,41546,96490,69223,92784,93423,125119,76360,103253,(D),(D),(D),(D),(D),(D),(D),(D),258917,(D),(D),(D)
 "19183","Washington, IA",4,CAGDP2,88,"42,44-45","Trade ","Thousands of dollars",67990,70218,65695,66049,67309,69060,73364,85297,92341,94200,95264,99233,100121,97894,95008,92204,104366,109698,118045,120321,135354,145543
 "19183","Washington, IA",4,CAGDP2,89,"22,48-49","Transportation and utilities ","Thousands of dollars",(D),(D),11292,(D),(D),(D),(D),(D),(D),(D),(D),(D),(D),(D),(D),(D),(D),(D),(D),(D),(D),(D)
 "19183","Washington, IA",4,CAGDP2,90,"31-33,51","Manufacturing and information ","Thousands of dollars",80664,82803,89933,88860,93902,90735,79759,96483,95665,113005,122399,163587,110059,101821,93129,92126,108119,142065,182217,155826,168658,202666
 "19183","Washington, IA",4,CAGDP2,91,"...","Private goods-producing industries 2/","Thousands of dollars",152988,154103,167365,220109,198396,229738,221924,262136,215509,265207,(D),(D),(D),(D),(D),(D),(D),(D),519051,(D),(D),(D)
 "19183","Washington, IA",4,CAGDP2,92,"...","Private services-providing industries 3/","Thousands of dollars",221820,229979,233250,242324,252613,275878,321582,320896,336577,357780,(D),(D),(D),(D),(D),(D),(D),(D),582909,(D),(D),(D)
 "19185","Wayne, IA",4,CAGDP2,1,"...","All industry total ","Thousands of dollars",101573,119045,123638,141060,138691,136719,140351,162684,173687,166754,191715,184976,216099,185003,224060,205654,220089,243725,237829,233873,301645,309137
 "19185","Wayne, IA",4,CAGDP2,2,"..."," Private industries ","Thousands of dollars",78553,94647,98766,115893,112338,108964,111392,132115,140837,132255,156361,146858,174686,142828,180378,161733,174543,195240,187614,181428,245620,250552
 "19185","Wayne, IA",4,CAGDP2,3,"11","  Agriculture, forestry, fishing and hunting ","Thousands of dollars",5445,(D),(D),(D),18311,(D),9459,18516,23142,(D),(D),(D),(D),962,(D),(D),(D),21077,7670,1339,34729,36060
 "19185","Wayne, IA",4,CAGDP2,6,"21","  Mining, quarrying, and oil and gas extraction ","Thousands of dollars",0,0,0,0,0,0,0,0,0,0,0,0,0,0,0,0,0,0,0,0,(D),0
 "19185","Wayne, IA",4,CAGDP2,10,"22","  Utilities ","Thousands of dollars",56,69,65,64,50,46,50,44,51,46,0,4,13,26,32,19,29,86,53,0,0,75
 "19185","Wayne, IA",4,CAGDP2,11,"23","  Construction ","Thousands of dollars",3113,(D),(D),(D),3465,4342,4241,5526,6484,(D),(D),(D),(D),15951,(D),(D),(D),25168,28300,28663,(D),32841
 "19185","Wayne, IA",4,CAGDP2,12,"31-33","  Manufacturing ","Thousands of dollars",21882,21572,23498,29181,29848,35981,36745,42272,41213,35611,33469,43710,41355,41448,59017,49186,47387,52913,57757,57178,68259,67260
 "19185","Wayne, IA",4,CAGDP2,13,"321,327-339","   Durable goods manufacturing ","Thousands of dollars",14470,14428,16093,19657,20875,26088,26525,31060,26783,21708,21817,33351,30741,31148,48110,38712,37738,(D),(D),(D),(D),(D)
 "19185","Wayne, IA",4,CAGDP2,25,"311-316,322-326","   Nondurable goods manufacturing ","Thousands of dollars",7413,7144,7404,9524,8973,9893,10221,11212,14429,13902,11652,10359,10614,10300,10907,10474,9650,(D),(D),(D),(D),(D)
 "19185","Wayne, IA",4,CAGDP2,34,"42","  Wholesale trade ","Thousands of dollars",6858,7257,8001,9856,10482,10428,10224,10405,9914,10821,10487,9860,9007,9272,9155,9780,9940,10385,10851,11768,13167,13929
 "19185","Wayne, IA",4,CAGDP2,35,"44-45","  Retail trade ","Thousands of dollars",6689,7012,7509,6708,7301,7583,7551,8216,8541,9012,9411,9902,9885,9522,9705,9921,10269,10494,11784,12029,12141,12445
 "19185","Wayne, IA",4,CAGDP2,36,"48-49","  Transportation and warehousing ","Thousands of dollars",(D),(D),(D),(D),(D),(D),(D),(D),(D),(D),(D),(D),(D),(D),(D),(D),(D),(D),(D),(D),(D),(D)
 "19185","Wayne, IA",4,CAGDP2,45,"51","  Information ","Thousands of dollars",517,579,695,1182,964,803,664,652,1031,1352,1121,1055,(D),1171,(D),973,1231,1201,1316,995,1079,1160
 "19185","Wayne, IA",4,CAGDP2,50,"52,53","  Finance, insurance, real estate, rental, and leasing ","Thousands of dollars",19905,20405,22266,23536,25921,24920,24677,27535,30212,27892,30496,32007,34573,36860,33509,38461,41102,42581,(D),38359,48861,(D)
 "19185","Wayne, IA",4,CAGDP2,51,"52","   Finance and insurance ","Thousands of dollars",4947,5214,5102,5378,6021,5614,4618,(D),(D),(D),(D),(D),(D),(D),(D),(D),(D),(D),(D),(D),11904,12083
 "19185","Wayne, IA",4,CAGDP2,56,"53","   Real estate and rental and leasing ","Thousands of dollars",14957,15192,17165,18158,19900,19305,20059,(D),(D),(D),(D),(D),(D),(D),(D),(D),(D),(D),26799,(D),36957,(D)
 "19185","Wayne, IA",4,CAGDP2,59,"54,55,56","  Professional and business services ","Thousands of dollars",1857,1937,2050,2216,2363,2280,2623,4406,(D),(D),(D),(D),5994,(D),6532,(D),(D),(D),9089,(D),(D),11377
 "19185","Wayne, IA",4,CAGDP2,60,"54","   Professional, scientific, and technical services ","Thousands of dollars",1313,1414,1467,1577,1748,1863,2223,2493,2600,2407,2353,2426,3399,3249,3570,4107,4364,4630,4076,3795,3821,4085
 "19185","Wayne, IA",4,CAGDP2,64,"55","   Management of companies and enterprises ","Thousands of dollars",0,0,0,0,0,0,0,1414,(D),(D),(D),(D),(D),(D),(D),(D),(D),(D),(D),(D),(D),(D)
 "19185","Wayne, IA",4,CAGDP2,65,"56","   Administrative and support and waste management and remediation services ","Thousands of dollars",544,523,584,639,615,417,400,500,(D),(D),(D),(D),(D),(D),(D),(D),(D),(D),(D),(D),(D),(D)
 "19185","Wayne, IA",4,CAGDP2,68,"61,62","  Educational services, health care, and social assistance ","Thousands of dollars",5119,5323,5190,4968,4790,4975,(D),5338,5568,6282,5283,5452,5613,7423,6470,6883,7027,7049,7406,7219,6622,7082
 "19185","Wayne, IA",4,CAGDP2,69,"61","   Educational services ","Thousands of dollars",117,120,142,215,202,170,(D),132,214,329,224,173,110,114,117,132,139,172,187,184,92,86
 "19185","Wayne, IA",4,CAGDP2,70,"62","   Health care and social assistance ","Thousands of dollars",5002,5203,5048,4753,4588,4805,(D),5206,5354,5953,5059,5279,5503,7308,6353,6751,6888,6877,7219,7035,6530,6996
 "19185","Wayne, IA",4,CAGDP2,75,"71,72","  Arts, entertainment, recreation, accommodation, and food services ","Thousands of dollars",(D),(D),(D),(D),(D),912,1400,(D),1332,1689,1790,1779,1647,1558,1497,1363,1353,1662,2620,2037,2659,2765
 "19185","Wayne, IA",4,CAGDP2,76,"71","   Arts, entertainment, and recreation ","Thousands of dollars",(D),(D),(D),(D),(D),137,415,(D),348,516,409,422,371,444,402,308,367,576,964,741,839,1069
 "19185","Wayne, IA",4,CAGDP2,79,"72","   Accommodation and food services ","Thousands of dollars",(D),(D),(D),(D),(D),775,985,(D),984,1174,1381,1357,1276,1114,1095,1054,986,1086,1657,1296,1819,1696
 "19185","Wayne, IA",4,CAGDP2,82,"81","  Other services (except government and government enterprises) ","Thousands of dollars",3867,4269,4006,4155,4234,4529,4718,4806,4935,4943,5102,5743,5975,6503,6924,7118,7319,7469,7512,7402,7894,8357
 "19185","Wayne, IA",4,CAGDP2,83,"92","Government and government enterprises ","Thousands of dollars",23020,24397,24872,25167,26353,27754,28959,30568,32850,34500,35354,38118,41413,42175,43683,43922,45546,48485,50214,52445,56026,58585
 "19185","Wayne, IA",4,CAGDP2,87,"11,21","Natural resources and mining ","Thousands of dollars",5445,(D),(D),(D),18311,(D),9459,18516,23142,(D),(D),(D),(D),962,(D),(D),(D),21077,7670,1339,(D),36060
 "19185","Wayne, IA",4,CAGDP2,88,"42,44-45","Trade ","Thousands of dollars",13547,14270,15510,16564,17783,18011,17774,18622,18455,19833,19898,19762,18891,18794,18860,19701,20209,20879,22635,23797,25307,26374
 "19185","Wayne, IA",4,CAGDP2,89,"22,48-49","Transportation and utilities ","Thousands of dollars",(D),(D),(D),(D),(D),(D),(D),(D),(D),(D),(D),(D),(D),(D),(D),(D),(D),(D),(D),(D),(D),(D)
 "19185","Wayne, IA",4,CAGDP2,90,"31-33,51","Manufacturing and information ","Thousands of dollars",22399,22151,24193,30363,30812,36784,37409,42924,42244,36962,34589,44765,(D),42619,(D),50159,48619,54114,59074,58174,69338,68420
 "19185","Wayne, IA",4,CAGDP2,91,"...","Private goods-producing industries 2/","Thousands of dollars",30440,44507,45371,59056,51624,(D),50446,66314,70839,60924,82514,70701,95089,58360,98656,72814,81256,99157,93727,87181,136072,136162
 "19185","Wayne, IA",4,CAGDP2,92,"...","Private services-providing industries 3/","Thousands of dollars",48114,50140,53395,56837,60714,(D),60946,65802,69997,71331,73847,76157,79597,84467,81722,88919,93286,96083,93888,94248,109548,114390
 "19187","Webster, IA",4,CAGDP2,1,"...","All industry total ","Thousands of dollars",1539495,1570474,1689528,1698914,1623571,1684826,1615271,1868915,1937749,2215835,2471138,2293592,2398815,2227903,2233154,2179641,2156663,2142990,2122968,2068823,2378561,2644271
 "19187","Webster, IA",4,CAGDP2,2,"..."," Private industries ","Thousands of dollars",1385848,1414035,1528274,1533080,1451203,1507146,1432210,1678024,1735079,2011222,2269862,2091179,2190773,2013105,2013556,1954676,1922312,1900256,1875660,1821375,2136263,2392366
 "19187","Webster, IA",4,CAGDP2,3,"11","  Agriculture, forestry, fishing and hunting ","Thousands of dollars",44326,(D),(D),(D),(D),(D),(D),(D),(D),(D),(D),(D),(D),(D),(D),(D),(D),(D),(D),(D),212734,283217
 "19187","Webster, IA",4,CAGDP2,6,"21","  Mining, quarrying, and oil and gas extraction ","Thousands of dollars",2900,4681,4623,5115,3871,4578,4969,7460,5974,6626,9017,9612,9547,9570,10355,7267,10204,11265,13968,16442,(D),(D)
 "19187","Webster, IA",4,CAGDP2,10,"22","  Utilities ","Thousands of dollars",7039,(D),(D),(D),(D),(D),(D),(D),(D),(D),(D),(D),(D),(D),(D),(D),(D),(D),(D),(D),(D),57591
 "19187","Webster, IA",4,CAGDP2,11,"23","  Construction ","Thousands of dollars",31925,30984,38236,39744,62034,56520,61439,82849,64195,71086,69348,71047,110904,94053,94928,113354,120353,119425,132095,122091,142297,162021
 "19187","Webster, IA",4,CAGDP2,12,"31-33","  Manufacturing ","Thousands of dollars",612446,587471,674520,614142,518525,567965,401660,547982,674853,973958,1125250,907451,921238,718648,664170,536798,557929,548830,468643,476541,544817,625142
 "19187","Webster, IA",4,CAGDP2,13,"321,327-339","   Durable goods manufacturing ","Thousands of dollars",81897,80576,90588,110211,111777,119205,104571,97424,83909,90797,97931,113774,110905,121457,141038,138746,144742,132886,111509,120239,120403,133724
 "19187","Webster, IA",4,CAGDP2,25,"311-316,322-326","   Nondurable goods manufacturing ","Thousands of dollars",530548,506894,583931,503931,406748,448760,297090,450559,590944,883162,1027319,793678,810333,597191,523132,398052,413187,415945,357134,356303,424414,491418
 "19187","Webster, IA",4,CAGDP2,34,"42","  Wholesale trade ","Thousands of dollars",(D),(D),(D),(D),(D),(D),(D),(D),(D),(D),(D),(D),(D),(D),(D),(D),(D),(D),(D),(D),(D),(D)
 "19187","Webster, IA",4,CAGDP2,35,"44-45","  Retail trade ","Thousands of dollars",108360,107211,107194,99041,96389,94469,96876,102829,105039,105698,108121,112946,114162,113142,120082,125859,126513,128016,130714,140198,153627,162128
 "19187","Webster, IA",4,CAGDP2,36,"48-49","  Transportation and warehousing ","Thousands of dollars",83594,91324,96933,105550,115549,124687,126405,134959,117499,103695,113290,123428,115340,126488,142079,144491,166526,168537,165817,159084,179985,203689
 "19187","Webster, IA",4,CAGDP2,45,"51","  Information ","Thousands of dollars",42929,46262,47627,51281,44518,48545,52551,54734,57247,54050,45432,39504,50090,63661,65906,64795,65499,61450,63936,56261,57576,59020
 "19187","Webster, IA",4,CAGDP2,50,"52,53","  Finance, insurance, real estate, rental, and leasing ","Thousands of dollars",145510,147670,157671,162407,175334,168855,195002,189270,196409,196173,205406,225775,217246,244287,236350,248631,249950,232638,256668,240275,262955,(D)
 "19187","Webster, IA",4,CAGDP2,51,"52","   Finance and insurance ","Thousands of dollars",46777,50243,52140,51908,58645,60523,73468,57539,57319,54773,59508,69817,62634,71419,74066,86063,85572,84197,83502,79155,84899,88236
 "19187","Webster, IA",4,CAGDP2,56,"53","   Real estate and rental and leasing ","Thousands of dollars",98734,97427,105531,110499,116690,108333,121534,131731,139090,141400,145898,155958,154613,172868,162284,162568,164378,148441,173165,161120,178056,(D)
 "19187","Webster, IA",4,CAGDP2,59,"54,55,56","  Professional and business services ","Thousands of dollars",(D),55583,59340,70972,67717,68900,69362,79195,72587,70931,72406,77295,79431,77011,89555,92479,72187,74043,76603,80682,91769,105668
 "19187","Webster, IA",4,CAGDP2,60,"54","   Professional, scientific, and technical services ","Thousands of dollars",29368,31807,33104,37172,37839,36588,34436,42019,39999,36967,36854,39162,39803,33713,33721,33671,26301,26671,27875,28348,29441,33777
 "19187","Webster, IA",4,CAGDP2,64,"55","   Management of companies and enterprises ","Thousands of dollars",(D),6888,7727,11523,5206,5901,6856,7795,8689,9096,10559,13359,13786,15170,16139,16237,19181,19783,20571,22327,24086,24946
 "19187","Webster, IA",4,CAGDP2,65,"56","   Administrative and support and waste management and remediation services ","Thousands of dollars",(D),16887,18509,22276,24672,26411,28069,29381,23899,24868,24994,24774,25842,28127,39696,42571,26705,27589,28158,30008,38242,46945
 "19187","Webster, IA",4,CAGDP2,68,"61,62","  Educational services, health care, and social assistance ","Thousands of dollars",139881,141658,146328,149641,156058,162909,166313,177387,175891,171150,172241,182436,174736,177127,187480,193046,199488,202783,207313,205436,207196,209382
 "19187","Webster, IA",4,CAGDP2,69,"61","   Educational services ","Thousands of dollars",6713,8166,8320,8820,8393,8912,8665,9502,11013,10135,10013,10369,10592,11038,10101,10278,9894,9743,9904,8767,9350,9774
 "19187","Webster, IA",4,CAGDP2,70,"62","   Health care and social assistance ","Thousands of dollars",133168,133492,138008,140821,147665,153997,157649,167885,164878,161015,162228,172067,164145,166089,177379,182768,189594,193041,197409,196669,197846,199608
 "19187","Webster, IA",4,CAGDP2,75,"71,72","  Arts, entertainment, recreation, accommodation, and food services ","Thousands of dollars",28332,31013,32420,34916,36081,34742,34372,35167,34774,35327,36295,38218,39689,42781,48873,49533,49261,49294,51267,44323,55315,58881
 "19187","Webster, IA",4,CAGDP2,76,"71","   Arts, entertainment, and recreation ","Thousands of dollars",1987,2203,2391,2998,2928,3219,3222,3348,3158,3248,3245,3135,3270,3898,4610,4185,4629,5096,5812,4748,7356,9057
 "19187","Webster, IA",4,CAGDP2,79,"72","   Accommodation and food services ","Thousands of dollars",26345,28810,30029,31918,33153,31523,31151,31819,31617,32079,33050,35084,36420,38882,44263,45348,44632,44198,45456,39575,47960,49824
 "19187","Webster, IA",4,CAGDP2,82,"81","  Other services (except government and government enterprises) ","Thousands of dollars",30402,31912,29536,30723,30796,32188,33747,32314,33805,32623,39573,37264,38936,37667,65029,93031,40118,43028,48905,42941,47550,54454
 "19187","Webster, IA",4,CAGDP2,83,"92","Government and government enterprises ","Thousands of dollars",153647,156440,161254,165834,172368,177680,183060,190891,202669,204613,201276,202412,208042,214798,219598,224965,234351,242734,247309,247448,242298,251904
 "19187","Webster, IA",4,CAGDP2,87,"11,21","Natural resources and mining ","Thousands of dollars",47226,(D),(D),(D),(D),(D),(D),(D),(D),(D),(D),(D),(D),(D),(D),(D),(D),(D),(D),(D),(D),(D)
 "19187","Webster, IA",4,CAGDP2,88,"42,44-45","Trade ","Thousands of dollars",(D),(D),(D),(D),(D),(D),(D),(D),(D),(D),(D),(D),(D),(D),(D),(D),(D),(D),(D),(D),(D),(D)
 "19187","Webster, IA",4,CAGDP2,89,"22,48-49","Transportation and utilities ","Thousands of dollars",90633,(D),(D),(D),(D),(D),(D),(D),(D),(D),(D),(D),(D),(D),(D),(D),(D),(D),(D),(D),(D),261280
 "19187","Webster, IA",4,CAGDP2,90,"31-33,51","Manufacturing and information ","Thousands of dollars",655375,633733,722147,665423,563043,616510,454211,602716,732100,1028009,1170681,946955,971328,782309,730076,601594,623428,610280,532579,532802,602393,684162
 "19187","Webster, IA",4,CAGDP2,91,"...","Private goods-producing industries 2/","Thousands of dollars",691596,(D),(D),(D),(D),(D),(D),(D),(D),(D),(D),(D),(D),(D),(D),(D),(D),(D),(D),(D),(D),(D)
 "19187","Webster, IA",4,CAGDP2,92,"...","Private services-providing industries 3/","Thousands of dollars",694251,(D),(D),(D),(D),(D),(D),(D),(D),(D),(D),(D),(D),(D),(D),(D),(D),(D),(D),(D),(D),(D)
 "19189","Winnebago, IA",4,CAGDP2,1,"...","All industry total ","Thousands of dollars",277940,285147,292715,335970,326209,339715,391187,400123,342057,405049,429062,434544,470087,449841,456508,401997,399037,438366,426035,459482,541968,644607
 "19189","Winnebago, IA",4,CAGDP2,2,"..."," Private industries ","Thousands of dollars",245548,251632,257939,299449,288233,300706,350156,357892,297984,359412,384931,389518,424104,401522,406621,349811,347157,385357,372297,406071,489203,589737
 "19189","Winnebago, IA",4,CAGDP2,3,"11","  Agriculture, forestry, fishing and hunting ","Thousands of dollars",12961,21256,26784,46899,34256,30134,67378,66019,34361,56609,86204,86866,123899,93135,82189,6414,4418,44298,5676,3955,70946,137283
 "19189","Winnebago, IA",4,CAGDP2,6,"21","  Mining, quarrying, and oil and gas extraction ","Thousands of dollars",420,351,126,99,59,26,22,25,20,21,33,36,31,32,29,32,41,153,297,617,876,583
 "19189","Winnebago, IA",4,CAGDP2,10,"22","  Utilities ","Thousands of dollars",1799,2441,2757,2892,4272,8743,7726,14736,10419,13270,11152,10527,11957,12990,13099,16023,14586,12576,13649,42699,49891,60752
 "19189","Winnebago, IA",4,CAGDP2,11,"23","  Construction ","Thousands of dollars",15481,15632,16016,17801,18898,20478,24156,25237,31355,37669,33534,28172,21758,21218,22300,23945,23116,18338,19143,17863,16302,17019
 "19189","Winnebago, IA",4,CAGDP2,12,"31-33","  Manufacturing ","Thousands of dollars",61319,61785,64659,76125,74076,75442,77317,70297,45495,61970,58532,61984,59854,63157,62175,53507,59002,61923,65751,71770,66205,75943
 "19189","Winnebago, IA",4,CAGDP2,13,"321,327-339","   Durable goods manufacturing ","Thousands of dollars",(D),(D),(D),(D),(D),(D),68293,59512,33183,51810,51149,53208,50713,54443,53802,45985,51749,53279,55698,62081,54713,62905
 "19189","Winnebago, IA",4,CAGDP2,25,"311-316,322-326","   Nondurable goods manufacturing ","Thousands of dollars",(D),(D),(D),(D),(D),(D),9025,10784,12311,10160,7383,8776,9141,8713,8373,7522,7253,8644,10052,9689,11491,13039
 "19189","Winnebago, IA",4,CAGDP2,34,"42","  Wholesale trade ","Thousands of dollars",14381,14224,12358,12852,14343,17075,18736,21526,20268,20954,22031,22792,21412,23475,23677,21717,20321,21773,23816,25008,25767,29508
 "19189","Winnebago, IA",4,CAGDP2,35,"44-45","  Retail trade ","Thousands of dollars",23424,23108,24723,26692,25496,24618,23140,24290,25168,27320,26568,28059,28210,29640,32318,36077,37929,39799,42069,47128,53776,55181
 "19189","Winnebago, IA",4,CAGDP2,36,"48-49","  Transportation and warehousing ","Thousands of dollars",17695,14887,12446,14220,13047,15272,14117,17781,13292,12946,15647,14089,15554,14081,17973,18936,20591,18346,17914,19173,(D),(D)
 "19189","Winnebago, IA",4,CAGDP2,45,"51","  Information ","Thousands of dollars",7929,8106,8983,10624,10684,10706,10318,11317,12925,14093,12252,10722,12433,11951,13031,12144,14869,16751,23623,23900,24439,22344
 "19189","Winnebago, IA",4,CAGDP2,50,"52,53","  Finance, insurance, real estate, rental, and leasing ","Thousands of dollars",50534,48575,49219,49153,50901,55252,62325,57813,57637,65355,68344,74977,76701,77096,83836,101841,92190,89253,94166,91103,91262,(D)
 "19189","Winnebago, IA",4,CAGDP2,51,"52","   Finance and insurance ","Thousands of dollars",16489,18234,19108,20070,21993,21268,24985,19446,19282,19050,24456,27898,27383,32698,35652,41271,42076,41924,43287,42427,44928,46657
 "19189","Winnebago, IA",4,CAGDP2,56,"53","   Real estate and rental and leasing ","Thousands of dollars",34045,30341,30111,29083,28908,33983,37339,38368,38355,46305,43888,47079,49318,44398,48184,60569,50114,47330,50879,48676,46334,(D)
 "19189","Winnebago, IA",4,CAGDP2,59,"54,55,56","  Professional and business services ","Thousands of dollars",5237,6406,6096,6682,6453,7438,9285,10884,9383,11366,10868,11468,11927,12083,11389,12395,13582,13406,15266,15455,(D),21693
 "19189","Winnebago, IA",4,CAGDP2,60,"54","   Professional, scientific, and technical services ","Thousands of dollars",3156,3422,3508,3950,3936,(D),4246,5159,(D),(D),(D),(D),8288,8746,8189,7786,7921,9725,11675,12154,13651,15476
 "19189","Winnebago, IA",4,CAGDP2,64,"55","   Management of companies and enterprises ","Thousands of dollars",273,213,241,261,212,(D),226,194,(D),(D),(D),(D),(D),(D),(D),(D),(D),(D),(D),(D),(D),292
 "19189","Winnebago, IA",4,CAGDP2,65,"56","   Administrative and support and waste management and remediation services ","Thousands of dollars",1808,2772,2347,2471,2305,3078,4813,5531,4094,5633,(D),4316,(D),(D),(D),(D),(D),(D),(D),(D),(D),5925
 "19189","Winnebago, IA",4,CAGDP2,68,"61,62","  Educational services, health care, and social assistance ","Thousands of dollars",23043,23240,22551,23424,24209,24610,24111,25660,26137,26765,28686,28543,28590,29777,31109,32983,32386,34003,34379,32777,35203,36338
 "19189","Winnebago, IA",4,CAGDP2,69,"61","   Educational services ","Thousands of dollars",(D),(D),(D),(D),(D),(D),(D),(D),(D),(D),(D),(D),(D),(D),(D),(D),(D),(D),(D),(D),(D),(D)
 "19189","Winnebago, IA",4,CAGDP2,70,"62","   Health care and social assistance ","Thousands of dollars",(D),(D),(D),(D),(D),(D),(D),(D),(D),(D),(D),(D),(D),(D),(D),(D),(D),(D),(D),(D),(D),(D)
 "19189","Winnebago, IA",4,CAGDP2,75,"71,72","  Arts, entertainment, recreation, accommodation, and food services ","Thousands of dollars",3579,3762,4054,4561,4427,4214,4451,4580,4612,5009,5293,5175,5703,6002,6086,6081,6127,6999,8237,5806,8219,8445
 "19189","Winnebago, IA",4,CAGDP2,76,"71","   Arts, entertainment, and recreation ","Thousands of dollars",463,569,693,917,(D),1104,1118,(D),1136,(D),1332,1039,1116,1470,1653,1826,1978,2602,3138,2299,3074,3399
 "19189","Winnebago, IA",4,CAGDP2,79,"72","   Accommodation and food services ","Thousands of dollars",3116,3193,3361,3645,(D),3111,3334,(D),3476,(D),3961,4137,4586,4532,4434,4255,4149,4398,5099,3507,5145,5046
 "19189","Winnebago, IA",4,CAGDP2,82,"81","  Other services (except government and government enterprises) ","Thousands of dollars",7747,7858,7167,7424,7111,6698,7075,7727,6912,6064,5785,6108,6074,6887,7409,7716,7998,7738,8311,8816,8941,9257
 "19189","Winnebago, IA",4,CAGDP2,83,"92","Government and government enterprises ","Thousands of dollars",32392,33515,34775,36521,37975,39010,41030,42231,44074,45637,44130,45026,45983,48318,49887,52186,51880,53010,53738,53410,52765,54870
 "19189","Winnebago, IA",4,CAGDP2,87,"11,21","Natural resources and mining ","Thousands of dollars",13380,21608,26910,46998,34315,30160,67400,66044,34381,56631,86238,86902,123930,93166,82218,6445,4459,44451,5973,4573,71822,137867
 "19189","Winnebago, IA",4,CAGDP2,88,"42,44-45","Trade ","Thousands of dollars",37804,37332,37081,39544,39840,41693,41876,45816,45436,48273,48600,50851,49622,53116,55995,57794,58250,61572,65885,72136,79543,84688
 "19189","Winnebago, IA",4,CAGDP2,89,"22,48-49","Transportation and utilities ","Thousands of dollars",19494,17328,15202,17112,17319,24015,21843,32517,23711,26216,26799,24616,27511,27070,31072,34959,35178,30922,31563,61873,(D),(D)
 "19189","Winnebago, IA",4,CAGDP2,90,"31-33,51","Manufacturing and information ","Thousands of dollars",69248,69891,73642,86749,84760,86148,87636,81613,58420,76064,70785,72706,72287,75107,75206,65651,73871,78674,89374,95670,90643,98287
 "19189","Winnebago, IA",4,CAGDP2,91,"...","Private goods-producing industries 2/","Thousands of dollars",90180,99025,107585,140923,127290,126080,168873,161578,111231,156270,178304,177058,205543,177541,166693,83897,86577,124712,90867,94205,154328,230829
 "19189","Winnebago, IA",4,CAGDP2,92,"...","Private services-providing industries 3/","Thousands of dollars",155368,152607,150355,158526,160944,174626,181283,196314,186753,203142,206628,212460,218562,223981,239928,265914,260580,260645,281430,311866,334874,358908
 "19191","Winneshiek, IA",4,CAGDP2,1,"...","All industry total ","Thousands of dollars",552069,573163,602712,670435,684722,700758,733608,775099,723042,797739,857740,877427,980283,974489,1045229,1015129,957951,1001518,1012555,1047470,1148796,1248875
 "19191","Winneshiek, IA",4,CAGDP2,2,"..."," Private industries ","Thousands of dollars",476843,495811,520266,582238,590173,600563,632028,669978,609276,679757,741287,758545,854536,837961,901091,869068,810956,853463,862992,896697,997172,1086982
 "19191","Winneshiek, IA",4,CAGDP2,3,"11","  Agriculture, forestry, fishing and hunting ","Thousands of dollars",16549,14639,22912,57604,46153,30502,39657,44097,2200,59382,95618,96122,186150,141286,179041,132616,31284,39713,14022,46702,102378,160743
 "19191","Winneshiek, IA",4,CAGDP2,6,"21","  Mining, quarrying, and oil and gas extraction ","Thousands of dollars",13447,17008,18754,16042,19761,23349,22517,32789,30793,31136,31435,35457,31982,34156,31552,30783,44958,42990,53474,68338,78243,59687
 "19191","Winneshiek, IA",4,CAGDP2,10,"22","  Utilities ","Thousands of dollars",5383,5315,5119,5334,6645,9104,7861,13454,9879,7279,3846,3487,3848,4214,4654,4710,4103,4413,4603,5853,5948,5201
 "19191","Winneshiek, IA",4,CAGDP2,11,"23","  Construction ","Thousands of dollars",39289,38004,55112,60219,63830,62866,60103,59939,51565,45784,48732,51791,48539,50529,51947,53907,56518,57568,62162,67675,67257,70815
 "19191","Winneshiek, IA",4,CAGDP2,12,"31-33","  Manufacturing ","Thousands of dollars",130974,133981,117086,120496,115163,124793,128556,129923,111124,113665,123754,118132,126869,127739,137714,133630,151632,168249,175321,164429,175083,201641
 "19191","Winneshiek, IA",4,CAGDP2,13,"321,327-339","   Durable goods manufacturing ","Thousands of dollars",107425,110473,93471,97761,92322,98469,99129,104048,86240,(D),(D),(D),94873,95408,98140,91419,109315,121738,130399,134963,142382,164990
 "19191","Winneshiek, IA",4,CAGDP2,25,"311-316,322-326","   Nondurable goods manufacturing ","Thousands of dollars",23550,23509,23614,22735,22841,26324,29426,25874,24885,(D),(D),(D),31996,32331,39574,42211,42317,46512,44922,29466,32702,36651
 "19191","Winneshiek, IA",4,CAGDP2,34,"42","  Wholesale trade ","Thousands of dollars",22427,22564,21624,23477,28272,28948,31524,38734,41112,43811,45138,48699,50140,53961,55115,55888,55102,56383,59207,61049,61746,66010
 "19191","Winneshiek, IA",4,CAGDP2,35,"44-45","  Retail trade ","Thousands of dollars",39513,41069,43071,44182,43840,45519,48560,51656,54098,56880,55151,58635,58320,59030,61144,61347,62854,65455,68649,73502,80350,83689
 "19191","Winneshiek, IA",4,CAGDP2,36,"48-49","  Transportation and warehousing ","Thousands of dollars",12715,13348,13905,16062,15752,17621,(D),19283,(D),(D),(D),(D),(D),(D),(D),(D),(D),(D),(D),(D),(D),(D)
 "19191","Winneshiek, IA",4,CAGDP2,45,"51","  Information ","Thousands of dollars",8998,12426,14695,16100,16008,18377,16022,16229,18136,19001,18598,17165,11683,9959,11159,10502,9833,9428,17328,16689,17189,17264
 "19191","Winneshiek, IA",4,CAGDP2,50,"52,53","  Finance, insurance, real estate, rental, and leasing ","Thousands of dollars",70940,73206,78820,85598,92923,89478,100758,99008,100824,102887,117505,122656,125226,140120,143788,150561,152412,155319,153126,152224,146914,(D)
 "19191","Winneshiek, IA",4,CAGDP2,51,"52","   Finance and insurance ","Thousands of dollars",24655,27604,28413,30368,34467,32358,34711,29925,29476,29240,37716,42879,43837,52086,55689,66213,68629,70316,66352,66537,70817,75873
 "19191","Winneshiek, IA",4,CAGDP2,56,"53","   Real estate and rental and leasing ","Thousands of dollars",46285,45602,50407,55231,58456,57120,66046,69083,71348,73647,79789,79777,81389,88034,88099,84348,83782,85004,86774,85687,76097,(D)
 "19191","Winneshiek, IA",4,CAGDP2,59,"54,55,56","  Professional and business services ","Thousands of dollars",17142,19498,20852,23500,26068,30278,34112,32525,30329,33594,(D),(D),(D),(D),41775,46110,(D),(D),(D),(D),(D),64687
 "19191","Winneshiek, IA",4,CAGDP2,60,"54","   Professional, scientific, and technical services ","Thousands of dollars",(D),(D),(D),(D),13997,15331,14551,15378,14967,15428,(D),(D),(D),(D),24415,26990,(D),(D),(D),(D),(D),28860
 "19191","Winneshiek, IA",4,CAGDP2,64,"55","   Management of companies and enterprises ","Thousands of dollars",(D),(D),(D),(D),2858,2899,2304,2595,2392,2329,(D),(D),(D),(D),1509,1455,(D),(D),(D),(D),(D),2205
 "19191","Winneshiek, IA",4,CAGDP2,65,"56","   Administrative and support and waste management and remediation services ","Thousands of dollars",6773,7518,8827,8959,9212,12048,17258,14552,12970,15837,16003,16330,15621,(D),15851,17666,19865,22210,22938,24412,30745,33622
 "19191","Winneshiek, IA",4,CAGDP2,68,"61,62","  Educational services, health care, and social assistance ","Thousands of dollars",67754,72094,75859,81001,82734,86946,(D),97415,(D),(D),107358,106854,107701,108883,(D),(D),113035,113771,115645,109803,112159,111412
 "19191","Winneshiek, IA",4,CAGDP2,69,"61","   Educational services ","Thousands of dollars",(D),(D),(D),(D),(D),(D),(D),(D),(D),(D),(D),(D),(D),(D),(D),(D),(D),(D),(D),(D),(D),(D)
 "19191","Winneshiek, IA",4,CAGDP2,70,"62","   Health care and social assistance ","Thousands of dollars",(D),(D),(D),(D),(D),(D),(D),(D),(D),(D),(D),(D),(D),(D),(D),(D),(D),(D),(D),(D),(D),(D)
 "19191","Winneshiek, IA",4,CAGDP2,75,"71,72","  Arts, entertainment, recreation, accommodation, and food services ","Thousands of dollars",17030,16771,16419,15755,15795,15518,16731,17352,17763,20049,21695,23717,24612,25735,28776,28699,30305,31908,35233,26182,33710,37195
 "19191","Winneshiek, IA",4,CAGDP2,76,"71","   Arts, entertainment, and recreation ","Thousands of dollars",3013,3294,3689,3716,3950,4138,4467,4596,4614,4428,4463,4595,4791,5078,5101,4986,5348,6093,6930,5397,7738,9022
 "19191","Winneshiek, IA",4,CAGDP2,79,"72","   Accommodation and food services ","Thousands of dollars",14018,13476,12729,12038,11845,11380,12265,12757,13149,15621,17232,19123,19821,20657,23675,23714,24957,25815,28302,20785,25972,28173
 "19191","Winneshiek, IA",4,CAGDP2,82,"81","  Other services (except government and government enterprises) ","Thousands of dollars",14680,15887,16038,16868,17228,17265,16916,17576,18273,17834,17635,18515,19031,19283,20539,21552,22175,22889,23539,22777,25276,26298
 "19191","Winneshiek, IA",4,CAGDP2,83,"92","Government and government enterprises ","Thousands of dollars",75226,77351,82446,88196,94549,100195,101580,105121,113766,117982,116453,118881,125746,136528,144138,146061,146995,148055,149563,150773,151624,161894
 "19191","Winneshiek, IA",4,CAGDP2,87,"11,21","Natural resources and mining ","Thousands of dollars",29997,31648,41666,73646,65914,53851,62175,76886,32993,90518,127054,131579,218131,175441,210593,163399,76243,82704,67497,115040,180621,220429
 "19191","Winneshiek, IA",4,CAGDP2,88,"42,44-45","Trade ","Thousands of dollars",61940,63633,64695,67659,72112,74467,80084,90390,95211,100691,100289,107334,108460,112991,116259,117236,117956,121838,127857,134552,142096,149699
 "19191","Winneshiek, IA",4,CAGDP2,89,"22,48-49","Transportation and utilities ","Thousands of dollars",18099,18664,19024,21396,22398,26725,(D),32737,(D),(D),(D),(D),(D),(D),(D),(D),(D),(D),(D),(D),(D),(D)
 "19191","Winneshiek, IA",4,CAGDP2,90,"31-33,51","Manufacturing and information ","Thousands of dollars",139972,146407,131781,136596,131172,143170,144578,146151,129260,132666,142352,135297,138552,137697,148873,144133,161465,177677,192649,181118,192272,218905
 "19191","Winneshiek, IA",4,CAGDP2,91,"...","Private goods-producing industries 2/","Thousands of dollars",200260,203633,213864,254361,244908,241510,250833,266747,195683,249967,299540,301502,393539,353709,400254,350936,284393,308521,304980,347145,422961,492885
 "19191","Winneshiek, IA",4,CAGDP2,92,"...","Private services-providing industries 3/","Thousands of dollars",276583,292178,306402,327877,345265,359054,381195,403230,413593,429790,441746,457043,460998,484251,500837,518132,526563,544942,558012,549552,574211,594096
 "19193","Woodbury, IA",4,CAGDP2,1,"...","All industry total ","Thousands of dollars",3451439,3480960,3694079,4075433,4385176,4592154,4902959,5313386,5022845,4926127,4871968,4837618,4919365,5056987,5359496,5487181,5168011,5480065,5485451,5486636,5931873,6300491
 "19193","Woodbury, IA",4,CAGDP2,2,"..."," Private industries ","Thousands of dollars",3103669,3120781,3320396,3684783,3970236,4161942,4458234,4851698,4533618,4417311,4364598,4330167,4399785,4512782,4791595,4903406,4573239,4867959,4874194,4868217,5315873,5654096
 "19193","Woodbury, IA",4,CAGDP2,3,"11","  Agriculture, forestry, fishing and hunting ","Thousands of dollars",(D),(D),(D),(D),(D),(D),77039,131514,62594,(D),(D),(D),(D),(D),(D),(D),(D),(D),(D),(D),156923,233284
 "19193","Woodbury, IA",4,CAGDP2,6,"21","  Mining, quarrying, and oil and gas extraction ","Thousands of dollars",2789,3130,4009,5423,4231,1784,996,1095,885,1497,896,1016,896,1172,1391,1379,2071,1989,2217,2402,(D),(D)
 "19193","Woodbury, IA",4,CAGDP2,10,"22","  Utilities ","Thousands of dollars",397032,352592,364085,374983,362018,420972,412273,412637,509531,479201,393333,353048,296458,338628,304296,238294,233590,250723,179952,122386,197541,130256
 "19193","Woodbury, IA",4,CAGDP2,11,"23","  Construction ","Thousands of dollars",123100,119581,131460,144737,159680,169482,188431,221245,209125,225415,225816,284711,335017,381086,605199,723533,320055,332568,355328,360191,355810,389413
 "19193","Woodbury, IA",4,CAGDP2,12,"31-33","  Manufacturing ","Thousands of dollars",676401,684241,767794,1009396,1180858,1240515,1340550,1584482,1180884,1037096,915951,774766,828883,781508,832597,744500,746522,897751,828612,880657,885749,954130
 "19193","Woodbury, IA",4,CAGDP2,13,"321,327-339","   Durable goods manufacturing ","Thousands of dollars",125209,124627,118433,158015,178396,155206,141091,137417,140771,169557,135997,150605,154634,180253,196782,148548,154936,151497,152058,151461,154529,166026
 "19193","Woodbury, IA",4,CAGDP2,25,"311-316,322-326","   Nondurable goods manufacturing ","Thousands of dollars",551192,559615,649361,851381,1002462,1085309,1199459,1447064,1040113,867539,779954,624161,674249,601255,635815,595952,591586,746254,676555,729196,731220,788104
 "19193","Woodbury, IA",4,CAGDP2,34,"42","  Wholesale trade ","Thousands of dollars",171484,172709,188184,207947,230270,239487,257474,282042,286768,307994,308965,318533,317306,320289,327812,347109,364316,395197,405877,419564,469478,516188
 "19193","Woodbury, IA",4,CAGDP2,35,"44-45","  Retail trade ","Thousands of dollars",261712,266608,265817,269620,280715,296443,295700,309316,323955,322258,337764,359923,381161,390892,410976,435620,439165,447298,441579,462023,514897,546106
 "19193","Woodbury, IA",4,CAGDP2,36,"48-49","  Transportation and warehousing ","Thousands of dollars",(D),(D),(D),(D),(D),(D),212148,207924,189095,(D),(D),(D),(D),(D),(D),(D),(D),(D),(D),(D),(D),(D)
 "19193","Woodbury, IA",4,CAGDP2,45,"51","  Information ","Thousands of dollars",59448,63558,62715,65940,67302,73629,89790,108794,138722,151887,127102,108519,103809,83079,105245,116189,135084,124619,136352,130266,149498,155487
 "19193","Woodbury, IA",4,CAGDP2,50,"52,53","  Finance, insurance, real estate, rental, and leasing ","Thousands of dollars",451471,469608,511659,529469,558645,550180,621381,563458,572333,588249,677223,691580,642044,739833,693791,755998,731841,780299,821058,863457,841437,(D)
 "19193","Woodbury, IA",4,CAGDP2,51,"52","   Finance and insurance ","Thousands of dollars",146874,163205,178427,198464,206609,183959,207464,159172,162946,155608,188366,214238,203252,238867,253112,282133,262244,263646,260614,279729,302792,309073
 "19193","Woodbury, IA",4,CAGDP2,56,"53","   Real estate and rental and leasing ","Thousands of dollars",304598,306403,333232,331006,352036,366221,413917,404286,409387,432641,488857,477341,438792,500966,440679,473865,469598,516653,560444,583729,538645,(D)
 "19193","Woodbury, IA",4,CAGDP2,59,"54,55,56","  Professional and business services ","Thousands of dollars",179865,175453,189644,192976,229529,239268,266322,283931,277592,282783,287217,302198,296159,304981,292097,309843,314127,319276,340195,344809,387303,408003
 "19193","Woodbury, IA",4,CAGDP2,60,"54","   Professional, scientific, and technical services ","Thousands of dollars",74399,78022,80876,86406,93015,96808,102461,113667,107206,102720,105533,108749,111306,117809,125817,139296,137697,137068,135315,135193,151328,161754
 "19193","Woodbury, IA",4,CAGDP2,64,"55","   Management of companies and enterprises ","Thousands of dollars",8999,8697,17991,19400,35578,37717,40375,34491,32695,30867,40248,50345,51633,57627,41539,40886,42938,46813,58451,52430,53444,46833
 "19193","Woodbury, IA",4,CAGDP2,65,"56","   Administrative and support and waste management and remediation services ","Thousands of dollars",96467,88734,90777,87171,100935,104743,123486,135773,137691,149196,141435,143104,133220,129545,124740,129661,133492,135395,146429,157186,182531,199417
 "19193","Woodbury, IA",4,CAGDP2,68,"61,62","  Educational services, health care, and social assistance ","Thousands of dollars",398941,407626,420309,431568,429573,438807,451274,484322,510834,512440,525657,540859,549780,562504,602063,618993,621009,626546,656419,655367,695948,719710
 "19193","Woodbury, IA",4,CAGDP2,69,"61","   Educational services ","Thousands of dollars",32508,32960,34925,38005,38531,41496,43023,45903,49201,48005,47640,48751,50707,55361,55599,58766,58026,60067,61051,59673,63591,66506
 "19193","Woodbury, IA",4,CAGDP2,70,"62","   Health care and social assistance ","Thousands of dollars",366433,374666,385384,393563,391042,397311,408250,438419,461633,464435,478017,492108,499073,507142,546465,560227,562983,566479,595368,595694,632357,653203
 "19193","Woodbury, IA",4,CAGDP2,75,"71,72","  Arts, entertainment, recreation, accommodation, and food services ","Thousands of dollars",126136,128024,127750,128918,139287,141953,147762,157583,166147,179450,192911,206358,210640,190362,195035,210460,225326,241082,259661,212203,255227,277922
 "19193","Woodbury, IA",4,CAGDP2,76,"71","   Arts, entertainment, and recreation ","Thousands of dollars",45682,45053,40604,38774,47729,49312,50721,56789,63224,73620,83246,92332,89619,53774,29456,25911,33629,42371,49216,34294,37573,42211
 "19193","Woodbury, IA",4,CAGDP2,79,"72","   Accommodation and food services ","Thousands of dollars",80453,82970,87146,90144,91558,92641,97041,100794,102923,105830,109665,114026,121021,136588,165579,184549,191697,198712,210445,177909,217654,235711
 "19193","Woodbury, IA",4,CAGDP2,82,"81","  Other services (except government and government enterprises) ","Thousands of dollars",84474,92674,87721,90018,91384,93387,97093,103356,105153,105318,102094,106307,109241,116771,116827,130015,119843,123010,129638,129543,139652,148473
 "19193","Woodbury, IA",4,CAGDP2,83,"92","Government and government enterprises ","Thousands of dollars",347769,360179,373683,390650,414940,430212,444725,461687,489227,508815,507371,507452,519579,544205,567901,583775,594771,612106,611257,618419,616000,646395
 "19193","Woodbury, IA",4,CAGDP2,87,"11,21","Natural resources and mining ","Thousands of dollars",(D),(D),(D),(D),(D),(D),78036,132609,63478,(D),(D),(D),(D),(D),(D),(D),(D),(D),(D),(D),(D),(D)
 "19193","Woodbury, IA",4,CAGDP2,88,"42,44-45","Trade ","Thousands of dollars",433197,439317,454001,477567,510986,535929,553174,591358,610723,630252,646729,678456,698467,711181,738788,782730,803481,842494,847456,881587,984374,1062294
 "19193","Woodbury, IA",4,CAGDP2,89,"22,48-49","Transportation and utilities ","Thousands of dollars",(D),(D),(D),(D),(D),(D),624421,620560,698626,(D),(D),(D),(D),(D),(D),(D),(D),(D),(D),(D),(D),(D)
 "19193","Woodbury, IA",4,CAGDP2,90,"31-33,51","Manufacturing and information ","Thousands of dollars",735849,747799,830509,1075336,1248160,1314144,1430340,1693276,1319606,1188982,1043053,883285,932692,864586,937842,860689,881606,1022370,964964,1010923,1035247,1109618
 "19193","Woodbury, IA",4,CAGDP2,91,"...","Private goods-producing industries 2/","Thousands of dollars",(D),(D),(D),(D),(D),(D),1607017,1938336,1453488,(D),(D),(D),(D),(D),(D),(D),(D),(D),(D),(D),(D),(D)
 "19193","Woodbury, IA",4,CAGDP2,92,"...","Private services-providing industries 3/","Thousands of dollars",(D),(D),(D),(D),(D),(D),2851217,2913362,3080130,(D),(D),(D),(D),(D),(D),(D),(D),(D),(D),(D),(D),(D)
 "19195","Worth, IA",4,CAGDP2,1,"...","All industry total ","Thousands of dollars",120491,135583,138153,170558,167000,288115,331631,313283,266965,296687,323291,318246,444075,447356,411674,348832,298086,303214,314938,308937,413637,464435
 "19195","Worth, IA",4,CAGDP2,2,"..."," Private industries ","Thousands of dollars",104036,118736,120929,152605,148225,268874,311677,292435,244894,273469,298463,290621,419555,421866,385805,322316,271251,275429,286777,280511,385314,435148
 "19195","Worth, IA",4,CAGDP2,3,"11","  Agriculture, forestry, fishing and hunting ","Thousands of dollars",14556,25093,(D),(D),(D),19590,38551,(D),(D),55115,62584,65235,103121,43764,27397,11006,3325,7233,9563,1820,76244,103652
 "19195","Worth, IA",4,CAGDP2,6,"21","  Mining, quarrying, and oil and gas extraction ","Thousands of dollars",859,977,1044,1463,1781,2326,2421,3155,2105,3060,3220,3473,3035,2788,2611,2431,3096,3141,3771,4297,4269,3035
 "19195","Worth, IA",4,CAGDP2,10,"22","  Utilities ","Thousands of dollars",331,5230,3176,3361,2877,6694,6990,16049,21471,32023,32458,34893,33323,35990,35837,40740,39340,33476,34945,37772,34329,(D)
 "19195","Worth, IA",4,CAGDP2,11,"23","  Construction ","Thousands of dollars",6868,7397,7128,7460,(D),7757,9701,(D),(D),10148,11245,12688,11330,11242,13247,15312,13590,14537,18177,15733,13838,14587
 "19195","Worth, IA",4,CAGDP2,12,"31-33","  Manufacturing ","Thousands of dollars",21082,20024,28106,42390,39903,142871,140455,106539,53140,47842,54363,49047,137148,193540,160669,99750,59185,66356,56596,62177,66376,74119
 "19195","Worth, IA",4,CAGDP2,13,"321,327-339","   Durable goods manufacturing ","Thousands of dollars",5047,4444,5767,9794,9826,16830,22191,19914,13375,9873,13292,12906,13350,16146,18529,20146,17882,17733,19035,22681,22107,23469
 "19195","Worth, IA",4,CAGDP2,25,"311-316,322-326","   Nondurable goods manufacturing ","Thousands of dollars",16035,15580,22339,32596,30077,126041,118264,86625,39766,37970,41071,36141,123798,177394,142140,79605,41303,48623,37561,39496,44269,50649
 "19195","Worth, IA",4,CAGDP2,34,"42","  Wholesale trade ","Thousands of dollars",9279,9044,8128,9190,9054,12506,13706,16390,16120,15790,18371,15502,20700,21530,26486,22281,22535,22546,26459,29097,33298,34561
 "19195","Worth, IA",4,CAGDP2,35,"44-45","  Retail trade ","Thousands of dollars",7140,7332,6801,6091,7228,6915,6557,6010,6013,5940,5952,6239,5998,6424,7560,7307,7304,6940,6623,6882,8002,8639
 "19195","Worth, IA",4,CAGDP2,36,"48-49","  Transportation and warehousing ","Thousands of dollars",(D),(D),(D),(D),(D),(D),(D),(D),(D),(D),(D),(D),(D),(D),(D),(D),(D),(D),(D),(D),(D),(D)
 "19195","Worth, IA",4,CAGDP2,45,"51","  Information ","Thousands of dollars",325,(D),453,1892,1190,4082,(D),(D),3122,1865,5689,2405,5380,6128,(D),4328,(D),1566,2007,1905,1408,1686
 "19195","Worth, IA",4,CAGDP2,50,"52,53","  Finance, insurance, real estate, rental, and leasing ","Thousands of dollars",27713,25946,26582,26857,28153,30707,33707,32851,32924,38460,38300,41320,42579,41393,44148,54091,46882,45027,(D),45032,43943,(D)
 "19195","Worth, IA",4,CAGDP2,51,"52","   Finance and insurance ","Thousands of dollars",5800,6219,6589,7384,8435,7518,8377,6990,6969,6984,8548,(D),(D),(D),(D),(D),(D),(D),(D),(D),(D),(D)
 "19195","Worth, IA",4,CAGDP2,56,"53","   Real estate and rental and leasing ","Thousands of dollars",21913,19727,19993,19473,19717,23189,25330,25861,25955,31477,29752,(D),(D),(D),(D),(D),(D),(D),32481,(D),(D),(D)
 "19195","Worth, IA",4,CAGDP2,59,"54,55,56","  Professional and business services ","Thousands of dollars",(D),(D),2437,2219,2505,2883,(D),(D),(D),(D),(D),(D),(D),(D),3149,(D),3431,(D),3801,(D),(D),4227
 "19195","Worth, IA",4,CAGDP2,60,"54","   Professional, scientific, and technical services ","Thousands of dollars",(D),1870,1960,1668,1668,1843,2082,2904,2897,2089,1950,1761,1398,1320,1457,1736,1744,1790,(D),(D),(D),(D)
 "19195","Worth, IA",4,CAGDP2,64,"55","   Management of companies and enterprises ","Thousands of dollars",0,0,0,0,0,0,0,(D),(D),(D),(D),(D),(D),(D),(D),(D),(D),(D),(D),(D),(D),(D)
 "19195","Worth, IA",4,CAGDP2,65,"56","   Administrative and support and waste management and remediation services ","Thousands of dollars",(D),(D),477,552,838,1040,(D),1371,(D),(D),(D),(D),(D),(D),(D),(D),(D),(D),1578,1562,1589,1649
 "19195","Worth, IA",4,CAGDP2,68,"61,62","  Educational services, health care, and social assistance ","Thousands of dollars",4742,4880,4565,4998,4836,5069,5936,5278,6915,5953,6807,5568,6044,6699,8001,7823,6706,6495,6665,7472,7387,8573
 "19195","Worth, IA",4,CAGDP2,69,"61","   Educational services ","Thousands of dollars",4,5,6,166,0,358,1492,375,715,563,1279,76,278,549,1582,1089,382,23,49,14,59,45
 "19195","Worth, IA",4,CAGDP2,70,"62","   Health care and social assistance ","Thousands of dollars",4738,4875,4559,4832,4836,4711,4445,4903,6200,5390,5528,5492,5765,6149,6419,6734,6324,6472,6616,7458,7328,8528
 "19195","Worth, IA",4,CAGDP2,75,"71,72","  Arts, entertainment, recreation, accommodation, and food services ","Thousands of dollars",1058,1195,1401,2147,(D),(D),27682,28739,(D),(D),(D),(D),31670,32912,(D),33939,(D),40765,(D),34984,59720,64650
 "19195","Worth, IA",4,CAGDP2,76,"71","   Arts, entertainment, and recreation ","Thousands of dollars",266,287,475,926,2258,(D),(D),(D),(D),(D),(D),(D),(D),(D),(D),(D),(D),(D),(D),(D),(D),(D)
 "19195","Worth, IA",4,CAGDP2,79,"72","   Accommodation and food services ","Thousands of dollars",792,907,926,1221,(D),(D),(D),(D),(D),(D),(D),(D),(D),(D),(D),(D),(D),(D),(D),(D),(D),(D)
 "19195","Worth, IA",4,CAGDP2,82,"81","  Other services (except government and government enterprises) ","Thousands of dollars",4660,5145,5251,5367,5353,5302,5337,5750,6119,8920,8568,8166,7475,8066,7683,7587,7965,8006,7519,7125,8498,9476
 "19195","Worth, IA",4,CAGDP2,83,"92","Government and government enterprises ","Thousands of dollars",16455,16847,17224,17953,18775,19241,19954,20849,22071,23218,24828,27625,24520,25490,25869,26516,26836,27785,28160,28426,28323,29288
 "19195","Worth, IA",4,CAGDP2,87,"11,21","Natural resources and mining ","Thousands of dollars",15415,26070,(D),(D),(D),21916,40972,(D),(D),58175,65804,68709,106156,46552,30008,13437,6421,10374,13334,6117,80513,106687
 "19195","Worth, IA",4,CAGDP2,88,"42,44-45","Trade ","Thousands of dollars",16418,16376,14929,15280,16282,19421,20264,22399,22133,21730,24323,21741,26698,27954,34046,29588,29839,29485,33083,35979,41299,43200
 "19195","Worth, IA",4,CAGDP2,89,"22,48-49","Transportation and utilities ","Thousands of dollars",(D),(D),(D),(D),(D),(D),(D),(D),(D),(D),(D),(D),(D),(D),(D),(D),(D),(D),(D),(D),(D),(D)
 "19195","Worth, IA",4,CAGDP2,90,"31-33,51","Manufacturing and information ","Thousands of dollars",21407,(D),28559,44282,41094,146953,(D),(D),56263,49707,60052,51452,142529,199668,(D),104079,(D),67922,58603,64082,67783,75805
 "19195","Worth, IA",4,CAGDP2,91,"...","Private goods-producing industries 2/","Thousands of dollars",43365,53491,(D),(D),78391,172544,191128,159108,105065,116165,131412,130444,254634,251334,203923,128499,79195,91267,88107,84027,160726,195393
 "19195","Worth, IA",4,CAGDP2,92,"...","Private services-providing industries 3/","Thousands of dollars",60671,65245,(D),(D),69834,96330,120548,133327,139829,157303,167051,160178,164921,170532,181882,193817,192056,184163,198670,196484,224588,239755
 "19197","Wright, IA",4,CAGDP2,1,"...","All industry total ","Thousands of dollars",388526,412883,429511,499029,478470,491853,574198,604151,538128,574149,713061,752876,762646,875211,840530,675994,687566,787978,679527,671477,815283,1081262
 "19197","Wright, IA",4,CAGDP2,2,"..."," Private industries ","Thousands of dollars",343838,365449,377452,444135,419033,427043,501975,525074,454254,485737,625135,660630,665869,772526,731219,562773,570236,666859,554470,538694,676323,926755
 "19197","Wright, IA",4,CAGDP2,3,"11","  Agriculture, forestry, fishing and hunting ","Thousands of dollars",68457,91189,99080,137892,91862,111800,176053,172830,80826,72814,197944,182625,200864,225454,189592,(D),88070,163194,7384,6505,116887,331604
 "19197","Wright, IA",4,CAGDP2,6,"21","  Mining, quarrying, and oil and gas extraction ","Thousands of dollars",497,563,620,989,1122,1477,1334,1541,981,1215,1319,2304,1361,1369,1698,1306,1606,1708,757,0,0,0
 "19197","Wright, IA",4,CAGDP2,10,"22","  Utilities ","Thousands of dollars",4705,3260,3305,3408,3251,2359,2361,2404,2464,1750,1795,2500,2525,2227,2286,2407,2442,2838,2878,3083,3114,3276
 "19197","Wright, IA",4,CAGDP2,11,"23","  Construction ","Thousands of dollars",14871,14048,13595,14043,27011,19082,15662,14677,16003,17379,17359,18707,18587,17223,18548,17356,35416,43636,26895,22820,19053,21972
 "19197","Wright, IA",4,CAGDP2,12,"31-33","  Manufacturing ","Thousands of dollars",82323,86016,85152,99758,106038,99789,98179,110086,117455,144550,166790,198961,179894,235459,217715,169188,140461,158259,201717,207419,211969,222095
 "19197","Wright, IA",4,CAGDP2,13,"321,327-339","   Durable goods manufacturing ","Thousands of dollars",55602,59735,56910,70061,67612,63297,59028,59190,41333,63750,79107,97863,80542,133388,110678,67554,57245,69507,97245,94755,90361,87320
 "19197","Wright, IA",4,CAGDP2,25,"311-316,322-326","   Nondurable goods manufacturing ","Thousands of dollars",26721,26281,28241,29697,38427,36491,39151,50896,76122,80800,87683,101098,99353,102072,107037,101634,83216,88752,104473,112664,121608,134775
 "19197","Wright, IA",4,CAGDP2,34,"42","  Wholesale trade ","Thousands of dollars",22549,24345,26195,28716,28663,34755,39144,45364,47316,47671,47557,47580,57402,65999,72383,74698,76993,77098,81573,81782,89320,94983
 "19197","Wright, IA",4,CAGDP2,35,"44-45","  Retail trade ","Thousands of dollars",16280,16275,16783,16757,16846,18028,18799,21419,21369,21223,21102,21478,21108,20173,19668,19581,19635,21293,22835,23611,22956,23902
 "19197","Wright, IA",4,CAGDP2,36,"48-49","  Transportation and warehousing ","Thousands of dollars",17778,12310,13024,17470,18613,20088,22202,20172,18250,17365,19212,18864,17157,17421,(D),(D),(D),(D),(D),(D),(D),(D)
 "19197","Wright, IA",4,CAGDP2,45,"51","  Information ","Thousands of dollars",25253,24333,23570,24790,21465,20248,18530,20252,23225,26151,26794,25901,28356,30434,31760,30090,30049,25894,25237,24083,26572,28653
 "19197","Wright, IA",4,CAGDP2,50,"52,53","  Finance, insurance, real estate, rental, and leasing ","Thousands of dollars",52488,52516,56267,58255,62447,56869,65517,71226,82431,90258,83601,96210,88413,102223,96530,102858,98095,92216,101005,92914,102124,(D)
 "19197","Wright, IA",4,CAGDP2,51,"52","   Finance and insurance ","Thousands of dollars",15190,17163,18083,17962,19884,17777,21129,22940,30853,37314,29781,37648,32865,40101,38617,44590,38708,39048,38546,35607,40371,42797
 "19197","Wright, IA",4,CAGDP2,56,"53","   Real estate and rental and leasing ","Thousands of dollars",37298,35352,38185,40293,42563,39092,44388,48286,51578,52944,53820,58562,55548,62122,57913,58268,59387,53168,62459,57307,61753,(D)
 "19197","Wright, IA",4,CAGDP2,59,"54,55,56","  Professional and business services ","Thousands of dollars",10860,12567,12475,12654,13021,13799,15639,15963,14018,13505,13360,14818,16156,17386,(D),16661,(D),(D),(D),(D),(D),22994
 "19197","Wright, IA",4,CAGDP2,60,"54","   Professional, scientific, and technical services ","Thousands of dollars",7867,8915,8740,8531,8698,8715,9347,10112,9457,9425,9324,9290,10101,10657,11087,11828,12339,12973,12737,11434,12379,13413
 "19197","Wright, IA",4,CAGDP2,64,"55","   Management of companies and enterprises ","Thousands of dollars",0,(D),(D),(D),(D),(D),(D),(D),0,0,0,0,0,(D),(D),0,(D),(D),(D),(D),(D),(D)
 "19197","Wright, IA",4,CAGDP2,65,"56","   Administrative and support and waste management and remediation services ","Thousands of dollars",2994,(D),(D),(D),(D),(D),(D),(D),4560,4080,4037,5528,6055,(D),(D),4833,(D),(D),(D),(D),(D),(D)
 "19197","Wright, IA",4,CAGDP2,68,"61,62","  Educational services, health care, and social assistance ","Thousands of dollars",16707,16411,15972,17506,16866,16939,17104,17759,18673,20081,15661,16703,19945,22196,24277,25409,24049,24018,25407,24385,22694,23607
 "19197","Wright, IA",4,CAGDP2,69,"61","   Educational services ","Thousands of dollars",554,569,569,498,0,0,333,719,1377,1576,(D),740,1014,1671,1920,2118,1738,1654,1612,1005,798,(D)
 "19197","Wright, IA",4,CAGDP2,70,"62","   Health care and social assistance ","Thousands of dollars",16153,15841,15402,17007,16866,16939,16771,17040,17296,18505,(D),15963,18931,20525,22357,23291,22311,22364,23795,23380,21895,(D)
 "19197","Wright, IA",4,CAGDP2,75,"71,72","  Arts, entertainment, recreation, accommodation, and food services ","Thousands of dollars",4454,4405,4135,4122,3995,4013,3940,4165,4370,4676,5193,5458,5494,5373,6267,6372,6092,6073,6550,5791,6725,7079
 "19197","Wright, IA",4,CAGDP2,76,"71","   Arts, entertainment, and recreation ","Thousands of dollars",306,277,282,299,275,279,354,400,437,462,528,361,(D),532,560,558,626,627,661,538,855,903
 "19197","Wright, IA",4,CAGDP2,79,"72","   Accommodation and food services ","Thousands of dollars",4148,4128,3854,3823,3720,3734,3586,3765,3933,4214,4665,5096,(D),4841,5707,5814,5466,5446,5888,5254,5870,6176
 "19197","Wright, IA",4,CAGDP2,82,"81","  Other services (except government and government enterprises) ","Thousands of dollars",6615,7212,7279,7774,7831,7798,7512,7217,6874,7099,7448,8521,8605,9588,10994,11249,11331,12142,12779,12427,12681,13300
 "19197","Wright, IA",4,CAGDP2,83,"92","Government and government enterprises ","Thousands of dollars",44688,47434,52059,54895,59438,64810,72223,79078,83873,88412,87926,92246,96778,102684,109311,113221,117330,121120,125056,132783,138959,154507
 "19197","Wright, IA",4,CAGDP2,87,"11,21","Natural resources and mining ","Thousands of dollars",68954,91752,99700,138882,92984,113277,177386,174370,81807,74029,199263,184929,202226,226823,191291,(D),89677,164902,8141,6505,116887,331604
 "19197","Wright, IA",4,CAGDP2,88,"42,44-45","Trade ","Thousands of dollars",38830,40620,42978,45472,45509,52783,57943,66783,68685,68894,68659,69058,78511,86172,92052,94279,96628,98391,104408,105392,112276,118885
 "19197","Wright, IA",4,CAGDP2,89,"22,48-49","Transportation and utilities ","Thousands of dollars",22483,15570,16330,20877,21864,22447,24563,22576,20714,19115,21006,21364,19682,19648,(D),(D),(D),(D),(D),(D),(D),(D)
 "19197","Wright, IA",4,CAGDP2,90,"31-33,51","Manufacturing and information ","Thousands of dollars",107575,110349,108722,124549,127503,120036,116709,130338,140680,170701,193584,224863,208251,265893,249475,199279,170509,184152,226954,231501,238541,250749
 "19197","Wright, IA",4,CAGDP2,91,"...","Private goods-producing industries 2/","Thousands of dollars",166147,191816,198447,252683,226033,232147,291227,299133,215265,235958,383413,402597,400707,479506,427554,(D),265553,366796,236754,236744,347909,575672
 "19197","Wright, IA",4,CAGDP2,92,"...","Private services-providing industries 3/","Thousands of dollars",177691,173633,179005,191452,193000,194895,210748,225941,238989,249779,241722,258033,265161,293021,303665,(D),304682,300063,317717,301950,328414,351083
"Note: See the included footnote file."
"CAGDP2: Gross domestic product (GDP) by county and metropolitan area 1."
"Last updated: November 1, 2024 -- revised statistics for 2001-2016."
"U.S. Bureau of Economic Analysis"
