GeoFIPS,GeoName,Region,TableName,LineCode,IndustryClassification,Description,Unit,2001,2002,2003,2004,2005,2006,2007,2008,2009,2010,2011,2012,2013,2014,2015,2016,2017,2018,2019,2020,2021,2022
 "11244","Anaheim-Santa Ana-Irvine, CA (Metropolitan Division)", ,CAGDP2,1,"...","All industry total ","Thousands of dollars",129569807,135403517,145979963,156015934,169089280,180577745,184237297,181056238,173785114,180255917,182787949,193589249,201775559,209015768,222125630,230408425,244438165,256068837,269080278,268778347,294339604,314177082
 "11244","Anaheim-Santa Ana-Irvine, CA (Metropolitan Division)", ,CAGDP2,2,"..."," Private industries ","Thousands of dollars",119326336,124476814,134519122,144208922,156818202,167637648,170281107,166426383,159406008,165854851,168245070,178912447,186399646,192867955,204884174,212185137,226160075,237088404,249724161,248937806,273823766,293254482
 "11244","Anaheim-Santa Ana-Irvine, CA (Metropolitan Division)", ,CAGDP2,3,"11","  Agriculture, forestry, fishing and hunting ","Thousands of dollars",162635,180922,191172,217722,306128,370220,250669,358800,276473,185485,195699,180274,120432,118379,122217,115214,101405,103250,98376,104830,124069,130065
 "11244","Anaheim-Santa Ana-Irvine, CA (Metropolitan Division)", ,CAGDP2,6,"21","  Mining, quarrying, and oil and gas extraction ","Thousands of dollars",95800,100596,110188,145640,186597,241133,262947,323208,245207,248735,294780,303283,281651,324423,195425,175684,229891,177692,146980,120236,150706,184417
 "11244","Anaheim-Santa Ana-Irvine, CA (Metropolitan Division)", ,CAGDP2,10,"22","  Utilities ","Thousands of dollars",822512,849041,796787,551501,715343,861133,795867,685428,606009,684332,818527,829574,881485,923709,970915,909989,1594084,2240420,2131670,2136281,2300947,2240868
 "11244","Anaheim-Santa Ana-Irvine, CA (Metropolitan Division)", ,CAGDP2,11,"23","  Construction ","Thousands of dollars",6919636,7142625,8774138,11577356,13246687,14766994,12458361,8892228,7718229,8626213,6002894,8716350,9602579,9852338,10952004,12151107,12983047,13563501,13801031,13090813,13963670,14652399
 "11244","Anaheim-Santa Ana-Irvine, CA (Metropolitan Division)", ,CAGDP2,12,"31-33","  Manufacturing ","Thousands of dollars",17119149,16351679,17931730,18658078,19920522,21138934,21215876,20893664,20457648,20319394,20665443,21655892,22758602,23487714,24484513,25537774,27805140,29603380,30557876,29827017,31066159,33299906
 "11244","Anaheim-Santa Ana-Irvine, CA (Metropolitan Division)", ,CAGDP2,13,"321,327-339","   Durable goods manufacturing ","Thousands of dollars",12052485,11655526,12752554,13003797,14431410,15217250,15610731,15194544,14839988,14614373,15175564,15802962,16588108,17603958,18397671,19540660,21921447,23452298,24365242,23823838,24827463,26731756
 "11244","Anaheim-Santa Ana-Irvine, CA (Metropolitan Division)", ,CAGDP2,25,"311-316,322-326","   Nondurable goods manufacturing ","Thousands of dollars",5066663,4696153,5179176,5654282,5489113,5921685,5605145,5699121,5617660,5705021,5489880,5852929,6170495,5883756,6086842,5997114,5883693,6151083,6192634,6003179,6238696,6568150
 "11244","Anaheim-Santa Ana-Irvine, CA (Metropolitan Division)", ,CAGDP2,34,"42","  Wholesale trade ","Thousands of dollars",12437238,12482484,13331437,13970414,15051068,16013155,17116282,17332211,15806756,16764881,18101589,17717549,18686051,20352497,22428608,22309059,23580638,24171410,25743000,24829507,26778715,28954851
 "11244","Anaheim-Santa Ana-Irvine, CA (Metropolitan Division)", ,CAGDP2,35,"44-45","  Retail trade ","Thousands of dollars",10586600,11043443,11629806,11938194,12668534,13294213,13056606,11976884,11173584,11382950,11510636,11893590,12884673,13251540,13889501,14128360,14622564,15013726,15937996,15833661,18396716,19745738
 "11244","Anaheim-Santa Ana-Irvine, CA (Metropolitan Division)", ,CAGDP2,36,"48-49","  Transportation and warehousing ","Thousands of dollars",1539012,1553259,1671006,1985764,2107649,2291916,2326826,2366884,2187938,2083747,2020862,2100668,2334509,2299218,2563058,2672206,2813381,3220042,3665079,3772730,4499768,5172109
 "11244","Anaheim-Santa Ana-Irvine, CA (Metropolitan Division)", ,CAGDP2,45,"51","  Information ","Thousands of dollars",5009748,5209398,5369637,6193509,6581446,6736810,7128239,7128492,6251766,6583169,6526417,6239921,7074571,7206803,7958633,8134630,9007426,9147853,10941942,11463814,12443800,13108376
 "11244","Anaheim-Santa Ana-Irvine, CA (Metropolitan Division)", ,CAGDP2,50,"52,53","  Finance, insurance, real estate, rental, and leasing ","Thousands of dollars",29536049,32420460,35844047,38126928,42371233,44407536,45712848,43447249,44304738,47381701,49091803,53882935,55523056,54972226,54833926,56954649,61677453,64158072,66062152,69969681,76249181,79633555
 "11244","Anaheim-Santa Ana-Irvine, CA (Metropolitan Division)", ,CAGDP2,51,"52","   Finance and insurance ","Thousands of dollars",9594443,11075725,13290145,13826115,15001577,15313684,14095066,10729921,14058792,16768809,17091657,18505044,18156923,16029186,16653941,17612935,18279872,17961651,18204754,21093041,23764143,23115223
 "11244","Anaheim-Santa Ana-Irvine, CA (Metropolitan Division)", ,CAGDP2,56,"53","   Real estate and rental and leasing ","Thousands of dollars",19941605,21344735,22553902,24300813,27369656,29093852,31617783,32717329,30245946,30612892,32000146,35377891,37366134,38943040,38179985,39341713,43397581,46196422,47857398,48876639,52485039,56518332
 "11244","Anaheim-Santa Ana-Irvine, CA (Metropolitan Division)", ,CAGDP2,59,"54,55,56","  Professional and business services ","Thousands of dollars",19861148,20643610,21405663,22127970,23721661,25957429,27141452,29280185,26967668,27640218,28518893,29357343,29304172,31592387,35566597,36086807,37376423,39796880,42601587,43994102,48508786,51630530
 "11244","Anaheim-Santa Ana-Irvine, CA (Metropolitan Division)", ,CAGDP2,60,"54","   Professional, scientific, and technical services ","Thousands of dollars",10762132,11264858,11766802,12094951,13254460,14498233,15435732,17417740,15978207,16322795,17221884,17641820,17766259,19245423,22488531,21558805,21610347,22595371,24162320,25254058,27789417,28962628
 "11244","Anaheim-Santa Ana-Irvine, CA (Metropolitan Division)", ,CAGDP2,64,"55","   Management of companies and enterprises ","Thousands of dollars",3368793,3172744,3282567,3214305,3225221,3540975,3209105,3207787,3037352,2996020,3011778,3187483,3596622,4009243,4228021,4535686,4878378,5587520,6074827,6465516,7020484,7458656
 "11244","Anaheim-Santa Ana-Irvine, CA (Metropolitan Division)", ,CAGDP2,65,"56","   Administrative and support and waste management and remediation services ","Thousands of dollars",5730222,6206008,6356293,6818713,7241980,7918222,8496615,8654658,7952109,8321403,8285231,8528040,7941291,8337721,8850045,9992315,10887698,11613989,12364439,12274527,13698885,15209245
 "11244","Anaheim-Santa Ana-Irvine, CA (Metropolitan Division)", ,CAGDP2,68,"61,62","  Educational services, health care, and social assistance ","Thousands of dollars",6708703,7354543,7993323,8704904,9092268,9732216,10202019,11314986,12012457,12493111,13097920,13456611,13880810,14376126,15432776,16428497,17165717,18092204,19086876,19466257,21343532,22798631
 "11244","Anaheim-Santa Ana-Irvine, CA (Metropolitan Division)", ,CAGDP2,69,"61","   Educational services ","Thousands of dollars",752385,795791,983934,1076339,1102961,1188639,1216281,1395595,1571306,1647107,1693771,1695331,1749118,1841021,1882338,2026389,2093169,2332577,2519623,2328994,2656284,2922186
 "11244","Anaheim-Santa Ana-Irvine, CA (Metropolitan Division)", ,CAGDP2,70,"62","   Health care and social assistance ","Thousands of dollars",5956317,6558752,7009389,7628565,7989307,8543577,8985738,9919391,10441152,10846004,11404149,11761280,12131692,12535105,13550437,14402108,15072549,15759627,16567253,17137263,18687248,19876445
 "11244","Anaheim-Santa Ana-Irvine, CA (Metropolitan Division)", ,CAGDP2,75,"71,72","  Arts, entertainment, recreation, accommodation, and food services ","Thousands of dollars",5375520,5751237,6111355,6385872,6936319,7717855,8550290,8611854,7823784,7792050,7667510,8629585,9015284,9714869,10832755,11721180,12289690,12532946,13455618,9888627,13358113,16458340
 "11244","Anaheim-Santa Ana-Irvine, CA (Metropolitan Division)", ,CAGDP2,76,"71","   Arts, entertainment, and recreation ","Thousands of dollars",1714174,1804325,1925108,1850266,2084551,2346578,2938479,2942611,2667608,2498584,2181570,2389102,2565051,2681440,2889905,3229938,3540273,3564895,4031277,2655729,4045869,5420796
 "11244","Anaheim-Santa Ana-Irvine, CA (Metropolitan Division)", ,CAGDP2,79,"72","   Accommodation and food services ","Thousands of dollars",3661346,3946911,4186247,4535606,4851768,5371277,5611811,5669242,5156176,5293466,5485940,6240483,6450233,7033428,7942849,8491242,8749417,8968051,9424341,7232898,9312244,11037545
 "11244","Anaheim-Santa Ana-Irvine, CA (Metropolitan Division)", ,CAGDP2,82,"81","  Other services (except government and government enterprises) ","Thousands of dollars",3152587,3393517,3358833,3625070,3912748,4108103,4062825,3814310,3573749,3668864,3732096,3948873,4051770,4395725,4653247,4859982,4913216,5267025,5493978,4440249,4639603,5244696
 "11244","Anaheim-Santa Ana-Irvine, CA (Metropolitan Division)", ,CAGDP2,83,"92","Government and government enterprises ","Thousands of dollars",10243471,10926703,11460841,11807012,12271078,12940098,13956191,14629855,14379107,14401066,14542879,14676802,15375913,16147813,17241456,18223288,18278090,18980433,19356117,19840541,20515838,20922600
 "11244","Anaheim-Santa Ana-Irvine, CA (Metropolitan Division)", ,CAGDP2,87,"11,21","Natural resources and mining ","Thousands of dollars",258435,281519,301360,363362,492725,611353,513616,682008,521680,434220,490479,483557,402084,442802,317642,290898,331295,280942,245356,225066,274775,314481
 "11244","Anaheim-Santa Ana-Irvine, CA (Metropolitan Division)", ,CAGDP2,88,"42,44-45","Trade ","Thousands of dollars",23023838,23525926,24961244,25908608,27719601,29307367,30172888,29309096,26980340,28147831,29612225,29611139,31570723,33604037,36318109,36437419,38203203,39185137,41680996,40663168,45175431,48700589
 "11244","Anaheim-Santa Ana-Irvine, CA (Metropolitan Division)", ,CAGDP2,89,"22,48-49","Transportation and utilities ","Thousands of dollars",2361524,2402300,2467793,2537265,2822993,3153050,3122693,3052311,2793947,2768079,2839389,2930242,3215995,3222927,3533973,3582195,4407464,5460462,5796749,5909012,6800715,7412978
 "11244","Anaheim-Santa Ana-Irvine, CA (Metropolitan Division)", ,CAGDP2,90,"31-33,51","Manufacturing and information ","Thousands of dollars",22128897,21561078,23301367,24851587,26501968,27875745,28344115,28022156,26709413,26902563,27191860,27895812,29833173,30694517,32443146,33672404,36812566,38751233,41499819,41290831,43509959,46408282
 "11244","Anaheim-Santa Ana-Irvine, CA (Metropolitan Division)", ,CAGDP2,91,"...","Private goods-producing industries 2/","Thousands of dollars",24297220,23775822,27007228,30598797,33659934,36517281,34187853,30467900,28697557,29379827,27158817,30855799,32763265,33782855,35754159,37979779,41119482,43447824,44604263,43142896,45304605,48266787
 "11244","Anaheim-Santa Ana-Irvine, CA (Metropolitan Division)", ,CAGDP2,92,"...","Private services-providing industries 3/","Thousands of dollars",95029116,100700992,107511895,113610126,123158268,131120367,136093254,135958483,130708450,136475024,141086253,148056649,153636382,159085100,169130015,174205358,185040593,193640580,205119898,205794910,228519162,244987695
 "14454","Boston, MA (Metropolitan Division)", ,CAGDP2,1,"...","All industry total ","Thousands of dollars",109373684,109557250,112016067,119534849,126284644,134396873,139968443,141525533,143498463,149271246,154422140,163642944,167851276,176161556,187844489,196351004,204947272,217902409,228958373,228316254,250154138,270843741
 "14454","Boston, MA (Metropolitan Division)", ,CAGDP2,2,"..."," Private industries ","Thousands of dollars",97804025,97784511,99889079,106751925,112837233,120274538,125051298,125792281,127318084,132928405,136861475,146650734,150399430,157945085,168883164,177330946,185469350,197447315,208011682,207267883,228651683,248700686
 "14454","Boston, MA (Metropolitan Division)", ,CAGDP2,3,"11","  Agriculture, forestry, fishing and hunting ","Thousands of dollars",152088,146843,103286,104260,127493,276511,89050,196112,196847,507985,429373,387797,(D),132147,(D),144162,(D),(D),109234,101657,128730,95821
 "14454","Boston, MA (Metropolitan Division)", ,CAGDP2,6,"21","  Mining, quarrying, and oil and gas extraction ","Thousands of dollars",32739,30699,34459,40958,38751,43803,66557,31864,33339,35075,30929,32649,32390,35721,34549,45499,33878,34000,41253,29262,31316,27096
 "14454","Boston, MA (Metropolitan Division)", ,CAGDP2,10,"22","  Utilities ","Thousands of dollars",1345909,1082415,1137899,1179920,1141057,1627666,1738794,2142618,1775054,2134593,2070265,1963774,2202185,2657199,2679137,2427079,2755532,2889633,3293795,3318317,4300547,5680238
 "14454","Boston, MA (Metropolitan Division)", ,CAGDP2,11,"23","  Construction ","Thousands of dollars",4003291,4008028,3910067,4142702,4597627,4739647,4965376,4593096,3881470,3645416,3743959,3850674,4536922,5094370,5754162,6420846,6930814,7711709,8409373,8094361,8662930,9054385
 "14454","Boston, MA (Metropolitan Division)", ,CAGDP2,12,"31-33","  Manufacturing ","Thousands of dollars",6373846,6187313,6871637,6623120,6650792,6854939,7072557,6954668,7113575,7375987,7354701,7702353,(D),8072176,(D),7752526,(D),(D),8080307,7778784,7816966,8427601
 "14454","Boston, MA (Metropolitan Division)", ,CAGDP2,13,"321,327-339","   Durable goods manufacturing ","Thousands of dollars",(D),4055262,4635726,(D),(D),(D),4069346,3828003,(D),4445642,4545218,4957470,4834117,4752366,(D),4761432,4403718,(D),4500855,4247716,4172647,4361644
 "14454","Boston, MA (Metropolitan Division)", ,CAGDP2,25,"311-316,322-326","   Nondurable goods manufacturing ","Thousands of dollars",(D),2132052,2235912,(D),(D),(D),3003210,3126666,(D),2930345,2809483,2744883,(D),3319809,3351668,2991094,(D),3333272,3579452,3531068,3644319,4065957
 "14454","Boston, MA (Metropolitan Division)", ,CAGDP2,34,"42","  Wholesale trade ","Thousands of dollars",5181001,4979231,5290270,5618683,5604410,6205736,6273368,6305150,6093939,6341726,6460072,6623895,6925840,7138318,7767514,7908545,7907293,7855340,8186690,8192667,8931089,9764675
 "14454","Boston, MA (Metropolitan Division)", ,CAGDP2,35,"44-45","  Retail trade ","Thousands of dollars",4377186,4547092,4774148,4996183,5112810,5085862,4935561,4991673,5007021,5304812,5343907,5414996,5757227,6126880,6759728,7360041,7744917,8337630,9078719,9086515,10224934,11285861
 "14454","Boston, MA (Metropolitan Division)", ,CAGDP2,36,"48-49","  Transportation and warehousing ","Thousands of dollars",2097656,2322637,2478742,2793393,2925315,2786952,2983331,2918208,2928428,3112009,3467161,3464337,3623930,3968497,4604601,4794267,5113081,5155152,5750646,3545448,4453789,5766518
 "14454","Boston, MA (Metropolitan Division)", ,CAGDP2,45,"51","  Information ","Thousands of dollars",4656879,4784982,4525409,5325371,5812901,6163475,6555024,7812671,7175789,7434146,7213729,6743047,6988813,7205530,7594241,7973944,8590367,9011650,10775478,11865784,13119229,13472264
 "14454","Boston, MA (Metropolitan Division)", ,CAGDP2,50,"52,53","  Finance, insurance, real estate, rental, and leasing ","Thousands of dollars",34173020,33127175,32656022,35300144,37924586,41066244,42124604,37370856,40668800,41949485,42975782,49087924,49185239,50970969,54014866,57267312,59176836,65052739,65626448,69903417,74969788,79916502
 "14454","Boston, MA (Metropolitan Division)", ,CAGDP2,51,"52","   Finance and insurance ","Thousands of dollars",21335586,19916580,19016422,20562471,21413029,23220311,23372660,18000530,22163351,22231419,21971506,27853011,27129766,28329866,30961439,33034450,32869510,35953730,35709739,38732636,40095704,42374538
 "14454","Boston, MA (Metropolitan Division)", ,CAGDP2,56,"53","   Real estate and rental and leasing ","Thousands of dollars",12837434,13210594,13639600,14737673,16511557,17845933,18751944,19370326,18505448,19718066,21004277,21234913,22055473,22641102,23053427,24232862,26307326,29099009,29916709,31170780,34874084,37541963
 "14454","Boston, MA (Metropolitan Division)", ,CAGDP2,59,"54,55,56","  Professional and business services ","Thousands of dollars",17929394,17862237,18439401,19564032,20676560,22118521,23486992,25628742,23877498,24655886,26114659,28144851,28756878,30421319,32992973,35011496,37917766,40438227,43158721,44431072,49879231,54304749
 "14454","Boston, MA (Metropolitan Division)", ,CAGDP2,60,"54","   Professional, scientific, and technical services ","Thousands of dollars",11945890,12070361,12409631,13542504,14237838,15202097,16059486,18202134,17092905,18144023,19368419,21016788,21437354,22776830,24811262,26382672,28519161,30212309,32573690,34125955,38754427,42736813
 "14454","Boston, MA (Metropolitan Division)", ,CAGDP2,64,"55","   Management of companies and enterprises ","Thousands of dollars",2946345,2845028,2859787,2747991,2734075,2932239,2891630,2926917,2742277,2570106,2665705,2924532,3064400,3247098,3482067,3493222,3754327,4017387,4112858,4010067,4100623,3920520
 "14454","Boston, MA (Metropolitan Division)", ,CAGDP2,65,"56","   Administrative and support and waste management and remediation services ","Thousands of dollars",3037160,2946848,3169983,3273536,3704648,3984186,4535876,4499692,4042316,3941757,4080534,4203530,4255124,4397391,4699644,5135602,5644278,6208530,6472174,6295049,7024181,7647416
 "14454","Boston, MA (Metropolitan Division)", ,CAGDP2,68,"61,62","  Educational services, health care, and social assistance ","Thousands of dollars",11195894,11950260,13014727,13900850,14673413,15783984,17022821,18735657,20140213,21418075,22355233,23479173,24125130,24947252,26021336,27124068,28119054,28422612,29946655,29999307,32434567,33754604
 "14454","Boston, MA (Metropolitan Division)", ,CAGDP2,69,"61","   Educational services ","Thousands of dollars",2478797,2552381,2800747,3098860,3175393,3383047,3742347,4099842,4542165,4840749,5117943,5243109,5332282,5427010,5452042,5594591,5685761,5996421,6470338,6361576,6590836,7148653
 "14454","Boston, MA (Metropolitan Division)", ,CAGDP2,70,"62","   Health care and social assistance ","Thousands of dollars",8717097,9397879,10213980,10801989,11498020,12400937,13280474,14635816,15598048,16577326,17237290,18236063,18792848,19520243,20569295,21529477,22433293,22426191,23476316,23637731,25843731,26605952
 "14454","Boston, MA (Metropolitan Division)", ,CAGDP2,75,"71,72","  Arts, entertainment, recreation, accommodation, and food services ","Thousands of dollars",4021494,4283410,4239747,4737562,5073582,4986455,5116032,5347560,5688622,6320056,6564187,6902574,7174675,7948140,8881217,9576359,9878654,10586850,11225369,6923159,9275867,12255477
 "14454","Boston, MA (Metropolitan Division)", ,CAGDP2,76,"71","   Arts, entertainment, and recreation ","Thousands of dollars",1152077,1268486,1107628,1328962,1550901,1375640,1379966,1402228,1625764,1914342,1914646,1962364,2056591,2703656,3039984,3339676,3160276,3355899,3353126,1913451,2546499,3403569
 "14454","Boston, MA (Metropolitan Division)", ,CAGDP2,79,"72","   Accommodation and food services ","Thousands of dollars",2869417,3014924,3132119,3408600,3522680,3610815,3736067,3945332,4062858,4405714,4649541,4940209,5118084,5244484,5841233,6236683,6718378,7230951,7872243,5009709,6729367,8851908
 "14454","Boston, MA (Metropolitan Division)", ,CAGDP2,82,"81","  Other services (except government and government enterprises) ","Thousands of dollars",2263627,2472190,2413266,2424747,2477935,2534744,2621231,2763406,2737491,2693155,2737519,2852691,2950534,3226568,3369606,3524802,3717203,4050908,4328993,3998134,4422700,4894895
 "14454","Boston, MA (Metropolitan Division)", ,CAGDP2,83,"92","Government and government enterprises ","Thousands of dollars",11569659,11772739,12126989,12782924,13447411,14122335,14917146,15733251,16180378,16342840,17560665,16992210,17451846,18216471,18961325,19020058,19477922,20455094,20946691,21048371,21502455,22143054
 "14454","Boston, MA (Metropolitan Division)", ,CAGDP2,87,"11,21","Natural resources and mining ","Thousands of dollars",184827,177542,137745,145218,166244,320314,155606,227976,230186,543060,460302,420446,(D),167868,(D),189661,(D),(D),150487,130919,160046,122917
 "14454","Boston, MA (Metropolitan Division)", ,CAGDP2,88,"42,44-45","Trade ","Thousands of dollars",9558187,9526323,10064418,10614867,10717220,11291597,11208929,11296823,11100960,11646538,11803979,12038892,12683068,13265198,14527242,15268586,15652210,16192970,17265409,17279182,19156022,21050536
 "14454","Boston, MA (Metropolitan Division)", ,CAGDP2,89,"22,48-49","Transportation and utilities ","Thousands of dollars",3443565,3405052,3616640,3973312,4066371,4414618,4722125,5060826,4703482,5246601,5537426,5428111,5826115,6625696,7283738,7221346,7868612,8044786,9044442,6863764,8754337,11446756
 "14454","Boston, MA (Metropolitan Division)", ,CAGDP2,90,"31-33,51","Manufacturing and information ","Thousands of dollars",11030725,10972295,11397046,11948491,12463694,13018414,13627581,14767339,14289363,14810133,14568429,14445400,(D),15277705,(D),15726470,(D),(D),18855785,19644568,20936195,21899866
 "14454","Boston, MA (Metropolitan Division)", ,CAGDP2,91,"...","Private goods-producing industries 2/","Thousands of dollars",10561965,10372883,10919449,10911041,11414664,11914900,12193539,11775740,11225230,11564464,11558962,11973473,12708978,13334413,14197945,14363033,14548649,15646574,16640167,16004063,16639942,17604904
 "14454","Boston, MA (Metropolitan Division)", ,CAGDP2,92,"...","Private services-providing industries 3/","Thousands of dollars",87242060,87411629,88969629,95840884,101422570,108359638,112857759,114016541,116092854,121363941,125302513,134677261,137690452,144610672,154685219,162967913,170920702,181800741,191371515,191263820,212011740,231095783
 "15764","Cambridge-Newton-Framingham, MA (Metropolitan Division)", ,CAGDP2,1,"...","All industry total ","Thousands of dollars",109896612,112120164,116726987,121401841,127477530,133617430,144513296,149335985,149085036,159887008,165640204,171075554,174836647,180090215,190296069,195444801,201780571,213814968,226257299,228323869,250826560,265308433
 "15764","Cambridge-Newton-Framingham, MA (Metropolitan Division)", ,CAGDP2,2,"..."," Private industries ","Thousands of dollars",100397390,101995812,106160379,110467747,116000672,121476659,131597327,135891308,135339538,145757233,150688946,156663200,159924916,164639349,174377605,179417228,185285650,196491529,208560687,210462481,232568276,246252046
 "15764","Cambridge-Newton-Framingham, MA (Metropolitan Division)", ,CAGDP2,3,"11","  Agriculture, forestry, fishing and hunting ","Thousands of dollars",96608,128277,129178,167781,160326,187722,292453,285248,310650,233060,147721,146739,145030,145931,151251,125537,98451,107321,150284,187936,168059,161584
 "15764","Cambridge-Newton-Framingham, MA (Metropolitan Division)", ,CAGDP2,6,"21","  Mining, quarrying, and oil and gas extraction ","Thousands of dollars",48565,49529,47370,51502,44798,50748,81387,49789,57305,45908,45474,43011,44686,51440,60303,73149,53409,47396,57025,36077,31260,26477
 "15764","Cambridge-Newton-Framingham, MA (Metropolitan Division)", ,CAGDP2,10,"22","  Utilities ","Thousands of dollars",790320,560165,871388,1002872,1078720,1558466,1517665,1692932,1677291,1759419,1772243,1752255,1727631,1174766,1275041,1630046,1933258,1953370,1880967,2476649,2593130,3547977
 "15764","Cambridge-Newton-Framingham, MA (Metropolitan Division)", ,CAGDP2,11,"23","  Construction ","Thousands of dollars",4752037,4903289,4927792,5197015,5367210,5195212,5136127,4865415,4487821,4227828,4464751,5020204,5368373,5289080,6114294,6659284,7627390,8024247,8704236,8484819,9327839,9797144
 "15764","Cambridge-Newton-Framingham, MA (Metropolitan Division)", ,CAGDP2,12,"31-33","  Manufacturing ","Thousands of dollars",18837087,19385874,21678291,20256165,20923526,21906934,25550904,22683246,21440496,24041340,24375273,24383845,23760144,25225056,26285489,25790807,25422957,28199621,28056043,28460254,31621414,33543072
 "15764","Cambridge-Newton-Framingham, MA (Metropolitan Division)", ,CAGDP2,13,"321,327-339","   Durable goods manufacturing ","Thousands of dollars",15035417,(D),17293595,16311502,16751084,16951679,19855199,17108596,15263894,17798750,18315763,17938809,16614349,16541939,16746378,16990930,16130364,17209284,17044180,16415462,17355886,18088381
 "15764","Cambridge-Newton-Framingham, MA (Metropolitan Division)", ,CAGDP2,25,"311-316,322-326","   Nondurable goods manufacturing ","Thousands of dollars",3801670,(D),4384696,3944663,4172442,4955254,5695706,5574651,6176602,6242590,6059509,6445036,7145794,8683117,9539111,8799877,9292593,10990337,11011863,12044792,14265527,15454690
 "15764","Cambridge-Newton-Framingham, MA (Metropolitan Division)", ,CAGDP2,34,"42","  Wholesale trade ","Thousands of dollars",8092041,7516424,7904260,8408885,8384710,9182778,10011384,10660363,10484102,10779930,11069980,10844357,11335659,11755950,12077489,12001096,12220341,11985424,12351497,12195467,13971131,14899004
 "15764","Cambridge-Newton-Framingham, MA (Metropolitan Division)", ,CAGDP2,35,"44-45","  Retail trade ","Thousands of dollars",5517789,5556686,5775762,6030051,6217019,6112933,5983466,5866139,5903846,6176986,6158567,6251838,6482091,6634713,7004805,7309417,7623457,7851625,8293027,8022221,9218875,9726255
 "15764","Cambridge-Newton-Framingham, MA (Metropolitan Division)", ,CAGDP2,36,"48-49","  Transportation and warehousing ","Thousands of dollars",1225204,1192438,1276251,1395767,1439000,1506536,1496886,1550854,1444828,1549871,1621913,1673407,1740642,1865300,2162717,2292978,2795753,2920006,3150546,3019914,3612332,3934744
 "15764","Cambridge-Newton-Framingham, MA (Metropolitan Division)", ,CAGDP2,45,"51","  Information ","Thousands of dollars",7390029,8392789,8319767,9390913,10321718,9974446,10682699,12056648,11902259,13882142,14740889,14684887,15100612,15310684,16211259,16462699,16634168,16657953,18080887,19017386,21106848,22010046
 "15764","Cambridge-Newton-Framingham, MA (Metropolitan Division)", ,CAGDP2,50,"52,53","  Finance, insurance, real estate, rental, and leasing ","Thousands of dollars",18282303,19088419,19501597,19686966,20610964,21268479,22420423,23519637,24495976,26194502,27035681,29083621,29717719,30097651,31074899,32235930,33091543,34694296,37226646,38856911,40778773,43961185
 "15764","Cambridge-Newton-Framingham, MA (Metropolitan Division)", ,CAGDP2,51,"52","   Finance and insurance ","Thousands of dollars",4823178,5035875,5273029,4915541,5019002,5400401,5520492,5169939,5746479,5825203,6039437,7031187,6778768,6944550,8034700,8482890,8220187,8952027,9185126,10069484,10262995,10591433
 "15764","Cambridge-Newton-Framingham, MA (Metropolitan Division)", ,CAGDP2,56,"53","   Real estate and rental and leasing ","Thousands of dollars",13459124,14052544,14228568,14771424,15591963,15868077,16899931,18349698,18749497,20369299,20996244,22052434,22938951,23153101,23040199,23753040,24871356,25742269,28041520,28787427,30515778,33369752
 "15764","Cambridge-Newton-Framingham, MA (Metropolitan Division)", ,CAGDP2,59,"54,55,56","  Professional and business services ","Thousands of dollars",20206540,19176984,19368156,21426496,23433628,25281081,28041485,30715044,30225792,32631346,34214715,36348522,36831200,37824680,41015428,42420700,44790116,49884024,54203839,56431437,63191761,64087188
 "15764","Cambridge-Newton-Framingham, MA (Metropolitan Division)", ,CAGDP2,60,"54","   Professional, scientific, and technical services ","Thousands of dollars",14536130,14217355,14148610,15558816,16973270,18364880,20153734,22713414,22288899,23820424,24373002,26123105,26132990,26888407,29011933,30719607,32782782,36416354,39819397,42734906,48790118,48580053
 "15764","Cambridge-Newton-Framingham, MA (Metropolitan Division)", ,CAGDP2,64,"55","   Management of companies and enterprises ","Thousands of dollars",2543136,2028255,2260530,2749746,3033287,3223444,3796924,3770710,3981082,4290760,5080572,5352575,5725045,5783793,6577095,6182914,6174863,7426020,7626719,7549582,7665380,7832175
 "15764","Cambridge-Newton-Framingham, MA (Metropolitan Division)", ,CAGDP2,65,"56","   Administrative and support and waste management and remediation services ","Thousands of dollars",3127274,2931375,2959016,3117934,3427071,3692757,4090827,4230920,3955811,4520162,4761140,4872843,4973165,5152480,5426400,5518179,5832471,6041650,6757723,6146949,6736263,7674960
 "15764","Cambridge-Newton-Framingham, MA (Metropolitan Division)", ,CAGDP2,68,"61,62","  Educational services, health care, and social assistance ","Thousands of dollars",9887949,10490829,10842585,11605440,12096298,13047231,13931137,15380648,16331625,17292183,17906184,18885799,19445421,20246298,21217989,22207721,22573505,23148806,24412485,24226866,26033641,27528964
 "15764","Cambridge-Newton-Framingham, MA (Metropolitan Division)", ,CAGDP2,69,"61","   Educational services ","Thousands of dollars",3545314,3709257,3795751,4122660,4128155,4329118,4617387,5106672,5542595,5986804,6139977,6416565,6581440,6746266,7109155,7560171,7790732,8066948,8412484,8189545,8503978,9098051
 "15764","Cambridge-Newton-Framingham, MA (Metropolitan Division)", ,CAGDP2,70,"62","   Health care and social assistance ","Thousands of dollars",6342635,6781572,7046834,7482780,7968143,8718114,9313750,10273977,10789030,11305379,11766207,12469234,12863981,13500032,14108834,14647549,14782773,15081858,16000001,16037321,17529663,18430913
 "15764","Cambridge-Newton-Framingham, MA (Metropolitan Division)", ,CAGDP2,75,"71,72","  Arts, entertainment, recreation, accommodation, and food services ","Thousands of dollars",2982788,3115549,3098192,3315366,3305550,3510981,3679160,3816346,3849428,4194837,4339567,4650075,5228663,5787828,6332972,6654063,6784997,7121299,7898441,5262248,6772256,8446655
 "15764","Cambridge-Newton-Framingham, MA (Metropolitan Division)", ,CAGDP2,76,"71","   Arts, entertainment, and recreation ","Thousands of dollars",618912,670523,615112,736654,690263,786428,858493,942135,954846,1133632,1171250,1222770,1603436,1893393,1969494,2038008,2001932,2109960,2296006,1382399,1818602,2407792
 "15764","Cambridge-Newton-Framingham, MA (Metropolitan Division)", ,CAGDP2,79,"72","   Accommodation and food services ","Thousands of dollars",2363875,2445025,2483080,2578711,2615287,2724553,2820667,2874211,2894582,3061205,3168317,3427305,3625227,3894435,4363477,4616055,4783065,5011339,5602435,3879849,4953654,6038863
 "15764","Cambridge-Newton-Framingham, MA (Metropolitan Division)", ,CAGDP2,82,"81","  Other services (except government and government enterprises) ","Thousands of dollars",2288130,2438561,2419791,2532528,2617205,2693113,2772150,2748999,2728119,2747882,2795988,2894640,2997047,3229971,3393670,3553802,3636305,3896140,4094764,3784295,4140958,4581750
 "15764","Cambridge-Newton-Framingham, MA (Metropolitan Division)", ,CAGDP2,83,"92","Government and government enterprises ","Thousands of dollars",9499223,10124353,10566609,10934094,11476859,12140771,12915969,13444677,13745499,14129775,14951258,14412354,14911731,15450865,15918463,16027573,16494921,17323439,17696612,17861389,18258284,19056387
 "15764","Cambridge-Newton-Framingham, MA (Metropolitan Division)", ,CAGDP2,87,"11,21","Natural resources and mining ","Thousands of dollars",145173,177806,176548,219283,205123,238470,373840,335036,367955,278968,193195,189751,189716,197371,211554,198686,151860,154717,207309,224013,199319,188061
 "15764","Cambridge-Newton-Framingham, MA (Metropolitan Division)", ,CAGDP2,88,"42,44-45","Trade ","Thousands of dollars",13609830,13073109,13680022,14438936,14601729,15295711,15994850,16526502,16387948,16956916,17228548,17096194,17817750,18390663,19082294,19310512,19843798,19837050,20644524,20217688,23190006,24625260
 "15764","Cambridge-Newton-Framingham, MA (Metropolitan Division)", ,CAGDP2,89,"22,48-49","Transportation and utilities ","Thousands of dollars",2015524,1752603,2147639,2398640,2517720,3065001,3014551,3243786,3122119,3309290,3394156,3425662,3468272,3040066,3437759,3923024,4729011,4873377,5031514,5496562,6205462,7482721
 "15764","Cambridge-Newton-Framingham, MA (Metropolitan Division)", ,CAGDP2,90,"31-33,51","Manufacturing and information ","Thousands of dollars",26227116,27778662,29998058,29647078,31245243,31881379,36233603,34739895,33342755,37923482,39116162,39068732,38860755,40535741,42496747,42253506,42057125,44857574,46136930,47477640,52728262,55553117
 "15764","Cambridge-Newton-Framingham, MA (Metropolitan Division)", ,CAGDP2,91,"...","Private goods-producing industries 2/","Thousands of dollars",23734297,24466969,26782630,25672463,26495859,27340615,31060871,27883698,26296271,28548135,29033218,29593799,29318232,30711507,32611337,32648778,33202207,36378585,36967588,37169086,41148571,43528277
 "15764","Cambridge-Newton-Framingham, MA (Metropolitan Division)", ,CAGDP2,92,"...","Private services-providing industries 3/","Thousands of dollars",76663093,77528842,79377748,84795285,89504812,94136044,100536456,108007611,109043266,117209098,121655727,127069401,130606684,133927842,141766269,146768450,152083443,160112944,171593099,173293394,191419704,202723769
 "15804","Camden, NJ (Metropolitan Division)", ,CAGDP2,1,"...","All industry total ","Thousands of dollars",40226413,42020907,44954482,46774811,49426837,51563932,54173862,58161101,54259296,55172007,55300378,57798352,59092834,60844646,62961430,64063770,65973853,69445848,71918561,70285676,77316146,83583626
 "15804","Camden, NJ (Metropolitan Division)", ,CAGDP2,2,"..."," Private industries ","Thousands of dollars",34860973,36252886,38787695,40187729,42444181,44405682,46649233,50264330,46161079,46989956,47201667,49654151,50488715,52100922,54216554,55378821,57069746,60238394,62467692,60738103,67506984,73371126
 "15804","Camden, NJ (Metropolitan Division)", ,CAGDP2,3,"11","  Agriculture, forestry, fishing and hunting ","Thousands of dollars",(D),133799,134671,144264,149237,167292,(D),140557,153162,140453,171440,174693,(D),160183,(D),189243,(D),(D),228199,191492,228727,200576
 "15804","Camden, NJ (Metropolitan Division)", ,CAGDP2,6,"21","  Mining, quarrying, and oil and gas extraction ","Thousands of dollars",12733,23496,28252,27568,35032,35158,39754,26454,30461,27021,25963,18849,23896,19928,23130,30542,(D),(D),6493,3698,5449,(D)
 "15804","Camden, NJ (Metropolitan Division)", ,CAGDP2,10,"22","  Utilities ","Thousands of dollars",494941,349095,310286,376418,376417,388076,(D),364149,335541,437935,388573,388319,(D),468711,(D),891565,(D),754055,866952,733238,722026,(D)
 "15804","Camden, NJ (Metropolitan Division)", ,CAGDP2,11,"23","  Construction ","Thousands of dollars",1868056,1922170,2009475,2265036,2445108,2496963,2469106,2452960,2249328,2155458,2048897,2235256,2443466,2393035,2535596,2604394,2735347,2863715,2936923,2964935,3127458,3267520
 "15804","Camden, NJ (Metropolitan Division)", ,CAGDP2,12,"31-33","  Manufacturing ","Thousands of dollars",5234387,5010323,5661494,5305933,5391841,5459455,6653232,8578899,5658150,5911569,5944880,6055025,5372781,6152582,5798165,5239868,5379319,7015335,7047474,5582937,6131591,6695440
 "15804","Camden, NJ (Metropolitan Division)", ,CAGDP2,13,"321,327-339","   Durable goods manufacturing ","Thousands of dollars",(D),(D),(D),(D),(D),(D),(D),(D),2768389,2638822,2617684,2472361,2541231,2464872,(D),2774463,3068911,3463260,3490163,3168801,3348426,3614371
 "15804","Camden, NJ (Metropolitan Division)", ,CAGDP2,25,"311-316,322-326","   Nondurable goods manufacturing ","Thousands of dollars",(D),(D),(D),(D),(D),(D),(D),(D),2889761,3272747,3327196,3582664,2831550,3687710,(D),2465405,2310408,3552076,3557311,2414136,2783165,3081069
 "15804","Camden, NJ (Metropolitan Division)", ,CAGDP2,34,"42","  Wholesale trade ","Thousands of dollars",3706679,3725625,3964930,4124062,4184971,4271887,4468596,4535136,4244388,4416685,4537335,4703940,4878362,5024240,5256676,5044292,5240866,5643078,6088913,5842623,6308502,7034453
 "15804","Camden, NJ (Metropolitan Division)", ,CAGDP2,35,"44-45","  Retail trade ","Thousands of dollars",3450568,3613564,3838085,3873927,4011665,4037100,4056996,4121401,3979355,4042657,4077286,4178566,4445237,4619182,5007934,5276812,5471696,5534335,5866816,5942016,7082809,7124502
 "15804","Camden, NJ (Metropolitan Division)", ,CAGDP2,36,"48-49","  Transportation and warehousing ","Thousands of dollars",(D),1172824,1248136,1346613,1498238,1670456,(D),1765539,1637371,1542865,1375088,1353652,1394903,1385229,1478906,1636972,1827215,1952604,2162669,2319932,2776210,3332981
 "15804","Camden, NJ (Metropolitan Division)", ,CAGDP2,45,"51","  Information ","Thousands of dollars",1098333,1159929,1126852,1329157,1391347,1469042,1601438,1676916,1650638,1718928,1728196,1683571,1855712,1838790,1974415,2007262,1879908,1896421,2021245,2063885,2400565,2634483
 "15804","Camden, NJ (Metropolitan Division)", ,CAGDP2,50,"52,53","  Finance, insurance, real estate, rental, and leasing ","Thousands of dollars",8510501,9185032,9882376,10049342,10887440,11609366,11641267,12156453,11807284,12054112,12072370,13318798,13572505,13399859,13542629,14088068,13996504,14303628,14384199,15345321,16534213,(D)
 "15804","Camden, NJ (Metropolitan Division)", ,CAGDP2,51,"52","   Finance and insurance ","Thousands of dollars",1995389,2250990,2266840,2333178,2678638,2849955,2477158,2483917,2366893,2441070,2584846,3266523,3111223,2580865,3083461,3288646,3158273,3288513,3227265,3751003,4076381,4084010
 "15804","Camden, NJ (Metropolitan Division)", ,CAGDP2,56,"53","   Real estate and rental and leasing ","Thousands of dollars",6515112,6934042,7615537,7716164,8208802,8759411,9164109,9672536,9440391,9613042,9487524,10052275,10461282,10818993,10459168,10799422,10838231,11015115,11156934,11594318,12457833,(D)
 "15804","Camden, NJ (Metropolitan Division)", ,CAGDP2,59,"54,55,56","  Professional and business services ","Thousands of dollars",3978657,4245239,4551147,4896596,5368518,5792606,(D),6788136,6489614,6540108,6612102,6920514,(D),7314598,(D),7829567,(D),8403523,8625088,8760370,9814870,(D)
 "15804","Camden, NJ (Metropolitan Division)", ,CAGDP2,60,"54","   Professional, scientific, and technical services ","Thousands of dollars",2580890,2679039,2841617,2840529,3085279,3337740,(D),3890312,3764647,3630191,3715892,3800871,3766498,3861430,(D),4147020,(D),(D),4357316,(D),4890519,5367099
 "15804","Camden, NJ (Metropolitan Division)", ,CAGDP2,64,"55","   Management of companies and enterprises ","Thousands of dollars",230672,301569,347294,510083,561791,636630,(D),859537,809693,862541,872196,960101,(D),1064944,1118903,1072577,(D),(D),1308890,(D),1564862,(D)
 "15804","Camden, NJ (Metropolitan Division)", ,CAGDP2,65,"56","   Administrative and support and waste management and remediation services ","Thousands of dollars",1167094,1264631,1362236,1545985,1721448,1818235,1916695,2038287,1915274,2047376,2024013,2159541,2106258,2388223,2468555,2609969,2860030,2857472,2958882,2944253,3359488,3682263
 "15804","Camden, NJ (Metropolitan Division)", ,CAGDP2,68,"61,62","  Educational services, health care, and social assistance ","Thousands of dollars",3230082,3583504,3824730,4125085,4344797,4496893,4746768,5147949,5479584,5524552,5696414,5976172,6241359,6456360,6874434,7229719,7536879,7729289,8164147,7929447,8550409,9362081
 "15804","Camden, NJ (Metropolitan Division)", ,CAGDP2,69,"61","   Educational services ","Thousands of dollars",229869,257420,279233,314985,312961,338057,354994,373199,411408,425846,422019,441666,441970,462953,454893,486094,486695,478873,530865,480343,546974,602154
 "15804","Camden, NJ (Metropolitan Division)", ,CAGDP2,70,"62","   Health care and social assistance ","Thousands of dollars",3000213,3326084,3545497,3810101,4031836,4158837,4391774,4774751,5068176,5098706,5274395,5534507,5799389,5993407,6419542,6743626,7050185,7250416,7633283,7449104,8003434,8759927
 "15804","Camden, NJ (Metropolitan Division)", ,CAGDP2,75,"71,72","  Arts, entertainment, recreation, accommodation, and food services ","Thousands of dollars",978728,1074123,1126289,1211310,1212194,1335547,1326420,1345706,1314966,1351422,1401230,1495724,1560229,1613724,1711343,1953613,2342079,2486634,2524699,1683601,2244280,2821594
 "15804","Camden, NJ (Metropolitan Division)", ,CAGDP2,76,"71","   Arts, entertainment, and recreation ","Thousands of dollars",278657,310624,341004,351969,338432,409041,394638,416405,405024,416983,407166,426821,468077,470777,494934,649434,956282,1040692,976180,526336,579855,886083
 "15804","Camden, NJ (Metropolitan Division)", ,CAGDP2,79,"72","   Accommodation and food services ","Thousands of dollars",700071,763500,785284,859341,873763,926506,931782,929302,909942,934439,994064,1068903,1092152,1142946,1216408,1304179,1385797,1445943,1548518,1157266,1664424,1935510
 "15804","Camden, NJ (Metropolitan Division)", ,CAGDP2,82,"81","  Other services (except government and government enterprises) ","Thousands of dollars",978635,1054163,1080970,1112417,1147376,1175840,1184276,1164075,1131237,1126191,1121893,1151073,1182375,1254501,1309610,1356902,1399145,1485024,1543875,1374608,1579875,1781922
 "15804","Camden, NJ (Metropolitan Division)", ,CAGDP2,83,"92","Government and government enterprises ","Thousands of dollars",5365440,5768022,6166786,6587082,6982656,7158250,7524629,7896771,8098217,8182050,8098711,8144201,8604119,8743724,8744877,8684949,8904108,9207455,9450869,9547573,9809162,10212500
 "15804","Camden, NJ (Metropolitan Division)", ,CAGDP2,87,"11,21","Natural resources and mining ","Thousands of dollars",(D),157294,162923,171832,184269,202450,(D),167011,183623,167474,197402,193541,(D),180111,(D),219786,207933,170753,234693,195189,234176,(D)
 "15804","Camden, NJ (Metropolitan Division)", ,CAGDP2,88,"42,44-45","Trade ","Thousands of dollars",7157247,7339189,7803015,7997988,8196636,8308988,8525592,8656537,8223743,8459342,8614621,8882506,9323599,9643422,10264610,10321104,10712562,11177413,11955729,11784638,13391312,14158955
 "15804","Camden, NJ (Metropolitan Division)", ,CAGDP2,89,"22,48-49","Transportation and utilities ","Thousands of dollars",(D),1521920,1558423,1723031,1874655,2058532,(D),2129688,1972912,1980799,1763661,1741971,(D),1853940,(D),2528537,(D),2706659,3029621,3053170,3498236,(D)
 "15804","Camden, NJ (Metropolitan Division)", ,CAGDP2,90,"31-33,51","Manufacturing and information ","Thousands of dollars",6332720,6170252,6788347,6635090,6783187,6928497,8254670,10255815,7308788,7630497,7673076,7738597,7228493,7991372,7772580,7247130,7259228,8911756,9068719,7646822,8532156,9329922
 "15804","Camden, NJ (Metropolitan Division)", ,CAGDP2,91,"...","Private goods-producing industries 2/","Thousands of dollars",(D),7089787,7833893,7742801,8021218,8158869,(D),11198869,8091101,8234501,8191179,8483822,(D),8725728,(D),8064048,8322599,10049803,10219090,8743061,9493225,(D)
 "15804","Camden, NJ (Metropolitan Division)", ,CAGDP2,92,"...","Private services-providing industries 3/","Thousands of dollars",(D),29163098,30953802,32444928,34422963,36246813,(D),39065462,38069978,38755455,39010488,41170329,(D),43375194,(D),47314773,48747146,50188591,52248602,51995042,58013759,(D)
 "16984","Chicago-Naperville-Evanston, IL (Metropolitan Division)", ,CAGDP2,1,"...","All industry total ","Thousands of dollars",325754534,332027603,341242988,360342957,381360482,403194333,417568512,413147426,406750050,415758269,432333891,453762885,466385732,485941475,510259603,522882258,539233280,564867544,585005558,560932457,613884716,664404860
 "16984","Chicago-Naperville-Evanston, IL (Metropolitan Division)", ,CAGDP2,2,"..."," Private industries ","Thousands of dollars",296700462,301211375,309184021,326834127,346829921,367499253,381135992,375697786,368231582,375531948,392362837,413143159,423849639,443118220,466770709,479569178,494741699,519152375,538277743,513689617,565152764,613615208
 "16984","Chicago-Naperville-Evanston, IL (Metropolitan Division)", ,CAGDP2,3,"11","  Agriculture, forestry, fishing and hunting ","Thousands of dollars",(D),(D),(D),(D),(D),(D),(D),(D),(D),(D),(D),(D),(D),(D),(D),(D),(D),(D),(D),(D),232429,282081
 "16984","Chicago-Naperville-Evanston, IL (Metropolitan Division)", ,CAGDP2,6,"21","  Mining, quarrying, and oil and gas extraction ","Thousands of dollars",215338,206220,221433,236407,286174,327237,324525,252509,216997,174469,189396,201734,193423,191027,234011,198272,259941,285937,315397,298579,(D),(D)
 "16984","Chicago-Naperville-Evanston, IL (Metropolitan Division)", ,CAGDP2,10,"22","  Utilities ","Thousands of dollars",(D),3526113,(D),(D),(D),(D),(D),3866938,3702378,(D),4021498,3672604,(D),(D),4123706,3960949,(D),4400969,4806225,5310885,(D),6274615
 "16984","Chicago-Naperville-Evanston, IL (Metropolitan Division)", ,CAGDP2,11,"23","  Construction ","Thousands of dollars",14320489,14651213,15806353,17527529,18910826,19625638,19635695,17680010,13562870,11321726,10813590,11686962,14297420,15803539,17436162,18087347,19440512,18885497,20183638,19449155,20902339,21798799
 "16984","Chicago-Naperville-Evanston, IL (Metropolitan Division)", ,CAGDP2,12,"31-33","  Manufacturing ","Thousands of dollars",39081407,37166694,38482237,40069982,40826758,40905489,41454409,38209574,38047104,39288162,43991330,45326296,41912381,40676858,41378405,42744486,46059374,50395888,48555260,46220273,52181444,58563645
 "16984","Chicago-Naperville-Evanston, IL (Metropolitan Division)", ,CAGDP2,13,"321,327-339","   Durable goods manufacturing ","Thousands of dollars",(D),19932641,20077437,21484709,22071461,23073292,23504295,22384709,19870171,21207974,22074226,22598202,22736600,21690133,21823272,21675916,22386229,23297327,23878778,22484844,22874599,25737849
 "16984","Chicago-Naperville-Evanston, IL (Metropolitan Division)", ,CAGDP2,25,"311-316,322-326","   Nondurable goods manufacturing ","Thousands of dollars",(D),17234053,18404800,18585274,18755296,17832197,17950114,15824864,18176933,18080188,21917104,22728094,19175781,18986725,19555133,21068570,23673145,27098561,24676482,23735429,29306845,32825796
 "16984","Chicago-Naperville-Evanston, IL (Metropolitan Division)", ,CAGDP2,34,"42","  Wholesale trade ","Thousands of dollars",24522310,23997588,(D),25671096,27784607,29891952,31634686,(D),(D),(D),(D),(D),(D),(D),(D),(D),(D),(D),(D),(D),(D),(D)
 "16984","Chicago-Naperville-Evanston, IL (Metropolitan Division)", ,CAGDP2,35,"44-45","  Retail trade ","Thousands of dollars",17122986,17599151,17964436,18486463,19306870,19980459,20057261,20169106,19127903,19315968,19688386,20651645,21424982,22291809,24148134,24898011,25601531,26703033,27494851,28627839,32455135,34702042
 "16984","Chicago-Naperville-Evanston, IL (Metropolitan Division)", ,CAGDP2,36,"48-49","  Transportation and warehousing ","Thousands of dollars",(D),(D),(D),(D),(D),(D),(D),(D),(D),(D),(D),(D),(D),(D),(D),(D),(D),(D),(D),(D),(D),(D)
 "16984","Chicago-Naperville-Evanston, IL (Metropolitan Division)", ,CAGDP2,45,"51","  Information ","Thousands of dollars",13994170,15554687,16105419,16860678,17561574,17107505,18450213,19304430,18270881,18431830,19454775,19261722,20453933,20213606,21612771,22293811,21476245,21920247,24256702,25209698,28025442,29516767
 "16984","Chicago-Naperville-Evanston, IL (Metropolitan Division)", ,CAGDP2,50,"52,53","  Finance, insurance, real estate, rental, and leasing ","Thousands of dollars",81064397,82410738,83722711,87433453,94813976,101567100,104654738,94701563,99796821,100898434,102842969,110445310,111995693,120889789,127549014,131150000,131906568,139893188,146274554,137534623,148458633,154412535
 "16984","Chicago-Naperville-Evanston, IL (Metropolitan Division)", ,CAGDP2,51,"52","   Finance and insurance ","Thousands of dollars",36889292,36341489,37568765,40413210,44104267,49305425,48499329,37919909,42947953,42212300,42939507,49518206,47674132,53659870,57103545,58320330,56352901,60197708,64107112,55720441,59456704,61111386
 "16984","Chicago-Naperville-Evanston, IL (Metropolitan Division)", ,CAGDP2,56,"53","   Real estate and rental and leasing ","Thousands of dollars",44175105,46069250,46153946,47020243,50709710,52261675,56155409,56781654,56848868,58686135,59903462,60927104,64321561,67229919,70445469,72829670,75553667,79695481,82167442,81814182,89001929,93301148
 "16984","Chicago-Naperville-Evanston, IL (Metropolitan Division)", ,CAGDP2,59,"54,55,56","  Professional and business services ","Thousands of dollars",47778552,48591099,49857719,(D),(D),(D),(D),(D),(D),67487075,(D),(D),76846061,80189660,(D),(D),90396795,(D),(D),(D),(D),112326431
 "16984","Chicago-Naperville-Evanston, IL (Metropolitan Division)", ,CAGDP2,60,"54","   Professional, scientific, and technical services ","Thousands of dollars",30130057,31099471,31104316,(D),(D),(D),(D),44264196,40746338,41145676,(D),(D),47807493,50477497,(D),(D),57849572,(D),(D),(D),(D),(D)
 "16984","Chicago-Naperville-Evanston, IL (Metropolitan Division)", ,CAGDP2,64,"55","   Management of companies and enterprises ","Thousands of dollars",7673630,7742691,8276341,(D),(D),(D),(D),(D),(D),11483708,(D),(D),12744845,12484998,(D),(D),12503340,(D),(D),(D),(D),(D)
 "16984","Chicago-Naperville-Evanston, IL (Metropolitan Division)", ,CAGDP2,65,"56","   Administrative and support and waste management and remediation services ","Thousands of dollars",9974865,9748938,10477062,11754893,12988374,13594985,14870388,(D),(D),14857691,15530310,16249842,16293723,17227165,17849974,18518272,20043883,21375183,22379715,21271780,24190221,27147456
 "16984","Chicago-Naperville-Evanston, IL (Metropolitan Division)", ,CAGDP2,68,"61,62","  Educational services, health care, and social assistance ","Thousands of dollars",21594287,22938295,24530059,26485107,28033832,30189656,31770060,34425466,37035254,37896962,39359916,40606536,41653504,42834381,44974050,46979878,48378383,50601482,51899105,51380343,53951864,57630571
 "16984","Chicago-Naperville-Evanston, IL (Metropolitan Division)", ,CAGDP2,69,"61","   Educational services ","Thousands of dollars",4310237,4423992,4815825,5240692,5462013,6191169,6574130,7385048,(D),9009270,9480482,9834912,9963595,10096859,10245251,10645783,10635187,10935807,11275398,10695181,11026313,11991823
 "16984","Chicago-Naperville-Evanston, IL (Metropolitan Division)", ,CAGDP2,70,"62","   Health care and social assistance ","Thousands of dollars",17284049,18514303,19714235,21244415,22571820,23998487,25195929,27040419,(D),28887692,29879434,30771624,31689909,32737523,34728799,36334095,37743196,39665675,40623707,40685162,42925551,45638747
 "16984","Chicago-Naperville-Evanston, IL (Metropolitan Division)", ,CAGDP2,75,"71,72","  Arts, entertainment, recreation, accommodation, and food services ","Thousands of dollars",(D),12139816,12383691,12064517,12294012,13673244,15144490,15721196,14898670,15060134,15843150,17254563,18865260,20557513,23643236,24431420,25564175,25211489,26678772,18536751,24408958,30935876
 "16984","Chicago-Naperville-Evanston, IL (Metropolitan Division)", ,CAGDP2,76,"71","   Arts, entertainment, and recreation ","Thousands of dollars",(D),4052046,3920491,3210316,3119520,3380811,3699022,3994801,3561720,3330264,3562689,4623697,5351325,5803878,6511270,6773293,7019589,7379201,8073688,4872455,6436829,8182128
 "16984","Chicago-Naperville-Evanston, IL (Metropolitan Division)", ,CAGDP2,79,"72","   Accommodation and food services ","Thousands of dollars",7915139,8087771,8463199,8854201,9174492,10292433,11445468,11726395,11336950,11729870,12280461,12630866,13513935,14753635,17131966,17658127,18544586,17832288,18605084,13664296,17972129,22753748
 "16984","Chicago-Naperville-Evanston, IL (Metropolitan Division)", ,CAGDP2,82,"81","  Other services (except government and government enterprises) ","Thousands of dollars",8849739,9584989,9261323,9189671,9515853,9977311,10306623,10541034,10606014,10560359,10960685,11188510,11451500,12193240,12442127,12595461,13081393,13599498,13837692,13180603,13216128,15339162
 "16984","Chicago-Naperville-Evanston, IL (Metropolitan Division)", ,CAGDP2,83,"92","Government and government enterprises ","Thousands of dollars",29054072,30816228,32058966,33508830,34530561,35695080,36432521,37449640,38518468,40226321,39971054,40619725,42536093,42823255,43488894,43313080,44491581,45715168,46727815,47242840,48731951,50789652
 "16984","Chicago-Naperville-Evanston, IL (Metropolitan Division)", ,CAGDP2,87,"11,21","Natural resources and mining ","Thousands of dollars",(D),(D),(D),(D),(D),(D),(D),(D),(D),(D),(D),(D),(D),(D),(D),(D),(D),(D),(D),(D),(D),(D)
 "16984","Chicago-Naperville-Evanston, IL (Metropolitan Division)", ,CAGDP2,88,"42,44-45","Trade ","Thousands of dollars",41645297,41596739,(D),44157559,47091476,49872410,51691947,(D),(D),(D),(D),(D),(D),(D),(D),(D),(D),(D),(D),(D),(D),(D)
 "16984","Chicago-Naperville-Evanston, IL (Metropolitan Division)", ,CAGDP2,89,"22,48-49","Transportation and utilities ","Thousands of dollars",(D),(D),(D),(D),(D),(D),(D),(D),(D),(D),(D),(D),(D),(D),(D),(D),(D),(D),(D),(D),(D),(D)
 "16984","Chicago-Naperville-Evanston, IL (Metropolitan Division)", ,CAGDP2,90,"31-33,51","Manufacturing and information ","Thousands of dollars",53075577,52721381,54587656,56930661,58388332,58012994,59904622,57514004,56317986,57719992,63446105,64588018,62366313,60890463,62991175,65038297,67535620,72316135,72811962,71429971,80206886,88080412
 "16984","Chicago-Naperville-Evanston, IL (Metropolitan Division)", ,CAGDP2,91,"...","Private goods-producing industries 2/","Thousands of dollars",(D),(D),(D),(D),(D),(D),(D),(D),(D),(D),(D),(D),(D),(D),(D),(D),(D),(D),(D),(D),(D),(D)
 "16984","Chicago-Naperville-Evanston, IL (Metropolitan Division)", ,CAGDP2,92,"...","Private services-providing industries 3/","Thousands of dollars",(D),(D),(D),(D),(D),(D),(D),(D),(D),(D),(D),(D),(D),(D),(D),(D),(D),(D),(D),(D),(D),(D)
 "19124","Dallas-Plano-Irving, TX (Metropolitan Division)", ,CAGDP2,1,"...","All industry total ","Thousands of dollars",171308955,177441710,182076657,196012765,209423951,229437507,240825218,245708894,236312232,244766282,260401592,274096284,289110554,305188992,326057919,341926500,359813069,383564097,407957647,412331620,460386004,520033122
 "19124","Dallas-Plano-Irving, TX (Metropolitan Division)", ,CAGDP2,2,"..."," Private industries ","Thousands of dollars",158553981,163505256,167421816,180719976,193180225,212443694,222505827,226200047,215816678,223463222,239112932,252035255,265924815,281062109,300558500,315129583,331746814,354110016,377681979,379912692,426562268,484354414
 "19124","Dallas-Plano-Irving, TX (Metropolitan Division)", ,CAGDP2,3,"11","  Agriculture, forestry, fishing and hunting ","Thousands of dollars",56809,79198,105278,135216,91236,(D),93925,131169,150983,68286,71053,130952,86500,56656,(D),(D),(D),77369,37772,54116,56257,69585
 "19124","Dallas-Plano-Irving, TX (Metropolitan Division)", ,CAGDP2,6,"21","  Mining, quarrying, and oil and gas extraction ","Thousands of dollars",1634360,1656118,1834081,2004365,2668475,3161207,3414274,4959322,3445213,3642699,4231707,4099459,3917672,4417155,(D),2907052,3290237,3344672,3214521,2283012,(D),(D)
 "19124","Dallas-Plano-Irving, TX (Metropolitan Division)", ,CAGDP2,10,"22","  Utilities ","Thousands of dollars",1241354,1361786,1438604,1579242,1571548,(D),2032267,1612482,1419559,1399713,1776811,1708478,1700843,1727277,(D),(D),(D),2300695,2247560,1812669,(D),(D)
 "19124","Dallas-Plano-Irving, TX (Metropolitan Division)", ,CAGDP2,11,"23","  Construction ","Thousands of dollars",8287005,8155786,8484658,8743604,10304759,11506657,12478438,11206539,10033447,9037481,9451220,10696529,12001939,13558765,14945509,16472352,17845095,18499922,20077892,20333675,20946980,22811889
 "19124","Dallas-Plano-Irving, TX (Metropolitan Division)", ,CAGDP2,12,"31-33","  Manufacturing ","Thousands of dollars",22163281,23618304,22865289,27517195,28527290,32426730,31085587,30861334,28569254,29838634,32333180,30890195,32511559,31701645,32884054,33073882,33529271,36502047,36168921,33725126,36436539,40955349
 "19124","Dallas-Plano-Irving, TX (Metropolitan Division)", ,CAGDP2,13,"321,327-339","   Durable goods manufacturing ","Thousands of dollars",(D),16136847,(D),(D),(D),(D),(D),(D),(D),(D),(D),(D),21730623,21928152,22033515,23593993,23947726,25276170,24774159,23556670,24099544,26369836
 "19124","Dallas-Plano-Irving, TX (Metropolitan Division)", ,CAGDP2,25,"311-316,322-326","   Nondurable goods manufacturing ","Thousands of dollars",(D),7481457,(D),(D),(D),(D),(D),(D),(D),(D),(D),(D),10780936,9773493,10850539,9479889,9581545,11225878,11394762,10168456,12336995,14585513
 "19124","Dallas-Plano-Irving, TX (Metropolitan Division)", ,CAGDP2,34,"42","  Wholesale trade ","Thousands of dollars",17093908,16608656,17191868,19231521,20830740,22413353,23808925,24703792,23540787,25324922,26912012,30186907,30951552,31567270,31938000,30757170,29687128,31140241,33635039,35097737,38105502,43824393
 "19124","Dallas-Plano-Irving, TX (Metropolitan Division)", ,CAGDP2,35,"44-45","  Retail trade ","Thousands of dollars",12018724,12349393,12386098,12319813,13270653,13595223,13228578,13079030,12608596,12976543,13785824,15445908,17023733,18574945,20085099,20966267,21173202,22097790,22499758,23952427,29050580,32351804
 "19124","Dallas-Plano-Irving, TX (Metropolitan Division)", ,CAGDP2,36,"48-49","  Transportation and warehousing ","Thousands of dollars",4215687,4194067,4447326,4943484,5453160,5814758,5500315,5473998,5030663,5036376,5562062,6050403,6345765,6853855,8379636,9532961,11582103,12564036,16565113,14325706,(D),17979184
 "19124","Dallas-Plano-Irving, TX (Metropolitan Division)", ,CAGDP2,45,"51","  Information ","Thousands of dollars",13150663,14211219,14575747,16038162,16224896,17552710,20098865,22012200,21052000,21072578,21774016,21452809,23393705,22943359,25128786,26434399,28923235,31001899,33380637,33725639,37257369,41576261
 "19124","Dallas-Plano-Irving, TX (Metropolitan Division)", ,CAGDP2,50,"52,53","  Finance, insurance, real estate, rental, and leasing ","Thousands of dollars",34640930,36224948,37886544,39525665,42147094,45821644,47436625,44705845,43565384,44973502,49042825,53027035,55967268,61138064,64783039,70357909,75253225,82320545,86944535,98077092,112037908,(D)
 "19124","Dallas-Plano-Irving, TX (Metropolitan Division)", ,CAGDP2,51,"52","   Finance and insurance ","Thousands of dollars",14540861,15060531,16291455,16350959,17258742,18492651,18893309,17383220,18172954,18362324,19920623,23705876,23985211,26653050,28914984,31441524,30970891,33846038,36530318,40857626,47000919,52424587
 "19124","Dallas-Plano-Irving, TX (Metropolitan Division)", ,CAGDP2,56,"53","   Real estate and rental and leasing ","Thousands of dollars",20100069,21164417,21595089,23174706,24888352,27328993,28543316,27322625,25392430,26611177,29122201,29321158,31982057,34485014,35868055,38916385,44282334,48474507,50414217,57219466,65036989,(D)
 "19124","Dallas-Plano-Irving, TX (Metropolitan Division)", ,CAGDP2,59,"54,55,56","  Professional and business services ","Thousands of dollars",22863046,22628867,23396263,25561807,27873785,(D),35090315,38282822,35578846,37402601,40056545,42860475,45464918,48916731,(D),(D),(D),65757251,71342573,69079143,(D),(D)
 "19124","Dallas-Plano-Irving, TX (Metropolitan Division)", ,CAGDP2,60,"54","   Professional, scientific, and technical services ","Thousands of dollars",(D),(D),(D),(D),(D),(D),(D),(D),(D),22751365,24534750,(D),(D),(D),31827478,34012928,(D),(D),43743877,41746950,47078280,54382283
 "19124","Dallas-Plano-Irving, TX (Metropolitan Division)", ,CAGDP2,64,"55","   Management of companies and enterprises ","Thousands of dollars",(D),(D),(D),(D),(D),(D),(D),(D),(D),(D),(D),(D),5342007,6120142,6516284,6900401,7407860,8811232,9430019,9028440,(D),(D)
 "19124","Dallas-Plano-Irving, TX (Metropolitan Division)", ,CAGDP2,65,"56","   Administrative and support and waste management and remediation services ","Thousands of dollars",6386109,(D),(D),(D),(D),(D),9951859,10669562,9741068,(D),(D),(D),(D),(D),(D),(D),16743670,(D),18168677,18303753,(D),23800317
 "19124","Dallas-Plano-Irving, TX (Metropolitan Division)", ,CAGDP2,68,"61,62","  Educational services, health care, and social assistance ","Thousands of dollars",10980445,11836756,11955656,12026399,12287095,13311462,14260240,15450039,17036108,18303440,19340411,20355751,21007607,22304695,24019772,25620926,26474885,27272882,28786683,28197138,31193695,33301129
 "19124","Dallas-Plano-Irving, TX (Metropolitan Division)", ,CAGDP2,69,"61","   Educational services ","Thousands of dollars",989416,947521,1059352,1202378,1190486,1277977,1354215,1537889,1791459,2002111,2115661,2194916,2205364,2272996,2296584,2521319,2628446,2734529,2932786,2770545,3053828,3283517
 "19124","Dallas-Plano-Irving, TX (Metropolitan Division)", ,CAGDP2,70,"62","   Health care and social assistance ","Thousands of dollars",9991029,10889235,10896304,10824021,11096609,12033485,12906025,13912150,15244650,16301328,17224750,18160835,18802243,20031700,21723187,23099607,23846439,24538353,25853897,25426593,28139866,30017613
 "19124","Dallas-Plano-Irving, TX (Metropolitan Division)", ,CAGDP2,75,"71,72","  Arts, entertainment, recreation, accommodation, and food services ","Thousands of dollars",6386399,6599196,6911272,7025016,7590872,8835129,9200720,9019606,9102369,9645914,9835820,9807463,10002043,11302781,13260527,14237796,14154852,13801266,14948784,12015321,15137853,18278308
 "19124","Dallas-Plano-Irving, TX (Metropolitan Division)", ,CAGDP2,76,"71","   Arts, entertainment, and recreation ","Thousands of dollars",1004482,1102622,1237114,1217235,1205402,1382079,1533634,1627180,1738946,1641423,1834779,1962915,2180843,2514608,2862502,3247667,3369999,3563208,3654292,2644914,2828497,3335036
 "19124","Dallas-Plano-Irving, TX (Metropolitan Division)", ,CAGDP2,79,"72","   Accommodation and food services ","Thousands of dollars",5381916,5496573,5674159,5807781,6385470,7453051,7667086,7392426,7363423,8004491,8001041,7844547,7821200,8788173,10398026,10990129,10784853,10238058,11294493,9370407,12309356,14943272
 "19124","Dallas-Plano-Irving, TX (Metropolitan Division)", ,CAGDP2,82,"81","  Other services (except government and government enterprises) ","Thousands of dollars",3821371,3980962,3943132,4068487,4338622,4653812,4776753,4701869,4683466,4740532,4939447,5322892,5549710,5998910,6275321,6599736,6935150,7429399,7832190,7233889,7856523,9056223
 "19124","Dallas-Plano-Irving, TX (Metropolitan Division)", ,CAGDP2,83,"92","Government and government enterprises ","Thousands of dollars",12754974,13936454,14654840,15292789,16243726,16993813,18319391,19508847,20495554,21303060,21288660,22061029,23185739,24126883,25499419,26796917,28066255,29454081,30275668,32418928,33823736,35678708
 "19124","Dallas-Plano-Irving, TX (Metropolitan Division)", ,CAGDP2,87,"11,21","Natural resources and mining ","Thousands of dollars",1691169,1735315,1939358,2139582,2759711,(D),3508199,5090491,3596197,3710985,4302760,4230411,4004172,4473811,(D),(D),(D),3422041,3252293,2337128,(D),(D)
 "19124","Dallas-Plano-Irving, TX (Metropolitan Division)", ,CAGDP2,88,"42,44-45","Trade ","Thousands of dollars",29112632,28958050,29577966,31551334,34101393,36008576,37037503,37782822,36149383,38301465,40697836,45632815,47975285,50142216,52023099,51723437,50860330,53238031,56134796,59050164,67156082,76176197
 "19124","Dallas-Plano-Irving, TX (Metropolitan Division)", ,CAGDP2,89,"22,48-49","Transportation and utilities ","Thousands of dollars",5457041,5555854,5885930,6522726,7024708,(D),7532582,7086480,6450222,6436089,7338873,7758880,8046608,8581132,(D),(D),(D),14864732,18812673,16138375,(D),(D)
 "19124","Dallas-Plano-Irving, TX (Metropolitan Division)", ,CAGDP2,90,"31-33,51","Manufacturing and information ","Thousands of dollars",35313943,37829523,37441036,43555357,44752186,49979441,51184452,52873534,49621255,50911213,54107196,52343004,55905265,54645004,58012841,59508282,62452506,67503947,69549558,67450766,73693908,82531611
 "19124","Dallas-Plano-Irving, TX (Metropolitan Division)", ,CAGDP2,91,"...","Private goods-producing industries 2/","Thousands of dollars",32141455,33509405,33289306,38400381,41591761,(D),47072224,47158364,42198898,42587101,46087160,45817135,48517670,49734221,(D),(D),(D),58424011,59499107,56395929,(D),(D)
 "19124","Dallas-Plano-Irving, TX (Metropolitan Division)", ,CAGDP2,92,"...","Private services-providing industries 3/","Thousands of dollars",126412526,129995851,134132511,142319596,151588464,(D),175433603,179041683,173617780,180876121,193025772,206218120,217407145,231327888,(D),(D),(D),295686005,318182872,323516763,(D),(D)
 "19804","Detroit-Dearborn-Livonia, MI (Metropolitan Division)", ,CAGDP2,1,"...","All industry total ","Thousands of dollars",74113939,75535224,78446079,79994359,82773180,82463494,83937085,78892256,72351161,76527714,79217430,83336990,87160449,90193817,94144143,96463072,97146266,99842201,101481722,97055844,103789971,112856578
 "19804","Detroit-Dearborn-Livonia, MI (Metropolitan Division)", ,CAGDP2,2,"..."," Private industries ","Thousands of dollars",66010295,67130970,69505227,70999652,73296713,73336818,74907534,69479211,62993501,67048770,70326935,74827288,78726892,81788302,85480618,87798863,88229305,90689723,92080424,87460607,93841475,102282954
 "19804","Detroit-Dearborn-Livonia, MI (Metropolitan Division)", ,CAGDP2,3,"11","  Agriculture, forestry, fishing and hunting ","Thousands of dollars",27639,23443,9103,(D),25341,35483,11994,13492,30990,24861,23616,29118,16054,(D),(D),(D),(D),(D),15222,22095,24974,21999
 "19804","Detroit-Dearborn-Livonia, MI (Metropolitan Division)", ,CAGDP2,6,"21","  Mining, quarrying, and oil and gas extraction ","Thousands of dollars",58901,58575,57910,65651,92212,112744,92306,94004,115016,174723,185381,176469,190709,173720,197075,172376,179748,166252,193345,222853,(D),248953
 "19804","Detroit-Dearborn-Livonia, MI (Metropolitan Division)", ,CAGDP2,10,"22","  Utilities ","Thousands of dollars",665734,695645,690355,(D),734074,854657,900018,1081566,975290,1004737,942110,1077562,1027073,(D),(D),(D),(D),(D),1225765,1152576,(D),1149451
 "19804","Detroit-Dearborn-Livonia, MI (Metropolitan Division)", ,CAGDP2,11,"23","  Construction ","Thousands of dollars",2216343,2061498,2200244,2505741,2578267,2473534,2462808,2290428,2043524,1938013,2007033,2443400,2215518,2255471,2278938,2384114,2608031,2714187,2771857,2666544,2875118,3069652
 "19804","Detroit-Dearborn-Livonia, MI (Metropolitan Division)", ,CAGDP2,12,"31-33","  Manufacturing ","Thousands of dollars",16913167,17246250,17624186,16100020,16043455,15653988,16838801,12708994,9144890,12355731,13383848,14932496,17892622,19402052,19708420,19321579,18455160,18505116,17866298,15784545,16973680,18117469
 "19804","Detroit-Dearborn-Livonia, MI (Metropolitan Division)", ,CAGDP2,13,"321,327-339","   Durable goods manufacturing ","Thousands of dollars",15103067,15386511,15667001,14114225,(D),12840764,14783405,10946006,7290924,10497583,11301634,13189373,15524833,16774477,17273304,17055680,15984404,15489777,14664962,12621156,13719931,14451460
 "19804","Detroit-Dearborn-Livonia, MI (Metropolitan Division)", ,CAGDP2,25,"311-316,322-326","   Nondurable goods manufacturing ","Thousands of dollars",1810100,1859739,1957185,1985794,(D),2813224,2055396,1762988,1853966,1858149,2082214,1743123,2367789,2627575,2435116,2265900,2470756,3015339,3201337,3163389,3253749,3666009
 "19804","Detroit-Dearborn-Livonia, MI (Metropolitan Division)", ,CAGDP2,34,"42","  Wholesale trade ","Thousands of dollars",5077997,5010248,5039434,(D),5412010,5417730,5215407,5285998,4822148,5083753,5212715,5353889,5684464,6122987,6467801,6650868,(D),(D),6688043,6576780,(D),7616766
 "19804","Detroit-Dearborn-Livonia, MI (Metropolitan Division)", ,CAGDP2,35,"44-45","  Retail trade ","Thousands of dollars",4077232,4058927,4195926,4081926,4114649,4024106,3996000,3967737,4009209,4001929,4044611,4047109,3988292,3942088,4294663,4557840,4743381,4897571,5074390,5331833,6255003,6654216
 "19804","Detroit-Dearborn-Livonia, MI (Metropolitan Division)", ,CAGDP2,36,"48-49","  Transportation and warehousing ","Thousands of dollars",3565961,3669611,3876415,4115991,4102485,3876047,4065172,3850396,3553604,3956518,4147605,4457426,4844369,4834699,5415695,5693572,5738315,6329072,6901321,5527420,6423485,8036418
 "19804","Detroit-Dearborn-Livonia, MI (Metropolitan Division)", ,CAGDP2,45,"51","  Information ","Thousands of dollars",1963871,2020253,2208509,2654354,2649483,2576169,2472140,2128598,2048711,2092324,1982828,1801879,1885082,1841351,1913988,1975420,1545523,1518759,1554641,1638303,1846488,2052025
 "19804","Detroit-Dearborn-Livonia, MI (Metropolitan Division)", ,CAGDP2,50,"52,53","  Finance, insurance, real estate, rental, and leasing ","Thousands of dollars",10332471,11094379,11157265,11636894,12318259,12516183,12997690,11391832,11315000,11002454,11486922,12182809,12219608,12611584,13289974,13825915,13362248,14102797,14776570,16253358,16472806,17008152
 "19804","Detroit-Dearborn-Livonia, MI (Metropolitan Division)", ,CAGDP2,51,"52","   Finance and insurance ","Thousands of dollars",2876268,3351014,3201987,3328449,3679309,4067735,4170208,2754826,2594875,2461940,2921891,3082175,3011134,3444925,3741292,3945789,3766534,4068726,4582326,5349149,5830816,5449383
 "19804","Detroit-Dearborn-Livonia, MI (Metropolitan Division)", ,CAGDP2,56,"53","   Real estate and rental and leasing ","Thousands of dollars",7456203,7743365,7955278,8308444,8638950,8448447,8827482,8637006,8720125,8540514,8565030,9100634,9208474,9166660,9548682,9880126,9595714,10034072,10194244,10904208,10641991,11558769
 "19804","Detroit-Dearborn-Livonia, MI (Metropolitan Division)", ,CAGDP2,59,"54,55,56","  Professional and business services ","Thousands of dollars",10880270,10684182,11440251,12058545,12775498,12612046,12188259,12860624,11144177,11534876,12445968,13093549,13179515,(D),(D),(D),16344991,16528372,16573945,16242999,17012660,18630568
 "19804","Detroit-Dearborn-Livonia, MI (Metropolitan Division)", ,CAGDP2,60,"54","   Professional, scientific, and technical services ","Thousands of dollars",5183908,5192274,5699927,6013107,6474986,6443005,6502928,7225882,6364729,6583871,6985128,7451002,7580331,(D),(D),(D),8706934,9018044,8787198,8339153,9094408,10066290
 "19804","Detroit-Dearborn-Livonia, MI (Metropolitan Division)", ,CAGDP2,64,"55","   Management of companies and enterprises ","Thousands of dollars",3507537,3084112,3315914,3520529,3441912,3339354,3257324,3208582,2687309,2658241,2969620,3027201,3028734,3167302,3417716,3663728,4840334,4586091,4804166,4976043,4529319,4727146
 "19804","Detroit-Dearborn-Livonia, MI (Metropolitan Division)", ,CAGDP2,65,"56","   Administrative and support and waste management and remediation services ","Thousands of dollars",2188826,2407797,2424410,2524909,2858599,2829687,2428006,2426160,2092140,2292763,2491220,2615346,2570451,2682358,2789315,2782672,2797723,2924237,2982581,2927803,3388934,3837131
 "19804","Detroit-Dearborn-Livonia, MI (Metropolitan Division)", ,CAGDP2,68,"61,62","  Educational services, health care, and social assistance ","Thousands of dollars",5671299,5802697,6115553,6396745,6788565,7180307,7496551,7904722,8259477,8275543,8568184,8731029,8896822,9011115,9384572,9823586,10001233,10253773,10346710,10086140,10644504,11256437
 "19804","Detroit-Dearborn-Livonia, MI (Metropolitan Division)", ,CAGDP2,69,"61","   Educational services ","Thousands of dollars",578634,557502,643130,658904,761136,802188,875113,873974,862357,868934,851283,823859,813577,842774,823931,847631,825209,850950,882767,790280,836172,936677
 "19804","Detroit-Dearborn-Livonia, MI (Metropolitan Division)", ,CAGDP2,70,"62","   Health care and social assistance ","Thousands of dollars",5092666,5245195,5472424,5737841,6027429,6378119,6621438,7030748,7397120,7406609,7716901,7907170,8083244,8168341,8560641,8975955,9176024,9402823,9463944,9295860,9808332,10319760
 "19804","Detroit-Dearborn-Livonia, MI (Metropolitan Division)", ,CAGDP2,75,"71,72","  Arts, entertainment, recreation, accommodation, and food services ","Thousands of dollars",2764425,2875623,3093251,3483920,3765893,4031104,4171377,3928595,3575122,3536937,3769365,4266829,4447938,4517526,4704273,4933773,5143353,5472556,5762788,3863028,4683933,5955739
 "19804","Detroit-Dearborn-Livonia, MI (Metropolitan Division)", ,CAGDP2,76,"71","   Arts, entertainment, and recreation ","Thousands of dollars",1191809,1307623,1408866,1542424,1635457,1896198,1738558,1558419,1310823,1192597,977799,1036645,1076130,1147779,1106378,1225814,1286729,1299319,1773966,1465781,1617089,2016935
 "19804","Detroit-Dearborn-Livonia, MI (Metropolitan Division)", ,CAGDP2,79,"72","   Accommodation and food services ","Thousands of dollars",1572616,1568000,1684386,1941496,2130436,2134906,2432818,2370176,2264299,2344340,2791566,3230184,3371808,3369746,3597895,3707959,3856624,4173237,3988823,2397247,3066844,3938804
 "19804","Detroit-Dearborn-Livonia, MI (Metropolitan Division)", ,CAGDP2,82,"81","  Other services (except government and government enterprises) ","Thousands of dollars",1794984,1829638,1796825,1863555,1896523,1972722,1999012,1972227,1956342,2066373,2126749,2233725,2238826,2305756,2322833,2324702,2292003,2305075,2329529,2092133,2192921,2465110
 "19804","Detroit-Dearborn-Livonia, MI (Metropolitan Division)", ,CAGDP2,83,"92","Government and government enterprises ","Thousands of dollars",8103643,8404254,8940852,8994706,9476467,9126676,9029551,9413045,9357659,9478944,8890496,8509701,8433557,8405515,8663524,8664209,8916961,9152478,9401298,9595237,9948496,10573624
 "19804","Detroit-Dearborn-Livonia, MI (Metropolitan Division)", ,CAGDP2,87,"11,21","Natural resources and mining ","Thousands of dollars",86540,82018,67013,(D),117553,148227,104300,107495,146006,199583,208997,205587,206762,(D),(D),(D),(D),(D),208567,244948,(D),270953
 "19804","Detroit-Dearborn-Livonia, MI (Metropolitan Division)", ,CAGDP2,88,"42,44-45","Trade ","Thousands of dollars",9155230,9069174,9235360,(D),9526658,9441835,9211407,9253734,8831358,9085682,9257326,9400998,9672756,10065074,10762463,11208708,(D),(D),11762432,11908613,(D),14270981
 "19804","Detroit-Dearborn-Livonia, MI (Metropolitan Division)", ,CAGDP2,89,"22,48-49","Transportation and utilities ","Thousands of dollars",4231694,4365256,4566770,(D),4836559,4730704,4965190,4931962,4528894,4961254,5089715,5534988,5871442,(D),(D),(D),(D),(D),8127086,6679995,(D),9185868
 "19804","Detroit-Dearborn-Livonia, MI (Metropolitan Division)", ,CAGDP2,90,"31-33,51","Manufacturing and information ","Thousands of dollars",18877038,19266503,19832695,18754374,18692938,18230158,19310941,14837592,11193601,14448055,15366676,16734375,19777704,21243403,21622407,21297000,20000683,20023875,19420939,17422848,18820169,20169494
 "19804","Detroit-Dearborn-Livonia, MI (Metropolitan Division)", ,CAGDP2,91,"...","Private goods-producing industries 2/","Thousands of dollars",19216049,19389767,19891443,(D),18739276,18275749,19405908,15106917,11334420,14493328,15599879,17581483,20314903,(D),(D),(D),(D),(D),20846722,18696037,(D),21458074
 "19804","Detroit-Dearborn-Livonia, MI (Metropolitan Division)", ,CAGDP2,92,"...","Private services-providing industries 3/","Thousands of dollars",46794246,47741204,49613784,(D),54557438,55061069,55501626,54372294,51659082,52555442,54727056,57245805,58411990,(D),(D),(D),(D),(D),71233702,68764570,(D),80824880
 "20994","Elgin, IL (Metropolitan Division)", ,CAGDP2,1,"...","All industry total ","Thousands of dollars",18202713,19111447,20077000,21666834,23226940,24767508,26034343,25989599,25301533,26388160,27022516,28345240,29468056,30348687,31927194,32672762,34201892,36075564,37163059,35924685,39175679,42151181
 "20994","Elgin, IL (Metropolitan Division)", ,CAGDP2,2,"..."," Private industries ","Thousands of dollars",15984247,16743151,17559920,18981493,20256506,21603589,22730819,22482532,21659892,22555911,23200218,24462269,25336517,26057149,27551234,28279012,29716157,31466990,32372771,31182464,34261436,37079097
 "20994","Elgin, IL (Metropolitan Division)", ,CAGDP2,3,"11","  Agriculture, forestry, fishing and hunting ","Thousands of dollars",46476,29027,(D),111928,(D),32859,165800,(D),(D),(D),(D),(D),(D),(D),(D),(D),(D),(D),(D),120702,277589,329442
 "20994","Elgin, IL (Metropolitan Division)", ,CAGDP2,6,"21","  Mining, quarrying, and oil and gas extraction ","Thousands of dollars",27305,24102,31716,37632,53666,70306,54169,44817,38779,29427,28000,28612,31749,31441,36941,31878,33498,38434,48743,37560,(D),(D)
 "20994","Elgin, IL (Metropolitan Division)", ,CAGDP2,10,"22","  Utilities ","Thousands of dollars",14192,49070,(D),(D),64125,62925,94203,(D),(D),(D),(D),(D),(D),(D),(D),(D),(D),(D),(D),486274,(D),463374
 "20994","Elgin, IL (Metropolitan Division)", ,CAGDP2,11,"23","  Construction ","Thousands of dollars",1375153,1448906,1572133,1708841,1913245,2007232,2123368,1743826,1218824,1046285,1064770,1067382,1268586,1410766,1745600,1830306,1886225,2006146,1965707,2110432,2263305,2306754
 "20994","Elgin, IL (Metropolitan Division)", ,CAGDP2,12,"31-33","  Manufacturing ","Thousands of dollars",4012155,3955497,3997197,4398825,4475594,4637662,4643424,4469106,4245599,4395811,4584974,4742618,4602188,4634789,4891801,5194469,5762521,6339236,6375537,5785532,6149455,6816531
 "20994","Elgin, IL (Metropolitan Division)", ,CAGDP2,13,"321,327-339","   Durable goods manufacturing ","Thousands of dollars",(D),(D),(D),(D),(D),(D),(D),(D),(D),(D),(D),(D),2900240,2892345,2992747,3075476,3491373,3884442,3938129,3450190,3475186,3806110
 "20994","Elgin, IL (Metropolitan Division)", ,CAGDP2,25,"311-316,322-326","   Nondurable goods manufacturing ","Thousands of dollars",(D),(D),(D),(D),(D),(D),(D),(D),(D),(D),(D),(D),1701948,1742444,1899054,2118993,2271147,2454794,2437408,2335342,2674270,3010420
 "20994","Elgin, IL (Metropolitan Division)", ,CAGDP2,34,"42","  Wholesale trade ","Thousands of dollars",1140515,1156669,1229935,1400251,1600537,1840947,1934675,(D),(D),(D),(D),(D),(D),(D),(D),(D),(D),(D),(D),(D),(D),(D)
 "20994","Elgin, IL (Metropolitan Division)", ,CAGDP2,35,"44-45","  Retail trade ","Thousands of dollars",1302706,1326156,1407017,1477434,1552405,1583009,1604090,1596912,1556028,1607122,1613767,1677487,1755974,1806784,1876471,1968479,2052386,2125806,2203009,2377668,2719216,2939720
 "20994","Elgin, IL (Metropolitan Division)", ,CAGDP2,36,"48-49","  Transportation and warehousing ","Thousands of dollars",340593,307568,(D),(D),(D),605648,614393,622995,596381,590209,586404,571155,596684,(D),766125,(D),(D),(D),(D),(D),1050137,(D)
 "20994","Elgin, IL (Metropolitan Division)", ,CAGDP2,45,"51","  Information ","Thousands of dollars",328954,387696,476092,620379,728200,750075,818712,817398,753917,679872,637641,682818,855867,937368,1067754,1166107,1199402,1153058,1364499,1364617,1499666,1489194
 "20994","Elgin, IL (Metropolitan Division)", ,CAGDP2,50,"52,53","  Finance, insurance, real estate, rental, and leasing ","Thousands of dollars",3111892,3419883,3724927,3971061,4239784,4548766,4839058,4837079,5063489,5365103,5324957,5995615,5860056,6088527,6022755,6087188,6346575,6884899,7091792,6605652,7154501,(D)
 "20994","Elgin, IL (Metropolitan Division)", ,CAGDP2,51,"52","   Finance and insurance ","Thousands of dollars",1017368,1133291,1240001,1279863,1364752,1439093,1355018,1224130,1236592,1221923,1235097,1305054,1292342,1419029,1472295,1474615,1434812,1476248,1501391,1359144,1434564,1472820
 "20994","Elgin, IL (Metropolitan Division)", ,CAGDP2,56,"53","   Real estate and rental and leasing ","Thousands of dollars",2094524,2286592,2484926,2691197,2875033,3109672,3484040,3612948,3826897,4143180,4089861,4690562,4567713,4669498,4550460,4612574,4911764,5408651,5590401,5246507,5719938,(D)
 "20994","Elgin, IL (Metropolitan Division)", ,CAGDP2,59,"54,55,56","  Professional and business services ","Thousands of dollars",1545244,1611832,(D),(D),1927564,2016444,2139468,2272552,2128011,2204353,2253281,2366917,2695035,2825310,(D),(D),(D),3057583,3093976,(D),3357056,3848591
 "20994","Elgin, IL (Metropolitan Division)", ,CAGDP2,60,"54","   Professional, scientific, and technical services ","Thousands of dollars",(D),(D),(D),(D),1006645,(D),(D),1174816,1137408,1173376,1281986,1283465,1276294,1286965,1375145,1479610,(D),(D),(D),(D),(D),1876556
 "20994","Elgin, IL (Metropolitan Division)", ,CAGDP2,64,"55","   Management of companies and enterprises ","Thousands of dollars",(D),(D),(D),(D),70539,(D),(D),112657,109553,123369,124009,128767,141873,140000,(D),(D),(D),(D),(D),(D),(D),250718
 "20994","Elgin, IL (Metropolitan Division)", ,CAGDP2,65,"56","   Administrative and support and waste management and remediation services ","Thousands of dollars",645852,633514,680045,739934,850380,877100,984566,985080,881050,907607,847285,954686,1276868,1398345,1439296,1134592,1194815,1257588,1238630,1188754,1412426,1721317
 "20994","Elgin, IL (Metropolitan Division)", ,CAGDP2,68,"61,62","  Educational services, health care, and social assistance ","Thousands of dollars",1150120,1242748,1391551,1506795,1629096,1789673,1881324,2050953,2133925,2134188,2204807,2303538,2365572,2377271,2431889,2512746,(D),2681334,2752295,2615077,2851197,3083896
 "20994","Elgin, IL (Metropolitan Division)", ,CAGDP2,69,"61","   Educational services ","Thousands of dollars",87510,95836,103618,133531,139941,163514,168893,185889,205732,211025,219327,226707,226272,225147,(D),244639,(D),256189,274392,262381,274159,306593
 "20994","Elgin, IL (Metropolitan Division)", ,CAGDP2,70,"62","   Health care and social assistance ","Thousands of dollars",1062610,1146911,1287933,1373264,1489155,1626159,1712430,1865065,1928194,1923164,1985480,2076831,2139299,2152124,(D),2268107,(D),2425145,2477903,2352696,2577038,2777304
 "20994","Elgin, IL (Metropolitan Division)", ,CAGDP2,75,"71,72","  Arts, entertainment, recreation, accommodation, and food services ","Thousands of dollars",1147195,1294785,1251829,1052992,1009570,1092060,1229427,1181070,1171301,1487283,1482579,1354138,1280008,1245149,1270338,1313865,1363518,(D),(D),1118928,(D),(D)
 "20994","Elgin, IL (Metropolitan Division)", ,CAGDP2,76,"71","   Arts, entertainment, and recreation ","Thousands of dollars",793985,912277,851277,626331,564418,612942,708599,623945,616169,926745,898528,727115,640941,(D),(D),(D),(D),(D),(D),(D),(D),362160
 "20994","Elgin, IL (Metropolitan Division)", ,CAGDP2,79,"72","   Accommodation and food services ","Thousands of dollars",353211,382508,400552,426661,445152,479118,520828,557125,555132,560538,584050,627023,639068,(D),(D),(D),(D),900287,1017655,(D),(D),(D)
 "20994","Elgin, IL (Metropolitan Division)", ,CAGDP2,82,"81","  Other services (except government and government enterprises) ","Thousands of dollars",441747,489213,494141,522441,546889,565982,588709,598873,604822,607026,612897,627993,667099,(D),(D),(D),(D),863066,913072,877829,(D),(D)
 "20994","Elgin, IL (Metropolitan Division)", ,CAGDP2,83,"92","Government and government enterprises ","Thousands of dollars",2218466,2368296,2517080,2685341,2970434,3163920,3303524,3507066,3641641,3832249,3822298,3882971,4131539,4291538,4375961,4393750,4485734,4608574,4790288,4742221,4914243,5072084
 "20994","Elgin, IL (Metropolitan Division)", ,CAGDP2,87,"11,21","Natural resources and mining ","Thousands of dollars",73781,53129,(D),149560,(D),103164,219969,(D),(D),(D),(D),(D),(D),(D),(D),(D),(D),(D),(D),158262,(D),(D)
 "20994","Elgin, IL (Metropolitan Division)", ,CAGDP2,88,"42,44-45","Trade ","Thousands of dollars",2443221,2482825,2636953,2877685,3152942,3423957,3538765,(D),(D),(D),(D),(D),(D),(D),(D),(D),(D),(D),(D),(D),(D),(D)
 "20994","Elgin, IL (Metropolitan Division)", ,CAGDP2,89,"22,48-49","Transportation and utilities ","Thousands of dollars",354785,356638,(D),(D),(D),668573,708596,(D),(D),(D),(D),(D),(D),(D),(D),(D),(D),(D),(D),(D),(D),(D)
 "20994","Elgin, IL (Metropolitan Division)", ,CAGDP2,90,"31-33,51","Manufacturing and information ","Thousands of dollars",4341109,4343193,4473290,5019205,5203794,5387737,5462136,5286505,4999515,5075682,5222615,5425436,5458055,5572156,5959555,6360576,6961923,7492294,7740036,7150149,7649121,8305725
 "20994","Elgin, IL (Metropolitan Division)", ,CAGDP2,91,"...","Private goods-producing industries 2/","Thousands of dollars",5461089,5457532,(D),6257226,(D),6748059,6986760,(D),(D),(D),(D),(D),(D),(D),(D),(D),(D),(D),(D),8054226,(D),(D)
 "20994","Elgin, IL (Metropolitan Division)", ,CAGDP2,92,"...","Private services-providing industries 3/","Thousands of dollars",10523158,11285619,(D),12724267,(D),14855530,15744059,(D),(D),(D),(D),(D),(D),(D),(D),(D),(D),(D),(D),23128238,(D),(D)
 "22744","Fort Lauderdale-Pompano Beach-Sunrise, FL (Metropolitan Division)", ,CAGDP2,1,"...","All industry total ","Thousands of dollars",54679491,58231790,62607160,68361203,74823531,79134236,82043599,80164036,77491576,80422206,80563519,82577236,85288384,89618816,95914556,99799959,104703408,109860494,116227368,116750092,131995767,146735076
 "22744","Fort Lauderdale-Pompano Beach-Sunrise, FL (Metropolitan Division)", ,CAGDP2,2,"..."," Private industries ","Thousands of dollars",48639641,51917095,55921033,61065621,67400539,71470372,73266132,71104269,68266318,71047061,71406575,73332994,75781015,79846693,85905231,89554878,94024877,99256534,105597433,105401105,119701551,133684860
 "22744","Fort Lauderdale-Pompano Beach-Sunrise, FL (Metropolitan Division)", ,CAGDP2,3,"11","  Agriculture, forestry, fishing and hunting ","Thousands of dollars",40344,33683,35926,36337,42116,43078,38075,18231,25686,46515,34134,52456,26485,24548,23735,16230,31799,29264,33224,29022,31339,20624
 "22744","Fort Lauderdale-Pompano Beach-Sunrise, FL (Metropolitan Division)", ,CAGDP2,6,"21","  Mining, quarrying, and oil and gas extraction ","Thousands of dollars",17190,14880,16769,16287,28729,54745,56804,55316,19732,25554,34990,23594,24058,19772,16051,16228,17716,18107,14587,12352,11130,15197
 "22744","Fort Lauderdale-Pompano Beach-Sunrise, FL (Metropolitan Division)", ,CAGDP2,10,"22","  Utilities ","Thousands of dollars",594303,517659,521003,546238,558228,633940,574495,601221,656029,554902,543129,532324,476773,435476,428824,674200,734463,692989,579606,544326,618386,746677
 "22744","Fort Lauderdale-Pompano Beach-Sunrise, FL (Metropolitan Division)", ,CAGDP2,11,"23","  Construction ","Thousands of dollars",3089954,3204295,3993085,4836974,5691492,6269573,5578337,3961661,3863824,4947908,4551809,3570771,2445507,3204529,3745109,4466288,4735129,5327788,5655792,5905048,5667523,6160334
 "22744","Fort Lauderdale-Pompano Beach-Sunrise, FL (Metropolitan Division)", ,CAGDP2,12,"31-33","  Manufacturing ","Thousands of dollars",2574027,2568225,2636652,2867660,3178751,3478756,3811047,3675690,3196302,3057551,2944082,3010392,3185814,3187485,3504998,3409231,3251866,3438199,3587096,3551602,3888619,4539554
 "22744","Fort Lauderdale-Pompano Beach-Sunrise, FL (Metropolitan Division)", ,CAGDP2,13,"321,327-339","   Durable goods manufacturing ","Thousands of dollars",1783505,1773311,1849374,2051831,2415259,2596894,2929012,2750792,2200100,1982329,1743929,1741760,1842730,1956726,1987648,1997608,1954809,2135539,2178665,2182481,2274453,2609756
 "22744","Fort Lauderdale-Pompano Beach-Sunrise, FL (Metropolitan Division)", ,CAGDP2,25,"311-316,322-326","   Nondurable goods manufacturing ","Thousands of dollars",790523,794914,787278,815829,763491,881862,882035,924898,996202,1075222,1200154,1268632,1343083,1230759,1517350,1411623,1297057,1302660,1408432,1369121,1614166,1929799
 "22744","Fort Lauderdale-Pompano Beach-Sunrise, FL (Metropolitan Division)", ,CAGDP2,34,"42","  Wholesale trade ","Thousands of dollars",4693422,4833997,5197329,5857670,6553723,7110410,7170493,7282753,6917447,7401632,7673143,8342583,8802289,9330485,10063226,10350413,10919938,11793505,12749327,13088202,14009274,15313352
 "22744","Fort Lauderdale-Pompano Beach-Sunrise, FL (Metropolitan Division)", ,CAGDP2,35,"44-45","  Retail trade ","Thousands of dollars",5049164,5178219,5372630,5479674,6014612,6450769,6392054,6250182,5866014,6338935,6168125,6339415,7007016,7308653,7654749,8054074,8450067,8628214,9146613,9524433,11983843,13255728
 "22744","Fort Lauderdale-Pompano Beach-Sunrise, FL (Metropolitan Division)", ,CAGDP2,36,"48-49","  Transportation and warehousing ","Thousands of dollars",1362868,1428042,1621903,1609573,2038664,2468788,2451599,2263877,2156496,2482518,2491920,2543915,2551584,2951517,3323086,3180906,3555996,3941588,4841402,3574416,5044933,6441730
 "22744","Fort Lauderdale-Pompano Beach-Sunrise, FL (Metropolitan Division)", ,CAGDP2,45,"51","  Information ","Thousands of dollars",3300560,3557825,3612631,4298742,4370954,4396591,4631244,4719217,4478239,4527498,4469371,4470838,4729741,4787889,5293862,5800868,6097321,5811761,6416811,6415885,7504812,7955546
 "22744","Fort Lauderdale-Pompano Beach-Sunrise, FL (Metropolitan Division)", ,CAGDP2,50,"52,53","  Finance, insurance, real estate, rental, and leasing ","Thousands of dollars",13486745,15029401,15749707,17328118,19265275,19949533,21168239,20320876,19607686,19126171,19126426,20105769,21455667,21946778,23957652,24423909,25470836,27372726,28959381,31079482,32625103,35800055
 "22744","Fort Lauderdale-Pompano Beach-Sunrise, FL (Metropolitan Division)", ,CAGDP2,51,"52","   Finance and insurance ","Thousands of dollars",3488915,3515732,3727640,3906406,4630032,5102713,5043717,4070380,4002530,3976857,4021811,4287644,4568242,4795412,5326924,5628564,6021825,6647862,6898211,7349068,7772364,8308140
 "22744","Fort Lauderdale-Pompano Beach-Sunrise, FL (Metropolitan Division)", ,CAGDP2,56,"53","   Real estate and rental and leasing ","Thousands of dollars",9997831,11513668,12022067,13421712,14635243,14846820,16124521,16250496,15605156,15149313,15104615,15818125,16887425,17151366,18630728,18795345,19449011,20724864,22061170,23730414,24852739,27491915
 "22744","Fort Lauderdale-Pompano Beach-Sunrise, FL (Metropolitan Division)", ,CAGDP2,59,"54,55,56","  Professional and business services ","Thousands of dollars",6719322,7251670,8428134,8702090,9460585,9810886,10095565,10156431,9457800,10088970,10533666,11021123,11495270,12470222,13093878,13734137,14647536,15551681,15989750,15829915,19171674,21876702
 "22744","Fort Lauderdale-Pompano Beach-Sunrise, FL (Metropolitan Division)", ,CAGDP2,60,"54","   Professional, scientific, and technical services ","Thousands of dollars",3395103,3795584,4421632,5121655,5460115,5820733,5763437,5946308,5547631,5877286,6138058,6281862,6400357,6739614,7138938,7416954,7845372,8482207,8677308,8807086,10510973,11898840
 "22744","Fort Lauderdale-Pompano Beach-Sunrise, FL (Metropolitan Division)", ,CAGDP2,64,"55","   Management of companies and enterprises ","Thousands of dollars",441774,474099,618004,575340,694642,753936,867942,784955,754831,805450,906357,978202,1069581,1273149,1221283,1280362,1357717,1407976,1613568,1577184,1847751,2051041
 "22744","Fort Lauderdale-Pompano Beach-Sunrise, FL (Metropolitan Division)", ,CAGDP2,65,"56","   Administrative and support and waste management and remediation services ","Thousands of dollars",2882445,2981988,3388498,3005096,3305828,3236217,3464186,3425167,3155338,3406234,3489251,3761059,4025331,4457459,4733657,5036821,5444447,5661499,5698874,5445644,6812950,7926822
 "22744","Fort Lauderdale-Pompano Beach-Sunrise, FL (Metropolitan Division)", ,CAGDP2,68,"61,62","  Educational services, health care, and social assistance ","Thousands of dollars",3728364,4137807,4492401,4812031,5113357,5426733,5668824,6158421,6484511,6668837,6831826,6921120,7095080,7391756,7619062,8018602,8397473,8637768,9045243,8807041,9932288,10571564
 "22744","Fort Lauderdale-Pompano Beach-Sunrise, FL (Metropolitan Division)", ,CAGDP2,69,"61","   Educational services ","Thousands of dollars",510074,588705,672941,746304,828571,900398,1021387,1190259,1392589,1470616,1580861,1492795,1462366,1509143,1471586,1493673,1511841,1440763,1517934,1326429,1419419,1529730
 "22744","Fort Lauderdale-Pompano Beach-Sunrise, FL (Metropolitan Division)", ,CAGDP2,70,"62","   Health care and social assistance ","Thousands of dollars",3218290,3549102,3819460,4065727,4284786,4526334,4647437,4968162,5091922,5198222,5250965,5428325,5632714,5882613,6147475,6524930,6885631,7197005,7527309,7480611,8512870,9041834
 "22744","Fort Lauderdale-Pompano Beach-Sunrise, FL (Metropolitan Division)", ,CAGDP2,75,"71,72","  Arts, entertainment, recreation, accommodation, and food services ","Thousands of dollars",2238710,2339636,2486906,2735500,3021536,3069336,3254497,3399285,3377908,3595087,3765333,4044570,4051996,4146097,4351228,4514724,4728317,4883601,5398385,4103642,5884464,7138181
 "22744","Fort Lauderdale-Pompano Beach-Sunrise, FL (Metropolitan Division)", ,CAGDP2,76,"71","   Arts, entertainment, and recreation ","Thousands of dollars",395306,416622,408534,463566,488897,639666,763239,767498,712204,752094,794407,847651,753557,806564,790005,800102,841542,893150,978568,791431,991172,1157795
 "22744","Fort Lauderdale-Pompano Beach-Sunrise, FL (Metropolitan Division)", ,CAGDP2,79,"72","   Accommodation and food services ","Thousands of dollars",1843405,1923014,2078372,2271935,2532639,2429670,2491258,2631787,2665704,2842993,2970927,3196920,3298439,3339532,3561223,3714622,3886774,3990451,4419817,3312211,4893292,5980386
 "22744","Fort Lauderdale-Pompano Beach-Sunrise, FL (Metropolitan Division)", ,CAGDP2,82,"81","  Other services (except government and government enterprises) ","Thousands of dollars",1744667,1821757,1755956,1938725,2062519,2307233,2374860,2241109,2158645,2184984,2238622,2354123,2433736,2641485,2829773,2895068,2986420,3129343,3180214,2935739,3328161,3849615
 "22744","Fort Lauderdale-Pompano Beach-Sunrise, FL (Metropolitan Division)", ,CAGDP2,83,"92","Government and government enterprises ","Thousands of dollars",6039850,6314695,6686128,7295582,7422993,7663864,8777467,9059766,9225259,9375145,9156944,9244242,9507369,9772123,10009325,10245081,10678531,10603961,10629935,11348987,12294216,13050216
 "22744","Fort Lauderdale-Pompano Beach-Sunrise, FL (Metropolitan Division)", ,CAGDP2,87,"11,21","Natural resources and mining ","Thousands of dollars",57534,48562,52695,52624,70845,97823,94879,73548,45418,72068,69124,76051,50542,44320,39786,32457,49515,47371,47812,41375,42468,35821
 "22744","Fort Lauderdale-Pompano Beach-Sunrise, FL (Metropolitan Division)", ,CAGDP2,88,"42,44-45","Trade ","Thousands of dollars",9742586,10012216,10569959,11337344,12568335,13561180,13562547,13532936,12783461,13740567,13841268,14681999,15809305,16639139,17717975,18404487,19370005,20421719,21895940,22612636,25993117,28569080
 "22744","Fort Lauderdale-Pompano Beach-Sunrise, FL (Metropolitan Division)", ,CAGDP2,89,"22,48-49","Transportation and utilities ","Thousands of dollars",1957171,1945701,2142906,2155811,2596892,3102728,3026094,2865099,2812525,3037420,3035049,3076238,3028357,3386993,3751910,3855106,4290459,4634576,5421009,4118742,5663319,7188407
 "22744","Fort Lauderdale-Pompano Beach-Sunrise, FL (Metropolitan Division)", ,CAGDP2,90,"31-33,51","Manufacturing and information ","Thousands of dollars",5874588,6126050,6249283,7166402,7549704,7875347,8442291,8394907,7674541,7585049,7413453,7481230,7915555,7975374,8798860,9210099,9349187,9249960,10003907,9967486,11393432,12495101
 "22744","Fort Lauderdale-Pompano Beach-Sunrise, FL (Metropolitan Division)", ,CAGDP2,91,"...","Private goods-producing industries 2/","Thousands of dollars",5721515,5821083,6682432,7757258,8941087,9846152,9484263,7710898,7105544,8077527,7565015,6657214,5681863,6436335,7289893,7907977,8036510,8813358,9290701,9498025,9598611,10735709
 "22744","Fort Lauderdale-Pompano Beach-Sunrise, FL (Metropolitan Division)", ,CAGDP2,92,"...","Private services-providing industries 3/","Thousands of dollars",42918126,46096012,49238600,53308363,58459451,61624219,63781869,63393372,61160774,62969534,63841560,66675780,70099152,73410358,78615339,81646901,85988367,90443176,96306733,95903080,110102940,122949151
 "23104","Fort Worth-Arlington-Grapevine, TX (Metropolitan Division)", ,CAGDP2,1,"...","All industry total ","Thousands of dollars",58160809,61250494,64236951,70033634,78430243,87521138,95316680,102111272,95367367,99328908,103197876,107597286,112486441,117561369,117483124,118180699,123918953,132771017,137796519,133325953,150190453,168895145
 "23104","Fort Worth-Arlington-Grapevine, TX (Metropolitan Division)", ,CAGDP2,2,"..."," Private industries ","Thousands of dollars",52281322,55029438,57629866,63060815,71072152,79709931,87081050,93465285,86176700,89787353,93570134,97638573,102067169,106764580,106135570,106396917,111642510,119928336,124821582,119521142,135878229,153902827
 "23104","Fort Worth-Arlington-Grapevine, TX (Metropolitan Division)", ,CAGDP2,3,"11","  Agriculture, forestry, fishing and hunting ","Thousands of dollars",32389,35352,72279,(D),76148,(D),(D),151727,123736,(D),37583,39006,28313,27119,32017,64726,47729,(D),(D),(D),56724,61060
 "23104","Fort Worth-Arlington-Grapevine, TX (Metropolitan Division)", ,CAGDP2,6,"21","  Mining, quarrying, and oil and gas extraction ","Thousands of dollars",1202830,1256768,1999898,2666493,4412491,6469685,10374672,16953121,10405049,11509852,11994726,9459607,10079534,11398507,5980699,4304570,4846489,4673596,3521760,2194449,3870313,5357789
 "23104","Fort Worth-Arlington-Grapevine, TX (Metropolitan Division)", ,CAGDP2,10,"22","  Utilities ","Thousands of dollars",356691,314763,319434,(D),351231,(D),(D),540941,613535,(D),704204,764478,721964,799913,778528,724428,556970,(D),(D),(D),(D),1139426
 "23104","Fort Worth-Arlington-Grapevine, TX (Metropolitan Division)", ,CAGDP2,11,"23","  Construction ","Thousands of dollars",3545907,3613108,3844366,3910924,4307772,5146599,5585859,5339203,4885514,4382786,4108610,4714402,5294470,6162548,6561125,7205227,7992963,8419372,9070425,9246279,10014293,10776685
 "23104","Fort Worth-Arlington-Grapevine, TX (Metropolitan Division)", ,CAGDP2,12,"31-33","  Manufacturing ","Thousands of dollars",8829214,9356148,9461966,11151361,12112115,13587319,14561657,13604710,13779857,14765585,15737931,17270604,17840997,16830826,16165582,16688456,18464855,20623291,19481630,17180704,17605035,19849732
 "23104","Fort Worth-Arlington-Grapevine, TX (Metropolitan Division)", ,CAGDP2,13,"321,327-339","   Durable goods manufacturing ","Thousands of dollars",5712811,6037112,5934482,6576563,7028113,7474369,8799289,8626814,8330752,8101932,9084016,9286453,10346438,10968941,10769521,12269241,14346343,16144572,15481809,13391277,13165681,14760114
 "23104","Fort Worth-Arlington-Grapevine, TX (Metropolitan Division)", ,CAGDP2,25,"311-316,322-326","   Nondurable goods manufacturing ","Thousands of dollars",3116403,3319036,3527485,4574798,5084002,6112950,5762368,4977896,5449105,6663653,6653914,7984151,7494559,5861885,5396061,4419215,4118513,4478719,3999821,3789426,4439354,5089617
 "23104","Fort Worth-Arlington-Grapevine, TX (Metropolitan Division)", ,CAGDP2,34,"42","  Wholesale trade ","Thousands of dollars",3776365,3722164,3783288,4793576,5804299,6333090,6498272,6540018,6251203,6803512,7261183,8114093,8092295,8002856,8051503,7491187,7311120,(D),(D),(D),8945024,10235660
 "23104","Fort Worth-Arlington-Grapevine, TX (Metropolitan Division)", ,CAGDP2,35,"44-45","  Retail trade ","Thousands of dollars",4579566,4716066,4966587,5179425,5662869,5970737,6090026,6017007,5963884,6218600,6309370,6642305,7248376,7765168,8200128,8510786,8967539,9649836,10137853,10817907,12571781,13766376
 "23104","Fort Worth-Arlington-Grapevine, TX (Metropolitan Division)", ,CAGDP2,36,"48-49","  Transportation and warehousing ","Thousands of dollars",5002353,5029311,4983405,5316353,5718907,6345040,6528293,6750038,6627485,6900242,7547894,7555299,7516187,8389085,10126521,9975634,10896074,11364612,12463440,9632509,(D),14417818
 "23104","Fort Worth-Arlington-Grapevine, TX (Metropolitan Division)", ,CAGDP2,45,"51","  Information ","Thousands of dollars",2189761,2592502,2650711,(D),2859926,2876249,3291074,3384933,3081334,3134459,3133708,3011504,3189123,3012308,3197775,3034613,2982257,3031754,3272764,3347209,3881091,4402979
 "23104","Fort Worth-Arlington-Grapevine, TX (Metropolitan Division)", ,CAGDP2,50,"52,53","  Finance, insurance, real estate, rental, and leasing ","Thousands of dollars",9147342,9812584,10552480,10782653,12843123,14398145,14611114,14507172,14405420,14917672,14968368,16526998,17667728,18607666,19842284,20352859,20390903,22295230,24020887,26351921,29056594,32469577
 "23104","Fort Worth-Arlington-Grapevine, TX (Metropolitan Division)", ,CAGDP2,51,"52","   Finance and insurance ","Thousands of dollars",2940547,2973280,3058887,3269229,4134502,4957677,4965441,5075558,4698605,4743304,4253531,5431245,5801874,6190857,6962492,7055562,6447390,7305890,7848484,7255581,8679010,9735900
 "23104","Fort Worth-Arlington-Grapevine, TX (Metropolitan Division)", ,CAGDP2,56,"53","   Real estate and rental and leasing ","Thousands of dollars",6206794,6839303,7493592,7513424,8708621,9440468,9645674,9431614,9706814,10174368,10714837,11095753,11865855,12416809,12879792,13297297,13943513,14989339,16172404,19096340,20377585,22733677
 "23104","Fort Worth-Arlington-Grapevine, TX (Metropolitan Division)", ,CAGDP2,59,"54,55,56","  Professional and business services ","Thousands of dollars",5709428,5939237,6062933,(D),7338847,7605739,(D),8374993,8056101,8001154,8545732,9300825,9509216,9918893,10317319,10422670,10700037,(D),(D),(D),14963428,17054884
 "23104","Fort Worth-Arlington-Grapevine, TX (Metropolitan Division)", ,CAGDP2,60,"54","   Professional, scientific, and technical services ","Thousands of dollars",(D),(D),(D),(D),(D),4248164,4508037,4606245,(D),4591793,4916988,5234333,5188151,(D),(D),5539702,5589850,(D),(D),6974022,8513576,9677323
 "23104","Fort Worth-Arlington-Grapevine, TX (Metropolitan Division)", ,CAGDP2,64,"55","   Management of companies and enterprises ","Thousands of dollars",(D),(D),(D),(D),(D),(D),(D),(D),(D),458213,515492,686734,788587,(D),(D),820876,1011114,(D),(D),(D),1051216,(D)
 "23104","Fort Worth-Arlington-Grapevine, TX (Metropolitan Division)", ,CAGDP2,65,"56","   Administrative and support and waste management and remediation services ","Thousands of dollars",2258751,(D),(D),2452466,2751617,(D),(D),(D),3273751,2951148,3113252,3379758,3532477,3911001,4112177,4062093,4099074,4918911,(D),(D),5398636,(D)
 "23104","Fort Worth-Arlington-Grapevine, TX (Metropolitan Division)", ,CAGDP2,68,"61,62","  Educational services, health care, and social assistance ","Thousands of dollars",3842239,4244447,4426016,4748563,4949999,5327870,(D),5972528,6600871,6828801,7282408,7673877,8069147,8445350,9001229,9515892,10135739,10968453,11810503,11514613,(D),13996429
 "23104","Fort Worth-Arlington-Grapevine, TX (Metropolitan Division)", ,CAGDP2,69,"61","   Educational services ","Thousands of dollars",(D),(D),(D),(D),(D),(D),(D),(D),812939,831510,877709,899760,916370,(D),(D),1081887,1151250,(D),(D),1224688,(D),1518931
 "23104","Fort Worth-Arlington-Grapevine, TX (Metropolitan Division)", ,CAGDP2,70,"62","   Health care and social assistance ","Thousands of dollars",(D),(D),(D),(D),(D),(D),(D),(D),5787932,5997291,6404699,6774117,7152777,(D),(D),8434006,8984489,(D),(D),10289924,11307773,12477498
 "23104","Fort Worth-Arlington-Grapevine, TX (Metropolitan Division)", ,CAGDP2,75,"71,72","  Arts, entertainment, recreation, accommodation, and food services ","Thousands of dollars",2493441,2710240,2838377,2718860,2800894,(D),(D),3264169,3298843,(D),3676702,4122819,4192958,4693991,5112638,5318930,5421087,(D),(D),(D),(D),6477845
 "23104","Fort Worth-Arlington-Grapevine, TX (Metropolitan Division)", ,CAGDP2,76,"71","   Arts, entertainment, and recreation ","Thousands of dollars",468593,587583,620684,542662,561886,(D),(D),496054,582490,(D),778118,903192,853746,963068,1050086,1137738,1223932,(D),(D),(D),(D),1294135
 "23104","Fort Worth-Arlington-Grapevine, TX (Metropolitan Division)", ,CAGDP2,79,"72","   Accommodation and food services ","Thousands of dollars",2024848,2122657,2217693,2176198,2239008,2440207,2630341,2768115,2716354,2754342,2898584,3219627,3339211,3730924,4062552,4181192,4197155,4410528,4458599,3500764,4464053,5183710
 "23104","Fort Worth-Arlington-Grapevine, TX (Metropolitan Division)", ,CAGDP2,82,"81","  Other services (except government and government enterprises) ","Thousands of dollars",1573796,1686748,1668125,1703677,1833532,1971193,2041542,2064725,2083870,2172124,2261714,2442756,2616859,2710350,2768221,2786938,2928749,3079919,3305367,3122788,3448174,3896567
 "23104","Fort Worth-Arlington-Grapevine, TX (Metropolitan Division)", ,CAGDP2,83,"92","Government and government enterprises ","Thousands of dollars",5879486,6221056,6607085,6972819,7358092,7811207,8235630,8645987,9190667,9541555,9627743,9958713,10419272,10796789,11347554,11783783,12276443,12842681,12974936,13804812,14312224,14992317
 "23104","Fort Worth-Arlington-Grapevine, TX (Metropolitan Division)", ,CAGDP2,87,"11,21","Natural resources and mining ","Thousands of dollars",1235219,1292120,2072177,(D),4488639,(D),(D),17104848,10528785,(D),12032309,9498613,10107847,11425626,6012715,4369296,4894217,(D),(D),(D),3927037,5418849
 "23104","Fort Worth-Arlington-Grapevine, TX (Metropolitan Division)", ,CAGDP2,88,"42,44-45","Trade ","Thousands of dollars",8355931,8438231,8749876,9973002,11467168,12303827,12588298,12557025,12215088,13022112,13570554,14756398,15340671,15768024,16251631,16001973,16278659,(D),(D),(D),21516806,24002036
 "23104","Fort Worth-Arlington-Grapevine, TX (Metropolitan Division)", ,CAGDP2,89,"22,48-49","Transportation and utilities ","Thousands of dollars",5359044,5344074,5302839,(D),6070138,(D),(D),7290979,7241019,(D),8252098,8319777,8238152,9188997,10905049,10700062,11453044,(D),(D),(D),(D),15557244
 "23104","Fort Worth-Arlington-Grapevine, TX (Metropolitan Division)", ,CAGDP2,90,"31-33,51","Manufacturing and information ","Thousands of dollars",11018975,11948650,12112678,(D),14972041,16463568,17852731,16989643,16861191,17900044,18871639,20282108,21030121,19843135,19363357,19723069,21447112,23655045,22754393,20527913,21486126,24252711
 "23104","Fort Worth-Arlington-Grapevine, TX (Metropolitan Division)", ,CAGDP2,91,"...","Private goods-producing industries 2/","Thousands of dollars",13610340,14261376,15378509,(D),20908526,(D),(D),36048760,29194155,(D),31878850,31483619,33243314,34419000,28739423,28262979,31352036,(D),(D),(D),31546365,36045265
 "23104","Fort Worth-Arlington-Grapevine, TX (Metropolitan Division)", ,CAGDP2,92,"...","Private services-providing industries 3/","Thousands of dollars",38670982,40768062,42251357,(D),50163626,(D),(D),57416524,56982545,(D),61691284,66154954,68823855,72345580,77396147,78133938,80290475,(D),(D),(D),104331865,117857562
 "23224","Frederick-Gaithersburg-Rockville, MD (Metropolitan Division)", ,CAGDP2,1,"...","All industry total ","Thousands of dollars",52515730,56071405,59243878,64617804,69975383,71640994,73898564,77850881,79941198,85269499,89588255,90600893,90559155,92876066,97621724,103172469,107003908,109279501,109868611,108336788,116429181,123901283
 "23224","Frederick-Gaithersburg-Rockville, MD (Metropolitan Division)", ,CAGDP2,2,"..."," Private industries ","Thousands of dollars",43280363,45938585,48432460,53200417,57821885,59024046,60437299,63552434,64597830,69212952,72692150,73829525,73538540,75256934,79367924,84151619,87109532,88788277,88799143,85928021,93196208,99467009
 "23224","Frederick-Gaithersburg-Rockville, MD (Metropolitan Division)", ,CAGDP2,3,"11","  Agriculture, forestry, fishing and hunting ","Thousands of dollars",(D),41045,(D),71306,81480,85372,89923,89388,(D),(D),(D),114065,112748,(D),(D),54174,78898,(D),(D),130571,125510,97791
 "23224","Frederick-Gaithersburg-Rockville, MD (Metropolitan Division)", ,CAGDP2,6,"21","  Mining, quarrying, and oil and gas extraction ","Thousands of dollars",21832,28538,33048,48960,60072,71829,99618,91571,49663,115298,54127,42484,22471,16648,18398,14720,24310,(D),32059,28584,31903,(D)
 "23224","Frederick-Gaithersburg-Rockville, MD (Metropolitan Division)", ,CAGDP2,10,"22","  Utilities ","Thousands of dollars",(D),183518,(D),259962,68744,228821,512923,378820,323679,481457,407251,342203,379374,453813,633153,528878,(D),(D),1050629,966707,(D),(D)
 "23224","Frederick-Gaithersburg-Rockville, MD (Metropolitan Division)", ,CAGDP2,11,"23","  Construction ","Thousands of dollars",3074757,3200713,3414844,3882429,4073622,4273466,4266184,3980725,3899777,4000557,4199647,4255596,4250455,(D),(D),(D),(D),(D),(D),(D),(D),(D)
 "23224","Frederick-Gaithersburg-Rockville, MD (Metropolitan Division)", ,CAGDP2,12,"31-33","  Manufacturing ","Thousands of dollars",2264085,2411482,2495626,2691979,2664775,3002299,3615776,3526928,3868851,4072888,3954000,3461627,3843513,4142580,4607360,(D),(D),(D),5661108,(D),(D),8006523
 "23224","Frederick-Gaithersburg-Rockville, MD (Metropolitan Division)", ,CAGDP2,13,"321,327-339","   Durable goods manufacturing ","Thousands of dollars",1139833,1347176,1453428,(D),(D),1372432,1468208,1800792,1649176,1444790,1405245,1262439,1268060,1278267,1294767,(D),(D),(D),1574097,(D),(D),1755606
 "23224","Frederick-Gaithersburg-Rockville, MD (Metropolitan Division)", ,CAGDP2,25,"311-316,322-326","   Nondurable goods manufacturing ","Thousands of dollars",1124253,1064306,1042198,(D),(D),1629868,2147568,1726136,2219675,2628098,2548755,2199188,2575453,2864313,3312592,3634147,3761520,3985637,4087012,5225776,5965301,6250917
 "23224","Frederick-Gaithersburg-Rockville, MD (Metropolitan Division)", ,CAGDP2,34,"42","  Wholesale trade ","Thousands of dollars",1826789,1808394,1889523,2107043,2299857,2516773,2749792,2876855,2737680,2967232,3048800,3227461,3173349,3032673,3067517,2725834,2654164,2744646,2866626,2908228,3118866,3215768
 "23224","Frederick-Gaithersburg-Rockville, MD (Metropolitan Division)", ,CAGDP2,35,"44-45","  Retail trade ","Thousands of dollars",3145254,3220938,3380088,3332529,3559256,3499087,3452491,3344578,3177403,3447566,3566061,3824926,4017510,4226062,(D),(D),(D),4826635,4880292,4847243,5618309,6071787
 "23224","Frederick-Gaithersburg-Rockville, MD (Metropolitan Division)", ,CAGDP2,36,"48-49","  Transportation and warehousing ","Thousands of dollars",337449,384910,419509,495248,487808,489088,427430,491920,(D),(D),(D),563535,(D),(D),(D),(D),662472,688694,(D),(D),869683,967349
 "23224","Frederick-Gaithersburg-Rockville, MD (Metropolitan Division)", ,CAGDP2,45,"51","  Information ","Thousands of dollars",3750597,4269427,4345651,5827994,6443208,5342149,3914769,5801497,6523652,8247318,8930257,8370498,7735497,6447188,7147161,(D),7808746,6472481,(D),(D),(D),7729582
 "23224","Frederick-Gaithersburg-Rockville, MD (Metropolitan Division)", ,CAGDP2,50,"52,53","  Finance, insurance, real estate, rental, and leasing ","Thousands of dollars",11479581,12317497,13477072,14449768,16793575,16478829,17874444,18350900,18429024,18884581,19944347,21160364,21320980,22664336,23873401,26040758,26294174,26571217,(D),25078016,25649114,(D)
 "23224","Frederick-Gaithersburg-Rockville, MD (Metropolitan Division)", ,CAGDP2,51,"52","   Finance and insurance ","Thousands of dollars",3329424,3678693,3965694,4157139,4881357,4928275,5325953,4572248,4632675,4705434,4629394,5420482,5025776,(D),(D),(D),(D),(D),(D),(D),(D),(D)
 "23224","Frederick-Gaithersburg-Rockville, MD (Metropolitan Division)", ,CAGDP2,56,"53","   Real estate and rental and leasing ","Thousands of dollars",8150157,8638803,9511378,10292629,11912218,11550554,12548491,13778653,13796349,14179147,15314953,15739882,16295204,(D),(D),(D),(D),(D),18583443,(D),(D),20481214
 "23224","Frederick-Gaithersburg-Rockville, MD (Metropolitan Division)", ,CAGDP2,59,"54,55,56","  Professional and business services ","Thousands of dollars",(D),9769105,(D),11469940,12561107,13647130,14089616,14893381,15026141,15967541,17011450,17239235,(D),17224353,17390375,18009147,18814338,19924847,20493699,19983990,21618947,22759965
 "23224","Frederick-Gaithersburg-Rockville, MD (Metropolitan Division)", ,CAGDP2,60,"54","   Professional, scientific, and technical services ","Thousands of dollars",7609414,8051967,8281627,8760414,9466528,10281800,10537651,11332328,11501800,12117603,12831353,13014409,(D),(D),(D),(D),(D),(D),(D),(D),(D),(D)
 "23224","Frederick-Gaithersburg-Rockville, MD (Metropolitan Division)", ,CAGDP2,64,"55","   Management of companies and enterprises ","Thousands of dollars",(D),131580,(D),836825,954587,1100748,1155021,1155361,1188360,1292749,1584183,1618373,(D),(D),(D),(D),(D),(D),(D),(D),1473023,(D)
 "23224","Frederick-Gaithersburg-Rockville, MD (Metropolitan Division)", ,CAGDP2,65,"56","   Administrative and support and waste management and remediation services ","Thousands of dollars",1562579,1585558,1774884,1872701,2139992,2264582,2396945,2405691,2335981,2557189,2595914,2606454,2642805,2767935,2847387,3025962,3306614,3325268,3306010,3272817,(D),3898462
 "23224","Frederick-Gaithersburg-Rockville, MD (Metropolitan Division)", ,CAGDP2,68,"61,62","  Educational services, health care, and social assistance ","Thousands of dollars",3546522,3816508,4016411,4399443,4629048,4922534,5110193,5526164,5806773,6033422,6304287,6482150,6553539,6781732,7160969,7496804,7732565,(D),8482047,8225268,(D),9487278
 "23224","Frederick-Gaithersburg-Rockville, MD (Metropolitan Division)", ,CAGDP2,69,"61","   Educational services ","Thousands of dollars",385121,428421,480442,541918,554292,605198,636098,678414,740355,797699,830379,868476,861697,928840,966476,1032554,(D),(D),(D),(D),(D),(D)
 "23224","Frederick-Gaithersburg-Rockville, MD (Metropolitan Division)", ,CAGDP2,70,"62","   Health care and social assistance ","Thousands of dollars",3161402,3388088,3535969,3857525,4074756,4317336,4474095,4847750,5066418,5235723,5473908,5613674,5691842,5852892,6194494,6464250,(D),(D),(D),(D),(D),(D)
 "23224","Frederick-Gaithersburg-Rockville, MD (Metropolitan Division)", ,CAGDP2,75,"71,72","  Arts, entertainment, recreation, accommodation, and food services ","Thousands of dollars",2817369,2875084,2840201,2335335,2139986,2383974,2133167,2034931,2054416,2239802,2387363,2463838,2334087,(D),2899202,3146369,(D),3570515,4002820,2585609,3218536,4070519
 "23224","Frederick-Gaithersburg-Rockville, MD (Metropolitan Division)", ,CAGDP2,76,"71","   Arts, entertainment, and recreation ","Thousands of dollars",294470,312814,332650,379212,336674,367635,358058,367464,362046,358683,391452,451342,524494,(D),(D),(D),(D),714162,760431,499217,742117,(D)
 "23224","Frederick-Gaithersburg-Rockville, MD (Metropolitan Division)", ,CAGDP2,79,"72","   Accommodation and food services ","Thousands of dollars",2522898,2562270,2507551,1956123,1803312,2016338,1775109,1667467,1692370,1881118,1995911,2012496,1809593,(D),(D),(D),(D),2856353,3242388,2086392,2476420,(D)
 "23224","Frederick-Gaithersburg-Rockville, MD (Metropolitan Division)", ,CAGDP2,82,"81","  Other services (except government and government enterprises) ","Thousands of dollars",1510806,1611425,1699184,1828481,1959347,2082695,2100973,2164778,2141131,2147250,2199579,2281542,2376725,2562779,2684263,2794623,2932913,3084362,3144248,2908203,3117875,3447728
 "23224","Frederick-Gaithersburg-Rockville, MD (Metropolitan Division)", ,CAGDP2,83,"92","Government and government enterprises ","Thousands of dollars",9235366,10132820,10811419,11417387,12153498,12616947,13461265,14298447,15343369,16056547,16896104,16771368,17020615,17619132,18253800,19020850,19894375,20491224,21069468,22408767,23232973,24434275
 "23224","Frederick-Gaithersburg-Rockville, MD (Metropolitan Division)", ,CAGDP2,87,"11,21","Natural resources and mining ","Thousands of dollars",(D),69583,(D),120266,141552,157200,189541,180958,(D),(D),(D),156550,135220,(D),(D),68893,103208,(D),(D),159155,157413,(D)
 "23224","Frederick-Gaithersburg-Rockville, MD (Metropolitan Division)", ,CAGDP2,88,"42,44-45","Trade ","Thousands of dollars",4972043,5029332,5269611,5439572,5859112,6015860,6202283,6221433,5915083,6414798,6614861,7052387,7190859,7258736,(D),(D),(D),7571281,7746918,7755470,8737175,9287555
 "23224","Frederick-Gaithersburg-Rockville, MD (Metropolitan Division)", ,CAGDP2,89,"22,48-49","Transportation and utilities ","Thousands of dollars",(D),568429,(D),755210,556552,717909,940353,870739,(D),(D),(D),905738,(D),(D),(D),(D),(D),(D),(D),(D),(D),(D)
 "23224","Frederick-Gaithersburg-Rockville, MD (Metropolitan Division)", ,CAGDP2,90,"31-33,51","Manufacturing and information ","Thousands of dollars",6014682,6680909,6841277,8519973,9107984,8344448,7530545,9328426,10392503,12320205,12884257,11832125,11579010,10589768,11754520,12891835,(D),(D),(D),11287057,14460870,15736105
 "23224","Frederick-Gaithersburg-Rockville, MD (Metropolitan Division)", ,CAGDP2,91,"...","Private goods-producing industries 2/","Thousands of dollars",(D),5681778,(D),6694674,6879950,7432966,8071501,7688611,(D),(D),(D),7873773,8229188,8748504,9318073,10094819,11172992,(D),12376821,13091716,13562786,14218910
 "23224","Frederick-Gaithersburg-Rockville, MD (Metropolitan Division)", ,CAGDP2,92,"...","Private services-providing industries 3/","Thousands of dollars",(D),40256807,(D),46505743,50941935,51591080,52365798,55863823,(D),(D),(D),65955751,65309352,66508430,70049851,74056800,75936540,(D),76422322,72836305,79633422,85248098
 "23844","Gary, IN (Metropolitan Division)", ,CAGDP2,1,"...","All industry total ","Thousands of dollars",19073981,19267975,20344197,22113841,23115934,24043020,27693019,27754299,24202936,26240784,28089026,30631859,30354597,32714761,31511349,31523002,32794863,35425784,33744103,30931811,36360434,40709756
 "23844","Gary, IN (Metropolitan Division)", ,CAGDP2,2,"..."," Private industries ","Thousands of dollars",17176327,17333086,18324665,19998960,20938098,21463253,25480221,25511351,21936696,23939006,25800099,28370205,28156104,30325650,29119852,29104171,30253405,32770930,31096765,28248641,33632523,37821679
 "23844","Gary, IN (Metropolitan Division)", ,CAGDP2,3,"11","  Agriculture, forestry, fishing and hunting ","Thousands of dollars",(D),(D),(D),(D),(D),(D),(D),(D),(D),(D),(D),256621,478400,434934,(D),(D),(D),(D),(D),(D),394878,467287
 "23844","Gary, IN (Metropolitan Division)", ,CAGDP2,6,"21","  Mining, quarrying, and oil and gas extraction ","Thousands of dollars",58474,56624,60810,65660,65623,77622,81751,55735,47365,47699,53349,28393,24219,27633,22935,24068,34422,31822,25835,26728,(D),33675
 "23844","Gary, IN (Metropolitan Division)", ,CAGDP2,10,"22","  Utilities ","Thousands of dollars",623005,539442,520257,(D),(D),(D),(D),(D),(D),(D),(D),836307,947271,960501,(D),(D),(D),(D),983139,943082,(D),971036
 "23844","Gary, IN (Metropolitan Division)", ,CAGDP2,11,"23","  Construction ","Thousands of dollars",1142812,1115125,1260201,1357162,1482545,1525197,1601162,1901646,1544625,1485440,1730876,2122794,1976235,1646908,1599221,1718618,1893502,2012316,2092888,1888310,2181120,2337163
 "23844","Gary, IN (Metropolitan Division)", ,CAGDP2,12,"31-33","  Manufacturing ","Thousands of dollars",4900072,4802906,5053413,5749745,5813762,5558342,8801362,8017181,5605864,7213881,8659117,10181540,9436010,11140359,9767618,9112512,9647904,10869515,9047021,6875681,9730863,12010185
 "23844","Gary, IN (Metropolitan Division)", ,CAGDP2,13,"321,327-339","   Durable goods manufacturing ","Thousands of dollars",(D),(D),(D),(D),3807854,(D),(D),5650657,3065198,4181581,4034013,4717816,5323419,5365261,5476050,5305472,4968582,5850770,5229462,4062542,5610199,6934998
 "23844","Gary, IN (Metropolitan Division)", ,CAGDP2,25,"311-316,322-326","   Nondurable goods manufacturing ","Thousands of dollars",(D),(D),(D),(D),2005908,(D),(D),2366524,2540666,3032300,4625104,5463724,4112591,5775098,4291568,3807040,4679322,5018745,3817558,2813138,4120664,5075187
 "23844","Gary, IN (Metropolitan Division)", ,CAGDP2,34,"42","  Wholesale trade ","Thousands of dollars",(D),(D),(D),(D),(D),(D),(D),(D),(D),(D),(D),(D),1526541,1580728,1626818,1611077,1671537,1774545,1803476,1656120,1723373,2013789
 "23844","Gary, IN (Metropolitan Division)", ,CAGDP2,35,"44-45","  Retail trade ","Thousands of dollars",1403566,1420697,1531993,1610737,1749185,1859266,1880651,1870245,1848815,1940575,1903861,1868574,1891055,1908814,1990535,2082371,2085111,2168501,2183819,2343949,2715457,2932595
 "23844","Gary, IN (Metropolitan Division)", ,CAGDP2,36,"48-49","  Transportation and warehousing ","Thousands of dollars",(D),(D),(D),(D),(D),(D),(D),(D),(D),(D),(D),1276830,1239975,1345240,(D),(D),(D),(D),(D),(D),1866991,2053883
 "23844","Gary, IN (Metropolitan Division)", ,CAGDP2,45,"51","  Information ","Thousands of dollars",(D),(D),(D),(D),(D),(D),(D),(D),(D),(D),(D),(D),(D),(D),(D),(D),(D),(D),(D),(D),(D),(D)
 "23844","Gary, IN (Metropolitan Division)", ,CAGDP2,50,"52,53","  Finance, insurance, real estate, rental, and leasing ","Thousands of dollars",2852021,2944155,3114533,3167531,3418950,3494231,3706952,3572959,3330412,3198556,3202710,3377910,3470902,3817345,3853434,3940776,4030057,4463880,4311106,4126659,4281901,4598866
 "23844","Gary, IN (Metropolitan Division)", ,CAGDP2,51,"52","   Finance and insurance ","Thousands of dollars",638239,709230,781874,760170,728113,773136,788950,669236,692897,681680,665028,707476,599128,826069,887306,928233,1057158,1119496,1210026,1108965,1189878,1192517
 "23844","Gary, IN (Metropolitan Division)", ,CAGDP2,56,"53","   Real estate and rental and leasing ","Thousands of dollars",2213782,2234925,2332658,2407360,2690837,2721095,2918001,2903723,2637515,2516876,2537682,2670434,2871774,2991276,2966127,3012543,2972899,3344384,3101080,3017694,3092023,3406349
 "23844","Gary, IN (Metropolitan Division)", ,CAGDP2,59,"54,55,56","  Professional and business services ","Thousands of dollars",1164892,1215250,1272223,1361216,1443902,1429383,1541164,1646394,1510987,1635347,1657361,1765935,1859138,1912580,(D),(D),(D),(D),(D),2179761,(D),2797761
 "23844","Gary, IN (Metropolitan Division)", ,CAGDP2,60,"54","   Professional, scientific, and technical services ","Thousands of dollars",(D),(D),642242,678069,696896,696120,718423,805294,742624,766637,789116,(D),(D),846969,(D),869902,(D),(D),(D),986081,(D),(D)
 "23844","Gary, IN (Metropolitan Division)", ,CAGDP2,64,"55","   Management of companies and enterprises ","Thousands of dollars",(D),138794,130194,153079,176450,172987,211905,194084,190787,210841,199976,(D),257642,284889,306034,(D),(D),(D),(D),296180,(D),(D)
 "23844","Gary, IN (Metropolitan Division)", ,CAGDP2,65,"56","   Administrative and support and waste management and remediation services ","Thousands of dollars",439661,(D),499787,530068,570557,560276,610836,647016,577576,657869,668269,723819,(D),780722,763235,(D),814987,890068,(D),897500,1029855,1171121
 "23844","Gary, IN (Metropolitan Division)", ,CAGDP2,68,"61,62","  Educational services, health care, and social assistance ","Thousands of dollars",(D),(D),(D),1993768,2091417,2250866,2343223,2542401,2681348,2735825,2750744,2860841,2918387,2987015,(D),3283355,3382335,3466669,3629348,3580116,3820661,3957424
 "23844","Gary, IN (Metropolitan Division)", ,CAGDP2,69,"61","   Educational services ","Thousands of dollars",(D),(D),(D),180962,193970,(D),(D),(D),(D),(D),(D),295573,290422,300671,(D),295732,(D),275019,280320,248324,268576,298205
 "23844","Gary, IN (Metropolitan Division)", ,CAGDP2,70,"62","   Health care and social assistance ","Thousands of dollars",(D),(D),(D),1812807,1897447,(D),(D),(D),(D),(D),(D),2565268,2627965,2686344,(D),2987623,(D),3191650,3349028,3331792,3552085,3659219
 "23844","Gary, IN (Metropolitan Division)", ,CAGDP2,75,"71,72","  Arts, entertainment, recreation, accommodation, and food services ","Thousands of dollars",896532,930494,994350,1062802,1062230,1110466,1136418,1206114,1158883,1148656,1152218,1271579,1237351,1361666,1431902,1582943,1656443,1892444,1669502,1378398,1955603,2127696
 "23844","Gary, IN (Metropolitan Division)", ,CAGDP2,76,"71","   Arts, entertainment, and recreation ","Thousands of dollars",(D),(D),(D),562749,556953,565955,596667,654166,(D),564332,(D),(D),(D),(D),(D),(D),(D),(D),(D),(D),(D),(D)
 "23844","Gary, IN (Metropolitan Division)", ,CAGDP2,79,"72","   Accommodation and food services ","Thousands of dollars",(D),(D),(D),500053,505276,544511,539751,551948,(D),584324,(D),(D),(D),(D),(D),(D),(D),(D),(D),(D),(D),(D)
 "23844","Gary, IN (Metropolitan Division)", ,CAGDP2,82,"81","  Other services (except government and government enterprises) ","Thousands of dollars",(D),(D),(D),(D),(D),(D),(D),(D),(D),(D),(D),(D),(D),(D),(D),(D),(D),(D),(D),(D),(D),(D)
 "23844","Gary, IN (Metropolitan Division)", ,CAGDP2,83,"92","Government and government enterprises ","Thousands of dollars",1897655,1934889,2019532,2114881,2177836,2579767,2212799,2242949,2266240,2301778,2288927,2261653,2198494,2389111,2391497,2418831,2541459,2654854,2647339,2683171,2727911,2888076
 "23844","Gary, IN (Metropolitan Division)", ,CAGDP2,87,"11,21","Natural resources and mining ","Thousands of dollars",(D),(D),(D),(D),(D),(D),(D),(D),(D),(D),(D),285015,502619,462567,(D),(D),(D),(D),(D),(D),(D),500962
 "23844","Gary, IN (Metropolitan Division)", ,CAGDP2,88,"42,44-45","Trade ","Thousands of dollars",(D),(D),(D),(D),(D),(D),(D),(D),(D),(D),(D),(D),3417597,3489542,3617353,3693449,3756648,3943046,3987296,4000068,4438830,4946385
 "23844","Gary, IN (Metropolitan Division)", ,CAGDP2,89,"22,48-49","Transportation and utilities ","Thousands of dollars",(D),(D),(D),(D),(D),(D),(D),(D),(D),(D),(D),2113137,2187246,2305741,(D),(D),(D),(D),(D),(D),(D),3024919
 "23844","Gary, IN (Metropolitan Division)", ,CAGDP2,90,"31-33,51","Manufacturing and information ","Thousands of dollars",(D),(D),(D),(D),(D),(D),(D),(D),(D),(D),(D),(D),(D),(D),(D),(D),(D),(D),(D),(D),(D),(D)
 "23844","Gary, IN (Metropolitan Division)", ,CAGDP2,91,"...","Private goods-producing industries 2/","Thousands of dollars",(D),(D),(D),(D),(D),(D),(D),(D),(D),(D),(D),12589349,11914864,13249834,(D),(D),(D),(D),(D),(D),(D),14848310
 "23844","Gary, IN (Metropolitan Division)", ,CAGDP2,92,"...","Private services-providing industries 3/","Thousands of dollars",(D),(D),(D),(D),(D),(D),(D),(D),(D),(D),(D),15780857,16241239,17075816,(D),(D),(D),(D),(D),(D),(D),22973369
 "29404","Lake County-Kenosha County, IL-WI (Metropolitan Division)", ,CAGDP2,1,"...","All industry total ","Thousands of dollars",37073196,38769628,40646178,43596057,45839968,49760158,52347287,51375274,52121779,54303100,55461710,59329411,60192262,63087163,66844042,66963809,68338150,71542215,72808117,72650882,79891946,85633950
 "29404","Lake County-Kenosha County, IL-WI (Metropolitan Division)", ,CAGDP2,2,"..."," Private industries ","Thousands of dollars",32962711,34426064,36086358,38776742,40814140,44543493,46816735,45489773,46021556,47968528,49382533,53286919,54098665,56948077,60600462,60320801,61231574,64578670,65506967,65077881,71883483,77843626
 "29404","Lake County-Kenosha County, IL-WI (Metropolitan Division)", ,CAGDP2,3,"11","  Agriculture, forestry, fishing and hunting ","Thousands of dollars",(D),(D),(D),(D),(D),(D),(D),(D),(D),(D),(D),(D),(D),12832,(D),(D),(D),(D),(D),24683,38090,38455
 "29404","Lake County-Kenosha County, IL-WI (Metropolitan Division)", ,CAGDP2,6,"21","  Mining, quarrying, and oil and gas extraction ","Thousands of dollars",35231,35222,41527,48904,47717,54620,48982,34787,28289,18976,15530,13370,12054,14600,17985,17870,20752,26254,22608,25151,24028,(D)
 "29404","Lake County-Kenosha County, IL-WI (Metropolitan Division)", ,CAGDP2,10,"22","  Utilities ","Thousands of dollars",964732,875848,752405,938042,873475,866698,706535,691656,624154,897262,963292,835724,1023314,1019416,(D),(D),(D),(D),(D),1223967,1445655,(D)
 "29404","Lake County-Kenosha County, IL-WI (Metropolitan Division)", ,CAGDP2,11,"23","  Construction ","Thousands of dollars",1831716,1806764,1983809,2003943,2180507,2345525,2258754,2122606,1677992,1360944,1260276,1222832,1344716,1507163,1952408,2099537,2129535,2075184,2114371,1995423,2078400,2169325
 "29404","Lake County-Kenosha County, IL-WI (Metropolitan Division)", ,CAGDP2,12,"31-33","  Manufacturing ","Thousands of dollars",7700145,7973451,8366617,9188832,9386451,10648783,11096875,9985905,11003736,12580582,12292347,13696681,13513648,14408150,15459660,15233812,14632346,16356443,16860297,16840163,19784805,22187132
 "29404","Lake County-Kenosha County, IL-WI (Metropolitan Division)", ,CAGDP2,13,"321,327-339","   Durable goods manufacturing ","Thousands of dollars",2923836,3116470,3410025,3723692,3900384,4273827,4513826,4354345,4016233,4540585,4362032,4115254,4476899,4461519,4703344,5105851,5083427,5050762,5356268,4746313,4878734,5532362
 "29404","Lake County-Kenosha County, IL-WI (Metropolitan Division)", ,CAGDP2,25,"311-316,322-326","   Nondurable goods manufacturing ","Thousands of dollars",4776309,4856981,4956591,5465140,5486067,6374956,6583049,5631560,6987502,8039997,7930316,9581427,9036748,9946631,10756316,10127961,9548919,11305681,11504028,12093850,14906071,16654770
 "29404","Lake County-Kenosha County, IL-WI (Metropolitan Division)", ,CAGDP2,34,"42","  Wholesale trade ","Thousands of dollars",3555109,3693997,3769358,4127805,4705419,5074273,5725273,5834263,5584738,6076675,6625592,7244544,7073131,(D),(D),(D),(D),(D),(D),7152846,7868487,(D)
 "29404","Lake County-Kenosha County, IL-WI (Metropolitan Division)", ,CAGDP2,35,"44-45","  Retail trade ","Thousands of dollars",3143730,3327097,3460128,3596272,3837647,4269521,4872806,4379440,3879076,3627115,3723793,4038456,4518047,4669016,4982285,5169340,5458259,5543292,5622478,5866202,6604255,7117133
 "29404","Lake County-Kenosha County, IL-WI (Metropolitan Division)", ,CAGDP2,36,"48-49","  Transportation and warehousing ","Thousands of dollars",(D),(D),(D),(D),(D),(D),(D),(D),(D),(D),(D),(D),(D),(D),931362,917320,967614,1037176,1020691,1128833,1305903,1440515
 "29404","Lake County-Kenosha County, IL-WI (Metropolitan Division)", ,CAGDP2,45,"51","  Information ","Thousands of dollars",639611,712994,688832,847597,871112,890484,829024,875003,894003,947067,1064810,1135405,1039378,950953,981167,966558,816919,964815,1367605,1479913,1671091,1724396
 "29404","Lake County-Kenosha County, IL-WI (Metropolitan Division)", ,CAGDP2,50,"52,53","  Finance, insurance, real estate, rental, and leasing ","Thousands of dollars",6841941,7120281,7455769,8040093,8441901,9078913,9451160,9106910,9660408,9319884,9913456,10506037,10765975,11701710,12173931,12435041,13096334,13146590,13007809,12635083,13037187,(D)
 "29404","Lake County-Kenosha County, IL-WI (Metropolitan Division)", ,CAGDP2,51,"52","   Finance and insurance ","Thousands of dollars",2933731,2942526,3095165,3435963,3555934,3995589,3963685,3271081,3573368,3410036,3483326,3959354,3851757,4546037,4902155,4837692,4800394,4994162,5206604,4206981,4394836,4526956
 "29404","Lake County-Kenosha County, IL-WI (Metropolitan Division)", ,CAGDP2,56,"53","   Real estate and rental and leasing ","Thousands of dollars",3908209,4177754,4360604,4604130,4885967,5083324,5487474,5835829,6087040,5909848,6430130,6546684,6914217,7155673,7271776,7597349,8295939,8152428,7801205,8428103,8642351,(D)
 "29404","Lake County-Kenosha County, IL-WI (Metropolitan Division)", ,CAGDP2,59,"54,55,56","  Professional and business services ","Thousands of dollars",3908299,4163737,4601198,4768672,5036146,5480826,5851979,6263619,6365365,6707553,6845355,7392437,7672797,8150339,8779497,8529245,8969514,9918173,9529540,9473025,10201428,10770189
 "29404","Lake County-Kenosha County, IL-WI (Metropolitan Division)", ,CAGDP2,60,"54","   Professional, scientific, and technical services ","Thousands of dollars",2199228,2398795,2357470,2344826,2447151,2680763,2803425,3135874,3410592,3563822,3407642,3755676,3633350,3755739,3835279,3862064,3929206,4645564,4298823,4111292,4440751,4665564
 "29404","Lake County-Kenosha County, IL-WI (Metropolitan Division)", ,CAGDP2,64,"55","   Management of companies and enterprises ","Thousands of dollars",590999,609707,954607,1100503,1174273,1275765,1415203,1491150,1472914,1516680,1747203,1748961,2163644,2128284,2447502,2141013,2263013,2320104,2283171,2384925,2611761,2702508
 "29404","Lake County-Kenosha County, IL-WI (Metropolitan Division)", ,CAGDP2,65,"56","   Administrative and support and waste management and remediation services ","Thousands of dollars",1118071,1155235,1289121,1323343,1414722,1524299,1633351,1636595,1481859,1627052,1690510,1887800,1875803,2266316,2496716,2526168,2777295,2952506,2947546,2976809,3148917,3402117
 "29404","Lake County-Kenosha County, IL-WI (Metropolitan Division)", ,CAGDP2,68,"61,62","  Educational services, health care, and social assistance ","Thousands of dollars",2075767,2268294,2416227,2468428,2561096,2761805,2848669,3067460,3175810,3316088,3412479,3535333,3558451,3596083,3644238,3738953,3825433,4025764,4096699,4004549,4178109,4509332
 "29404","Lake County-Kenosha County, IL-WI (Metropolitan Division)", ,CAGDP2,69,"61","   Educational services ","Thousands of dollars",288939,298552,327135,345190,342047,369926,381559,413801,431480,426420,437347,441521,465053,464717,476894,479486,479700,494311,522158,486921,511504,543848
 "29404","Lake County-Kenosha County, IL-WI (Metropolitan Division)", ,CAGDP2,70,"62","   Health care and social assistance ","Thousands of dollars",1786828,1969742,2089092,2123238,2219049,2391878,2467110,2653660,2744330,2889668,2975132,3093812,3093397,3131367,3167345,3259467,3345733,3531453,3574542,3517628,3666604,3965484
 "29404","Lake County-Kenosha County, IL-WI (Metropolitan Division)", ,CAGDP2,75,"71,72","  Arts, entertainment, recreation, accommodation, and food services ","Thousands of dollars",1079221,1237197,1309487,1405956,1465610,1522619,1623380,1677643,1750929,1838257,1870404,2175290,1993653,2014065,2188749,2264325,2349804,2468864,2665183,2057269,2475300,2887549
 "29404","Lake County-Kenosha County, IL-WI (Metropolitan Division)", ,CAGDP2,76,"71","   Arts, entertainment, and recreation ","Thousands of dollars",512439,597808,643479,700764,725029,737634,759548,787966,788835,829145,796565,957371,949239,921511,984430,1029878,1043023,1133370,1136686,900619,1053440,1227967
 "29404","Lake County-Kenosha County, IL-WI (Metropolitan Division)", ,CAGDP2,79,"72","   Accommodation and food services ","Thousands of dollars",566783,639389,666007,705191,740581,784985,863833,889677,962094,1009113,1073838,1217919,1044414,1092554,1204319,1234448,1306780,1335494,1528497,1156649,1421861,1659582
 "29404","Lake County-Kenosha County, IL-WI (Metropolitan Division)", ,CAGDP2,82,"81","  Other services (except government and government enterprises) ","Thousands of dollars",723725,772798,788849,839583,875016,923220,947776,931691,870972,751024,749880,780931,871265,1006972,1082813,1093699,1148161,1191363,1244786,1170773,1170744,1325000
 "29404","Lake County-Kenosha County, IL-WI (Metropolitan Division)", ,CAGDP2,83,"92","Government and government enterprises ","Thousands of dollars",4110485,4343565,4559820,4819314,5025828,5216665,5530552,5885502,6100224,6334572,6079177,6042492,6093598,6139086,6243580,6643009,7106577,6963545,7301149,7573001,8008463,7790323
 "29404","Lake County-Kenosha County, IL-WI (Metropolitan Division)", ,CAGDP2,87,"11,21","Natural resources and mining ","Thousands of dollars",(D),(D),(D),(D),(D),(D),(D),(D),(D),(D),(D),(D),(D),27431,(D),(D),(D),(D),(D),49834,62118,(D)
 "29404","Lake County-Kenosha County, IL-WI (Metropolitan Division)", ,CAGDP2,88,"42,44-45","Trade ","Thousands of dollars",6698839,7021094,7229485,7724077,8543066,9343794,10598079,10213703,9463814,9703790,10349385,11282999,11591178,(D),(D),(D),(D),(D),(D),13019048,14472743,(D)
 "29404","Lake County-Kenosha County, IL-WI (Metropolitan Division)", ,CAGDP2,89,"22,48-49","Transportation and utilities ","Thousands of dollars",(D),(D),(D),(D),(D),(D),(D),(D),(D),(D),(D),(D),(D),(D),(D),(D),(D),(D),(D),2352800,2751558,(D)
 "29404","Lake County-Kenosha County, IL-WI (Metropolitan Division)", ,CAGDP2,90,"31-33,51","Manufacturing and information ","Thousands of dollars",8339756,8686445,9055449,10036428,10257563,11539266,11925899,10860909,11897739,13527648,13357157,14832086,14553025,15359102,16440827,16200371,15449265,17321258,18227901,18320076,21455896,23911528
 "29404","Lake County-Kenosha County, IL-WI (Metropolitan Division)", ,CAGDP2,91,"...","Private goods-producing industries 2/","Thousands of dollars",(D),(D),(D),(D),(D),(D),(D),(D),(D),(D),(D),(D),(D),15942744,(D),(D),(D),(D),(D),18885421,21925324,(D)
 "29404","Lake County-Kenosha County, IL-WI (Metropolitan Division)", ,CAGDP2,92,"...","Private services-providing industries 3/","Thousands of dollars",(D),(D),(D),(D),(D),(D),(D),(D),(D),(D),(D),(D),(D),41005333,(D),(D),(D),(D),(D),46192460,49958160,(D)
 "31084","Los Angeles-Long Beach-Glendale, CA (Metropolitan Division)", ,CAGDP2,1,"...","All industry total ","Thousands of dollars",388588265,402912466,422751231,444475896,467179943,497988979,518786826,539074844,518967088,537427551,557551527,576831706,600243761,628546369,667257201,687790470,720841757,755372387,795139880,766347705,841764959,913292121
 "31084","Los Angeles-Long Beach-Glendale, CA (Metropolitan Division)", ,CAGDP2,2,"..."," Private industries ","Thousands of dollars",345953661,358299644,376339725,396577758,417567498,446027310,463237762,481002727,461624305,479619525,499403248,518248525,539191675,563562438,598106517,616058509,648261975,678908053,716323809,685892421,759148794,828129334
 "31084","Los Angeles-Long Beach-Glendale, CA (Metropolitan Division)", ,CAGDP2,3,"11","  Agriculture, forestry, fishing and hunting ","Thousands of dollars",245682,281152,413772,324219,326640,384584,288375,282443,224515,196241,208194,276709,214338,211653,226719,202952,202275,212602,160004,193492,207196,307136
 "31084","Los Angeles-Long Beach-Glendale, CA (Metropolitan Division)", ,CAGDP2,6,"21","  Mining, quarrying, and oil and gas extraction ","Thousands of dollars",861345,858469,1071688,1418437,1717161,2329418,2865851,3342935,2337645,2495322,2729891,2782334,2748446,2529220,1527689,1263096,994579,896369,724957,605449,858581,1058742
 "31084","Los Angeles-Long Beach-Glendale, CA (Metropolitan Division)", ,CAGDP2,10,"22","  Utilities ","Thousands of dollars",3007550,3223797,3070859,3105858,3113278,3741496,3853911,3883795,4087653,3663949,3880745,4185323,4181832,4291957,4555180,4790010,5183299,5365028,5420601,6031029,5867408,7020706
 "31084","Los Angeles-Long Beach-Glendale, CA (Metropolitan Division)", ,CAGDP2,11,"23","  Construction ","Thousands of dollars",9422657,9612349,10851779,13940237,15873720,16681162,17796212,14942709,11712724,9018009,10200105,11203030,12981971,14569367,16546111,18472762,21188219,22163315,23776816,23595698,23420228,24714069
 "31084","Los Angeles-Long Beach-Glendale, CA (Metropolitan Division)", ,CAGDP2,12,"31-33","  Manufacturing ","Thousands of dollars",47036435,43030360,46389496,46758611,50909536,52848060,54425461,58020776,53852846,52199298,51872059,51541458,54464143,57583214,60929834,61687854,65244115,73695704,72225603,62204149,73370566,83255600
 "31084","Los Angeles-Long Beach-Glendale, CA (Metropolitan Division)", ,CAGDP2,13,"321,327-339","   Durable goods manufacturing ","Thousands of dollars",25809591,24732558,26021908,26111129,28772427,29207615,30166099,30794300,29923929,28252483,29527055,28300832,30277689,30886000,33283550,35287592,36506220,38700498,37992830,37454243,39275848,42824075
 "31084","Los Angeles-Long Beach-Glendale, CA (Metropolitan Division)", ,CAGDP2,25,"311-316,322-326","   Nondurable goods manufacturing ","Thousands of dollars",21226844,18297802,20367589,20647482,22137109,23640445,24259362,27226476,23928917,23946816,22345005,23240626,24186454,26697213,27646284,26400261,28737895,34995206,34232773,24749906,34094718,40431526
 "31084","Los Angeles-Long Beach-Glendale, CA (Metropolitan Division)", ,CAGDP2,34,"42","  Wholesale trade ","Thousands of dollars",24020691,24188366,25165199,27458496,30009823,32449108,33689072,33833640,30901403,33333927,36721849,37288393,39094645,41946447,45192977,43486525,44843621,47161443,51378592,50032993,54120800,58654264
 "31084","Los Angeles-Long Beach-Glendale, CA (Metropolitan Division)", ,CAGDP2,35,"44-45","  Retail trade ","Thousands of dollars",25245433,26273317,28226680,30323079,32046065,33816763,32880939,30791140,29249844,30329207,30861672,32694784,35025841,36547000,38328055,38937138,40050024,40629993,43309683,44355342,52205350,57412922
 "31084","Los Angeles-Long Beach-Glendale, CA (Metropolitan Division)", ,CAGDP2,36,"48-49","  Transportation and warehousing ","Thousands of dollars",11951041,11997333,12145966,13414587,14018675,16157755,16477376,16404635,15619569,17098229,17843969,17728033,19072014,20855836,23212562,25024524,26210047,28891725,31011269,26090232,32295338,37894092
 "31084","Los Angeles-Long Beach-Glendale, CA (Metropolitan Division)", ,CAGDP2,45,"51","  Information ","Thousands of dollars",47360549,52362086,53332690,57010735,55094446,57742670,62140266,68605641,64905692,73399464,72565333,73809293,80231946,81521256,91284327,97267223,99847281,96491923,105024523,102747086,111083131,118206684
 "31084","Los Angeles-Long Beach-Glendale, CA (Metropolitan Division)", ,CAGDP2,50,"52,53","  Finance, insurance, real estate, rental, and leasing ","Thousands of dollars",75739681,78951436,81156480,81005869,87333208,94393847,98617137,103371740,104322795,108148407,114169667,120580575,122248483,125298106,129464616,131625291,138617498,146297227,150961038,149532341,160896555,172112511
 "31084","Los Angeles-Long Beach-Glendale, CA (Metropolitan Division)", ,CAGDP2,51,"52","   Finance and insurance ","Thousands of dollars",20876920,22913979,24206208,22716667,25006157,28428548,27453045,23058763,24215060,24772091,26626503,30225097,30781391,33455867,35211216,36280027,37524575,38126026,38685078,40732918,47365826,47255983
 "31084","Los Angeles-Long Beach-Glendale, CA (Metropolitan Division)", ,CAGDP2,56,"53","   Real estate and rental and leasing ","Thousands of dollars",54862760,56037457,56950272,58289201,62327051,65965299,71164093,80312977,80107735,83376316,87543163,90355479,91467093,91842238,94253401,95345264,101092923,108171201,112275960,108799423,113530729,124856528
 "31084","Los Angeles-Long Beach-Glendale, CA (Metropolitan Division)", ,CAGDP2,59,"54,55,56","  Professional and business services ","Thousands of dollars",48954419,50540547,53135988,55502959,58524373,62769138,66487575,70275985,64847697,67359155,71118542,73737311,74324950,78170280,82042294,82229060,88598130,93870825,101113519,100807163,113241766,120324748
 "31084","Los Angeles-Long Beach-Glendale, CA (Metropolitan Division)", ,CAGDP2,60,"54","   Professional, scientific, and technical services ","Thousands of dollars",30204635,31218999,33056660,34521293,36783552,39763547,42326600,46615893,43313681,44820191,47125160,48630780,49216686,51522684,54471893,53645076,57854864,61910087,66658911,67152506,74326056,79005196
 "31084","Los Angeles-Long Beach-Glendale, CA (Metropolitan Division)", ,CAGDP2,64,"55","   Management of companies and enterprises ","Thousands of dollars",7349683,7719482,7722724,8041897,8023663,8119569,8160124,7491457,6592935,6794921,7643708,8036973,8311511,8987054,9203880,8995315,9533639,9826977,10318691,10532892,12434534,12725096
 "31084","Los Angeles-Long Beach-Glendale, CA (Metropolitan Division)", ,CAGDP2,65,"56","   Administrative and support and waste management and remediation services ","Thousands of dollars",11400101,11602065,12356604,12939768,13717159,14886021,16000850,16168636,14941081,15744043,16349674,17069558,16796752,17660541,18366520,19588669,21209627,22133761,24135917,23121766,26481176,28594456
 "31084","Los Angeles-Long Beach-Glendale, CA (Metropolitan Division)", ,CAGDP2,68,"61,62","  Educational services, health care, and social assistance ","Thousands of dollars",23274780,25798032,27643316,29769940,30746654,32728676,34012765,37413110,40301663,42098929,44371900,47282049,48373096,49706323,52243657,55744709,58096700,61282325,64666887,66800013,71595571,75701163
 "31084","Los Angeles-Long Beach-Glendale, CA (Metropolitan Division)", ,CAGDP2,69,"61","   Educational services ","Thousands of dollars",3959036,4279391,4698236,5144153,5349941,5839443,6035216,6819172,7662448,8425830,8810978,9207050,9356810,9861761,10093613,10435840,10627473,11417874,11989795,11296084,12107071,13152796
 "31084","Los Angeles-Long Beach-Glendale, CA (Metropolitan Division)", ,CAGDP2,70,"62","   Health care and social assistance ","Thousands of dollars",19315744,21518641,22945080,24625787,25396713,26889234,27977550,30593938,32639215,33673099,35560922,38074999,39016286,39844562,42150044,45308869,47469228,49864450,52677092,55503929,59488500,62548367
 "31084","Los Angeles-Long Beach-Glendale, CA (Metropolitan Division)", ,CAGDP2,75,"71,72","  Arts, entertainment, recreation, accommodation, and food services ","Thousands of dollars",18472108,20095199,22887486,25111297,25855992,27344363,26915701,27261953,27173202,28223333,30592999,32241169,32838540,35920734,37536572,40494911,42765875,45550058,49299613,37330794,43277257,52447014
 "31084","Los Angeles-Long Beach-Glendale, CA (Metropolitan Division)", ,CAGDP2,76,"71","   Arts, entertainment, and recreation ","Thousands of dollars",9167108,10014948,12453649,13907180,14217907,14783049,14189181,14635482,14496704,15210141,16946796,18610304,18353037,19542163,18651464,19541006,20326172,22510489,24657441,18230627,18998266,23547922
 "31084","Los Angeles-Long Beach-Glendale, CA (Metropolitan Division)", ,CAGDP2,79,"72","   Accommodation and food services ","Thousands of dollars",9305001,10080251,10433837,11204117,11638085,12561314,12726520,12626471,12676498,13013192,13646203,13630865,14485502,16378570,18885109,20953905,22439703,23039570,24642172,19100166,24278991,28899092
 "31084","Los Angeles-Long Beach-Glendale, CA (Metropolitan Division)", ,CAGDP2,82,"81","  Other services (except government and government enterprises) ","Thousands of dollars",10361290,11087199,10848326,11433434,11997928,12640272,12787121,12572225,12087058,12056057,12266325,12898065,13391429,14411047,15015923,14832453,16420312,16399518,17250703,15566640,16709046,19019681
 "31084","Los Angeles-Long Beach-Glendale, CA (Metropolitan Division)", ,CAGDP2,83,"92","Government and government enterprises ","Thousands of dollars",42634604,44612822,46411506,47898137,49612445,51961669,55549064,58072116,57342783,57808025,58148279,58583181,61052086,64983931,69150685,71731961,72579782,76464334,78816071,80455284,82616166,85162787
 "31084","Los Angeles-Long Beach-Glendale, CA (Metropolitan Division)", ,CAGDP2,87,"11,21","Natural resources and mining ","Thousands of dollars",1107027,1139621,1485460,1742656,2043801,2714002,3154226,3625378,2562160,2691562,2938085,3059043,2962784,2740873,1754407,1466048,1196854,1108971,884961,798941,1065777,1365878
 "31084","Los Angeles-Long Beach-Glendale, CA (Metropolitan Division)", ,CAGDP2,88,"42,44-45","Trade ","Thousands of dollars",49266123,50461684,53391879,57781575,62055888,66265870,66570011,64624780,60151247,63663134,67583520,69983177,74120485,78493446,83521032,82423663,84893645,87791436,94688276,94388336,106326149,116067186
 "31084","Los Angeles-Long Beach-Glendale, CA (Metropolitan Division)", ,CAGDP2,89,"22,48-49","Transportation and utilities ","Thousands of dollars",14958591,15221130,15216825,16520445,17131952,19899251,20331287,20288430,19707222,20762178,21724714,21913356,23253846,25147793,27767742,29814534,31393346,34256752,36431871,32121261,38162746,44914799
 "31084","Los Angeles-Long Beach-Glendale, CA (Metropolitan Division)", ,CAGDP2,90,"31-33,51","Manufacturing and information ","Thousands of dollars",94396984,95392446,99722187,103769346,106003982,110590730,116565727,126626417,118758538,125598762,124437392,125350751,134696090,139104470,152214161,158955077,165091396,170187627,177250126,164951234,184453698,201462285
 "31084","Los Angeles-Long Beach-Glendale, CA (Metropolitan Division)", ,CAGDP2,91,"...","Private goods-producing industries 2/","Thousands of dollars",57566119,53782330,58726735,62441505,68827057,72243223,75375899,76588863,68127729,63908869,65010249,65803531,70408898,74893454,79230352,81626663,87629188,96967990,96887381,86598787,97856571,109335548
 "31084","Los Angeles-Long Beach-Glendale, CA (Metropolitan Division)", ,CAGDP2,92,"...","Private services-providing industries 3/","Thousands of dollars",288387542,304517314,317612989,334136253,348740441,373784087,387861863,404413865,393496576,415710656,434393000,452444995,468782777,488668984,518876164,534431846,560632786,581940063,619436428,599293633,661292222,718793786
 "33124","Miami-Miami Beach-Kendall, FL (Metropolitan Division)", ,CAGDP2,1,"...","All industry total ","Thousands of dollars",82652010,87437164,91033589,98598689,105494851,112625807,116386419,115916644,109584154,114338169,116635387,119490888,126448937,134125165,142337702,149384119,159539066,170148256,175590230,166830874,193948745,219476269
 "33124","Miami-Miami Beach-Kendall, FL (Metropolitan Division)", ,CAGDP2,2,"..."," Private industries ","Thousands of dollars",72668591,76771032,79884452,86613776,93575730,100430189,102569492,101662368,95080162,99885714,102506305,105577822,112269309,119720260,127696267,134376669,144054180,154637147,159935635,149635439,175966086,200564188
 "33124","Miami-Miami Beach-Kendall, FL (Metropolitan Division)", ,CAGDP2,3,"11","  Agriculture, forestry, fishing and hunting ","Thousands of dollars",(D),(D),(D),(D),338064,303244,390534,382181,466476,585780,607747,697286,455359,349107,464968,451949,507648,656530,488251,435996,435900,531226
 "33124","Miami-Miami Beach-Kendall, FL (Metropolitan Division)", ,CAGDP2,6,"21","  Mining, quarrying, and oil and gas extraction ","Thousands of dollars",52137,64211,68469,82171,121448,103948,244870,219598,112028,122708,179674,170722,181355,133086,114954,147619,166655,172298,180717,231471,248103,268359
 "33124","Miami-Miami Beach-Kendall, FL (Metropolitan Division)", ,CAGDP2,10,"22","  Utilities ","Thousands of dollars",986686,827009,823480,908143,896614,1049558,1350780,1438444,1601813,1487902,1462618,1319290,1466894,1475533,1556771,1543646,1426420,1460928,1456318,1510529,1696093,2083079
 "33124","Miami-Miami Beach-Kendall, FL (Metropolitan Division)", ,CAGDP2,11,"23","  Construction ","Thousands of dollars",4060127,4533127,4785254,5971139,7663367,8939684,7997080,6010992,3607552,4536913,5138872,2885092,3489257,4559513,5578318,6949621,7770217,8743154,8324244,7138040,6737974,7647431
 "33124","Miami-Miami Beach-Kendall, FL (Metropolitan Division)", ,CAGDP2,12,"31-33","  Manufacturing ","Thousands of dollars",3658759,3705256,3593736,3849265,4036919,4248767,4342792,3973510,3865486,3714786,3451479,3369195,3601604,4027024,4469381,4552047,4472201,4411000,4612134,4455702,4822482,5669278
 "33124","Miami-Miami Beach-Kendall, FL (Metropolitan Division)", ,CAGDP2,13,"321,327-339","   Durable goods manufacturing ","Thousands of dollars",1936532,1973456,2007543,2186806,2399049,2584970,2734913,2312890,2194358,1968189,1772637,1725530,1841491,2011915,2165107,2342494,2327864,2251847,2402570,2446772,2567254,3015768
 "33124","Miami-Miami Beach-Kendall, FL (Metropolitan Division)", ,CAGDP2,25,"311-316,322-326","   Nondurable goods manufacturing ","Thousands of dollars",1722227,1731800,1586192,1662459,1637870,1663797,1607879,1660619,1671128,1746597,1678842,1643665,1760114,2015110,2304273,2209553,2144338,2159153,2209565,2008930,2255228,2653509
 "33124","Miami-Miami Beach-Kendall, FL (Metropolitan Division)", ,CAGDP2,34,"42","  Wholesale trade ","Thousands of dollars",7031544,6937156,7416481,8404521,9454443,10419781,11175282,11269558,10550697,11392851,11594499,12520445,13335388,14079620,15126151,15583362,16829457,18019269,19452057,19505349,21377802,23187713
 "33124","Miami-Miami Beach-Kendall, FL (Metropolitan Division)", ,CAGDP2,35,"44-45","  Retail trade ","Thousands of dollars",6091095,6116480,6374194,6533257,7295008,7806181,7801866,7683147,7251029,7674113,7925584,8560238,9074323,9539750,10037361,10456369,10978603,11533476,12089172,12543921,14756081,16141659
 "33124","Miami-Miami Beach-Kendall, FL (Metropolitan Division)", ,CAGDP2,36,"48-49","  Transportation and warehousing ","Thousands of dollars",(D),(D),(D),(D),5926344,6691882,6584235,7037132,6854799,7156696,7286877,7348781,8922871,9955823,9731999,9928378,10154819,11707090,11994933,9124584,12839473,17263939
 "33124","Miami-Miami Beach-Kendall, FL (Metropolitan Division)", ,CAGDP2,45,"51","  Information ","Thousands of dollars",6704979,8058320,7689751,8048758,6706738,5832899,5696417,6107604,6547295,6962122,7093112,7091572,7953642,7870315,7983862,8785243,8436071,9344176,9251838,8405334,9537045,10233846
 "33124","Miami-Miami Beach-Kendall, FL (Metropolitan Division)", ,CAGDP2,50,"52,53","  Finance, insurance, real estate, rental, and leasing ","Thousands of dollars",16280915,17517220,18105431,19192478,21764259,23592503,24965106,24424644,21958342,22175120,22086908,24834822,26086605,28206334,30283890,31787242,37085888,39985194,40214511,38230736,45591475,50391042
 "33124","Miami-Miami Beach-Kendall, FL (Metropolitan Division)", ,CAGDP2,51,"52","   Finance and insurance ","Thousands of dollars",5289758,5749011,5540028,5419103,6305666,6901637,6660533,5336666,5464079,5599191,5174647,6641310,7540424,8417070,8986799,8902378,9538128,10067369,10381960,9820974,12298260,13071227
 "33124","Miami-Miami Beach-Kendall, FL (Metropolitan Division)", ,CAGDP2,56,"53","   Real estate and rental and leasing ","Thousands of dollars",10991158,11768209,12565403,13773374,15458592,16690866,18304573,19087978,16494262,16575928,16912261,18193512,18546181,19789264,21297091,22884864,27547760,29917824,29832551,28409761,33293215,37319814
 "33124","Miami-Miami Beach-Kendall, FL (Metropolitan Division)", ,CAGDP2,59,"54,55,56","  Professional and business services ","Thousands of dollars",9857335,10723007,11753330,12614768,13541627,14093415,13809077,13754414,12582895,13086176,13715275,14348598,14883141,15846092,16840540,17460820,18427183,20069446,21301752,21412902,25643768,30434066
 "33124","Miami-Miami Beach-Kendall, FL (Metropolitan Division)", ,CAGDP2,60,"54","   Professional, scientific, and technical services ","Thousands of dollars",5828814,6245375,7070582,8001943,8495815,8996250,8744706,8802110,7918822,8215216,8775000,9323985,9599323,10214789,10958945,11340320,11772722,12930443,13987462,14478797,17320900,20095175
 "33124","Miami-Miami Beach-Kendall, FL (Metropolitan Division)", ,CAGDP2,64,"55","   Management of companies and enterprises ","Thousands of dollars",643796,845246,930902,1017111,1073096,1302621,1372753,1421869,1438382,1414590,1364388,1316441,1508615,1623737,1625903,1661491,1924239,2063164,2142785,2039255,2380594,3203060
 "33124","Miami-Miami Beach-Kendall, FL (Metropolitan Division)", ,CAGDP2,65,"56","   Administrative and support and waste management and remediation services ","Thousands of dollars",3384725,3632386,3751846,3595713,3972716,3794544,3691618,3530435,3225690,3456370,3575887,3708172,3775203,4007566,4255692,4459008,4730221,5075840,5171505,4894850,5942274,7135830
 "33124","Miami-Miami Beach-Kendall, FL (Metropolitan Division)", ,CAGDP2,68,"61,62","  Educational services, health care, and social assistance ","Thousands of dollars",6117171,6382651,6960703,7528191,7807431,8495241,9109977,9969232,10520659,10814206,11246296,11519492,11825262,12159777,13120879,13776709,14232011,14746162,15842025,15272590,17145016,18613460
 "33124","Miami-Miami Beach-Kendall, FL (Metropolitan Division)", ,CAGDP2,69,"61","   Educational services ","Thousands of dollars",1145543,1165528,1284596,1453654,1492446,1630883,1746362,1972983,2085945,2136989,2193876,1990795,1989189,2081418,2154043,2364410,2375894,2480360,2614878,2326062,2501979,2792630
 "33124","Miami-Miami Beach-Kendall, FL (Metropolitan Division)", ,CAGDP2,70,"62","   Health care and social assistance ","Thousands of dollars",4971628,5217123,5676106,6074537,6314985,6864358,7363615,7996249,8434713,8677217,9052419,9528697,9836073,10078360,10966836,11412300,11856117,12265802,13227147,12946528,14643037,15820831
 "33124","Miami-Miami Beach-Kendall, FL (Metropolitan Division)", ,CAGDP2,75,"71,72","  Arts, entertainment, recreation, accommodation, and food services ","Thousands of dollars",3377340,3400465,3816664,4610289,4879940,5412021,5633285,6005524,5871789,6766840,7269514,7431083,7375512,7647338,8333381,8853187,9419484,9454637,10334060,7279855,10608536,12954446
 "33124","Miami-Miami Beach-Kendall, FL (Metropolitan Division)", ,CAGDP2,76,"71","   Arts, entertainment, and recreation ","Thousands of dollars",705279,691985,727198,961067,1058038,1196143,1227170,1349323,1348748,1363445,1433902,1670545,1653137,1773594,1761714,1779239,1977119,1921006,2014711,1663228,1929958,2279793
 "33124","Miami-Miami Beach-Kendall, FL (Metropolitan Division)", ,CAGDP2,79,"72","   Accommodation and food services ","Thousands of dollars",2672061,2708479,3089467,3649222,3821902,4215878,4406115,4656200,4523041,5403395,5835613,5760538,5722374,5873744,6571667,7073948,7442365,7533631,8319349,5616627,8678578,10674652
 "33124","Miami-Miami Beach-Kendall, FL (Metropolitan Division)", ,CAGDP2,82,"81","  Other services (except government and government enterprises) ","Thousands of dollars",2592107,2703384,2668038,2908005,3143527,3441065,3468191,3386391,3289304,3409503,3447851,3481206,3618097,3870949,4053813,4100478,4147523,4333788,4393621,4088429,4526338,5144644
 "33124","Miami-Miami Beach-Kendall, FL (Metropolitan Division)", ,CAGDP2,83,"92","Government and government enterprises ","Thousands of dollars",9983418,10666132,11149137,11984913,11919121,12195617,13816927,14254276,14503991,14452455,14129082,13913066,14179628,14404905,14641435,15007450,15484886,15511110,15654595,17195435,17982659,18912081
 "33124","Miami-Miami Beach-Kendall, FL (Metropolitan Division)", ,CAGDP2,87,"11,21","Natural resources and mining ","Thousands of dollars",(D),(D),(D),(D),459512,407192,635404,601778,578503,708488,787421,868008,636714,482193,579922,599568,674303,828828,668969,667468,684003,799586
 "33124","Miami-Miami Beach-Kendall, FL (Metropolitan Division)", ,CAGDP2,88,"42,44-45","Trade ","Thousands of dollars",13122639,13053636,13790675,14937778,16749451,18225962,18977148,18952705,17801727,19066964,19520083,21080683,22409711,23619370,25163512,26039730,27808061,29552744,31541229,32049270,36133882,39329372
 "33124","Miami-Miami Beach-Kendall, FL (Metropolitan Division)", ,CAGDP2,89,"22,48-49","Transportation and utilities ","Thousands of dollars",(D),(D),(D),(D),6822958,7741439,7935015,8475576,8456611,8644597,8749495,8668071,10389765,11431356,11288770,11472024,11581238,13168018,13451252,10635113,14535566,19347018
 "33124","Miami-Miami Beach-Kendall, FL (Metropolitan Division)", ,CAGDP2,90,"31-33,51","Manufacturing and information ","Thousands of dollars",10363738,11763575,11283487,11898022,10743658,10081666,10039209,10081113,10412781,10676908,10544591,10460768,11555246,11897339,12453243,13337290,12908272,13755176,13863973,12861036,14359527,15903124
 "33124","Miami-Miami Beach-Kendall, FL (Metropolitan Division)", ,CAGDP2,91,"...","Private goods-producing industries 2/","Thousands of dollars",(D),(D),(D),(D),12159798,13595643,12975277,10586280,8051541,8960186,9377771,7122295,7727575,9068730,10627620,12101236,12916721,13982982,13605347,12261210,12244459,14116294
 "33124","Miami-Miami Beach-Kendall, FL (Metropolitan Division)", ,CAGDP2,92,"...","Private services-providing industries 3/","Thousands of dollars",(D),(D),(D),(D),81415932,86834546,89594215,91076089,87028621,90925528,93128533,98455527,104541734,110651530,117068647,122275433,131137459,140654165,146330288,137374229,163721627,186447894
 "33874","Montgomery County-Bucks County-Chester County, PA (Metropolitan Division)", ,CAGDP2,1,"...","All industry total ","Thousands of dollars",88629719,91620142,97631715,104993459,110383473,114930691,122049199,123780167,122991775,126193341,128467093,132739519,138147862,143144407,148485460,153137649,157234901,164323222,167987994,167016836,181596166,194880965
 "33874","Montgomery County-Bucks County-Chester County, PA (Metropolitan Division)", ,CAGDP2,2,"..."," Private industries ","Thousands of dollars",83315873,85961457,91645543,98534954,103597296,107844368,114521689,115947922,115003499,118097997,120525165,124794253,129756492,134699286,139859356,144344359,148387910,155194537,158648261,157696702,172027933,184916898
 "33874","Montgomery County-Bucks County-Chester County, PA (Metropolitan Division)", ,CAGDP2,3,"11","  Agriculture, forestry, fishing and hunting ","Thousands of dollars",156232,136421,137531,236847,242441,108936,164469,133009,227038,122203,96013,(D),453690,485278,503440,755179,588093,618441,566605,697168,518724,339895
 "33874","Montgomery County-Bucks County-Chester County, PA (Metropolitan Division)", ,CAGDP2,6,"21","  Mining, quarrying, and oil and gas extraction ","Thousands of dollars",84924,83358,93068,102743,105982,119981,116708,113479,115396,130833,105474,87737,62370,70671,85665,73320,88612,89776,104354,108852,115903,130720
 "33874","Montgomery County-Bucks County-Chester County, PA (Metropolitan Division)", ,CAGDP2,10,"22","  Utilities ","Thousands of dollars",1159774,1087278,1084774,1113492,1126612,1179281,1260535,1281868,1507542,1551846,1672996,1617958,1658952,1710597,1737124,1877871,1793694,1793823,1765614,1827606,1965434,2124339
 "33874","Montgomery County-Bucks County-Chester County, PA (Metropolitan Division)", ,CAGDP2,11,"23","  Construction ","Thousands of dollars",5126043,5273361,5475279,5474992,5742505,6682520,6592878,5842129,4469476,5118120,5254970,5036492,4897597,5205612,6322184,7027176,7293239,7397198,7782226,7249067,7883512,8385052
 "33874","Montgomery County-Bucks County-Chester County, PA (Metropolitan Division)", ,CAGDP2,12,"31-33","  Manufacturing ","Thousands of dollars",15680087,16084102,17323850,17159359,16642601,16694987,17127481,16623965,16936790,16517220,15586884,(D),16907592,17793962,17837656,18118196,18315906,18600290,18879000,19609713,20542334,23242781
 "33874","Montgomery County-Bucks County-Chester County, PA (Metropolitan Division)", ,CAGDP2,13,"321,327-339","   Durable goods manufacturing ","Thousands of dollars",6107666,5700724,5678316,6170439,6278637,6364504,6299658,6283735,5961644,6091169,6265370,(D),6658647,6494943,6473983,6153407,6304054,6410642,6602989,6260791,6084572,6780035
 "33874","Montgomery County-Bucks County-Chester County, PA (Metropolitan Division)", ,CAGDP2,25,"311-316,322-326","   Nondurable goods manufacturing ","Thousands of dollars",9572421,10383378,11645534,10988920,10363964,10330483,10827823,10340230,10975146,10426051,9321513,9158980,10248945,11299019,11363673,11964789,12011851,12189648,12276011,13348922,14457762,16462746
 "33874","Montgomery County-Bucks County-Chester County, PA (Metropolitan Division)", ,CAGDP2,34,"42","  Wholesale trade ","Thousands of dollars",7519436,7612347,7993634,9112712,9641158,10524145,10925790,11312095,10902713,11875073,12724645,13589807,14075969,14543257,14370314,13623963,13696908,13587799,14026943,14011163,14754641,15797283
 "33874","Montgomery County-Bucks County-Chester County, PA (Metropolitan Division)", ,CAGDP2,35,"44-45","  Retail trade ","Thousands of dollars",6496678,6718170,7333737,7765207,7980817,8163174,8148059,7704538,7900624,8005688,7695632,7567875,8088867,8211841,8494109,8648726,8550601,9169898,9586579,9576055,10611760,11416549
 "33874","Montgomery County-Bucks County-Chester County, PA (Metropolitan Division)", ,CAGDP2,36,"48-49","  Transportation and warehousing ","Thousands of dollars",1341371,1324119,1427809,1574218,1661386,1701188,1622233,1656123,1553467,1656368,1964254,2114178,2174127,2039923,2033386,2199218,2192008,2357109,2523360,2715307,3170932,3538191
 "33874","Montgomery County-Bucks County-Chester County, PA (Metropolitan Division)", ,CAGDP2,45,"51","  Information ","Thousands of dollars",3481376,3554107,3948931,5267398,6002814,5452551,6742418,7977081,7479041,7681994,7576834,7646943,8487073,7917435,8559434,9259853,9536585,10337546,10782258,11170500,12493878,13113747
 "33874","Montgomery County-Bucks County-Chester County, PA (Metropolitan Division)", ,CAGDP2,50,"52,53","  Finance, insurance, real estate, rental, and leasing ","Thousands of dollars",19362432,19781295,21107248,22549433,24107411,25069002,26458319,26060692,26023006,26673581,27755415,29029426,29608971,31503793,32905600,34051331,35851695,38353542,37473817,37617766,40241814,42333821
 "33874","Montgomery County-Bucks County-Chester County, PA (Metropolitan Division)", ,CAGDP2,51,"52","   Finance and insurance ","Thousands of dollars",8611545,8254714,8721710,9239706,9833829,10722485,11195730,9799405,9646093,9186785,9823633,10794674,10673923,11574786,12285098,13124324,13330621,15360963,14900037,14418907,16443465,17308423
 "33874","Montgomery County-Bucks County-Chester County, PA (Metropolitan Division)", ,CAGDP2,56,"53","   Real estate and rental and leasing ","Thousands of dollars",10750887,11526581,12385538,13309726,14273582,14346517,15262589,16261287,16376913,17486796,17931782,18234751,18935048,19929007,20620502,20927007,22521074,22992579,22573779,23198859,23798349,25025398
 "33874","Montgomery County-Bucks County-Chester County, PA (Metropolitan Division)", ,CAGDP2,59,"54,55,56","  Professional and business services ","Thousands of dollars",11985818,12500824,13459196,15101526,16874390,18037373,20597192,21693592,21826895,22363327,23197698,24644315,25086838,26349669,27188896,27989034,29160054,30788595,31911355,31317869,35384318,38058884
 "33874","Montgomery County-Bucks County-Chester County, PA (Metropolitan Division)", ,CAGDP2,60,"54","   Professional, scientific, and technical services ","Thousands of dollars",7907943,8349663,8986302,10254718,11413126,12050890,13370844,14563256,14722686,14863681,15259047,16362154,16622056,17025373,17504679,18318490,18781584,19750657,20801534,20458447,22627716,24438378
 "33874","Montgomery County-Bucks County-Chester County, PA (Metropolitan Division)", ,CAGDP2,64,"55","   Management of companies and enterprises ","Thousands of dollars",1158265,1214359,1426527,1605188,1970733,2206811,3096279,2979963,3185848,3415825,3680305,4139026,4210289,4933046,5074686,4896401,5130067,5400709,5232764,5439785,6696718,6939146
 "33874","Montgomery County-Bucks County-Chester County, PA (Metropolitan Division)", ,CAGDP2,65,"56","   Administrative and support and waste management and remediation services ","Thousands of dollars",2919610,2936803,3046367,3241621,3490531,3779673,4130070,4150372,3918361,4083820,4258346,4143135,4254494,4391250,4609531,4774143,5248403,5637229,5877057,5419636,6059884,6681361
 "33874","Montgomery County-Bucks County-Chester County, PA (Metropolitan Division)", ,CAGDP2,68,"61,62","  Educational services, health care, and social assistance ","Thousands of dollars",6758481,7290143,7681968,8532972,8740734,9280062,9634886,10351497,11037133,11242516,11588901,11876987,12296317,12663620,13256428,13857541,14069715,14589149,15321061,15270646,16439904,17457254
 "33874","Montgomery County-Bucks County-Chester County, PA (Metropolitan Division)", ,CAGDP2,69,"61","   Educational services ","Thousands of dollars",859733,908138,951207,1078467,1137747,1216262,1303528,1395431,1564504,1660459,1653440,1697870,1759875,1764106,1813427,1971483,1967257,2031961,2176800,2169358,2342146,2426486
 "33874","Montgomery County-Bucks County-Chester County, PA (Metropolitan Division)", ,CAGDP2,70,"62","   Health care and social assistance ","Thousands of dollars",5898748,6382005,6730761,7454505,7602987,8063801,8331358,8956066,9472629,9582058,9935461,10179117,10536442,10899514,11443001,11886058,12102458,12557187,13144261,13101289,14097758,15030767
 "33874","Montgomery County-Bucks County-Chester County, PA (Metropolitan Division)", ,CAGDP2,75,"71,72","  Arts, entertainment, recreation, accommodation, and food services ","Thousands of dollars",2160753,2336175,2402532,2303087,2381519,2446000,2699380,2798291,2765730,2924550,3028450,3276525,3386406,3436075,3659381,3809652,3980481,4195500,4518770,3433761,4453214,5060636
 "33874","Montgomery County-Bucks County-Chester County, PA (Metropolitan Division)", ,CAGDP2,76,"71","   Arts, entertainment, and recreation ","Thousands of dollars",533742,569217,601441,541780,559637,574835,745408,824137,810184,889696,951448,1047426,1091369,1095034,1115419,1150134,1199947,1286502,1349795,987077,1338184,1501590
 "33874","Montgomery County-Bucks County-Chester County, PA (Metropolitan Division)", ,CAGDP2,79,"72","   Accommodation and food services ","Thousands of dollars",1627011,1766958,1801091,1761307,1821882,1871165,1953973,1974154,1955546,2034854,2077002,2229098,2295038,2341041,2543962,2659518,2780534,2908998,3168975,2446685,3115031,3559046
 "33874","Montgomery County-Bucks County-Chester County, PA (Metropolitan Division)", ,CAGDP2,82,"81","  Other services (except government and government enterprises) ","Thousands of dollars",2002466,2179756,2175986,2240969,2346927,2385168,2431339,2399562,2258648,2234678,2276998,2500349,2571721,2767553,2905739,3053298,3270320,3315872,3406320,3091229,3451565,3917749
 "33874","Montgomery County-Bucks County-Chester County, PA (Metropolitan Division)", ,CAGDP2,83,"92","Government and government enterprises ","Thousands of dollars",5313845,5658685,5986171,6458505,6786177,7086323,7527510,7832244,7988277,8095344,7941929,7945266,8391370,8445120,8626104,8793290,8846991,9128684,9339733,9320133,9568233,9964067
 "33874","Montgomery County-Bucks County-Chester County, PA (Metropolitan Division)", ,CAGDP2,87,"11,21","Natural resources and mining ","Thousands of dollars",241157,219779,230599,339590,348423,228917,281177,246488,342434,253036,201488,(D),516060,555949,589105,828500,676706,708217,670958,806020,634627,470614
 "33874","Montgomery County-Bucks County-Chester County, PA (Metropolitan Division)", ,CAGDP2,88,"42,44-45","Trade ","Thousands of dollars",14016115,14330518,15327371,16877919,17621975,18687319,19073849,19016634,18803337,19880761,20420276,21157681,22164837,22755099,22864423,22272689,22247508,22757696,23613522,23587218,25366401,27213832
 "33874","Montgomery County-Bucks County-Chester County, PA (Metropolitan Division)", ,CAGDP2,89,"22,48-49","Transportation and utilities ","Thousands of dollars",2501145,2411397,2512583,2687710,2787998,2880469,2882768,2937991,3061009,3208214,3637251,3732136,3833080,3750520,3770509,4077089,3985702,4150932,4288974,4542912,5136365,5662529
 "33874","Montgomery County-Bucks County-Chester County, PA (Metropolitan Division)", ,CAGDP2,90,"31-33,51","Manufacturing and information ","Thousands of dollars",19161464,19638209,21272781,22426756,22645415,22147538,23869899,24601046,24415830,24199214,23163718,(D),25394665,25711397,26397090,27378050,27852491,28937836,29661258,30780213,33036212,36356527
 "33874","Montgomery County-Bucks County-Chester County, PA (Metropolitan Division)", ,CAGDP2,91,"...","Private goods-producing industries 2/","Thousands of dollars",21047287,21577242,23029728,22973940,22733529,23606424,24001536,22712582,21748700,21888376,21043342,20929892,22321248,23555522,24748945,25973872,26285850,26705705,27332184,27664800,29060473,32098447
 "33874","Montgomery County-Bucks County-Chester County, PA (Metropolitan Division)", ,CAGDP2,92,"...","Private services-providing industries 3/","Thousands of dollars",62268586,64384215,68615816,75561014,80863767,84237944,90520152,93235340,93254799,96209620,99481823,103864361,107435243,111143764,115110411,118370487,122102060,128488833,131316077,130031902,142967459,152818451
 "35004","Nassau County-Suffolk County, NY (Metropolitan Division)", ,CAGDP2,1,"...","All industry total ","Thousands of dollars",110169120,114993014,120864238,128856273,133286432,140082354,146469807,151988896,157172379,164643641,166109636,173662546,175231459,180287401,187674732,194193889,199668744,204211918,212729980,212260908,227233259,246475323
 "35004","Nassau County-Suffolk County, NY (Metropolitan Division)", ,CAGDP2,2,"..."," Private industries ","Thousands of dollars",96490055,100644665,105786812,113078480,116599141,122532763,127613995,132061661,136593171,143197703,144542722,151935646,152468871,157187260,164128252,170647560,174821980,179110433,187185889,186579261,200455211,219516631
 "35004","Nassau County-Suffolk County, NY (Metropolitan Division)", ,CAGDP2,3,"11","  Agriculture, forestry, fishing and hunting ","Thousands of dollars",(D),(D),47237,70574,157026,(D),(D),(D),(D),(D),(D),270941,171290,113039,201941,147604,118991,(D),(D),(D),238839,238850
 "35004","Nassau County-Suffolk County, NY (Metropolitan Division)", ,CAGDP2,6,"21","  Mining, quarrying, and oil and gas extraction ","Thousands of dollars",26038,24798,28234,28792,32123,42861,47257,53867,58166,60284,85162,47725,45828,38248,35810,43043,40784,39589,45197,37555,(D),(D)
 "35004","Nassau County-Suffolk County, NY (Metropolitan Division)", ,CAGDP2,10,"22","  Utilities ","Thousands of dollars",1444127,1532415,1601338,1695613,1663681,1760005,1639264,1559884,1493755,1903824,1851018,1841092,1908963,1957989,1946002,2022589,1936681,(D),2029618,(D),(D),2896764
 "35004","Nassau County-Suffolk County, NY (Metropolitan Division)", ,CAGDP2,11,"23","  Construction ","Thousands of dollars",4994234,5346603,5604607,5911447,5903179,6329902,6510081,6724684,6484395,6217989,6141276,6711392,7194202,7659654,8201924,8957216,9468065,10064667,11094132,10344496,11260782,11801114
 "35004","Nassau County-Suffolk County, NY (Metropolitan Division)", ,CAGDP2,12,"31-33","  Manufacturing ","Thousands of dollars",8215510,8855587,8653659,8942432,9083889,9647609,9329030,9594895,10554334,10925592,10326049,10181428,10596829,10964651,11922919,11452271,11636434,(D),(D),11857326,(D),14049351
 "35004","Nassau County-Suffolk County, NY (Metropolitan Division)", ,CAGDP2,13,"321,327-339","   Durable goods manufacturing ","Thousands of dollars",4260172,4197353,4015925,4362895,4558324,(D),(D),(D),(D),5276190,5414442,5340630,5759457,5488035,5578729,5400878,5439492,5379115,5393354,5008018,5019524,5419946
 "35004","Nassau County-Suffolk County, NY (Metropolitan Division)", ,CAGDP2,25,"311-316,322-326","   Nondurable goods manufacturing ","Thousands of dollars",3955339,4658234,4637734,4579537,4525565,(D),(D),(D),(D),5649402,4911607,4840799,4837372,5476617,6344191,6051392,6196943,(D),(D),6849308,(D),8629404
 "35004","Nassau County-Suffolk County, NY (Metropolitan Division)", ,CAGDP2,34,"42","  Wholesale trade ","Thousands of dollars",8001548,8029932,8568203,9265466,9854065,10836332,11701396,11688571,11256600,12311424,12527342,13280939,13484645,13580086,14276135,13661010,13674968,14134524,14528377,13797347,14966461,15758876
 "35004","Nassau County-Suffolk County, NY (Metropolitan Division)", ,CAGDP2,35,"44-45","  Retail trade ","Thousands of dollars",8746489,9188710,9560516,9893597,10024835,10312829,10596553,10361910,10245575,10691851,10995296,11365778,12189749,12756162,13515419,13746248,13959077,14174384,14643523,14322304,16518550,17930935
 "35004","Nassau County-Suffolk County, NY (Metropolitan Division)", ,CAGDP2,36,"48-49","  Transportation and warehousing ","Thousands of dollars",(D),(D),2100492,2375940,2527907,(D),(D),(D),(D),(D),(D),3014958,3207660,3223916,3507389,3554419,3783418,(D),(D),(D),(D),(D)
 "35004","Nassau County-Suffolk County, NY (Metropolitan Division)", ,CAGDP2,45,"51","  Information ","Thousands of dollars",5382551,6173788,5955403,7084021,7387690,6872246,7614691,7107715,8224268,8982842,8534382,9399789,7607984,5819840,5520885,6612923,5696009,4974810,4575840,4707086,4715574,4913417
 "35004","Nassau County-Suffolk County, NY (Metropolitan Division)", ,CAGDP2,50,"52,53","  Finance, insurance, real estate, rental, and leasing ","Thousands of dollars",29580957,29871254,32410270,34786473,35578128,37383628,39050974,40745510,43898916,46184619,46613882,50022777,49024245,52387104,53691143,56729848,58508928,59506002,62640761,67613844,68099461,(D)
 "35004","Nassau County-Suffolk County, NY (Metropolitan Division)", ,CAGDP2,51,"52","   Finance and insurance ","Thousands of dollars",12559387,11590399,12049066,11813011,12890583,13617970,13398441,12445716,16622539,17143342,16497051,18950293,18092314,20217370,21605217,22969196,23355422,23283737,25528557,27745387,28605962,32452674
 "35004","Nassau County-Suffolk County, NY (Metropolitan Division)", ,CAGDP2,56,"53","   Real estate and rental and leasing ","Thousands of dollars",17021570,18280855,20361204,22973463,22687546,23765658,25652534,28299794,27276377,29041277,30116831,31072484,30931931,32169735,32085926,33760652,35153507,36222265,37112205,39868457,39493499,(D)
 "35004","Nassau County-Suffolk County, NY (Metropolitan Division)", ,CAGDP2,59,"54,55,56","  Professional and business services ","Thousands of dollars",11939000,12255548,13095645,13490631,14375529,14959316,15926164,16986788,16193766,16917081,17441290,18033324,18632170,19479557,20393061,21011133,21776101,(D),22955882,(D),(D),26276142
 "35004","Nassau County-Suffolk County, NY (Metropolitan Division)", ,CAGDP2,60,"54","   Professional, scientific, and technical services ","Thousands of dollars",7247189,7547954,7710030,7797640,8326679,8721796,9336759,10208668,9537719,9653811,10427881,10777946,11214737,11886714,12560626,12761242,13033660,13441531,13818391,13224184,14595189,15357373
 "35004","Nassau County-Suffolk County, NY (Metropolitan Division)", ,CAGDP2,64,"55","   Management of companies and enterprises ","Thousands of dollars",1547582,1506053,1917444,1922672,1948578,2017858,2121383,2086213,2091725,2347050,1848735,1957172,2064937,2217958,2314118,2480429,2750096,(D),2237264,(D),(D),2548482
 "35004","Nassau County-Suffolk County, NY (Metropolitan Division)", ,CAGDP2,65,"56","   Administrative and support and waste management and remediation services ","Thousands of dollars",3144229,3201541,3468171,3770320,4100271,4219662,4468021,4691907,4564322,4916221,5164674,5298206,5352496,5374886,5518318,5769462,5992346,6456788,6900227,6707131,7730027,8370287
 "35004","Nassau County-Suffolk County, NY (Metropolitan Division)", ,CAGDP2,68,"61,62","  Educational services, health care, and social assistance ","Thousands of dollars",10005261,10681353,11497093,12348523,12688940,13679810,14400456,15766040,16765757,17535326,18149241,18515697,18795278,19203395,20448592,21855871,22887957,24277452,25563447,25166606,27006175,28940087
 "35004","Nassau County-Suffolk County, NY (Metropolitan Division)", ,CAGDP2,69,"61","   Educational services ","Thousands of dollars",1145403,1182032,1341054,1482254,1493271,1582713,1718484,1828280,1981987,2056780,2065961,2129926,2084413,2113259,2167043,2248052,2195887,2256900,2312783,2094909,2225752,2346678
 "35004","Nassau County-Suffolk County, NY (Metropolitan Division)", ,CAGDP2,70,"62","   Health care and social assistance ","Thousands of dollars",8859858,9499321,10156039,10866269,11195669,12097097,12681971,13937759,14783769,15478546,16083280,16385771,16710865,17090136,18281548,19607819,20692069,22020552,23250664,23071697,24780423,26593409
 "35004","Nassau County-Suffolk County, NY (Metropolitan Division)", ,CAGDP2,75,"71,72","  Arts, entertainment, recreation, accommodation, and food services ","Thousands of dollars",3436416,3762075,3795175,4213599,4221616,4439191,4687371,4771602,4788040,5054743,5333590,5660460,5955319,6189426,6452172,6722456,7064561,7377514,7600935,5891719,7878230,9242559
 "35004","Nassau County-Suffolk County, NY (Metropolitan Division)", ,CAGDP2,76,"71","   Arts, entertainment, and recreation ","Thousands of dollars",1049481,1179959,1137216,1430018,1428881,1482003,1606084,1605092,1635828,1733090,1814223,1850428,1920484,2054286,1984165,1913170,1954993,1997838,2122994,1681982,2185823,2737580
 "35004","Nassau County-Suffolk County, NY (Metropolitan Division)", ,CAGDP2,79,"72","   Accommodation and food services ","Thousands of dollars",2386935,2582116,2657959,2783581,2792736,2957188,3081287,3166511,3152213,3321653,3519367,3810031,4034835,4135140,4468007,4809287,5109568,5379676,5477941,4209737,5692407,6504980
 "35004","Nassau County-Suffolk County, NY (Metropolitan Division)", ,CAGDP2,82,"81","  Other services (except government and government enterprises) ","Thousands of dollars",2602650,2808158,2868939,2971372,3100533,3253778,3368689,3406771,3374109,3421614,3486181,3589346,3654710,3814193,4014859,4130929,4270005,4555003,4598619,4243028,4695092,5131570
 "35004","Nassau County-Suffolk County, NY (Metropolitan Division)", ,CAGDP2,83,"92","Government and government enterprises ","Thousands of dollars",13679065,14348349,15077426,15777793,16687291,17549591,18855812,19927235,20579208,21445938,21566914,21726900,22762588,23100141,23546481,23546329,24846764,25101485,25544091,25681647,26778048,26958692
 "35004","Nassau County-Suffolk County, NY (Metropolitan Division)", ,CAGDP2,87,"11,21","Natural resources and mining ","Thousands of dollars",(D),(D),75471,99366,189149,(D),(D),(D),(D),(D),(D),318666,217118,151287,237751,190647,159775,(D),(D),(D),(D),(D)
 "35004","Nassau County-Suffolk County, NY (Metropolitan Division)", ,CAGDP2,88,"42,44-45","Trade ","Thousands of dollars",16748037,17218642,18128720,19159063,19878899,21149161,22297949,22050481,21502175,23003276,23522639,24646716,25674393,26336247,27791554,27407258,27634045,28308909,29171900,28119651,31485010,33689811
 "35004","Nassau County-Suffolk County, NY (Metropolitan Division)", ,CAGDP2,89,"22,48-49","Transportation and utilities ","Thousands of dollars",(D),(D),3701830,4071553,4191588,(D),(D),(D),(D),(D),(D),4856049,5116623,5181905,5453390,5577008,5720099,(D),(D),(D),(D),(D)
 "35004","Nassau County-Suffolk County, NY (Metropolitan Division)", ,CAGDP2,90,"31-33,51","Manufacturing and information ","Thousands of dollars",13598061,15029375,14609062,16026453,16471579,16519855,16943722,16702610,18778602,19908434,18860431,19581217,18204812,16784491,17443804,18065194,17332443,(D),(D),16564412,(D),18962768
 "35004","Nassau County-Suffolk County, NY (Metropolitan Division)", ,CAGDP2,91,"...","Private goods-producing industries 2/","Thousands of dollars",(D),(D),14333736,14953245,15176217,(D),(D),(D),(D),(D),(D),17211487,18008149,18775593,20362595,20600133,21264275,(D),(D),(D),(D),(D)
 "35004","Nassau County-Suffolk County, NY (Metropolitan Division)", ,CAGDP2,92,"...","Private services-providing industries 3/","Thousands of dollars",(D),(D),91453075,98125236,101422924,(D),(D),(D),(D),(D),(D),134724159,134460722,138411667,143765657,150047426,153557705,(D),(D),(D),(D),(D)
 "35084","Newark, NJ-PA (Metropolitan Division)", ,CAGDP2,1,"...","All industry total ","Thousands of dollars",108331654,110383982,113769319,117182528,120625271,125801983,128082959,133065157,131802453,136201312,138024003,144456462,148755614,147804058,153073181,156350168,158106417,166278283,171012378,164859253,179219369,197955042
 "35084","Newark, NJ-PA (Metropolitan Division)", ,CAGDP2,2,"..."," Private industries ","Thousands of dollars",97751084,99091238,101838300,104509462,107260853,112037810,113495531,117980369,116213576,120463111,122475666,128836308,132489583,131193102,136397024,139831005,141056659,148691851,152847208,146670116,160663252,178553378
 "35084","Newark, NJ-PA (Metropolitan Division)", ,CAGDP2,3,"11","  Agriculture, forestry, fishing and hunting ","Thousands of dollars",(D),101979,(D),69995,(D),57816,66223,72171,81308,78185,(D),87839,103936,96166,58103,70484,(D),(D),(D),(D),74726,97699
 "35084","Newark, NJ-PA (Metropolitan Division)", ,CAGDP2,6,"21","  Mining, quarrying, and oil and gas extraction ","Thousands of dollars",81643,19544,21090,23816,26074,25073,34908,24377,47349,33538,(D),34311,51596,43331,61915,112203,64619,(D),106894,75421,(D),99235
 "35084","Newark, NJ-PA (Metropolitan Division)", ,CAGDP2,10,"22","  Utilities ","Thousands of dollars",(D),(D),(D),1374179,(D),1285463,1359351,(D),1965291,1753684,1739200,1584968,1947764,(D),2623814,2220046,(D),2406885,(D),(D),(D),(D)
 "35084","Newark, NJ-PA (Metropolitan Division)", ,CAGDP2,11,"23","  Construction ","Thousands of dollars",4053776,4231761,4238903,4592885,4840196,5183467,5310110,4975539,4293158,3749733,3601308,4040640,4374976,(D),(D),(D),(D),5379528,(D),(D),(D),(D)
 "35084","Newark, NJ-PA (Metropolitan Division)", ,CAGDP2,12,"31-33","  Manufacturing ","Thousands of dollars",18712474,16820220,17368173,15851806,15311006,15607355,15231056,15484780,14840020,15996065,(D),14913101,15067939,(D),(D),(D),14249358,17694982,(D),(D),(D),(D)
 "35084","Newark, NJ-PA (Metropolitan Division)", ,CAGDP2,13,"321,327-339","   Durable goods manufacturing ","Thousands of dollars",(D),(D),(D),3504804,(D),(D),3808128,3952588,(D),3640303,(D),3558194,(D),(D),4023578,(D),(D),(D),(D),(D),(D),(D)
 "35084","Newark, NJ-PA (Metropolitan Division)", ,CAGDP2,25,"311-316,322-326","   Nondurable goods manufacturing ","Thousands of dollars",(D),(D),(D),12347002,(D),(D),11422928,11532192,(D),12355762,11982457,11354907,(D),(D),(D),(D),(D),(D),(D),(D),10819818,(D)
 "35084","Newark, NJ-PA (Metropolitan Division)", ,CAGDP2,34,"42","  Wholesale trade ","Thousands of dollars",8244199,8238182,8662193,9169972,9627131,9974881,10249909,10374979,9823846,10173337,10597465,11458153,11431684,11209629,11340743,10642132,10349942,(D),11333082,(D),(D),12378802
 "35084","Newark, NJ-PA (Metropolitan Division)", ,CAGDP2,35,"44-45","  Retail trade ","Thousands of dollars",5853793,6101591,6597473,6607810,6730907,6936136,6953281,6851231,6827119,7280829,7436417,7249176,7289641,7238347,7369369,7761535,8021559,8197883,8483170,8983149,9979046,10015278
 "35084","Newark, NJ-PA (Metropolitan Division)", ,CAGDP2,36,"48-49","  Transportation and warehousing ","Thousands of dollars",(D),4297128,4625011,5119292,5589327,5914213,5670473,6152049,6137155,7281578,7598340,7093459,7713386,8006282,8913764,9732287,9899271,10199196,10820165,6666575,9634401,13410949
 "35084","Newark, NJ-PA (Metropolitan Division)", ,CAGDP2,45,"51","  Information ","Thousands of dollars",4526183,4914757,4826390,5099917,5124380,5577438,5699828,5657468,5416580,5108508,5247172,5941492,6119293,5401912,5414352,5261388,4750333,4852939,4849361,5113037,5900519,6603951
 "35084","Newark, NJ-PA (Metropolitan Division)", ,CAGDP2,50,"52,53","  Finance, insurance, real estate, rental, and leasing ","Thousands of dollars",23318492,24217295,24725121,25836238,26673760,27352129,27065042,28286117,28673530,30047414,30526128,33650124,34097343,32465681,33565062,35075843,34672121,35852942,35963562,38034988,40572625,(D)
 "35084","Newark, NJ-PA (Metropolitan Division)", ,CAGDP2,51,"52","   Finance and insurance ","Thousands of dollars",8145188,8397483,7785502,8356482,9710001,10169537,8497876,8253350,8711882,9449456,9530429,12414031,12035006,10087384,11590838,11956832,11632040,12235373,11990536,13791743,14732107,15395362
 "35084","Newark, NJ-PA (Metropolitan Division)", ,CAGDP2,56,"53","   Real estate and rental and leasing ","Thousands of dollars",15173304,15819812,16939619,17479756,16963759,17182592,18567167,20032767,19961648,20597958,20995699,21236093,22062337,22378297,21974225,23119011,23040082,23617568,23973026,24243245,25840518,(D)
 "35084","Newark, NJ-PA (Metropolitan Division)", ,CAGDP2,59,"54,55,56","  Professional and business services ","Thousands of dollars",(D),(D),(D),17347858,(D),19401693,20395251,(D),21477755,21856437,22252289,24036616,24914586,(D),27840538,27594469,29980481,(D),33342937,(D),(D),38576603
 "35084","Newark, NJ-PA (Metropolitan Division)", ,CAGDP2,60,"54","   Professional, scientific, and technical services ","Thousands of dollars",9548600,10398017,10350270,10536920,11242789,11377220,12208669,13665771,13070773,13215607,13823265,14929369,15152859,(D),17925590,17822864,18212571,19105849,20533629,21517730,22971772,25010741
 "35084","Newark, NJ-PA (Metropolitan Division)", ,CAGDP2,64,"55","   Management of companies and enterprises ","Thousands of dollars",(D),(D),(D),(D),2755451,(D),(D),(D),(D),4006761,3832161,4353498,5056187,(D),5080575,4792680,6105781,5753629,6548050,6876948,6284760,6557598
 "35084","Newark, NJ-PA (Metropolitan Division)", ,CAGDP2,65,"56","   Administrative and support and waste management and remediation services ","Thousands of dollars",(D),(D),(D),(D),(D),(D),(D),(D),(D),4634069,4596862,4753749,4705540,4880962,4834373,4978925,5662129,(D),6261258,(D),(D),7008264
 "35084","Newark, NJ-PA (Metropolitan Division)", ,CAGDP2,68,"61,62","  Educational services, health care, and social assistance ","Thousands of dollars",6956181,7502934,7831540,8294118,8675585,9167841,9645581,10423372,10844905,11055796,11321425,11821577,12036184,12101034,12650219,12951699,13165977,13699854,14517647,13521367,14473464,15679208
 "35084","Newark, NJ-PA (Metropolitan Division)", ,CAGDP2,69,"61","   Educational services ","Thousands of dollars",829750,865873,955527,985425,987033,1059476,1134683,1234114,1388858,1436001,1507806,1574260,1608211,1536887,1594381,1690107,1687738,1703652,1802422,1638556,1804169,1934508
 "35084","Newark, NJ-PA (Metropolitan Division)", ,CAGDP2,70,"62","   Health care and social assistance ","Thousands of dollars",6126431,6637061,6876013,7308694,7688552,8108364,8510898,9189258,9456047,9619795,9813619,10247317,10427973,10564147,11055838,11261592,11478240,11996202,12715225,11882811,12669296,13744700
 "35084","Newark, NJ-PA (Metropolitan Division)", ,CAGDP2,75,"71,72","  Arts, entertainment, recreation, accommodation, and food services ","Thousands of dollars",2484011,2638098,2553342,2499720,2624823,2799465,3082348,3244745,3113195,3391604,3711058,4092683,4377323,4459678,4636870,4978480,5115750,5620865,5496758,3747801,5048037,6127909
 "35084","Newark, NJ-PA (Metropolitan Division)", ,CAGDP2,76,"71","   Arts, entertainment, and recreation ","Thousands of dollars",474644,519274,538176,646317,714012,706213,819718,939780,1049940,1220076,1202221,1303461,1336702,1348452,1334675,1526859,1473697,1645895,1601352,1108591,1390985,1699116
 "35084","Newark, NJ-PA (Metropolitan Division)", ,CAGDP2,79,"72","   Accommodation and food services ","Thousands of dollars",2009366,2118824,2015166,1853404,1910811,2093252,2262630,2304965,2063255,2171528,2508838,2789222,3040622,3111226,3302195,3451622,3642053,3974970,3895406,2639210,3657052,4428793
 "35084","Newark, NJ-PA (Metropolitan Division)", ,CAGDP2,82,"81","  Other services (except government and government enterprises) ","Thousands of dollars",2051625,2249656,2351886,2621855,2742916,2754840,2732170,2746504,2672366,2656402,2713631,2832167,2963931,3141048,3225078,3251295,3274659,3465666,3579146,3193687,3505559,4000418
 "35084","Newark, NJ-PA (Metropolitan Division)", ,CAGDP2,83,"92","Government and government enterprises ","Thousands of dollars",10580570,11292743,11931019,12673066,13364418,13764172,14587428,15084788,15588877,15738201,15548337,15620155,16266031,16610956,16676157,16519164,17049759,17586432,18165170,18189137,18556117,19401664
 "35084","Newark, NJ-PA (Metropolitan Division)", ,CAGDP2,87,"11,21","Natural resources and mining ","Thousands of dollars",(D),121523,(D),93811,(D),82890,101131,96548,128656,111723,(D),122150,155532,139498,120018,182687,(D),(D),(D),(D),(D),196934
 "35084","Newark, NJ-PA (Metropolitan Division)", ,CAGDP2,88,"42,44-45","Trade ","Thousands of dollars",14097992,14339773,15259665,15777782,16358039,16911016,17203189,17226210,16650965,17454166,18033882,18707329,18721325,18447975,18710112,18403667,18371501,(D),19816252,(D),(D),22394080
 "35084","Newark, NJ-PA (Metropolitan Division)", ,CAGDP2,89,"22,48-49","Transportation and utilities ","Thousands of dollars",(D),(D),(D),6493470,(D),7199675,7029824,(D),8102446,9035262,9337541,8678428,9661150,(D),11537579,11952333,(D),12606080,(D),(D),(D),(D)
 "35084","Newark, NJ-PA (Metropolitan Division)", ,CAGDP2,90,"31-33,51","Manufacturing and information ","Thousands of dollars",23238657,21734978,22194562,20951723,20435386,21184793,20930884,21142249,20256600,21104573,(D),20854593,21187232,(D),(D),(D),18999691,22547921,(D),(D),(D),(D)
 "35084","Newark, NJ-PA (Metropolitan Division)", ,CAGDP2,91,"...","Private goods-producing industries 2/","Thousands of dollars",(D),21173504,(D),20538503,(D),20873712,20642296,20556867,19261834,19857521,19332539,19075892,19598448,20172825,18817214,20361830,(D),(D),(D),(D),(D),24006975
 "35084","Newark, NJ-PA (Metropolitan Division)", ,CAGDP2,92,"...","Private services-providing industries 3/","Thousands of dollars",(D),77917734,(D),83970959,(D),91164099,92853234,97423502,96951742,100605590,103143126,109760416,112891135,111020277,117579810,119469175,(D),(D),(D),(D),(D),154546403
 "35154","New Brunswick-Lakewood, NJ (Metropolitan Division)", ,CAGDP2,1,"...","All industry total ","Thousands of dollars",92774366,96718340,100969030,105159554,110906155,117622428,125092261,129057194,124952408,126136543,126127781,131922794,138932592,143036590,150186787,155248466,157603420,164869599,169190230,169252082,185556209,201680518
 "35154","New Brunswick-Lakewood, NJ (Metropolitan Division)", ,CAGDP2,2,"..."," Private industries ","Thousands of dollars",83528979,87010229,90655460,94241575,99461254,105845942,112629805,115966501,111465342,112578976,113339134,119269145,125479147,129296616,136217892,141228903,143088850,149823555,153711166,153707337,169684093,185197240
 "35154","New Brunswick-Lakewood, NJ (Metropolitan Division)", ,CAGDP2,3,"11","  Agriculture, forestry, fishing and hunting ","Thousands of dollars",150739,166173,192057,203904,177144,170516,172990,125985,125999,171452,144503,(D),(D),(D),(D),116971,109998,123014,170109,142896,157442,194383
 "35154","New Brunswick-Lakewood, NJ (Metropolitan Division)", ,CAGDP2,6,"21","  Mining, quarrying, and oil and gas extraction ","Thousands of dollars",72331,81489,76043,113783,146141,146248,167918,113222,117591,97965,105888,136061,204855,125874,156049,181083,138888,123350,177412,169355,214052,203599
 "35154","New Brunswick-Lakewood, NJ (Metropolitan Division)", ,CAGDP2,10,"22","  Utilities ","Thousands of dollars",1034062,973552,1073823,1242549,1179533,1170715,1366780,1418553,1759520,1763239,1913259,1878188,1863740,2243239,2254769,2368738,2299373,2311056,2143234,2185292,2463836,2334311
 "35154","New Brunswick-Lakewood, NJ (Metropolitan Division)", ,CAGDP2,11,"23","  Construction ","Thousands of dollars",4639972,4702466,5018845,5403066,5724683,5708868,5525196,4795235,4142696,3733118,3827671,4428911,5248543,5658611,6090062,6215011,6306036,6491653,6894660,6744911,7301643,7751915
 "35154","New Brunswick-Lakewood, NJ (Metropolitan Division)", ,CAGDP2,12,"31-33","  Manufacturing ","Thousands of dollars",11011204,10679309,11491380,11399950,11046615,12881738,14239427,14989305,12753655,12333869,10924895,10582889,11105583,11709107,12705802,14171039,13642047,15324270,14001577,13809324,13532056,14974210
 "35154","New Brunswick-Lakewood, NJ (Metropolitan Division)", ,CAGDP2,13,"321,327-339","   Durable goods manufacturing ","Thousands of dollars",3912945,3635795,3722127,3444346,3130805,3406887,3383466,(D),(D),3550997,3394966,3260105,3435446,3154947,3476725,3661848,3746637,(D),(D),3828799,4060873,4336411
 "35154","New Brunswick-Lakewood, NJ (Metropolitan Division)", ,CAGDP2,25,"311-316,322-326","   Nondurable goods manufacturing ","Thousands of dollars",7098259,7043513,7769253,7955604,7915810,9474851,10855961,(D),(D),8782872,7529928,7322784,7670137,8554160,9229077,10509190,9895410,(D),(D),9980525,9471183,10637799
 "35154","New Brunswick-Lakewood, NJ (Metropolitan Division)", ,CAGDP2,34,"42","  Wholesale trade ","Thousands of dollars",7971084,7752785,8975438,8835380,9202664,9619174,10585670,10857094,10335615,10906398,10956094,11481904,12442518,13342487,14039165,13347340,12769700,13565320,14565768,14535204,14845483,16043296
 "35154","New Brunswick-Lakewood, NJ (Metropolitan Division)", ,CAGDP2,35,"44-45","  Retail trade ","Thousands of dollars",6718517,7085811,7341431,7256930,7473381,7788260,8150387,7949987,7521827,7669500,7776510,7971851,8657375,9007572,9617400,9882995,10455838,10778221,11395180,11369368,13827508,13881188
 "35154","New Brunswick-Lakewood, NJ (Metropolitan Division)", ,CAGDP2,36,"48-49","  Transportation and warehousing ","Thousands of dollars",2054001,2057676,2140529,2425280,2600756,2883962,3047791,3331452,3251837,3310576,3173505,(D),(D),(D),(D),3999450,4604438,5027318,5140530,5087268,6152598,6962230
 "35154","New Brunswick-Lakewood, NJ (Metropolitan Division)", ,CAGDP2,45,"51","  Information ","Thousands of dollars",6020197,6575015,6830156,6813179,6906096,7106973,7962376,8059224,7499867,7287673,6897171,6400523,7443329,7733266,8609377,8934283,8877101,9315864,9590554,10289416,12250366,12878292
 "35154","New Brunswick-Lakewood, NJ (Metropolitan Division)", ,CAGDP2,50,"52,53","  Finance, insurance, real estate, rental, and leasing ","Thousands of dollars",19018853,20680432,20993115,22220995,25016855,26307700,27176212,28162457,28134652,29003328,29205103,32331571,33183954,32272926,33013852,34061287,34105362,34596516,35342262,36952644,39515425,43926193
 "35154","New Brunswick-Lakewood, NJ (Metropolitan Division)", ,CAGDP2,51,"52","   Finance and insurance ","Thousands of dollars",6156380,6583053,5788504,5682602,7015427,7529393,6537700,6155277,6341943,6088475,6217504,8208813,8045758,7039562,7836593,7694399,6847074,7270289,6866938,7370176,7837159,8420991
 "35154","New Brunswick-Lakewood, NJ (Metropolitan Division)", ,CAGDP2,56,"53","   Real estate and rental and leasing ","Thousands of dollars",12862473,14097379,15204611,16538393,18001428,18778307,20638512,22007180,21792709,22914853,22987599,24122758,25138196,25233364,25177259,26366888,27258288,27326228,28475324,29582468,31678266,35505202
 "35154","New Brunswick-Lakewood, NJ (Metropolitan Division)", ,CAGDP2,59,"54,55,56","  Professional and business services ","Thousands of dollars",14458642,14949839,14763339,15722187,16751199,18007221,19621532,20823782,19885719,20025100,21578693,23293369,24030686,25053972,26061193,27192733,28399943,29724230,30499778,30497875,33956868,37613997
 "35154","New Brunswick-Lakewood, NJ (Metropolitan Division)", ,CAGDP2,60,"54","   Professional, scientific, and technical services ","Thousands of dollars",9557100,9411224,9098420,9910563,10348052,11094000,12420727,13245359,12465692,12429315,13234691,14315129,14039161,14641184,15292423,15809093,16365668,17168881,17583540,17592671,19649658,22164587
 "35154","New Brunswick-Lakewood, NJ (Metropolitan Division)", ,CAGDP2,64,"55","   Management of companies and enterprises ","Thousands of dollars",1734539,(D),2168040,2047552,2420351,2634279,2828108,3099464,3240438,3273504,3886115,4220396,4803812,4875436,5115730,5483139,5552698,5992936,6083317,6246616,6522524,7025903
 "35154","New Brunswick-Lakewood, NJ (Metropolitan Division)", ,CAGDP2,65,"56","   Administrative and support and waste management and remediation services ","Thousands of dollars",3167003,(D),3496878,3764073,3982796,4278943,4372697,4478959,4179589,4322281,4457887,4757844,5187713,5537353,5653040,5900501,6481578,6562413,6832921,6658588,7784686,8423507
 "35154","New Brunswick-Lakewood, NJ (Metropolitan Division)", ,CAGDP2,68,"61,62","  Educational services, health care, and social assistance ","Thousands of dollars",6219266,6778488,7216315,7747604,8171195,8709659,9049841,9731226,10347784,10590428,10912467,11211862,11580115,12042557,12779773,13289760,13678275,14363181,15298443,15013205,16610970,18116335
 "35154","New Brunswick-Lakewood, NJ (Metropolitan Division)", ,CAGDP2,69,"61","   Educational services ","Thousands of dollars",609484,653252,701848,771287,795313,880172,963942,1005211,1130736,1160632,1176432,1203655,1224253,1350972,1372511,1446531,1433734,1499602,1587954,1461925,1605205,1704047
 "35154","New Brunswick-Lakewood, NJ (Metropolitan Division)", ,CAGDP2,70,"62","   Health care and social assistance ","Thousands of dollars",5609781,6125236,6514468,6976318,7375882,7829487,8085899,8726015,9217048,9429796,9736035,10008208,10355861,10691585,11407262,11843229,12244541,12863579,13710489,13551280,15005765,16412287
 "35154","New Brunswick-Lakewood, NJ (Metropolitan Division)", ,CAGDP2,75,"71,72","  Arts, entertainment, recreation, accommodation, and food services ","Thousands of dollars",2189924,2380604,2372177,2535188,2592862,2780185,2921273,2958924,2881371,3011522,3216795,3436552,3473597,3711673,3959539,4277216,4384684,4538974,4764609,3557220,4989690,5913880
 "35154","New Brunswick-Lakewood, NJ (Metropolitan Division)", ,CAGDP2,76,"71","   Arts, entertainment, and recreation ","Thousands of dollars",654136,718594,699725,791957,839836,918186,954718,938788,962203,1022415,1056468,1116531,1073084,1193415,1167052,1266331,1251311,1304887,1283875,884173,1292391,1585316
 "35154","New Brunswick-Lakewood, NJ (Metropolitan Division)", ,CAGDP2,79,"72","   Accommodation and food services ","Thousands of dollars",1535789,1662011,1672452,1743231,1753026,1861999,1966555,2020136,1919168,1989108,2160328,2320021,2400513,2518258,2792487,3010885,3133373,3234088,3480734,2673047,3697299,4328564
 "35154","New Brunswick-Lakewood, NJ (Metropolitan Division)", ,CAGDP2,82,"81","  Other services (except government and government enterprises) ","Thousands of dollars",1970186,2146589,2170811,2321579,2472131,2564721,2642412,2650055,2707209,2674808,2706578,2747191,2808123,2947905,3109947,3190999,3317168,3540587,3727050,3353358,3866156,4403411
 "35154","New Brunswick-Lakewood, NJ (Metropolitan Division)", ,CAGDP2,83,"92","Government and government enterprises ","Thousands of dollars",9245387,9708111,10313569,10917979,11444901,11776486,12462456,13090693,13487066,13557567,12788647,12653649,13453445,13739974,13968894,14019562,14514570,15046044,15479065,15544745,15872116,16483278
 "35154","New Brunswick-Lakewood, NJ (Metropolitan Division)", ,CAGDP2,87,"11,21","Natural resources and mining ","Thousands of dollars",223070,247662,268100,317687,323285,316764,340908,239206,243590,269417,250391,(D),(D),(D),(D),298054,248886,246364,347521,312251,371494,397982
 "35154","New Brunswick-Lakewood, NJ (Metropolitan Division)", ,CAGDP2,88,"42,44-45","Trade ","Thousands of dollars",14689601,14838596,16316869,16092309,16676045,17407434,18736057,18807082,17857442,18575898,18732605,19453755,21099893,22350059,23656564,23230335,23225539,24343541,25960948,25904572,28672991,29924484
 "35154","New Brunswick-Lakewood, NJ (Metropolitan Division)", ,CAGDP2,89,"22,48-49","Transportation and utilities ","Thousands of dollars",3088063,3031228,3214352,3667829,3780288,4054678,4414571,4750005,5011357,5073816,5086764,(D),(D),(D),(D),6368187,6903811,7338374,7283763,7272560,8616434,9296540
 "35154","New Brunswick-Lakewood, NJ (Metropolitan Division)", ,CAGDP2,90,"31-33,51","Manufacturing and information ","Thousands of dollars",17031402,17254324,18321536,18213130,17952711,19988710,22201803,23048529,20253522,19621542,17822066,16983412,18548911,19442373,21315178,23105322,22519148,24640134,23592131,24098740,25782422,27852502
 "35154","New Brunswick-Lakewood, NJ (Metropolitan Division)", ,CAGDP2,91,"...","Private goods-producing industries 2/","Thousands of dollars",15874246,15629437,16778325,17120703,17094584,18907370,20105532,20023747,17139940,16336404,15002957,(D),(D),(D),(D),20684104,20196968,22062287,21243758,20866487,21205193,23124107
 "35154","New Brunswick-Lakewood, NJ (Metropolitan Division)", ,CAGDP2,92,"...","Private services-providing industries 3/","Thousands of dollars",67654733,71380792,73877135,77120872,82366670,86938572,92524273,95942755,94325402,96242572,98336177,(D),(D),(D),(D),120544800,122891882,127761268,132467407,132840851,148478900,162073133
 "35614","New York-Jersey City-White Plains, NY-NJ (Metropolitan Division)", ,CAGDP2,1,"...","All industry total ","Thousands of dollars",631107092,631505675,640491263,674514774,719383170,768851959,800274752,779894854,812208745,858677884,883007965,949993010,984541012,1043299059,1092988391,1140414886,1198695720,1277314754,1335889859,1310251100,1422715792,1517097957
 "35614","New York-Jersey City-White Plains, NY-NJ (Metropolitan Division)", ,CAGDP2,2,"..."," Private industries ","Thousands of dollars",575630293,574028614,580681770,610957809,653954436,702411985,729891607,707195798,737191534,781577955,806217690,871939326,901821645,958183024,1005944338,1052428275,1108330365,1172307398,1227715700,1200655914,1310834723,1404016717
 "35614","New York-Jersey City-White Plains, NY-NJ (Metropolitan Division)", ,CAGDP2,3,"11","  Agriculture, forestry, fishing and hunting ","Thousands of dollars",42691,(D),(D),48636,(D),54774,(D),(D),(D),(D),(D),(D),(D),(D),(D),112704,(D),(D),(D),96589,92236,96264
 "35614","New York-Jersey City-White Plains, NY-NJ (Metropolitan Division)", ,CAGDP2,6,"21","  Mining, quarrying, and oil and gas extraction ","Thousands of dollars",98378,(D),104825,123104,150970,169301,167361,183102,172013,123662,102227,112088,132384,114959,123394,145492,108159,101052,132319,136635,(D),149713
 "35614","New York-Jersey City-White Plains, NY-NJ (Metropolitan Division)", ,CAGDP2,10,"22","  Utilities ","Thousands of dollars",(D),(D),(D),(D),(D),(D),(D),7483469,(D),(D),(D),(D),9095204,10043415,(D),9071275,(D),(D),(D),12579255,(D),(D)
 "35614","New York-Jersey City-White Plains, NY-NJ (Metropolitan Division)", ,CAGDP2,11,"23","  Construction ","Thousands of dollars",(D),(D),17570381,18584270,20496549,21768542,25168971,25284489,23732840,21034043,20579928,21194245,23403354,25911159,29865510,32701460,(D),36470469,37195281,33482009,34259239,35940403
 "35614","New York-Jersey City-White Plains, NY-NJ (Metropolitan Division)", ,CAGDP2,12,"31-33","  Manufacturing ","Thousands of dollars",(D),(D),(D),26918582,(D),27658105,(D),28306536,(D),(D),(D),(D),(D),24888378,26086827,25394858,24064784,(D),(D),22370467,(D),25609467
 "35614","New York-Jersey City-White Plains, NY-NJ (Metropolitan Division)", ,CAGDP2,13,"321,327-339","   Durable goods manufacturing ","Thousands of dollars",(D),(D),(D),(D),(D),(D),(D),(D),(D),(D),(D),(D),(D),8319112,8881064,8999625,9505288,(D),(D),9142120,9756400,10616847
 "35614","New York-Jersey City-White Plains, NY-NJ (Metropolitan Division)", ,CAGDP2,25,"311-316,322-326","   Nondurable goods manufacturing ","Thousands of dollars",(D),(D),(D),(D),(D),(D),(D),(D),(D),19362004,17332455,16312319,(D),16569266,17205763,16395234,14559496,(D),(D),13228348,(D),14992620
 "35614","New York-Jersey City-White Plains, NY-NJ (Metropolitan Division)", ,CAGDP2,34,"42","  Wholesale trade ","Thousands of dollars",(D),(D),(D),(D),(D),(D),(D),43936561,41800009,(D),(D),(D),(D),(D),(D),(D),(D),(D),(D),(D),65811428,(D)
 "35614","New York-Jersey City-White Plains, NY-NJ (Metropolitan Division)", ,CAGDP2,35,"44-45","  Retail trade ","Thousands of dollars",25952856,26934934,28184603,29626470,31397547,32041373,32232312,32425938,31794096,33460926,35561454,37160119,40197024,42129952,44154703,46412690,48889430,51126417,53485958,51086451,56887899,60907833
 "35614","New York-Jersey City-White Plains, NY-NJ (Metropolitan Division)", ,CAGDP2,36,"48-49","  Transportation and warehousing ","Thousands of dollars",(D),(D),(D),(D),(D),(D),(D),(D),(D),(D),(D),(D),22678215,23814105,26005063,25378765,26492998,28387971,29663974,23095436,28017649,34513397
 "35614","New York-Jersey City-White Plains, NY-NJ (Metropolitan Division)", ,CAGDP2,45,"51","  Information ","Thousands of dollars",57686809,65166911,63701696,66320310,63716869,62895289,70001696,74067757,77861749,84614540,87138950,88340877,95960363,100805665,108728741,116053686,117317645,131912359,144498512,147513057,156780614,164663313
 "35614","New York-Jersey City-White Plains, NY-NJ (Metropolitan Division)", ,CAGDP2,50,"52,53","  Finance, insurance, real estate, rental, and leasing ","Thousands of dollars",229999900,212626963,210063510,216888151,243087203,272522181,269687298,226569304,264980713,287191462,295696968,341646811,347428890,375216910,385514711,408269895,436405196,452320774,464535191,486784662,533220825,563121409
 "35614","New York-Jersey City-White Plains, NY-NJ (Metropolitan Division)", ,CAGDP2,51,"52","   Finance and insurance ","Thousands of dollars",138554701,120845394,115729969,120433548,143393120,169449427,157705796,108592506,152245683,166951084,170748091,210253538,209688666,232522684,240895901,258808747,276196066,282342578,290847570,310467224,337349467,350935359
 "35614","New York-Jersey City-White Plains, NY-NJ (Metropolitan Division)", ,CAGDP2,56,"53","   Real estate and rental and leasing ","Thousands of dollars",91445198,91781569,94333541,96454603,99694082,103072754,111981502,117976797,112735029,120240378,124948877,131393274,137740225,142694226,144618810,149461148,160209129,169978196,173687621,176317439,195871358,212186050
 "35614","New York-Jersey City-White Plains, NY-NJ (Metropolitan Division)", ,CAGDP2,59,"54,55,56","  Professional and business services ","Thousands of dollars",88314311,90968493,92924601,98789718,108808170,114684275,126485823,133869789,(D),127438254,134328978,140681906,(D),(D),162393119,(D),176060043,184969649,196947053,(D),(D),(D)
 "35614","New York-Jersey City-White Plains, NY-NJ (Metropolitan Division)", ,CAGDP2,60,"54","   Professional, scientific, and technical services ","Thousands of dollars",57243163,58424732,59151300,61923989,69011977,74587992,82311335,90370384,81222546,82280461,88594157,93380739,96155432,(D),109956976,115184774,119706305,124110821,130495972,131061778,142114649,150560655
 "35614","New York-Jersey City-White Plains, NY-NJ (Metropolitan Division)", ,CAGDP2,64,"55","   Management of companies and enterprises ","Thousands of dollars",14745221,16377313,15984538,16948336,18062585,19293713,22051625,21905466,(D),23629561,24501428,24670832,(D),(D),24290448,(D),23870071,(D),25854994,24080824,(D),(D)
 "35614","New York-Jersey City-White Plains, NY-NJ (Metropolitan Division)", ,CAGDP2,65,"56","   Administrative and support and waste management and remediation services ","Thousands of dollars",16325927,16166448,17788764,19917393,21733608,20802571,22122862,21593939,(D),21528232,21233393,22630336,23495520,25436608,28145695,28882502,32483667,(D),40596087,(D),(D),38847522
 "35614","New York-Jersey City-White Plains, NY-NJ (Metropolitan Division)", ,CAGDP2,68,"61,62","  Educational services, health care, and social assistance ","Thousands of dollars",44149940,46681854,50221954,53745714,56047132,59196180,61576895,66280951,70813754,73479317,75460671,78309027,81332040,84566258,88643173,93784879,97938345,103810322,110613037,109335372,117520591,124950603
 "35614","New York-Jersey City-White Plains, NY-NJ (Metropolitan Division)", ,CAGDP2,69,"61","   Educational services ","Thousands of dollars",8071552,8447385,9287929,10260090,10790263,11662968,12304196,13576249,15182041,15994244,16796728,17887972,18532594,19453693,21769368,23240932,23718205,24882698,25664281,24469525,25978795,27829732
 "35614","New York-Jersey City-White Plains, NY-NJ (Metropolitan Division)", ,CAGDP2,70,"62","   Health care and social assistance ","Thousands of dollars",36078388,38234469,40934026,43485624,45256869,47533212,49272699,52704703,55631714,57485073,58663943,60421055,62799446,65112565,66873805,70543947,74220140,78927623,84948757,84865847,91541795,97120871
 "35614","New York-Jersey City-White Plains, NY-NJ (Metropolitan Division)", ,CAGDP2,75,"71,72","  Arts, entertainment, recreation, accommodation, and food services ","Thousands of dollars",20365091,21386276,22215057,25269280,26340602,28873072,30794301,33972750,34622990,36521344,38401488,42350956,(D),(D),46555221,50593014,55034796,62430388,65531275,40407910,54568273,68438776
 "35614","New York-Jersey City-White Plains, NY-NJ (Metropolitan Division)", ,CAGDP2,76,"71","   Arts, entertainment, and recreation ","Thousands of dollars",6627378,6871924,7204043,9281342,9625251,11203594,12275064,14159325,15479084,15918299,15869980,17525359,(D),(D),18306843,20645480,22846438,24933884,25488412,16699232,20792177,27010259
 "35614","New York-Jersey City-White Plains, NY-NJ (Metropolitan Division)", ,CAGDP2,79,"72","   Accommodation and food services ","Thousands of dollars",13737714,14514352,15011014,15987938,16715351,17669477,18519237,19813425,19143906,20603044,22531508,24825598,26962859,26768173,28248378,29947534,32188359,37496504,40042864,23708679,33776097,41428517
 "35614","New York-Jersey City-White Plains, NY-NJ (Metropolitan Division)", ,CAGDP2,82,"81","  Other services (except government and government enterprises) ","Thousands of dollars",12414286,13222577,13425406,13991684,15029802,15806739,16180789,16451755,16249846,16119463,16696215,17883734,18761804,20149306,21234561,21942666,22808899,24087032,25046764,22985178,24346954,26601585
 "35614","New York-Jersey City-White Plains, NY-NJ (Metropolitan Division)", ,CAGDP2,83,"92","Government and government enterprises ","Thousands of dollars",55476799,57477061,59809493,63556965,65428734,66439974,70383144,72699055,75017211,77099929,76790276,78053684,82719367,85116035,87044053,87986611,90365354,105007356,108174160,109595186,111881069,113081240
 "35614","New York-Jersey City-White Plains, NY-NJ (Metropolitan Division)", ,CAGDP2,87,"11,21","Natural resources and mining ","Thousands of dollars",141070,(D),(D),171740,(D),224074,(D),(D),(D),(D),(D),(D),(D),(D),(D),258195,(D),(D),(D),233224,(D),245977
 "35614","New York-Jersey City-White Plains, NY-NJ (Metropolitan Division)", ,CAGDP2,88,"42,44-45","Trade ","Thousands of dollars",(D),(D),(D),(D),(D),(D),(D),76362500,73594104,(D),(D),(D),(D),(D),(D),(D),(D),(D),(D),(D),122699327,(D)
 "35614","New York-Jersey City-White Plains, NY-NJ (Metropolitan Division)", ,CAGDP2,89,"22,48-49","Transportation and utilities ","Thousands of dollars",(D),(D),(D),(D),(D),(D),(D),(D),(D),(D),(D),(D),31773418,33857520,(D),34450040,(D),(D),(D),35674692,(D),(D)
 "35614","New York-Jersey City-White Plains, NY-NJ (Metropolitan Division)", ,CAGDP2,90,"31-33,51","Manufacturing and information ","Thousands of dollars",(D),(D),(D),93238892,(D),90553394,(D),102374293,(D),(D),(D),(D),(D),125694043,134815568,141448545,141382429,(D),(D),169883525,(D),190272780
 "35614","New York-Jersey City-White Plains, NY-NJ (Metropolitan Division)", ,CAGDP2,91,"...","Private goods-producing industries 2/","Thousands of dollars",43547686,44207900,44611195,45674593,46897025,49650722,53344106,(D),51860344,48977960,46249349,45921150,47302921,(D),(D),58354514,59485407,61715080,62009718,56085701,58370030,61795847
 "35614","New York-Jersey City-White Plains, NY-NJ (Metropolitan Division)", ,CAGDP2,92,"...","Private services-providing industries 3/","Thousands of dollars",532082608,529820714,536070575,565283216,607057411,652761263,676547501,(D),685331190,732599995,759968341,826018176,854518724,(D),(D),994073761,1048844958,1110592318,1165705982,1144570213,1252464693,1342220870
 "36084","Oakland-Berkeley-Livermore, CA (Metropolitan Division)", ,CAGDP2,1,"...","All industry total ","Thousands of dollars",111420277,113053741,118937014,125497034,138906677,147285439,151507500,166696167,147928901,149235833,151067328,158089174,163800494,174404873,185257756,188711427,202127171,217161653,225878514,216459018,241660283,263308496
 "36084","Oakland-Berkeley-Livermore, CA (Metropolitan Division)", ,CAGDP2,2,"..."," Private industries ","Thousands of dollars",98997645,99718419,105032693,110826710,123836851,131564774,135185550,150690922,132000810,133190237,134898590,141671919,146362047,155807860,165520460,167929513,181060460,195082596,203223737,193303429,218009245,239154884
 "36084","Oakland-Berkeley-Livermore, CA (Metropolitan Division)", ,CAGDP2,3,"11","  Agriculture, forestry, fishing and hunting ","Thousands of dollars",(D),(D),(D),(D),(D),(D),(D),(D),(D),(D),(D),167377,(D),(D),(D),(D),(D),(D),(D),160723,152863,315748
 "36084","Oakland-Berkeley-Livermore, CA (Metropolitan Division)", ,CAGDP2,6,"21","  Mining, quarrying, and oil and gas extraction ","Thousands of dollars",592312,244121,225799,328327,334409,407742,509034,540119,492473,426313,525400,576166,541712,308975,309745,283984,163332,107521,90758,125310,136109,(D)
 "36084","Oakland-Berkeley-Livermore, CA (Metropolitan Division)", ,CAGDP2,10,"22","  Utilities ","Thousands of dollars",584759,1328913,1354094,1467411,1339278,1354948,1556600,1567104,2029888,2166210,2223590,2562017,2882093,3188537,3303206,2929782,2823151,3380411,3346744,3725133,4051784,(D)
 "36084","Oakland-Berkeley-Livermore, CA (Metropolitan Division)", ,CAGDP2,11,"23","  Construction ","Thousands of dollars",6039966,6020683,6409747,7181035,7989124,8240074,8195173,6990800,6268345,6011235,5886379,6197429,7065200,7375907,8487135,9650050,10880977,11815775,12757268,11618922,12079813,12766766
 "36084","Oakland-Berkeley-Livermore, CA (Metropolitan Division)", ,CAGDP2,12,"31-33","  Manufacturing ","Thousands of dollars",18729484,15669410,18361842,20963067,29810531,32718599,32684921,45968612,30062479,27839959,25334052,26007036,23810989,26010420,24974719,21310461,25420780,30720309,30659051,23688015,32473604,38057555
 "36084","Oakland-Berkeley-Livermore, CA (Metropolitan Division)", ,CAGDP2,13,"321,327-339","   Durable goods manufacturing ","Thousands of dollars",7627698,7347389,7786054,7913813,8331254,8359080,8201391,8076353,7365871,7335403,7416999,7779952,8185224,8499724,9936800,11014846,12950793,13153652,13652939,15297891,17890811,19432255
 "36084","Oakland-Berkeley-Livermore, CA (Metropolitan Division)", ,CAGDP2,25,"311-316,322-326","   Nondurable goods manufacturing ","Thousands of dollars",11101786,8322021,10575788,13049253,21479277,24359518,24483530,37892260,22696608,20504556,17917053,18227084,15625764,17510696,15037920,10295616,12469987,17566657,17006112,8390124,14582793,18625301
 "36084","Oakland-Berkeley-Livermore, CA (Metropolitan Division)", ,CAGDP2,34,"42","  Wholesale trade ","Thousands of dollars",7139540,7001693,7108740,7279356,7773153,8247504,8602446,8700497,7918891,8412631,9221298,9450318,10213730,11205866,12218652,11960241,12199809,12468218,13057549,(D),(D),(D)
 "36084","Oakland-Berkeley-Livermore, CA (Metropolitan Division)", ,CAGDP2,35,"44-45","  Retail trade ","Thousands of dollars",7817596,8076849,8032962,8186993,8319837,8825561,8843332,8437735,7564185,8012633,8003984,8731649,9190726,9719201,10382475,10676432,11154662,11328621,12008191,12008734,14141171,15374675
 "36084","Oakland-Berkeley-Livermore, CA (Metropolitan Division)", ,CAGDP2,36,"48-49","  Transportation and warehousing ","Thousands of dollars",(D),(D),(D),(D),(D),(D),(D),(D),(D),(D),(D),3841052,(D),(D),(D),(D),(D),(D),(D),(D),(D),7756096
 "36084","Oakland-Berkeley-Livermore, CA (Metropolitan Division)", ,CAGDP2,45,"51","  Information ","Thousands of dollars",5570014,6043564,6256219,6913787,6696331,7102876,7889786,7901979,7155405,8101332,8294113,8816861,9899444,10084878,11865020,13203700,14072854,14778394,15737579,14766058,(D),16842676
 "36084","Oakland-Berkeley-Livermore, CA (Metropolitan Division)", ,CAGDP2,50,"52,53","  Finance, insurance, real estate, rental, and leasing ","Thousands of dollars",20327958,21833423,22432186,22207392,24084512,25010228,25577967,26081431,27117222,26470162,27139418,28393382,29802436,32640099,34494584,36126139,39112362,41617945,42876352,44217033,47802052,51798013
 "36084","Oakland-Berkeley-Livermore, CA (Metropolitan Division)", ,CAGDP2,51,"52","   Finance and insurance ","Thousands of dollars",5094687,5843111,6624169,6347637,7091771,7509965,6871491,5806558,6455652,5665046,5902356,6330764,6540122,8426863,9236723,9518540,10541831,10553736,11167628,11582441,12914032,13304040
 "36084","Oakland-Berkeley-Livermore, CA (Metropolitan Division)", ,CAGDP2,56,"53","   Real estate and rental and leasing ","Thousands of dollars",15233271,15990312,15808017,15859755,16992741,17500263,18706476,20274873,20661570,20805117,21237062,22062617,23262314,24213236,25257861,26607599,28570531,31064209,31708725,32634592,34888020,38493973
 "36084","Oakland-Berkeley-Livermore, CA (Metropolitan Division)", ,CAGDP2,59,"54,55,56","  Professional and business services ","Thousands of dollars",14793137,14936367,15133735,16032570,16890255,18360222,20028605,22036271,20686876,21243212,23128529,24603345,25636549,26681603,28209263,28348548,30020011,31933618,33514926,34688375,37567102,40525944
 "36084","Oakland-Berkeley-Livermore, CA (Metropolitan Division)", ,CAGDP2,60,"54","   Professional, scientific, and technical services ","Thousands of dollars",9114181,9484567,9534355,10116740,10699349,11527944,12611069,14402968,13508111,14040991,14940527,15881166,16257296,17245570,18505401,18593047,19442385,20516832,21573379,22367699,24601277,26839651
 "36084","Oakland-Berkeley-Livermore, CA (Metropolitan Division)", ,CAGDP2,64,"55","   Management of companies and enterprises ","Thousands of dollars",2613724,2495375,2586966,2675160,2807806,3185073,3440690,3591951,3490904,3360571,4244869,4574843,5122605,4745295,4749562,4370901,4633328,5082052,5332106,5750001,5896035,6060792
 "36084","Oakland-Berkeley-Livermore, CA (Metropolitan Division)", ,CAGDP2,65,"56","   Administrative and support and waste management and remediation services ","Thousands of dollars",3065232,2956425,3012413,3240670,3383100,3647205,3976845,4041352,3687861,3841651,3943134,4147335,4256648,4690738,4954301,5384600,5944298,6334735,6609442,6570675,7069790,7625500
 "36084","Oakland-Berkeley-Livermore, CA (Metropolitan Division)", ,CAGDP2,68,"61,62","  Educational services, health care, and social assistance ","Thousands of dollars",6735069,7460280,8110348,8568285,8989252,9620056,10130654,11282590,12136580,13676730,13671501,14391005,14823121,15129705,16170482,17134905,17918604,18583260,19703642,20157676,21695146,22805934
 "36084","Oakland-Berkeley-Livermore, CA (Metropolitan Division)", ,CAGDP2,69,"61","   Educational services ","Thousands of dollars",709618,758853,862984,946944,991723,1089769,1137852,1233303,1381175,1433762,1514264,1573692,1605862,1753098,1792977,1914910,1970622,2043104,2160120,1999408,2073848,2224360
 "36084","Oakland-Berkeley-Livermore, CA (Metropolitan Division)", ,CAGDP2,70,"62","   Health care and social assistance ","Thousands of dollars",6025452,6701428,7247365,7621341,7997529,8530287,8992803,10049287,10755405,12242968,12157237,12817314,13217259,13376608,14377506,15219995,15947982,16540156,17543522,18158268,19621298,20581574
 "36084","Oakland-Berkeley-Livermore, CA (Metropolitan Division)", ,CAGDP2,75,"71,72","  Arts, entertainment, recreation, accommodation, and food services ","Thousands of dollars",3264044,3564114,3646776,3514726,3662106,3896883,3908688,4133122,3851556,3923979,4299934,4793345,4884034,5431671,6390886,7017935,7492660,7804460,8337434,5401494,6903282,8072675
 "36084","Oakland-Berkeley-Livermore, CA (Metropolitan Division)", ,CAGDP2,76,"71","   Arts, entertainment, and recreation ","Thousands of dollars",939380,1060586,1095787,1006391,1097397,1049030,1043530,1189544,1178288,1243044,1416732,1593342,1375255,1476740,1839626,2047324,2206377,2236004,2417201,1069179,1463266,1774870
 "36084","Oakland-Berkeley-Livermore, CA (Metropolitan Division)", ,CAGDP2,79,"72","   Accommodation and food services ","Thousands of dollars",2324664,2503528,2550989,2508335,2564709,2847853,2865158,2943578,2673267,2680935,2883202,3200003,3508778,3954932,4551260,4970611,5286283,5568456,5920234,4332315,5440017,6297805
 "36084","Oakland-Berkeley-Livermore, CA (Metropolitan Division)", ,CAGDP2,82,"81","  Other services (except government and government enterprises) ","Thousands of dollars",2978557,3186962,3148165,3293707,3153233,3265892,3250303,3134781,3053883,2984195,3081841,3140937,3332348,3538387,3771302,4014731,4218116,4562450,4762637,4250572,4529455,5052532
 "36084","Oakland-Berkeley-Livermore, CA (Metropolitan Division)", ,CAGDP2,83,"92","Government and government enterprises ","Thousands of dollars",12422632,13335322,13904321,14670324,15069826,15720665,16321950,16005244,15928091,16045596,16168738,16417254,17438448,18597013,19737296,20781914,21066711,22079057,22654777,23155589,23651038,24153612
 "36084","Oakland-Berkeley-Livermore, CA (Metropolitan Division)", ,CAGDP2,87,"11,21","Natural resources and mining ","Thousands of dollars",(D),(D),(D),(D),(D),(D),(D),(D),(D),(D),(D),743544,(D),(D),(D),(D),(D),(D),(D),286033,288972,(D)
 "36084","Oakland-Berkeley-Livermore, CA (Metropolitan Division)", ,CAGDP2,88,"42,44-45","Trade ","Thousands of dollars",14957136,15078543,15141702,15466349,16092991,17073065,17445778,17138232,15483076,16425264,17225282,18181967,19404455,20925067,22601127,22636674,23354471,23796839,25065740,(D),(D),(D)
 "36084","Oakland-Berkeley-Livermore, CA (Metropolitan Division)", ,CAGDP2,89,"22,48-49","Transportation and utilities ","Thousands of dollars",(D),(D),(D),(D),(D),(D),(D),(D),(D),(D),(D),6403069,(D),(D),(D),(D),(D),(D),(D),(D),(D),(D)
 "36084","Oakland-Berkeley-Livermore, CA (Metropolitan Division)", ,CAGDP2,90,"31-33,51","Manufacturing and information ","Thousands of dollars",24299498,21712975,24618061,27876854,36506862,39821475,40574707,53870591,37217884,35941291,33628165,34823897,33710433,36095298,36839740,34514161,39493633,45498702,46396630,38454072,(D),54900231
 "36084","Oakland-Berkeley-Livermore, CA (Metropolitan Division)", ,CAGDP2,91,"...","Private goods-producing industries 2/","Thousands of dollars",(D),(D),(D),(D),(D),(D),(D),(D),(D),(D),(D),32948009,(D),(D),(D),(D),(D),(D),(D),35592970,44842390,(D)
 "36084","Oakland-Berkeley-Livermore, CA (Metropolitan Division)", ,CAGDP2,92,"...","Private services-providing industries 3/","Thousands of dollars",(D),(D),(D),(D),(D),(D),(D),(D),(D),(D),(D),108723911,(D),(D),(D),(D),(D),(D),(D),157710459,173166855,(D)
 "37964","Philadelphia, PA (Metropolitan Division)", ,CAGDP2,1,"...","All industry total ","Thousands of dollars",73191703,75347283,79617183,84423297,87388012,90349810,100291070,109711943,106595739,111142672,113671311,122276364,128347243,132715526,136575490,143330834,142843523,145870318,148796276,141329883,151497223,163972902
 "37964","Philadelphia, PA (Metropolitan Division)", ,CAGDP2,2,"..."," Private industries ","Thousands of dollars",62983680,64541516,68327927,72678748,75328107,77951030,87619111,96615711,93114317,97359101,99940930,108668582,113854461,118010085,121378467,127950176,127168750,129609002,132066247,124351152,134261301,146029538
 "37964","Philadelphia, PA (Metropolitan Division)", ,CAGDP2,3,"11","  Agriculture, forestry, fishing and hunting ","Thousands of dollars",8603,10774,7296,9117,(D),8375,12646,14485,18802,11664,10285,7459,10142,11189,9992,15156,15381,(D),24313,22360,18076,29701
 "37964","Philadelphia, PA (Metropolitan Division)", ,CAGDP2,6,"21","  Mining, quarrying, and oil and gas extraction ","Thousands of dollars",9640,8723,9320,11456,(D),24993,26996,33707,22291,34563,28749,18185,17853,23486,29967,23256,24338,(D),19899,17286,(D),20554
 "37964","Philadelphia, PA (Metropolitan Division)", ,CAGDP2,10,"22","  Utilities ","Thousands of dollars",570073,593073,590010,467371,(D),566396,645179,733591,788508,799159,772790,722283,683131,789852,811605,848329,857232,(D),790605,856031,963961,987941
 "37964","Philadelphia, PA (Metropolitan Division)", ,CAGDP2,11,"23","  Construction ","Thousands of dollars",1727984,1710674,1930592,1910902,2116437,2134461,2246089,2320862,2042282,1938729,2099428,2389967,2465276,2666331,2923515,3207921,3623538,3697127,3770472,3611454,(D),4188333
 "37964","Philadelphia, PA (Metropolitan Division)", ,CAGDP2,12,"31-33","  Manufacturing ","Thousands of dollars",5544478,5697262,5865934,5576980,5794721,6481745,6692137,6634315,5881313,5745227,5696342,6408200,7073251,9086928,8180257,7294338,7481135,7166875,7754316,6906192,8735082,10348491
 "37964","Philadelphia, PA (Metropolitan Division)", ,CAGDP2,13,"321,327-339","   Durable goods manufacturing ","Thousands of dollars",2235130,(D),(D),2063435,2201668,(D),2236678,2378249,2290905,2365942,2474366,2498990,2879924,2674786,2563023,2264656,2361230,2693135,2898031,2646042,2814408,3150618
 "37964","Philadelphia, PA (Metropolitan Division)", ,CAGDP2,25,"311-316,322-326","   Nondurable goods manufacturing ","Thousands of dollars",3309348,(D),(D),3513545,3593053,(D),4455460,4256067,3590408,3379285,3221976,3909210,4193327,6412143,5617234,5029682,5119905,4473740,4856284,4260151,5920674,7197873
 "37964","Philadelphia, PA (Metropolitan Division)", ,CAGDP2,34,"42","  Wholesale trade ","Thousands of dollars",3317307,3318641,3570798,3579272,3792217,3835551,3965256,3957613,3761043,3911450,4187541,4441703,4551230,4546838,4511953,4341541,4385902,4681772,4977547,4814795,4987828,5087317
 "37964","Philadelphia, PA (Metropolitan Division)", ,CAGDP2,35,"44-45","  Retail trade ","Thousands of dollars",3608130,3635219,3767801,3612599,3671441,3654528,3470794,3337450,3381280,3423688,3463015,3727491,3875085,3920755,4115325,4346389,4418775,4594398,4694917,5068903,5953741,6519664
 "37964","Philadelphia, PA (Metropolitan Division)", ,CAGDP2,36,"48-49","  Transportation and warehousing ","Thousands of dollars",1911933,1894247,2163288,2466706,2755922,2790342,2845486,3098261,3044371,3903362,3913668,4328910,4325973,4974658,5659038,5649852,5176987,5198688,5524569,4151284,4866512,6087288
 "37964","Philadelphia, PA (Metropolitan Division)", ,CAGDP2,45,"51","  Information ","Thousands of dollars",3297436,3720338,4607183,7021133,6019627,4956113,10313202,16677811,15255146,16731819,16778791,20130298,22953410,21721038,21239147,24972366,20458060,18469092,15358618,12731174,11354863,10745269
 "37964","Philadelphia, PA (Metropolitan Division)", ,CAGDP2,50,"52,53","  Finance, insurance, real estate, rental, and leasing ","Thousands of dollars",16898434,16491295,16722029,16894687,18089289,19090345,20767533,20512390,19339790,19899981,20465119,22245685,22961792,23808001,25116074,26136297,27075771,28722983,28857727,30119270,32133382,35420263
 "37964","Philadelphia, PA (Metropolitan Division)", ,CAGDP2,51,"52","   Finance and insurance ","Thousands of dollars",7055374,6608376,6785386,7025461,7519430,8231534,8714636,7865367,7714104,7939435,8092009,8536357,8769830,9545745,10251578,10975008,11068381,11449553,11488628,11523020,11657721,12672999
 "37964","Philadelphia, PA (Metropolitan Division)", ,CAGDP2,56,"53","   Real estate and rental and leasing ","Thousands of dollars",9843060,9882919,9936643,9869226,10569860,10858811,12052897,12647023,11625687,11960547,12373111,13709328,14191962,14262255,14864496,15161289,16007389,17273430,17369099,18596250,20475661,22747264
 "37964","Philadelphia, PA (Metropolitan Division)", ,CAGDP2,59,"54,55,56","  Professional and business services ","Thousands of dollars",10176493,10788817,11579291,12488653,13085257,13813502,14867958,16137732,15041412,15646976,16281863,17143669,17495894,18049725,19239490,19994337,21325636,22033905,24071164,22784333,25324983,27012616
 "37964","Philadelphia, PA (Metropolitan Division)", ,CAGDP2,60,"54","   Professional, scientific, and technical services ","Thousands of dollars",7379608,7654077,8077553,8672160,9142891,9746839,9997442,10830178,9955114,10245748,10686306,11163227,11427226,11782603,12254954,13110375,13981047,14429402,15481465,15158222,16869994,18258623
 "37964","Philadelphia, PA (Metropolitan Division)", ,CAGDP2,64,"55","   Management of companies and enterprises ","Thousands of dollars",669049,924527,1476910,1858808,1959210,2091181,2727834,3157915,3098700,3271951,3460131,3854696,3873325,3869722,4380491,4244619,4480737,4549757,5353594,4575839,5012813,4936822
 "37964","Philadelphia, PA (Metropolitan Division)", ,CAGDP2,65,"56","   Administrative and support and waste management and remediation services ","Thousands of dollars",2127836,2210213,2024828,1957684,1983157,1975482,2142682,2149638,1987598,2129278,2135426,2125746,2195344,2397400,2604045,2639343,2863852,3054745,3236105,3050271,3442177,3817171
 "37964","Philadelphia, PA (Metropolitan Division)", ,CAGDP2,68,"61,62","  Educational services, health care, and social assistance ","Thousands of dollars",11165011,11663806,12443655,13361929,13987225,14916326,15590786,16972337,18311844,18720597,19361525,19882185,20161575,20764534,21712855,22686987,23526850,24825218,26017039,25670501,26816687,28923608
 "37964","Philadelphia, PA (Metropolitan Division)", ,CAGDP2,69,"61","   Educational services ","Thousands of dollars",3828114,3934626,4330686,4702727,4926377,5199332,5392212,5992252,6690365,6928428,7170661,7350557,7304306,7537302,7853498,8259796,8426712,8900744,9277194,8843429,9248818,10006767
 "37964","Philadelphia, PA (Metropolitan Division)", ,CAGDP2,70,"62","   Health care and social assistance ","Thousands of dollars",7336897,7729180,8112969,8659202,9060848,9716993,10198574,10980084,11621479,11792169,12190864,12531629,12857269,13227232,13859357,14427192,15100138,15924474,16739845,16827072,17567869,18916841
 "37964","Philadelphia, PA (Metropolitan Division)", ,CAGDP2,75,"71,72","  Arts, entertainment, recreation, accommodation, and food services ","Thousands of dollars",2821376,2948983,3010937,3170275,3294192,3432167,3844939,3857567,3931946,4311008,4535657,4786255,4978975,5211842,5478980,5997706,6136598,6520969,6876949,4553446,5874599,7047395
 "37964","Philadelphia, PA (Metropolitan Division)", ,CAGDP2,76,"71","   Arts, entertainment, and recreation ","Thousands of dollars",778322,871874,937110,963965,1048420,1082643,1382426,1517997,1614390,1834051,1887509,1962077,2033648,2184350,2240862,2640635,2647482,2862602,2862640,1809731,2051523,2567235
 "37964","Philadelphia, PA (Metropolitan Division)", ,CAGDP2,79,"72","   Accommodation and food services ","Thousands of dollars",2043054,2077110,2073827,2206310,2245772,2349524,2462513,2339570,2317555,2476957,2648147,2824178,2945327,3027492,3238119,3357071,3489115,3658367,4014309,2743715,3823076,4480160
 "37964","Philadelphia, PA (Metropolitan Division)", ,CAGDP2,82,"81","  Other services (except government and government enterprises) ","Thousands of dollars",1926782,2059664,2059792,2107667,2197816,2246186,2330110,2327590,2294290,2280879,2346155,2436291,2300873,2434908,2350269,2435701,2662548,2845323,3328111,3044123,3285632,3611098
 "37964","Philadelphia, PA (Metropolitan Division)", ,CAGDP2,83,"92","Government and government enterprises ","Thousands of dollars",10208022,10805767,11289257,11744549,12059904,12398780,12671959,13096231,13481422,13783571,13730381,13607783,14492783,14705441,15197023,15380658,15674773,16261316,16730029,16978731,17235923,17943364
 "37964","Philadelphia, PA (Metropolitan Division)", ,CAGDP2,87,"11,21","Natural resources and mining ","Thousands of dollars",18244,19497,16616,20573,(D),33368,39642,48192,41093,46227,39035,25644,27994,34675,39959,38412,39719,(D),44212,39646,(D),50255
 "37964","Philadelphia, PA (Metropolitan Division)", ,CAGDP2,88,"42,44-45","Trade ","Thousands of dollars",6925437,6953860,7338599,7191871,7463657,7490079,7436050,7295063,7142323,7335138,7650556,8169194,8426315,8467593,8627278,8687930,8804677,9276170,9672464,9883697,10941569,11606980
 "37964","Philadelphia, PA (Metropolitan Division)", ,CAGDP2,89,"22,48-49","Transportation and utilities ","Thousands of dollars",2482006,2487320,2753299,2934078,(D),3356738,3490664,3831853,3832879,4702520,4686459,5051193,5009104,5764510,6470643,6498181,6034219,(D),6315174,5007315,5830473,7075229
 "37964","Philadelphia, PA (Metropolitan Division)", ,CAGDP2,90,"31-33,51","Manufacturing and information ","Thousands of dollars",8841914,9417600,10473117,12598113,11814348,11437858,17005339,23312127,21136458,22477045,22475133,26538498,30026661,30807966,29419404,32266704,27939195,25635967,23112934,19637366,20089945,21093760
 "37964","Philadelphia, PA (Metropolitan Division)", ,CAGDP2,91,"...","Private goods-producing industries 2/","Thousands of dollars",7290706,7427433,7813143,7508455,(D),8649573,8977868,9003369,7964687,7730183,7834804,8823812,9566521,11787934,11143732,10540671,11144392,(D),11568999,10557293,12699113,14587079
 "37964","Philadelphia, PA (Metropolitan Division)", ,CAGDP2,92,"...","Private services-providing industries 3/","Thousands of dollars",55692974,57114083,60514784,65170293,(D),69301457,78641243,87612342,85149630,89628919,92106126,99844770,104287940,106222151,110234735,117409505,116024358,(D),120497248,113793859,121562187,131442459
 "40484","Rockingham County-Strafford County, NH (Metropolitan Division)", ,CAGDP2,1,"...","All industry total ","Thousands of dollars",14413932,14969196,15843295,17073561,17833892,18902414,19386611,19172961,19431460,20401194,20883446,21809800,22834026,23846216,25574816,26379005,27116558,27775826,29503292,29663899,33848450,35514497
 "40484","Rockingham County-Strafford County, NH (Metropolitan Division)", ,CAGDP2,2,"..."," Private industries ","Thousands of dollars",12807326,13290424,14073071,15199282,15864089,16808167,17203078,16905928,17201794,18028048,18547853,19479638,20431811,21384010,23098151,23881101,24580927,25199913,26878143,27031455,31099825,32623400
 "40484","Rockingham County-Strafford County, NH (Metropolitan Division)", ,CAGDP2,3,"11","  Agriculture, forestry, fishing and hunting ","Thousands of dollars",(D),(D),(D),(D),(D),(D),(D),(D),(D),(D),(D),(D),(D),(D),35713,(D),46845,42075,(D),(D),44318,29446
 "40484","Rockingham County-Strafford County, NH (Metropolitan Division)", ,CAGDP2,6,"21","  Mining, quarrying, and oil and gas extraction ","Thousands of dollars",5542,7461,7760,8075,9132,10774,21987,20311,13768,15073,14836,15628,13916,14851,15867,19125,17273,21134,17578,15164,(D),(D)
 "40484","Rockingham County-Strafford County, NH (Metropolitan Division)", ,CAGDP2,10,"22","  Utilities ","Thousands of dollars",524032,509870,592518,690670,654735,706861,714239,737479,876194,923165,930650,933799,911781,925204,957121,948585,955871,931437,909604,949398,1072501,1220824
 "40484","Rockingham County-Strafford County, NH (Metropolitan Division)", ,CAGDP2,11,"23","  Construction ","Thousands of dollars",804837,838149,840028,909105,941639,912452,788667,707749,681996,648588,649451,625524,(D),553578,(D),679621,(D),(D),881338,840821,1032419,1163290
 "40484","Rockingham County-Strafford County, NH (Metropolitan Division)", ,CAGDP2,12,"31-33","  Manufacturing ","Thousands of dollars",1764524,1734442,1860400,1842049,1720028,1849559,1940423,1906503,1942179,2107669,2084946,2068232,2328075,2212247,(D),2786406,(D),(D),2908116,2820192,3067432,3297637
 "40484","Rockingham County-Strafford County, NH (Metropolitan Division)", ,CAGDP2,13,"321,327-339","   Durable goods manufacturing ","Thousands of dollars",1227397,1274382,1366428,1334908,1181378,1263824,1310462,1253997,1210704,1359987,1369494,1284971,1460609,1275206,1506398,1641304,1582504,1598842,1686401,1590829,1769956,1881769
 "40484","Rockingham County-Strafford County, NH (Metropolitan Division)", ,CAGDP2,25,"311-316,322-326","   Nondurable goods manufacturing ","Thousands of dollars",537127,460061,493971,507142,538650,585735,629961,652506,731475,747682,715452,783262,867466,937041,(D),1145102,(D),(D),1221715,1229363,1297475,1415868
 "40484","Rockingham County-Strafford County, NH (Metropolitan Division)", ,CAGDP2,34,"42","  Wholesale trade ","Thousands of dollars",1121063,1082692,1113504,1172364,1246918,1277987,1332040,1399767,1322201,1421878,1480189,1562397,1686064,1726898,1845917,1823146,1872059,1946948,1985504,2067236,2459890,2384653
 "40484","Rockingham County-Strafford County, NH (Metropolitan Division)", ,CAGDP2,35,"44-45","  Retail trade ","Thousands of dollars",1369876,1430822,1536475,1503149,1533800,1463292,1405397,1485597,1412810,1411962,1418640,1441348,1558942,1617434,1735716,1842680,1928705,2034004,2146767,2189744,2427980,2628920
 "40484","Rockingham County-Strafford County, NH (Metropolitan Division)", ,CAGDP2,36,"48-49","  Transportation and warehousing ","Thousands of dollars",(D),(D),(D),(D),(D),(D),(D),(D),(D),(D),(D),(D),(D),(D),(D),(D),(D),(D),(D),(D),(D),(D)
 "40484","Rockingham County-Strafford County, NH (Metropolitan Division)", ,CAGDP2,45,"51","  Information ","Thousands of dollars",443722,520252,508038,627331,676625,662930,696047,740047,757430,800269,828129,995900,1147729,1209230,1253773,1260029,1186747,1165999,1345923,1295852,1360422,1507647
 "40484","Rockingham County-Strafford County, NH (Metropolitan Division)", ,CAGDP2,50,"52,53","  Finance, insurance, real estate, rental, and leasing ","Thousands of dollars",2848497,3089957,3332679,3609480,3862890,4074230,4521256,4281168,4566731,4681661,4900197,5296207,5360131,5741723,6216206,6186721,5935856,5834467,6309367,6856456,7175680,(D)
 "40484","Rockingham County-Strafford County, NH (Metropolitan Division)", ,CAGDP2,51,"52","   Finance and insurance ","Thousands of dollars",781578,789869,873225,979007,993928,1225884,1284496,1102396,1292193,1378438,1499745,1782721,1675925,2121304,2229004,2333124,1874975,2076339,2323307,2203427,2189248,2225979
 "40484","Rockingham County-Strafford County, NH (Metropolitan Division)", ,CAGDP2,56,"53","   Real estate and rental and leasing ","Thousands of dollars",2066919,2300088,2459454,2630473,2868962,2848347,3236760,3178772,3274538,3303223,3400452,3513486,3684206,3620419,3987202,3853597,4060882,3758129,3986060,4653030,4986431,(D)
 "40484","Rockingham County-Strafford County, NH (Metropolitan Division)", ,CAGDP2,59,"54,55,56","  Professional and business services ","Thousands of dollars",1712593,1678962,1751901,2046898,2185731,2520894,2496205,2450304,2352660,2538361,2625211,2753462,2806269,3230626,3492707,3547967,4226421,4240844,4493832,4581408,6201511,5747076
 "40484","Rockingham County-Strafford County, NH (Metropolitan Division)", ,CAGDP2,60,"54","   Professional, scientific, and technical services ","Thousands of dollars",914748,932362,942755,1000649,1068242,1133054,1147862,1276774,1209799,1279078,1365107,1384654,1500214,1653777,1763311,1876349,2487034,2609921,2718318,2826365,3128353,3460438
 "40484","Rockingham County-Strafford County, NH (Metropolitan Division)", ,CAGDP2,64,"55","   Management of companies and enterprises ","Thousands of dollars",385313,340049,353204,536317,546848,744478,582945,334770,301792,335450,339468,434118,375243,498118,514195,465193,453028,407835,518071,484252,1681143,658518
 "40484","Rockingham County-Strafford County, NH (Metropolitan Division)", ,CAGDP2,65,"56","   Administrative and support and waste management and remediation services ","Thousands of dollars",412531,406551,455942,509932,570641,643363,765398,838761,841069,923834,920635,934690,930812,1078731,1215201,1206425,1286358,1223088,1257443,1270790,1392015,1628120
 "40484","Rockingham County-Strafford County, NH (Metropolitan Division)", ,CAGDP2,68,"61,62","  Educational services, health care, and social assistance ","Thousands of dollars",974205,1056431,1141552,1238486,1302241,1397821,1477127,1599212,1709481,1742178,1806780,1833739,1871307,1905392,2007298,2129471,2245563,2379773,2548921,2563221,2705144,2848550
 "40484","Rockingham County-Strafford County, NH (Metropolitan Division)", ,CAGDP2,69,"61","   Educational services ","Thousands of dollars",139424,154278,176099,193085,193534,206089,211242,226652,247015,252372,255997,261478,266018,272269,286521,301152,314235,325683,358480,351012,365224,381366
 "40484","Rockingham County-Strafford County, NH (Metropolitan Division)", ,CAGDP2,70,"62","   Health care and social assistance ","Thousands of dollars",834781,902153,965453,1045401,1108707,1191732,1265886,1372560,1462466,1489806,1550783,1572261,1605288,1633123,1720777,1828319,1931328,2054090,2190442,2212209,2339921,2467184
 "40484","Rockingham County-Strafford County, NH (Metropolitan Division)", ,CAGDP2,75,"71,72","  Arts, entertainment, recreation, accommodation, and food services ","Thousands of dollars",544901,590738,635483,763975,896079,1040145,959427,772896,783806,917449,958116,1057344,1213014,1278498,1373540,1473773,1599186,1847813,2060666,1549477,1995874,2335373
 "40484","Rockingham County-Strafford County, NH (Metropolitan Division)", ,CAGDP2,76,"71","   Arts, entertainment, and recreation ","Thousands of dollars",142200,153554,169904,261874,391174,497422,420911,289900,256752,354688,400757,456685,494453,542716,532512,572188,611266,713081,881494,536365,659467,772831
 "40484","Rockingham County-Strafford County, NH (Metropolitan Division)", ,CAGDP2,79,"72","   Accommodation and food services ","Thousands of dollars",402701,437185,465579,502101,504905,542723,538516,482996,527054,562761,557360,600659,718561,735781,841028,901584,987920,1134733,1179172,1013112,1336407,1562541
 "40484","Rockingham County-Strafford County, NH (Metropolitan Division)", ,CAGDP2,82,"81","  Other services (except government and government enterprises) ","Thousands of dollars",398818,446710,426626,447580,474831,485798,476489,455825,449483,465756,465672,478179,484751,526164,559797,584123,607638,647880,696157,652538,755780,849231
 "40484","Rockingham County-Strafford County, NH (Metropolitan Division)", ,CAGDP2,83,"92","Government and government enterprises ","Thousands of dollars",1606606,1678771,1770224,1874279,1969803,2094247,2183534,2267033,2229666,2373146,2335594,2330163,2402216,2462206,2476665,2497904,2535631,2575914,2625149,2632445,2748624,2891098
 "40484","Rockingham County-Strafford County, NH (Metropolitan Division)", ,CAGDP2,87,"11,21","Natural resources and mining ","Thousands of dollars",(D),(D),(D),(D),(D),(D),(D),(D),(D),(D),(D),(D),(D),(D),51580,(D),64118,63209,(D),(D),(D),(D)
 "40484","Rockingham County-Strafford County, NH (Metropolitan Division)", ,CAGDP2,88,"42,44-45","Trade ","Thousands of dollars",2490939,2513514,2649979,2675513,2780718,2741279,2737437,2885364,2735011,2833840,2898829,3003746,3245006,3344332,3581633,3665826,3800764,3980952,4132271,4256980,4887869,5013574
 "40484","Rockingham County-Strafford County, NH (Metropolitan Division)", ,CAGDP2,89,"22,48-49","Transportation and utilities ","Thousands of dollars",(D),(D),(D),(D),(D),(D),(D),(D),(D),(D),(D),(D),(D),(D),(D),(D),(D),(D),(D),(D),(D),(D)
 "40484","Rockingham County-Strafford County, NH (Metropolitan Division)", ,CAGDP2,90,"31-33,51","Manufacturing and information ","Thousands of dollars",2208246,2254694,2368438,2469380,2396653,2512488,2636470,2646550,2699609,2907938,2913075,3064132,3475804,3421477,(D),4046435,(D),(D),4254039,4116044,4427854,4805284
 "40484","Rockingham County-Strafford County, NH (Metropolitan Division)", ,CAGDP2,91,"...","Private goods-producing industries 2/","Thousands of dollars",(D),(D),(D),(D),(D),(D),(D),(D),(D),(D),(D),(D),(D),(D),(D),(D),(D),(D),(D),(D),(D),(D)
 "40484","Rockingham County-Strafford County, NH (Metropolitan Division)", ,CAGDP2,92,"...","Private services-providing industries 3/","Thousands of dollars",(D),(D),(D),(D),(D),(D),(D),(D),(D),(D),(D),(D),(D),(D),(D),(D),(D),(D),(D),(D),(D),(D)
 "41884","San Francisco-San Mateo-Redwood City, CA (Metropolitan Division)", ,CAGDP2,1,"...","All industry total ","Thousands of dollars",115643796,111359009,113038165,116326561,124579761,134091331,141172841,142956892,144946186,150160992,161581788,188643428,201764941,219760868,240115918,263651938,299388738,323797550,349985459,364055001,422285347,430098540
 "41884","San Francisco-San Mateo-Redwood City, CA (Metropolitan Division)", ,CAGDP2,2,"..."," Private industries ","Thousands of dollars",104952532,100020583,101289780,104229023,112096851,120787067,127044154,128045490,129760286,134640509,145651408,172450836,184631468,201831230,221049335,243789708,278829178,302102332,327449855,340771534,398209498,405481372
 "41884","San Francisco-San Mateo-Redwood City, CA (Metropolitan Division)", ,CAGDP2,3,"11","  Agriculture, forestry, fishing and hunting ","Thousands of dollars",(D),(D),(D),(D),(D),(D),(D),(D),(D),(D),(D),(D),(D),(D),(D),(D),75586,78530,72951,95910,93459,127688
 "41884","San Francisco-San Mateo-Redwood City, CA (Metropolitan Division)", ,CAGDP2,6,"21","  Mining, quarrying, and oil and gas extraction ","Thousands of dollars",39589,19034,16012,21803,15186,22770,26605,27606,28566,25364,28132,25999,17685,27633,25262,51418,67230,93582,57320,67699,(D),82847
 "41884","San Francisco-San Mateo-Redwood City, CA (Metropolitan Division)", ,CAGDP2,10,"22","  Utilities ","Thousands of dollars",852664,889482,921915,1182121,1143635,(D),(D),(D),873820,1002193,966100,983688,1127132,1087332,1211110,1264080,1236843,1129696,1130492,1225439,(D),1391724
 "41884","San Francisco-San Mateo-Redwood City, CA (Metropolitan Division)", ,CAGDP2,11,"23","  Construction ","Thousands of dollars",3732954,3504611,3527909,3705235,3976250,4655384,5171578,4622754,4128594,3616092,4190048,4392501,5029662,6052638,6994534,7404725,8262182,8833088,9079300,8371829,8202009,8268471
 "41884","San Francisco-San Mateo-Redwood City, CA (Metropolitan Division)", ,CAGDP2,12,"31-33","  Manufacturing ","Thousands of dollars",6807133,5766619,7272040,7690425,8861848,7704236,8434649,8609641,11026593,9979146,10252530,12880785,16329094,17183503,18596374,23031512,27523557,31284727,30983408,30836014,32543506,35497255
 "41884","San Francisco-San Mateo-Redwood City, CA (Metropolitan Division)", ,CAGDP2,13,"321,327-339","   Durable goods manufacturing ","Thousands of dollars",(D),(D),(D),3076556,3434516,(D),(D),3747058,3645156,3919658,4459271,5927249,5761121,5510072,5333045,5286355,5593435,5769873,6377180,6183892,6375731,7014748
 "41884","San Francisco-San Mateo-Redwood City, CA (Metropolitan Division)", ,CAGDP2,25,"311-316,322-326","   Nondurable goods manufacturing ","Thousands of dollars",(D),(D),(D),4613869,5427332,(D),(D),4862583,7381437,6059488,5793259,6953536,10567973,11673431,13263329,17745156,21930122,25514854,24606228,24652122,26167775,28482508
 "41884","San Francisco-San Mateo-Redwood City, CA (Metropolitan Division)", ,CAGDP2,34,"42","  Wholesale trade ","Thousands of dollars",3936691,3680002,3747258,3794393,4156624,(D),(D),(D),4697368,5068319,5663409,6101098,6755914,7893504,9240997,9402877,10644206,10246974,10756793,9798865,10296846,11243258
 "41884","San Francisco-San Mateo-Redwood City, CA (Metropolitan Division)", ,CAGDP2,35,"44-45","  Retail trade ","Thousands of dollars",6467931,6465344,6696988,7008707,7731310,7944517,7529478,7017208,6988212,7550983,7793343,8271819,8845711,9280293,10067066,10286566,10938027,11415442,11869384,11205523,12588307,14157450
 "41884","San Francisco-San Mateo-Redwood City, CA (Metropolitan Division)", ,CAGDP2,36,"48-49","  Transportation and warehousing ","Thousands of dollars",(D),(D),(D),(D),(D),(D),(D),(D),(D),(D),(D),(D),(D),(D),(D),(D),11206601,12107293,17473995,11603766,13534668,16181325
 "41884","San Francisco-San Mateo-Redwood City, CA (Metropolitan Division)", ,CAGDP2,45,"51","  Information ","Thousands of dollars",9959975,10288132,10310249,11519778,11616478,11648611,12551949,12680424,11895965,13162132,14480223,16046359,25530175,27585048,31816136,39433838,56938863,61829682,71271471,82371858,105220673,105993447
 "41884","San Francisco-San Mateo-Redwood City, CA (Metropolitan Division)", ,CAGDP2,50,"52,53","  Finance, insurance, real estate, rental, and leasing ","Thousands of dollars",31144236,30318985,29613054,27799933,30311824,33685549,34833248,31590797,33878578,34294675,36500125,43895690,44551549,48396966,49799199,52441131,57694680,62683728,66037504,71921668,85177559,82845174
 "41884","San Francisco-San Mateo-Redwood City, CA (Metropolitan Division)", ,CAGDP2,51,"52","   Finance and insurance ","Thousands of dollars",15151680,14230239,14338610,13259509,15211963,17879474,17249192,12913417,16152606,15422667,16126529,21034347,20025065,23134502,23755535,24544547,26603819,28514932,29748657,33945017,42867393,39994166
 "41884","San Francisco-San Mateo-Redwood City, CA (Metropolitan Division)", ,CAGDP2,56,"53","   Real estate and rental and leasing ","Thousands of dollars",15992557,16088746,15274444,14540424,15099861,15806075,17584056,18677380,17725972,18872008,20373596,22861343,24526484,25262463,26043664,27896584,31090861,34168796,36288847,37976651,42310166,42851008
 "41884","San Francisco-San Mateo-Redwood City, CA (Metropolitan Division)", ,CAGDP2,59,"54,55,56","  Professional and business services ","Thousands of dollars",26091328,22484837,22199791,23049703,25938447,28224900,31486647,35187905,33777601,36265224,40756581,53337382,48203449,53521208,59234591,62344167,65540099,71895359,75560135,80603681,89053285,92825528
 "41884","San Francisco-San Mateo-Redwood City, CA (Metropolitan Division)", ,CAGDP2,60,"54","   Professional, scientific, and technical services ","Thousands of dollars",17025159,15820037,15467011,16456568,18718882,20565718,22689999,26139023,25375018,26910432,31131906,43417005,36237921,40719536,45072324,47745460,50096224,55841398,60142422,66003368,73197076,73807428
 "41884","San Francisco-San Mateo-Redwood City, CA (Metropolitan Division)", ,CAGDP2,64,"55","   Management of companies and enterprises ","Thousands of dollars",5491160,3249169,3184847,2926958,3005745,3296579,3908490,4133548,3853478,4290946,4298686,4223450,5952068,6329349,7335649,7409970,7630925,7441806,6722482,5997739,5551186,5225291
 "41884","San Francisco-San Mateo-Redwood City, CA (Metropolitan Division)", ,CAGDP2,65,"56","   Administrative and support and waste management and remediation services ","Thousands of dollars",3575009,3415632,3547933,3666177,4213820,4362603,4888158,4915333,4549106,5063845,5325988,5696927,6013460,6472323,6826618,7188736,7812950,8612155,8695231,8602574,10305023,13792809
 "41884","San Francisco-San Mateo-Redwood City, CA (Metropolitan Division)", ,CAGDP2,68,"61,62","  Educational services, health care, and social assistance ","Thousands of dollars",4890062,5285468,5642142,6172194,6392146,6820480,7147963,7891598,8396432,8700871,9145303,9633313,10116927,10784801,11643749,12372174,12803327,13559395,14872333,15190796,18084707,17286331
 "41884","San Francisco-San Mateo-Redwood City, CA (Metropolitan Division)", ,CAGDP2,69,"61","   Educational services ","Thousands of dollars",869969,917308,1021759,1160321,1176803,1304987,1380253,1528284,1714021,1815238,1923699,1998099,2198732,2432531,2620134,2752441,2837402,2921786,3474838,3316038,3458290,3693388
 "41884","San Francisco-San Mateo-Redwood City, CA (Metropolitan Division)", ,CAGDP2,70,"62","   Health care and social assistance ","Thousands of dollars",4020094,4368159,4620383,5011873,5215342,5515493,5767710,6363314,6682411,6885633,7221604,7635214,7918195,8352271,9023614,9619734,9965925,10637609,11397495,11874757,14626417,13592943
 "41884","San Francisco-San Mateo-Redwood City, CA (Metropolitan Division)", ,CAGDP2,75,"71,72","  Arts, entertainment, recreation, accommodation, and food services ","Thousands of dollars",4811802,5020050,5399844,5767049,6004831,6424039,6677531,7175384,6993757,7472481,8052986,8459349,8769703,9516045,10495151,11329382,11558159,12149067,13329799,13141216,17415387,14362831
 "41884","San Francisco-San Mateo-Redwood City, CA (Metropolitan Division)", ,CAGDP2,76,"71","   Arts, entertainment, and recreation ","Thousands of dollars",1215237,1354453,1592154,1605699,1754645,1802912,1894272,2058997,2076672,2342020,2373995,2588033,2564654,2678386,2662598,2916253,2709224,2903743,2502239,1801292,3286282,4438808
 "41884","San Francisco-San Mateo-Redwood City, CA (Metropolitan Division)", ,CAGDP2,79,"72","   Accommodation and food services ","Thousands of dollars",3596565,3665597,3807689,4161351,4250186,4621127,4783259,5116387,4917084,5130462,5678990,5871316,6205049,6837659,7832554,8413130,8848935,9245324,10827561,11339923,14129105,9924023
 "41884","San Francisco-San Mateo-Redwood City, CA (Metropolitan Division)", ,CAGDP2,82,"81","  Other services (except government and government enterprises) ","Thousands of dollars",2542277,2610633,2514602,2542404,2583086,2575891,2815138,3106052,2993299,2770424,2851546,2888336,3238027,3576061,3859886,4059605,4339819,4795770,4954970,4337272,(D),5218043
 "41884","San Francisco-San Mateo-Redwood City, CA (Metropolitan Division)", ,CAGDP2,83,"92","Government and government enterprises ","Thousands of dollars",10691264,11338427,11748385,12097538,12482909,13304264,14128686,14911402,15185900,15520482,15930379,16192592,17133472,17929639,19066583,19862230,20559560,21695217,22535605,23283468,24075850,24617168
 "41884","San Francisco-San Mateo-Redwood City, CA (Metropolitan Division)", ,CAGDP2,87,"11,21","Natural resources and mining ","Thousands of dollars",(D),(D),(D),(D),(D),(D),(D),(D),(D),(D),(D),(D),(D),(D),(D),(D),142816,172112,130271,163608,(D),210535
 "41884","San Francisco-San Mateo-Redwood City, CA (Metropolitan Division)", ,CAGDP2,88,"42,44-45","Trade ","Thousands of dollars",10404622,10145346,10444246,10803101,11887934,(D),(D),(D),11685580,12619302,13456752,14372917,15601624,17173796,19308063,19689443,21582233,21662416,22626177,21004387,22885153,25400708
 "41884","San Francisco-San Mateo-Redwood City, CA (Metropolitan Division)", ,CAGDP2,89,"22,48-49","Transportation and utilities ","Thousands of dollars",(D),(D),(D),(D),(D),(D),(D),(D),(D),(D),(D),(D),(D),(D),(D),(D),12443444,13236989,18604486,12829205,(D),17573049
 "41884","San Francisco-San Mateo-Redwood City, CA (Metropolitan Division)", ,CAGDP2,90,"31-33,51","Manufacturing and information ","Thousands of dollars",16767107,16054751,17582288,19210203,20478326,19352847,20986598,21290064,22922558,23141278,24732753,28927145,41859269,44768551,50412510,62465350,84462420,93114409,102254878,113207872,137764179,141490702
 "41884","San Francisco-San Mateo-Redwood City, CA (Metropolitan Division)", ,CAGDP2,91,"...","Private goods-producing industries 2/","Thousands of dollars",(D),(D),(D),(D),(D),(D),(D),(D),(D),(D),(D),(D),(D),(D),(D),(D),35928554,40289926,40192978,39371451,(D),43976261
 "41884","San Francisco-San Mateo-Redwood City, CA (Metropolitan Division)", ,CAGDP2,92,"...","Private services-providing industries 3/","Thousands of dollars",(D),(D),(D),(D),(D),(D),(D),(D),(D),(D),(D),(D),(D),(D),(D),(D),242900624,261812406,287256876,301400083,(D),361505111
 "42034","San Rafael, CA (Metropolitan Division)", ,CAGDP2,1,"...","All industry total ","Thousands of dollars",13212120,14141041,14618351,14222925,14560727,15301325,15391254,15910571,15678006,16007783,16482896,17357797,18322683,19492772,20648881,22628549,25066955,28562594,30769424,31230415,33552069,35697807
 "42034","San Rafael, CA (Metropolitan Division)", ,CAGDP2,2,"..."," Private industries ","Thousands of dollars",12258442,13147236,13574069,13135373,13431727,14097973,14086582,14526775,14288024,14539299,14899958,15726071,16609055,17691560,18713684,20652442,23056342,26476713,28710111,29150730,31448393,33594906
 "42034","San Rafael, CA (Metropolitan Division)", ,CAGDP2,3,"11","  Agriculture, forestry, fishing and hunting ","Thousands of dollars",48852,(D),(D),(D),(D),13062,40997,16316,8470,(D),(D),(D),(D),(D),(D),(D),(D),(D),(D),92467,113781,157377
 "42034","San Rafael, CA (Metropolitan Division)", ,CAGDP2,6,"21","  Mining, quarrying, and oil and gas extraction ","Thousands of dollars",452,24137,21863,31049,29436,59219,0,34203,34831,36024,9003,8027,3704,3256,2303,2978,9670,18935,23075,1222,2460,(D)
 "42034","San Rafael, CA (Metropolitan Division)", ,CAGDP2,10,"22","  Utilities ","Thousands of dollars",20585,23730,24951,26399,25825,27404,24799,30531,31717,35742,36176,37141,42421,48152,45148,48125,124004,91755,59211,59005,60214,(D)
 "42034","San Rafael, CA (Metropolitan Division)", ,CAGDP2,11,"23","  Construction ","Thousands of dollars",748026,786418,795650,804828,854022,868035,949546,916322,822257,827237,775560,744093,813983,882782,997965,1103914,1147562,1250635,1318928,1165896,1164489,1223991
 "42034","San Rafael, CA (Metropolitan Division)", ,CAGDP2,12,"31-33","  Manufacturing ","Thousands of dollars",301395,287785,281379,245255,231510,228138,211526,216904,224171,227618,231493,268318,430682,881274,1484844,2790417,4866037,7062599,8436516,8655515,8584616,9281171
 "42034","San Rafael, CA (Metropolitan Division)", ,CAGDP2,13,"321,327-339","   Durable goods manufacturing ","Thousands of dollars",188970,177535,162906,138352,132401,125599,109951,108164,91464,88907,96089,103067,136251,123236,130957,164967,211608,249738,245638,226044,218169,260210
 "42034","San Rafael, CA (Metropolitan Division)", ,CAGDP2,25,"311-316,322-326","   Nondurable goods manufacturing ","Thousands of dollars",112424,110250,118473,106903,99109,102539,101575,108740,132707,138711,135404,165251,294431,758038,1353887,2625450,4654429,6812861,8190878,8429470,8366447,9020962
 "42034","San Rafael, CA (Metropolitan Division)", ,CAGDP2,34,"42","  Wholesale trade ","Thousands of dollars",(D),490658,513817,487570,498346,545942,553517,567387,491501,529019,587714,638892,678749,752771,801932,763612,696382,700059,790471,(D),(D),(D)
 "42034","San Rafael, CA (Metropolitan Division)", ,CAGDP2,35,"44-45","  Retail trade ","Thousands of dollars",1160841,1225839,1235775,1251054,1277802,1300880,1244665,1153486,1070538,1116489,1110535,1158211,1241804,1299916,1384203,1417714,1461343,1693868,1668467,1694574,1930614,2079756
 "42034","San Rafael, CA (Metropolitan Division)", ,CAGDP2,36,"48-49","  Transportation and warehousing ","Thousands of dollars",(D),(D),(D),(D),(D),108904,90661,87799,71546,(D),(D),(D),(D),(D),(D),(D),(D),(D),(D),(D),(D),174059
 "42034","San Rafael, CA (Metropolitan Division)", ,CAGDP2,45,"51","  Information ","Thousands of dollars",865797,1090358,1189874,479234,654986,822163,570373,521045,536919,562786,806741,870857,937983,922532,1068575,1213660,1235573,1364243,1297058,1426207,(D),1697004
 "42034","San Rafael, CA (Metropolitan Division)", ,CAGDP2,50,"52,53","  Finance, insurance, real estate, rental, and leasing ","Thousands of dollars",3630028,3849281,3992905,3971219,3957860,4085267,4000846,4340890,4707814,4554898,4573446,4940309,5199513,5288111,5183402,5364150,5398878,5808073,6076995,7004760,7519465,7685546
 "42034","San Rafael, CA (Metropolitan Division)", ,CAGDP2,51,"52","   Finance and insurance ","Thousands of dollars",1237257,1372638,1556101,1521035,1443386,1522271,1329673,993089,1248415,1170110,1211729,1370543,1401679,1430678,1395989,1278052,1319038,1219329,1163991,1373557,1545414,1553884
 "42034","San Rafael, CA (Metropolitan Division)", ,CAGDP2,56,"53","   Real estate and rental and leasing ","Thousands of dollars",2392771,2476643,2436804,2450183,2514474,2562996,2671172,3347802,3459398,3384787,3361716,3569766,3797834,3857433,3787413,4086097,4079840,4588744,4913004,5631204,5974051,6131662
 "42034","San Rafael, CA (Metropolitan Division)", ,CAGDP2,59,"54,55,56","  Professional and business services ","Thousands of dollars",2329491,2371440,2498802,2770715,2918258,3079274,3305883,3492210,3169622,3345791,3401600,3558025,3523898,3547199,3559509,3597242,3667668,3810134,4082880,3984311,4562494,4842194
 "42034","San Rafael, CA (Metropolitan Division)", ,CAGDP2,60,"54","   Professional, scientific, and technical services ","Thousands of dollars",1711586,1751747,1765877,1892057,2013302,2108046,2239220,2536376,2319150,2413095,2401762,2494923,2503486,2379248,2456656,2491038,2498055,2687170,2672082,2647926,3047051,3200577
 "42034","San Rafael, CA (Metropolitan Division)", ,CAGDP2,64,"55","   Management of companies and enterprises ","Thousands of dollars",191313,203038,263381,340597,421852,426265,457040,345845,280429,318411,375797,391053,380484,532685,486007,432593,479607,378292,620303,579311,701617,695043
 "42034","San Rafael, CA (Metropolitan Division)", ,CAGDP2,65,"56","   Administrative and support and waste management and remediation services ","Thousands of dollars",426592,416655,469544,538061,483104,544963,609623,609990,570043,614285,624041,672049,639928,635265,616845,673610,690006,744673,790495,757074,813826,946574
 "42034","San Rafael, CA (Metropolitan Division)", ,CAGDP2,68,"61,62","  Educational services, health care, and social assistance ","Thousands of dollars",1047417,1177699,1219482,1304943,1353515,1424880,1481422,1590766,1637334,1652525,1661677,1692882,1759238,1834374,1949257,2053456,2100826,2193631,2276979,2242098,2445641,2546553
 "42034","San Rafael, CA (Metropolitan Division)", ,CAGDP2,69,"61","   Educational services ","Thousands of dollars",157798,178654,183240,207866,204930,212874,241629,263388,285389,295775,304339,327343,353420,373031,396921,421965,431497,446348,472991,452841,492379,511858
 "42034","San Rafael, CA (Metropolitan Division)", ,CAGDP2,70,"62","   Health care and social assistance ","Thousands of dollars",889619,999045,1036242,1097077,1148586,1212006,1239792,1327378,1351945,1356750,1357337,1365540,1405819,1461343,1552336,1631491,1669329,1747283,1803988,1789257,1953262,2034695
 "42034","San Rafael, CA (Metropolitan Division)", ,CAGDP2,75,"71,72","  Arts, entertainment, recreation, accommodation, and food services ","Thousands of dollars",975998,1078755,1111688,1037717,926263,944839,1045083,1039125,968534,1021433,1027641,1077379,1217438,1340743,1321990,1376302,1407100,1521310,1651325,1246424,1739787,2219392
 "42034","San Rafael, CA (Metropolitan Division)", ,CAGDP2,76,"71","   Arts, entertainment, and recreation ","Thousands of dollars",503703,564786,585916,555930,536335,563930,633543,537573,511540,579399,573623,555176,613588,669249,585840,580649,580860,681846,739347,657517,897388,1291882
 "42034","San Rafael, CA (Metropolitan Division)", ,CAGDP2,79,"72","   Accommodation and food services ","Thousands of dollars",472295,513969,525772,481787,389928,380910,411540,501552,456994,442034,454018,522203,603850,671493,736150,795653,826240,839464,911977,588907,842399,927511
 "42034","San Rafael, CA (Metropolitan Division)", ,CAGDP2,82,"81","  Other services (except government and government enterprises) ","Thousands of dollars",472848,522887,499899,517378,550462,589966,567265,519790,512771,537111,540430,574498,596239,647128,687705,691877,695760,723658,750269,688165,(D),804330
 "42034","San Rafael, CA (Metropolitan Division)", ,CAGDP2,83,"92","Government and government enterprises ","Thousands of dollars",953678,993805,1044282,1087551,1129001,1203352,1304671,1383796,1389982,1468483,1582937,1631726,1713628,1801212,1935197,1976107,2010613,2085880,2059313,2079685,2103676,2102901
 "42034","San Rafael, CA (Metropolitan Division)", ,CAGDP2,87,"11,21","Natural resources and mining ","Thousands of dollars",49305,(D),(D),(D),(D),72281,40997,50519,43301,(D),(D),(D),(D),(D),(D),(D),(D),(D),(D),93689,116242,(D)
 "42034","San Rafael, CA (Metropolitan Division)", ,CAGDP2,88,"42,44-45","Trade ","Thousands of dollars",(D),1716497,1749592,1738624,1776148,1846823,1798182,1720873,1562038,1645508,1698249,1797103,1920553,2052687,2186135,2181327,2157725,2393927,2458938,(D),(D),(D)
 "42034","San Rafael, CA (Metropolitan Division)", ,CAGDP2,89,"22,48-49","Transportation and utilities ","Thousands of dollars",(D),(D),(D),(D),(D),136308,115460,118330,103262,(D),(D),(D),(D),(D),(D),(D),(D),(D),(D),(D),(D),(D)
 "42034","San Rafael, CA (Metropolitan Division)", ,CAGDP2,90,"31-33,51","Manufacturing and information ","Thousands of dollars",1167192,1378143,1471253,724488,886496,1050300,781899,737949,761090,790404,1038234,1139175,1368665,1803806,2553419,4004077,6101609,8426842,9733574,10081721,(D),10978175
 "42034","San Rafael, CA (Metropolitan Division)", ,CAGDP2,91,"...","Private goods-producing industries 2/","Thousands of dollars",1098725,(D),(D),(D),(D),1168454,1202069,1183745,1089729,(D),(D),(D),(D),(D),(D),(D),(D),(D),(D),9915099,9865347,(D)
 "42034","San Rafael, CA (Metropolitan Division)", ,CAGDP2,92,"...","Private services-providing industries 3/","Thousands of dollars",11159717,(D),(D),(D),(D),12929520,12884514,13343030,13198294,(D),(D),(D),(D),(D),(D),(D),(D),(D),(D),19235631,21583047,(D)
 "42644","Seattle-Bellevue-Kent, WA (Metropolitan Division)", ,CAGDP2,1,"...","All industry total ","Thousands of dollars",139836286,141974976,145580795,150999722,165417736,178773256,196124958,202451787,199317037,205962946,216812717,234089368,248179977,265763672,283578291,298862648,327074552,355519977,383495261,392128182,433024480,461358844
 "42644","Seattle-Bellevue-Kent, WA (Metropolitan Division)", ,CAGDP2,2,"..."," Private industries ","Thousands of dollars",127208270,128727568,131686950,136367096,149650261,162102861,178620138,183502820,179704287,185989238,196905681,213346521,226401387,243133720,260135037,274157102,301322843,328235317,355032097,362162429,402113087,429079557
 "42644","Seattle-Bellevue-Kent, WA (Metropolitan Division)", ,CAGDP2,3,"11","  Agriculture, forestry, fishing and hunting ","Thousands of dollars",308998,284972,438300,558189,588218,679986,741922,890009,760894,585630,482370,468995,448550,563486,635148,563902,486403,589949,643559,604371,609461,780536
 "42644","Seattle-Bellevue-Kent, WA (Metropolitan Division)", ,CAGDP2,6,"21","  Mining, quarrying, and oil and gas extraction ","Thousands of dollars",79130,62824,77365,74441,119541,193865,164747,118186,130760,132442,114487,91736,98736,100431,98411,99992,118264,144708,120622,115803,136930,144756
 "42644","Seattle-Bellevue-Kent, WA (Metropolitan Division)", ,CAGDP2,10,"22","  Utilities ","Thousands of dollars",362859,330771,391213,453624,376233,432731,259205,289901,161553,185599,220910,206886,222302,224811,221418,256823,276295,351523,402071,455336,420216,460739
 "42644","Seattle-Bellevue-Kent, WA (Metropolitan Division)", ,CAGDP2,11,"23","  Construction ","Thousands of dollars",5715063,5428702,5625576,6137979,7270076,8361330,9942588,9056154,6821798,5518265,5139099,6167613,7345005,8597416,9587710,11244398,12495528,14000568,14033343,13745433,14842775,15983924
 "42644","Seattle-Bellevue-Kent, WA (Metropolitan Division)", ,CAGDP2,12,"31-33","  Manufacturing ","Thousands of dollars",22259613,21503823,18990729,18784081,22762284,26609673,30172842,29139541,31382235,33784083,36775589,40836008,42424519,45170100,48184752,41854390,44559963,45481306,47889763,34780693,35630177,38067018
 "42644","Seattle-Bellevue-Kent, WA (Metropolitan Division)", ,CAGDP2,13,"321,327-339","   Durable goods manufacturing ","Thousands of dollars",19443215,17871929,16186298,16068823,19754689,23422581,26729103,26104138,27948396,30653193,33524631,37838799,39522770,42140792,44925064,38480814,41283914,42076882,44419229,31105524,31621472,33906014
 "42644","Seattle-Bellevue-Kent, WA (Metropolitan Division)", ,CAGDP2,25,"311-316,322-326","   Nondurable goods manufacturing ","Thousands of dollars",2816398,3631894,2804431,2715259,3007595,3187092,3443739,3035403,3433838,3130890,3250957,2997209,2901748,3029307,3259687,3373577,3276049,3404423,3470534,3675169,4008705,4161004
 "42644","Seattle-Bellevue-Kent, WA (Metropolitan Division)", ,CAGDP2,34,"42","  Wholesale trade ","Thousands of dollars",9855883,9642448,9961675,10765789,11332632,12005325,12478766,13002032,12216290,12973774,13606770,14315506,14841630,15323999,16084863,16490420,17609562,18824270,20282973,20272295,22124538,24050068
 "42644","Seattle-Bellevue-Kent, WA (Metropolitan Division)", ,CAGDP2,35,"44-45","  Retail trade ","Thousands of dollars",9196644,9366532,9831481,10289299,11200098,11968152,12334677,12606097,12485991,13716441,14953901,16754662,18987888,21234993,24262264,28577861,35109262,39554826,43190623,49308749,54724623,31709186
 "42644","Seattle-Bellevue-Kent, WA (Metropolitan Division)", ,CAGDP2,36,"48-49","  Transportation and warehousing ","Thousands of dollars",4409370,4398534,4663125,5074528,5325554,5847412,5960743,6004299,6048907,6741164,6838516,7157876,7275899,7881163,8874288,9619482,10023499,10332179,11279461,8469124,10508022,13721596
 "42644","Seattle-Bellevue-Kent, WA (Metropolitan Division)", ,CAGDP2,45,"51","  Information ","Thousands of dollars",19397957,20929418,22396824,22114716,23554595,24405800,29186916,30889246,30629086,30208598,33170966,36271433,38246482,42310613,44790455,50727357,57461337,63930975,77227800,94766774,104566475,112726219
 "42644","Seattle-Bellevue-Kent, WA (Metropolitan Division)", ,CAGDP2,50,"52,53","  Finance, insurance, real estate, rental, and leasing ","Thousands of dollars",24809610,25128182,25979159,26527924,28953495,30291591,31837011,33379799,32654185,33010331,33694168,35465039,38160373,40839518,42900533,45852369,48578747,53856124,55680177,58936555,65479168,69936692
 "42644","Seattle-Bellevue-Kent, WA (Metropolitan Division)", ,CAGDP2,51,"52","   Finance and insurance ","Thousands of dollars",7652704,8216586,8771297,8831623,9746324,10256035,9945220,8950129,9205736,8751153,8979308,9860933,9902892,10562176,11325655,12566398,12223018,13521846,13979762,15521278,16895686,17061097
 "42644","Seattle-Bellevue-Kent, WA (Metropolitan Division)", ,CAGDP2,56,"53","   Real estate and rental and leasing ","Thousands of dollars",17156906,16911596,17207861,17696301,19207171,20035555,21891791,24429670,23448449,24259178,24714860,25604106,28257481,30277342,31574878,33285971,36355729,40334279,41700414,43415277,48583482,52875595
 "42644","Seattle-Bellevue-Kent, WA (Metropolitan Division)", ,CAGDP2,59,"54,55,56","  Professional and business services ","Thousands of dollars",16398063,16530077,17690208,18895343,20350947,22049389,25066819,26368081,24482049,26455546,28004376,30334280,31451599,32872226,34331463,36035508,38557499,42897230,45333456,46629050,54104882,77781505
 "42644","Seattle-Bellevue-Kent, WA (Metropolitan Division)", ,CAGDP2,60,"54","   Professional, scientific, and technical services ","Thousands of dollars",10375799,10260387,10884916,11662781,12804889,13730486,15972894,17231435,16078192,17374031,18374183,19847404,20538393,21556494,22412912,23642187,25499841,29030653,30535621,32160256,38188426,42493335
 "42644","Seattle-Bellevue-Kent, WA (Metropolitan Division)", ,CAGDP2,64,"55","   Management of companies and enterprises ","Thousands of dollars",2270995,2401338,2689231,2946211,2894397,3330274,3529410,3525127,3310661,3770760,3935494,4400410,4610260,4694244,4931362,5093129,5224500,5582346,5900009,5739779,6058569,24135344
 "42644","Seattle-Bellevue-Kent, WA (Metropolitan Division)", ,CAGDP2,65,"56","   Administrative and support and waste management and remediation services ","Thousands of dollars",3751269,3868352,4116060,4286351,4651661,4988629,5564514,5611519,5093196,5310755,5694699,6086466,6302946,6621488,6987188,7300192,7833158,8284231,8897827,8729015,9857886,11152826
 "42644","Seattle-Bellevue-Kent, WA (Metropolitan Division)", ,CAGDP2,68,"61,62","  Educational services, health care, and social assistance ","Thousands of dollars",7025508,7460536,7825812,8360140,8757513,9222542,9741619,10800930,11577249,12056108,12661721,13372004,13899026,14344394,15184817,16484687,17639613,18527371,19229078,18809379,20568035,21640077
 "42644","Seattle-Bellevue-Kent, WA (Metropolitan Division)", ,CAGDP2,69,"61","   Educational services ","Thousands of dollars",800865,788720,840336,932600,912063,957675,1039814,1178943,1273669,1372314,1419475,1475551,1516134,1521220,1491483,1452222,1455779,1521236,1656955,1641567,1798043,1943087
 "42644","Seattle-Bellevue-Kent, WA (Metropolitan Division)", ,CAGDP2,70,"62","   Health care and social assistance ","Thousands of dollars",6224642,6671816,6985476,7427540,7845450,8264867,8701805,9621986,10303580,10683793,11242246,11896453,12382892,12823174,13693334,15032466,16183834,17006135,17572124,17167811,18769992,19696990
 "42644","Seattle-Bellevue-Kent, WA (Metropolitan Division)", ,CAGDP2,75,"71,72","  Arts, entertainment, recreation, accommodation, and food services ","Thousands of dollars",4392281,4522374,4785839,5218994,5778626,6620895,7075575,7162737,6572848,6852976,7285699,7726972,8557814,9059826,10078188,11112322,12659780,13554558,13193125,9099398,11703010,14753494
 "42644","Seattle-Bellevue-Kent, WA (Metropolitan Division)", ,CAGDP2,76,"71","   Arts, entertainment, and recreation ","Thousands of dollars",1154342,1177060,1246877,1427766,1595455,1931336,2068799,2282610,2104106,2037768,2118086,2247965,2464795,2485249,2359579,2527068,2914497,3387070,3416688,2315837,2888289,3918631
 "42644","Seattle-Bellevue-Kent, WA (Metropolitan Division)", ,CAGDP2,79,"72","   Accommodation and food services ","Thousands of dollars",3237939,3345313,3538963,3791228,4183171,4689559,5006776,4880127,4468742,4815208,5167613,5479007,6093019,6574577,7718609,8585255,9745283,10167489,9776437,6783561,8814721,10834863
 "42644","Seattle-Bellevue-Kent, WA (Metropolitan Division)", ,CAGDP2,82,"81","  Other services (except government and government enterprises) ","Thousands of dollars",2997291,3138375,3029644,3112049,3280446,3414170,3656708,3795808,3780441,3768282,3957108,4177510,4441565,4610743,4900728,5237590,5747091,6189729,6526046,6169471,6694773,7323747
 "42644","Seattle-Bellevue-Kent, WA (Metropolitan Division)", ,CAGDP2,83,"92","Government and government enterprises ","Thousands of dollars",12628017,13247408,13893846,14632626,15767475,16670395,17504821,18948967,19612751,19973708,19907036,20742847,21778590,22629952,23443254,24705545,25751709,27284660,28463164,29965753,30911393,32279287
 "42644","Seattle-Bellevue-Kent, WA (Metropolitan Division)", ,CAGDP2,87,"11,21","Natural resources and mining ","Thousands of dollars",388128,347796,515665,632630,707760,873850,906669,1008195,891654,718071,596858,560732,547286,663917,733559,663894,604667,734657,764181,720174,746392,925292
 "42644","Seattle-Bellevue-Kent, WA (Metropolitan Division)", ,CAGDP2,88,"42,44-45","Trade ","Thousands of dollars",19052526,19008980,19793156,21055088,22532730,23973477,24813443,25608129,24702282,26690215,28560671,31070169,33829517,36558992,40347127,45068282,52718824,58379096,63473596,69581044,76849162,55759255
 "42644","Seattle-Bellevue-Kent, WA (Metropolitan Division)", ,CAGDP2,89,"22,48-49","Transportation and utilities ","Thousands of dollars",4772230,4729305,5054338,5528152,5701788,6280143,6219948,6294199,6210460,6926762,7059426,7364762,7498201,8105974,9095706,9876305,10299793,10683702,11681532,8924460,10928238,14182335
 "42644","Seattle-Bellevue-Kent, WA (Metropolitan Division)", ,CAGDP2,90,"31-33,51","Manufacturing and information ","Thousands of dollars",41657570,42433241,41387553,40898798,46316879,51015473,59359758,60028787,62011321,63992681,69946555,77107441,80671000,87480712,92975207,92581748,102021300,109412281,125117563,129547467,140196652,150793237
 "42644","Seattle-Bellevue-Kent, WA (Metropolitan Division)", ,CAGDP2,91,"...","Private goods-producing industries 2/","Thousands of dollars",28362804,27280321,25131971,25554691,30740120,35844854,41022099,39203891,39095686,40020419,42511545,47564352,50316810,54431433,58506020,53762682,57660158,60216531,62687287,49246300,51219344,54976234
 "42644","Seattle-Bellevue-Kent, WA (Metropolitan Division)", ,CAGDP2,92,"...","Private services-providing industries 3/","Thousands of dollars",98845466,101447246,106554979,110812405,118910141,126258007,137598038,144298929,140608601,145968818,154394136,165782169,176084578,188702287,201629017,220394421,243662685,268018786,292344810,312916129,350893743,374103323
 "45104","Tacoma-Lakewood, WA (Metropolitan Division)", ,CAGDP2,1,"...","All industry total ","Thousands of dollars",19204358,20369779,21797379,23872676,26611502,28344185,30932002,32018138,31979902,33018401,33368614,33962824,35256770,35978619,37895128,39020295,41118781,44297415,46733604,48212904,53086306,56444488
 "45104","Tacoma-Lakewood, WA (Metropolitan Division)", ,CAGDP2,2,"..."," Private industries ","Thousands of dollars",14596185,15431635,16526718,18203145,20180123,21480625,23548969,23729014,23139800,23868530,24181902,24347172,25689341,26581782,28425119,29338822,31075952,33780689,35782074,36783511,41044930,43816972
 "45104","Tacoma-Lakewood, WA (Metropolitan Division)", ,CAGDP2,3,"11","  Agriculture, forestry, fishing and hunting ","Thousands of dollars",69093,74978,102637,96230,91711,78607,50461,59879,77242,80700,87791,117323,111141,110791,123115,49142,42590,49063,47124,54120,62373,106856
 "45104","Tacoma-Lakewood, WA (Metropolitan Division)", ,CAGDP2,6,"21","  Mining, quarrying, and oil and gas extraction ","Thousands of dollars",16800,16296,20389,21316,40619,65131,56407,40434,41632,42184,35883,25480,26660,28109,23479,27149,31491,38618,34867,36584,46925,54368
 "45104","Tacoma-Lakewood, WA (Metropolitan Division)", ,CAGDP2,10,"22","  Utilities ","Thousands of dollars",85188,80313,101408,116253,98845,117081,110381,126472,113781,126528,109287,105846,120952,122374,143020,140677,145234,136468,173224,174559,186603,147652
 "45104","Tacoma-Lakewood, WA (Metropolitan Division)", ,CAGDP2,11,"23","  Construction ","Thousands of dollars",1100212,1119695,1288893,1494929,1684104,1839122,2101434,1956039,1508949,1204011,1157084,1131550,1490904,1660620,1903598,2128974,2474283,2709406,2953424,3022455,3301362,3484930
 "45104","Tacoma-Lakewood, WA (Metropolitan Division)", ,CAGDP2,12,"31-33","  Manufacturing ","Thousands of dollars",1775933,1986633,2245696,2544062,3556673,3657488,4128016,3588933,3574754,3920137,3769890,3548333,3500838,3207906,3185603,2519753,2413907,2641529,2643570,2338932,2428905,2711746
 "45104","Tacoma-Lakewood, WA (Metropolitan Division)", ,CAGDP2,13,"321,327-339","   Durable goods manufacturing ","Thousands of dollars",1173520,1267990,(D),1871704,2347640,2585585,2898997,(D),2408441,2477929,2442319,2234758,2179139,2037801,1798935,1446536,1338288,1469050,1483377,1275499,1373125,1498942
 "45104","Tacoma-Lakewood, WA (Metropolitan Division)", ,CAGDP2,25,"311-316,322-326","   Nondurable goods manufacturing ","Thousands of dollars",602413,718643,(D),672358,1209033,1071904,1229020,(D),1166313,1442207,1327572,1313575,1321699,1170105,1386668,1073217,1075619,1172479,1160193,1063434,1055780,1212803
 "45104","Tacoma-Lakewood, WA (Metropolitan Division)", ,CAGDP2,34,"42","  Wholesale trade ","Thousands of dollars",862756,867954,938101,1037480,1164483,1304176,1454637,1511610,1463731,1566730,1636346,1701265,1861172,2027048,2231407,2204292,2231606,2277940,2362850,2286667,2567637,2823794
 "45104","Tacoma-Lakewood, WA (Metropolitan Division)", ,CAGDP2,35,"44-45","  Retail trade ","Thousands of dollars",1580877,1687310,1749613,1808338,1916427,2050313,2183979,2068293,1898730,1943295,1973137,1975552,2116181,2254502,2458955,2810536,2964572,2959080,3236246,3844644,4775274,4081402
 "45104","Tacoma-Lakewood, WA (Metropolitan Division)", ,CAGDP2,36,"48-49","  Transportation and warehousing ","Thousands of dollars",576602,586476,679355,833609,949383,1027178,995440,1036118,965286,1016325,1074458,1114692,1181780,1139850,1200170,1285166,1444764,1803574,1853519,1989095,2290616,2574377
 "45104","Tacoma-Lakewood, WA (Metropolitan Division)", ,CAGDP2,45,"51","  Information ","Thousands of dollars",372181,365214,347952,425896,491022,542802,639559,682359,586833,541582,518354,484755,541776,577350,711272,752184,830376,900687,994126,1019309,1068657,1127939
 "45104","Tacoma-Lakewood, WA (Metropolitan Division)", ,CAGDP2,50,"52,53","  Finance, insurance, real estate, rental, and leasing ","Thousands of dollars",3930315,4081269,4176973,4587145,4650194,4824768,5337263,5751273,5862059,6093194,6179804,6140900,6435017,6755237,7083621,7529068,8043724,9007041,9490512,10622209,11607040,12517820
 "45104","Tacoma-Lakewood, WA (Metropolitan Division)", ,CAGDP2,51,"52","   Finance and insurance ","Thousands of dollars",819868,879800,941224,1135668,925789,976179,1071462,1057105,1122741,1142134,1022068,1107896,1082643,1169916,1263236,1424882,1462240,1556214,1678980,1939235,2090393,2093587
 "45104","Tacoma-Lakewood, WA (Metropolitan Division)", ,CAGDP2,56,"53","   Real estate and rental and leasing ","Thousands of dollars",3110446,3201469,3235749,3451477,3724405,3848589,4265801,4694168,4739319,4951060,5157735,5033004,5352374,5585321,5820384,6104187,6581484,7450828,7811532,8682974,9516647,10424233
 "45104","Tacoma-Lakewood, WA (Metropolitan Division)", ,CAGDP2,59,"54,55,56","  Professional and business services ","Thousands of dollars",1166997,1292993,1448417,1580374,1674078,1798136,2016208,2132642,2121003,2172163,2240803,2191997,2261743,2419453,2553107,2735494,2962423,3260223,3518641,3603677,4196902,4736761
 "45104","Tacoma-Lakewood, WA (Metropolitan Division)", ,CAGDP2,60,"54","   Professional, scientific, and technical services ","Thousands of dollars",676044,742265,777909,879592,919155,970487,1053898,1138287,1119282,1110699,1136818,1080025,1091526,1154396,1188872,1273355,1303960,1456210,1595728,1676004,1923114,2122128
 "45104","Tacoma-Lakewood, WA (Metropolitan Division)", ,CAGDP2,64,"55","   Management of companies and enterprises ","Thousands of dollars",98695,99438,128675,144029,113318,110331,118355,125839,112963,92907,83533,86723,92202,123254,90378,91567,92550,90998,107398,109316,124528,116800
 "45104","Tacoma-Lakewood, WA (Metropolitan Division)", ,CAGDP2,65,"56","   Administrative and support and waste management and remediation services ","Thousands of dollars",392258,451290,541833,556753,641605,717319,843955,868515,888758,968556,1020451,1025249,1078014,1141803,1273857,1370572,1565913,1713015,1815516,1818357,2149260,2497832
 "45104","Tacoma-Lakewood, WA (Metropolitan Division)", ,CAGDP2,68,"61,62","  Educational services, health care, and social assistance ","Thousands of dollars",1792030,1918679,2048288,2155289,2262702,2437219,2635891,2937839,3168440,3344198,3490442,3728679,3905792,4063669,4413241,4647809,4791355,5080409,5445609,5276334,5457689,5862544
 "45104","Tacoma-Lakewood, WA (Metropolitan Division)", ,CAGDP2,69,"61","   Educational services ","Thousands of dollars",168400,169321,184239,205654,199596,210350,219475,249060,278002,299055,306265,311090,309415,305419,290009,290849,287970,290217,314894,316042,361218,379856
 "45104","Tacoma-Lakewood, WA (Metropolitan Division)", ,CAGDP2,70,"62","   Health care and social assistance ","Thousands of dollars",1623630,1749358,1864049,1949635,2063106,2226869,2416416,2688779,2890438,3045143,3184177,3417589,3596378,3758250,4123232,4356959,4503385,4790192,5130714,4960292,5096471,5482688
 "45104","Tacoma-Lakewood, WA (Metropolitan Division)", ,CAGDP2,75,"71,72","  Arts, entertainment, recreation, accommodation, and food services ","Thousands of dollars",661166,697178,722821,800063,870337,966675,1030379,1037818,978580,1025066,1083401,1215618,1242424,1290544,1420132,1471260,1595207,1722383,1771135,1353461,1816752,2206656
 "45104","Tacoma-Lakewood, WA (Metropolitan Division)", ,CAGDP2,76,"71","   Arts, entertainment, and recreation ","Thousands of dollars",148278,162296,165418,175549,195389,211545,238297,250487,252675,272517,285558,293681,282117,290639,289758,295226,304343,333061,334250,245531,368330,454726
 "45104","Tacoma-Lakewood, WA (Metropolitan Division)", ,CAGDP2,79,"72","   Accommodation and food services ","Thousands of dollars",512889,534881,557403,624514,674948,755130,792082,787331,725905,752548,797843,921937,960307,999905,1130374,1176034,1290864,1389322,1436885,1107930,1448421,1751930
 "45104","Tacoma-Lakewood, WA (Metropolitan Division)", ,CAGDP2,82,"81","  Other services (except government and government enterprises) ","Thousands of dollars",606037,656645,656176,702161,729545,771928,808912,799306,778779,792417,825222,865181,892960,924330,974398,1037317,1104421,1194267,1257228,1161463,1238195,1380127
 "45104","Tacoma-Lakewood, WA (Metropolitan Division)", ,CAGDP2,83,"92","Government and government enterprises ","Thousands of dollars",4608173,4938144,5270661,5669531,6431379,6863560,7383033,8289124,8840102,9149871,9186713,9615652,9567429,9396837,9470009,9681474,10042829,10516726,10951530,11429394,12041377,12627516
 "45104","Tacoma-Lakewood, WA (Metropolitan Division)", ,CAGDP2,87,"11,21","Natural resources and mining ","Thousands of dollars",85893,91274,123026,117546,132329,143738,106868,100313,118874,122884,123674,142803,137802,138900,146594,76291,74081,87681,81991,90704,109297,161224
 "45104","Tacoma-Lakewood, WA (Metropolitan Division)", ,CAGDP2,88,"42,44-45","Trade ","Thousands of dollars",2443633,2555265,2687714,2845819,3080910,3354489,3638617,3579903,3362461,3510025,3609483,3676817,3977353,4281550,4690362,5014828,5196178,5237020,5599096,6131312,7342911,6905196
 "45104","Tacoma-Lakewood, WA (Metropolitan Division)", ,CAGDP2,89,"22,48-49","Transportation and utilities ","Thousands of dollars",661790,666789,780763,949863,1048228,1144259,1105821,1162590,1079067,1142853,1183745,1220539,1302732,1262224,1343191,1425843,1589998,1940042,2026743,2163654,2477220,2722028
 "45104","Tacoma-Lakewood, WA (Metropolitan Division)", ,CAGDP2,90,"31-33,51","Manufacturing and information ","Thousands of dollars",2148113,2351847,2593648,2969958,4047695,4200290,4767576,4271291,4161587,4461718,4288245,4033088,4042614,3785256,3896875,3271937,3244283,3542216,3637695,3358241,3497562,3839685
 "45104","Tacoma-Lakewood, WA (Metropolitan Division)", ,CAGDP2,91,"...","Private goods-producing industries 2/","Thousands of dollars",2962037,3197602,3657615,4156536,5373107,5640348,6336317,5645285,5202577,5247032,5050648,4822686,5129544,5007426,5235796,4725019,4962271,5438616,5678985,5452091,5839565,6357900
 "45104","Tacoma-Lakewood, WA (Metropolitan Division)", ,CAGDP2,92,"...","Private services-providing industries 3/","Thousands of dollars",11634149,12234033,12869104,14046608,14807016,15840277,17212652,18083729,17937223,18621498,19131253,19524487,20559797,21574356,23189323,24613803,26113681,28342072,30103089,31331419,35205365,37459072
 "47664","Warren-Troy-Farmington Hills, MI (Metropolitan Division)", ,CAGDP2,1,"...","All industry total ","Thousands of dollars",109855625,114726429,119074229,123381941,127627813,124576218,125817231,118361357,110451640,118140836,125213835,133419223,138030482,142266143,149487407,155089009,159061050,165600300,168737575,165305569,179494789,192555023
 "47664","Warren-Troy-Farmington Hills, MI (Metropolitan Division)", ,CAGDP2,2,"..."," Private industries ","Thousands of dollars",102583181,107023224,111124183,115111550,118972487,115673229,116663116,108960348,100902016,108433952,115610678,123870830,128339240,132506340,139389790,144974906,148726087,155109303,157872960,154104918,167896662,180366339
 "47664","Warren-Troy-Farmington Hills, MI (Metropolitan Division)", ,CAGDP2,3,"11","  Agriculture, forestry, fishing and hunting ","Thousands of dollars",(D),117730,89409,(D),(D),(D),89877,93477,65264,68887,127002,136781,(D),(D),(D),(D),(D),(D),85550,145977,232901,244460
 "47664","Warren-Troy-Farmington Hills, MI (Metropolitan Division)", ,CAGDP2,6,"21","  Mining, quarrying, and oil and gas extraction ","Thousands of dollars",40954,40280,40169,51054,55988,62888,53836,59680,56581,65512,79658,76240,65863,64748,65675,74323,79672,71214,78595,100450,(D),138569
 "47664","Warren-Troy-Farmington Hills, MI (Metropolitan Division)", ,CAGDP2,10,"22","  Utilities ","Thousands of dollars",(D),776943,(D),869382,873349,1045016,1112106,1213958,1306640,1302077,1308360,(D),(D),(D),(D),1215382,(D),(D),1241482,1185229,(D),1710943
 "47664","Warren-Troy-Farmington Hills, MI (Metropolitan Division)", ,CAGDP2,11,"23","  Construction ","Thousands of dollars",5792753,5680421,5692947,6067123,6101581,5551461,4786397,3754920,3181252,3279225,3271949,3285382,4124427,4822259,5385092,5763221,6163877,6343892,6423990,6461546,6995987,7563240
 "47664","Warren-Troy-Farmington Hills, MI (Metropolitan Division)", ,CAGDP2,12,"31-33","  Manufacturing ","Thousands of dollars",22541845,23404111,23908733,21873752,22279530,20573788,21803518,18079150,13561074,18448973,21345414,24601822,25564382,24872612,26088625,27222336,27425328,27576375,26384030,23627512,24443765,26122768
 "47664","Warren-Troy-Farmington Hills, MI (Metropolitan Division)", ,CAGDP2,13,"321,327-339","   Durable goods manufacturing ","Thousands of dollars",(D),20663798,21139749,18957390,19615468,17500700,(D),15568025,11180536,15927496,18470691,21373724,22231611,21475011,22281363,23279602,23289000,23084548,22018105,19491675,20325129,21623448
 "47664","Warren-Troy-Farmington Hills, MI (Metropolitan Division)", ,CAGDP2,25,"311-316,322-326","   Nondurable goods manufacturing ","Thousands of dollars",(D),2740313,2768985,2916362,2664062,3073088,(D),2511125,2380538,2521477,2874723,3228098,3332771,3397602,3807262,3942734,4136328,4491827,4365925,4135837,4118636,4499321
 "47664","Warren-Troy-Farmington Hills, MI (Metropolitan Division)", ,CAGDP2,34,"42","  Wholesale trade ","Thousands of dollars",(D),8319563,8707012,(D),9556441,9587342,9723014,10131466,9234592,10228225,(D),(D),(D),12080470,12298321,12475854,(D),(D),14778455,14076988,(D),15560643
 "47664","Warren-Troy-Farmington Hills, MI (Metropolitan Division)", ,CAGDP2,35,"44-45","  Retail trade ","Thousands of dollars",7360903,7456202,7724486,7647326,7898838,7699604,7637749,7594375,7650636,7853306,8110704,8350592,8592777,8942949,9441326,10146988,10578780,11064627,11260083,11711129,13884989,15018451
 "47664","Warren-Troy-Farmington Hills, MI (Metropolitan Division)", ,CAGDP2,36,"48-49","  Transportation and warehousing ","Thousands of dollars",(D),(D),(D),(D),(D),(D),(D),(D),(D),(D),(D),1671605,1720721,(D),(D),2176414,(D),(D),2859654,2875439,(D),4012481
 "47664","Warren-Troy-Farmington Hills, MI (Metropolitan Division)", ,CAGDP2,45,"51","  Information ","Thousands of dollars",(D),3601965,(D),(D),3749155,3619833,3766509,3971780,3959302,4140271,4223673,3923203,4266307,4425033,4420790,4527242,4531170,4682398,5206050,5204259,5677860,6037173
 "47664","Warren-Troy-Farmington Hills, MI (Metropolitan Division)", ,CAGDP2,50,"52,53","  Finance, insurance, real estate, rental, and leasing ","Thousands of dollars",22953832,24818088,26463371,29299884,30104324,28813122,28429135,24161036,24323837,24180402,24950389,26788207,27368914,29764376,31497311,32614748,32086922,33756373,35026266,38406817,40494151,42553701
 "47664","Warren-Troy-Farmington Hills, MI (Metropolitan Division)", ,CAGDP2,51,"52","   Finance and insurance ","Thousands of dollars",7911905,9047050,10758608,13663753,13648528,12644849,11450267,7613895,7994146,7672029,7574454,8539386,7641355,9066423,10626613,11218382,9910469,10489647,11162927,11934393,12590738,12421383
 "47664","Warren-Troy-Farmington Hills, MI (Metropolitan Division)", ,CAGDP2,56,"53","   Real estate and rental and leasing ","Thousands of dollars",15041927,15771037,15704763,15636131,16455796,16168274,16978867,16547140,16329691,16508373,17375935,18248821,19727559,20697953,20870698,21396366,22176453,23266726,23863338,26472424,27903413,30132318
 "47664","Warren-Troy-Farmington Hills, MI (Metropolitan Division)", ,CAGDP2,59,"54,55,56","  Professional and business services ","Thousands of dollars",18366016,19357029,20034327,(D),21884159,21639099,(D),(D),(D),(D),(D),24401796,(D),(D),(D),(D),29744102,31232075,31493752,29911449,33964061,36392840
 "47664","Warren-Troy-Farmington Hills, MI (Metropolitan Division)", ,CAGDP2,60,"54","   Professional, scientific, and technical services ","Thousands of dollars",(D),12589455,12776453,(D),13445263,13535723,(D),(D),(D),(D),(D),(D),(D),(D),(D),(D),20293822,20994282,21297299,20394270,22424073,24106585
 "47664","Warren-Troy-Farmington Hills, MI (Metropolitan Division)", ,CAGDP2,64,"55","   Management of companies and enterprises ","Thousands of dollars",(D),2564937,2648190,(D),3083003,2807214,(D),(D),(D),(D),(D),(D),(D),(D),(D),(D),3449483,3946855,3935719,3734999,4690973,4885881
 "47664","Warren-Troy-Farmington Hills, MI (Metropolitan Division)", ,CAGDP2,65,"56","   Administrative and support and waste management and remediation services ","Thousands of dollars",4389875,4202637,4609683,4821715,5355893,5296162,5475854,5322435,4758189,5116678,5336234,5530634,5595958,5563677,5707834,5673831,6000797,6290938,6260733,5782180,6849014,7400374
 "47664","Warren-Troy-Farmington Hills, MI (Metropolitan Division)", ,CAGDP2,68,"61,62","  Educational services, health care, and social assistance ","Thousands of dollars",6492014,7074458,7433710,8117047,8708007,9293638,9600658,10363211,10748306,10878283,11143913,11483926,11483093,11630087,12154660,12782024,13132448,13640069,14127738,13404199,14212671,14991737
 "47664","Warren-Troy-Farmington Hills, MI (Metropolitan Division)", ,CAGDP2,69,"61","   Educational services ","Thousands of dollars",377717,397236,463202,547736,574166,596303,644260,702431,797545,874964,857183,976444,1018257,1055732,1059565,1085566,1073153,1082724,1067052,924161,1014381,1096937
 "47664","Warren-Troy-Farmington Hills, MI (Metropolitan Division)", ,CAGDP2,70,"62","   Health care and social assistance ","Thousands of dollars",6114297,6677221,6970508,7569311,8133841,8697335,8956398,9660780,9950761,10003319,10286730,10507483,10464836,10574355,11095095,11696458,12059295,12557345,13060686,12480038,13198290,13894800
 "47664","Warren-Troy-Farmington Hills, MI (Metropolitan Division)", ,CAGDP2,75,"71,72","  Arts, entertainment, recreation, accommodation, and food services ","Thousands of dollars",2564387,2727217,2821925,3041211,3196958,3053441,3117734,3166297,3154627,3218362,3184070,3457839,3611356,3808038,4195613,4478203,4748482,5107077,5272507,3647225,4758303,5871383
 "47664","Warren-Troy-Farmington Hills, MI (Metropolitan Division)", ,CAGDP2,76,"71","   Arts, entertainment, and recreation ","Thousands of dollars",725544,771645,786860,870868,980127,836389,810236,871228,910511,928888,816085,844497,864486,875429,915155,956471,1042518,1141128,1242327,688728,927784,1075448
 "47664","Warren-Troy-Farmington Hills, MI (Metropolitan Division)", ,CAGDP2,79,"72","   Accommodation and food services ","Thousands of dollars",1838843,1955572,2035064,2170343,2216832,2217052,2307498,2295070,2244116,2289474,2367985,2613342,2746870,2932609,3280457,3521732,3705964,3965948,4030180,2958497,3830519,4795935
 "47664","Warren-Troy-Farmington Hills, MI (Metropolitan Division)", ,CAGDP2,82,"81","  Other services (except government and government enterprises) ","Thousands of dollars",(D),(D),2225297,2444389,2637918,2667903,2663197,2618590,2567546,2643107,2610873,2726012,2782939,2963792,3102632,3244064,3348461,3563548,3634809,3346701,3700592,4147950
 "47664","Warren-Troy-Farmington Hills, MI (Metropolitan Division)", ,CAGDP2,83,"92","Government and government enterprises ","Thousands of dollars",7272445,7703204,7950046,8270391,8655326,8902989,9154115,9401009,9549623,9706883,9603157,9548393,9691242,9759802,10097618,10114103,10334963,10490996,10864615,11200651,11598127,12188685
 "47664","Warren-Troy-Farmington Hills, MI (Metropolitan Division)", ,CAGDP2,87,"11,21","Natural resources and mining ","Thousands of dollars",(D),158010,129577,(D),(D),(D),143713,153157,121845,134399,206660,213020,(D),(D),(D),(D),(D),(D),164145,246427,(D),383029
 "47664","Warren-Troy-Farmington Hills, MI (Metropolitan Division)", ,CAGDP2,88,"42,44-45","Trade ","Thousands of dollars",(D),15775764,16431498,(D),17455279,17286946,17360763,17725842,16885228,18081530,(D),(D),(D),21023420,21739647,22622842,(D),(D),26038538,25788116,(D),30579094
 "47664","Warren-Troy-Farmington Hills, MI (Metropolitan Division)", ,CAGDP2,89,"22,48-49","Transportation and utilities ","Thousands of dollars",(D),(D),(D),(D),(D),(D),(D),(D),(D),(D),(D),(D),(D),(D),(D),3391796,(D),(D),4101136,4060668,(D),5723424
 "47664","Warren-Troy-Farmington Hills, MI (Metropolitan Division)", ,CAGDP2,90,"31-33,51","Manufacturing and information ","Thousands of dollars",(D),27006075,(D),(D),26028685,24193620,25570027,22050931,17520376,22589244,25569087,28525025,29830689,29297645,30509415,31749578,31956499,32258774,31590080,28831771,30121625,32159941
 "47664","Warren-Troy-Farmington Hills, MI (Metropolitan Division)", ,CAGDP2,91,"...","Private goods-producing industries 2/","Thousands of dollars",(D),29242542,29731257,(D),(D),(D),26733628,21987227,16864171,21862597,24824024,28100225,(D),(D),(D),(D),(D),(D),32972166,30335485,(D),34069037
 "47664","Warren-Troy-Farmington Hills, MI (Metropolitan Division)", ,CAGDP2,92,"...","Private services-providing industries 3/","Thousands of dollars",(D),77780683,81392925,(D),(D),(D),89929488,86973121,84037845,86571355,90786654,95770605,(D),(D),(D),(D),(D),(D),124900795,123769433,(D),146297301
 "47894","Washington-Arlington-Alexandria, DC-VA-MD-WV (Metropolitan Division) *", ,CAGDP2,1,"...","All industry total ","Thousands of dollars",210393663,222993624,236487689,257639543,276970513,291079450,305214803,317847927,322925207,339633679,348862908,358083925,365515175,377059791,391754137,406518588,421921100,443117020,463043276,465214538,501133901,536724762
 "47894","Washington-Arlington-Alexandria, DC-VA-MD-WV (Metropolitan Division) *", ,CAGDP2,2,"..."," Private industries ","Thousands of dollars",161573066,169991608,179846803,197100589,212229650,224048537,234676648,243005440,243870366,255942286,263264887,271790538,278173793,287321923,299747086,311673083,324533305,341079192,358392385,356079617,386920628,416930286
 "47894","Washington-Arlington-Alexandria, DC-VA-MD-WV (Metropolitan Division) *", ,CAGDP2,3,"11","  Agriculture, forestry, fishing and hunting ","Thousands of dollars",(D),(D),(D),(D),75050,(D),(D),(D),(D),133769,141772,172649,(D),(D),(D),(D),141617,(D),(D),(D),80540,113802
 "47894","Washington-Arlington-Alexandria, DC-VA-MD-WV (Metropolitan Division) *", ,CAGDP2,6,"21","  Mining, quarrying, and oil and gas extraction ","Thousands of dollars",156879,(D),137987,155849,218961,(D),(D),269451,(D),239004,217743,223406,196008,187283,157956,(D),220316,(D),275800,223568,(D),(D)
 "47894","Washington-Arlington-Alexandria, DC-VA-MD-WV (Metropolitan Division) *", ,CAGDP2,10,"22","  Utilities ","Thousands of dollars",2779558,2695921,2889891,3245654,3350283,(D),4215999,4400092,5156109,6048520,5858333,5321224,(D),5389205,5899093,6156310,6697307,6749157,6908857,(D),(D),(D)
 "47894","Washington-Arlington-Alexandria, DC-VA-MD-WV (Metropolitan Division) *", ,CAGDP2,11,"23","  Construction ","Thousands of dollars",9299032,(D),10293403,12271281,(D),(D),(D),(D),(D),(D),(D),(D),(D),(D),(D),(D),17387307,(D),(D),(D),(D),(D)
 "47894","Washington-Arlington-Alexandria, DC-VA-MD-WV (Metropolitan Division) *", ,CAGDP2,12,"31-33","  Manufacturing ","Thousands of dollars",(D),(D),(D),(D),(D),(D),(D),5154449,(D),(D),(D),(D),5123651,5368653,5320100,5410977,5591829,5865621,5874000,5915629,6046928,6561822
 "47894","Washington-Arlington-Alexandria, DC-VA-MD-WV (Metropolitan Division) *", ,CAGDP2,13,"321,327-339","   Durable goods manufacturing ","Thousands of dollars",(D),(D),(D),(D),(D),(D),(D),(D),(D),(D),(D),(D),(D),(D),(D),(D),(D),(D),(D),(D),(D),(D)
 "47894","Washington-Arlington-Alexandria, DC-VA-MD-WV (Metropolitan Division) *", ,CAGDP2,25,"311-316,322-326","   Nondurable goods manufacturing ","Thousands of dollars",(D),(D),(D),(D),(D),(D),(D),(D),(D),(D),(D),(D),(D),(D),(D),(D),(D),(D),(D),(D),(D),(D)
 "47894","Washington-Arlington-Alexandria, DC-VA-MD-WV (Metropolitan Division) *", ,CAGDP2,34,"42","  Wholesale trade ","Thousands of dollars",(D),(D),(D),(D),(D),(D),(D),(D),(D),(D),(D),(D),11596999,12040867,12505214,12978762,13637131,14221594,15225720,15583145,17216233,18373750
 "47894","Washington-Arlington-Alexandria, DC-VA-MD-WV (Metropolitan Division) *", ,CAGDP2,35,"44-45","  Retail trade ","Thousands of dollars",9570117,10070688,10769690,11253083,11947490,(D),(D),(D),(D),(D),(D),(D),13826457,14289351,(D),(D),(D),16702378,17652741,18285359,20847830,22301928
 "47894","Washington-Arlington-Alexandria, DC-VA-MD-WV (Metropolitan Division) *", ,CAGDP2,36,"48-49","  Transportation and warehousing ","Thousands of dollars",(D),(D),(D),(D),(D),(D),(D),(D),(D),(D),(D),(D),5985697,6751150,7542971,7568917,7550885,7588163,8186830,6125977,7691272,9538662
 "47894","Washington-Arlington-Alexandria, DC-VA-MD-WV (Metropolitan Division) *", ,CAGDP2,45,"51","  Information ","Thousands of dollars",(D),(D),(D),(D),(D),(D),(D),(D),(D),21815854,(D),(D),(D),(D),(D),(D),(D),(D),25857373,27039437,32016044,34458723
 "47894","Washington-Arlington-Alexandria, DC-VA-MD-WV (Metropolitan Division) *", ,CAGDP2,50,"52,53","  Finance, insurance, real estate, rental, and leasing ","Thousands of dollars",36722206,38041463,40084632,41173598,45920223,48460929,50879447,51427959,50940607,54563352,55833460,58932230,61350081,64464132,65176882,67456343,71473114,76414343,(D),80852191,86159198,(D)
 "47894","Washington-Arlington-Alexandria, DC-VA-MD-WV (Metropolitan Division) *", ,CAGDP2,51,"52","   Finance and insurance ","Thousands of dollars",(D),(D),(D),(D),12713967,(D),(D),(D),(D),(D),(D),(D),13839622,(D),(D),(D),(D),20532154,(D),(D),(D),(D)
 "47894","Washington-Arlington-Alexandria, DC-VA-MD-WV (Metropolitan Division) *", ,CAGDP2,56,"53","   Real estate and rental and leasing ","Thousands of dollars",(D),(D),(D),(D),33206256,(D),(D),(D),(D),(D),(D),(D),47510460,(D),(D),(D),(D),55882188,57547932,(D),(D),67451706
 "47894","Washington-Arlington-Alexandria, DC-VA-MD-WV (Metropolitan Division) *", ,CAGDP2,59,"54,55,56","  Professional and business services ","Thousands of dollars",42838024,45789542,49665872,(D),(D),(D),(D),(D),79769785,(D),88036877,91243418,90532382,(D),(D),(D),(D),(D),(D),(D),(D),(D)
 "47894","Washington-Arlington-Alexandria, DC-VA-MD-WV (Metropolitan Division) *", ,CAGDP2,60,"54","   Professional, scientific, and technical services ","Thousands of dollars",(D),36162862,(D),44275526,(D),(D),(D),(D),(D),(D),(D),(D),72923074,(D),(D),(D),(D),(D),(D),(D),(D),(D)
 "47894","Washington-Arlington-Alexandria, DC-VA-MD-WV (Metropolitan Division) *", ,CAGDP2,64,"55","   Management of companies and enterprises ","Thousands of dollars",(D),(D),(D),(D),(D),(D),(D),(D),(D),(D),(D),(D),6653697,6172017,6605031,6216348,6660209,7321819,7953202,8246556,8316258,9893252
 "47894","Washington-Arlington-Alexandria, DC-VA-MD-WV (Metropolitan Division) *", ,CAGDP2,65,"56","   Administrative and support and waste management and remediation services ","Thousands of dollars",(D),(D),(D),(D),(D),(D),(D),(D),(D),(D),(D),(D),10955611,11391592,11968775,12330644,13263332,13896605,14592182,14607939,15938543,17332949
 "47894","Washington-Arlington-Alexandria, DC-VA-MD-WV (Metropolitan Division) *", ,CAGDP2,68,"61,62","  Educational services, health care, and social assistance ","Thousands of dollars",11633591,12607271,(D),(D),15450650,16322375,(D),18986427,20732946,21506502,22274200,22942282,23707594,24489217,25529151,26907773,27673119,28884202,30032511,29492532,31521903,33404378
 "47894","Washington-Arlington-Alexandria, DC-VA-MD-WV (Metropolitan Division) *", ,CAGDP2,69,"61","   Educational services ","Thousands of dollars",(D),(D),(D),(D),(D),(D),(D),(D),(D),(D),(D),(D),6805403,6937247,7074463,7429010,7386045,7766361,7999508,7717250,7931017,8143119
 "47894","Washington-Arlington-Alexandria, DC-VA-MD-WV (Metropolitan Division) *", ,CAGDP2,70,"62","   Health care and social assistance ","Thousands of dollars",(D),(D),(D),(D),(D),(D),(D),(D),(D),(D),(D),(D),16902191,17551970,18454689,19478762,20287074,21117841,22033003,21775282,23590887,25261259
 "47894","Washington-Arlington-Alexandria, DC-VA-MD-WV (Metropolitan Division) *", ,CAGDP2,75,"71,72","  Arts, entertainment, recreation, accommodation, and food services ","Thousands of dollars",(D),7656230,8162020,(D),9239117,9751441,(D),10463741,10453869,(D),11344517,12271630,12587533,13208450,14422514,15260810,16482435,17449669,(D),12269057,15688421,19873145
 "47894","Washington-Arlington-Alexandria, DC-VA-MD-WV (Metropolitan Division) *", ,CAGDP2,76,"71","   Arts, entertainment, and recreation ","Thousands of dollars",(D),(D),(D),(D),(D),(D),(D),(D),(D),(D),(D),(D),2438081,2641154,(D),(D),(D),3503211,(D),2731756,3273560,(D)
 "47894","Washington-Arlington-Alexandria, DC-VA-MD-WV (Metropolitan Division) *", ,CAGDP2,79,"72","   Accommodation and food services ","Thousands of dollars",(D),(D),(D),(D),(D),(D),(D),(D),(D),(D),(D),(D),10149452,10567296,(D),(D),(D),13946459,14923097,9537301,12414861,(D)
 "47894","Washington-Arlington-Alexandria, DC-VA-MD-WV (Metropolitan Division) *", ,CAGDP2,82,"81","  Other services (except government and government enterprises) ","Thousands of dollars",8910005,9473967,(D),10386192,10989742,11579352,12360970,13125692,13213122,13289045,13689484,14267252,14773156,15594732,16435674,17008485,17676192,18782982,19505610,19532092,20244256,21576488
 "47894","Washington-Arlington-Alexandria, DC-VA-MD-WV (Metropolitan Division) *", ,CAGDP2,83,"92","Government and government enterprises ","Thousands of dollars",48820597,53002017,56640886,60538953,64740863,67030913,70538156,74842486,79054841,83691393,85598022,86293387,87341382,89737868,92007051,94845505,97387795,102037828,104650892,109134921,114213273,119794476
 "47894","Washington-Arlington-Alexandria, DC-VA-MD-WV (Metropolitan Division) *", ,CAGDP2,87,"11,21","Natural resources and mining ","Thousands of dollars",(D),318511,(D),(D),294011,431853,478246,(D),360464,372772,359514,396056,(D),(D),(D),(D),361933,(D),(D),(D),(D),(D)
 "47894","Washington-Arlington-Alexandria, DC-VA-MD-WV (Metropolitan Division) *", ,CAGDP2,88,"42,44-45","Trade ","Thousands of dollars",(D),(D),(D),(D),(D),21490320,21928968,21863131,21192474,22360203,23112567,23928596,25423456,26330218,(D),(D),(D),30923973,32878461,33868504,38064063,40675678
 "47894","Washington-Arlington-Alexandria, DC-VA-MD-WV (Metropolitan Division) *", ,CAGDP2,89,"22,48-49","Transportation and utilities ","Thousands of dollars",(D),(D),(D),(D),(D),(D),(D),(D),(D),(D),(D),(D),(D),12140355,13442064,13725227,14248193,14337320,15095687,(D),(D),(D)
 "47894","Washington-Arlington-Alexandria, DC-VA-MD-WV (Metropolitan Division) *", ,CAGDP2,90,"31-33,51","Manufacturing and information ","Thousands of dollars",21293359,22677118,23180504,26709691,27525338,26749099,27061244,(D),26239226,(D),26228286,23956206,(D),(D),(D),(D),(D),(D),31731372,32955066,38062972,41020545
 "47894","Washington-Arlington-Alexandria, DC-VA-MD-WV (Metropolitan Division) *", ,CAGDP2,91,"...","Private goods-producing industries 2/","Thousands of dollars",14753457,14712853,15393177,18081272,19399112,19795155,18864203,17360717,16244284,15557759,16258712,17926593,18639035,19630984,20471150,22227836,23341069,24449796,25845237,25963653,26824273,28918378
 "47894","Washington-Arlington-Alexandria, DC-VA-MD-WV (Metropolitan Division) *", ,CAGDP2,92,"...","Private services-providing industries 3/","Thousands of dollars",146819609,155278755,164453626,179019317,192830538,204253382,215812445,225644723,227626082,240384527,247006174,253863945,259534758,267690939,279275936,289445247,301192236,316629396,332547147,330115964,360096356,388011908
 "48424","West Palm Beach-Boca Raton-Boynton Beach, FL (Metropolitan Division)", ,CAGDP2,1,"...","All industry total ","Thousands of dollars",42266231,44987879,47881766,51816555,57189323,59878514,62096404,58862911,55858505,58042925,59529774,61569105,65147654,68379681,74144109,77813166,82713425,87313846,91009356,93486682,107678900,117543331
 "48424","West Palm Beach-Boca Raton-Boynton Beach, FL (Metropolitan Division)", ,CAGDP2,2,"..."," Private industries ","Thousands of dollars",38506656,40967182,43570310,47198324,52659019,55083150,56736564,53208043,49921920,52163504,53840795,55745198,59141904,62219108,67827360,71434169,76060474,80611472,84180176,86198667,100039124,109418511
 "48424","West Palm Beach-Boca Raton-Boynton Beach, FL (Metropolitan Division)", ,CAGDP2,3,"11","  Agriculture, forestry, fishing and hunting ","Thousands of dollars",901131,940138,(D),(D),1020710,988319,1141083,810445,681725,654900,373496,290917,715242,520112,714163,739981,761236,842237,805196,841584,1092362,1196502
 "48424","West Palm Beach-Boca Raton-Boynton Beach, FL (Metropolitan Division)", ,CAGDP2,6,"21","  Mining, quarrying, and oil and gas extraction ","Thousands of dollars",3696,2549,2619,5526,6568,11996,17634,23568,18332,36455,68483,111985,27829,18458,31743,22050,40462,50362,31602,67771,48554,63974
 "48424","West Palm Beach-Boca Raton-Boynton Beach, FL (Metropolitan Division)", ,CAGDP2,10,"22","  Utilities ","Thousands of dollars",736972,370079,317671,291838,266674,301826,312878,348496,476431,1070177,1618976,1796502,1708808,1942148,2171426,2063171,2401905,2473916,2383935,2511933,3112385,3640535
 "48424","West Palm Beach-Boca Raton-Boynton Beach, FL (Metropolitan Division)", ,CAGDP2,11,"23","  Construction ","Thousands of dollars",3294350,3536280,3613674,3762229,4574780,4938611,4550317,3311776,2196438,2359869,2459516,2163644,1876193,2454202,2959186,3481558,3695545,3962927,4263599,4327755,4975532,5268473
 "48424","West Palm Beach-Boca Raton-Boynton Beach, FL (Metropolitan Division)", ,CAGDP2,12,"31-33","  Manufacturing ","Thousands of dollars",2153476,2162784,2132733,2134439,2223189,2635581,3004248,2365661,2087927,2061842,1957292,1926502,1990846,2109110,2405587,2620033,2731483,2888687,2963579,2936155,3252304,3758473
 "48424","West Palm Beach-Boca Raton-Boynton Beach, FL (Metropolitan Division)", ,CAGDP2,13,"321,327-339","   Durable goods manufacturing ","Thousands of dollars",1504584,1485632,1454023,1526065,1704252,2104666,2488445,1872673,1591768,1553875,1475323,1425316,1457708,1546504,1729475,1878006,1981588,2154740,2211930,2192812,2397651,2773294
 "48424","West Palm Beach-Boca Raton-Boynton Beach, FL (Metropolitan Division)", ,CAGDP2,25,"311-316,322-326","   Nondurable goods manufacturing ","Thousands of dollars",648892,677152,678710,608374,518937,530916,515803,492988,496159,507968,481969,501186,533138,562605,676112,742027,749895,733948,751650,743343,854653,985179
 "48424","West Palm Beach-Boca Raton-Boynton Beach, FL (Metropolitan Division)", ,CAGDP2,34,"42","  Wholesale trade ","Thousands of dollars",2359442,2494984,2701843,3160148,3591459,4029674,4082444,4101118,3682173,3866216,3922148,4223457,4329984,4434042,4801343,4906005,5275413,5767522,5962432,5946699,6723007,6997312
 "48424","West Palm Beach-Boca Raton-Boynton Beach, FL (Metropolitan Division)", ,CAGDP2,35,"44-45","  Retail trade ","Thousands of dollars",3334316,3389073,3563254,3840852,4156293,4297739,4144979,3998224,3829617,3977846,4016757,4199945,4529290,4847084,5186053,5484533,5740531,5949549,6179387,6354189,7526815,8319562
 "48424","West Palm Beach-Boca Raton-Boynton Beach, FL (Metropolitan Division)", ,CAGDP2,36,"48-49","  Transportation and warehousing ","Thousands of dollars",458648,536735,(D),(D),656603,733211,654849,708000,635848,712897,878115,917701,971658,932531,982234,1047911,1146450,1365293,1682350,1342048,1631918,2138416
 "48424","West Palm Beach-Boca Raton-Boynton Beach, FL (Metropolitan Division)", ,CAGDP2,45,"51","  Information ","Thousands of dollars",1962416,2145171,2453201,2557329,2611201,2006126,1965042,2196366,2193667,2397557,2412706,2348949,2450664,2452203,2638277,2759987,2905440,2746796,2790047,2679937,2979642,3152521
 "48424","West Palm Beach-Boca Raton-Boynton Beach, FL (Metropolitan Division)", ,CAGDP2,50,"52,53","  Finance, insurance, real estate, rental, and leasing ","Thousands of dollars",9911984,10820125,11636296,12927331,14763177,15539288,16383232,15492937,15103929,15299995,16045285,16499341,18365972,18781379,20437366,21286755,22847056,24984242,25765254,28621222,32462249,34280418
 "48424","West Palm Beach-Boca Raton-Boynton Beach, FL (Metropolitan Division)", ,CAGDP2,51,"52","   Finance and insurance ","Thousands of dollars",2678701,2747650,3018840,3055670,3703746,4037634,3870624,2858026,3326574,3434701,3495840,3809071,4228772,4444648,4694708,4829558,5393061,5938370,6378903,7396606,8827029,9162902
 "48424","West Palm Beach-Boca Raton-Boynton Beach, FL (Metropolitan Division)", ,CAGDP2,56,"53","   Real estate and rental and leasing ","Thousands of dollars",7233283,8072475,8617456,9871660,11059431,11501655,12512608,12634911,11777355,11865293,12549446,12690269,14137200,14336731,15742658,16457198,17453995,19045871,19386351,21224616,23635219,25117517
 "48424","West Palm Beach-Boca Raton-Boynton Beach, FL (Metropolitan Division)", ,CAGDP2,59,"54,55,56","  Professional and business services ","Thousands of dollars",6345722,6967149,7495721,8155112,9589989,9703437,10115770,9200379,8361583,8879853,9040693,9791053,10177998,10992466,11832648,12588049,13391019,13651720,14806247,15494209,18621447,20681184
 "48424","West Palm Beach-Boca Raton-Boynton Beach, FL (Metropolitan Division)", ,CAGDP2,60,"54","   Professional, scientific, and technical services ","Thousands of dollars",3357844,3503278,3744688,4354349,4797202,5096582,5130476,5159933,4655492,4767487,5036595,5338815,5523457,5900615,6481238,6800585,7141545,7589961,8085854,8488115,10252790,11743655
 "48424","West Palm Beach-Boca Raton-Boynton Beach, FL (Metropolitan Division)", ,CAGDP2,64,"55","   Management of companies and enterprises ","Thousands of dollars",820193,1176495,1214057,1204613,1573681,1330974,1501327,1386905,1289872,1522733,1523978,1772753,1880152,2024371,2063344,2163649,2391271,2004058,2515906,2707453,3049334,2778362
 "48424","West Palm Beach-Boca Raton-Boynton Beach, FL (Metropolitan Division)", ,CAGDP2,65,"56","   Administrative and support and waste management and remediation services ","Thousands of dollars",2167684,2287375,2536975,2596150,3219107,3275881,3483968,2653541,2416219,2589633,2480119,2679485,2774389,3067480,3288066,3623815,3858204,4057701,4204487,4298640,5319323,6159167
 "48424","West Palm Beach-Boca Raton-Boynton Beach, FL (Metropolitan Division)", ,CAGDP2,68,"61,62","  Educational services, health care, and social assistance ","Thousands of dollars",3338999,3655442,3960710,4284161,4532602,4846906,5124813,5448262,5655812,5782953,5850390,6028350,6348085,6701561,7177097,7466291,7721760,8150342,8517915,8362954,9163485,9790735
 "48424","West Palm Beach-Boca Raton-Boynton Beach, FL (Metropolitan Division)", ,CAGDP2,69,"61","   Educational services ","Thousands of dollars",270428,290981,335760,382872,407510,442937,452490,501538,535059,563835,555449,592178,604095,646283,664801,714702,735682,788197,873399,804105,877597,959764
 "48424","West Palm Beach-Boca Raton-Boynton Beach, FL (Metropolitan Division)", ,CAGDP2,70,"62","   Health care and social assistance ","Thousands of dollars",3068571,3364461,3624950,3901289,4125092,4403970,4672322,4946724,5120753,5219118,5294940,5436172,5743991,6055279,6512296,6751588,6986078,7362145,7644516,7558849,8285888,8830971
 "48424","West Palm Beach-Boca Raton-Boynton Beach, FL (Metropolitan Division)", ,CAGDP2,75,"71,72","  Arts, entertainment, recreation, accommodation, and food services ","Thousands of dollars",2116775,2165638,2321767,2620856,2857166,3140559,3323239,3318560,3212776,3302352,3417164,3564727,3652692,3854539,4182077,4560434,4854269,5040677,5168733,4008446,5466421,6737221
 "48424","West Palm Beach-Boca Raton-Boynton Beach, FL (Metropolitan Division)", ,CAGDP2,76,"71","   Arts, entertainment, and recreation ","Thousands of dollars",553962,570924,628161,716441,763725,856045,958681,952903,949338,942632,987417,1099049,1075897,1143948,1171114,1248785,1353295,1423474,1450194,1260788,1493343,1912536
 "48424","West Palm Beach-Boca Raton-Boynton Beach, FL (Metropolitan Division)", ,CAGDP2,79,"72","   Accommodation and food services ","Thousands of dollars",1562813,1594714,1693607,1904415,2093441,2284515,2364558,2365657,2263438,2359721,2429748,2465679,2576795,2710591,3010963,3311650,3500974,3617203,3718539,2747658,3973078,4824684
 "48424","West Palm Beach-Boca Raton-Boynton Beach, FL (Metropolitan Division)", ,CAGDP2,82,"81","  Other services (except government and government enterprises) ","Thousands of dollars",1588729,1781034,1720456,1690731,1808608,1909876,1916036,1884250,1785662,1760592,1779774,1882126,1996643,2179272,2308161,2407410,2547905,2737201,2859899,2703766,2983004,3393185
 "48424","West Palm Beach-Boca Raton-Boynton Beach, FL (Metropolitan Division)", ,CAGDP2,83,"92","Government and government enterprises ","Thousands of dollars",3759575,4020697,4311456,4618231,4530305,4795363,5359840,5654868,5936585,5879421,5688978,5823907,6005750,6160573,6316749,6378997,6652951,6702374,6829180,7288014,7639776,8124820
 "48424","West Palm Beach-Boca Raton-Boynton Beach, FL (Metropolitan Division)", ,CAGDP2,87,"11,21","Natural resources and mining ","Thousands of dollars",904827,942688,(D),(D),1027278,1000316,1158717,834013,700057,691355,441979,402901,743070,538571,745907,762032,801698,892599,836798,909355,1140915,1260476
 "48424","West Palm Beach-Boca Raton-Boynton Beach, FL (Metropolitan Division)", ,CAGDP2,88,"42,44-45","Trade ","Thousands of dollars",5693758,5884058,6265097,7001000,7747751,8327413,8227423,8099342,7511790,7844062,7938906,8423402,8859274,9281126,9987396,10390538,11015944,11717071,12141819,12300888,14249822,15316874
 "48424","West Palm Beach-Boca Raton-Boynton Beach, FL (Metropolitan Division)", ,CAGDP2,89,"22,48-49","Transportation and utilities ","Thousands of dollars",1195621,906814,(D),(D),923277,1035036,967726,1056496,1112279,1783074,2497091,2714202,2680466,2874679,3153660,3111082,3548355,3839209,4066285,3853981,4744303,5778951
 "48424","West Palm Beach-Boca Raton-Boynton Beach, FL (Metropolitan Division)", ,CAGDP2,90,"31-33,51","Manufacturing and information ","Thousands of dollars",4115892,4307955,4585934,4691769,4834390,4641707,4969290,4562027,4281594,4459399,4369998,4275451,4441510,4561313,5043864,5380020,5636923,5635484,5753626,5616092,6231946,6910993
 "48424","West Palm Beach-Boca Raton-Boynton Beach, FL (Metropolitan Division)", ,CAGDP2,91,"...","Private goods-producing industries 2/","Thousands of dollars",6352653,6641751,(D),(D),7825246,8574509,8713283,6511450,4984423,5113066,4858786,4493048,4610110,5101882,6110679,6863622,7228726,7744214,8063977,8173264,9368751,10287422
 "48424","West Palm Beach-Boca Raton-Boynton Beach, FL (Metropolitan Division)", ,CAGDP2,92,"...","Private services-providing industries 3/","Thousands of dollars",32154003,34325432,(D),(D),44833772,46508642,48023281,46696593,44937498,47050438,48982009,51252150,54531794,57117226,61716681,64570546,68831749,72867258,76116199,78025403,90670373,99131089
 "48864","Wilmington, DE-MD-NJ (Metropolitan Division)", ,CAGDP2,1,"...","All industry total ","Thousands of dollars",41479004,41137962,43065634,46569678,46684335,50016861,49783920,48366255,50877568,51923616,54763168,55422182,54820568,60234526,62462910,59853426,59321666,62361124,65824939,65591307,70496261,76047601
 "48864","Wilmington, DE-MD-NJ (Metropolitan Division)", ,CAGDP2,2,"..."," Private industries ","Thousands of dollars",38610827,37976721,39782485,43105744,42934272,46229284,45704400,44070935,46377369,47429564,50190868,50827128,50133198,55511237,57582955,54852936,54067874,56806286,60163168,59813923,64439199,69620789
 "48864","Wilmington, DE-MD-NJ (Metropolitan Division)", ,CAGDP2,3,"11","  Agriculture, forestry, fishing and hunting ","Thousands of dollars",93690,(D),(D),(D),(D),(D),(D),(D),121482,(D),(D),(D),(D),(D),(D),(D),(D),(D),145439,(D),193275,178452
 "48864","Wilmington, DE-MD-NJ (Metropolitan Division)", ,CAGDP2,6,"21","  Mining, quarrying, and oil and gas extraction ","Thousands of dollars",24636,27962,25320,31522,(D),41981,43361,28666,13585,28205,(D),20668,18616,18960,23406,19629,(D),20297,33183,30542,(D),(D)
 "48864","Wilmington, DE-MD-NJ (Metropolitan Division)", ,CAGDP2,10,"22","  Utilities ","Thousands of dollars",(D),(D),(D),2999426,(D),3482372,(D),(D),4306390,4264873,4249250,4136092,(D),(D),(D),(D),(D),(D),(D),(D),(D),(D)
 "48864","Wilmington, DE-MD-NJ (Metropolitan Division)", ,CAGDP2,11,"23","  Construction ","Thousands of dollars",1315423,(D),(D),(D),(D),(D),(D),(D),(D),(D),(D),(D),(D),(D),(D),(D),1989597,1958434,(D),(D),(D),(D)
 "48864","Wilmington, DE-MD-NJ (Metropolitan Division)", ,CAGDP2,12,"31-33","  Manufacturing ","Thousands of dollars",3757185,3168836,3552892,4945246,4666792,(D),(D),3580879,(D),(D),(D),(D),(D),(D),(D),(D),3701790,4163422,(D),(D),(D),(D)
 "48864","Wilmington, DE-MD-NJ (Metropolitan Division)", ,CAGDP2,13,"321,327-339","   Durable goods manufacturing ","Thousands of dollars",(D),(D),(D),(D),(D),(D),(D),(D),(D),(D),(D),(D),(D),(D),(D),(D),1374776,1541003,(D),(D),(D),(D)
 "48864","Wilmington, DE-MD-NJ (Metropolitan Division)", ,CAGDP2,25,"311-316,322-326","   Nondurable goods manufacturing ","Thousands of dollars",(D),(D),(D),(D),(D),(D),(D),(D),(D),(D),(D),(D),(D),(D),(D),(D),2327014,2622419,(D),(D),(D),(D)
 "48864","Wilmington, DE-MD-NJ (Metropolitan Division)", ,CAGDP2,34,"42","  Wholesale trade ","Thousands of dollars",(D),1335675,1570442,1772314,1835757,2133690,2112643,2105225,1979905,2050042,2095248,2112056,2041055,2091513,(D),(D),(D),(D),(D),(D),(D),(D)
 "48864","Wilmington, DE-MD-NJ (Metropolitan Division)", ,CAGDP2,35,"44-45","  Retail trade ","Thousands of dollars",1499385,1578711,1688539,1769407,1823873,1866723,1847726,1778050,1726315,1775532,1792158,1876296,1978411,1975787,2062541,2141384,2195948,2251131,2283594,2363610,2761169,2915775
 "48864","Wilmington, DE-MD-NJ (Metropolitan Division)", ,CAGDP2,36,"48-49","  Transportation and warehousing ","Thousands of dollars",576962,553398,585882,683881,715641,758444,770006,832980,814775,863531,844526,832544,917760,1107607,1244374,1243835,1230710,1308451,1576091,1490943,1826395,2217016
 "48864","Wilmington, DE-MD-NJ (Metropolitan Division)", ,CAGDP2,45,"51","  Information ","Thousands of dollars",849770,942448,920228,993884,954710,980369,1004410,1188487,1223354,1580771,1763016,1820757,1398872,1131257,1022459,985258,845890,853449,895682,857325,925145,1023390
 "48864","Wilmington, DE-MD-NJ (Metropolitan Division)", ,CAGDP2,50,"52,53","  Finance, insurance, real estate, rental, and leasing ","Thousands of dollars",18605214,18226154,18571059,18811725,18330056,20076527,20007410,17930325,20305316,20698455,22163272,22321686,21682555,26516678,27697405,25974604,24164031,25630737,27442706,27453348,27932396,(D)
 "48864","Wilmington, DE-MD-NJ (Metropolitan Division)", ,CAGDP2,51,"52","   Finance and insurance ","Thousands of dollars",11277264,11149050,12288355,13199720,13478359,15337624,14857979,11072197,13463420,14296319,15345877,15754644,14840634,19970135,20958035,18904728,17324125,16328505,17885426,17240620,17009725,17973961
 "48864","Wilmington, DE-MD-NJ (Metropolitan Division)", ,CAGDP2,56,"53","   Real estate and rental and leasing ","Thousands of dollars",7327950,7077104,6282704,5612005,4851697,4738903,5149431,6858127,6841896,6402136,6817394,6567043,6841921,6546543,6739370,7069876,6839906,9302232,9557280,10212728,10922671,(D)
 "48864","Wilmington, DE-MD-NJ (Metropolitan Division)", ,CAGDP2,59,"54,55,56","  Professional and business services ","Thousands of dollars",4483944,4502491,4715361,5217050,5328808,5580787,(D),(D),5606373,5960367,6462416,6949376,(D),(D),(D),(D),(D),7603285,(D),(D),(D),9033188
 "48864","Wilmington, DE-MD-NJ (Metropolitan Division)", ,CAGDP2,60,"54","   Professional, scientific, and technical services ","Thousands of dollars",2598200,(D),2741709,(D),(D),(D),(D),(D),(D),(D),(D),(D),4457205,4677921,4876347,4010608,4319794,4454876,(D),(D),4835830,5100845
 "48864","Wilmington, DE-MD-NJ (Metropolitan Division)", ,CAGDP2,64,"55","   Management of companies and enterprises ","Thousands of dollars",(D),(D),(D),(D),(D),(D),(D),(D),(D),(D),(D),(D),1133080,(D),(D),(D),1760449,1584974,(D),(D),(D),(D)
 "48864","Wilmington, DE-MD-NJ (Metropolitan Division)", ,CAGDP2,65,"56","   Administrative and support and waste management and remediation services ","Thousands of dollars",(D),712278,(D),874134,(D),1094805,1171010,1101556,1021010,1064914,1149481,1194080,(D),1313804,(D),(D),(D),1563436,1586032,(D),1714725,(D)
 "48864","Wilmington, DE-MD-NJ (Metropolitan Division)", ,CAGDP2,68,"61,62","  Educational services, health care, and social assistance ","Thousands of dollars",2018036,2159641,2359791,2555759,2715644,2917452,3060839,3358859,3564735,3645877,3824815,3947713,4063845,4272525,4445624,4626248,4764258,4943182,5124278,4936352,5306127,5737096
 "48864","Wilmington, DE-MD-NJ (Metropolitan Division)", ,CAGDP2,69,"61","   Educational services ","Thousands of dollars",203599,214604,237963,274322,285827,323461,334725,358988,396888,406846,411888,436819,429043,464307,438474,444725,437936,448080,459171,403985,418794,462292
 "48864","Wilmington, DE-MD-NJ (Metropolitan Division)", ,CAGDP2,70,"62","   Health care and social assistance ","Thousands of dollars",1814436,1945037,2121828,2281437,2429818,2593991,2726114,2999871,3167847,3239031,3412927,3510894,3634802,3808218,4007150,4181523,4326322,4495103,4665107,4532367,4887333,5274804
 "48864","Wilmington, DE-MD-NJ (Metropolitan Division)", ,CAGDP2,75,"71,72","  Arts, entertainment, recreation, accommodation, and food services ","Thousands of dollars",849399,913622,988710,1043277,1009442,1064284,1020590,1025197,1021459,1081721,1151959,1130801,1160764,1193668,1257068,1305477,1335584,1390793,1445538,1117792,(D),(D)
 "48864","Wilmington, DE-MD-NJ (Metropolitan Division)", ,CAGDP2,76,"71","   Arts, entertainment, and recreation ","Thousands of dollars",242630,303643,291551,277218,249151,265665,255735,260622,280862,310915,345752,326463,326160,312165,316045,318310,331183,337918,345333,278387,(D),(D)
 "48864","Wilmington, DE-MD-NJ (Metropolitan Division)", ,CAGDP2,79,"72","   Accommodation and food services ","Thousands of dollars",606769,609979,697159,766059,760291,798619,764854,764575,740596,770806,806207,804338,834603,881504,941023,987168,1004401,1052875,1100206,839404,1150934,1322385
 "48864","Wilmington, DE-MD-NJ (Metropolitan Division)", ,CAGDP2,82,"81","  Other services (except government and government enterprises) ","Thousands of dollars",541837,566862,610137,637890,702087,749949,736260,719483,681623,673732,678360,688727,684645,724722,761453,792954,809828,824815,850796,788296,871550,972224
 "48864","Wilmington, DE-MD-NJ (Metropolitan Division)", ,CAGDP2,83,"92","Government and government enterprises ","Thousands of dollars",2868177,3161241,3283148,3463934,3750064,3787578,4079520,4295320,4500199,4494051,4572301,4595054,4687370,4723289,4879955,5000490,5253793,5554838,5661771,5777384,6057063,6426812
 "48864","Wilmington, DE-MD-NJ (Metropolitan Division)", ,CAGDP2,87,"11,21","Natural resources and mining ","Thousands of dollars",118326,(D),(D),(D),(D),(D),(D),(D),135067,(D),(D),(D),(D),(D),(D),(D),(D),(D),178621,(D),(D),(D)
 "48864","Wilmington, DE-MD-NJ (Metropolitan Division)", ,CAGDP2,88,"42,44-45","Trade ","Thousands of dollars",(D),2914386,3258980,3541721,3659631,4000413,3960370,3883275,3706220,3825574,3887406,3988352,4019466,4067300,(D),(D),(D),(D),(D),(D),(D),(D)
 "48864","Wilmington, DE-MD-NJ (Metropolitan Division)", ,CAGDP2,89,"22,48-49","Transportation and utilities ","Thousands of dollars",(D),(D),(D),3683307,(D),4240816,(D),(D),5121165,5128404,5093776,4968636,(D),(D),(D),(D),(D),(D),(D),(D),(D),(D)
 "48864","Wilmington, DE-MD-NJ (Metropolitan Division)", ,CAGDP2,90,"31-33,51","Manufacturing and information ","Thousands of dollars",4606955,4111283,4473120,5939130,5621503,(D),(D),4769366,(D),(D),(D),(D),(D),(D),(D),(D),4547679,5016871,(D),(D),(D),(D)
 "48864","Wilmington, DE-MD-NJ (Metropolitan Division)", ,CAGDP2,91,"...","Private goods-producing industries 2/","Thousands of dollars",5190934,(D),(D),6621132,(D),6618687,5922338,5510840,5147125,4834664,5165848,5011079,5016928,4984264,5848080,(D),(D),(D),(D),(D),(D),7641663
 "48864","Wilmington, DE-MD-NJ (Metropolitan Division)", ,CAGDP2,92,"...","Private services-providing industries 3/","Thousands of dollars",33419893,(D),(D),36484611,(D),39610596,39782062,38560096,41230245,42594900,45025020,45816049,45116270,50526973,51734875,(D),(D),(D),(D),(D),(D),61979126
"Note: See the included footnote file."
"CAGDP2: Gross domestic product (GDP) by county and metropolitan area 1."
"Last updated: November 1, 2024 -- revised statistics for 2001-2016."
"U.S. Bureau of Economic Analysis"
